date,strategy,buy_and_hold
2005-12-02,0.9999152423264158,1.0007814355556481
2005-12-05,1.0011311569115522,0.999564467664255
2005-12-06,1.000876563817134,0.9998186623410825
2005-12-07,1.0013963873805962,0.9992993882181156
2005-12-08,1.0005377735078125,1.0001562040890344
2005-12-09,1.0001720554233935,1.0005217827016208
2005-12-12,1.000775843111087,0.999917783889228
2005-12-13,1.0000396719774551,1.000653323834133
2005-12-14,1.0002353941130577,1.0004574815980432
2005-12-15,1.0000304981712207,1.0006624230339956
2005-12-16,0.9990284699441088,1.0016650844483461
2005-12-19,0.9990284699441088,1.0015408121136609
2005-12-20,0.9990284699441088,1.0016578042912547
2005-12-21,0.9990284699441088,1.0014639544923438
2005-12-22,0.9990284699441088,1.0028839888651948
2005-12-23,0.9982878989869891,1.0036274178843452
2005-12-26,0.9980123582226557,1.0039044324270543
2005-12-27,0.9979826162235607,1.003934350017227
2005-12-28,0.9981321156294941,1.0037839590319697
2005-12-29,0.9980145744172598,1.0039021658119325
2005-12-30,0.9971583729699451,1.0047634182518903
2006-01-02,0.9971390624091188,1.0047828760889104
2006-01-03,0.997323616928269,1.0045969068218967
2006-01-04,0.9971045530542166,1.0048175682867755
2006-01-05,0.9976559341245337,1.0042619220563191
2006-01-06,0.9976091866116941,1.0043089791082442
2006-01-09,0.9974553253755197,1.0044638736532228
2006-01-10,0.9971082784998188,1.0048133590288957
2006-01-11,0.99597616360453,1.0059542222583666
2006-01-12,0.9960708682130079,1.0058585688639912
2006-01-13,0.9960770037154119,1.0058523730722417
2006-01-16,0.9960104505406724,1.0059195793911282
2006-01-17,0.995329506989945,1.0066072975267812
2006-01-18,0.9947346023309965,1.00720894287822
2006-01-19,0.9948977497690403,1.007043749510843
2006-01-20,0.9946707259216302,1.0072735449311034
2006-01-23,0.9947661705473368,1.0071768909892764
2006-01-24,0.9945166344094135,1.007429540344496
2006-01-25,0.9943813116083478,1.0075666201906834
2006-01-26,0.9943862993389397,1.007561566323725
2006-01-27,0.993806740048366,1.0081488045700444
2006-01-31,0.9936150358670842,1.0085272453642198
2006-02-01,0.992972830609774,1.0091790888606784
2006-02-02,0.9925316475820143,1.0096274724138334
2006-02-03,0.9923463793452099,1.0098159317965636
2006-02-06,0.9916296121856404,1.0105453171323568
2006-02-07,0.991862778715563,1.010307702863854
2006-02-08,0.9912811226251034,1.0109001755740106
2006-02-09,0.9911303175977507,1.0110539652761936
2006-02-10,0.9908873399349077,1.0113018272627854
2006-02-13,0.991291965191652,1.0108888658240724
2006-02-14,0.9909678671915102,1.0112193709338517
2006-02-15,0.9909881636098562,1.0111986597361715
2006-02-16,0.9903752859517757,1.0118240365965525
2006-02-17,0.990114136224447,1.0120908420944381
2006-02-20,0.990345896462629,1.0118539376749942
2006-02-21,0.9902593432873322,1.0119423705867225
2006-02-22,0.9903992638833292,1.0117993862457346
2006-02-23,0.9897496006115994,1.0124630871627014
2006-02-24,0.9903418127475389,1.0118572845162157
2006-02-27,0.9909677180756113,1.0112177812078875
2006-02-28,0.9907515605672336,1.011438355815946
2006-03-01,0.9900574446281105,1.0121469648276848
2006-03-02,0.9905746394460541,1.0116182306940782
2006-03-03,0.9908388653633573,1.0113483916084387
2006-03-06,0.9902792535490099,1.011919586913901
2006-03-07,0.9898482972745439,1.0123599607717524
2006-03-08,0.9897945569889153,1.0124149232479225
2006-03-09,0.9892012465294289,1.0130217929857501
2006-03-10,0.9885940469039598,1.013643614334491
2006-03-13,0.9881641737748559,1.0140843798374342
2006-03-14,0.9877557834704082,1.0145034824922445
2006-03-15,0.9877763625550654,1.0144823461411336
2006-03-16,0.9878043940264436,1.0144535567977888
2006-03-17,0.9885515557319526,1.0136862380307936
2006-03-20,0.9880151802196361,1.0142362513023313
2006-03-21,0.9883152548711737,1.013928212928246
2006-03-22,0.9880099471279176,1.0142414329589873
2006-03-23,0.9881519683720441,1.014095641076454
2006-03-24,0.9882308143973064,1.0140147249693228
2006-03-27,0.9877569215139951,1.0145009821824507
2006-03-28,0.988016266749549,1.0142346150323318
2006-03-30,0.9878835829676732,1.0147425819774138
2006-03-31,0.987681305764039,1.0149503587796909
2006-04-03,0.9885315767629077,1.014076612511208
2006-04-04,0.9880548420434501,1.0145656667212488
2006-04-05,0.9872555460197864,1.0153864089196059
2006-04-06,0.9867175293064039,1.015939755883057
2006-04-07,0.9864451147318172,1.016220238177315
2006-04-10,0.9861839944634682,1.016489240169754
2006-04-11,0.9864585788752286,1.0162062178314886
2006-04-12,0.9869080568636599,1.0157431853875485
2006-04-13,0.9861933362276636,1.0164787884768334
2006-04-14,0.9855917154074989,1.0170988847398468
2006-04-17,0.9858280815834537,1.0168549624643286
2006-04-18,0.9850137544458007,1.0176949188486728
2006-04-19,0.9852905653257249,1.0174089238311317
2006-04-20,0.9854010294397944,1.0172948588239423
2006-04-21,0.9845620936312761,1.0181609479180183
2006-04-24,0.9849651320973787,1.017744155488827
2006-04-25,0.9856730970407767,1.017012629915023
2006-04-26,0.9849863177945223,1.0177212453469562
2006-04-27,0.9846654757710199,1.0180527501991754
2006-04-28,0.9840715072618555,1.0186668585325795
2006-05-01,0.9839067708753676,1.0188373862798736
2006-05-02,0.9841485946715458,1.0185869772657967
2006-05-03,0.9848594912251928,1.0178512042578907
2006-05-04,0.9843437071232661,1.0183842665616616
2006-05-05,0.9838489043724198,1.0188961805738779
2006-05-08,0.9830139918063113,1.0197608349135234
2006-05-09,0.9821152986388066,1.0206931228590304
2006-05-10,0.9818030933166548,1.021017591712822
2006-05-11,0.9822629438727818,1.0205393741246307
2006-05-12,0.981408657283783,1.021426950212376
2006-05-15,0.9814310866363084,1.0214036062720355
2006-05-16,0.9812019080686535,1.0216421190098837
2006-05-17,0.9815364325010763,1.0212938071617403
2006-05-18,0.98244672009167,1.020346648148355
2006-05-19,0.9819108131706088,1.0209032287948587
2006-05-22,0.9814723411256012,1.021359112893985
2006-05-23,0.9817483428874134,1.0210718944948618
2006-05-24,0.9817689365620121,1.0210504759485617
2006-05-25,0.9823316053030305,1.0204652942785957
2006-05-29,0.9819677701474235,1.0210704723401829
2006-05-30,0.9816503269408907,1.021400556376227
2006-05-31,0.9815995600574131,1.0214533789767053
2006-06-01,0.9814554878409132,1.0216033006538827
2006-06-02,0.9813457366475704,1.0217175413736694
2006-06-05,0.9813724529835763,1.02168972594826
2006-06-06,0.9814532490315399,1.0216056105934315
2006-06-07,0.9815690522351074,1.0214850697499362
2006-06-08,0.981616578424045,1.0214356108837348
2006-06-09,0.9810435861928384,1.0220318464023463
2006-06-12,0.9805957428825955,1.0224984007244053
2006-06-13,0.9803903380053466,1.0227125829294705
2006-06-14,0.9797962968387741,1.0233322681224803
2006-06-15,0.9797925480650874,1.0233361834680392
2006-06-16,0.9790518186869841,1.0241098321105686
2006-06-19,0.9790518186869841,1.0241507383130861
2006-06-20,0.9790518186869841,1.024239642112987
2006-06-21,0.9790518186869841,1.024786185681798
2006-06-22,0.9790518186869841,1.025261357028881
2006-06-23,0.9790518186869841,1.0259026661414745
2006-06-26,0.9791230464976246,1.0258280298459845
2006-06-27,0.979108863741554,1.0258428891313112
2006-06-28,0.9796433488503207,1.0252828924154407
2006-06-29,0.9790198280264962,1.0259354617759964
2006-06-30,0.9789044930332118,1.0260563237403884
2006-07-03,0.9784551988907141,1.0265272594643635
2006-07-04,0.9786701999598546,1.02630169527038
2006-07-05,0.9781411155212348,1.0268565300413977
2006-07-06,0.9779361101959915,1.0270717454674532
2006-07-07,0.9777548393779936,1.0272621240959774
2006-07-10,0.9778857167538691,1.027124619922412
2006-07-11,0.9772671736166972,1.027774308197625
2006-07-12,0.9767046834925678,1.0283658689435524
2006-07-13,0.9766847549222901,1.0283868516027297
2006-07-14,0.9757842863819203,1.0293349876338609
2006-07-17,0.9754031834942395,1.0297370053150767
2006-07-18,0.9745966215040722,1.030588496003656
2006-07-19,0.9748889956358602,1.0302793245884252
2006-07-20,0.9737807909858627,1.0314504941712355
2006-07-21,0.9732492342497115,1.032013531009976
2006-07-24,0.9732079396141595,1.0320573189947473
2006-07-26,0.9730513113844272,1.032027606738146
2006-07-27,0.9726960768828424,1.032404371877057
2006-07-28,0.973710723363352,1.0313274420042187
2006-07-31,0.9729965126999626,1.0320839141666913
2006-08-01,0.9719490025405035,1.033195036736395
2006-08-02,0.9720122870615884,1.0331277644279546
2006-08-03,0.9715661194619554,1.0336019849094287
2006-08-04,0.9708399354511087,1.0343745367923989
2006-08-07,0.9712949742696284,1.0338897189043603
2006-08-08,0.9712408896276842,1.0339472890110097
2006-08-09,0.971050791409277,1.0341496605747145
2006-08-10,0.9706526719038316,1.0345736498810072
2006-08-11,0.9708694286746165,1.0343426188953844
2006-08-14,0.9709918121551612,1.034212234266888
2006-08-15,0.9706963074798711,1.0345269789914493
2006-08-16,0.9711889115899542,1.0340019824112459
2006-08-17,0.9706053797849419,1.034623254993729
2006-08-18,0.9695780791507448,1.0357183129319465
2006-08-21,0.9693495078787983,1.0359624763028559
2006-08-22,0.9694367514499106,1.0358692374192162
2006-08-23,0.9693549441105519,1.035956650761149
2006-08-24,0.96909172215964,1.0362379579668637
2006-08-25,0.9692756945673006,1.0360412385153637
2006-08-28,0.9687830305941539,1.0365678381152212
2006-08-29,0.9692131450481073,1.0361076289707618
2006-08-30,0.9689714226330018,1.0363660349154846
2006-08-31,0.9694747900245491,1.0358276569453007
2006-09-01,0.9695340812818447,1.0357643076712877
2006-09-04,0.9696807809861284,1.0356075867054375
2006-09-05,0.970093352075188,1.0351669656698728
2006-09-06,0.9697616328309242,1.035520936556081
2006-09-07,0.9697175439467289,1.0355680150969386
2006-09-08,0.9697597376619297,1.035522956139129
2006-09-11,0.9697597376619297,1.0357211912681001
2006-09-12,0.9697597376619297,1.0355489081415623
2006-09-13,0.9697597376619297,1.0357647387541096
2006-09-14,0.9702076097210165,1.0352863830663455
2006-09-15,0.9696679950300446,1.0358621935795471
2006-09-18,0.970395486585335,1.0350850399536298
2006-09-19,0.9700779029245539,1.035423794719859
2006-09-20,0.9692449403683879,1.0363128668739248
2006-09-22,0.9685872913988833,1.0374376103494627
2006-09-25,0.9687723611231224,1.0372393852703528
2006-09-26,0.968147100767983,1.0379088352798955
2006-09-27,0.967947044809138,1.0381233066624684
2006-09-28,0.9672091321506419,1.0389147180657825
2006-09-29,0.9669174696214712,1.0392280034600072
2006-10-02,0.965791047206825,1.0404386649216142
2006-10-03,0.9651508150120948,1.0411283817416774
2006-10-04,0.9652329450304518,1.0410397863721512
2006-10-05,0.9654024982982707,1.0408569168393427
2006-10-06,0.9653090725101968,1.0409576446475879
2006-10-09,0.9649227802184054,1.0413742095858654
2006-10-10,0.9647744383553041,1.0415343046666352
2006-10-11,0.9649004476694582,1.041398269736416
2006-10-12,0.9644823272101677,1.0418495390087001
2006-10-13,0.9649892026922984,1.0413020038465781
2006-10-16,0.9654001748652427,1.040858531374536
2006-10-17,0.9653001769266186,1.0409663454295222
2006-10-18,0.9653001769266186,1.0412107085760953
2006-10-19,0.9653001769266186,1.0411295561951999
2006-10-20,0.9653001769266186,1.0424145883121907
2006-10-23,0.9653001769266186,1.0425708609956186
2006-10-24,0.9653001769266186,1.0429273985795435
2006-10-25,0.9653001769266186,1.0434939028085313
2006-10-26,0.9653001769266186,1.0436280957335626
2006-10-27,0.9659466343024061,1.0429291824875149
2006-10-30,0.9662618088746816,1.0425888896107334
2006-10-31,0.9663960822383693,1.042444009707724
2006-11-01,0.9667689108066844,1.0420418424030018
2006-11-02,0.9672686988410021,1.0415031407150703
2006-11-03,0.9673314537814557,1.0414355695555195
2006-11-06,0.9666821516309716,1.0421346126314577
2006-11-07,0.9662804554084844,1.0425676624571019
2006-11-08,0.9664770159117283,1.0423555836312794
2006-11-09,0.9663322739932126,1.0425116893062891
2006-11-10,0.9664062030304805,1.0424319321796722
2006-11-13,0.9663372837809517,1.0425062732033799
2006-11-14,0.9663372837809517,1.0423072824363122
2006-11-15,0.9663372837809517,1.0424841230352424
2006-11-16,0.9663372837809517,1.0422542177868341
2006-11-17,0.966094919336349,1.0425156227526453
2006-11-21,0.9653040687922398,1.0424681795461341
2006-11-22,0.9655306926431583,1.0422234399237225
2006-11-23,0.965104915050752,1.0426830373144436
2006-11-24,0.9645313958043674,1.0433026578141975
2006-11-27,0.9639537582730727,1.043927469794683
2006-11-28,0.9636952495812465,1.0442074254691767
2006-11-29,0.9638615139512454,1.044027270498174
2006-11-30,0.9638128548485356,1.0440799766488518
2006-12-01,0.9635746422869327,1.0443380277471586
2006-12-04,0.9633331850728796,1.044599723042617
2006-12-05,0.9639725130259814,1.0439064615489906
2006-12-06,0.9645088224961748,1.0433256805477074
2006-12-07,0.96392858351115,1.0439533349763777
2006-12-08,0.9636780274573635,1.0442246920379104
2006-12-11,0.9633240280787547,1.0446082795864244
2006-12-12,0.9632639425324853,1.044673435086845
2006-12-13,0.9623084584237345,1.0457096711816325
2006-12-14,0.9619725076631155,1.0460747380750437
2006-12-15,0.9612620099422114,1.0468473523767798
2006-12-18,0.9611517294124006,1.0469674516623617
2006-12-19,0.961496902193769,1.0465914603841548
2006-12-20,0.9612313470143404,1.0468805177720848
2006-12-21,0.961767051037574,1.0462970805933482
2006-12-22,0.9610901218530075,1.047033505311596
2006-12-25,0.9603517483021703,1.047837906303328
2006-12-26,0.9603818897997516,1.0478050189745194
2006-12-27,0.9606298211078244,1.0475345185915794
2006-12-28,0.9612475754442661,1.0468608782597748
2006-12-29,0.960709813435161,1.0474465359233442
2007-01-01,0.9610735220658574,1.047049990223508
2007-01-02,0.9610254020415588,1.0471024150066433
2007-01-03,0.9609082520700063,1.0472300578534088
2007-01-04,0.961100366137655,1.0470206854958037
2007-01-05,0.9609035070986541,1.0472351433123055
2007-01-08,0.9599718796292456,1.0482504721348485
2007-01-09,0.9604466234780973,1.0477320710501272
2007-01-10,0.960745365165405,1.0474061797001024
2007-01-11,0.9604033232363652,1.0477790743745732
2007-01-12,0.9606136338020722,1.0475496301353289
2007-01-15,0.9607206368347969,1.0474329432766274
2007-01-16,0.9607349923527259,1.047417292064589
2007-01-18,0.9598337866412241,1.0494669971432697
2007-01-19,0.9592348657013331,1.0501218477737242
2007-01-22,0.9597309772264406,1.0495787299513055
2007-01-23,0.959356815444905,1.049987919877211
2007-01-24,0.9590699401001201,1.050301896534994
2007-01-25,0.9588221196765786,1.0505732909870176
2007-01-26,0.9573062519993476,1.0522342143863512
2007-01-29,0.9578196447077907,1.051669912866214
2007-01-30,0.9566002916089109,1.0530087421273773
2007-01-31,0.9560235205603239,1.053643641532798
2007-02-01,0.955661050745586,1.0540431233523693
2007-02-02,0.9550021311562241,1.0547698764846303
2007-02-05,0.9558154864492684,1.0538715510945666
2007-02-06,0.9556113655416213,1.0540966125427254
2007-02-07,0.9557478676934051,1.0539460424877964
2007-02-08,0.9557051815758938,1.0539931143842043
2007-02-09,0.9554839903097275,1.0542370537035628
2007-02-12,0.9556376967811496,1.0540674610581489
2007-02-13,0.9550196836523664,1.0547491289452062
2007-02-14,0.9550196836523664,1.0545616381953464
2007-02-15,0.9549314091152897,1.0546591136108003
2007-02-16,0.9543463640933181,1.0553052574682598
2007-02-19,0.9538965094929842,1.0558027015228402
2007-02-20,0.9541917553597378,1.0554759140981775
2007-02-21,0.9544900537746211,1.0551459523369753
2007-02-22,0.9540169961807952,1.055668896293671
2007-02-23,0.9534245218537399,1.0563244996229917
2007-02-26,0.9532307350859219,1.0565392011602996
2007-02-27,0.9537902759619272,1.055919018817881
2007-02-28,0.9538062131291041,1.055901375150974
2007-03-01,0.9540085349551537,1.0556773968507616
2007-03-02,0.9541838282071041,1.055483422565287
2007-03-05,0.9540504011023613,1.0556310147723795
2007-03-06,0.9538463607190842,1.0558567799485215
2007-03-07,0.9535768692630052,1.0561550925413636
2007-03-08,0.9533529895705355,1.05640305543239
2007-03-09,0.9530564973889399,1.056731596119812
2007-03-12,0.9529321078169074,1.056869517000006
2007-03-13,0.9525095358536415,1.0573381793769487
2007-03-14,0.9525830556710266,1.057256568320118
2007-03-15,0.9523920523455592,1.0574685598301699
2007-03-19,0.9513571516764434,1.0591438398857427
2007-03-20,0.9516851844466079,1.058778641718905
2007-03-21,0.9515982394571182,1.0588753706576135
2007-03-22,0.9521431782422114,1.0582689989409313
2007-03-23,0.9508171682359833,1.0597428059417515
2007-03-26,0.9516449741292107,1.0588201665854475
2007-03-27,0.9515303229049368,1.0589477299433017
2007-03-28,0.9517073442434979,1.0587507248241705
2007-03-29,0.9508403591108653,1.0597152241979946
2007-03-30,0.9505744369820067,1.0600115954297187
2007-04-02,0.95002874570204,1.060620110725087
2007-04-03,0.9496636684126708,1.061027686092491
2007-04-04,0.9504235476066949,1.0601786982984303
2007-04-05,0.9500221941297868,1.0606264001759538
2007-04-06,0.9502557178034711,1.0603656890316182
2007-04-09,0.950466953362438,1.0601299767545591
2007-04-10,0.9503667765369143,1.0602417117868377
2007-04-11,0.950288641837091,1.060328879888602
2007-04-12,0.9502630354086395,1.0603574514556
2007-04-13,0.9507844900739314,1.0597755827315358
2007-04-16,0.9504228629963185,1.060178664135271
2007-04-17,0.9499482837279918,1.0607080483013198
2007-04-18,0.9497408115803603,1.0609397107829102
2007-04-19,0.9497385740344186,1.0609422103083757
2007-04-20,0.9498983418255478,1.060763735517427
2007-04-23,0.9494533179579191,1.0612606994128615
2007-04-24,0.9490671373795576,1.0616923565179976
2007-04-25,0.9496861271997682,1.0609999115528348
2007-04-26,0.948692990356986,1.0621094550874537
2007-04-27,0.948029623503691,1.0628521276003084
2007-04-30,0.9472832959672616,1.0636888480891147
2007-05-01,0.9469548341202974,1.0640576725000654
2007-05-02,0.9469206869639903,1.0640960423803947
2007-05-03,0.9466854936857324,1.0643603393168057
2007-05-04,0.9463729876732315,1.064711690433647
2007-05-07,0.9466100910723628,1.0644449385671158
2007-05-08,0.9464553727754492,1.0646189163322024
2007-05-09,0.9458336112124026,1.0653183039002887
2007-05-10,0.9458615476841894,1.0652868382868994
2007-05-11,0.9459159364325418,1.065225582368512
2007-05-14,0.9448793855895052,1.0663928747598341
2007-05-16,0.9448635295130526,1.0662681442030635
2007-05-17,0.9444061849501486,1.0667842525331206
2007-05-18,0.9448961461642491,1.0662308011518358
2007-05-21,0.944709282257496,1.0664416603598161
2007-05-22,0.94456828278314,1.0666008285995763
2007-05-23,0.9440017648303269,1.0672405372674416
2007-05-24,0.9437650819538789,1.0675081189284439
2007-05-25,0.9430316640921715,1.0683376998664447
2007-05-28,0.9421817869060157,1.069300505117635
2007-05-29,0.942549726757761,1.0688829229962313
2007-05-30,0.9418987003912017,1.0696212086758943
2007-05-31,0.9413110986551445,1.0702884898589773
2007-06-01,0.9403390276431532,1.0713937529510051
2007-06-04,0.9398247055777861,1.0719797559048765
2007-06-05,0.9393500122642315,1.0725211990265286
2007-06-06,0.9397514316502518,1.0720628706126407
2007-06-07,0.9401807518455261,1.0715731046751211
2007-06-08,0.9398287055680954,1.0719743502034467
2007-06-11,0.9404891814399475,1.0712210073981472
2007-06-12,0.9402340405856303,1.0715116138701661
2007-06-13,0.9402299777425868,1.071516243976415
2007-06-14,0.9388501684974783,1.0730887188546063
2007-06-15,0.9395629589421529,1.0722740123010441
2007-06-18,0.9388834667596239,1.073049481152762
2007-06-19,0.9380100098140937,1.0740477546929759
2007-06-20,0.9385580686956982,1.0734202119108434
2007-06-21,0.9395459881806237,1.0722903375021844
2007-06-22,0.9397829585669054,1.072019886604963
2007-06-25,0.9399138230679175,1.0718706081505531
2007-06-26,0.9398282888117466,1.071968150768748
2007-06-27,0.9399882670767383,1.071785679558924
2007-06-28,0.9400508015250042,1.0717143770453947
2007-06-29,0.939620684701844,1.0722047360583777
2007-07-02,0.9395472994280072,1.0722884762733877
2007-07-03,0.9392073921770899,1.072676406320531
2007-07-04,0.9385134735466921,1.073468936435747
2007-07-05,0.9380940725842276,1.0739486460167034
2007-07-06,0.9372918655865534,1.074867028452064
2007-07-09,0.9370211445211047,1.075177485800348
2007-07-10,0.9366611303367542,1.0755905812228428
2007-07-11,0.936192851835861,1.0761283167267908
2007-07-13,0.9365308054359028,1.0760922608878005
2007-07-16,0.9367370797967797,1.0758552476020966
2007-07-17,0.9358314655111382,1.0768953578982772
2007-07-18,0.9354586569682277,1.0773243622693
2007-07-19,0.9356859420189114,1.0770626086146011
2007-07-20,0.9352409397212423,1.077574848153578
2007-07-23,0.9351578634985817,1.0776705677101293
2007-07-24,0.9352999436074891,1.0775068354060948
2007-07-25,0.9348991067627516,1.0779686171511267
2007-07-26,0.9348210321726398,1.0780586396544416
2007-07-27,0.934108162547134,1.0788807384650958
2007-07-30,0.9338628134713073,1.0791641129207776
2007-07-31,0.9344781109607722,1.0784530802510728
2007-08-01,0.9339388394831153,1.079075437243012
2007-08-02,0.9343006638994517,1.0786573843430176
2007-08-03,0.9341757754220297,1.0788015690617014
2007-08-06,0.9344725336835954,1.0784588677343583
2007-08-07,0.9345636206302533,1.0783537458374408
2007-08-08,0.9348406758170964,1.0780340634830876
2007-08-09,0.9348683359779364,1.0780021665017534
2007-08-10,0.9344870200876273,1.0784418640934412
2007-08-13,0.9344963470297727,1.0784311003646174
2007-08-14,0.9346396626794756,1.0782657106824642
2007-08-15,0.9346396626794756,1.0782033579362633
2007-08-16,0.9346396626794756,1.078283895897393
2007-08-17,0.9340828023043533,1.0789263398238966
2007-08-20,0.9338466765974485,1.0791990803604536
2007-08-21,0.9338466765974485,1.0798357464729296
2007-08-22,0.9340563258856752,1.0795933225276255
2007-08-23,0.9333602182417421,1.0803978919559607
2007-08-24,0.9329164196091774,1.0809116047730543
2007-08-27,0.9326642856308622,1.0812037365625586
2007-08-28,0.9327609833418392,1.0810916384281752
2007-08-29,0.9323098384835387,1.0816145257945413
2007-08-30,0.932813940708895,1.0810296941571131
2007-08-31,0.9321885228369761,1.081754485309234
2007-09-03,0.9319164029576295,1.082070265747218
2007-09-04,0.9318242922250863,1.0821772177061328
2007-09-05,0.9323982590332679,1.0815106394587999
2007-09-06,0.9318646053315417,1.0821296369211095
2007-09-07,0.9315860460831593,1.082453114405487
2007-09-11,0.9314443695194765,1.0823474924403065
2007-09-12,0.9314928540239052,1.0822911529706527
2007-09-13,0.9310389567222516,1.0828185311806033
2007-09-14,0.930855942788157,1.083031380361479
2007-09-17,0.9303711181837614,1.0835954636276384
2007-09-18,0.9307074762452272,1.083203710205337
2007-09-19,0.9313269653113476,1.0824827179795513
2007-09-20,0.9305251499072034,1.0834146692172197
2007-09-21,0.9297257713189331,1.0843453893475425
2007-09-24,0.9294128090196238,1.0847103993717504
2007-09-25,0.930110757926906,1.083895828676563
2007-09-26,0.9297907135910038,1.0842687893349785
2007-09-27,0.930288629589279,1.0836881481554648
2007-09-28,0.9304363593979641,1.0835160585074681
2007-10-01,0.9304363593979641,1.083742752454164
2007-10-02,0.9301376950513278,1.0840906272097175
2007-10-03,0.930567924097883,1.0835891882513726
2007-10-04,0.9296635123839632,1.0846423201394952
2007-10-05,0.9291662588594538,1.0852224679126807
2007-10-08,0.9287751011110593,1.08567932175666
2007-10-09,0.9279202911177793,1.086678540547759
2007-10-10,0.9271771427447616,1.0875488344696953
2007-10-11,0.9263933301564797,1.088468221313406
2007-10-12,0.9263509783164049,1.0885179827166187
2007-10-15,0.9256390872678982,1.0893544974137184
2007-10-16,0.9257891679674806,1.0891778723259127
2007-10-17,0.9248506366700314,1.0902820411334946
2007-10-18,0.9253562388483754,1.0896860000505892
2007-10-19,0.9255698984814452,1.0894343975853356
2007-10-22,0.9247565683435791,1.0903917211005427
2007-10-23,0.9251008944143662,1.089985722041117
2007-10-24,0.9252599871032688,1.0897982735580034
2007-10-25,0.9250429172346354,1.0900539447978446
2007-10-26,0.9253508900842358,1.0896910351280953
2007-10-29,0.9256328701989759,1.0893589760071616
2007-10-30,0.924977804537843,1.0901299097983048
2007-10-31,0.924947436744596,1.0901656996729925
2007-11-01,0.925412122882033,1.0896180092118672
2007-11-02,0.9254182502755741,1.0896107945685891
2007-11-05,0.925445231587487,1.0895790260912512
2007-11-06,0.9251749588561397,1.0898972334679269
2007-11-08,0.9244936113129232,1.0906915830245205
2007-11-09,0.9242506976908735,1.0909781656895918
2007-11-12,0.9239764561137565,1.0913018782640118
2007-11-13,0.9236103995091142,1.0917342250598134
2007-11-14,0.9241112675294093,1.0911421845627762
2007-11-15,0.9246826396450679,1.0904675382941027
2007-11-16,0.9247991877622527,1.090330094447976
2007-11-19,0.9242799504334639,1.0909422706838883
2007-11-20,0.9243164108039207,1.0908992359309246
2007-11-21,0.9248095983336095,1.0903171647992003
2007-11-22,0.9249198895489186,1.09018713543381
2007-11-23,0.9258381315606925,1.089104819397835
2007-11-26,0.9256690623335571,1.0893037030944641
2007-11-27,0.9259193388473561,1.0890091840872158
2007-11-28,0.9257851859111327,1.089166966491676
2007-11-29,0.9258946911411494,1.0890381358719954
2007-11-30,0.9257589350417903,1.089197812313381
2007-12-03,0.9262091887308052,1.0886680682142449
2007-12-04,0.9267608942149482,1.0880195925232747
2007-12-05,0.926507718169667,1.0883168218294992
2007-12-06,0.9259855590374693,1.0889301729717493
2007-12-07,0.9255002713545762,1.0895008561701172
2007-12-10,0.9264201926980421,1.088417922839532
2007-12-11,0.9263671274349334,1.0884802673176672
2007-12-12,0.925504388576969,1.0894939844444207
2007-12-13,0.9256967953550042,1.0892674852188924
2007-12-14,0.9270663265589508,1.0876559577533793
2007-12-17,0.9269186225716873,1.0878292475354896
2007-12-18,0.9274978850277521,1.0871494266468358
2007-12-19,0.9279706102656654,1.0865953305355076
2007-12-20,0.9281443274473385,1.0863919186210014
2007-12-21,0.9285356274605162,1.085933902384193
2007-12-24,0.9286560387402238,1.0857930799030766
2007-12-25,0.9287972220379483,1.0856280071083366
2007-12-26,0.9290162038789987,1.085372049387909
2007-12-27,0.9289394153771849,1.0854617615944724
2007-12-28,0.9293528281566197,1.0849786905174974
2007-12-31,0.9291843000802713,1.0851754396595372
2008-01-01,0.9289938040293098,1.0853979161217824
2008-01-02,0.9292726046024633,1.0850721770697005
2008-01-03,0.9293449737892389,1.0849876746420402
2008-01-07,0.9296341065978223,1.0847108592066466
2008-01-08,0.9304170861764818,1.0837972670250762
2008-01-09,0.9305901117690839,1.0835957179916655
2008-01-10,0.9307872661329949,1.083366147935187
2008-01-11,0.9313819769293478,1.0826739494404043
2008-01-14,0.9321013280697781,1.081837748225934
2008-01-15,0.9326156553956413,1.081240797337327
2008-01-16,0.9328080090352979,1.0810177894974846
2008-01-17,0.9328080090352979,1.08176073697906
2008-01-18,0.9323024658169486,1.0823470063926575
2008-01-21,0.932351569961773,1.0822899994382613
2008-01-22,0.9324318785268089,1.082196775852215
2008-01-23,0.9324994321862891,1.082118371891379
2008-01-24,0.9330988327791138,1.081422797855374
2008-01-25,0.9333081905316778,1.081180160914273
2008-01-28,0.9334869830491535,1.0809730407745637
2008-01-29,0.9340692713585395,1.0802987539598206
2008-01-30,0.9339933306272236,1.0803865832888981
2008-01-31,0.9333761547294631,1.0811004947672829
2008-02-01,0.9333381157954933,1.0811445540783406
2008-02-04,0.9331842827566736,1.0813227486139998
2008-02-05,0.9330842772800478,1.081438629473611
2008-02-06,0.9335031096748955,1.0809532054426934
2008-02-07,0.9342646160042067,1.0800714165133338
2008-02-08,0.9351204860977319,1.079081974327009
2008-02-11,0.9352245049408779,1.078961941817511
2008-02-12,0.9360379779193534,1.0780234437565266
2008-02-13,0.9365435410997615,1.0774411928504346
2008-02-14,0.9368943950169675,1.0770375549558986
2008-02-15,0.9371959175991241,1.0766909298225034
2008-02-18,0.9373274651667297,1.0765398023258708
2008-02-19,0.9375410906712857,1.0762944490560769
2008-02-20,0.9379821715949384,1.075788089436818
2008-02-21,0.9383160569723396,1.075405150482195
2008-02-22,0.9385010291465983,1.0751931536529649
2008-02-25,0.9389187892998541,1.074714546978385
2008-02-26,0.9396940284253614,1.073827185073325
2008-02-27,0.9398325323718445,1.073668910892076
2008-02-28,0.9393679102014858,1.0741996973486445
2008-02-29,0.938320942067494,1.0753969416237088
2008-03-03,0.9391908979319049,1.0743998969730013
2008-03-05,0.9394762979336866,1.0747320139008718
2008-03-06,0.9387557616820335,1.0755562852300484
2008-03-07,0.9385944807525952,1.0757410688813724
2008-03-10,0.9393820919887923,1.0748383725940363
2008-03-11,0.9400524646653722,1.0740713340451096
2008-03-12,0.9401760811081736,1.0739300941860375
2008-03-13,0.939661789120223,1.0745175518486574
2008-03-14,0.9395599802107624,1.0746339718855438
2008-03-17,0.9398541349697924,1.074297528546424
2008-03-18,0.9396861725995831,1.0744895174439464
2008-03-19,0.9399704511086585,1.0741644575601863
2008-03-20,0.9400695225933452,1.0740512422272122
2008-03-21,0.9406575377538703,1.0733794212624521
2008-03-24,0.9411463780435791,1.0728216081517312
2008-03-25,0.9408136403845246,1.0732008989388047
2008-03-26,0.9414058828140336,1.0725253186958579
2008-03-27,0.9418426917002181,1.0720276708710283
2008-03-28,0.9418282710229096,1.0720440848276727
2008-03-31,0.941903876794175,1.0719580259118833
2008-04-01,0.9419426787549524,1.0719138663385963
2008-04-02,0.9420379693187526,1.071805427386872
2008-04-03,0.9422587219710511,1.0715542656518364
2008-04-04,0.9432369808334381,1.0704417713522776
2008-04-07,0.9432369808334381,1.0712790919718462
2008-04-08,0.9432369808334381,1.0713437534426151
2008-04-09,0.9443116475734713,1.0701231296520275
2008-04-10,0.9445810896116716,1.0698177896110361
2008-04-11,0.944516774258251,1.0698906321758421
2008-04-14,0.9452788443601081,1.0690274059365004
2008-04-15,0.9456856400339702,1.0685673557337803
2008-04-16,0.9465344970008023,1.0676081988997912
2008-04-17,0.9467287385543768,1.0673891114013214
2008-04-18,0.9465984170211461,1.0675360423857596
2008-04-21,0.9477244970753809,1.0662660940920679
2008-04-22,0.9475282695975246,1.0664868657477684
2008-04-23,0.9481789639281814,1.065754479201078
2008-04-24,0.9481964957829748,1.065734773371814
2008-04-25,0.9487216566387743,1.065144513664962
2008-04-28,0.9495042120538862,1.0642659265670364
2008-04-29,0.949504112133679,1.0642660385640876
2008-04-30,0.9490241273813561,1.0648040367300755
2008-05-02,0.9488257780362608,1.0649907578946256
2008-05-05,0.9493315271866324,1.0644230897479259
2008-05-06,0.9491554551063264,1.0646205078072346
2008-05-07,0.9489470822160614,1.064854229323614
2008-05-08,0.9491656150984407,1.064609004201572
2008-05-09,0.9487650381656252,1.0650583017770079
2008-05-12,0.9484746685804814,1.065384262921022
2008-05-13,0.9491633465317375,1.0646106980849814
2008-05-14,0.9487115362103339,1.0651174623879112
2008-05-15,0.9486348564461013,1.0652035506800617
2008-05-16,0.9489674504404514,1.064830087380343
2008-05-19,0.9500136220493448,1.0636561851509294
2008-05-20,0.9503723826957962,1.063254508825738
2008-05-21,0.9507249669236706,1.0628600457953994
2008-05-22,0.9502283445862515,1.063415243206487
2008-05-23,0.9498909605559269,1.06379281489513
2008-05-26,0.9508207706701858,1.062751510829886
2008-05-27,0.9506235643171926,1.0629719323394422
2008-05-28,0.9504419010924431,1.0631750652264182
2008-05-29,0.9511829068888521,1.0623461677577515
2008-05-30,0.9518908004464014,1.0615555437856463
2008-06-02,0.9523723522276828,1.061018513736822
2008-06-03,0.9533525746224658,1.0599264680616074
2008-06-04,0.9533708457400559,1.0599061544424382
2008-06-05,0.9536607075669351,1.0595839017370823
2008-06-06,0.9538598455808924,1.0593626454431626
2008-06-09,0.954024847500845,1.0591793932900981
2008-06-10,0.9544815611845668,1.0586723397016105
2008-06-11,0.9546153034958292,1.0585239981397205
2008-06-12,0.9544588240214992,1.05869751021122
2008-06-13,0.954620506779244,1.0585181697003874
2008-06-16,0.9546398756079337,1.0584966928339798
2008-06-17,0.9541918366487974,1.0589934746766665
2008-06-18,0.9537972043135354,1.0594314506180733
2008-06-19,0.9528875013503795,1.0604419043345754
2008-06-20,0.9538218013154403,1.0594021479805833
2008-06-23,0.9535866078434545,1.0596633754646574
2008-06-24,0.9535749511616454,1.0596763288332252
2008-06-25,0.9537129057363573,1.0595230244735643
2008-06-26,0.9541527229561189,1.0590344115292551
2008-06-27,0.9546838117396391,1.0584449447868842
2008-07-01,0.9543146808187982,1.0583569475716283
2008-07-02,0.9544883152758572,1.0581643829620087
2008-07-03,0.9551261826756953,1.0574572307080117
2008-07-04,0.955211654758645,1.0573626012509008
2008-07-07,0.9559778339527242,1.056514486362813
2008-07-08,0.9562418742966406,1.0562226778726742
2008-07-09,0.956677344194405,1.0557416769942218
2008-07-10,0.9568333397074578,1.0555695280815782
2008-07-11,0.9573037562802511,1.0550505689492626
2008-07-14,0.9572804922009883,1.0550762084392378
2008-07-15,0.9571327244072114,1.0552390721817435
2008-07-16,0.9574256834852326,1.0549160847236876
2008-07-17,0.9572773820780152,1.0550794870039473
2008-07-18,0.9568663883516059,1.0555324707034894
2008-07-21,0.9572793188152957,1.0550769614308542
2008-07-22,0.9580429920034756,1.0542352698043096
2008-07-23,0.9582774628173129,1.0539772569554604
2008-07-24,0.9583127185547063,1.0539384803517817
2008-07-25,0.9592109127275882,1.0529506593792546
2008-07-28,0.9595059873153508,1.0526267483627847
2008-07-29,0.9604297902813014,1.0516132896402421
2008-07-30,0.9605324686873182,1.0515008629148124
2008-07-31,0.9598070165661471,1.052295019860342
2008-08-01,0.960413143406028,1.0516304860071803
2008-08-04,0.9604895613547949,1.0515468100962944
2008-08-05,0.9608849499858392,1.0511139374546214
2008-08-06,0.9613338390518557,1.050622896822059
2008-08-07,0.961189899500007,1.0507802055350026
2008-08-08,0.9607178196446603,1.051296286870947
2008-08-11,0.9608791411605335,1.0511197556282013
2008-08-12,0.9607137165757287,1.0513007160026193
2008-08-13,0.9606261414685338,1.0513965486854566
2008-08-14,0.961288639626771,1.050671450494795
2008-08-15,0.9620077379692836,1.049885488747791
2008-08-18,0.9623880119021594,1.0494704774457841
2008-08-19,0.9621045440031861,1.0497795951691937
2008-08-20,0.9623257662160499,1.0495382133292366
2008-08-21,0.9630255004069577,1.0487750645096654
2008-08-22,0.9628977394887928,1.0489142014952733
2008-08-25,0.9629792731138089,1.0488253844032065
2008-08-26,0.9632633311478132,1.0485160036252132
2008-08-28,0.9637037897458983,1.0481319202356718
2008-08-29,0.9638040194733045,1.048022909585544
2008-09-01,0.9640301793299635,1.0477769874828984
2008-09-02,0.9636980388276694,1.0481379815496574
2008-09-03,0.9634667079026186,1.048389581863328
2008-09-04,0.964253788852876,1.0475331252140585
2008-09-05,0.9640948580875264,1.0477057822917326
2008-09-08,0.9650551176111506,1.0466622444624805
2008-09-09,0.9648802057863028,1.0468519472057096
2008-09-10,0.9650464919492349,1.046671534142601
2008-09-11,0.9656756376201933,1.0459891744116296
2008-09-12,0.9649019817131624,1.046827173913686
2008-09-15,0.9642016836351444,1.0475869309375108
2008-09-16,0.963738511366413,1.048090158865579
2008-09-17,0.963738511366413,1.0476604497396407
2008-09-18,0.963738511366413,1.0474447110272638
2008-09-19,0.9650356914777529,1.046034863406931
2008-09-22,0.964838122105391,1.0462490155396005
2008-09-23,0.965289669233134,1.0457593678701658
2008-09-24,0.9662145624126096,1.0447573725753396
2008-09-25,0.966948792484506,1.0439634575272525
2008-09-26,0.9679207394580117,1.0429140977980915
2008-09-29,0.9682083108871157,1.0426042456735216
2008-09-30,0.9686839950503279,1.0420920105247544
2008-10-01,0.9684518241013014,1.0423417756620876
2008-10-02,0.9691438626615178,1.041596936648178
2008-10-03,0.9686337971319912,1.0421451346129114
2008-10-06,0.9682111489001289,1.042599858368981
2008-10-07,0.9685252685243018,1.0422616045944346
2008-10-08,0.9685343780810017,1.0422518015035995
2008-10-09,0.9687792185261415,1.0419883256778542
2008-10-10,0.9690875487270983,1.04165669545323
2008-10-13,0.9696676845045332,1.0410331167913944
2008-10-14,0.9701254843313314,1.040541623893184
2008-10-15,0.9707564585350164,1.0398648506992607
2008-10-16,0.9702635224567613,1.040392879018735
2008-10-17,0.9698463343795304,1.04084022089516
2008-10-20,0.9694814282284537,1.0412318386034802
2008-10-21,0.9693057602982931,1.041420507552239
2008-10-22,0.9695874144705631,1.0411178987748502
2008-10-23,0.9695368606177711,1.0411721821950022
2008-10-27,0.9700972205835808,1.0393303336743973
2008-10-28,0.9698029877977227,1.0396455650275187
2008-10-29,0.9708462040918658,1.0385272191292108
2008-10-30,0.9711421507947303,1.038210640967767
2008-10-31,0.9714062498430035,1.037928302854894
2008-11-03,0.9713544994711363,1.037983597100379
2008-11-04,0.9712081114698924,1.038140026441249
2008-11-05,0.9713916245238405,1.0379438663758336
2008-11-06,0.9719658677457261,1.0373302804492963
2008-11-07,0.9728639330781466,1.0363718204929788
2008-11-10,0.9737730615917779,1.0354033446962114
2008-11-11,0.9735104278327132,1.0356826005960624
2008-11-12,0.9730618951679395,1.0361597783061556
2008-11-13,0.9732686125528008,1.035939656399488
2008-11-14,0.9723976389151835,1.0368667140681
2008-11-17,0.9727091152962768,1.0365345870874811
2008-11-18,0.9728576812699377,1.0363762727797996
2008-11-19,0.9726165762332244,1.0366331197411878
2008-11-20,0.9721794914821579,1.0370989729254345
2008-11-21,0.9727280504693361,1.0365137826728361
2008-11-24,0.9729657012584649,1.0362605481554636
2008-11-25,0.9727180756526326,1.0365242826794094
2008-11-26,0.9716396277954569,1.0376734721717669
2008-11-27,0.9721078372857681,1.0371734425788846
2008-11-28,0.9734772517453611,1.0357123697895334
2008-12-01,0.9742542540293987,1.0348856931769164
2008-12-02,0.9740679214216496,1.0350836219507804
2008-12-03,0.9739290514042511,1.0352311907983198
2008-12-04,0.9743499454085407,1.0347838044095143
2008-12-05,0.9740748970283182,1.035075912610089
2008-12-08,0.9747600882830058,1.034347811551924
2008-12-09,0.9754298007579483,1.0336371591143114
2008-12-10,0.9760084570277614,1.0330239723710228
2008-12-11,0.9760498787257789,1.0329801309404283
2008-12-12,0.9759460976947173,1.0330899652279906
2008-12-15,0.9754507732042261,1.0336142920959055
2008-12-16,0.9755552576553168,1.0335035775166403
2008-12-17,0.9756057737699056,1.0334500607273656
2008-12-18,0.9760511449903637,1.032978283163924
2008-12-19,0.9767390570127253,1.0322502494092645
2008-12-22,0.9761029885774066,1.0329224676402085
2008-12-24,0.9761748308000241,1.0316403718413911
2008-12-25,0.9763756241114571,1.0314281696006302
2008-12-26,0.9762229830021485,1.0315894173172795
2008-12-29,0.9758019222599227,1.0320343584970006
2008-12-30,0.9766588675817258,1.0311280300759562
2008-12-31,0.9772059778292835,1.030550406987154
2009-01-01,0.977575382631555,1.0301608368474282
2009-01-02,0.9776394916366142,1.0300932793091813
2009-01-05,0.9779566020599729,1.029759154799385
2009-01-06,0.9778092233604891,1.0299143401774438
2009-01-07,0.9778905459339567,1.0298286841183746
2009-01-08,0.9784181412097956,1.0292730669780683
2009-01-09,0.9783951307239898,1.0292972734725112
2009-01-12,0.9791033348058903,1.028552224250912
2009-01-13,0.9789826067096408,1.0286790496303309
2009-01-14,0.9789563479351815,1.028706641388315
2009-01-15,0.9790016966687068,1.0286589880445733
2009-01-16,0.9787158847273328,1.0289592970464732
2009-01-19,0.9797872038907883,1.0278329805837045
2009-01-20,0.9799066011648354,1.027707728431431
2009-01-21,0.9795573148084086,1.0280740534337411
2009-01-22,0.9795527474442421,1.028078847016027
2009-01-23,0.9804792026007352,1.0271064961634726
2009-01-26,0.9802256540713107,1.0273721023496862
2009-01-27,0.9805713208273199,1.0270098098710527
2009-01-28,0.9807583703035991,1.026813901992666
2009-01-29,0.9814942076596633,1.0260435103756378
2009-01-30,0.9815740683852952,1.025960024830202
2009-02-02,0.9818737938961595,1.025646745983019
2009-02-03,0.9815471372745314,1.0259879652956327
2009-02-04,0.98198757774465,1.0255275833082473
2009-02-05,0.9818305805112689,1.025691541587338
2009-02-06,0.9810075803166446,1.026551307370872
2009-02-09,0.9811875973954075,1.0263629329166262
2009-02-10,0.9817142211695774,1.0258120626010663
2009-02-11,0.9810999814529889,1.0264538934893408
2009-02-12,0.981219940091413,1.026328389449186
2009-02-13,0.9816224561200262,1.0259073690331764
2009-02-16,0.9835023939465279,1.023942619696496
2009-02-17,0.9836684958945091,1.0237696878716227
2009-02-18,0.9837970439078108,1.0236358993442847
2009-02-20,0.9841026037157063,1.0235793126109796
2009-02-23,0.9840284122220437,1.0236564802536603
2009-02-24,0.9839934208133297,1.0236928808106345
2009-02-25,0.9840346090017158,1.0236500308745144
2009-02-26,0.9840277985869428,1.0236571154640492
2009-02-27,0.9845367297196038,1.0231276883726828
2009-03-02,0.9854549017981864,1.0221735266355618
2009-03-03,0.9856736420326293,1.021946636012308
2009-03-04,0.985732147744377,1.0218859772782622
2009-03-05,0.9857533768826017,1.0218639695161018
2009-03-06,0.985434654363948,1.0221943676316179
2009-03-09,0.986262995490398,1.021335126858843
2009-03-10,0.9866448346599497,1.0209397092486754
2009-03-11,0.9866440126260942,1.0209405598556778
2009-03-12,0.9866440126260942,1.0193329593986915
2009-03-13,0.9866440126260942,1.019150467423429
2009-03-16,0.9866440126260942,1.01945504324115
2009-03-17,0.9866824856528825,1.019494795695618
2009-03-18,0.9866824856528825,1.0188617293953994
2009-03-19,0.9866824856528825,1.0189657460534056
2009-03-20,0.9866824856528825,1.0196331458529584
2009-03-23,0.9872800120766927,1.0190156647928414
2009-03-24,0.987232708539322,1.019064488880224
2009-03-25,0.9879882429898896,1.0182845933986022
2009-03-26,0.9884705380494855,1.0177875089118755
2009-03-27,0.9884012533176361,1.0178588485542017
2009-03-30,0.9892840778021355,1.0169497130080338
2009-03-31,0.9890223256071503,1.0172187851841075
2009-04-01,0.9896594623963794,1.0165634839902362
2009-04-02,0.9898398085710877,1.0163782350812407
2009-04-03,0.9891496350409342,1.0170869127363553
2009-04-06,0.9890252578629926,1.01721480279004
2009-04-07,0.9890252578629926,1.0166402802745895
2009-04-08,0.9890252578629926,1.0168764105597812
2009-04-09,0.9891959508969973,1.0167009107751737
2009-04-10,0.989254135648976,1.0166411081746107
2009-04-13,0.9896783729754289,1.0162051260642997
2009-04-14,0.9906886558854581,1.015167764129371
2009-04-15,0.9902995572643303,1.0155664770599064
2009-04-16,0.9901593523018665,1.0157102592708052
2009-04-17,0.9910757353420043,1.0147702291098761
2009-04-21,0.991061164807541,1.014708388797173
2009-04-22,0.990752467673902,1.0150244516015934
2009-04-23,0.9906778437383744,1.0151009037142114
2009-04-24,0.9907706796347138,1.0150057791458498
2009-04-27,0.9914624723599089,1.0142970645780116
2009-04-28,0.9920724688445604,1.013673019128957
2009-04-29,0.9931726626969803,1.0125488705823205
2009-04-30,0.9934620309639686,1.0122538569125668
2009-05-01,0.9934811129670293,1.012234413963975
2009-05-04,0.9935621539069337,1.0121518432666154
2009-05-05,0.9931434113651461,1.0125784205409791
2009-05-06,0.9932029634877743,1.0125177030317243
2009-05-07,0.9930959095480658,1.0126268388409385
2009-05-08,0.9932787625607221,1.0124403897111027
2009-05-11,0.9937307060156593,1.0119797276845992
2009-05-12,0.9933116312168675,1.0124064984366685
2009-05-13,0.9939548730085008,1.0117508913246107
2009-05-14,0.9946898913737514,1.011002713005477
2009-05-15,0.9944945392535522,1.0112012688822638
2009-05-18,0.9937092571209704,1.0119997431398435
2009-05-19,0.9936364598497947,1.0120738803376237
2009-05-20,0.9942302686062937,1.011469053163247
2009-05-21,0.9941112758309713,1.0115901091334676
2009-05-22,0.9941112758309713,1.0120256953848379
2009-05-25,0.9941112758309713,1.0122504123339173
2009-05-26,0.9941112758309713,1.0118429560753917
2009-05-27,0.9941112758309713,1.0114566673104595
2009-05-28,0.9940622989214221,1.0115064987759224
2009-05-29,0.9936902784718219,1.0118850475880607
2009-06-01,0.9937290681243737,1.0118455476852555
2009-06-02,0.9937404893400362,1.0118339182516523
2009-06-03,0.9951476893394616,1.010401096801328
2009-06-04,0.9947766670263435,1.0107778060638106
2009-06-05,0.9950646886844197,1.0104851515320963
2009-06-08,0.9960225707198714,1.0095124252513323
2009-06-09,0.9962484164265963,1.0092835207527489
2009-06-10,0.9958890362679779,1.0096476031099186
2009-06-11,0.995995188231393,1.0095399846187774
2009-06-12,0.995942552128445,1.0095933365337146
2009-06-15,0.9957798791972103,1.0097582391247908
2009-06-16,0.9960126606148514,1.0095221900146523
2009-06-18,0.9960126606148514,1.0093136354519407
2009-06-19,0.9960126606148514,1.0093787031366577
2009-06-22,0.9960126606148514,1.009405723321114
2009-06-23,0.9960723050610436,1.009345276855189
2009-06-24,0.9959227328633421,1.009496842148724
2009-06-25,0.9961351715358457,1.0092815080048532
2009-06-26,0.9960165677662359,1.0094016770289649
2009-06-29,0.9963068100316457,1.0091075343018954
2009-06-30,0.9960952044624757,1.0093218586164536
2009-07-01,0.996318041631903,1.0090960625027814
2009-07-02,0.9971757556964077,1.0082273480470767
2009-07-03,0.996739405634548,1.0086685341300472
2009-07-06,0.9965246740121989,1.0088858356930452
2009-07-07,0.9967370435939964,1.0086708318214954
2009-07-08,0.9966838161774112,1.0087246965222285
2009-07-09,0.9966838161774112,1.0082050929561939
2009-07-10,0.9966838161774112,1.007913587982872
2009-07-13,0.9972205144026547,1.0073708427058954
2009-07-14,0.9975802171578747,1.0070074786731502
2009-07-15,0.9976730053449037,1.0069138136258051
2009-07-16,0.9978224014592907,1.0067630337505629
2009-07-17,0.998189802139144,1.0063923411077538
2009-07-20,0.9993582816844067,1.0052142596821838
2009-07-21,0.9991061114294272,1.0054679075888642
2009-07-22,0.9988179146138838,1.0057579394941676
2009-07-23,0.9995899326065173,1.004980557336556
2009-07-24,0.9996474911968672,1.0049226883421587
2009-07-27,0.9986666020583208,1.0059087536889475
2009-07-28,0.9991327170557374,1.0054392585089138
2009-07-29,0.9991326196883955,1.0054393564908397
2009-07-30,0.9992727769900915,1.0052983144865573
2009-07-31,0.9996362473093918,1.004932652469366
2009-08-03,1.0000556655409425,1.004511012020592
2009-08-04,1.0008768492664728,1.003686169840691
2009-08-05,1.0008128682480153,1.0037503304448703
2009-08-06,1.0010590189976407,1.003503457223997
2009-08-07,1.001078548223801,1.0034838803103516
2009-08-10,1.0011260552412071,1.0034362591459052
2009-08-11,1.0016231591357154,1.0029380081317587
2009-08-12,1.00132945512572,1.003232097692367
2009-08-13,1.0018388499178275,1.0027217349908368
2009-08-17,1.0023672947069178,1.0024075302077267
2009-08-18,1.0026382224342019,1.0021365916052747
2009-08-19,1.0035339161696002,1.0012413459952128
2009-08-20,1.0033270446644464,1.001447744903043
2009-08-21,1.0033680993186118,1.0014067671470357
2009-08-24,1.0039270394770663,1.0008489195759533
2009-08-25,1.0039566718189892,1.0008193780891401
2009-08-26,1.0040714850513004,1.0007049236400751
2009-08-27,1.003305746893023,1.0014680943471568
2009-08-28,1.0033351043736776,1.0014387906375979
2009-08-31,1.0029551035975457,1.0018180732083282
2009-09-01,1.0035718066126558,1.0012020693372443
2009-09-02,1.0045824296083357,1.0001938327288349
2009-09-03,1.0048844492612008,0.9998931324724345
2009-09-04,1.0051155800823701,0.9996631496908721
2009-09-07,1.005409217085736,0.9993711055742873
2009-09-08,1.0056880547259988,0.9990939425285449
2009-09-09,1.0052676701504386,0.999511570719514
2009-09-10,1.0056643998567656,0.9991171126625242
2009-09-11,1.0063352741728924,0.9984506060130062
2009-09-14,1.0066641503329274,0.9981243066079096
2009-09-15,1.0069254967606505,0.9978651772628652
2009-09-16,1.0074444073047626,0.9973509358778273
2009-09-17,1.0074444073047626,0.9984088733572394
2009-09-18,1.0074444073047626,0.9979545813462947
2009-09-21,1.0077251264525442,0.9976765064891919
2009-09-22,1.0069685450260597,0.998425543597264
2009-09-23,1.0075666783587491,0.9978324847566639
2009-09-24,1.0082082577045408,0.9971971037674647
2009-09-25,1.007878229325058,0.997523527739562
2009-09-28,1.0087575312772543,0.9966532595268133
2009-09-29,1.0095664510846296,0.9958540461006735
2009-09-30,1.0102879882254225,0.9951423092156982
2009-10-01,1.0109394912803493,0.9945005731344054
2009-10-02,1.0116563172854172,0.9937954034590426
2009-10-05,1.0117220891726693,0.9937307927823621
2009-10-06,1.0111784435743898,0.994264770815611
2009-10-07,1.0108124262968154,0.9946246658340567
2009-10-08,1.0101651312561544,0.9952615947011385
2009-10-09,1.0112911143867676,0.9941522238354197
2009-10-12,1.0114946499283224,0.9939521377193767
2009-10-14,1.0117979973893874,0.9933683434020194
2009-10-15,1.0121613400170308,0.9930116189718063
2009-10-16,1.012856350684646,0.9923297576509229
2009-10-19,1.0126365863802507,0.9925450682018946
2009-10-20,1.0126365863802507,0.9924819976248014
2009-10-21,1.0122942719945254,0.9928174988993256
2009-10-22,1.0115487365593785,0.9935486900623506
2009-10-23,1.0113235146068695,0.9937699042933619
2009-10-26,1.0114425157130715,0.99365296869737
2009-10-27,1.0114019731474275,0.9936927981885025
2009-10-28,1.0117158246735016,0.9933844420556885
2009-10-29,1.0113131360455274,0.9937798343271806
2009-10-30,1.0114465660964758,0.9936487175749111
2009-11-02,1.0111097162076192,0.993979640108337
2009-11-03,1.0114394494614003,0.9936554931481493
2009-11-04,1.0120663114689528,0.9930396531415309
2009-11-05,1.0118658675453571,0.9932363287566622
2009-11-06,1.0121915082960156,0.9929166834024195
2009-11-09,1.0121947926328585,0.9929134616081062
2009-11-10,1.012809431322153,0.9923105311908906
2009-11-11,1.0139539243442108,0.9911892022976754
2009-11-12,1.013462811725194,0.9916692887329603
2009-11-13,1.0136260324928805,0.991509577867672
2009-11-16,1.0137047065809373,0.9914326203810471
2009-11-17,1.0144304233058217,0.9907228483640723
2009-11-18,1.0144304233058217,0.990309931231727
2009-11-19,1.0144304233058217,0.9902395715743352
2009-11-20,1.0144304233058217,0.9898648297217977
2009-11-23,1.0144304233058217,0.9900199332025506
2009-11-24,1.0154502570003565,0.9890246400183705
2009-11-25,1.0155629032695892,0.9889149252045631
2009-11-26,1.0162454756201356,0.9882502632886796
2009-11-27,1.0162868247966514,0.9882100531863381
2009-11-30,1.0160042049193665,0.9884848651755807
2009-12-01,1.015413500911342,0.9890595694621411
2009-12-02,1.0149833427832018,0.9894785633130571
2009-12-03,1.0145447645067291,0.9899061208744594
2009-12-04,1.0149710441683242,0.9894901935926085
2009-12-07,1.015660980941327,0.9888175776839992
2009-12-08,1.0157947846421433,0.9886873103469557
2009-12-09,1.0167552909391597,0.9877524360970321
2009-12-11,1.0170297374195658,0.9872067745863774
2009-12-14,1.0183206134756255,0.9859537516502666
2009-12-15,1.018540047564024,0.9857412921754867
2009-12-16,1.018261975461305,0.9860104098744008
2009-12-17,1.0178447191663855,0.9864144503475706
2009-12-18,1.017238781741126,0.9870016768871668
2009-12-21,1.0176610142600253,0.9865919950979251
2009-12-22,1.0177289492384156,0.9865261341629695
2009-12-23,1.017777000928621,0.9864795557019621
2009-12-24,1.0179115183160339,0.98634917483027
2009-12-25,1.0181623685982923,0.9861061026531116
2009-12-28,1.018475330860146,0.9858029938309512
2009-12-29,1.018758726493798,0.9855286894313964
2009-12-30,1.019124613375695,0.9851747371070447
2009-12-31,1.0199444376699105,0.9843822234409756
2010-01-01,1.0196910713221856,0.9846267557110748
2010-01-04,1.0205210074727042,0.9838253587367217
2010-01-05,1.0208525106966666,0.9835057756258901
2010-01-06,1.021405762758082,0.9829727636657123
2010-01-07,1.021612103426338,0.9827741870918103
2010-01-08,1.022018351228842,0.9823833833292814
2010-01-11,1.0226586844233962,0.9817678829428471
2010-01-12,1.0227023475122536,0.9817259657138017
2010-01-13,1.0226857097110886,0.9817419368919804
2010-01-14,1.023163389321697,0.9812833814416799
2010-01-15,1.0224051382032648,0.9820105959112772
2010-01-18,1.0228053147284208,0.9816262300926264
2010-01-19,1.0227381205053339,0.9816907190143627
2010-01-20,1.0228123697390799,0.9816194497596034
2010-01-21,1.0229330419353875,0.9815036375359295
2010-01-22,1.0224251799152078,0.9819909308383628
2010-01-25,1.022513721202055,0.9819058911284685
2010-01-26,1.0224880652750967,0.9819305281629653
2010-01-27,1.0226661647510598,0.9817594930981688
2010-01-28,1.0227642099060181,0.9816653697518117
2010-01-29,1.0238193287963924,0.9806526498447018
2010-02-01,1.0235990101060009,0.9808636793705819
2010-02-02,1.0241574834956977,0.9803285222842225
2010-02-03,1.0244029056715622,0.9800936029843313
2010-02-04,1.0243314861636137,0.9801619333282624
2010-02-05,1.025499193554564,0.979044577912232
2010-02-09,1.0265673313256738,0.9782296550689529
2010-02-10,1.02682212184827,0.9779868617933162
2010-02-11,1.0271815405883697,0.9776445368684624
2010-02-12,1.027987365071427,0.9768775741920455
2010-02-15,1.0283326446116987,0.97654946136578
2010-02-16,1.0286890585449529,0.9762109951735741
2010-02-17,1.0287886169241274,0.9761165157158559
2010-02-18,1.0293007704308914,0.9756305835347352
2010-02-19,1.0296973262214697,0.9752547051049503
2010-02-22,1.0299503119072169,0.9750150953924006
2010-02-23,1.0293306889474367,0.9756016690671235
2010-02-24,1.029485755259243,0.9754546969091585
2010-02-25,1.0293146714446948,0.9756168016392275
2010-02-26,1.0302946259033732,0.9746879699988644
2010-03-01,1.0309811199098242,0.974038527176645
2010-03-02,1.0309811199098242,0.9743540141508842
2010-03-03,1.0309811199098242,0.9744111280094278
2010-03-04,1.030470166350326,0.9748940455184454
2010-03-05,1.0308501517520063,0.9745345537858567
2010-03-08,1.0312164329562958,0.9741882826140712
2010-03-09,1.03193204790985,0.973512242473189
2010-03-10,1.032485319145793,0.9729902930650959
2010-03-11,1.0330628914363178,0.9724460022923332
2010-03-12,1.032905767801992,0.972593906404786
2010-03-15,1.0330294344403483,0.9724774607205424
2010-03-16,1.0324480478951668,0.9730247687567958
2010-03-17,1.032225008522244,0.9732349709405319
2010-03-18,1.0328658577415568,0.9726307452473102
2010-03-19,1.0340557154319554,0.9715102781861944
2010-03-22,1.0339364774265727,0.9716223040142528
2010-03-23,1.0339074704166396,0.971649562804748
2010-03-24,1.0339499808509172,0.9716096121843468
2010-03-25,1.0344951301592737,0.9710973317859865
2010-03-26,1.034242922020654,0.9713340836500872
2010-03-29,1.0350222154664992,0.9706021914911003
2010-03-30,1.0349991449133984,0.9706238261275978
2010-03-31,1.0353735324237363,0.9702727249315009
2010-04-01,1.0362623838483702,0.9694397614967298
2010-04-02,1.036566506536317,0.9691552499380125
2010-04-05,1.036823184779652,0.9689152643070816
2010-04-06,1.037037672570738,0.9687148246392178
2010-04-08,1.0369884036499908,0.9686832051921332
2010-04-09,1.0375063875426658,0.9681993402852277
2010-04-12,1.038321156397026,0.9674389992629955
2010-04-13,1.038636513557805,0.9671451703121406
2010-04-14,1.0387253746245186,0.967062425723077
2010-04-15,1.0394458571302485,0.9663916501969336
2010-04-16,1.039504353828234,0.9663372647567401
2010-04-19,1.0398292353097167,0.9660352505506138
2010-04-20,1.0399619182128168,0.9659119838091264
2010-04-21,1.039797730351235,0.9660644807614862
2010-04-22,1.0403009841885074,0.9655969132309901
2010-04-23,1.0398050985222747,0.9660571893202251
2010-04-26,1.0397433687156836,0.966114540956159
2010-04-27,1.039572127537622,0.9662736557888317
2010-04-28,1.0396198072697094,0.9662293378739796
2010-04-29,1.0407303209686976,0.9651972192970054
2010-04-30,1.0420283873515066,0.963993362699473
2010-05-03,1.042330788801713,0.9637136073737946
2010-05-04,1.0427243361913925,0.9633497430625266
2010-05-05,1.041949013665413,0.9640660462409113
2010-05-06,1.0419632230594271,0.9640528989619879
2010-05-07,1.0417393055637378,0.9642600735590083
2010-05-10,1.0417447258894912,0.9642550563693124
2010-05-11,1.0421295531160553,0.9638988543268916
2010-05-12,1.0419300667641187,0.9640833656148697
2010-05-13,1.0409198413159546,0.9650181131388763
2010-05-14,1.0414732047221826,0.9645050998510489
2010-05-17,1.0415894416742584,0.9643974531707888
2010-05-18,1.042059054948633,0.9639626428437426
2010-05-19,1.0432184487036644,0.9628901390706704
2010-05-20,1.043350817001341,0.962767963193972
2010-05-21,1.0425694495558,0.9634889819843837
2010-05-24,1.0430717251143002,0.9630248047856932
2010-05-25,1.0441077423350802,0.962068293111784
2010-05-26,1.045174702435166,0.9610851680561147
2010-05-27,1.0448116391554043,0.9614190210784198
2010-05-28,1.0454890799426726,0.9607956508611235
2010-05-31,1.0454975628332381,0.9607878551562057
2010-06-01,1.0457459837844325,0.9605595621009574
2010-06-02,1.046956933970915,0.9594472558632184
2010-06-03,1.0468205294579382,0.9595722590332787
2010-06-07,1.0468734850071444,0.9591191993994865
2010-06-08,1.0477435594596674,0.9583220590341291
2010-06-09,1.0481121097035204,0.9579849633532653
2010-06-10,1.0484598417140152,0.9576671328137206
2010-06-11,1.048114989241415,0.9579821223493606
2010-06-14,1.048272032885718,0.957838583705972
2010-06-15,1.048457023060027,0.9576695524612178
2010-06-16,1.0488885531816008,0.9572753891819303
2010-06-17,1.0489106715500973,0.9572552027000144
2010-06-18,1.049120609743172,0.9570636092373708
2010-06-21,1.0492398787997492,0.9569548056615969
2010-06-22,1.049831088701202,0.9564155951647588
2010-06-23,1.0499602484322084,0.9562979282540232
2010-06-24,1.0489876558953282,0.957183760102841
2010-06-25,1.049743023626605,0.9564944996323097
2010-06-28,1.0495970910924297,0.9566274690001592
2010-06-29,1.0492551383200892,0.9569391327975322
2010-06-30,1.0490675763695951,0.957110192593855
2010-07-01,1.0500974310212088,0.9561706111920919
2010-07-02,1.050131907152206,0.9561392188067062
2010-07-05,1.0516764829380574,0.9547328912061319
2010-07-06,1.0523493644727038,0.9541220359256019
2010-07-07,1.0525091850589952,0.9539771331506081
2010-07-08,1.0523056398035844,0.9541616232453072
2010-07-09,1.0527171395457557,0.9537885023124684
2010-07-12,1.0532670532817714,0.9532902664816149
2010-07-13,1.053916308539754,0.9527026389507162
2010-07-14,1.053749342505754,0.9528535702722243
2010-07-15,1.0535751663531001,0.9530110691784804
2010-07-16,1.053392058419456,0.9531766993994557
2010-07-19,1.0537990154737475,0.9528084585543625
2010-07-20,1.0540981559279825,0.952537986148424
2010-07-21,1.054562155098863,0.9521186923347317
2010-07-22,1.054804243761974,0.9519001209207703
2010-07-23,1.0535891830806359,0.9529966432530722
2010-07-26,1.0543590928354822,0.952300241445082
2010-07-27,1.0543843053907023,0.9522774693908677
2010-07-28,1.0541513928822241,0.9524878265946207
2010-07-29,1.054041280949191,0.9525873192068631
2010-07-30,1.0548804460857861,0.9518289256958222
2010-08-02,1.055109677939115,0.9516220875564873
2010-08-04,1.055080553303741,0.9519133381355949
2010-08-05,1.054838849225372,0.9521314080596031
2010-08-06,1.0539535046906217,0.9529305484582608
2010-08-09,1.0539535046906217,0.9528899622803911
2010-08-10,1.054732900328131,0.952185302846818
2010-08-11,1.0551924728265583,0.9517704128036051
2010-08-12,1.055599605312915,0.951403184393069
2010-08-13,1.055983361496749,0.9510573081219027
2010-08-16,1.0565412960891556,0.950554811784451
2010-08-17,1.0565592997757294,0.9505386141299288
2010-08-18,1.0569656373402219,0.950173050601688
2010-08-19,1.0573665225560378,0.9498126696063215
2010-08-20,1.0579570002054244,0.9492822545226748
2010-08-23,1.0583272594519095,0.9489500287968721
2010-08-24,1.0586884465571205,0.9486261700746953
2010-08-25,1.0584889179677552,0.9488049554786218
2010-08-26,1.0591984706484145,0.9481689288862271
2010-08-27,1.059088356636634,0.9482675002942291
2010-08-30,1.058589848460508,0.9487138455864693
2010-08-31,1.0585126252306791,0.948783053455264
2010-09-01,1.0582609408708972,0.9490086472268348
2010-09-02,1.0578952333074023,0.9493366000281801
2010-09-03,1.0582453586856841,0.9490224036637988
2010-09-06,1.0579917728321286,0.9492498165735754
2010-09-07,1.0582617961746275,0.949007546628837
2010-09-08,1.0577441452641396,0.9494717556008966
2010-09-09,1.058076512219245,0.9491734102611651
2010-09-10,1.0581484041566587,0.9491089178406102
2010-09-13,1.0583338073590176,0.9489426199639951
2010-09-14,1.058571358729706,0.9487296223081422
2010-09-15,1.0590301671648439,0.9483184217312606
2010-09-16,1.0584967329248767,0.9487960903871945
2010-09-17,1.0586491982653665,0.9486594262724393
2010-09-20,1.0586491982653665,0.9489954267680364
2010-09-21,1.0586491982653665,0.9491775867411812
2010-09-22,1.0586491982653665,0.9486206683831979
2010-09-23,1.0586491982653665,0.9483091051820206
2010-09-24,1.0587406982778327,0.9482271419640934
2010-09-27,1.0581902105053627,0.9487201686778342
2010-09-28,1.0584864195891082,0.9484546024978553
2010-09-29,1.057859086790199,0.9490167227758407
2010-10-01,1.0582742631074007,0.9484029584500671
2010-10-04,1.0588368396484948,0.9478987892809504
2010-10-05,1.0581353199403944,0.948526808308118
2010-10-06,1.057086773484452,0.949466739529083
2010-10-07,1.057404221569265,0.9491816102420484
2010-10-08,1.0578777561353316,0.9487565407248701
2010-10-11,1.058451139477027,0.9482423024845619
2010-10-12,1.0584335109441172,0.9482580954862532
2010-10-13,1.0580120128178063,0.9486357186495163
2010-10-14,1.0584191509334109,0.9482706700922154
2010-10-15,1.0576961342130728,0.948918443282334
2010-10-18,1.0577446260544905,0.9488749385353831
2010-10-19,1.0576158538019464,0.948990456742905
2010-10-20,1.0583005657469218,0.9483760700550888
2010-10-21,1.0592661579750853,0.9475107728113183
2010-10-22,1.0590731170390715,0.9476834474173081
2010-10-25,1.058814229633513,0.9479151059355402
2010-10-26,1.058565636809137,0.9481376614007562
2010-10-27,1.0574042766582123,0.9491778702071377
2010-10-28,1.0568882422652417,0.9496410879535437
2010-10-29,1.056547946879321,0.9499468520519488
2010-11-01,1.0561691524293775,0.9502874277885838
2010-11-02,1.056208316556065,0.9502521898940421
2010-11-03,1.0552746573788212,0.9510921867619739
2010-11-04,1.05559925577153,0.950799634493252
2010-11-05,1.0553660345488929,0.9510097015731849
2010-11-08,1.055471957533541,0.9509142524278436
2010-11-09,1.0552192224210095,0.9511419509648626
2010-11-10,1.0552407452606951,0.9511225509432425
2010-11-11,1.0554471762171966,0.9509364880577607
2010-11-12,1.0549165773562343,0.9514145468642842
2010-11-15,1.054582967101197,0.9517154253000191
2010-11-16,1.054582967101197,0.9519224144167383
2010-11-17,1.054582967101197,0.9523809568383768
2010-11-18,1.054582967101197,0.9528967402746995
2010-11-19,1.0541468921654593,0.9532907674852109
2010-11-22,1.0543880547588773,0.9530726782649354
2010-11-23,1.0542255442079256,0.9532195732959846
2010-11-24,1.0540257518988068,0.9534002233861786
2010-11-25,1.054540942854145,0.9529342165822451
2010-11-26,1.0539840189122625,0.9534374800011288
2010-11-30,1.0541454073934908,0.9534578201333769
2010-12-01,1.0542345500022074,0.9533771920560814
2010-12-02,1.0540311423022832,0.9535611399847429
2010-12-03,1.0526724003455084,0.9547903669755293
2010-12-06,1.0526581026015216,0.9548033352534319
2010-12-07,1.053216202604856,0.9542971160515168
2010-12-08,1.053116260371862,0.9543876716131212
2010-12-09,1.0530492911446,0.9544483625427758
2010-12-10,1.0535662848595566,0.953979776875576
2010-12-13,1.053220641910598,0.9542927485301027
2010-12-14,1.0526409737014968,0.9548179691215785
2010-12-15,1.0522745957357065,0.9551502992074924
2010-12-16,1.0516835859111444,0.9556867591895661
2010-12-17,1.0517678929954157,0.9556101475877276
2010-12-20,1.0522534397699335,0.9551689918651125
2010-12-21,1.0515737024073828,0.9557860143682297
2010-12-22,1.0511811146518355,0.9561428413650491
2010-12-23,1.0509607902068747,0.9563432460697102
2010-12-24,1.0510577827975254,0.9562549856799297
2010-12-27,1.0499239287653501,0.9572865688992794
2010-12-28,1.0484979105943562,0.9585867659942292
2010-12-29,1.0483164873061153,0.9587526318117894
2010-12-30,1.0476715279107465,0.9593424885251093
2010-12-31,1.0473343019685413,0.9596512829954864
2011-01-03,1.047037753060347,0.9599230047749456
2011-01-04,1.0469267248408218,0.9600247953185911
2011-01-05,1.047251651524607,0.9597268397256227
2011-01-06,1.04711388727667,0.9598530902272164
2011-01-07,1.0473115830647548,0.9596718693347961
2011-01-10,1.0473326470555877,0.959652567992402
2011-01-11,1.0465372631380472,0.960381364350611
2011-01-12,1.0470121044947056,0.9599456141809606
2011-01-13,1.0467012716403559,0.9602305990765463
2011-01-14,1.046814315191739,0.9601268943424378
2011-01-17,1.0464426469422088,0.9604677844859604
2011-01-18,1.0462554569464588,0.960639595106467
2011-01-19,1.0460919475681063,0.9607897243908343
2011-01-20,1.0461409125350782,0.9607447522091527
2011-01-21,1.0455515474972423,0.9612860075605605
2011-01-24,1.045251774496988,0.9615616205528408
2011-01-25,1.0457812723473718,0.9610745179967706
2011-01-27,1.0458997138379575,0.9620108277622119
2011-01-28,1.045699874532777,0.9621946384783375
2011-01-31,1.0458241007260156,0.9620803324714192
2011-02-01,1.045106808494994,0.9627401879362354
2011-02-02,1.04516674586216,0.96268497433351
2011-02-03,1.0445857562378478,0.9632201138065015
2011-02-04,1.0443775222780527,0.9634121278534618
2011-02-07,1.0441218441921567,0.9636479844891361
2011-02-08,1.0432048614835658,0.9644942923638924
2011-02-09,1.0432968633533828,0.9644092321023834
2011-02-10,1.0431559994101873,0.9645394447887816
2011-02-11,1.0430395979506355,0.9646470737524574
2011-02-14,1.0422967628509432,0.9653340790268559
2011-02-15,1.0410744903891225,0.9664660994871558
2011-02-16,1.0411071354437542,0.9664357939337024
2011-02-17,1.0423942557914723,0.9652409897365294
2011-02-18,1.042816564198285,0.9648499386708685
2011-02-21,1.0427833016187456,0.9648807143594512
2011-02-22,1.0423968816016789,0.9652382663278529
2011-02-23,1.0423503222654935,0.9652813793241926
2011-02-24,1.0423878152852608,0.9652466584505449
2011-02-25,1.0416373982532607,0.9659415414124916
2011-02-28,1.0418292129838576,0.9657636658707254
2011-03-01,1.0421214222707589,0.9654927912315789
2011-03-02,1.0418756644506664,0.9657204781388984
2011-03-03,1.042181188401822,0.9654372862511712
2011-03-04,1.041989530781386,0.965614830631191
2011-03-07,1.0421147928234025,0.9654987499202884
2011-03-08,1.0422575241664722,0.9653665121531467
2011-03-09,1.0422593196924659,0.9653648490894357
2011-03-10,1.0414785173778571,0.9660880463728462
2011-03-11,1.0411113832494698,0.9664286044227074
2011-03-14,1.0414540445217442,0.9661105235137077
2011-03-15,1.040754000261447,0.966759923389157
2011-03-16,1.0399738484266434,0.9674846090765118
2011-03-17,1.0399505418042716,0.9675062911586799
2011-03-18,1.039847272058853,0.9676023670049461
2011-03-21,1.039579747903885,0.9678513045292667
2011-03-22,1.03960296653714,0.9678296879245468
2011-03-23,1.039484414845305,0.9679400549113724
2011-03-24,1.0399252387278093,0.9675295715150427
2011-03-28,1.039278953551619,0.9690333063681417
2011-03-29,1.03880493394396,0.9694752866335201
2011-03-30,1.0380241306618179,0.9702039792504152
2011-03-31,1.0380241306618179,0.9705241818711462
2011-04-01,1.0380241306618179,0.9699368780535988
2011-04-04,1.0383878056810498,0.9702766984897144
2011-04-05,1.0387056684923777,0.9705737116840725
2011-04-06,1.0387056684923777,0.9711115493255279
2011-04-07,1.0387056684923777,0.9718641509405127
2011-04-08,1.0384013413383066,0.972148894405549
2011-04-11,1.0384062953110353,0.9721442565079276
2011-04-12,1.0391201861968085,0.9714759199160642
2011-04-13,1.0389051484474991,0.9716769592165244
2011-04-14,1.0379582480226845,0.9725625851341934
2011-04-15,1.0377054989052805,0.9727994100117653
2011-04-18,1.0378873154021067,0.9726289657180525
2011-04-19,1.0382918010485824,0.9722499125683115
2011-04-20,1.0390888540340875,0.9715035571654401
2011-04-21,1.0384071610379597,0.972140910908637
2011-04-22,1.0377755022172412,0.9727322602409576
2011-04-25,1.03671253002566,0.9737286099719745
2011-04-26,1.0365262776804178,0.973903546834397
2011-04-27,1.0366662975558918,0.9737719863942154
2011-04-28,1.036880480287826,0.9735707980804651
2011-04-29,1.036463283533934,0.9739625217018129
2011-05-02,1.0357987216975981,0.9745870091604883
2011-05-03,1.0358245141708255,0.9745627409230257
2011-05-04,1.0352996787822948,0.9750565359701426
2011-05-05,1.0360357080633522,0.974363335560765
2011-05-06,1.0351320958408101,0.9752131582187652
2011-05-09,1.035168646849049,0.9751787229768052
2011-05-10,1.0359293461072887,0.9744621076373844
2011-05-11,1.0359116475061387,0.9744787560857017
2011-05-12,1.0356887937008374,0.9746883939438159
2011-05-13,1.0355385001239328,0.9748298354714101
2011-05-16,1.0352303841251131,0.9751198881043152
2011-05-17,1.03570143561354,0.9746761881494745
2011-05-18,1.034568787345055,0.9757420989022068
2011-05-19,1.0350740851214868,0.975265532898112
2011-05-20,1.034724228098839,0.9755951745155919
2011-05-23,1.034724228098839,0.975801862355235
2011-05-25,1.034724228098839,0.976246187371448
2011-05-26,1.034724228098839,0.9771903617704946
2011-05-27,1.034724228098839,0.9773438089289599
2011-05-30,1.0357794029684866,0.9763471485646015
2011-05-31,1.0357794029684866,0.9773311020856758
2011-06-01,1.0356383914210088,0.9774641564510247
2011-06-02,1.035285001790981,0.9777976953575342
2011-06-03,1.035304672083475,0.9777791173170579
2011-06-06,1.0344974895843602,0.9785414496166989
2011-06-07,1.0340144885608886,0.9789983250817752
2011-06-08,1.0340684829066467,0.9789472035794696
2011-06-09,1.034514541668927,0.9785249220911691
2011-06-10,1.0342254818291092,0.9787983375395216
2011-06-13,1.0344703218544582,0.9785666192015139
2011-06-14,1.0333488050980837,0.9796275281879562
2011-06-15,1.0330289059463122,0.979930796565268
2011-06-16,1.0330734975624616,0.9798884969764744
2011-06-17,1.0335605892655069,0.9794264818750196
2011-06-20,1.0336450654781415,0.9793464302161211
2011-06-21,1.0335264398757116,0.9794588242710555
2011-06-22,1.0333197553772013,0.9796546963340191
2011-06-23,1.0324670765576334,0.9804630916111899
2011-06-24,1.0323477906660334,0.9805763692320644
2011-06-27,1.0326974502919866,0.9802442447585253
2011-06-28,1.0324267057296284,0.9805012375485979
2011-06-29,1.031696159231786,0.9811950415167112
2011-06-30,1.0317233125288314,0.9811692173627842
2011-07-01,1.0314030910739216,0.9814737480741493
2011-07-04,1.0309458334473118,0.9819088702494735
2011-07-05,1.0320305914067944,0.9808757088282491
2011-07-06,1.0319020720176169,0.9809978578691858
2011-07-07,1.0312087053414074,0.9816570204414146
2011-07-08,1.0308223949381743,0.9820247678405967
2011-07-11,1.0310648376418574,0.9817938020205212
2011-07-12,1.030852618720558,0.9819958797308619
2011-07-13,1.0304206897455348,0.9824073376503614
2011-07-14,1.0309120499364934,0.9819388728166958
2011-07-15,1.031264383544098,0.981603276714654
2011-07-18,1.0304457543884924,0.9823824843304498
2011-07-19,1.0295348757359757,0.9832508767031409
2011-07-20,1.0299280862998252,0.9828753434009228
2011-07-22,1.0297688101779143,0.9835248141245826
2011-07-25,1.0287510632697725,0.9844968569061883
2011-07-26,1.0291997841324014,0.9840674388529204
2011-07-27,1.028914398462394,0.9843403098248146
2011-07-28,1.0292712804500743,0.9839988884909806
2011-07-29,1.0292982410577107,0.9839731137429126
2011-08-01,1.028965266005679,0.9842914262452344
2011-08-02,1.0286512385828661,0.9845918197668547
2011-08-03,1.0288956212515674,0.9843579045510158
2011-08-04,1.0285011426992021,0.9847353073440457
2011-08-05,1.0285569787658095,0.9846818472710045
2011-08-08,1.0290297722546007,0.9842292217232403
2011-08-09,1.0281101900002358,0.9851087684097671
2011-08-10,1.0288042612250012,0.984443727195248
2011-08-11,1.0284588019167316,0.9847742908037446
2011-08-12,1.028038292512473,0.9851769387752368
2011-08-15,1.027006050848073,0.98616614383736
2011-08-16,1.027006050848073,0.9862434966327536
2011-08-17,1.027006050848073,0.9861437875610544
2011-08-18,1.027006050848073,0.9864541388948267
2011-08-19,1.027006050848073,0.9858054167620041
2011-08-22,1.027006050848073,0.9868919042487557
2011-08-23,1.0264268923683593,0.9874484411984984
2011-08-24,1.0258552368349934,0.9879983881742854
2011-08-25,1.026023282059852,0.9878365442753227
2011-08-26,1.0262492285290536,0.9876190071265758
2011-08-29,1.0256981487306163,0.988149343099798
2011-08-30,1.0241414638389126,0.9896490407984379
2011-08-31,1.0242439806783368,0.9895499766599528
2011-09-01,1.02432713214879,0.9894696417620199
2011-09-02,1.0244670853477882,0.9893344511209347
2011-09-05,1.0249564954090957,0.988861824678073
2011-09-06,1.0244066716822602,0.9893922859183356
2011-09-07,1.0244066716822602,0.9889755715927235
2011-09-08,1.0244066716822602,0.9888166739142255
2011-09-09,1.0244066716822602,0.9898069354472102
2011-09-12,1.0244066716822602,0.9901176794118448
2011-09-13,1.0244066716822602,0.9906531549689203
2011-09-14,1.0243079487798596,0.9907486250175194
2011-09-15,1.0245478298567396,0.9905166031461965
2011-09-16,1.0237886227383466,0.991250592555066
2011-09-20,1.0237544559338667,0.9913720012671731
2011-09-21,1.0232213856913375,0.9918882099245214
2011-09-22,1.022796857059964,0.9922997386025997
2011-09-23,1.0232193122242192,0.9918898799428195
2011-09-26,1.0228794491749573,0.9922193368980413
2011-09-27,1.0232683059245775,0.9918421358636793
2011-09-28,1.023388178888557,0.9917259443859042
2011-09-29,1.0224538409084516,0.9926313752232059
2011-09-30,1.0222152832498277,0.9928629747412239
2011-10-03,1.0228077966808409,0.9922874749836584
2011-10-04,1.0224931514764954,0.9925927312559989
2011-10-05,1.02219054641724,0.9928864873382031
2011-10-06,1.0223238008496964,0.9927570530308447
2011-10-07,1.0224961601363047,0.9925896785675941
2011-10-10,1.0223639414249053,0.9927180300796733
2011-10-11,1.0221631266884719,0.9929130217078848
2011-10-12,1.022678324944913,0.9924125663067602
2011-10-13,1.023151321509166,0.9919535678878684
2011-10-14,1.0235055843726608,0.9916101071465037
2011-10-17,1.0233826565381836,0.991729204184154
2011-10-18,1.023000521691788,0.9920995195150674
2011-10-19,1.0226435153349505,0.9924457420511973
2011-10-20,1.0227885578320588,0.9923049825328384
2011-10-21,1.0229269455392371,0.9921707193849935
2011-10-24,1.0231421043132483,0.9919620297649541
2011-10-25,1.02313203574839,0.9919717914920804
2011-10-26,1.0219150775733867,0.9931516863041374
2011-10-27,1.0218850130616897,0.9931809046033339
2011-10-28,1.0211806642638113,0.9938654686856832
2011-10-31,1.0212079153182239,0.9938389465599577
2011-11-01,1.0210401235978788,0.9940022413641674
2011-11-02,1.0214680518395416,0.9935856449723851
2011-11-03,1.0223999236669035,0.9926792098969527
2011-11-04,1.0221778742058047,0.9928948044783871
2011-11-07,1.0217316447491436,0.9933282504766858
2011-11-08,1.021818767315835,0.9932435498537839
2011-11-09,1.0216882636013516,0.9933704040247863
2011-11-10,1.0211830897555725,0.9938615761025739
2011-11-11,1.021529425070454,0.9935245069076749
2011-11-14,1.0213204614959022,0.9937277418094536
2011-11-15,1.0207140070559368,0.9943178118451154
2011-11-17,1.0205565138759967,0.9946386353431756
2011-11-18,1.0207399596444733,0.994459848332034
2011-11-21,1.0203322356566555,0.9948570750020156
2011-11-22,1.0195896228086805,0.9955811466523832
2011-11-23,1.0189015703429947,0.9962529974121598
2011-11-24,1.018916347039109,0.9962385491786659
2011-11-25,1.0190867234651413,0.9960719647834132
2011-11-28,1.0192056818049526,0.9959556929642099
2011-11-29,1.0196805069156527,0.9954916995028249
2011-11-30,1.0192966827151924,0.9958664186457672
2011-12-01,1.0194409378275353,0.9957254794819925
2011-12-02,1.018537413569377,0.9966079848746988
2011-12-05,1.0183222221461572,0.996818543159353
2011-12-06,1.0184446354084253,0.9966987148701302
2011-12-07,1.0184480536857763,0.9966953695801414
2011-12-08,1.0180079454547806,0.9971260776897598
2011-12-09,1.0180218911152275,0.9971124180893959
2011-12-12,1.0176572918819249,0.9974695287039365
2011-12-13,1.0171877296408107,0.9979297760102521
2011-12-14,1.0172498047203269,0.9978688761700435
2011-12-15,1.0171886743885648,0.9979288418295817
2011-12-16,1.0172097553945554,0.9979081599792796
2011-12-19,1.0170242548485886,0.9980901406450363
2011-12-20,1.0167971129322695,0.998313053821516
2011-12-21,1.0161478457765145,0.9989505181384027
2011-12-22,1.0162671879468177,0.9988331957198634
2011-12-23,1.0161359425741974,0.998962189587335
2011-12-26,1.0158317462985953,0.9992612446298816
2011-12-27,1.0155373633540543,0.9995508255261587
2011-12-28,1.014413017027612,1.0006574724495776
2011-12-29,1.014413017027612,1.0001508421669774
2011-12-30,1.014413017027612,1.000458943880845
2012-01-02,1.0138972048649533,1.0009676606291835
2012-01-03,1.0142459553677294,1.0006233575053243
2012-01-04,1.0142427231675548,1.0006265462929886
2012-01-05,1.0148160595683409,1.0000609069154727
2012-01-06,1.0147946210398038,1.0000820337335692
2012-01-09,1.015002464431153,0.9998772036751425
2012-01-10,1.0142096173532997,1.0006582359848426
2012-01-11,1.014540208191981,1.0003320623420302
2012-01-12,1.0142350225621215,1.000632973994471
2012-01-16,1.0140292834376505,1.0011726469242992
2012-01-17,1.0132735545389975,1.0019187941156866
2012-01-18,1.0133434053198938,1.001849726083811
2012-01-19,1.0129376590155366,1.0022508702781145
2012-01-20,1.0122663485952303,1.0029150981770283
2012-01-23,1.011520348848102,1.0036542064272131
2012-01-24,1.0120353623899823,1.0031431979158534
2012-01-25,1.0117747556701802,1.0034015148364037
2012-01-26,1.0123210113599017,1.0028597798469876
2012-01-27,1.012035182459415,1.0031429373681686
2012-01-30,1.0112667680261223,1.0039046001295917
2012-01-31,1.0109493969471597,1.0042196607013343
2012-02-01,1.0113630916861875,1.0038087198652106
2012-02-02,1.0112198027488286,1.0039509385065308
2012-02-03,1.010993448006557,1.0041756661624976
2012-02-06,1.011199229839476,1.0039712720493972
2012-02-07,1.010851658794215,1.0043163586892414
2012-02-08,1.010851658794215,1.0033537248292057
2012-02-09,1.010851658794215,1.002757448386958
2012-02-10,1.010851658794215,1.0030499277962377
2012-02-13,1.010851658794215,1.0040145229179125
2012-02-14,1.010582224501169,1.0042821348279654
2012-02-15,1.0105175726712101,1.0043463836107338
2012-02-16,1.010038046531102,1.0048229813045186
2012-02-17,1.009139317036261,1.0057170704465008
2012-02-20,1.0091268483623015,1.0057294968360344
2012-02-21,1.0091322504741966,1.0057241129110235
2012-02-22,1.0088939793450755,1.0059615793281904
2012-02-23,1.008500169573072,1.006354244472705
2012-02-24,1.0079412408802169,1.0069119838557834
2012-02-27,1.0071825790973084,1.0076698709328482
2012-02-28,1.0074452841599968,1.0074070387690413
2012-02-29,1.0078269226203351,1.0070254147967475
2012-03-01,1.007003369228205,1.0078483132306977
2012-03-02,1.006345123212023,1.0085071115598514
2012-03-05,1.0053606517443079,1.0094936980234988
2012-03-06,1.0051409144747692,1.0097143386348408
2012-03-07,1.0050242790754922,1.0098315047290136
2012-03-08,1.0042976220051578,1.010561637540763
2012-03-09,1.0037646053279508,1.0110979787551129
2012-03-12,1.0035497645972375,1.0113143890842133
2012-03-14,1.0031714050672256,1.0116191645881372
2012-03-15,1.0028619896073818,1.0119311856519522
2012-03-16,1.0028751943527616,1.0119178614919113
2012-03-19,1.0025667827349451,1.0122290539777934
2012-03-20,1.0023459501124632,1.0124520148821359
2012-03-21,1.0032898884464447,1.0114985593730308
2012-03-22,1.003359948890429,1.011427925711738
2012-03-23,1.002628668768402,1.012165086027688
2012-03-26,1.0027698722794036,1.012022539471508
2012-03-27,1.0029517857577948,1.0118389474575726
2012-03-28,1.002088673626246,1.012709707630819
2012-03-29,1.00240350413853,1.0123915402625614
2012-03-30,1.0031469085007472,1.0116407285543065
2012-04-02,1.0024516657453546,1.012341858051519
2012-04-03,1.0017787367133895,1.0130214262041142
2012-04-04,1.0021357751017659,1.0126603808713002
2012-04-05,1.0021933116255184,1.0126022400888786
2012-04-06,1.0021556513068155,1.0126402915532404
2012-04-09,1.0022629428090783,1.0125318775578784
2012-04-10,1.001999349062183,1.0127981720201964
2012-04-11,1.001252069878416,1.0135535048375444
2012-04-12,1.0014168537798829,1.0133866963925013
2012-04-13,1.0019213774520719,1.0128761421957335
2012-04-16,1.0012813784103107,1.0135231388314139
2012-04-17,1.0009172781441653,1.0138916906217
2012-04-18,0.99990064967618,1.0149214971588105
2012-04-19,1.0002072382732,1.0146103028836593
2012-04-20,1.000407586962119,1.0144070691575193
2012-04-23,1.0001255218940945,1.014693081381632
2012-04-24,1.0006109369206198,1.0142005959303246
2012-04-25,1.000340565844521,1.0144746390137886
2012-04-26,1.000197484367819,1.0146197421260517
2012-04-27,0.9996343727819681,1.0151909734488194
2012-04-30,0.9993496659308048,1.0154801109907545
2012-05-01,0.9992445948298327,1.01558687803828
2012-05-02,0.9990332005981069,1.0158017295460535
2012-05-03,0.9989049251397837,1.015932158076702
2012-05-04,0.9985528074742979,1.0162902779045162
2012-05-07,0.9982991905110405,1.0165483999108247
2012-05-08,0.9980130874530483,1.0168397330187506
2012-05-09,0.9972778548740047,1.017588835118493
2012-05-11,0.9976534058700263,1.0167998075221096
2012-05-14,0.997084787208636,1.0173793387922414
2012-05-15,0.9971181061682668,1.0173453416622547
2012-05-16,0.9966426683264554,1.0178304240919334
2012-05-17,0.9966868825202256,1.0177852699428827
2012-05-18,0.9967422807084758,1.017728699056909
2012-05-21,0.9962569500986207,1.0182242483074426
2012-05-22,0.9959227963841697,1.0185657700551027
2012-05-23,0.9959227963841697,1.0187529641151951
2012-05-24,0.9955537914685811,1.019130427963692
2012-05-25,0.9949286414127474,1.0197703827802
2012-05-28,0.9948791410228507,1.0198211191138944
2012-05-29,0.9946080990441638,1.0200989562125264
2012-05-30,0.994850157071639,1.0198506944686216
2012-05-31,0.9952814632208233,1.0194085496163063
2012-06-01,0.9945593258266484,1.0201481926829392
2012-06-04,0.9944436089474304,1.0202668868242857
2012-06-05,0.9941045893257748,1.0206147099596015
2012-06-06,0.9939755936894964,1.0207471455657942
2012-06-07,0.9938644329930143,1.0208613002435887
2012-06-08,0.9937979739002113,1.0209295646000134
2012-06-11,0.9936430148395965,1.021088754184254
2012-06-12,0.9926423549442269,1.0221170536345248
2012-06-13,0.9926756281487428,1.022082792443074
2012-06-14,0.992804279371624,1.0219503300380295
2012-06-15,0.9923214765547415,1.0224473066408788
2012-06-18,0.9920948243820471,1.022680839733723
2012-06-19,0.9924635312994975,1.0223007656816399
2012-06-20,0.9921686277221466,1.0226045351839141
2012-06-21,0.9926311129701373,1.0221278626719676
2012-06-22,0.9932723056699341,1.0214676164684782
2012-06-25,0.9924180109790719,1.02234616141195
2012-06-26,0.9914675016039232,1.0233253351072267
2012-06-27,0.9913942650914831,1.0234009248552653
2012-06-28,0.9915144759105127,1.0232768330910658
2012-06-29,0.990914644737832,1.0238958793659136
2012-07-02,0.9910855625141644,1.0237192728258584
2012-07-03,0.9904319653421128,1.024394391147627
2012-07-04,0.9904423514462644,1.024383648898577
2012-07-05,0.9898683868602136,1.0249772825776482
2012-07-06,0.990411383769563,1.024415026520196
2012-07-10,0.9901338363981085,1.023853474281025
2012-07-11,0.9895580221655043,1.0244488982337472
2012-07-12,0.9899813781520491,1.0240106151171822
2012-07-13,0.98962204317255,1.024382301738275
2012-07-16,0.9891962069688409,1.0248230953458228
2012-07-17,0.9888649378162452,1.0251662954874772
2012-07-18,0.9879240391351205,1.0261417346788877
2012-07-19,0.9875782539494308,1.0265008965134157
2012-07-20,0.9870212927712085,1.0270798087631356
2012-07-23,0.9867754710558188,1.0273356072168078
2012-07-24,0.9869623983878939,1.0271409964772469
2012-07-25,0.9861544974871242,1.0279817864988594
2012-07-26,0.9865185489166961,1.0276022939955018
2012-07-27,0.9866374942270156,1.0274783951860182
2012-07-30,0.9863181544542519,1.0278109537185678
2012-07-31,0.9866015942805734,1.0275155900401263
2012-08-01,0.9865564164005184,1.0275626414298162
2012-08-02,0.9866455091133886,1.027469845577651
2012-08-03,0.9872663960367523,1.0268232682756948
2012-08-06,0.9869296198230627,1.0271735381256628
2012-08-07,0.9866572560374868,1.0274570080587442
2012-08-08,0.9861009482149655,1.0280363200410862
2012-08-09,0.9857162125352262,1.0284374171631443
2012-08-10,0.9868186378064285,1.0272872124854564
2012-08-13,0.9870313725333607,1.0270657536922632
2012-08-14,0.9860785143582724,1.0280572601701647
2012-08-15,0.9857714068578736,1.0283774416677234
2012-08-16,0.9855283726127058,1.0286309800981797
2012-08-17,0.9858934663703327,1.0282499187709042
2012-08-20,0.9859184940940281,1.028223815793519
2012-08-21,0.9857478875025405,1.0284017430375558
2012-08-22,0.9854262307327851,1.028737318073394
2012-08-23,0.9857222396556997,1.0284282990763471
2012-08-24,0.9852400334769084,1.028931396663383
2012-08-27,0.984169294208312,1.0300496188363202
2012-08-28,0.9838599955804463,1.0303733364483352
2012-08-29,0.9835505640729396,1.0306973967579567
2012-08-30,0.9832156325037936,1.0310483833864237
2012-08-31,0.9846349326758055,1.0295600352565568
2012-09-03,0.9850759409447369,1.0290989054775477
2012-09-04,0.9844354857138209,1.0297679826011967
2012-09-06,0.9843965440120478,1.0293937728506155
2012-09-07,0.9839988438638302,1.029809652059586
2012-09-10,0.984057690889901,1.0297480653658406
2012-09-11,0.9845764756619376,1.0292051931132362
2012-09-12,0.983577678084705,1.0302492640196284
2012-09-13,0.983471832510809,1.0303601320547982
2012-09-14,0.9825235353196365,1.0313536405487111
2012-09-17,0.9823640305189845,1.0315210725245612
2012-09-18,0.9818881550682511,1.0320207605628835
2012-09-19,0.9813506215682365,1.0325857390980147
2012-09-20,0.9810371771192761,1.032915548098878
2012-09-21,0.9812678043961359,1.0326727249871344
2012-09-24,0.9813636310475103,1.0325718783387903
2012-09-25,0.9804078317380202,1.0335775519312198
2012-09-26,0.9804249943367908,1.0335594585661447
2012-09-27,0.9796787921463467,1.0343461014367274
2012-09-28,0.9787483892560122,1.0353284219790295
2012-10-01,0.9786709094779021,1.035410380751362
2012-10-02,0.9780901042675528,1.036024858752257
2012-10-03,0.9790312928217199,1.0350279212158933
2012-10-04,0.9788905990198538,1.0351766621339222
2012-10-05,0.978183897791017,1.035923998577776
2012-10-08,0.9776275475905142,1.0365131889392367
2012-10-09,0.9780005202210056,1.0361177509715052
2012-10-10,0.9786530262097642,1.0354264701147062
2012-10-11,0.9782357407803765,1.0358679630316134
2012-10-12,0.9773526397416626,1.0368030914837736
2012-10-15,0.9781271571586299,1.0359814616854113
2012-10-16,0.9784620943752114,1.0356267135888397
2012-10-17,0.977739647511753,1.0363913679124432
2012-10-18,0.977866488375093,1.0362569182394665
2012-10-19,0.9769336857609093,1.0372454204264123
2012-10-22,0.976737045197296,1.037454200742877
2012-10-23,0.9765705240417538,1.0376310733957361
2012-10-24,0.976868699491474,1.037314254380277
2012-10-25,0.9765865123493268,1.0376139023729956
2012-10-26,0.9768749788841329,1.0373074094170731
2012-10-29,0.9766058799862404,1.037593155583864
2012-10-30,0.9767841425727796,1.0374037608203464
2012-10-31,0.9759699190075329,1.0382685154287807
2012-11-01,0.9757633332625695,1.0384882880575828
2012-11-05,0.9761152407555923,1.0383627822494486
2012-11-06,0.9761837397982011,1.0382899149756932
2012-11-07,0.9758545037392965,1.0386400974932566
2012-11-08,0.9757430921559286,1.0387586771968578
2012-11-09,0.9750503222487812,1.0394961876728583
2012-11-12,0.974856581017264,1.039702734214059
2012-11-13,0.9747392500243018,1.0398278699074175
2012-11-14,0.9757885889385861,1.0387084609495614
2012-11-15,0.975114560985175,1.0394259509325976
2012-11-16,0.9756357440098327,1.0388703945060098
2012-11-19,0.9760084404212809,1.0384735422275142
2012-11-20,0.9759307430184676,1.0385562123088166
2012-11-21,0.9763462242429936,1.0381140696568754
2012-11-22,0.9763276216388664,1.0381338491414447
2012-11-23,0.9760907220946082,1.0383857455646226
2012-11-26,0.9760907220946082,1.0389194330930784
2012-11-27,0.9760907220946082,1.0387699418356315
2012-11-28,0.9760907220946082,1.0385291711946394
2012-11-29,0.9760907220946082,1.0392158046206506
2012-11-30,0.9751922319078647,1.0401724013603029
2012-12-03,0.9748182780444351,1.0405712729626335
2012-12-04,0.9739621889797955,1.0414851065538016
2012-12-05,0.973967419625728,1.0414795132772883
2012-12-06,0.9742504913121698,1.0411768200287488
2012-12-07,0.9739007773022136,1.0415505577112574
2012-12-10,0.9739136501194048,1.0415367907133894
2012-12-11,0.9739769489459332,1.0414690967688285
2012-12-12,0.9739526142303457,1.041495117768905
2012-12-13,0.973059918345435,1.0424497210958046
2012-12-14,0.9726152811942952,1.0429260657334327
2012-12-17,0.9725633452058009,1.0429817561972756
2012-12-18,0.9730985414391295,1.042407809101594
2012-12-19,0.972551144603577,1.0429941944590457
2012-12-20,0.9718460584630391,1.043750350837304
2012-12-21,0.9721266312732967,1.0434490191947137
2012-12-24,0.9719599143014983,1.0436279677546128
2012-12-25,0.9712247438087064,1.0444173464893285
2012-12-26,0.9706840469188253,1.0449987909125524
2012-12-27,0.9705208311167114,1.0451745023774808
2012-12-28,0.9697345185708647,1.0460212990638258
2012-12-31,0.968707830061149,1.0471287547933068
2013-01-02,0.9690257413911939,1.046468083845393
2013-01-03,0.9693441718049967,1.046124205194149
2013-01-04,0.9686805943342088,1.0468403434600035
2013-01-07,0.9687109450175272,1.0468075438768025
2013-01-08,0.9688884953406137,1.0466156796075066
2013-01-09,0.9688392555019855,1.0466688696158692
2013-01-10,0.9691618829461133,1.0463203245911559
2013-01-11,0.9686737594726972,1.0468473093190247
2013-01-14,0.9682698286203059,1.0472838380489937
2013-01-15,0.968679289265807,1.0468409640652392
2013-01-16,0.9690003516462173,1.0464939955117063
2013-01-17,0.9690803759569778,1.0464075714350138
2013-01-18,0.96918009459231,1.0462998958101497
2013-01-21,0.9689385789564068,1.0465606293787528
2013-01-22,0.9692576394299428,1.046216008845268
2013-01-23,0.9690171846079042,1.046475555609706
2013-01-24,0.9685556560304925,1.0469739764655468
2013-01-25,0.9687755375278437,1.0467362924417123
2013-01-28,0.9689720222631787,1.0465239958926986
2013-01-29,0.9689720222631787,1.0475113533772265
2013-01-30,0.9689720222631787,1.0480163795757247
2013-01-31,0.9689720222631787,1.0482012699009928
2013-02-01,0.9689720222631787,1.0486491093214148
2013-02-04,0.9689720222631787,1.0486926035849666
2013-02-05,0.9688330453676371,1.04884301457628
2013-02-06,0.9695341225247673,1.0480840397637972
2013-02-07,0.9698314637332929,1.0477626085033809
2013-02-08,0.969825747021193,1.047768784583871
2013-02-11,0.9697096687203329,1.04789419187542
2013-02-12,0.968803636282734,1.0488732747490226
2013-02-13,0.9687451934100573,1.048936547805558
2013-02-14,0.9692786323287518,1.0483589515690586
2013-02-15,0.9686298047908761,1.0490607148543196
2013-02-18,0.9679405041903091,1.0498072520527455
2013-02-19,0.9675511553257672,1.0502295313765315
2013-02-20,0.9666455198218482,1.0512125544917883
2013-02-21,0.9661540032367734,1.051747071431428
2013-02-22,0.9657100086218526,1.0522304002117362
2013-02-25,0.9649728750000711,1.0530335754909939
2013-02-26,0.9644878647403965,1.0535628464178008
2013-02-27,0.9647988632742879,1.0532231257094573
2013-03-01,0.9653573651633053,1.0527528487370514
2013-03-04,0.9653385304560602,1.0527733885831467
2013-03-05,0.9654756185982608,1.0526238837789297
2013-03-06,0.9648126377727085,1.05334670829984
2013-03-07,0.9650723977573954,1.0530631119681735
2013-03-08,0.9640881948316893,1.054137049838701
2013-03-11,0.9640881948316893,1.0541414754789977
2013-03-12,0.9640881948316893,1.0543305306941622
2013-03-13,0.964228394459806,1.0541772078455807
2013-03-14,0.964228394459806,1.055370800063272
2013-03-15,0.964228394459806,1.0561264646908648
2013-03-18,0.9644234638981068,1.055912803697862
2013-03-19,0.9635926373495677,1.056822446010699
2013-03-20,0.9635926373495677,1.0568058409028511
2013-03-21,0.9625868110741094,1.0579089658559035
2013-03-22,0.9629960828327726,1.05745916511276
2013-03-25,0.9623885770925911,1.0581262628551764
2013-03-26,0.9622544880183839,1.058273691008791
2013-03-27,0.962514856160359,1.0579873418588936
2013-03-28,0.9621242676193861,1.0584166731357874
2013-03-29,0.9627621595247683,1.0577149390136604
2013-04-01,0.9626340848568962,1.057855645093742
2013-04-02,0.9620243319429127,1.0585257133702726
2013-04-03,0.9616443116709046,1.0589438537604539
2013-04-04,0.9606501715629499,1.0600385813476905
2013-04-05,0.9608654602121179,1.0598010190372884
2013-04-08,0.9604573755248331,1.0602511221842394
2013-04-09,0.9605529911721504,1.060145571849628
2013-04-10,0.9605298808870263,1.0601710782679763
2013-04-11,0.9607531827968878,1.0599246119879906
2013-04-12,0.9606177123424371,1.060074066053239
2013-04-15,0.9601579963652441,1.0605813781493114
2013-04-16,0.9604989203085958,1.060204796808477
2013-04-17,0.9605553043485696,1.0601425597477374
2013-04-18,0.9605130044059588,1.0601892452110664
2013-04-19,0.9605717061745377,1.0601244517273376
2013-04-22,0.959883136146296,1.0608843845038012
2013-04-23,0.9600800399109639,1.0606667620440244
2013-04-24,0.9600895915446327,1.0606562096942884
2013-04-25,0.9593348102124577,1.061490052196054
2013-04-26,0.9595158532065338,1.0612897307491664
2013-04-30,0.9594670918003491,1.061601910068757
2013-05-01,0.9592587950202982,1.0618323799425577
2013-05-02,0.9595232472728841,1.0615396497990324
2013-05-03,0.9595853198663243,1.0614709776545168
2013-05-06,0.9589195663854208,1.0622074186813033
2013-05-07,0.959258691369238,1.0618317656168563
2013-05-08,0.9593509855329944,1.0617296024821992
2013-05-09,0.9590281849681491,1.0620868512061412
2013-05-10,0.9595942357542703,1.0614599717186797
2013-05-13,0.9598528053053644,1.0611739537142302
2013-05-14,0.9598345450560858,1.0611941414980401
2013-05-15,0.9595213844188946,1.061540372247128
2013-05-16,0.9597278215769941,1.061311986115028
2013-05-17,0.9591930377930502,1.061903375076689
2013-05-20,0.9589093445381666,1.0622174461895701
2013-05-21,0.9589093445381666,1.062677503223613
2013-05-22,0.9589093445381666,1.061880394528449
2013-05-23,0.9589093445381666,1.0625075772376813
2013-05-24,0.9589093445381666,1.0619607097468295
2013-05-27,0.9591428095881193,1.061702154846347
2013-05-28,0.9579041870541923,1.0630732209693117
2013-05-29,0.9577864117567012,1.0632039269068643
2013-05-30,0.9569108508656853,1.064175855268081
2013-05-31,0.9571544830215745,1.0639049131446536
2013-06-03,0.9574077996791377,1.0636233443474077
2013-06-04,0.957031984684919,1.064040852541033
2013-06-05,0.9567126237082674,1.064395922310176
2013-06-06,0.9573421442340107,1.0636955457665755
2013-06-07,0.9568259181415283,1.0642691206358001
2013-06-10,0.9561878913085108,1.0649787923155103
2013-06-11,0.9563621559835888,1.0647847005633613
2013-06-12,0.9566344207218002,1.0644815692381235
2013-06-13,0.956329062505975,1.0648213523211074
2013-06-14,0.9566050945378837,1.0645140053910345
2013-06-17,0.9568292261552992,1.0642645908236734
2013-06-18,0.9567431477710118,1.064360334320975
2013-06-19,0.9561581815347906,1.0650110992208348
2013-06-20,0.9561581815347906,1.064488933634715
2013-06-21,0.9561581815347906,1.0640458089960663
2013-06-24,0.9561581815347906,1.064316108096182
2013-06-25,0.9555267428140666,1.0650189733905662
2013-06-27,0.9548714526774722,1.065118653156507
2013-06-28,0.9544959995060003,1.0655374552635342
2013-07-01,0.9541439863011167,1.0659304199849629
2013-07-02,0.9543133776950015,1.0657411828863512
2013-07-03,0.9541895656226941,1.065879451538432
2013-07-04,0.9541011327460357,1.0659782356684062
2013-07-05,0.9538069225766096,1.0663069446768714
2013-07-08,0.9535956666607319,1.0665431178948175
2013-07-09,0.9534867491386492,1.0666649360171694
2013-07-10,0.9526085851465522,1.0676473374394113
2013-07-11,0.9520346155092424,1.0682906206982437
2013-07-12,0.9515889923884476,1.0687906602898258
2013-07-15,0.9508613139775948,1.069607962607775
2013-07-16,0.951151197961161,1.0692818769709982
2013-07-17,0.9509274377474601,1.0695334276622137
2013-07-18,0.9514510527963885,1.0689445038644292
2013-07-19,0.9518412609870591,1.0685061093726114
2013-07-22,0.9508700683014664,1.0695963387632326
2013-07-23,0.9505892045478366,1.06991227135233
2013-07-24,0.9504191330281628,1.070103691163365
2013-07-25,0.9499672062341791,1.0706125282790875
2013-07-26,0.9498603950376,1.0707329044399356
2013-07-29,0.9494809108221168,1.0711606791301493
2013-07-30,0.9491795638212089,1.0715006449519655
2013-07-31,0.949159436927605,1.0715233656049374
2013-08-01,0.949416727938756,1.0712329050990597
2013-08-02,0.94909664898171,1.071594052212785
2013-08-05,0.9494596529034235,1.0711841963315576
2013-08-06,0.9494596529034235,1.0713726387294047
2013-08-07,0.9494596529034235,1.0715803555264423
2013-08-08,0.94951911418548,1.0715132462590067
2013-08-09,0.9492645955323064,1.0718004654462996
2013-08-12,0.9491140448434143,1.0719704499787335
2013-08-13,0.9486097541118018,1.0725400177408204
2013-08-14,0.9482307174872391,1.0729685732624885
2013-08-15,0.9476239627579732,1.0736551453637444
2013-08-16,0.9469692930974047,1.0743968841517098
2013-08-19,0.9467276129841343,1.0746710856095096
2013-08-20,0.9461482172276341,1.075328782562779
2013-08-21,0.946179264836367,1.0752934959272473
2013-08-22,0.9463349263383668,1.0751165930855902
2013-08-26,0.9462819831088832,1.0755669934832015
2013-08-27,0.9462819831088832,1.0756827902617274
2013-08-28,0.9465855322308204,1.075337731841198
2013-08-29,0.9464215506745517,1.0755240177591399
2013-08-30,0.9464215506745517,1.0755940640737367
2013-09-02,0.9464215506745517,1.0763058698968477
2013-09-03,0.9459979651597671,1.0767875871354726
2013-09-04,0.9457592061015486,1.077059355997219
2013-09-05,0.9456460309618863,1.0771882432893047
2013-09-06,0.9454739232371119,1.0773842917171903
2013-09-09,0.945151099883189,1.0777521546502316
2013-09-10,0.9446044852691959,1.0783754571867965
2013-09-11,0.9447569939728805,1.0782013508326287
2013-09-12,0.9449284720785954,1.0780056519106842
2013-09-13,0.9449630434124949,1.0779662117896178
2013-09-16,0.9451648419445854,1.0777360101952815
2013-09-17,0.9448917046801996,1.0780474583707653
2013-09-18,0.9447090619125678,1.0782558394693185
2013-09-19,0.9443434691046017,1.078673113523258
2013-09-20,0.9446759883910207,1.078293294500071
2013-09-23,0.943838687012774,1.0792490258542435
2013-09-24,0.9438187281293072,1.0792718481922499
2013-09-25,0.9436961071428164,1.0794120672563274
2013-09-26,0.9434884677529531,1.079649567931979
2013-09-27,0.9446412962116663,1.0783303671257267
2013-09-30,0.9447707669164431,1.07818257325606
2013-10-01,0.9442088249462613,1.0788238674838742
2013-10-02,0.9439588267287905,1.0791095077328425
2013-10-03,0.9431673099667637,1.0800143493840328
2013-10-04,0.9428753988771796,1.0803486147494283
2013-10-07,0.9424223274907543,1.0808677448967312
2013-10-08,0.9425388507048995,1.0807341039800982
2013-10-09,0.9424365835833789,1.0808513655294345
2013-10-10,0.9424229216313065,1.0808670339996642
2013-10-11,0.9419854985591062,1.0813687155354164
2013-10-14,0.9426067633339913,1.0806555237796487
2013-10-15,0.9423688995250781,1.080928223752753
2013-10-16,0.9430671491860692,1.08012730835097
2013-10-17,0.9431667710493467,1.080013207997535
2013-10-18,0.9428522779816297,1.0803733316547544
2013-10-21,0.9431285691291493,1.0800567416708053
2013-10-23,0.9421133871711931,1.0812997862544167
2013-10-24,0.9420313406547011,1.0813939541984814
2013-10-25,0.9422362667096789,1.0811587117098858
2013-10-28,0.9423287045526586,1.0810526449167044
2013-10-29,0.9416844281160923,1.0817917678389317
2013-10-30,0.9415818273942703,1.0819096338808112
2013-10-31,0.9421315943697863,1.0812779328752318
2013-11-01,0.9420726379008166,1.0813455968080392
2013-11-04,0.9420726379008166,1.0814855769009863
2013-11-05,0.9424632149463338,1.081037200178851
2013-11-06,0.9418587082548533,1.0817305898102805
2013-11-07,0.9418587082548533,1.0818297984346246
2013-11-08,0.9418587082548533,1.0823141224583792
2013-11-11,0.9424152799163156,1.0816745516139614
2013-11-12,0.9422862561793746,1.0818226409921554
2013-11-13,0.9420244990951303,1.0821231597976866
2013-11-14,0.9418560462902732,1.0823166650426603
2013-11-15,0.9427884478814683,1.081245212791929
2013-11-18,0.9430884375841929,1.0809011669662862
2013-11-19,0.9435605603623765,1.0803600532790087
2013-11-20,0.9433133327998212,1.080643124439329
2013-11-21,0.9431912915007319,1.0807829328001068
2013-11-22,0.9418969016246443,1.0822661467558239
2013-11-25,0.9421461856215048,1.0819797124016342
2013-11-26,0.9413713149583489,1.0828695895248077
2013-11-27,0.940907855911414,1.0834027114714204
2013-11-28,0.9405281626287052,1.0838399070261497
2013-11-29,0.9404815365898925,1.0838936376464328
2013-12-02,0.9399487098523399,1.0845077140406332
2013-12-03,0.9394155517957791,1.085122868909279
2013-12-04,0.939410931919526,1.0851282053478384
2013-12-05,0.9393420753851819,1.0852077426035807
2013-12-06,0.939446908206646,1.0850866308249083
2013-12-09,0.9391015253736752,1.0854855573542301
2013-12-10,0.9391574504737477,1.0854209148349903
2013-12-11,0.9395070787360547,1.085016835808482
2013-12-12,0.9389704142294041,1.0856366182859913
2013-12-13,0.93860902946128,1.0860544509797811
2013-12-16,0.9383179167431078,1.086391294386763
2013-12-17,0.9389180160043614,1.0856964951065184
2013-12-18,0.9387288182730442,1.085915269600427
2013-12-20,0.9390383134632577,1.0857950951653423
2013-12-23,0.9390383134632577,1.0869417217396875
2013-12-24,0.9388471721401642,1.0871629688132523
2013-12-25,0.9388319040363796,1.0871806489187381
2013-12-26,0.938250697906966,1.087853693852783
2013-12-27,0.9378228172375358,1.0883497996034168
2013-12-30,0.9373734443019526,1.0888712999715033
2013-12-31,0.937529713919139,1.0886897741322061
2014-01-01,0.9380721683067608,1.0880598585828969
2014-01-02,0.9380858941174395,1.0880439381621332
2014-01-03,0.9381816420588319,1.0879328844005567
2014-01-06,0.9369401232028336,1.0893725727609898
2014-01-07,0.9365749144991271,1.0897971979161079
2014-01-08,0.9363447013860497,1.0900650735570965
2014-01-09,0.9358356301883137,1.0906577193335767
2014-01-10,0.9355760684321761,1.0909602222773023
2014-01-13,0.9352446035254802,1.0913467381796298
2014-01-14,0.9354159972668284,1.0911467370250016
2014-01-15,0.9355066931488781,1.0910409418322218
2014-01-16,0.9344059480404672,1.0923246931817239
2014-01-17,0.9338463029311785,1.092978920794012
2014-01-20,0.9338316949964599,1.0929960180022715
2014-01-21,0.9337005887532169,1.0931494702812716
2014-01-22,0.9325367041243289,1.0945121125253303
2014-01-23,0.9324380777984567,1.094627869586477
2014-01-24,0.9327693754614922,1.0942389454705252
2014-01-27,0.9334680658949215,1.0934193063365671
2014-01-28,0.9335753214341378,1.0932936723898095
2014-01-29,0.9337799693041041,1.093054012861365
2014-01-30,0.9338747177010992,1.0929431033120578
2014-01-31,0.9331702670164096,1.0937675442170973
2014-02-03,0.9333082674383196,1.0936057941186337
2014-02-04,0.9332160386671383,1.0937138633622774
2014-02-05,0.9336037700983395,1.0932594484958422
2014-02-06,0.9348101279828285,1.0918467912233183
2014-02-07,0.9339726021144706,1.0928250111896618
2014-02-10,0.9342117369402028,1.0925452037113537
2014-02-11,0.9339312854598322,1.092873187087752
2014-02-12,0.9339306312657902,1.0928739526163713
2014-02-13,0.9334364867358654,1.0934521943695634
2014-02-14,0.9331065232351554,1.0938387223433894
2014-02-18,0.9333323664353916,1.094280521574258
2014-02-19,0.9325633714164925,1.0951821256551095
2014-02-20,0.93267124700251,1.09505543891486
2014-02-21,0.9321465679836668,1.0956714679981143
2014-02-24,0.9314440017937233,1.096497284189624
2014-02-25,0.9311769262728576,1.0968116858957264
2014-02-26,0.9315159083448761,1.0964124067819416
2014-02-27,0.9313106693143501,1.0966539771270196
2014-02-28,0.9312294125678212,1.0967496600577382
2014-03-03,0.9307217952181579,1.0973475032402762
2014-03-04,0.9310634015501156,1.096944739646052
2014-03-05,0.9311732216047504,1.0968153536869019
2014-03-06,0.9315933869792374,1.096320447021705
2014-03-07,0.9308281412219721,1.0972210057659089
2014-03-10,0.9306470249994869,1.0974344979402375
2014-03-11,0.930399485696002,1.0977264004166256
2014-03-12,0.9306196015835626,1.097466697971986
2014-03-13,0.9300796539938165,1.0981034506230027
2014-03-14,0.9301123097767275,1.0980648954006158
2014-03-17,0.9296288268795211,1.0986356819511953
2014-03-18,0.9292201279644495,1.0991186824760173
2014-03-19,0.929039945488912,1.099331809504972
2014-03-20,0.9291154883815327,1.0992424196942936
2014-03-21,0.9288783122484959,1.099523024279658
2014-03-24,0.9288995081994176,1.0994979344097013
2014-03-25,0.9295272238170772,1.0987549347429761
2014-03-26,0.9295261682677487,1.0987561824633265
2014-03-27,0.9295010980042818,1.0987858170319063
2014-03-28,0.9291681559575041,1.0991793959095195
2014-03-31,0.9285886355268186,1.0998649520306951
2014-04-01,0.9286688474205004,1.09976994521366
2014-04-02,0.9286972530288492,1.0997363060596985
2014-04-03,0.9289041486801339,1.0994913062402831
2014-04-04,0.928469798687509,1.1000054217617128
2014-04-07,0.9280174469160484,1.1005413459262399
2014-04-08,0.9271075960858681,1.1016203433745813
2014-04-09,0.9266145358265497,1.102206214113283
2014-04-10,0.9266321538477789,1.1021852575108033
2014-04-11,0.9256740008618549,1.1033249353119028
2014-04-14,0.925495005305417,1.1035382828408862
2014-04-15,0.9251861053461337,1.10390660782231
2014-04-17,0.9247019845041691,1.1045595221613693
2014-04-18,0.9247487933338695,1.1045036088623463
2014-04-21,0.923364220044896,1.106157318718936
2014-04-22,0.9231949110998933,1.1063601447810398
2014-04-23,0.9220169287926243,1.1077718430696133
2014-04-24,0.9226329411750637,1.107031725235614
2014-04-25,0.9226329411750637,1.106547423942428
2014-04-28,0.9226329411750637,1.1064974863355073
2014-04-29,0.9226329411750637,1.1058140014204645
2014-04-30,0.9220066706943196,1.1065646126715663
2014-05-01,0.9226366860470622,1.1058084872367473
2014-05-02,0.9228426343179209,1.1055616518905145
2014-05-05,0.9224276793253501,1.1060587662521475
2014-05-06,0.9227529856080701,1.1056687000455672
2014-05-07,0.9221235427785534,1.1064229162290087
2014-05-08,0.9214955658482932,1.1071764031906468
2014-05-09,0.9210793040893768,1.1076765414594605
2014-05-12,0.9208463357641264,1.1079567057706519
2014-05-13,0.9203977911448922,1.1084963919261117
2014-05-14,0.920599087778735,1.1082539569762797
2014-05-15,0.920300358797959,1.1086135788566438
2014-05-16,0.9203732749564169,1.1085257424860375
2014-05-19,0.9198429322733395,1.1091645034458864
2014-05-20,0.9189249655006556,1.1102714056395981
2014-05-21,0.9187241883526863,1.1105139903278647
2014-05-22,0.9177374226094612,1.1117067500014646
2014-05-23,0.9174866549829788,1.1120105188749727
2014-05-26,0.916993998631181,1.1126076273368937
2014-05-27,0.916993998631181,1.1114469810679357
2014-05-28,0.916993998631181,1.1112801390220879
2014-05-29,0.916993998631181,1.1115486559314043
2014-05-30,0.916993998631181,1.1110827448903495
2014-06-02,0.9166761322810252,1.1114678900683623
2014-06-03,0.916687979494005,1.1114535253474427
2014-06-04,0.916528941745605,1.1116463532998941
2014-06-05,0.9167083520256329,1.111428748841973
2014-06-06,0.9169547872831689,1.1111299676327164
2014-06-09,0.9168011234057215,1.1113161715127138
2014-06-10,0.9169050793452627,1.1111901595415377
2014-06-11,0.9159120179488798,1.1123936429514771
2014-06-12,0.9151219803243795,1.1133531596015094
2014-06-16,0.9153678091054184,1.1135838312528983
2014-06-17,0.9145897943386512,1.1145303192723914
2014-06-18,0.9154881770474905,1.1134355391059065
2014-06-19,0.9159604648416834,1.1128611329825677
2014-06-20,0.9154832619636104,1.1134409184164802
2014-06-23,0.915205888818235,1.1137782687783737
2014-06-24,0.9149367801464015,1.114105766005271
2014-06-25,0.914182340863198,1.1150244362060506
2014-06-26,0.9137120716343308,1.1155980216477555
2014-06-27,0.91358923236223,1.1157480024274677
2014-06-30,0.913007274983027,1.1164587351729323
2014-07-01,0.912976014998104,1.1164969610274078
2014-07-02,0.9125583110182315,1.1170077797307203
2014-07-03,0.9117232892026781,1.1180298797466386
2014-07-04,0.9111134314135012,1.1187777373902579
2014-07-07,0.9109273721684971,1.1190062039389546
2014-07-08,0.9119504740455193,1.117749399738501
2014-07-09,0.9119504740455193,1.1179838390901375
2014-07-10,0.9119504740455193,1.1188820007970135
2014-07-11,0.9119504740455193,1.1190115755082217
2014-07-14,0.9119504740455193,1.1199694452168267
2014-07-15,0.9122950656453402,1.1195462511137897
2014-07-16,0.9118591964966049,1.1200811391010417
2014-07-17,0.9117473077045426,1.1202185775631937
2014-07-18,0.9118256009589788,1.1201223825348385
2014-07-21,0.9111711421181661,1.120926345480462
2014-07-22,0.9101884424488199,1.122135266503251
2014-07-23,0.9097927325924017,1.1226231215061064
2014-07-24,0.9105810190357204,1.1216504289840221
2014-07-25,0.9100758591168697,1.1222726831578294
2014-07-28,0.9087820062748194,1.1238682157566922
2014-07-29,0.9088299623281668,1.1238089096923796
2014-07-30,0.9093415651652106,1.1231762898951396
2014-07-31,0.9095819997121091,1.1228793163566002
2014-08-01,0.9096392458143545,1.1228086460221238
2014-08-04,0.9092941135750412,1.1232346582727002
2014-08-05,0.909766622226288,1.122650976837298
2014-08-06,0.9088205692082892,1.1238184051852376
2014-08-07,0.9085937705185744,1.1240988571802837
2014-08-08,0.9090184447078384,1.1235734565157454
2014-08-11,0.9092036105743203,1.1233445860743996
2014-08-13,0.9090807195719112,1.1237761027355369
2014-08-14,0.9079894319309597,1.1251251171252483
2014-08-15,0.9077968762000136,1.125363720441229
2014-08-18,0.9082033264784442,1.1248598583884934
2014-08-19,0.9077270297149004,1.1254497781722803
2014-08-20,0.9076057894554362,1.1256000984983836
2014-08-21,0.9077132521386114,1.1254668247707675
2014-08-22,0.9075841830966354,1.125626856503814
2014-08-25,0.9076822623241559,1.1255052142202457
2014-08-26,0.9074243339638813,1.1258250394789668
2014-08-27,0.9072736794220563,1.1260119538575541
2014-08-28,0.9074434336937915,1.1258012728430735
2014-08-29,0.9072856536566719,1.1259970194428317
2014-09-01,0.9070914633960437,1.126238021440153
2014-09-02,0.9070906436731194,1.1262390392020454
2014-09-03,0.9075220814126825,1.1257033683419497
2014-09-04,0.9066755509417646,1.1267534168443873
2014-09-05,0.9071824850660183,1.1261234343153288
2014-09-08,0.9067634406675904,1.1266436115948248
2014-09-09,0.906527902759361,1.1269362648577306
2014-09-10,0.9070894039564479,1.1262382432526237
2014-09-11,0.9062326914106216,1.1273019338087866
2014-09-12,0.9057271836967108,1.1279307566584234
2014-09-15,0.9056297298602514,1.1280521190084507
2014-09-16,0.9056297298602514,1.1283596129106295
2014-09-17,0.9056297298602514,1.127427672672685
2014-09-18,0.9056297298602514,1.1279208865616948
2014-09-19,0.9056297298602514,1.12823504639134
2014-09-22,0.9056297298602514,1.1282105787146637
2014-09-23,0.9051581428539885,1.1287980698622124
2014-09-24,0.9048000434697315,1.129244645852231
2014-09-25,0.9047760772159285,1.129274557172399
2014-09-26,0.9046037078078162,1.129489695914368
2014-09-29,0.9045949526608305,1.1295006276054735
2014-09-30,0.9044189483143732,1.1297203911794356
2014-10-01,0.9036952656954361,1.1306243516867633
2014-10-02,0.903796211339453,1.1304980573399248
2014-10-03,0.9043957687955029,1.1297481111343266
2014-10-06,0.9041297505299231,1.1300804143620014
2014-10-07,0.9041042825539972,1.1301122470284637
2014-10-08,0.9039891451196126,1.1302561665156294
2014-10-10,0.9047691948859279,1.1296402158223264
2014-10-13,0.9043376481093026,1.130179019084683
2014-10-14,0.9048503234638965,1.1295383126731173
2014-10-15,0.9042685970384395,1.1302644905480752
2014-10-16,0.9045325688267137,1.1299345466135298
2014-10-17,0.9044958976828839,1.129980355900785
2014-10-20,0.9042526994709342,1.1302841817144755
2014-10-21,0.9039331554651875,1.1306836005221477
2014-10-22,0.9033673740052405,1.1313913075183717
2014-10-23,0.9034704597186932,1.1312622013723164
2014-10-24,0.9030889017658096,1.1317399614197943
2014-10-27,0.9021453182702718,1.1329224487106337
2014-10-28,0.9014194817566419,1.1338339609290444
2014-10-29,0.9012007724158936,1.1341090604616502
2014-10-30,0.9011879859382219,1.1341251515044264
2014-10-31,0.9013098780067913,1.133971753031643
2014-11-03,0.9016965255449538,1.1334852972661464
2014-11-04,0.900770058183947,1.1346499209531054
2014-11-05,0.9004221296480123,1.1350881871701148
2014-11-06,0.8996456782258139,1.1360669956736258
2014-11-07,0.8996456782258139,1.135844268647558
2014-11-10,0.8996456782258139,1.1363300312013531
2014-11-11,0.8996456782258139,1.1359758047052508
2014-11-12,0.8996456782258139,1.1364621011066909
2014-11-13,0.8998832694277493,1.1361619680619923
2014-11-14,0.8996889050181177,1.1364073659459966
2014-11-17,0.900080562424186,1.1359126589881796
2014-11-18,0.8998446830969523,1.1362103415790323
2014-11-19,0.8997564577559495,1.1363217414091582
2014-11-20,0.8991201251189302,1.1371253795536584
2014-11-21,0.8988620887669181,1.137451720469097
2014-11-24,0.899397456912811,1.1367742467762578
2014-11-25,0.8995805119743796,1.136542878232647
2014-11-26,0.8992965682117915,1.1369016168412456
2014-11-27,0.8991565146979836,1.1370786741902013
2014-11-28,0.8983118531198683,1.1381468382436037
2014-12-01,0.8979565361359519,1.1385970192140697
2014-12-02,0.8976071358131966,1.139040054205177
2014-12-03,0.8963955388879874,1.140577539116229
2014-12-04,0.8959308622150631,1.141168795713452
2014-12-05,0.8956441103761966,1.1415340384620039
2014-12-09,0.8950095381474931,1.1427009204942011
2014-12-10,0.8951150078657567,1.1425662623268775
2014-12-11,0.8949330211577481,1.142798558591531
2014-12-12,0.894830313439997,1.1429297127997535
2014-12-15,0.8943928400897427,1.1434884793983522
2014-12-16,0.8944634057371582,1.1433982606474364
2014-12-17,0.8945908987968766,1.1432352854582988
2014-12-18,0.894372070068346,1.1435149358820451
2014-12-19,0.893879568571307,1.1441446322205782
2014-12-22,0.8938479814398775,1.1441850629991115
2014-12-23,0.8933365683510468,1.1448397058795707
2014-12-24,0.8928489413142671,1.145464615698718
2014-12-25,0.893050807769174,1.1452056347328539
2014-12-26,0.8921716220884109,1.1463330603919846
2014-12-29,0.8925650128456903,1.145827600658053
2014-12-30,0.8923576665717771,1.1460937808019354
2014-12-31,0.8919015704087812,1.1466795649504207
2015-01-01,0.8917982009713761,1.1468124625990461
2015-01-02,0.8913181280963682,1.147429814770664
2015-01-05,0.8908535579408468,1.1480278746896704
2015-01-06,0.8915615386009685,1.1471155120175833
2015-01-07,0.8913327088410378,1.1474099327119078
2015-01-08,0.891390625469368,1.1473353768093182
2015-01-09,0.891390625469368,1.1469441694036782
2015-01-12,0.8906395951777015,1.1479105132146408
2015-01-13,0.8906395951777015,1.1480590369167478
2015-01-14,0.8906395951777015,1.1486927637525717
2015-01-15,0.8906395951777015,1.148242605180297
2015-01-16,0.8906395951777015,1.1497092078077933
2015-01-19,0.8906395951777015,1.150074750696224
2015-01-20,0.8906395951777015,1.1502720503304602
2015-01-21,0.8907103506724702,1.1501806687340428
2015-01-22,0.8906070738213812,1.1503140308731048
2015-01-23,0.8899694957103702,1.1511375310096204
2015-01-26,0.889620731311754,1.151588642863074
2015-01-27,0.8896913768075113,1.1514971942853596
2015-01-28,0.8889939639731537,1.1523998319223605
2015-01-29,0.8892471519518816,1.1520716252123544
2015-01-30,0.8893444937252751,1.151945513259307
2015-02-02,0.8881982720038848,1.1534301853728377
2015-02-03,0.8878699477418911,1.153856553140385
2015-02-05,0.8872691487195892,1.1548493321310584
2015-02-06,0.8869394941699805,1.1552784029907845
2015-02-09,0.8870903512552868,1.155081904882697
2015-02-10,0.8877421892365442,1.154233145502099
2015-02-11,0.8877720671418468,1.154194298560908
2015-02-12,0.8875568202288211,1.1544741415172164
2015-02-13,0.8875970511502306,1.154421811843895
2015-02-16,0.8874434061804478,1.1546216447570028
2015-02-17,0.8869439411320567,1.155271481300557
2015-02-18,0.8864829548611661,1.1558719299505036
2015-02-19,0.8860446340327157,1.156443449954515
2015-02-20,0.8861079290671422,1.1563608388476188
2015-02-23,0.8864253554205368,1.155946601041768
2015-02-24,0.8866107648122159,1.1557048171681437
2015-02-25,0.8866996937995212,1.1555888974623454
2015-02-26,0.8866996937995212,1.1557864176703925
2015-02-27,0.8866996937995212,1.1554447498949898
2015-03-02,0.8860634412099786,1.156273840870587
2015-03-03,0.8866223337119348,1.15554451072354
2015-03-04,0.886367534604967,1.1558765931651827
2015-03-05,0.8859469900415251,1.1564250085778498
2015-03-06,0.8854410517189037,1.1570854089580687
2015-03-09,0.8856126068385136,1.1568612224632733
2015-03-10,0.8860282899353282,1.1563182224519533
2015-03-11,0.8861563775644363,1.1561510606792527
2015-03-12,0.8864327696978174,1.1557904572166335
2015-03-13,0.8861466080355338,1.1561635739715583
2015-03-16,0.8857534928471045,1.1566764749487957
2015-03-17,0.8853609802036968,1.1571890443537327
2015-03-18,0.8850037820160108,1.1576559113590508
2015-03-19,0.8853749965598653,1.1571703329696608
2015-03-20,0.8849330816855507,1.157747908329527
2015-03-23,0.8853227880885302,1.1572380598649938
2015-03-24,0.8857728074926957,1.1566498229087276
2015-03-25,0.886576277175511,1.1556006452206344
2015-03-26,0.8860876133573503,1.1562375901041153
2015-03-27,0.8862579097784521,1.1560153737898706
2015-03-30,0.8864505624472104,1.1557640818753736
2015-03-31,0.886006441440945,1.1563431317725623
2015-04-01,0.8850520542967107,1.1575887198040584
2015-04-02,0.8841470329034196,1.158772427079771
2015-04-06,0.8835341281801492,1.1589490817425925
2015-04-07,0.883588463748552,1.1588778087095561
2015-04-08,0.883426917364794,1.159089686214634
2015-04-09,0.8831761560946866,1.1594186945300595
2015-04-10,0.882891930583821,1.1597918209652398
2015-04-13,0.8832435784858516,1.1593298863314452
2015-04-14,0.8838306750752154,1.1585592737407715
2015-04-15,0.8831815683008518,1.1594101478892873
2015-04-16,0.8829181159542171,1.1597559989975268
2015-04-17,0.8823859416524797,1.1604550358932475
2015-04-20,0.8826824962524956,1.1600650270969135
2015-04-21,0.8829867808725639,1.159665121187911
2015-04-22,0.8833108423825967,1.1592395170470051
2015-04-23,0.8836758746734379,1.1587604559552156
2015-04-24,0.8829452976778583,1.1597184584952545
2015-04-27,0.8835744149901272,1.1588921344166099
2015-04-28,0.8839024160032751,1.1584619297979961
2015-04-29,0.8840827141329646,1.1582256271072495
2015-04-30,0.8845936219165471,1.157556293255819
2015-05-01,0.8837473068366359,1.158663759240828
2015-05-04,0.8832029046297626,1.1593775142957798
2015-05-05,0.8825416608603408,1.1602455267917953
2015-05-06,0.8822906494127218,1.1605755224420737
2015-05-07,0.8815399533106121,1.1615629969454941
2015-05-08,0.8815871944303576,1.1615007495834493
2015-05-11,0.8815895103669413,1.1614976983117258
2015-05-12,0.881556697497689,1.161540929397921
2015-05-13,0.8812934088160455,1.161887839109848
2015-05-14,0.8804941544644174,1.1629415675301702
2015-05-15,0.8799348952045545,1.1636802275621794
2015-05-18,0.8802408564152381,1.1632756055688775
2015-05-19,0.8803439740123742,1.1631393312930598
2015-05-20,0.8801900600888839,1.1633426874167225
2015-05-21,0.8798916547927623,1.1637370881659133
2015-05-22,0.8787417705069642,1.1652579151713671
2015-05-25,0.8784111160298377,1.165696380440221
2015-05-26,0.8790148575258425,1.1648951846632423
2015-05-27,0.8790148575258425,1.1657405188343515
2015-05-28,0.8790148575258425,1.1654654797735842
2015-05-29,0.8791193481750875,1.1653269380372169
2015-06-01,0.8787208209756374,1.165855210429383
2015-06-03,0.878960333775704,1.1654257512215698
2015-06-04,0.8785399201551605,1.1659831834977694
2015-06-05,0.8793574695459482,1.1648981459036107
2015-06-08,0.8784107711711816,1.1661522515656289
2015-06-09,0.8783751750600061,1.1661995079137484
2015-06-10,0.8781286686872065,1.1665267890332731
2015-06-11,0.877852151385796,1.166894121123921
2015-06-12,0.8776925205405318,1.1671063120886462
2015-06-15,0.8771521083087268,1.1678249219800478
2015-06-16,0.8773463111454308,1.1675663637317422
2015-06-17,0.8762731684747276,1.16899449452785
2015-06-18,0.8762704138050315,1.1689981694021072
2015-06-19,0.8762634208021617,1.1690074984943881
2015-06-22,0.876422440319998,1.1687953533741597
2015-06-23,0.8762742470343351,1.1689929836671733
2015-06-24,0.8763260784287467,1.1689238380354194
2015-06-25,0.8760892502782436,1.1692397410736326
2015-06-26,0.8755271154109754,1.1699899733432835
2015-06-29,0.8749546491909416,1.1707549750499444
2015-06-30,0.8755760544417212,1.1699234881956884
2015-07-01,0.8757928182682534,1.1696338536279487
2015-07-02,0.8751753950199902,1.1704584312199569
2015-07-03,0.8752960164836271,1.1702971122318964
2015-07-06,0.8749023364001003,1.1708234743496464
2015-07-07,0.875057835604466,1.170615380130281
2015-07-08,0.8751065252840455,1.1705502451352552
2015-07-09,0.8754699902838685,1.17006407112975
2015-07-10,0.8747097557788048,1.1710801231816539
2015-07-13,0.8742754759965898,1.1716615462394073
2015-07-14,0.873823808991423,1.1722668484309804
2015-07-15,0.8737025112180353,1.1724295738649497
2015-07-16,0.8736087004868677,1.1725554593627645
2015-07-17,0.8729346205255308,1.173460207836849
2015-07-20,0.8730804760605966,1.173264138552314
2015-07-21,0.8730366419607297,1.1733230437492914
2015-07-22,0.8722569587625921,1.1743709038495782
2015-07-23,0.8722848836204434,1.1743333069691804
2015-07-24,0.8722848836204434,1.1740903288096787
2015-07-27,0.8722848836204434,1.1745880177755632
2015-07-28,0.8722848836204434,1.1746522838540532
2015-07-29,0.8722848836204434,1.1746123794435732
2015-07-31,0.871893352156185,1.1757966258803496
2015-08-03,0.8705786069304877,1.1775696328615868
2015-08-04,0.8702187450531299,1.1780563923746596
2015-08-05,0.8693280011250265,1.1792622346809032
2015-08-06,0.8695846740143912,1.1789140523553567
2015-08-07,0.8696000559428243,1.1788931987546392
2015-08-10,0.8696830807747891,1.17878064424287
2015-08-11,0.8694605625095457,1.1790822486202093
2015-08-12,0.8694534417010512,1.1790919052041346
2015-08-13,0.869777675342133,1.1786522022329824
2015-08-14,0.8683886368337739,1.1805345146253072
2015-08-17,0.8687851464271568,1.1799954780228992
2015-08-18,0.8688965398679463,1.1798441819781247
2015-08-19,0.8682559641647498,1.18071399729198
2015-08-20,0.8678866811196588,1.1812161736988198
2015-08-21,0.8685369514853817,1.1803311389471887
2015-08-24,0.8680887983253384,1.1809401736335219
2015-08-25,0.8674966089033399,1.1817457827834015
2015-08-26,0.8681440792846686,1.1808637673556068
2015-08-27,0.8685097464283376,1.1803663809295808
2015-08-28,0.8681849754752219,1.180807767702886
2015-08-31,0.8680792537484754,1.1809515585305137
2015-09-01,0.867812429037944,1.1813145519512134
2015-09-02,0.8678263053812663,1.181295662700788
2015-09-03,0.8679481579246859,1.1811297955449551
2015-09-04,0.8678645212032182,1.1812436108953597
2015-09-07,0.8676678672173148,1.181511275097237
2015-09-08,0.8680520309311996,1.1809881558524342
2015-09-09,0.8677115991779809,1.181451314573457
2015-09-10,0.8668188549464418,1.1826668496048305
2015-09-11,0.8666232812654383,1.182933685643131
2015-09-14,0.8671393746086491,1.182229222453856
2015-09-15,0.8661596230343421,1.1835649834350868
2015-09-16,0.8657913280054471,1.1840682406733385
2015-09-17,0.865822544478115,1.1840255485919138
2015-09-18,0.8658486530664558,1.183989844698743
2015-09-21,0.8654098286269923,1.184589907629014
2015-09-22,0.8654538225146022,1.184529687934788
2015-09-23,0.8661126347574089,1.1836279845277686
2015-09-24,0.865820455269623,1.184027276495545
2015-09-25,0.8651987472686676,1.184877474971068
2015-09-29,0.8651801855364288,1.185711106889299
2015-09-30,0.8655596185363095,1.1851911020049986
2015-10-01,0.8656007635252512,1.1851347631073175
2015-10-02,0.8655332558437218,1.1852271910527727
2015-10-05,0.8650202788713628,1.18592964153855
2015-10-06,0.8650202788713628,1.1869255129673582
2015-10-07,0.8650202788713628,1.1867050657856104
2015-10-08,0.8650202788713628,1.186007244191051
2015-10-09,0.8644831950694748,1.1867436260948463
2015-10-12,0.8648158589940091,1.1862869523337778
2015-10-13,0.8649585318593972,1.1860912448234429
2015-10-14,0.8653887666397069,1.1855012769956825
2015-10-15,0.8646235769991538,1.186549514887124
2015-10-16,0.864059197904669,1.1873240296685708
2015-10-19,0.86422848413435,1.1870914094859726
2015-10-20,0.8644354687988989,1.186807098425076
2015-10-21,0.8650081555452404,1.1860208411273783
2015-10-22,0.8651413552786203,1.1858382097165545
2015-10-23,0.8646898516281459,1.186457080005545
2015-10-26,0.8640748804828343,1.1873008933890146
2015-10-27,0.8643468104336759,1.186927242122364
2015-10-28,0.8635734076526409,1.187989284370756
2015-10-29,0.8642645868477913,1.18703845208465
2015-10-30,0.863656692881113,1.1878733740798566
2015-11-02,0.8637413845481087,1.1877568891651218
2015-11-03,0.8637413845481087,1.187751926258938
2015-11-04,0.8637413845481087,1.1881108904400446
2015-11-05,0.8637413845481087,1.1890502110883587
2015-11-06,0.8637413845481087,1.1894758537597394
2015-11-09,0.8637413845481087,1.1896305974233636
2015-11-10,0.8637413845481087,1.1899578920416751
2015-11-11,0.8632253893881439,1.1906687674539687
2015-11-12,0.8631698230543181,1.190745411513587
2015-11-13,0.8629481826213061,1.1910511651689695
2015-11-16,0.8621449794710422,1.1921597555423606
2015-11-17,0.8623228463579342,1.1919138041659154
2015-11-18,0.8616883589515533,1.1927908008747803
2015-11-19,0.861270529438031,1.1933691807436573
2015-11-20,0.8607166362153519,1.1941366505208937
2015-11-23,0.860031325457153,1.1950874334602823
2015-11-24,0.8593609658054159,1.1960189558036856
2015-11-26,0.8599670514954278,1.1959905563945445
2015-11-27,0.8595748177193272,1.1965360515868309
2015-11-30,0.859643298223224,1.1964407260956063
2015-12-01,0.8593281464794771,1.1968793503271895
2015-12-02,0.8592933681573751,1.1969277898618813
2015-12-03,0.8592083088132805,1.197046270809724
2015-12-04,0.8592083088132805,1.1978409355663928
2015-12-07,0.8592083088132805,1.197209904182358
2015-12-08,0.8592083088132805,1.1961098320275645
2015-12-09,0.8592083088132805,1.1970314165327411
2015-12-10,0.8592083088132805,1.1977874405748106
2015-12-11,0.8591721698930805,1.1978378203771094
2015-12-14,0.8586419130011129,1.1985770921807963
2015-12-15,0.8587810947430267,1.1983828085743453
2015-12-16,0.858286033990258,1.1990736392166934
2015-12-17,0.8590477571580386,1.198009469307485
2015-12-18,0.8592615303826613,1.1977113457803024
2015-12-21,0.8594679023526712,1.1974236870859558
2015-12-22,0.859932980520429,1.1967757331450404
2015-12-23,0.8602550601114638,1.196327492354859
2015-12-24,0.8597419657594029,1.1970410352423173
2015-12-25,0.859356379864843,1.1975778964829933
2015-12-28,0.8590759070823321,1.1979687564483934
2015-12-29,0.8591413303072103,1.1978775247205518
2015-12-30,0.8590603149382915,1.1979904822586906
2015-12-31,0.8582371137132149,1.1991384659514261
2016-01-01,0.8578759047595801,1.199643151129483
2016-01-04,0.8576797804679821,1.1999174089351639
2016-01-05,0.8576243360695469,1.1999949771610046
2016-01-06,0.8581597828613701,1.1992457756356962
2016-01-07,0.8572300466420241,1.200545046768851
2016-01-08,0.8574909903809272,1.20017959677739
2016-01-11,0.8579980592544195,1.1994698823629495
2016-01-12,0.8587302394973495,1.198446304115443
2016-01-13,0.8582440870614562,1.199124779803424
2016-01-14,0.8580234747578243,1.1994330157516846
2016-01-15,0.858266912071253,1.199092714163695
2016-01-18,0.8580976889737442,1.1993291373328014
2016-01-19,0.8577903600100576,1.1997586788472838
2016-01-20,0.8575476835268184,1.200098101193922
2016-01-21,0.8565228002332407,1.2015323776991185
2016-01-25,0.8563430109648413,1.2018237816495136
2016-01-26,0.8557813314428535,1.2026120636796662
2016-01-27,0.8559850259285512,1.2023258159703454
2016-01-28,0.8553653274488381,1.2031962511505268
2016-01-29,0.8550594910683073,1.203626454684282
2016-02-01,0.8555160948927737,1.2029837152630154
2016-02-02,0.8548619903332917,1.203903484204633
2016-02-03,0.8543612571879844,1.2046086674799557
2016-02-04,0.8540522886764036,1.2050442983608007
2016-02-05,0.8540918930053997,1.2049884177414525
2016-02-08,0.8537861593618844,1.205419759500304
2016-02-09,0.8527382698785636,1.2068992244402268
2016-02-10,0.8527037826794195,1.2069480349315234
2016-02-11,0.8521321066531027,1.2077572060300874
2016-02-12,0.8519711269573437,1.2079853682904456
2016-02-15,0.8521504946130717,1.2077310480478831
2016-02-16,0.8524040104441568,1.2073717465602836
2016-02-17,0.8515638246459117,1.2085618120482835
2016-02-18,0.8518629135069453,1.2081373372580297
2016-02-19,0.8520131233014299,1.2079243052569164
2016-02-22,0.8523837901443229,1.2073987998668723
2016-02-23,0.852181096393687,1.2076859148895744
2016-02-24,0.8521167829042728,1.2077770580698581
2016-02-25,0.8520307552992844,1.2078989922574606
2016-02-26,0.8522558448859251,1.207579889357501
2016-02-29,0.8520583200391906,1.2078597666197064
2016-03-01,0.8515386179315747,1.2085964852827995
2016-03-02,0.8520619424717754,1.2078537260154802
2016-03-03,0.8519859947565898,1.2079613868863592
2016-03-04,0.8519108755345352,1.2080678922986705
2016-03-07,0.8511244430731764,1.2091831073209378
2016-03-08,0.850482841446913,1.2100946236737122
2016-03-09,0.8505420427297969,1.21001039016465
2016-03-10,0.85057425357695,1.2099645659046214
2016-03-11,0.8502761662805979,1.2103886030355546
2016-03-14,0.8502930290173424,1.2103645985236315
2016-03-15,0.8506237133149127,1.209893880131962
2016-03-16,0.850553494263724,1.2099937569623067
2016-03-17,0.8499521734530083,1.2108491933714267
2016-03-18,0.8498475998176034,1.2109981698739087
2016-03-21,0.8489945744185088,1.2122136962781502
2016-03-23,0.8488001522321279,1.2128152341291891
2016-03-24,0.8487643860185715,1.2128663389841474
2016-03-25,0.8481095675570272,1.2138020607029605
2016-03-28,0.8476834570604725,1.2144119038394965
2016-03-29,0.8474394579802389,1.2147614628465688
2016-03-30,0.8463830528485018,1.2162757659995587
2016-03-31,0.8471125004109468,1.215227529755008
2016-04-01,0.8473978948992248,1.2148181163195697
2016-04-04,0.8475826051063114,1.2145533182746502
2016-04-05,0.8473868263135639,1.21483386176498
2016-04-06,0.846548571920044,1.2160356031543897
2016-04-07,0.8470889092882649,1.215259428580046
2016-04-08,0.8476607408070829,1.2144390617482022
2016-04-11,0.8473830521930176,1.214836904757426
2016-04-12,0.8474376815886643,1.2147585862145371
2016-04-13,0.8472407483793494,1.2150408799006966
2016-04-14,0.8464004050828148,1.2162460290397024
2016-04-15,0.8459426184002272,1.2169038515448676
2016-04-18,0.8460357032749873,1.2167699472585103
2016-04-19,0.8459100845852199,1.2169506122658278
2016-04-20,0.8459113588586405,1.216948779059382
2016-04-21,0.8460035216018388,1.2168161914819304
2016-04-22,0.8457083565184313,1.2172407306753017
2016-04-25,0.8454623740308078,1.2175947769616609
2016-04-26,0.8448752622017429,1.2184403075476689
2016-04-27,0.8442439069192805,1.2193508191450029
2016-04-28,0.843762908916111,1.2200455298848314
2016-04-29,0.8441972192041011,1.2194175355515349
2016-05-02,0.8433423894238111,1.2206523115023251
2016-05-03,0.8435540440526,1.2203459629597742
2016-05-04,0.844086825827965,1.2195752025167543
2016-05-05,0.8435290276433562,1.220381134813222
2016-05-06,0.8424952254336427,1.2218767949179932
2016-05-09,0.842257712725628,1.2222212612813155
2016-05-10,0.8421866140374688,1.2223244343683701
2016-05-11,0.8418611578294335,1.2227967917637117
2016-05-12,0.8415183261918445,1.223294752054028
2016-05-13,0.8426504168599344,1.221649059345955
2016-05-16,0.8428763907297009,1.221321449271939
2016-05-17,0.8423108777663945,1.2221408732343657
2016-05-18,0.8419126099170056,1.2227187351973077
2016-05-20,0.841898516904947,1.222767383738274
2016-05-23,0.842106441952255,1.22246539488688
2016-05-24,0.8419616040612165,1.2226756525227824
2016-05-25,0.8422720814646338,1.222224784977296
2016-05-26,0.8429045299746217,1.2213070361154497
2016-05-27,0.8429119144785338,1.2212963365091891
2016-05-30,0.8426526533372768,1.2216719803654186
2016-05-31,0.8422417999426983,1.2222676327711954
2016-06-01,0.8419855401722894,1.2226395188767931
2016-06-02,0.8420485594555,1.2225480091507608
2016-06-03,0.8418497658862978,1.222836632270569
2016-06-06,0.8414834749637111,1.2233686915243192
2016-06-07,0.8411567361374966,1.223843712201717
2016-06-08,0.8410817610294875,1.2239527974774647
2016-06-09,0.8403714479273459,1.2249864540715476
2016-06-10,0.8404164582409537,1.2249208437695802
2016-06-13,0.840304499296712,1.225084025776671
2016-06-14,0.8403629169110036,1.2249988584520255
2016-06-15,0.8401461484630116,1.225314842291858
2016-06-16,0.8403121854882105,1.2250726848627984
2016-06-17,0.8398391915704937,1.2257622523101208
2016-06-20,0.8405134123842123,1.2247782134233043
2016-06-21,0.83970651032335,1.225954013892338
2016-06-22,0.8398199513944556,1.2257883922915138
2016-06-23,0.8397471829780065,1.2258946039623135
2016-06-24,0.8395279927305748,1.226214586151018
2016-06-27,0.8392171955726319,1.226668536479898
2016-06-28,0.8395107244620924,1.226239490631995
2016-06-29,0.8387390060709096,1.2273667085928162
2016-06-30,0.8388480536571377,1.2272071340696096
2016-07-01,0.8379144271358341,1.2285729989869865
2016-07-04,0.8376660383665337,1.2289371933788376
2016-07-05,0.8381617645423343,1.228209915075469
2016-07-06,0.8374965384007949,1.2291847118001231
2016-07-07,0.836696859923469,1.2303583913481742
2016-07-08,0.8365588505610776,1.2305613333995145
2016-07-11,0.8373871337204096,1.2293429454423537
2016-07-12,0.8365664919758764,1.230547704983971
2016-07-13,0.8360112282970568,1.2313644702407514
2016-07-14,0.8364807194221314,1.2306729547790658
2016-07-15,0.8369233213459522,1.2300217763302002
2016-07-19,0.8362769573023199,1.2313766878125225
2016-07-20,0.8371136375150036,1.2301447173509947
2016-07-21,0.8375133346592222,1.2295573594243454
2016-07-22,0.8371934466723223,1.2300269885182442
2016-07-25,0.8365670944276219,1.230947241977421
2016-07-26,0.8361395465373399,1.2315763474010761
2016-07-27,0.8355407241760431,1.232458371770719
2016-07-28,0.835662412902635,1.2322788756845333
2016-07-29,0.8355439756986685,1.232453524756084
2016-08-01,0.8354487128690462,1.2325940404124238
2016-08-02,0.8346065587955598,1.2338365273252634
2016-08-03,0.8349927801175594,1.2332655589214174
2016-08-04,0.8347270654881547,1.2336580134536592
2016-08-05,0.8348494046094124,1.233477206285019
2016-08-08,0.8350766573889685,1.2331414437845012
2016-08-09,0.8343182756376477,1.2342613313534911
2016-08-10,0.8340945922060041,1.23459224081359
2016-08-11,0.8334759036878003,1.2355079979125958
2016-08-12,0.8327979772896041,1.2365129261693835
2016-08-15,0.8331097862383593,1.2360499617936944
2016-08-16,0.8338819952473715,1.234904267754502
2016-08-17,0.8327755523155671,1.2365428102656721
2016-08-18,0.8321861996037384,1.237417907831272
2016-08-19,0.832029271750651,1.2376512514456461
2016-08-22,0.83171086888006,1.2381248786660224
2016-08-23,0.8315498846423223,1.2383645275599757
2016-08-24,0.8305323252316879,1.2398799020457247
2016-08-25,0.8303757219897135,1.2401136909139243
2016-08-26,0.8298539186518112,1.2408929712398793
2016-08-29,0.8288692627401152,1.242365341945676
2016-08-30,0.8294486842554868,1.2414968657680272
2016-08-31,0.8296365239881917,1.2412157122212841
2016-09-01,0.8297705894413565,1.2410151374609852
2016-09-02,0.8295855585707732,1.2412918719153194
2016-09-05,0.8297710183092056,1.2410143723090334
2016-09-06,0.8297792617618786,1.2410020433134203
2016-09-07,0.8297312022744048,1.2410739201665835
2016-09-08,0.8294777741415943,1.2414529863574237
2016-09-09,0.8298056145055429,1.2409623181182492
2016-09-12,0.829598879102168,1.241271487929738
2016-09-13,0.8294366536914121,1.241514214604112
2016-09-15,0.8291902159023139,1.2429565325727447
2016-09-16,0.8288370336282178,1.2434859529715356
2016-09-19,0.8286002902760147,1.2438411338104458
2016-09-20,0.8282269507120361,1.2444015670036332
2016-09-21,0.8277647966305398,1.245095948251088
2016-09-22,0.8283424362996776,1.2442270821015242
2016-09-23,0.828343480970843,1.244225512933872
2016-09-26,0.8288344047706314,1.2434881136174831
2016-09-27,0.8281429935637477,1.2445254277207989
2016-09-28,0.8280765698581621,1.2446252486348766
2016-09-29,0.8275535589713406,1.245411350522967
2016-09-30,0.827052631705743,1.2461652117028248
2016-10-03,0.8266047504978914,1.2468400586941812
2016-10-04,0.8267461149709894,1.246626826326682
2016-10-05,0.8262822146469089,1.2473263283603393
2016-10-06,0.8263913032885266,1.2471616520156197
2016-10-07,0.8266834662533349,1.2467207296046527
2016-10-10,0.8271997803428688,1.245942076704618
2016-10-11,0.826577457687638,1.2468794294455934
2016-10-12,0.8271388988623309,1.2460325040364164
2016-10-13,0.8272738255563525,1.2458292454946596
2016-10-14,0.8264443986122583,1.247078317219199
2016-10-17,0.8264652375019844,1.2470468719972625
2016-10-18,0.8264860119115802,1.2470155256546354
2016-10-19,0.8256996541475645,1.2482019950277572
2016-10-20,0.8250503635776641,1.2491835211560913
2016-10-21,0.8247499800564315,1.2496383226582972
2016-10-24,0.8256493626574762,1.2482756030557811
2016-10-25,0.8254565447397959,1.248567118938138
2016-10-26,0.8258375751832427,1.247990780806187
2016-10-27,0.8254930487773159,1.248511422868575
2016-10-28,0.8253011333797143,1.2488016840239957
2016-10-31,0.8256402350144642,1.2482885735054183
2016-11-01,0.8250546538695496,1.2491739158386252
2016-11-02,0.8249072404192681,1.2493971071582204
2016-11-03,0.8244093552470992,1.2501511995741004
2016-11-04,0.8243471217578733,1.2502455717093925
2016-11-07,0.8239290884811792,1.2508795816297515
2016-11-08,0.823844134986477,1.2510085570396463
2016-11-09,0.8239767241049955,1.250807220263923
2016-11-10,0.8241449549448026,1.2505518436944814
2016-11-14,0.8240662815254329,1.2518218458271018
2016-11-15,0.8244496365641717,1.2512394992089235
2016-11-16,0.8246885849805861,1.250876855229678
2016-11-17,0.8239875444516633,1.2519401843313267
2016-11-18,0.8239875444516633,1.2517560520432687
2016-11-21,0.8239875444516633,1.2532894280105589
2016-11-22,0.8237371131997194,1.2536703352738037
2016-11-23,0.8244238590706522,1.2526251560382635
2016-11-24,0.8238382723809892,1.2535148932898512
2016-11-25,0.8235545446302598,1.2539466005473339
2016-11-28,0.8236912457603659,1.2537384589998124
2016-11-29,0.8228270177888704,1.255053898311307
2016-11-30,0.8225112595430992,1.2555355227702898
2016-12-01,0.8226760833217103,1.2552839248661367
2016-12-02,0.8219884037927495,1.256333223703996
2016-12-05,0.8217746795660091,1.25665988141051
2016-12-06,0.8221029705872024,1.2561578579653747
2016-12-07,0.8222987794557741,1.2558586657014907
2016-12-08,0.8222987794557741,1.2564736510928969
2016-12-09,0.8222987794557741,1.2566700024632693
2016-12-12,0.8222987794557741,1.2564796257956996
2016-12-13,0.8222987794557741,1.2567579911209577
2016-12-14,0.8222080264150827,1.2568966932715102
2016-12-15,0.8220915203881277,1.2570747942329716
2016-12-16,0.8219451500085895,1.257298611788775
2016-12-19,0.8216974423116326,1.2576775209453168
2016-12-20,0.8216214574772104,1.2577938221691793
2016-12-21,0.8211109126482696,1.2585753988015056
2016-12-22,0.8211109126482696,1.259212496644852
2016-12-23,0.8208420480933836,1.2596248131811472
2016-12-26,0.8208420480933836,1.2593813913018128
2016-12-27,0.8208420480933836,1.2591250826584153
2016-12-28,0.8208420480933836,1.2598450148124078
2016-12-29,0.8207265735758759,1.2600222474426779
2016-12-30,0.8203742614234641,1.2605631354367743
2017-01-02,0.8203442973544288,1.2606091773503127
2017-01-03,0.8200556930956053,1.26105267062316
2017-01-04,0.8199766514084926,1.2611742181369
2017-01-05,0.8201169749271168,1.260958391986749
2017-01-06,0.8199619856278709,1.2611966934285277
2017-01-09,0.818895204536787,1.262837526550391
2017-01-11,0.8196061092216949,1.261929309111111
2017-01-12,0.8194340053751381,1.2621942935783288
2017-01-13,0.8189831793036243,1.262888712031955
2017-01-16,0.8189089414741636,1.2630031882742039
2017-01-17,0.8190909603790859,1.2627224605331815
2017-01-18,0.8195298568984086,1.2620458513168595
2017-01-19,0.8189551310350311,1.2629309080178628
2017-01-20,0.8192930272340357,1.2624098299547883
2017-01-23,0.8196351865580475,1.2618826128545753
2017-01-24,0.8195763432759574,1.2619732059815791
2017-01-25,0.8194629413826452,1.2621478207713321
2017-01-26,0.8196276949675012,1.26189406508869
2017-01-27,0.8197957721574382,1.2616352944178593
2017-01-30,0.8193194742070566,1.2623682993018424
2017-01-31,0.8193629010730777,1.2623013892615849
2017-02-01,0.81908297908562,1.262732633967917
2017-02-02,0.8187086925025756,1.2633096498441279
2017-02-03,0.8189533581005872,1.2629321182339428
2017-02-06,0.8189986224931002,1.262862314679746
2017-02-07,0.8190822398106675,1.262733380202556
2017-02-08,0.8187609278883223,1.2632287288624124
2017-02-09,0.8180151880957675,1.264379296626608
2017-02-10,0.8178676182222678,1.2646073905490365
2017-02-13,0.817852819887016,1.2646302721055507
2017-02-14,0.817852819887016,1.263872216278116
2017-02-15,0.817852819887016,1.2632478775322158
2017-02-16,0.817852819887016,1.2640538021695835
2017-02-17,0.817852819887016,1.2633337521041033
2017-02-20,0.8177223639174173,1.2635352668822515
2017-02-21,0.8180355129714333,1.2630513925368752
2017-02-22,0.8178854812205053,1.2632830423967278
2017-02-23,0.8176283521868443,1.2636801967115927
2017-02-24,0.8176408084836203,1.2636609449629002
2017-02-27,0.8176408084836203,1.263472765390132
2017-02-28,0.8179351907939667,1.2630178663343659
2017-03-01,0.8180598787160949,1.2628253289852747
2017-03-02,0.8174907558662232,1.2637038743935278
2017-03-03,0.8174907558662232,1.2643533198027148
2017-03-06,0.8174429029931788,1.2644273303507998
2017-03-07,0.8170890694172119,1.26497464300372
2017-03-08,0.8167136537154955,1.2655558419953983
2017-03-10,0.8169529840059618,1.2649764186978867
2017-03-13,0.8164233387672133,1.2657965255466395
2017-03-14,0.8158736419490835,1.2666487847722803
2017-03-15,0.8152804609785194,1.267569701832084
2017-03-16,0.8151064947647308,1.2678401784500026
2017-03-17,0.814969025090438,1.2680540027508842
2017-03-20,0.8153195553429169,1.2675085939364916
2017-03-21,0.8152189587355817,1.2676649830031868
2017-03-22,0.8152429082348946,1.2676277415463804
2017-03-23,0.8145954427992221,1.2686344907491767
2017-03-24,0.8141296939147739,1.2693598386553824
2017-03-27,0.8141741059137335,1.2692905931675256
2017-03-28,0.8132963351965516,1.2706590303435354
2017-03-29,0.8134781639913298,1.2703749488961433
2017-03-30,0.8135137759271869,1.2703193352199598
2017-03-31,0.8145536189933046,1.2686955978087793
2017-04-03,0.8151940065375903,1.2676981719311176
2017-04-04,0.8148825892188084,1.268182453172836
2017-04-05,0.8147164614578472,1.2684409938684202
2017-04-06,0.8148229767372156,1.2682751590618144
2017-04-07,0.815063087697298,1.267901425410721
2017-04-10,0.8144078339221823,1.2689207295701355
2017-04-11,0.8132687780186096,1.2706954812215552
2017-04-12,0.8127344633257804,1.2715303236304603
2017-04-13,0.8130507536917877,1.2710354845291323
2017-04-14,0.8128268754416749,1.2713854715364814
2017-04-17,0.8127755162068918,1.2714658052297996
2017-04-18,0.8122353200350891,1.2723108613945922
2017-04-19,0.8112439587062493,1.2738637608501282
2017-04-20,0.8114495486713271,1.273540931196611
2017-04-21,0.811276463255487,1.2738125825420663
2017-04-24,0.8103293425141452,1.2752996888148975
2017-04-25,0.8106648865224025,1.2747716082594207
2017-04-26,0.8108558883519719,1.2744712576293284
2017-04-27,0.8104871409427392,1.2750508402421492
2017-04-28,0.8105288886126784,1.2749851631956606
2017-05-01,0.8104571498294371,1.2750980103569938
2017-05-02,0.8100792067895074,1.2756926308355028
2017-05-03,0.8094905849271642,1.2766195779362877
2017-05-04,0.809089611560608,1.2772519391514865
2017-05-05,0.8093733499148861,1.276804021692116
2017-05-09,0.8094056839898544,1.2763972464422608
2017-05-10,0.8089494712493198,1.2771166739151936
2017-05-11,0.8087473823511571,1.2774357186894714
2017-05-12,0.8078819355174615,1.2788027125396095
2017-05-15,0.8078063686272563,1.2789223279684538
2017-05-16,0.808278076658376,1.2781755178952598
2017-05-17,0.8078786698820938,1.2788071222624549
2017-05-18,0.8078782403018082,1.278807802253584
2017-05-19,0.8078596228187082,1.2788372722670824
2017-05-22,0.8080946788809718,1.2784651798329463
2017-05-23,0.8075364470356469,1.2793483436442834
2017-05-24,0.8068326001764782,1.2804634206377272
2017-05-25,0.8059438772742422,1.2818738460061956
2017-05-26,0.805924076884479,1.281905339020156
2017-05-29,0.8066779837904542,1.280706172354693
2017-05-30,0.8068185918937328,1.280482938710822
2017-05-31,0.8066914213030054,1.280684768184471
2017-06-01,0.8067085580607039,1.2806575622616352
2017-06-02,0.806273828597566,1.281347699448036
2017-06-05,0.8057769538310988,1.2821373435073427
2017-06-06,0.8059994273458668,1.281783347777049
2017-06-07,0.8060904744108993,1.281638555351815
2017-06-08,0.8058737889984473,1.281983072980787
2017-06-09,0.8053808562894081,1.2827672297528943
2017-06-12,0.8057972893432896,1.282103957624269
2017-06-13,0.8059852495397849,1.2818048941811557
2017-06-14,0.8055359681907732,1.2825194122599375
2017-06-15,0.8057962279523172,1.2821050444233777
2017-06-16,0.8054965382517447,1.2825818816975383
2017-06-19,0.8051476364885187,1.283137433532655
2017-06-20,0.8043015107177678,1.2844858764774325
2017-06-21,0.8035668891994561,1.2856590819883682
2017-06-22,0.803814509047999,1.285262905003678
2017-06-23,0.8035320365426228,1.2857145657148954
2017-06-26,0.8033625663334959,1.2859857314014145
2017-06-27,0.8027176147713696,1.2870181401058987
2017-06-28,0.8024890491069104,1.287384605411943
2017-06-29,0.8021261862448903,1.2879667243367563
2017-06-30,0.8020949242145827,1.2880169214945874
2017-07-03,0.8017169768523713,1.2886238354436306
2017-07-04,0.8013990100841075,1.2891349130037846
2017-07-06,0.8012897990046185,1.289050312054541
2017-07-07,0.8015284446566155,1.2886663982039475
2017-07-10,0.8013455764631771,1.2889604066047164
2017-07-11,0.8013227522199656,1.288997119287327
2017-07-12,0.8015648614101529,1.2886076656647514
2017-07-13,0.80178512540361,1.2882535659728818
2017-07-14,0.8014485837239796,1.2887942981530454
2017-07-17,0.8014404842951796,1.2888073226911978
2017-07-18,0.8013345834497544,1.2889776232783752
2017-07-19,0.8011470849125392,1.2892792219162716
2017-07-20,0.8007335722408931,1.289944684358303
2017-07-21,0.8007297027744408,1.2899509178894728
2017-07-24,0.8007741075625214,1.2898793831419235
2017-07-25,0.800109350407927,1.290950167699528
2017-07-26,0.7997088705294398,1.291596328834915
2017-07-27,0.7993296319908294,1.2922088306118402
2017-07-28,0.7987621711856581,1.2931261966572376
2017-07-31,0.7983919314167505,1.2937255825088585
2017-08-01,0.7983456767116899,1.2938005342874193
2017-08-02,0.798092346443275,1.2942110818061037
2017-08-03,0.798323954871837,1.2938354984588627
2017-08-04,0.7983638118821117,1.2937709026084676
2017-08-07,0.7976726581016711,1.294890936654417
2017-08-08,0.7977098455813704,1.2948305688708024
2017-08-09,0.7978851085163345,1.2945460847227894
2017-08-10,0.7976881808875197,1.2948655942463223
2017-08-11,0.7977827766200312,1.2947120395587557
2017-08-14,0.7974072931603763,1.295321407133636
2017-08-15,0.7973696344854017,1.295382580499214
2017-08-16,0.7971511775385886,1.2957374790446967
2017-08-17,0.7965272294045306,1.296751681877308
2017-08-18,0.7965423208902555,1.296727112837138
2017-08-21,0.7967876806690845,1.2963276806045207
2017-08-22,0.7964953381709627,1.2968033050170544
2017-08-23,0.796171613450732,1.2973303731202717
2017-08-24,0.7961348620354286,1.2973902581080337
2017-08-25,0.7961364455413077,1.297387677609177
2017-08-28,0.795981636327092,1.2976399554291773
2017-08-29,0.7960927882900418,1.297458751213319
2017-08-30,0.7958510270505831,1.297852769649931
2017-08-31,0.7964086075283914,1.2969434821792492
2017-09-04,0.7963466221488805,1.2975340345503148
2017-09-05,0.7966915388103004,1.2969720417009347
2017-09-06,0.7966032557237451,1.29711576193573
2017-09-07,0.7964447487155701,1.2973738602264462
2017-09-08,0.7960880810321392,1.2979548563721515
2017-09-11,0.7966213637846765,1.2970853835651
2017-09-12,0.7958687576833022,1.2983108018353768
2017-09-13,0.7954603205370656,1.2989770905339977
2017-09-14,0.7953439632675644,1.2991671005489498
2017-09-15,0.7956117332649745,1.2987297074370185
2017-09-18,0.7954814317973137,1.2989424071495772
2017-09-19,0.7951021909132214,1.2995616699597214
2017-09-20,0.7951025556071718,1.2995610738825323
2017-09-21,0.7945511407319505,1.3004623378796656
2017-09-22,0.7942822301543756,1.300902470755281
2017-09-25,0.7948715272067214,1.299937299985621
2017-09-26,0.7943873886710136,1.3007290628295345
2017-09-27,0.794813463023483,1.3000314091392986
2017-09-28,0.7949973486541098,1.2997306378179436
2017-09-29,0.7952473106183268,1.2993219783126861
2017-10-02,0.7949715687859871,1.299772501588044
2017-10-03,0.7948328406271665,1.2999993210783387
2017-10-04,0.7944043089611503,1.3007002116887996
2017-10-05,0.7943364648208161,1.3008112947817527
2017-10-06,0.7943628285498192,1.3007681213433187
2017-10-09,0.7945007706229292,1.3005422413740593
2017-10-10,0.7940200826597026,1.301329093979131
2017-10-11,0.7935655743470261,1.3020739931367948
2017-10-12,0.7932397743114417,1.3026085623860302
2017-10-13,0.7926917992517318,1.3035084126303924
2017-10-16,0.7927355960654171,1.3034363928174726
2017-10-17,0.7923323158515,1.3040994765870568
2017-10-18,0.7922844770964964,1.3041782143768865
2017-10-19,0.7924118666262333,1.3039685186751213
2017-10-20,0.7920700385180015,1.3045310204632765
2017-10-23,0.7919214294001745,1.3047757781168947
2017-10-24,0.7918919149514139,1.304824406347446
2017-10-25,0.7914030116091786,1.3056299872622765
2017-10-26,0.7909528691569111,1.3063726170925891
2017-10-27,0.7912672751454909,1.3058533303055415
2017-10-30,0.7918067573612636,1.3049630057966988
2017-11-01,0.7920817050565112,1.3043973545667258
2017-11-02,0.7913567384356114,1.3055912270377272
2017-11-03,0.7913456471055095,1.3056095256666183
2017-11-06,0.7913456471055095,1.3062543888132894
2017-11-07,0.7907569979503276,1.3072260571926377
2017-11-08,0.7903558869965551,1.3078891467283051
2017-11-09,0.7906202782718652,1.3074516292945049
2017-11-10,0.7907729116560471,1.3071992189120267
2017-11-13,0.7905301212741055,1.3076005672548383
2017-11-14,0.7899111889923335,1.308624331158272
2017-11-15,0.789834553703935,1.3087512907512253
2017-11-16,0.7898924490671392,1.3086553584689942
2017-11-17,0.7899946572700246,1.308486024893843
2017-11-20,0.7894116926688416,1.3094516023526726
2017-11-21,0.7889593832063205,1.3102018792436254
2017-11-22,0.7887903656024741,1.3104825618578368
2017-11-23,0.7893614818410537,1.309533719295744
2017-11-24,0.7884214091062759,1.3110932797418793
2017-11-27,0.7884433189872551,1.311056845041629
2017-11-28,0.7885934727796794,1.310807162974921
2017-11-29,0.7889138028342163,1.3102747074772574
2017-11-30,0.7892890204456648,1.3096515238742898
2017-12-01,0.7894236580251,1.3094281224249975
2017-12-04,0.7887412787181616,1.3105599945770197
2017-12-05,0.7882589770057955,1.3113613794501051
2017-12-06,0.7880026249073068,1.3117878512713028
2017-12-07,0.7881599420364745,1.3115259654700169
2017-12-08,0.7884658944871985,1.3110168497919392
2017-12-11,0.7883395520057258,1.3112269249812571
2017-12-12,0.7881810082271159,1.3114906271775666
2017-12-13,0.7880416661636419,1.3117224848451712
2017-12-14,0.787520961989106,1.3125892148710294
2017-12-15,0.7871727315791983,1.3131696228885892
2017-12-18,0.7876435883223301,1.312384134841293
2017-12-19,0.787030725196944,1.3134052970198606
2017-12-20,0.7874539999278117,1.3126989316190978
2017-12-21,0.787344677517014,1.3128811738984811
2017-12-22,0.7873059466293248,1.3129457568629026
2017-12-25,0.7866905717697437,1.313971982835444
2017-12-26,0.786539346886807,1.3142245665912644
2017-12-27,0.7860185686391996,1.3150947322981181
2017-12-29,0.7861038066806635,1.3157748276330314
2018-01-01,0.7862588215204254,1.3155153649229736
2018-01-02,0.7857584600523744,1.3163525360697006
2018-01-03,0.7851921426848245,1.3173012669340747
2018-01-04,0.7853344416548778,1.3170625347775178
2018-01-05,0.785100859118779,1.3174542695477716
2018-01-08,0.7856617523725082,1.3165130513548433
2018-01-09,0.7858187939810727,1.3162499007984407
2018-01-10,0.785480487867482,1.3168165650114423
2018-01-11,0.7862522872996194,1.3155226840140108
2018-01-12,0.7861014607022492,1.3157750404311535
2018-01-15,0.7858441868260533,1.31620566492656
2018-01-16,0.7850914543286671,1.3174664120235584
2018-01-17,0.7847251125400441,1.3180811722520267
2018-01-18,0.784706359168129,1.3181126717746523
2018-01-19,0.784952964677042,1.3176984354906847
2018-01-22,0.7849892233224602,1.3176375681999162
2018-01-23,0.7847427278935131,1.3180513211890283
2018-01-24,0.7845924632550196,1.3183037051847692
2018-01-25,0.7844351579206845,1.3185680159127093
2018-01-26,0.7846898886200422,1.3181398355214398
2018-01-29,0.7847656707813548,1.3180125349316185
2018-01-30,0.784656621047508,1.3181956837638018
2018-01-31,0.7845289328219802,1.3184101955174061
2018-02-01,0.7845636780555982,1.3183518057393735
2018-02-02,0.7846627550493142,1.3181853204211949
2018-02-05,0.7839129376243457,1.3194449677234645
2018-02-06,0.7835353460572736,1.3200805118880214
2018-02-07,0.7832194460343747,1.3206127322479992
2018-02-08,0.7834191276615482,1.3202760423195548
2018-02-09,0.7838184632537333,1.3196030523495736
2018-02-12,0.7835417707289042,1.3200688799837061
2018-02-13,0.7828808031098035,1.321182442549541
2018-02-14,0.7825684069521799,1.3217096394317902
2018-02-15,0.7829826361677784,1.3210100319056912
2018-02-16,0.7832448273822783,1.320567675704375
2018-02-19,0.7832814537713888,1.320505922822203
2018-02-20,0.7831689526894606,1.3206955843344153
2018-02-21,0.7828401205339105,1.3212501098609073
2018-02-22,0.7831340401111159,1.3207540427030207
2018-02-23,0.7826440398116055,1.3215804272596312
2018-02-27,0.7828905303251764,1.3200220526595967
2018-02-28,0.782273322597193,1.3210627189857962
2018-03-01,0.7820096075593791,1.321508067299267
2018-03-02,0.7817468342471767,1.3219521245699062
2018-03-05,0.7815381077479149,1.3223050859469982
2018-03-06,0.7817554149047452,1.3219374181956232
2018-03-07,0.7816372763689218,1.322137188799137
2018-03-08,0.7814294628076832,1.322488704835996
2018-03-09,0.7815534559892283,1.3222788591750951
2018-03-12,0.7814727252547331,1.322415444257908
2018-03-13,0.7813878069828297,1.3225591437507187
2018-03-14,0.781078427715702,1.3230827920275028
2018-03-15,0.7811688853415587,1.3229295642286905
2018-03-16,0.780848200004282,1.3234726530811254
2018-03-19,0.779763232749097,1.3253115821991255
2018-03-20,0.7802147490713497,1.3245441700074478
2018-03-21,0.7803030084953639,1.3243943349707923
2018-03-22,0.7801159668673494,1.3247117973794325
2018-03-23,0.7794194498575403,1.3258945501228159
2018-03-26,0.7792492185629314,1.3261841358469386
2018-03-27,0.7790166938184768,1.326579863709016
2018-03-28,0.7786861602669876,1.3271427260419613
2018-03-29,0.7789046387868865,1.3267703652716338
2018-03-30,0.7788977256205813,1.326782141018917
2018-04-02,0.7789313631101523,1.326724842584266
2018-04-03,0.7790356413581663,1.3265472293198202
2018-04-04,0.7783206853242316,1.327764661354442
2018-04-05,0.7786265382862079,1.3272428960176856
2018-04-06,0.7788957155468897,1.3267840578077839
2018-04-09,0.7797991313370343,1.325245164161291
2018-04-10,0.7786780862339788,1.3271503465883139
2018-04-11,0.7786024883952248,1.327279192769653
2018-04-12,0.7776083706165283,1.3289738596407359
2018-04-13,0.777591976442657,1.3290018781515296
2018-04-16,0.7769934109149792,1.3300249014524126
2018-04-17,0.7773944845834252,1.329338360281205
2018-04-18,0.7771026111351628,1.3298374615468007
2018-04-19,0.776400961846325,1.3310381775086233
2018-04-20,0.7764012920515055,1.3310376114149123
2018-04-23,0.7755753197772335,1.332453631937157
2018-04-24,0.7754489420684842,1.332670751322889
2018-04-26,0.7753405970567584,1.3341963092716531
2018-04-27,0.7744088813143387,1.335799593956533
2018-04-30,0.7743938695089845,1.3358254882405227
2018-05-01,0.7747428966896336,1.3352234181281968
2018-05-02,0.7744746049367804,1.3356858030468979
2018-05-03,0.7743546627454094,1.3358926595160183
2018-05-04,0.7740800874177145,1.3363663483596437
2018-05-07,0.7742197890446904,1.3361251684660693
2018-05-08,0.7743911291537324,1.3358294748719528
2018-05-09,0.7736390114531444,1.337126882545148
2018-05-10,0.7736972623904346,1.3370262039430727
2018-05-11,0.7727636421005011,1.3386395931236383
2018-05-14,0.772179329919613,1.3396517828508299
2018-05-15,0.772044234800404,1.3398861589993363
2018-05-16,0.7720578806031019,1.339862476648845
2018-05-17,0.7720514452368483,1.3398736448604305
2018-05-18,0.7714460223737865,1.3409243392710388
2018-05-21,0.7714460223737865,1.3416835914181344
2018-05-22,0.7714460223737865,1.3416262983520675
2018-05-23,0.7714460223737865,1.3413646480164343
2018-05-24,0.7711595562261465,1.3418627458122014
2018-05-25,0.7710437785981225,1.3420642056587266
2018-05-28,0.7712973315961857,1.341622876109895
2018-05-29,0.7709541468901142,1.342219824178474
2018-05-30,0.7707694859922841,1.3425413160840796
2018-05-31,0.7715138555332456,1.3412447587068907
2018-06-01,0.7708485988016013,1.3424012798738318
2018-06-04,0.7701188688692984,1.3436720746792044
2018-06-05,0.7704423077736693,1.343107751636054
2018-06-06,0.7702396605131588,1.3434610254681023
2018-06-07,0.7701663910986682,1.3435888228378994
2018-06-08,0.7698229046813311,1.344188049857495
2018-06-11,0.7697109026194608,1.3443836166978809
2018-06-12,0.770124564710344,1.3436611109675611
2018-06-13,0.7703812349987273,1.3432132900556657
2018-06-14,0.7705172775476237,1.3429760904051695
2018-06-15,0.7698650126227872,1.344112958096772
2018-06-18,0.7692821841847879,1.345130522530819
2018-06-19,0.7680058527495061,1.3473622554446425
2018-06-20,0.7675406287727824,1.3481784279052054
2018-06-21,0.7678383414187715,1.3476554982360895
2018-06-25,0.7677410071111739,1.3472310443588795
2018-06-26,0.7674865404896021,1.3476775820964226
2018-06-27,0.7671559062197116,1.3482581634745925
2018-06-28,0.7673151577171403,1.3479782827753592
2018-06-29,0.7674792612585235,1.347689994439483
2018-07-02,0.7668735501691427,1.3487536202804484
2018-07-03,0.766674779334228,1.349103212313109
2018-07-04,0.7669449941614642,1.348627720355808
2018-07-05,0.766584600936317,1.3492614506720133
2018-07-06,0.7665551593410604,1.3493132706661501
2018-07-09,0.7674814354239519,1.3476828118586974
2018-07-10,0.7672858248295171,1.3480263003442414
2018-07-11,0.7672138258008131,1.3481527937332127
2018-07-12,0.7666790766466196,1.3490924581943164
2018-07-13,0.766587007580855,1.3492544682009013
2018-07-16,0.7667027682885631,1.3490507200932855
2018-07-17,0.7666638598969003,1.349119181296194
2018-07-18,0.7659285760606773,1.350413080199005
2018-07-19,0.7654575523342105,1.3512435448417741
2018-07-20,0.7656597343440774,1.350886637871711
2018-07-23,0.765366925984799,1.3514032523445163
2018-07-24,0.7653431618456137,1.351445212525828
2018-07-25,0.764851826599941,1.352312813751804
2018-07-26,0.764691904610054,1.3525955672847154
2018-07-27,0.7643712851935627,1.353162682483552
2018-07-30,0.7637002113013487,1.354350681255514
2018-07-31,0.7635139585734706,1.3546809829958495
2018-08-01,0.762980510691707,1.3556274643178081
2018-08-02,0.762459372188107,1.356553398412184
2018-08-03,0.7622597142203801,1.356908626119416
2018-08-06,0.7622734122294669,1.3568842421117824
2018-08-07,0.7614759600176649,1.3583037463509062
2018-08-08,0.7614745299782835,1.3583062972230955
2018-08-09,0.7614011007014128,1.3584372792129684
2018-08-10,0.7607462164629584,1.35960567673993
2018-08-13,0.759916078669147,1.361089299047235
2018-08-14,0.7597635141175766,1.3613625581404234
2018-08-15,0.7597217456317545,1.3614373999190186
2018-08-16,0.7598745437679428,1.361163582434603
2018-08-17,0.7593904760583583,1.3620306931216537
2018-08-20,0.758578206382949,1.3634875671066184
2018-08-22,0.7584702686603512,1.3640029959672888
2018-08-23,0.7585528903445695,1.3638544123912908
2018-08-24,0.7580442840208272,1.3647688706810628
2018-08-27,0.7580442840208272,1.3638095377970743
2018-08-28,0.7580442840208272,1.3652953990962244
2018-08-29,0.7580442840208272,1.365508585834065
2018-08-30,0.7575066657973119,1.366477028332196
2018-08-31,0.7579339133238278,1.3657063104537186
2018-09-03,0.7580141549853365,1.3655617245715495
2018-09-04,0.7578823293093654,1.3657992083919215
2018-09-05,0.757358070280767,1.3667439890505555
2018-09-06,0.756747743108355,1.3678453980497876
2018-09-07,0.7569122122365304,1.3675481149166102
2018-09-10,0.7566623474248279,1.3679995571667203
2018-09-11,0.7565786487529905,1.3681508792807369
2018-09-12,0.7566034117279021,1.368106099420831
2018-09-13,0.7559862081985179,1.3692221397400335
2018-09-14,0.7557859867767909,1.3695847754607728
2018-09-17,0.7554009140231337,1.3702825785294734
2018-09-18,0.7549946185642444,1.371019590596465
2018-09-19,0.754719746390448,1.3715187400286841
2018-09-20,0.7541870888839083,1.372486714903769
2018-09-21,0.7535111007356068,1.3737168934186903
2018-09-24,0.7539728754797813,1.372875037517155
2018-09-25,0.7538228018451439,1.3731482997968516
2018-09-26,0.753470668364589,1.3737897389904423
2018-09-27,0.753191826263052,1.3742981468608129
2018-09-28,0.75290487457977,1.3748217281754556
2018-10-01,0.7531385575386422,1.3743950176835875
2018-10-02,0.7527744665237295,1.375059443733576
2018-10-03,0.7527544817989751,1.375095948936297
2018-10-04,0.7527421828997882,1.3751184159781509
2018-10-05,0.752222078133508,1.3760685495811258
2018-10-08,0.7527461378168916,1.3751098672061057
2018-10-09,0.7516325266089543,1.3771442021343552
2018-10-10,0.7518312906312579,1.3767800258763863
2018-10-11,0.7513315415506385,1.3776951840517917
2018-10-12,0.7510457232164555,1.3782192809660583
2018-10-15,0.7500937171471811,1.3799662759621174
2018-10-16,0.7496045310159442,1.3808662439905697
2018-10-17,0.7492697044471992,1.3814830368289808
2018-10-19,0.7492052275904473,1.38247964890011
2018-10-22,0.7495197010945651,1.3818993630137455
2018-10-23,0.7494961377780515,1.3819428070113258
2018-10-24,0.7490469969293728,1.382770945988808
2018-10-25,0.7483359796018563,1.3840835126323097
2018-10-26,0.7478470898631953,1.3849877378001758
2018-10-29,0.7479757625406375,1.3847494403154852
2018-10-30,0.7476266590425078,1.3853957458481743
2018-10-31,0.7480756231073533,1.3845637892854263
2018-11-01,0.747848301976089,1.3849845229614957
2018-11-02,0.7472911328959989,1.386016377350358
2018-11-05,0.7472254368485162,1.3861382251734218
2018-11-06,0.7474423958844066,1.3857357559879335
2018-11-07,0.7471651594497839,1.3862497440122077
2018-11-08,0.7466655740498812,1.3871766476880125
2018-11-09,0.7465023672554102,1.3874798579362182
2018-11-12,0.7463278725309106,1.3878041809741335
2018-11-13,0.746443851720887,1.3875885165045627
2018-11-14,0.746116841416328,1.3881964064916514
2018-11-15,0.7458599590366047,1.3886743520045093
2018-11-16,0.7457745792997996,1.3888333156936652
2018-11-19,0.745739643840109,1.3888983749376569
2018-11-20,0.7453596290169913,1.3896061312902126
2018-11-21,0.7443904448422817,1.3914130231838642
2018-11-22,0.7432661665712406,1.3935145217171245
2018-11-23,0.7432402709778202,1.3935630721383634
2018-11-26,0.7430463975118893,1.3939265816430804
2018-11-27,0.7429084024045862,1.3941854551789061
2018-11-28,0.7426332874385819,1.3947017520505847
2018-11-29,0.7424808704614749,1.3949879986121232
2018-11-30,0.7428375689658562,1.39431782628509
2018-12-03,0.7425317476187863,1.3948918577741969
2018-12-04,0.7419631973631005,1.3959599146282438
2018-12-05,0.741888898361503,1.396099703809561
2018-12-06,0.7412577904933543,1.3972873338034055
2018-12-07,0.7411342405462322,1.3975202281870056
2018-12-10,0.740729519568322,1.3982833905433747
2018-12-11,0.7403023740791224,1.3990897178559967
2018-12-12,0.7401137994002345,1.3994461031703194
2018-12-13,0.7399647815065129,1.3997278740423666
2018-12-14,0.7399166761148359,1.3998188708834391
2018-12-18,0.7392234058499657,1.4016164995062972
2018-12-19,0.7386193684988093,1.402761794299453
2018-12-20,0.7384607050879615,1.403063122670171
2018-12-21,0.7384077607181827,1.403163716096846
2018-12-24,0.7380551429647246,1.403833780069119
2018-12-25,0.7381499179721723,1.4036535112122053
2018-12-26,0.7376457140506114,1.404612296938024
2018-12-27,0.7371385110530546,1.4055781041729087
2018-12-28,0.7371687810114833,1.4055203853179805
2018-12-31,0.7368310082698803,1.4061643985835401
2019-01-01,0.7363971582814572,1.4069923556065203
2019-01-02,0.736260224539648,1.4072539871538225
2019-01-03,0.7362770808097125,1.4072217688531914
2019-01-04,0.7359934218553138,1.4077639167292613
2019-01-07,0.73576057222432,1.4082092974878426
2019-01-08,0.7362570304680278,1.4072591009959454
2019-01-09,0.7360038229900464,1.4077430740014094
2019-01-10,0.7358047026842385,1.4081239283158005
2019-01-11,0.7351929560394086,1.4092946398993356
2019-01-14,0.7347047890500373,1.4102304093675346
2019-01-15,0.7342720702083845,1.4110609923149986
2019-01-16,0.7341095249684293,1.4113733577948977
2019-01-17,0.7343412112808507,1.4109279257747487
2019-01-18,0.7345151701050284,1.410593689646915
2019-01-21,0.7339540267977721,1.4116713327514
2019-01-22,0.7337032105242832,1.4121537473579615
2019-01-23,0.7337425882715716,1.412077957266548
2019-01-24,0.7334007171696849,1.4127358837041257
2019-01-25,0.7333559235430871,1.4128221688169904
2019-01-28,0.7336224222310194,1.4123087547404365
2019-01-29,0.7326601991065099,1.4141611465179746
2019-01-30,0.7316681971593906,1.4160758821793318
2019-01-31,0.7312645549206198,1.4168570942664105
2019-02-01,0.7314997053316109,1.4164014800488327
2019-02-04,0.7309726760230704,1.417421965890734
2019-02-05,0.7295524385416012,1.4201759344986553
2019-02-06,0.7297359121467736,1.4198187774460351
2019-02-07,0.729708693683294,1.4198717353516257
2019-02-08,0.7294663921474118,1.420343207194033
2019-02-11,0.7289752975471372,1.4212994169483115
2019-02-12,0.7284313573089208,1.422359949377919
2019-02-14,0.7284154889110518,1.422215487043647
2019-02-15,0.7285386604776058,1.4219749972240543
2019-02-18,0.727262615210641,1.424465605565636
2019-02-19,0.727051942673325,1.4248782430052176
2019-02-20,0.7263036929631009,1.4263446646868831
2019-02-21,0.7262890919407217,1.4263733387671216
2019-02-22,0.7263576108124149,1.4262387732161994
2019-02-25,0.7266441821166308,1.4256760764133027
2019-02-26,0.7262636790657379,1.4264226234992234
2019-02-27,0.7263467035442798,1.4262595587640452
2019-02-28,0.7264074565495415,1.426140263730344
2019-03-01,0.7269575662987933,1.4250602449945713
2019-03-04,0.7264868388580364,1.4259830154465882
2019-03-05,0.7265118334582371,1.4259339548532537
2019-03-06,0.7260015494879748,1.4269354956490188
2019-03-07,0.7251229115021296,1.4286624337398706
2019-03-08,0.725349709677833,1.428215588069256
2019-03-11,0.725349709677833,1.42840412068077
2019-03-12,0.725788513193316,1.4275400012893613
2019-03-13,0.7251695064610304,1.4287575141809847
2019-03-14,0.7250086539664068,1.429074432099238
2019-03-15,0.7256299730558873,1.4278497415798985
2019-03-18,0.725826981501809,1.427462080555625
2019-03-19,0.7259136161949007,1.4272916987120168
2019-03-20,0.7256904063719568,1.4277305739724488
2019-03-21,0.7256904063719568,1.428673234493311
2019-03-22,0.7256904063719568,1.4282921937186914
2019-03-25,0.7252284353155857,1.4292014377265292
2019-03-26,0.725129692991228,1.4293960283755778
2019-03-27,0.7240560255628606,1.4315124717825132
2019-03-28,0.7237971254673337,1.432024336476139
2019-03-29,0.7243531292960169,1.4309242892587173
2019-04-01,0.7238773795641563,1.4318641096576286
2019-04-02,0.7240736408763423,1.4314758953868598
2019-04-03,0.7236627332245081,1.4322882497740723
2019-04-04,0.7231763317769199,1.4332509455798237
2019-04-05,0.7234913797141005,1.4326265573994783
2019-04-08,0.7229817982068619,1.4336356088144628
2019-04-09,0.7230524362096229,1.433495537299046
2019-04-10,0.7226788715907305,1.4342361519312052
2019-04-11,0.7220740671686103,1.4354364532007624
2019-04-15,0.7222661919742795,1.4351763708293637
2019-04-16,0.7223462473758128,1.435017297039237
2019-04-17,0.7219893573340209,1.4357262968921092
2019-04-18,0.7223211184258849,1.4350665667741562
2019-04-19,0.7222583742199025,1.4351912233984294
2019-04-22,0.72196538149127,1.4357734258451744
2019-04-23,0.7215857760877227,1.43652834756953
2019-04-24,0.7213240632464714,1.4370493638199042
2019-04-25,0.7214636012560145,1.4367713708649206
2019-04-26,0.7211108982479358,1.4374737674702975
2019-04-29,0.7213592035565044,1.436978791776187
2019-04-30,0.7211725573258041,1.437350599155588
2019-05-01,0.7207716239551207,1.4381496892134655
2019-05-02,0.7209521830427953,1.4377894211518583
2019-05-03,0.7208425233669167,1.4380081146042307
2019-05-06,0.7211227514832165,1.437449087781982
2019-05-07,0.7211159612454404,1.4374626230935181
2019-05-08,0.7208177547779374,1.438057063757763
2019-05-09,0.7207076805487677,1.4382766657608297
2019-05-10,0.7207025203976352,1.4382869635905406
2019-05-13,0.719899157203551,1.4398902142749452
2019-05-14,0.7192145546823029,1.441259506711461
2019-05-15,0.7194815076307578,1.4407245502477737
2019-05-16,0.7193410753524196,1.4410057586303429
2019-05-17,0.7187683147368835,1.4421531299866914
2019-05-20,0.7181801944637135,1.4433331479081428
2019-05-21,0.7176437315337291,1.4444112822474624
2019-05-22,0.716876434908248,1.4459556305835186
2019-05-23,0.7167784603180241,1.4461532474997543
2019-05-24,0.7167784603180241,1.4463204791528859
2019-05-27,0.7167784603180241,1.446629062932578
2019-05-28,0.7166805043630304,1.4468267612999621
2019-05-29,0.7167241504543704,1.446738649048279
2019-05-30,0.7167241504543704,1.4455505586327504
2019-05-31,0.7161320566023184,1.4467447441475738
2019-06-03,0.7165501353609867,1.4459001328204217
2019-06-04,0.7165501353609867,1.4451380511526424
2019-06-05,0.7165501353609867,1.4456456636367798
2019-06-06,0.7165535530193418,1.445638768483549
2019-06-07,0.7163978536609439,1.4459528901954286
2019-06-10,0.7161420978405654,1.446469098983284
2019-06-12,0.7161420978405654,1.4463189380866899
2019-06-13,0.7161420978405654,1.4466726992036527
2019-06-14,0.7161420978405654,1.446895436925463
2019-06-17,0.7161420978405654,1.4483072178386942
2019-06-18,0.7159902240111005,1.448614363535167
2019-06-19,0.7163366146508469,1.4479135348935137
2019-06-20,0.7157885126402099,1.4490213999718475
2019-06-21,0.7154332970120058,1.4497404881351565
2019-06-24,0.7154843942341979,1.4496369456915037
2019-06-25,0.7152237281007922,1.4501650791637644
2019-06-26,0.7151524108605478,1.4503096797513584
2019-06-27,0.7152452641433966,1.45012137581381
2019-06-28,0.7147751818057124,1.4510744425175577
2019-07-01,0.7149174326540706,1.4507856572103266
2019-07-02,0.7149084367173492,1.450803912711413
2019-07-03,0.7146214691996332,1.4513862720404411
2019-07-04,0.7144456902087196,1.451743276727987
2019-07-05,0.714269174517745,1.4521019540510098
2019-07-08,0.7146038788289599,1.4514215035966376
2019-07-09,0.7147350328478834,1.451155118583922
2019-07-10,0.7147259065254296,1.4511736481213506
2019-07-11,0.7148054841726618,1.4510120743158001
2019-07-12,0.7141610581673569,1.4523202202875434
2019-07-15,0.7147735075824507,1.4510747411910963
2019-07-16,0.7148999986727317,1.4508179493204614
2019-07-17,0.7145734613882738,1.4514806240362164
2019-07-18,0.7150327904894727,1.4505476096906365
2019-07-19,0.7145814375812936,1.4514632444570337
2019-07-22,0.7148562508985324,1.4509050415593912
2019-07-23,0.7146207027932219,1.4513831207999315
2019-07-24,0.714463799329855,1.4517017892032333
2019-07-25,0.714463799329855,1.4519445787395866
2019-07-26,0.7142639645915795,1.4523506860401318
2019-07-29,0.714532123697845,1.451805423950401
2019-07-30,0.7142792376964797,1.452319244471896
2019-07-31,0.714133220804605,1.4526161355627971
2019-08-01,0.7144129121027343,1.4520472163740477
2019-08-02,0.7140763991785946,1.4527311802925227
2019-08-05,0.7142879642286506,1.4523007681612292
2019-08-06,0.7149094519874338,1.4510371501322479
2019-08-07,0.7147295149364905,1.4514023646987613
2019-08-09,0.7142053027905867,1.4517933175374993
2019-08-12,0.7141036697694857,1.4519999109922093
2019-08-13,0.7140207505980416,1.4521685120436436
2019-08-14,0.7143742344794898,1.451449599936784
2019-08-15,0.7140844761445219,1.4520383244442878
2019-08-16,0.7135296675433691,1.4531664869775986
2019-08-19,0.713759483122912,1.452698447155895
2019-08-20,0.7134100903018298,1.4534095584204527
2019-08-21,0.7132934173126431,1.4536472528966016
2019-08-22,0.7134952458453923,1.4532359390037968
2019-08-23,0.7136965329117961,1.4528259606603415
2019-08-26,0.7144234741979711,1.4513461732104542
2019-08-27,0.7147275537017226,1.450728437875516
2019-08-28,0.7142008982617706,1.4517974242602485
2019-08-29,0.7141982815729709,1.4518027433547338
2019-08-30,0.7142457730102717,1.4517062040592215
2019-09-02,0.7137809841440457,1.4526508885168337
2019-09-03,0.7134237872258823,1.4533778375839452
2019-09-04,0.7135805344656998,1.4530585141067465
2019-09-05,0.7130476509004727,1.4541436207822818
2019-09-06,0.7132202484927244,1.4537916363287633
2019-09-09,0.7132568520090711,1.4537170255952099
2019-09-10,0.7129440668028054,1.4543545255062473
2019-09-11,0.7133933130727415,1.4534380954857573
2019-09-12,0.7135892199801461,1.4530389628373668
2019-09-13,0.7140001968733845,1.4522021152197446
2019-09-16,0.7137441972962311,1.4527227917252492
2019-09-17,0.713944108674082,1.4523159011108957
2019-09-18,0.7140995432811139,1.4519997136830107
2019-09-19,0.7142059141136621,1.4517834267243404
2019-09-20,0.7137991380535508,1.4526102901411615
2019-09-23,0.7138436812774087,1.4525196428681646
2019-09-24,0.7140465970217579,1.45210675260627
2019-09-25,0.7137336004835091,1.4527432718315267
2019-09-26,0.7142202091157913,1.4517528218708073
2019-09-27,0.7141095088111831,1.4519778357776472
2019-09-30,0.7141436188263061,1.4519084808883402
2019-10-01,0.7139111849361472,1.4523810367265093
2019-10-02,0.7139775468997346,1.4522460299364381
2019-10-03,0.7133612667730193,1.4534995572654659
2019-10-04,0.7133528857634466,1.4535166338776546
2019-10-08,0.7133980605138183,1.4539665757581943
2019-10-09,0.7140553555775329,1.4526269519128985
2019-10-10,0.71414711775151,1.4524402770199172
2019-10-11,0.7131599181727483,1.454448054400809
2019-10-14,0.714006467474944,1.4527215664783135
2019-10-15,0.7139125308839519,1.452912690393617
2019-10-16,0.7136633349504719,1.4534198392647808
2019-10-17,0.7138807020672776,1.452977157590527
2019-10-18,0.7138530347245596,1.4530334695441407
2019-10-21,0.7134048308537653,1.4539457794927773
2019-10-22,0.7135736896948591,1.4536016388467932
2019-10-23,0.7135848429919786,1.4535789187672759
2019-10-24,0.713841726789018,1.4530556440990754
2019-10-25,0.7137243330024757,1.453294604218267
2019-10-28,0.7133538163459746,1.454049054967341
2019-10-29,0.7132646800080686,1.4542307440603628
2019-10-30,0.7132885152576736,1.4541821478607477
2019-10-31,0.7136253135583203,1.4534955167630168
2019-11-01,0.7138241928045659,1.4530904441187267
2019-11-04,0.7141243223815478,1.4524794877730245
2019-11-05,0.7139794822398275,1.4527740826051307
2019-11-06,0.7142971463525695,1.4521277136247261
2019-11-07,0.7140280515665708,1.4526747688640422
2019-11-08,0.7138331441544123,1.4530713038170964
2019-11-11,0.7135063951494656,1.4537364306839657
2019-11-12,0.7137880208518869,1.4531626312811714
2019-11-13,0.7141649829852457,1.4523951943536766
2019-11-14,0.7143633288486443,1.4519918189632788
2019-11-15,0.7149745781059924,1.450749413474118
2019-11-18,0.7146600123657805,1.4513876963964567
2019-11-19,0.7148269865634364,1.451048592078459
2019-11-20,0.7148156624171801,1.4510715793002493
2019-11-21,0.7151618691744076,1.450368781624726
2019-11-22,0.7152584133513277,1.4501729872650322
2019-11-25,0.7152697509936634,1.4501500004083274
2019-11-26,0.7155494050583724,1.449583025023882
2019-11-27,0.7160093777722581,1.44865119748925
2019-11-28,0.7157444641209889,1.4491871785672301
2019-11-29,0.7156520230525563,1.4493743464991682
2019-12-02,0.7153610340962944,1.4499636719181357
2019-12-03,0.714622430475068,1.4514607459376596
2019-12-05,0.7147509419849202,1.4507627929838554
2019-12-06,0.7149039004489117,1.4504523261689188
2019-12-09,0.714340627829456,1.4515951372245641
2019-12-10,0.7142441581254603,1.451791171088178
2019-12-11,0.7137005827779243,1.4528960564154099
2019-12-12,0.7141019708798283,1.4520789417815971
2019-12-13,0.7139955058131627,1.452295431425436
2019-12-16,0.7142820509959384,1.4517125870567336
2019-12-17,0.7146992942992311,1.4508645784102747
2019-12-18,0.7145852676841189,1.4510960564293267
2019-12-19,0.7145559724544615,1.4511555457501266
2019-12-20,0.7146572884558487,1.450949788212643
2019-12-23,0.7145534001079789,1.4511607099772068
2019-12-24,0.714683482988071,1.4508965293510954
2019-12-25,0.7146072364250992,1.4510513193752448
2019-12-26,0.7142508588436949,1.4517749646636406
2019-12-27,0.713581281972149,1.4531359359904399
2019-12-30,0.7138008387207727,1.452688830931108
2019-12-31,0.7139424146341371,1.452400703295335
2020-01-01,0.7141581943330643,1.451961734297199
2020-01-02,0.7144504115280714,1.4513676247726977
2020-01-03,0.7149962223178655,1.450258839478748
2020-01-06,0.7149203731159445,1.4504126878098575
2020-01-07,0.7149601261475753,1.450332037847114
2020-01-08,0.7151919824735228,1.4498617058028487
2020-01-09,0.714751163552942,1.4507553490312486
2020-01-10,0.7151559954401409,1.4499336476395464
2020-01-13,0.7151889732374881,1.4498667872366362
2020-01-14,0.7154236633256571,1.4493910117746776
2020-01-15,0.7151825277106639,1.4498795332073697
2020-01-16,0.7148698619275727,1.4505133961753163
2020-01-17,0.7145879576259612,1.4510853967417194
2020-01-20,0.7147882473168148,1.4506786764179105
2020-01-21,0.7148627509124761,1.4505274697102624
2020-01-22,0.7155116431093013,1.4492108030421862
2020-01-23,0.7154288204367353,1.449378553648309
2020-01-24,0.715003605437955,1.450239991547254
2020-01-27,0.7153513545454305,1.4495346529183992
2020-01-28,0.7153191219410188,1.4495999666649264
2020-01-29,0.7156100795736643,1.4490103386770161
2020-01-30,0.7158795593919742,1.4484646797295786
2020-02-03,0.7154618234773945,1.450153522499265
2020-02-04,0.7148785697258292,1.4513357064461772
2020-02-05,0.7149666245547437,1.4511569388585888
2020-02-06,0.7152160357292944,1.4506507127717367
2020-02-07,0.7158765265935573,1.4493110594430116
2020-02-10,0.7163112685784417,1.4484309127371329
2020-02-11,0.7165444862888927,1.4479593304013065
2020-02-12,0.7163017873075948,1.4484497650654113
2020-02-13,0.7160485793617649,1.4489617824806245
2020-02-14,0.7163969160593644,1.4482569049390657
2020-02-17,0.7164988000132481,1.4480509379165856
2020-02-18,0.7164524457407202,1.4481446203453756
2020-02-19,0.7166097852354195,1.4478265945724562
2020-02-20,0.7166633670892232,1.447718338678493
2020-02-21,0.7170134627282205,1.447011116989562
2020-02-24,0.7172839863107774,1.4464651709903364
2020-02-25,0.7174744473170063,1.4460810899050205
2020-02-26,0.717712440984817,1.4456014099055092
2020-02-27,0.7175420170619337,1.4459446742118431
2020-02-28,0.7173031245127547,1.446426075162562
2020-03-02,0.7173581138293348,1.4463151904073746
2020-03-03,0.7169883498774555,1.447060697024165
2020-03-04,0.7170745653204778,1.446886692831356
2020-03-05,0.7164550640366476,1.4481366997443261
2020-03-06,0.7164544343086253,1.4481379725837629
2020-03-09,0.7162357777261886,1.4485799335582772
2020-03-10,0.716591302904433,1.4478608873236498
2020-03-11,0.7162210376977458,1.4486090020558915
2020-03-12,0.7157638539190023,1.4495336894116422
2020-03-13,0.7161184814699685,1.4488155131870335
2020-03-16,0.7160339953618182,1.448986441304802
2020-03-17,0.7162673829126812,1.44851415172224
2020-03-18,0.7164392123919548,1.4481666593774136
2020-03-19,0.7166368248881375,1.4477672174938618
2020-03-20,0.7165319137939911,1.4479791614487103
2020-03-23,0.7161562318963836,1.4487383454412122
2020-03-24,0.7160550802742638,1.4489429687163322
2020-03-25,0.7165605132777321,1.4479202211418694
2020-03-26,0.7172059578115936,1.4466160016448601
2020-03-27,0.7170054998127805,1.4470203286663832
2020-03-30,0.7173107626881795,1.4464042642339558
2020-04-01,0.7170169650783965,1.4481724866215173
2020-04-02,0.7170169650783965,1.4484748338466973
2020-04-03,0.7168843774305548,1.4487426794912652
2020-04-06,0.7166388808269755,1.4492388005094832
2020-04-07,0.7170169540864626,1.448474233512432
2020-04-08,0.7172393862599954,1.4480248895042742
2020-04-09,0.7176681067903935,1.4471593514279353
2020-04-10,0.7180457286495057,1.4463978866233171
2020-04-13,0.7180527209799681,1.4463838015983668
2020-04-14,0.7183094199551473,1.4458667292041845
2020-04-15,0.7187542252400139,1.4449713919797291
2020-04-16,0.7182538495619071,1.445977338817628
2020-04-17,0.7187166505545406,1.4450456351474859
2020-04-20,0.7183310045753866,1.4458210117002048
2020-04-21,0.717945650881184,1.4465966324996211
2020-04-22,0.7179756602587447,1.4465361662728677
2020-04-23,0.7177637206840815,1.446963169967818
2020-04-24,0.7178599928886169,1.4467690917074658
2020-04-27,0.7179349808018326,1.4466179616874524
2020-04-28,0.7178526280108499,1.4467839001495924
2020-04-29,0.7177082511277219,1.447074882089217
2020-04-30,0.717693000306636,1.4471056314641755
2020-05-01,0.7177911480348363,1.4469077332958311
2020-05-04,0.7179421679660483,1.4466033106138982
2020-05-05,0.7187862081528383,1.4449026286049829
2020-05-06,0.7192684482949103,1.4439332304153745
2020-05-07,0.7192661347778814,1.4439378748066656
2020-05-08,0.7186386405570968,1.4451975791466911
2020-05-11,0.7189398926269245,1.4445917548318583
2020-05-12,0.7187732137297649,1.4449266687280138
2020-05-13,0.7186304019751831,1.4452137586040155
2020-05-14,0.7188858368020192,1.4447000620986137
2020-05-15,0.7191501023934975,1.444168984009612
2020-05-18,0.7192041471002841,1.444060453552575
2020-05-19,0.7190509282213455,1.4443680954435527
2020-05-20,0.7193819718925007,1.443703123189087
2020-05-21,0.719234784000381,1.4439985095455035
2020-05-22,0.7192938460978161,1.4438799313252004
2020-05-25,0.7191735487729085,1.4441214110683795
2020-05-26,0.7193455458301256,1.4437760359730472
2020-05-27,0.7197288875317033,1.443006642785677
2020-05-29,0.720695275877335,1.4414392642877853
2020-06-01,0.720184615307794,1.442460619942939
2020-06-02,0.7200732597095149,1.4426836545120114
2020-06-03,0.7203317582073787,1.4421657467122764
2020-06-04,0.7208908026220816,1.4410464920124952
2020-06-05,0.72095670559569,1.4409147532684494
2020-06-08,0.7211512124956125,1.440526008896512
2020-06-09,0.7213446474686889,1.4401396154398851
2020-06-10,0.7214102402106377,1.4400086618014305
2020-06-11,0.7220139091965585,1.4388036767317247
2020-06-12,0.7224981084846177,1.4378387815862756
2020-06-15,0.7227989469736464,1.4372400848679872
2020-06-16,0.722823734745318,1.4371907959485581
2020-06-17,0.723181916369478,1.436478623244791
2020-06-18,0.7229045152514244,1.4370296336712531
2020-06-19,0.7231050743328438,1.436630951221191
2020-06-22,0.723653916735442,1.4355405371017178
2020-06-23,0.7236296265411,1.435588722508893
2020-06-24,0.7243438181258819,1.434171857655357
2020-06-25,0.7241660216119479,1.4345238876586408
2020-06-26,0.72481146349241,1.4332453109676806
2020-06-29,0.7245808508409277,1.4337013254183826
2020-06-30,0.7249115067001949,1.4330470689014756
2020-07-01,0.7255930433867243,1.4316997676902896
2020-07-02,0.7257948494096496,1.4313015752892266
2020-07-03,0.7261410668616974,1.4306188181920774
2020-07-06,0.7262749757346425,1.430354995413969
2020-07-07,0.7268881465451179,1.429147392286905
2020-07-08,0.727365898382691,1.4282080761127822
2020-07-09,0.7274390261339381,1.4280644872462278
2020-07-10,0.7277031228451885,1.427546028487506
2020-07-13,0.7282947574789268,1.4263854100358402
2020-07-14,0.7281711520503132,1.4266274946838005
2020-07-15,0.728291339491047,1.426392024345565
2020-07-16,0.72836851810285,1.4262408664910686
2020-07-17,0.7284118033629422,1.4261561082878706
2020-07-20,0.7292741874484382,1.4244676480988099
2020-07-21,0.7293921049750371,1.4242373236136234
2020-07-22,0.730143176207581,1.4227707548438422
2020-07-23,0.730143176207581,1.4217419834213514
2020-07-24,0.730143176207581,1.4217548808050462
2020-07-28,0.730579138662752,1.4202277736992097
2020-07-29,0.7310574007182415,1.4192980440937957
2020-07-30,0.731821936068015,1.417813750896698
2020-07-31,0.7323125310493859,1.4168632842921496
2020-08-03,0.7328430711833736,1.415836806108561
2020-08-04,0.7330990763533386,1.415342209712084
2020-08-05,0.7329190598469499,1.4156897547686185
2020-08-06,0.732853042314639,1.4158172727296703
2020-08-07,0.7333314893397038,1.4148929488569966
2020-08-10,0.7336248315923021,1.414326973045462
2020-08-11,0.7332837956650033,1.4149844430355512
2020-08-12,0.7336522169308304,1.414273517248413
2020-08-13,0.7340938707129394,1.413422133945242
2020-08-14,0.7341634953945426,1.4132880787923892
2020-08-17,0.7349005875592423,1.4118691529320377
2020-08-18,0.7351846782079574,1.41132336642656
2020-08-19,0.7359188050011717,1.4099140738666163
2020-08-20,0.7360123844519433,1.4097347891632346
2020-08-21,0.7366918572961059,1.4084333484172058
2020-08-24,0.7372573757655436,1.4073521703593603
2020-08-25,0.7378700793187599,1.4061825792453881
2020-08-26,0.7374696715859109,1.4069456490517247
2020-08-27,0.7375728636779846,1.406748779037196
2020-08-28,0.7376425958020262,1.4066157812207278
2020-08-31,0.7376691184900543,1.4065652049230013
2020-09-01,0.7379748638678862,1.4059822188669973
2020-09-02,0.7378686822638089,1.4061845149811512
2020-09-03,0.7382896284941163,1.4053823016809714
2020-09-04,0.7379898126615039,1.4059530206084154
2020-09-07,0.7386163355591389,1.4047594245108845
2020-09-08,0.7387467879648877,1.4045113197268402
2020-09-09,0.7390555410160444,1.4039243159490717
2020-09-10,0.7393775081928513,1.4033127008222368
2020-09-11,0.7399473186173361,1.4022312205271508
2020-09-14,0.7392725600798606,1.4035099162717795
2020-09-15,0.7394872458229801,1.4031023351094032
2020-09-16,0.7395904510562967,1.4029065136064902
2020-09-17,0.739698495198916,1.402701567975809
2020-09-18,0.7407404528173583,1.4007256878102552
2020-09-21,0.740950160121247,1.400329135406021
2020-09-22,0.7413776589598748,1.3995212010653566
2020-09-24,0.7417691278424885,1.3981035698602333
2020-09-25,0.7417694660338692,1.3981029324293146
2020-09-28,0.7420346613837006,1.3976030865698614
2020-09-29,0.7428333576211713,1.396098762870697
2020-09-30,0.7433089907446205,1.3952048466128781
2020-10-01,0.7427818188431926,1.3961943581094811
2020-10-02,0.7427103141822129,1.3963287642051956
2020-10-05,0.7431999786632089,1.3954081729779455
2020-10-06,0.7437665451234889,1.394344406169674
2020-10-07,0.7439995908212443,1.3939075137507049
2020-10-08,0.7435540485174639,1.3947422517970631
2020-10-09,0.7439121952888721,1.3940704479982355
2020-10-12,0.7437187835567516,1.39443289612283
2020-10-13,0.7434857253640721,1.3948698677548077
2020-10-14,0.7427333780345504,1.396281363072383
2020-10-15,0.7434159516288157,1.3949981774545237
2020-10-16,0.7438663694812816,1.3941529815962612
2020-10-19,0.7441815451261556,1.393562279982295
2020-10-20,0.7451886537522083,1.3916763576528535
2020-10-21,0.7456002432791399,1.3909076940254566
2020-10-22,0.7462911390997857,1.3896188367304536
2020-10-23,0.7460762167472593,1.3900190292744323
2020-10-26,0.7465382296280826,1.3891582503329538
2020-10-27,0.7461649474178398,1.3898528538260928
2020-10-28,0.7467097226508511,1.388838121875852
2020-10-29,0.7470931240672751,1.3881250167870092
2020-10-30,0.7475508154905435,1.3872746101989404
2020-11-02,0.7479427319291768,1.3865473075014254
2020-11-03,0.7485980491892047,1.3853324706647772
2020-11-04,0.7488984569833184,1.3847765452625171
2020-11-05,0.7496730014370613,1.3833443471015985
2020-11-06,0.7496017083150752,1.3834759017088707
2020-11-09,0.7494577274754733,1.3837416348571379
2020-11-10,0.7497714272951791,1.3831624434158323
2020-11-11,0.749489108194934,1.3836832597103752
2020-11-12,0.7500074586278767,1.3827262974158145
2020-11-13,0.7501431218876624,1.3824761863605963
2020-11-16,0.7497823400895551,1.3831410891368834
2020-11-17,0.7498979189143131,1.3829278781648326
2020-11-18,0.7503315881911764,1.3821281248680826
2020-11-19,0.7503110642230286,1.3821659304916996
2020-11-23,0.7511476912074352,1.3806534681627272
2020-11-24,0.7510279736762899,1.3808735159995378
2020-11-25,0.7510279736762899,1.3804058005105286
2020-11-26,0.7510279736762899,1.3789907585533032
2020-11-27,0.7510279736762899,1.379816871170534
2020-11-30,0.7515514421844521,1.378855135117544
2020-12-01,0.751646110975688,1.378681448338963
2020-12-02,0.7520195145910363,1.3779965453910117
2020-12-03,0.7519161167822013,1.3781860109841395
2020-12-04,0.7523261429755095,1.3774344745412546
2020-12-07,0.752963596019656,1.3762673613057155
2020-12-08,0.7534334090901356,1.3754086366632046
2020-12-09,0.7537616657194898,1.3748093972379167
2020-12-10,0.7540164517777127,1.3743446850045138
2020-12-11,0.7539396943720149,1.3744845906157332
2020-12-14,0.7546087731693931,1.3732648133526857
2020-12-15,0.754312645748307,1.3738037169304145
2020-12-16,0.7545342515272315,1.3734001139356937
2020-12-17,0.7548231541074459,1.3728742546578947
2020-12-18,0.754857861774999,1.3728111282646942
2020-12-21,0.7548849894031002,1.3727617930035458
2020-12-22,0.7546223635841894,1.3732393792519384
2020-12-23,0.7549325279259432,1.3726749513888241
2020-12-24,0.7553123246993377,1.3719843764060649
2020-12-25,0.7556329967480977,1.3714018928076093
2020-12-28,0.756335648249649,1.3701266472805365
2020-12-29,0.7568906523814958,1.3691212392290266
2020-12-30,0.7571954659279785,1.3685698693591763
2020-12-31,0.7573426255062977,1.3683038902640314
2021-01-01,0.7579583472299374,1.3671914552822915
2021-01-04,0.7585046036469907,1.3662061279110473
2021-01-05,0.7584338999896079,1.366333478186204
2021-01-06,0.7584916340834813,1.3662294690889139
2021-01-07,0.7583341603774546,1.3665131178572227
2021-01-08,0.7580910557162465,1.3669511908412852
2021-01-11,0.7587552622087818,1.365753527514315
2021-01-12,0.759174331886042,1.3649992053784443
2021-01-13,0.7595857306013861,1.3642595084525178
2021-01-14,0.7595141121814074,1.3643881392396695
2021-01-15,0.760174701301178,1.3632014595645054
2021-01-18,0.7600285471097037,1.3634635540630442
2021-01-20,0.7602845532762948,1.3621743096320411
2021-01-21,0.7604661252856432,1.3618489936363172
2021-01-22,0.7608333122170103,1.3611914322587202
2021-01-25,0.7610559539426419,1.3607931084675209
2021-01-26,0.7613816376243678,1.3602107753192982
2021-01-27,0.7616946476908205,1.3596515818161545
2021-01-28,0.7616612934212359,1.359711120353728
2021-01-29,0.762701539992833,1.3578540812163484
2021-02-01,0.7633881364709914,1.3566317186260948
2021-02-02,0.7637330819642351,1.356018709365177
2021-02-03,0.7638492140065871,1.355812515308765
2021-02-04,0.7643918284710526,1.3548493887277335
2021-02-05,0.7646586863425626,1.3543763954137993
2021-02-08,0.7650103485388949,1.3537535253851463
2021-02-09,0.764946116925367,1.3538671889106406
2021-02-10,0.7652041877027054,1.353410433133829
2021-02-11,0.764370482696495,1.354885000408413
2021-02-12,0.7647951782180743,1.3541322063053511
2021-02-15,0.7646673373687758,1.3543585589501468
2021-02-16,0.7654927340014173,1.352896638269981
2021-02-17,0.7658361314474306,1.3522897334233817
2021-02-18,0.7653400893673611,1.3531656291727194
2021-02-19,0.7653025084125775,1.353232074478579
2021-02-22,0.7650883303281297,1.3536107909342798
2021-02-23,0.7654436217620709,1.3529822016592312
2021-02-24,0.7659386209868334,1.35210725134036
2021-02-25,0.7663401768658782,1.351398386947055
2021-02-26,0.7662508193289237,1.3515559640061043
2021-03-01,0.7666115637907707,1.3509196627890714
2021-03-02,0.7663955811841203,1.351300266427114
2021-03-03,0.7669896668140309,1.3502527811731695
2021-03-04,0.7676587533709661,1.3490748826649666
2021-03-05,0.7678583905862179,1.348724042462131
2021-03-08,0.7683684898144529,1.3478280659362551
2021-03-09,0.768405089550767,1.3477638647717567
2021-03-10,0.7691820089821815,1.3464011669581444
2021-03-11,0.7691895560358813,1.346387956350265
2021-03-12,0.7693398066200821,1.3461249580094596
2021-03-15,0.7693254589622563,1.346150062313334
2021-03-16,0.7693037265460392,1.3461880892538234
2021-03-17,0.7696111838583612,1.345650076298056
2021-03-19,0.769585218025363,1.3444556420873228
2021-03-22,0.7699228292481978,1.3438658395511764
2021-03-23,0.7699971168810205,1.3437361738129243
2021-03-24,0.7703375292409476,1.3431421139235833
2021-03-25,0.7706661718833325,1.342569100463038
2021-03-26,0.7704064377858821,1.3430215803905292
2021-03-29,0.7708367201813677,1.3422714847079695
2021-03-30,0.7709704720102186,1.3420385803052681
2021-03-31,0.7715110945619632,1.3410975114210961
2021-04-01,0.7713828630803632,1.341320412844124
2021-04-02,0.7716348004316079,1.340882331149344
2021-04-05,0.7722095137179089,1.3398836425331144
2021-04-06,0.7725423702735554,1.3393060932459093
2021-04-07,0.7724905051192658,1.3393960084658896
2021-04-08,0.7728596232546804,1.3387560066096205
2021-04-09,0.7727230978892253,1.3389924973610559
2021-04-12,0.7727622808750818,1.33892460017482
2021-04-13,0.7731712491030546,1.3382160024149727
2021-04-14,0.7739042609406501,1.336947294903968
2021-04-15,0.7740174499935962,1.336751756766001
2021-04-16,0.7737325087119956,1.3372438590548548
2021-04-19,0.774155847653636,1.3365122012873016
2021-04-20,0.7742192972960473,1.3364026610422632
2021-04-21,0.773889200347513,1.336972451077159
2021-04-22,0.7743847716794875,1.336116301103628
2021-04-23,0.7744671646356408,1.3359741410614387
2021-04-26,0.7752413130941737,1.3346387166959282
2021-04-27,0.7753176958546342,1.3345072177836839
2021-04-28,0.7743681741161247,1.3361415718301068
2021-04-29,0.774901622948363,1.3352211270274632
2021-04-30,0.7754411940341444,1.334291400347414
2021-05-03,0.7755090882739631,1.3341745756274734
2021-05-04,0.7756467890996431,1.3339376771262914
2021-05-05,0.7770627611589579,1.3315025242883989
2021-05-06,0.7775349918662287,1.3306933536393772
2021-05-07,0.7781658914068278,1.3296136159629102
2021-05-10,0.7780349855383756,1.3298372883533678
2021-05-11,0.7775783326769108,1.33061781109887
2021-05-12,0.7781293934188858,1.3296748176955624
2021-05-13,0.7783287108142746,1.3293342222578128
2021-05-14,0.7784296656371916,1.3291617980633292
2021-05-18,0.7788651406532378,1.3279142651615128
2021-05-19,0.779263100458945,1.327235769648777
2021-05-20,0.7791003706803604,1.3275129299336632
2021-05-21,0.7795256165818659,1.3267883513634373
2021-05-24,0.7791643663240138,1.3274032158705809
2021-05-25,0.7785979533626816,1.328368170659171
2021-05-26,0.7793129322817327,1.3271483431029105
2021-05-27,0.7800786523080444,1.3258443431022624
2021-05-28,0.7801614424426588,1.3257036305839562
2021-05-31,0.7803466556600946,1.325388903629471
2021-06-01,0.7805629529621414,1.3250215309471658
2021-06-02,0.7810176711891601,1.3242496374835733
2021-06-03,0.7810176711891601,1.3244565138172457
2021-06-04,0.7810176711891601,1.3241067445218937
2021-06-07,0.7810176711891601,1.3227467103201918
2021-06-08,0.7810176711891601,1.3215570903532352
2021-06-09,0.781232172989257,1.3211941326567982
2021-06-10,0.7816307386205927,1.3205200915819348
2021-06-11,0.7814808590927816,1.3207733044073933
2021-06-14,0.782229646542592,1.3195077859204365
2021-06-15,0.7824629929304869,1.3191141644602875
2021-06-16,0.7828301411254247,1.3184952081789372
2021-06-17,0.782799918179976,1.3185461116976673
2021-06-18,0.7836125546074475,1.3171773090486356
2021-06-21,0.7839576254253692,1.3165972782046822
2021-06-22,0.7843923840815357,1.3158671340682895
2021-06-23,0.7844683967645079,1.315739618052931
2021-06-24,0.784857921986138,1.3150862918406279
2021-06-25,0.784989679415003,1.3148655227259964
2021-06-28,0.7848644456996711,1.3150752904451026
2021-06-29,0.7854896747885656,1.3140276912957496
2021-06-30,0.7855959286057105,1.313849941717982
2021-07-01,0.7857900925786555,1.3135252171168883
2021-07-02,0.7861519651502679,1.3129203116177162
2021-07-05,0.786595515143924,1.312179556876007
2021-07-06,0.7868414337972738,1.3117693213440627
2021-07-07,0.7868102489557227,1.3118213106225636
2021-07-08,0.7871729110901832,1.3112166566832277
2021-07-09,0.7869620029422594,1.3115679724776252
2021-07-12,0.7876042215750049,1.3104976369507662
2021-07-13,0.7883430008510093,1.3092683793250315
2021-07-15,0.7888702545987296,1.309272907858515
2021-07-16,0.7888429372688872,1.3093182459095687
2021-07-19,0.7892274438285354,1.3086800435115573
2021-07-20,0.7899719595770174,1.3074455034436245
2021-07-21,0.7899719595770174,1.307290266847502
2021-07-22,0.7899719595770174,1.3077087117871258
2021-07-23,0.7902678199852239,1.3072189485384507
2021-07-26,0.7906987553110105,1.306506118268488
2021-07-27,0.7909882728806392,1.3060277357321233
2021-07-28,0.7916799878695602,1.3048856215039788
2021-07-29,0.7919214370383363,1.3044876531916716
2021-07-30,0.7913987836861877,1.305348590669671
2021-08-02,0.7916558240087166,1.3049246233479173
2021-08-03,0.7915892659253922,1.3050343342591222
2021-08-04,0.7917999351168997,1.3046870196353364
2021-08-05,0.790971475624017,1.3060521123800055
2021-08-06,0.7920004581013099,1.3043530564981103
2021-08-09,0.7925013084449909,1.3035282013229066
2021-08-10,0.7929630924432082,1.3027686461547556
2021-08-11,0.7937994474403024,1.301394588424134
2021-08-12,0.7937994474403024,1.2994145463639133
2021-08-13,0.7937994474403024,1.298690813265527
2021-08-16,0.7937994474403024,1.2984392309420223
2021-08-17,0.7937994474403024,1.297781023780893
2021-08-18,0.7938552225848986,1.2976898371159378
2021-08-19,0.7938703696193985,1.2976650767412827
2021-08-20,0.7939311331375762,1.2975657523446344
2021-08-23,0.7939295352485155,1.2975683638634865
2021-08-24,0.7934879279965769,1.298290110031034
2021-08-25,0.7936933243745409,1.2979540443182005
2021-08-26,0.7932927214743987,1.298609164045729
2021-08-27,0.7935091789127343,1.29825482622636
2021-08-30,0.7937429239761564,1.2978723975604307
2021-08-31,0.7941533879894378,1.2972012357812979
2021-09-01,0.7942529642360983,1.2970385840415009
2021-09-02,0.7957665483315658,1.2945668564428499
2021-09-03,0.7964119722335955,1.2935168696173476
2021-09-06,0.7961247454927559,1.293983377715712
2021-09-07,0.7961985901307125,1.2938633541458
2021-09-08,0.7962454539912668,1.2937871979800437
2021-09-09,0.7961797311045237,1.2938939884540819
2021-09-13,0.796528556025539,1.2932454339395794
2021-09-14,0.7968169224224494,1.292777241652831
2021-09-15,0.7975282316769284,1.2916231943552763
2021-09-16,0.7982440468005422,1.2904639082262002
2021-09-17,0.7987977084089924,1.2895688432070003
2021-09-20,0.7986148232638559,1.2898640906552226
2021-09-21,0.7988825906656073,1.2894316123864675
2021-09-22,0.7991519158508403,1.2889969097006049
2021-09-23,0.7992810415505847,1.2887886356232585
2021-09-24,0.7993675625741922,1.2886491261063662
2021-09-27,0.8004232066823534,1.2869473371907882
2021-09-28,0.8006655324937726,1.2865577176056302
2021-09-29,0.8011908063916333,1.2857136757932586
2021-09-30,0.8010066436240832,1.2860092116218302
2021-10-01,0.8006093365625288,1.286647084659549
2021-10-04,0.8005159165230121,1.2867972185838035
2021-10-05,0.8007225248028776,1.28646510406318
2021-10-06,0.8006179495820666,1.2866331177859816
2021-10-07,0.8009197384039372,1.2861481280439966
2021-10-08,0.8003028857548296,1.2871386940668916
2021-10-11,0.8003654727659679,1.2870380344726107
2021-10-12,0.8009591069638041,1.2860834333345352
2021-10-13,0.8015355545848475,1.285157843339786
2021-10-14,0.8018391342908288,1.2846710928294824
2021-10-15,0.8018713765670047,1.2846194356848022
2021-10-18,0.8018624264536942,1.2846337740061917
2021-10-19,0.8022958083220868,1.2839394691394064
2021-10-20,0.8026217090254081,1.2834179198907698
2021-10-21,0.8031577911557167,1.282560707327448
2021-10-22,0.8031080160217944,1.2826401931167584
2021-10-25,0.8030471492743106,1.2827374031248637
2021-10-26,0.8035287449634891,1.2819681322243306
2021-10-27,0.8036029350714323,1.2818497676297773
2021-10-28,0.8038793256447326,1.2814088892099784
2021-10-29,0.8044725277657128,1.2804633064008764
2021-11-01,0.804824003653019,1.279903869053736
2021-11-02,0.8050497199338932,1.2795449146240867
2021-11-03,0.8045940899876003,1.2802690922323683
2021-11-04,0.80457614950389,1.2802976391072207
2021-11-05,0.8049251251896273,1.2797423246763484
2021-11-08,0.8051143824632716,1.279441426448978
2021-11-10,0.8056447041685475,1.2768406368169147
2021-11-11,0.8063122890152925,1.2757826028517727
2021-11-12,0.8065165007078491,1.2754594901717207
2021-11-15,0.8068742064955927,1.2748937990280595
2021-11-16,0.8068742064955927,1.2742963503456
2021-11-17,0.8068742064955927,1.2735403518036472
2021-11-18,0.8068742064955927,1.2740803260491604
2021-11-19,0.8068742064955927,1.274589977945836
2021-11-22,0.8070712577840616,1.2742787031580167
2021-11-23,0.8067244929523423,1.2748262075274295
2021-11-24,0.8070631091735617,1.2742911093162366
2021-11-25,0.8074830217446032,1.2736280993856794
2021-11-26,0.8066977625160938,1.2748666743052741
2021-11-29,0.8073551185958878,1.2738278201045787
2021-11-30,0.80814085788285,1.2725880972861712
2021-12-01,0.808409227866292,1.2721654921879808
2021-12-02,0.8088245766957776,1.2715118721773746
2021-12-03,0.8089889313704951,1.2712534985742812
2021-12-06,0.8094301379291242,1.2705601820658574
2021-12-07,0.809953177982593,1.2697391675836647
2021-12-08,0.8094208178196097,1.2705737325543025
2021-12-09,0.809622257294099,1.2702575265717642
2021-12-10,0.8096427808371871,1.2702253261414465
2021-12-13,0.8097131174275337,1.2701149770831612
2021-12-14,0.809715602652772,1.2701110787619798
2021-12-15,0.8107188936902586,1.2685373273636376
2021-12-16,0.8113287747250842,1.2675830423902037
2021-12-17,0.8113405371467737,1.267564665319483
2021-12-20,0.8108523315764538,1.2683273933011587
2021-12-21,0.810801433459931,1.2684070076439178
2021-12-22,0.8115175992736109,1.2672866473445654
2021-12-23,0.8117941262027167,1.2668548158165733
2021-12-24,0.8127329525311273,1.2653897194122354
2021-12-27,0.8133577839716895,1.2644168841423098
2021-12-28,0.8137128594744027,1.263864896481254
2021-12-29,0.8142368532709042,1.2630510253992608
2021-12-30,0.8142368532709042,1.2632501864605952
2021-12-31,0.8145256395824304,1.262802148079113
2022-01-03,0.8153529429256478,1.2615195359817657
2022-01-04,0.8157365822696905,1.2609259666183625
2022-01-05,0.8160992381312572,1.2603653908114967
2022-01-07,0.8159694930086469,1.2600522526187885
2022-01-10,0.8161535705633771,1.2597679928033396
2022-01-11,0.816372150418522,1.2594306054349391
2022-01-12,0.8162173103138602,1.259669479784903
2022-01-13,0.8166094015310361,1.259064364782652
2022-01-14,0.8167564853053081,1.258837588139527
2022-01-17,0.8176587156088637,1.257447012809293
2022-01-18,0.8176723763009637,1.2574260045375703
2022-01-19,0.8183760566831282,1.2563438767354553
2022-01-20,0.8191691425885254,1.2551263574631917
2022-01-21,0.8194904757173657,1.254634012648714
2022-01-24,0.8192801206822975,1.2549560646914757
2022-01-25,0.8192801206822975,1.2560918869849047
2022-01-26,0.8188395620739927,1.2567673361745815
2022-01-27,0.8189354678768224,1.2566201384988358
2022-01-28,0.8196119414771962,1.2555821197748496
2022-01-31,0.8202073172441361,1.2546700501359302
2022-02-01,0.8207096552116304,1.2539016244103722
2022-02-02,0.820302116190802,1.2545242731595156
2022-02-03,0.82019621738197,1.254686228887236
2022-02-04,0.8210558118372635,1.2533712736330809
2022-02-07,0.8214799087232167,1.2527238744594467
2022-02-08,0.8219274138095772,1.2520414471722145
2022-02-09,0.8224152036133486,1.2512983973096978
2022-02-10,0.8234950256523154,1.2496554563951792
2022-02-11,0.8237126732358805,1.2493251757232857
2022-02-14,0.8239749613698919,1.2489273632581375
2022-02-15,0.8243202567269677,1.2484039871361967
2022-02-16,0.8252498095632441,1.2469962121147884
2022-02-17,0.8250343542311008,1.2473217765438245
2022-02-18,0.8254764776607628,1.2466533556727306
2022-02-21,0.8257817948571278,1.2461922586969918
2022-02-22,0.8260993189381826,1.2457130812021322
2022-02-23,0.82606256097013,1.2457685102293592
2022-02-24,0.8260924587633225,1.2457234219623872
2022-02-25,0.8260924587633225,1.2449414014722613
2022-02-28,0.8260924587633225,1.2432902567645303
2022-03-01,0.82645090174603,1.2427507909174835
2022-03-02,0.8264532089409562,1.2427473215422147
2022-03-03,0.8265707506680996,1.2425705726773102
2022-03-04,0.8266666914760521,1.2424263463971228
2022-03-08,0.8266543105792735,1.243146681013102
2022-03-09,0.8270738433640233,1.242515775467382
2022-03-10,0.8267516370705034,1.2429998270497955
2022-03-11,0.8275246939348107,1.2418375559328751
2022-03-14,0.8277909195168079,1.2414380404519505
2022-03-15,0.827739161943187,1.241515661285013
2022-03-16,0.8278094662935594,1.2414102126653788
2022-03-17,0.8288721604394504,1.239816561687267
2022-03-18,0.8292535770333594,1.2392460435391124
2022-03-21,0.8295347016980894,1.2388259276202225
2022-03-22,0.8298440673883533,1.2383639213443784
2022-03-23,0.8299614642735951,1.2381887317239726
2022-03-24,0.8300520711276873,1.2380535587182568
2022-03-25,0.8294440253436699,1.238960481636651
2022-03-28,0.8306252323238702,1.2371960843724776
2022-03-29,0.8305640879759664,1.2372871573917699
2022-03-30,0.8309425676642259,1.2367233380978748
2022-03-31,0.8312066763265092,1.236330255159113
2022-04-01,0.830994728335361,1.2366455049296452
2022-04-04,0.8311847204552276,1.236362767996433
2022-04-05,0.830341803182027,1.2376165825907577
2022-04-06,0.831256151550138,1.2362537550198678
2022-04-07,0.8311164504905304,1.2364615200501754
2022-04-08,0.831003496872936,1.2366295624485946
2022-04-11,0.8311353215111241,1.2364333921012303
2022-04-12,0.8320741017636665,1.2350368213839875
2022-04-13,0.8321215431643595,1.2349664047268776
2022-04-14,0.8320098910352924,1.2351321096404768
2022-04-15,0.8327911933999892,1.2339722536719686
2022-04-18,0.8332604066265994,1.233277006042933
2022-04-19,0.8338243610179851,1.2324423186177034
2022-04-20,0.8342464302196128,1.2318184750724799
2022-04-21,0.8353614040554583,1.23017214453936
2022-04-22,0.8363196583870192,1.2287609974833105
2022-04-25,0.8361416853997627,1.2290224839414525
2022-04-26,0.8369254522520849,1.227870445835361
2022-04-27,0.8373653342618317,1.2272250859434264
2022-04-28,0.8375265392155663,1.2269888273414675
2022-04-29,0.8372901880281922,1.227335085343642
2022-05-02,0.8376405698220274,1.226821481010296
2022-05-03,0.8373690405568832,1.227219167019311
2022-05-05,0.8377028195251162,1.2261938319566716
2022-05-06,0.8367998240864075,1.2275155983533244
2022-05-09,0.8371379582302387,1.2270195837463163
2022-05-10,0.8376431322197143,1.226279134251473
2022-05-11,0.8376431322197143,1.226337538524147
2022-05-12,0.8378021274867719,1.2261047641397578
2022-05-13,0.8378083962323044,1.2260955899702128
2022-05-16,0.8379016006240001,1.2259591894589053
2022-05-17,0.8376874850996129,1.2262724683624577
2022-05-18,0.8372000790840537,1.226985971415119
2022-05-19,0.8368959324496761,1.2274317234676542
2022-05-20,0.8371159043462276,1.227109102131321
2022-05-23,0.8374240109100298,1.226657455750091
2022-05-24,0.8372697525263113,1.2268834132029884
2022-05-25,0.836818742517021,1.227544295431108
2022-05-26,0.8367150431118775,1.2276964139327093
2022-05-27,0.8366941279505098,1.227727102359814
2022-05-30,0.8363820491212575,1.2281850327120734
2022-05-31,0.8355793750155601,1.229363719322814
2022-06-01,0.8357419307669504,1.2291245557566683
2022-06-02,0.8355060327865454,1.2294714906054476
2022-06-03,0.8354252071274118,1.2295904279197394
2022-06-06,0.8361845273308288,1.2284728498937445
2022-06-07,0.8363711469794561,1.2281986793439412
2022-06-08,0.8363711469794561,1.2281819720684561
2022-06-09,0.8363711469794561,1.2288549283386496
2022-06-10,0.8363711469794561,1.2289691901742255
2022-06-13,0.8363711469794561,1.2284707668139552
2022-06-14,0.8363711469794561,1.2297214557826277
2022-06-15,0.8365574610321838,1.22944751712635
2022-06-16,0.8367065047771657,1.229228474836075
2022-06-17,0.8366367716357556,1.2293309217067179
2022-06-20,0.8367413520546051,1.2291772541331
2022-06-21,0.8365954374947384,1.2293916033553471
2022-06-22,0.8370959865780243,1.228656037737273
2022-06-23,0.8365938312397989,1.2293930812759895
2022-06-24,0.8362263648051902,1.2299330813040072
2022-06-27,0.8359283930833884,1.2303713421546112
2022-06-28,0.8352591126740534,1.2313564306410472
2022-06-29,0.8354324576693899,1.2311008818281242
2022-06-30,0.8361041614044261,1.2301110530838146
2022-07-04,0.8358884105757439,1.231251942158438
2022-07-05,0.8356829670293301,1.2315545576299838
2022-07-06,0.835100960362123,1.2324122668233612
2022-07-07,0.8343237503179994,1.2335592457369775
2022-07-08,0.8342396937324479,1.2336835245654691
2022-07-11,0.8338394067441423,1.2342754736974522
2022-07-12,0.8344889495788685,1.2333139998410545
2022-07-13,0.8344356369500258,1.2333927920306376
2022-07-14,0.8343364869763898,1.2335393472080503
2022-07-15,0.8346786384069916,1.2330334874512987
2022-07-18,0.8339421552604102,1.2341214611227125
2022-07-19,0.8332848571773696,1.2350941732772887
2022-07-20,0.8330345854945572,1.2354651257727232
2022-07-21,0.833694489379359,1.2344864290292374
2022-07-22,0.8335871978654561,1.2346453000779856
2022-07-25,0.8334285366051621,1.2348802969443338
2022-07-26,0.8333311130353245,1.2350246481893015
2022-07-27,0.8334235906680972,1.2348875932370815
2022-07-28,0.8334014959228225,1.234920331123459
2022-07-29,0.8327233370719981,1.2359252155119698
2022-08-01,0.8327233370719981,1.2361565676457043
2022-08-02,0.8327233370719981,1.2371854209619222
2022-08-03,0.8325444428311467,1.2374512059313378
2022-08-04,0.8320556871656144,1.2381776671946692
2022-08-05,0.8327830700243476,1.2370952526098333
2022-08-08,0.8327981720228488,1.2370728186635593
2022-08-09,0.8324136983127949,1.2376439318001828
2022-08-10,0.8321588815363133,1.2380227968257977
2022-08-11,0.8321463946890313,1.2380413738090383
2022-08-12,0.8327245516526883,1.2371812099651143
2022-08-15,0.8322992346277641,1.2378131046660332
2022-08-16,0.8316670738590222,1.2387532675921165
2022-08-17,0.8319498358405171,1.238332098665827
2022-08-18,0.8315808817464785,1.238881275644894
2022-08-19,0.8313498329793771,1.239225489897056
2022-08-22,0.8312865629746208,1.2393198013403617
2022-08-23,0.8311448331449629,1.2395310986139603
2022-08-24,0.8316222464339746,1.2388191064376
2022-08-25,0.8311932464310707,1.2394581626948586
2022-08-26,0.8311168324077026,1.239572109704672
2022-08-29,0.831228532616402,1.2394055140373084
2022-08-31,0.831453873265799,1.2389787356159296
2022-09-01,0.8315742195777669,1.238799403332766
2022-09-02,0.8317512767805486,1.2385356405176162
2022-09-05,0.8317464032819287,1.2385428974968395
2022-09-06,0.8316866963491647,1.238631806324355
2022-09-07,0.8310653858162428,1.2395571247057355
2022-09-08,0.8308579213595461,1.2398665637099469
2022-09-09,0.8308843646653249,1.2398271030875876
2022-09-12,0.8308893430430119,1.2398196744635235
2022-09-13,0.8302270550681091,1.240807913954522
2022-09-14,0.8301377737715508,1.2409413484633847
2022-09-15,0.8299083644991536,1.2412842836493663
2022-09-16,0.8301522055678698,1.2409195734003156
2022-09-19,0.8300672010026403,1.2410466390493788
2022-09-20,0.8296913743017532,1.2416085435113762
2022-09-21,0.8298477761055669,1.2413744928488644
2022-09-22,0.829545070795708,1.241827311620365
2022-09-23,0.8293508737788721,1.2421180241661112
2022-09-26,0.829058793650364,1.2425554723000567
2022-09-27,0.8292677625705159,1.2422422792222387
2022-09-28,0.8294546196599117,1.241962367489145
2022-09-29,0.8299465495004629,1.2412257890978402
2022-09-30,0.8295681822559233,1.241791655878002
2022-10-03,0.8294324614655793,1.2419948181358893
2022-10-04,0.8288618770423455,1.2428492130744637
2022-10-05,0.8287517050938373,1.2430144120337825
2022-10-06,0.8284361111328632,1.2434877598886713
2022-10-07,0.8283067916973067,1.243681869166465
2022-10-10,0.8293569703912147,1.2421050522019175
2022-10-11,0.829341959626017,1.2421275334107997
2022-10-12,0.828736164333015,1.24303484914988
2022-10-13,0.8286938152747185,1.2430983691910664
2022-10-14,0.8276099894865714,1.2447241832672657
2022-10-17,0.8274745721813139,1.244927850691328
2022-10-18,0.827569251316408,1.244785406807104
2022-10-19,0.8280122875034751,1.2441190154694952
2022-10-20,0.8282073149451589,1.24382597954189
2022-10-21,0.8278729994623532,1.2443280643162853
2022-10-24,0.8274675414950562,1.2449374847562997
2022-10-25,0.8271533763743123,1.2454101509523785
2022-10-26,0.8265901347499215,1.2462582002458844
2022-10-28,0.8265144929084374,1.2462637871856634
2022-10-31,0.8262169936147915,1.2467123729026295
2022-11-01,0.8259112655018168,1.247173698467385
2022-11-02,0.8259954531538239,1.2470465702519158
2022-11-03,0.8265694057606536,1.2461800453490228
2022-11-04,0.8261733953754432,1.2467770916906378
2022-11-07,0.8254945263146541,1.2478015720212647
2022-11-08,0.8254587859273851,1.2478555964999225
2022-11-09,0.8254297500540055,1.2478994903656293
2022-11-10,0.8254064829049433,1.2479346660586004
2022-11-11,0.8252121777708086,1.248228436604025
2022-11-14,0.8248288775482917,1.2488082223250678
2022-11-15,0.8247928281730287,1.2488628018353922
2022-11-16,0.8249455204576931,1.2486316023051212
2022-11-17,0.8240330823465998,1.2500126620628935
2022-11-18,0.8240330823465998,1.2502642191410218
2022-11-21,0.8240330823465998,1.2503633321743148
2022-11-22,0.8240330823465998,1.2512184160634783
2022-11-23,0.8240330823465998,1.250346713803159
2022-11-24,0.8235553354966887,1.2510716230533012
2022-11-25,0.8236929697661299,1.250862541378475
2022-11-28,0.8236405888812166,1.2509420871427677
2022-11-29,0.8234705827304732,1.251200291815909
2022-11-30,0.8229679076215533,1.2519640680286352
2022-12-01,0.8228535372289693,1.252138057342964
2022-12-02,0.8231740364868958,1.2516503529094978
2022-12-05,0.822948967759412,1.2519925738004607
2022-12-06,0.8223943925347195,1.2528362762536263
2022-12-07,0.8227865995516347,1.252238787769934
2022-12-08,0.8223362864757103,1.2529241410567031
2022-12-09,0.8218301724329211,1.2536952641516794
2022-12-12,0.8218006933833955,1.2537402342026966
2022-12-13,0.8221495718672216,1.2532079847223272
2022-12-14,0.8224833759663157,1.2526991649447194
2022-12-15,0.8223142441331165,1.2529567644444848
2022-12-16,0.8224910912196477,1.2526873032805532
2022-12-19,0.822308849076699,1.252964865458468
2022-12-20,0.8216483766953672,1.2539712375646948
2022-12-21,0.8216123836491653,1.254026168902685
2022-12-22,0.8213538534178425,1.2544207633391653
2022-12-23,0.8207876514929758,1.2552855008062629
2022-12-27,0.8210170751558407,1.2547954067948055
2022-12-28,0.8211496429487142,1.2545927977838356
2022-12-29,0.8209259545265298,1.2549345599532888
2022-12-30,0.8209880578088143,1.254839623796385
2023-01-02,0.8210316352510095,1.2547730178322056
2023-01-03,0.8207545189374099,1.2551965314438334
2023-01-04,0.8202684175226462,1.2559399361960015
2023-01-05,0.820561079959849,1.2554918311186203
2023-01-06,0.8201817683040485,1.2560721933816328
2023-01-09,0.820184587956358,1.2560678752085184
2023-01-10,0.8196730098485547,1.256851329124024
2023-01-11,0.8204766606762048,1.2556190455197729
2023-01-12,0.8199280579794664,1.2564586013870669
2023-01-13,0.8196016224480147,1.2569588315320162
2023-01-16,0.8194358757509779,1.257213024262889
2023-01-17,0.8194548997680952,1.2571838368147903
2023-01-18,0.8195186001292073,1.2570861095763393
2023-01-19,0.8197287935920408,1.2567636870194745
2023-01-20,0.8197340353510021,1.2567556506391862
2023-01-23,0.8189870044626936,1.2579009431970116
2023-01-24,0.8187725909808378,1.258230265786492
2023-01-25,0.8185240308991129,1.2586122348718496
2023-01-26,0.81916151356128,1.2576320028348735
2023-01-27,0.8183547955962297,1.2588705306627963
2023-01-30,0.8183547955962297,1.2584556731598389
2023-01-31,0.8183547955962297,1.258846109300842
2023-02-01,0.8183547955962297,1.2585168275714858
2023-02-02,0.8183547955962297,1.2588618181912972
2023-02-03,0.8183547955962297,1.2596352539901796
2023-02-06,0.8183547955962297,1.2592369471993365
2023-02-07,0.8184843005376128,1.2590376724985441
2023-02-08,0.8188792695584138,1.2584301093768913
2023-02-09,0.8185774328179356,1.2588939633984233
2023-02-10,0.8180162663960618,1.2597569837953169
2023-02-13,0.8175119417664994,1.2605336510821303
2023-02-14,0.8178605616898278,1.2599961089101548
2023-02-15,0.8180101184569152,1.2597657017314519
2023-02-16,0.8177175956907405,1.2602161975621118
2023-02-17,0.8173392528185979,1.260799276388126
2023-02-20,0.8171848920166102,1.2610373880250965
2023-02-21,0.8165393678323503,1.2620335275024397
2023-02-23,0.8161829186442868,1.2628962928672884
2023-02-24,0.815882093973371,1.2633617649483921
2023-02-27,0.8158285274879634,1.263444710572578
2023-02-28,0.8153834917996745,1.2641339215617007
2023-03-01,0.8160863124825477,1.263044299960417
2023-03-02,0.816554248301813,1.2623200828522139
2023-03-03,0.8161817494823146,1.2628959328238103
2023-03-06,0.816227784652283,1.2628247015950347
2023-03-07,0.8165545638630448,1.262319125986023
2023-03-08,0.8165545638630448,1.2621619175203127
2023-03-09,0.8165545638630448,1.2627728095446022
2023-03-10,0.8165759717486688,1.2627397030051593
2023-03-13,0.8161940958832359,1.2633302295863773
2023-03-14,0.8154010836162445,1.2645576782709196
2023-03-15,0.8154175401128887,1.2645321568562353
2023-03-16,0.8155670589611057,1.2643002862104307
2023-03-17,0.8163566933338573,1.2630761870361173
2023-03-20,0.8154178287296854,1.264528808830076
2023-03-21,0.8155601363954196,1.2643081217949166
2023-03-22,0.8155601363954196,1.2649217757170663
2023-03-23,0.8155601363954196,1.2649857730281142
2023-03-24,0.8155601363954196,1.2668789953030148
2023-03-27,0.8148099938748938,1.26804425554604
2023-03-28,0.8145393440007398,1.2684654531513286
2023-03-29,0.8144598106679062,1.268589308783124
2023-03-30,0.8143866023968469,1.2687033367913372
2023-03-31,0.8143866023968469,1.2688026250018
2023-04-03,0.8143866023968469,1.2675820242221905
2023-04-04,0.8143866023968469,1.267401788458134
2023-04-05,0.8143866023968469,1.2673040276861391
2023-04-06,0.814213663006417,1.2675731465363171
2023-04-07,0.8135136228877169,1.268662973563643
2023-04-10,0.8140309576319504,1.267856197356728
2023-04-11,0.813413153637767,1.2688184293399631
2023-04-12,0.8137140631242795,1.2683490497874652
2023-04-13,0.8142166583107519,1.2675656466780951
2023-04-14,0.8139220734189703,1.2680242539603723
2023-04-17,0.813312539640037,1.2689738579096161
2023-04-18,0.813312539640037,1.2693902485384758
2023-04-19,0.813312539640037,1.2686734247987659
2023-04-20,0.813312539640037,1.269129710184024
2023-04-24,0.8130826313033712,1.2696227234962059
2023-04-25,0.8130963095135431,1.2696013650686826
2023-04-26,0.8131528050852792,1.2695131506048396
2023-04-27,0.8131392974549143,1.269534239032838
2023-04-28,0.8126534819914497,1.270292730679534
2023-05-01,0.8126856785243659,1.2702424029289947
2023-05-02,0.8125361923673153,1.270476052494078
2023-05-03,0.8122619779150955,1.2709048123426432
2023-05-04,0.8123723729678828,1.2707320828444506
2023-05-05,0.8118645673832909,1.2715264043522474
2023-05-08,0.8113135476144177,1.272389400735623
2023-05-09,0.8110190834914285,1.2728512111295083
2023-05-10,0.8103757469449202,1.273860893539029
2023-05-11,0.8101845363524609,1.2741614648444792
2023-05-12,0.810305699134047,1.2739709144941043
2023-05-15,0.8098312566820641,1.27471683777352
2023-05-16,0.8095927492182297,1.2750922610207407
2023-05-17,0.8095927492182297,1.2758477440549396
2023-05-18,0.8095927492182297,1.276556009292065
2023-05-19,0.8087738664215665,1.277847213735281
2023-05-22,0.8087738664215665,1.2777828640979054
2023-05-23,0.8087738664215665,1.2775599364040124
2023-05-24,0.8088750148238107,1.2774001597943772
2023-05-25,0.8087306593043648,1.277628130445254
2023-05-26,0.808299168934229,1.278309796496317
2023-05-29,0.8084999011456431,1.2779923423132806
2023-05-30,0.808362194005659,1.2782100154015916
2023-05-31,0.8082869970678204,1.2783289193777865
2023-06-01,0.8082219022028603,1.27843186876171
2023-06-02,0.8080434220486025,1.27871418568052
2023-06-05,0.8075689864312268,1.279464971514024
2023-06-06,0.8079159682450594,1.278915233864349
2023-06-07,0.8073392881600303,1.2798281072011788
2023-06-08,0.8066179918347655,1.2809715363941252
2023-06-09,0.8065934064414566,1.2810105798934752
2023-06-12,0.8066696977964103,1.2808894159562678
2023-06-13,0.806850527641771,1.2806022810413895
2023-06-14,0.8063426029901184,1.2814084396113101
2023-06-15,0.8063426029901184,1.282016105680103
2023-06-16,0.8063426029901184,1.2828802527145595
2023-06-19,0.8061084325630989,1.283252814719195
2023-06-21,0.8061084325630989,1.2833423476911907
2023-06-22,0.8057644598179686,1.283889959864002
2023-06-23,0.8058006305378005,1.283832326118225
2023-06-26,0.8050109012489977,1.2850905529691654
2023-06-27,0.8046609711453535,1.285649168845913
2023-06-28,0.8043205241497111,1.2861931189226277
2023-06-29,0.8048431452792967,1.285357392765587
2023-06-30,0.8047855139321758,1.2854494316659755
2023-07-03,0.8041340153930632,1.2864900423781909
2023-07-04,0.8034739682515118,1.287546015709565
2023-07-05,0.803708085344479,1.2871708491924527
2023-07-06,0.8040179922628905,1.2866745207883763
2023-07-07,0.8042851142700927,1.286247043935972
2023-07-10,0.804371098384721,1.2861095344740863
2023-07-11,0.8043892422076289,1.2860805243024374
2023-07-12,0.8040838741976218,1.2865687554097271
2023-07-13,0.8040112063010789,1.2866850271672061
2023-07-14,0.8032251190759647,1.287943027870026
2023-07-17,0.802909831649566,1.2884485800906444
2023-07-18,0.8022309417898214,1.2895380108602599
2023-07-19,0.802372382132294,1.289310654012766
2023-07-20,0.8023750718028475,1.2893063320533147
2023-07-21,0.8025773972216956,1.2889812229455877
2023-07-24,0.80243865864882,1.2892040443407005
2023-07-25,0.8021150750950682,1.2897239161361116
2023-07-26,0.8020440638619754,1.2898380953710837
2023-07-27,0.8015403468488466,1.2906481673136296
2023-07-28,0.8018401769305306,1.290165377960664
2023-07-31,0.8017966769632384,1.2902353696539683
2023-08-01,0.8017021452433293,1.2903874882297686
2023-08-02,0.8021149055290729,1.2897231258957995
2023-08-03,0.8013788964792407,1.2909065572045733
2023-08-04,0.8008433784475296,1.2917692000089624
2023-08-07,0.8000519890355786,1.2930457198567675
2023-08-08,0.8001374637349684,1.2929075754665071
2023-08-09,0.8005791284687913,1.2921939084954464
2023-08-10,0.8006739564554096,1.2920408491134243
2023-08-11,0.801460163676369,1.2907721531140635
2023-08-14,0.800410741437981,1.2924622745493652
2023-08-15,0.8003537280420691,1.2925543368613073
2023-08-16,0.8002561507604158,1.2927119221066319
2023-08-18,0.799832860694932,1.2938620707145487
2023-08-21,0.7993799615653241,1.2945947100376571
2023-08-22,0.7999014877591825,1.2937500991089654
2023-08-23,0.7999238159356262,1.2937139858113544
2023-08-24,0.7999238159356262,1.2942463167491591
2023-08-25,0.7999238159356262,1.2932599764616464
2023-08-28,0.7999238159356262,1.2948601413193703
2023-08-29,0.7999238159356262,1.295545822897144
2023-08-30,0.7999238159356262,1.2970971174530554
2023-08-31,0.7996862582717305,1.297482323337578
2023-09-01,0.7994997711312206,1.2977848967103711
2023-09-04,0.7993598796940281,1.2980119749421892
2023-09-05,0.7992421079631742,1.2982032143586788
2023-09-06,0.7986380501540822,1.2991843811185486
2023-09-07,0.7989471260317511,1.2986815919604682
2023-09-08,0.7990976408731145,1.2984369313973014
2023-09-11,0.7994617233623826,1.2978453414263635
2023-09-12,0.7987809907000589,1.2989504421319205
2023-09-13,0.7986644783259494,1.2991399105865096
2023-09-14,0.7983244886870929,1.2996929514703988
2023-09-15,0.7979325606997301,1.300331020388336
2023-09-18,0.798216062431259,1.2998690188182815
2023-09-19,0.7981823679726959,1.2999238891533365
2023-09-20,0.7977194204294666,1.300677847891359
2023-09-21,0.7974776735986574,1.3010720149876822
2023-09-22,0.7969275290290404,1.301969567016313
2023-09-25,0.7971947891244744,1.3015329344517976
2023-09-26,0.7969938045543761,1.3018610701105702
2023-09-27,0.7973143428987911,1.3013374821106547
2023-09-28,0.7971580989146416,1.3015924959013117
2023-09-29,0.7967821450994277,1.3022063498725052
2023-10-02,0.7964039643364875,1.3028244226969645
2023-10-03,0.7966569381159493,1.302410586964166
2023-10-04,0.7962666039280901,1.3030487228472527
2023-10-05,0.7962822967520542,1.3030230423601856
2023-10-06,0.796280931911457,1.3030252757625287
2023-10-09,0.7955695841672833,1.3041893173129022
2023-10-10,0.7954652379109055,1.3043603737177445
2023-10-11,0.795152212596654,1.3048736555010596
2023-10-12,0.7952605208366156,1.304695917746249
2023-10-13,0.794639535811704,1.3057146991465016
2023-10-17,0.7947202489561143,1.3051821069272136
2023-10-18,0.7945598686522053,1.305445502132307
2023-10-19,0.7946385327727998,1.30531625860207
2023-10-20,0.7949144937262415,1.3048629502053457
2023-10-23,0.7949667520713107,1.304777167421338
2023-10-24,0.7947319386084174,1.3051625662373112
2023-10-25,0.7942615242385651,1.3059351125467327
2023-10-26,0.7936222706050708,1.306986181672363
2023-10-27,0.7936338224517806,1.3069671573775798
2023-10-30,0.7938237640212125,1.3066543589735233
2023-10-31,0.7936498018547689,1.3069407051795485
2023-11-01,0.7941113931463681,1.3061805809449836
2023-11-02,0.7939936156837535,1.3063743051955963
2023-11-03,0.7938744543696403,1.3065703637984059
2023-11-06,0.7941531235095888,1.3061117259904278
2023-11-07,0.7940666334219549,1.3062539727616063
2023-11-08,0.7937810406916237,1.3067237779679775
2023-11-09,0.7934328306111723,1.307297002029184
2023-11-10,0.7931957566933968,1.3076876160925426
2023-11-13,0.792721539812521,1.308469425043524
2023-11-14,0.7922273424197884,1.30928514928697
2023-11-15,0.792302823890485,1.309160403821448
2023-11-16,0.7922495089474153,1.3092484986890847
2023-11-17,0.7915841240638006,1.3103480943973613
2023-11-20,0.7920169558863432,1.309631606614671
2023-11-21,0.79217743652346,1.3093662454843875
2023-11-22,0.7915839196651859,1.3103472516384638
2023-11-23,0.7912352229005988,1.310924466303619
2023-11-24,0.790987420043524,1.3113350279403575
2023-11-27,0.7915509885488748,1.3104007183635125
2023-11-28,0.7912337162388005,1.3109259578857326
2023-11-29,0.7913441874025927,1.3107429278741938
2023-11-30,0.7916807483127251,1.3101854652178966
2023-12-01,0.7912109773946073,1.3109629086889063
2023-12-04,0.79089384434414,1.3114883686207832
2023-12-05,0.790340291638265,1.3124062894522137
2023-12-06,0.7901920164501252,1.3126525090762708
2023-12-07,0.789895559727504,1.3131449775556785
2023-12-08,0.7901087952529972,1.3127904887173891
2023-12-11,0.7902656759364386,1.3125298265524787
2023-12-12,0.7897485949630025,1.3133886316620054
2023-12-14,0.7895083274744824,1.3151264106394231
2023-12-15,0.7895671712120693,1.31502839146634
2023-12-18,0.7891596737286418,1.3157070807276168
2023-12-19,0.7888719228956659,1.3161868262354466
2023-12-20,0.7885855837016955,1.3166645664921353
2023-12-21,0.7888129373784244,1.3162849646627366
2023-12-22,0.7885219290887314,1.3167705675454529
2023-12-25,0.7881783809142651,1.3173442663964081
2023-12-26,0.7876448423650748,1.318236011165989
2023-12-27,0.7871893049648375,1.3189984179934402
2023-12-28,0.7875283138904148,1.318430381520254
2023-12-29,0.7873582210388489,1.3187151402765154
2024-01-01,0.7868558680242621,1.3195565114699541
2024-01-02,0.7864886574304638,1.3201723232721132
2024-01-03,0.7866605946735571,1.3198837154358438
2024-01-04,0.7870549237805408,1.3192220977441047
2024-01-05,0.7870495720571342,1.3192310680352057
2024-01-08,0.7867403626696154,1.3197493563934306
2024-01-09,0.7864235057816633,1.3202808807612978
2024-01-10,0.78536357834415,1.3220603315539747
2024-01-11,0.7854481959966819,1.3219178884297371
2024-01-12,0.7853290480096187,1.3221184157926773
2024-01-15,0.7853315412301141,1.3221142184021186
2024-01-16,0.7847687444712047,1.3230616928864098
2024-01-17,0.7844123049691797,1.3236626233570528
2024-01-18,0.7839611121577291,1.3244239921635608
2024-01-19,0.7842292454409264,1.3239710077643898
2024-01-22,0.7837364179803372,1.3248030212010775
2024-01-23,0.7841159834382587,1.3241614158681343
2024-01-24,0.7840544002164895,1.3242654133989256
2024-01-25,0.7834837855108673,1.3252291798401619
2024-01-26,0.783148994740475,1.3257954640521268
2024-01-29,0.7829894958340338,1.3260654802662841
2024-01-30,0.7821579349572837,1.3274738058942335
2024-01-31,0.7825535405754516,1.3268023863865979
2024-02-01,0.7826570385236113,1.3266269078825923
2024-02-02,0.7828235151465522,1.3263447250660378
2024-02-05,0.7826693765246023,1.3266058834806695
2024-02-06,0.7821684883639782,1.3274548769391847
2024-02-07,0.7818188195407544,1.3280483163216288
2024-02-08,0.7820259142992194,1.3276965316901717
2024-02-12,0.7811830427998622,1.3299649943530434
2024-02-13,0.7809376650521683,1.3303827502398793
2024-02-14,0.78086021513873,1.3305146916654973
2024-02-15,0.7809607011669516,1.3303434726249266
2024-02-16,0.7811464617086025,1.3300270350325007
2024-02-19,0.7809787014684402,1.3303126737260835
2024-02-20,0.7808767982438435,1.3304862548377319
2024-02-21,0.7809586851773271,1.3303467329058525
2024-02-22,0.780517701018051,1.3310979401677616
2024-02-23,0.7805803257568775,1.330991139693222
2024-02-26,0.7807889527482481,1.3306354034956103
2024-02-27,0.7802814840078004,1.331500241387886
2024-02-28,0.7797679828968526,1.3323764980557595
2024-02-29,0.7792317885414783,1.3332926843742037
2024-03-01,0.7788301380290392,1.3339799223665252
2024-03-04,0.7791389165390031,1.333451046668684
2024-03-05,0.7789137527628138,1.333836401406662
2024-03-06,0.7784927850448959,1.3345572797631993
2024-03-07,0.7780911493057486,1.335245797254676
2024-03-08,0.7782486579537344,1.334975504037176
2024-03-11,0.7780551384460962,1.335307459382823
2024-03-12,0.7776076120217948,1.3360755095416255
2024-03-13,0.7773990089969984,1.3364339286058655
2024-03-14,0.7777870722412895,1.3357668054424534
2024-03-15,0.7775095448314949,1.3362434293345626
2024-03-18,0.7779797663359619,1.3354352972674355
2024-03-19,0.7780583785492317,1.3353003560659553
2024-03-20,0.7777155057929542,1.3358887927773448
2024-03-21,0.7781172077515047,1.3351987857754692
2024-03-22,0.7774925692560326,1.3362706250207583
2024-03-25,0.776877012404896,1.337328577946265
2024-03-26,0.7762681870290614,1.338376619735482
2024-03-27,0.776334856329773,1.3382616741086777
2024-03-28,0.7769518549843137,1.3371980793909908
2024-03-29,0.7771370468986571,1.336879348866583
2024-04-01,0.7773524165919103,1.3365088565622578
2024-04-02,0.7768418584578917,1.337386663658938
2024-04-03,0.7762277474529565,1.3384438979712558
2024-04-04,0.7753602959126489,1.3399396383963054
2024-04-05,0.7757611904097745,1.339246832186927
2024-04-08,0.7756310102482148,1.3394715706388345
2024-04-10,0.7755336002230484,1.3405604362313548
2024-04-11,0.7749305596448108,1.3416028312228738
2024-04-12,0.7748025154491178,1.3418245084471427
2024-04-15,0.774778920262281,1.3418653712468211
2024-04-16,0.7746951214365884,1.342010505219116
2024-04-17,0.7745521163404335,1.3422582340817732
2024-04-18,0.7738722076686212,1.3434364801854384
2024-04-19,0.7736452080131982,1.3438305499233907
2024-04-22,0.7740612293752298,1.3431079160727213
2024-04-23,0.773767430898895,1.3436176988189956
2024-04-24,0.773777358740724,1.343600459499454
2024-04-25,0.7730974878345618,1.3447809991619304
2024-04-26,0.7730014551684137,1.3449480452418454
2024-04-29,0.7724414344957932,1.3459224272483734
2024-04-30,0.7724795603044634,1.3458559958289096
2024-05-01,0.7724795603044634,1.3459685978671674
2024-05-02,0.7724795603044634,1.345524748008316
2024-05-03,0.7724795603044634,1.3451126373778632
2024-05-06,0.7724795603044634,1.345362396916889
2024-05-07,0.7724795603044634,1.345763823241015
2024-05-08,0.7722318713515736,1.3461953308812746
2024-05-09,0.7720727152037358,1.3464727802731593
2024-05-10,0.7716737699651569,1.3471685293832987
2024-05-13,0.7710834497805155,1.3481990954151652
2024-05-14,0.7705930551100098,1.3490565248559871
2024-05-15,0.7701437016195164,1.3498431959196528
2024-05-16,0.7701437016195164,1.351232845074194
2024-05-17,0.7701437016195164,1.351360002796277
2024-05-20,0.7705601771499506,1.3506292192129166
2024-05-21,0.7701110498091174,1.3514164445687875
2024-05-22,0.769928209506872,1.351737298803051
2024-05-23,0.7704754061334356,1.3507766039216687
2024-05-24,0.7708050732293297,1.3501986405023672
2024-05-27,0.7710444611948797,1.3497793110027776
2024-05-28,0.7706833450482121,1.3504114757198233
2024-05-29,0.7710748645779844,1.3497254449792218
2024-05-30,0.7705927318945451,1.3505693925394242
2024-05-31,0.7702440107817262,1.351180574090991
2024-06-03,0.7691478403763854,1.3531035025874902
2024-06-04,0.7695064922956054,1.352472553447896
2024-06-05,0.7694360035833737,1.3525964433040254
2024-06-07,0.7691317351037693,1.3537632843322136
2024-06-10,0.7686942572938248,1.354533297282899
2024-06-11,0.7688718321690138,1.3542203886343407
2024-06-12,0.7690533622101826,1.3539006582545619
2024-06-13,0.7685177411564735,1.354843606732295
2024-06-14,0.7682422062909529,1.3553293556369603
2024-06-17,0.767864558219077,1.3559956006228797
2024-06-18,0.7678495521193904,1.356022100355078
2024-06-19,0.7678786378446266,1.355970734972216
2024-06-20,0.7674968063439744,1.3566449982152047
2024-06-21,0.7672647388661904,1.3570552060237346
2024-06-24,0.767294849783306,1.3570019490776508
2024-06-25,0.7674380277532372,1.356748731185837
2024-06-26,0.7672273684051423,1.3571211544863568
2024-06-27,0.7674650964915991,1.3567006457448387
2024-06-28,0.7668327028803438,1.357818571269631
2024-07-01,0.7666858560990709,1.358078590548927
2024-07-02,0.7666443284159838,1.3581521511303138
2024-07-03,0.7665546041846073,1.3583111024892895
2024-07-04,0.7666829277999364,1.3580837170030349
2024-07-05,0.7669392927340728,1.3576295983184565
2024-07-08,0.7671683329076509,1.3572241532958849
2024-07-09,0.7669132101141927,1.357675499894128
2024-07-10,0.7664390235955396,1.3585149578800706
2024-07-11,0.7653995293704868,1.3603574638197335
2024-07-12,0.7653983371068583,1.3603595828499442
2024-07-15,0.7652839261161405,1.3605629280625753
2024-07-16,0.7652979372384016,1.3605380183357685
2024-07-17,0.7653893185346493,1.360375561700698
2024-07-18,0.7651273159737755,1.3608412356685529
2024-07-19,0.7644531079523093,1.3620403695353944
2024-07-22,0.7639800252608999,1.3628832697958877
2024-07-23,0.7639780632485361,1.3628867698793157
2024-07-24,0.7646235282768482,1.3617353025927212
2024-07-25,0.7645244127447317,1.3619118196813627
2024-07-26,0.7646278225163264,1.3617276071331985
2024-07-29,0.7648606547843982,1.3613129555629466
2024-07-30,0.7644469617923881,1.3620492539019005
2024-07-31,0.7642357776208629,1.3624255301612598
2024-08-01,0.7639151767404724,1.36299707475159
2024-08-02,0.763914668355175,1.3629979818256923
2024-08-06,0.7636207898127017,1.3638189022703495
2024-08-07,0.7632338933422391,1.3645098954002874
2024-08-08,0.7634288261502017,1.3641613944391493
2024-08-09,0.7639013916519413,1.3633169730710597
2024-08-12,0.7635722341116252,1.3639044128459197
2024-08-13,0.7632322012239315,1.364511784794924
2024-08-14,0.7630312126319695,1.3648711135835965
2024-08-15,0.7629245567628052,1.365061894134256
2024-08-16,0.7624650588884714,1.3658840501824903
2024-08-19,0.76137674077294,1.3678336691692226
2024-08-20,0.7614244775874643,1.367747908705751
2024-08-21,0.7615249979978947,1.3675673437446874
2024-08-22,0.7609492729269758,1.3686012465161446
2024-08-23,0.7606433607346024,1.3691514432542218
2024-08-26,0.7612554510901529,1.3680496859301394
2024-08-27,0.7617553347279487,1.3671513466765963
2024-08-28,0.7618186200858779,1.367037766031508
2024-08-29,0.7617337761240621,1.3671900134260504
2024-08-30,0.7616375648802839,1.3673626971848596
2024-09-02,0.7615593067194119,1.367503193524406
2024-09-03,0.7616987202934652,1.3672528538515052
2024-09-04,0.7612870409057214,1.3679918203257404
2024-09-05,0.7607449338331398,1.3689659575449293
2024-09-06,0.7608330041282874,1.3688074744179757
2024-09-09,0.7608155069835324,1.3688389533659073
2024-09-10,0.7609252741921502,1.3686414631339403
2024-09-11,0.7604973545061237,1.369411142687309
2024-09-12,0.7604589679717237,1.3694802644898043
2024-09-13,0.759903604528372,1.3704803963934598
2024-09-16,0.7594721035297068,1.3712586051770093
2024-09-17,0.7588587978341407,1.3723659542274096
2024-09-18,0.7588345850104686,1.372409742156018
2024-09-19,0.7581258828907269,1.3736914835429195
2024-09-20,0.758046377193995,1.3738355444448864
2024-09-23,0.7583449523722265,1.3732944255834496
2024-09-24,0.7577823201684258,1.374313301843806
2024-09-25,0.7581338799110594,1.3736757134258197
2024-09-26,0.7591073535712377,1.3719118598900781
2024-09-27,0.7585972089045984,1.3728338289832895
2024-09-30,0.7581929529907672,1.3735654111556985
2024-10-01,0.7589171777741354,1.3722533835136421
2024-10-03,0.7587474943815214,1.3739147512973346
2024-10-04,0.7586732870493609,1.374049123468663
2024-10-07,0.75903886532845,1.3733870169697044
2024-10-08,0.7590844488891756,1.3733045391502574
2024-10-09,0.7586099351816437,1.374163009942797
2024-10-10,0.7578718355768876,1.3755000200813028
2024-10-11,0.7574294084956482,1.376303003423026
2024-10-14,0.7569748892456215,1.3771288971656095
2024-10-15,0.7568795569571117,1.3773023307249057
2024-10-16,0.7563098535071536,1.378339026566717
2024-10-17,0.7558240616218259,1.3792243593588676
2024-10-18,0.7563983154794182,1.3781764634938596
2024-10-21,0.7560707863892548,1.3787732296076058
2024-10-22,0.7554182391212555,1.3799632170008072
2024-10-23,0.7556608739622367,1.3795199828579483
2024-10-24,0.7555408100249745,1.379739169276593
2024-10-25,0.7550588270096582,1.3806193478669937
2024-10-28,0.7553374746615854,1.3801098427453702
2024-10-29,0.754980679273829,1.3807617590649057
2024-10-30,0.7556640843513026,1.3795118997998526
2024-10-31,0.7559929604374264,1.3789115160000103
2024-11-01,0.7557192770327964,1.3794107074186237
2024-11-04,0.7553677858634145,1.3800522825343364
2024-11-05,0.7554948445718563,1.3798201470582374
2024-11-06,0.7558028774058412,1.379257562265844
2024-11-07,0.7555977714328159,1.3796318582268916
2024-11-08,0.7553195411126873,1.3801398737717843
2024-11-11,0.7556134860228081,1.3796027698454747
2024-11-12,0.7554805041578527,1.3798455687798838
2024-11-13,0.7552693445220398,1.3802312407941557
2024-11-14,0.7544289179366284,1.3817670942445734
2024-11-15,0.7546344110290155,1.3813907253297502
2024-11-18,0.7545518270114019,1.381541898923645
2024-11-19,0.7543084683976714,1.3819874748394363
2024-11-20,0.7548060021015175,1.3810759308546705
2024-11-21,0.754740659557561,1.3811954887469873
2024-11-22,0.7543370242265846,1.3819341521423982
2024-11-25,0.754717252378996,1.3812375798510381
2024-11-26,0.7546462589580656,1.381367507689049
2024-11-27,0.7548547129584202,1.380985936085772
2024-11-28,0.7547161829337771,1.381239372955773
2024-12-02,0.7544806059870924,1.3818937659502273
2024-12-03,0.7543339909482107,1.382162303546313
2024-12-04,0.7535909664750984,1.3835237434783214
2024-12-05,0.7534166384003526,1.3838437937991126
2024-12-06,0.7536864489569812,1.3833482171881621
2024-12-09,0.7533319472968298,1.3839988846377882
2024-12-10,0.7529531248119292,1.3846948459579729
2024-12-11,0.752709222502883,1.3851433868553071
2024-12-12,0.7521889196107193,1.3861008536814021
2024-12-13,0.7514376019884775,1.387485348946387
2024-12-16,0.7512163177383401,1.3878939373031656
2024-12-17,0.7512270164909968,1.3878741710472973
2024-12-18,0.7512199002884791,1.3878873180633837
2024-12-19,0.7510853668467619,1.3881358701285553
2024-12-20,0.7512755103826932,1.3877844519351648
2024-12-23,0.7513822700701235,1.3875872414148411
2024-12-24,0.7514383193659151,1.387483734463947
2024-12-25,0.751246681145232,1.387837582420921
2024-12-26,0.751130221161347,1.388052728186673
2024-12-27,0.7511859704315578,1.3879497062013628
2024-12-30,0.7512763806802056,1.3877826571842249
2024-12-31,0.7507545687990758,1.3887465654043785
2025-01-01,0.7508619681563137,1.38854789796406
2025-01-02,0.7509532919021931,1.3883790155319318
2025-01-03,0.7506853997822878,1.388874300394138
2025-01-06,0.750758078461536,1.3887398345448971
2025-01-07,0.750246391435143,1.3896863447147616
2025-01-08,0.7493977156050547,1.3912583525586208
2025-01-09,0.7495130967820196,1.3910441471736328
2025-01-10,0.7493463909744963,1.3913535415509302
2025-01-13,0.7493172868750657,1.3914075807673782
2025-01-14,0.7493768718411137,1.391296937419212
2025-01-15,0.7489931819807442,1.392009297978645
2025-01-16,0.7488823021014099,1.39221536904405
2025-01-17,0.7480536551313368,1.3937558715289
2025-01-20,0.7483203954757236,1.3932588872302305
2025-01-21,0.7475492334447272,1.3946946737725676
2025-01-22,0.7475492334447272,1.3949244598747403
2025-01-23,0.7475492334447272,1.395802436096528
2025-01-24,0.7475492334447272,1.395605522977602
2025-01-27,0.747644394984523,1.395427865153111
2025-01-29,0.7480258495060085,1.3944582514799337
2025-01-30,0.7477541381070878,1.3949647716790636
2025-01-31,0.7478753172122894,1.39473870728944
2025-02-03,0.7473227196958417,1.3957692656298524
2025-02-04,0.7465854527163659,1.3971462538618373
2025-02-05,0.7467537170266954,1.3968313671332249
2025-02-06,0.7463613831768515,1.3975652425935734
2025-02-07,0.7463613831768515,1.396997734706945
2025-02-10,0.7463613831768515,1.3971706260141843
2025-02-11,0.7464865965652394,1.3969362295513148
2025-02-12,0.7458230782506698,1.3981779032489512
2025-02-13,0.7463802949191596,1.3971333015787646
2025-02-14,0.7460742851295622,1.397706114755326
2025-02-17,0.7460146859589016,1.397817768684334
2025-02-18,0.7453574288816968,1.3990492801255996
2025-02-19,0.7452131539597887,1.3993200867451008
2025-02-20,0.7445368507310536,1.4005900115816003
2025-02-21,0.7446445077701086,1.400387491889756
2025-02-24,0.744436261768119,1.4007791218465733
2025-02-25,0.7442844595762353,1.401064762608532
2025-02-26,0.7445701354774681,1.4005269971969425
2025-02-27,0.7438669401922133,1.4018496986247528
2025-02-28,0.7435626603495332,1.402423127261934
2025-03-03,0.7435875366771898,1.4023762083684939
2025-03-04,0.7443646411939565,1.40091062048277
2025-03-05,0.7441920829790518,1.4012353788371215
2025-03-06,0.7440749426118152,1.40145594182162
2025-03-07,0.7437859610283141,1.4020002350561869
2025-03-10,0.7440908794541463,1.4014254787054503
2025-03-11,0.7433442706494624,1.4028316464604933
2025-03-12,0.7431751565815099,1.4031507967865973
2025-03-13,0.742496628560813,1.404431890650475
2025-03-14,0.7414806747077324,1.4063535667036864
2025-03-17,0.741485940807061,1.4063435785842033
2025-03-18,0.741517008347322,1.4062846541551024
2025-03-19,0.7417243312487771,1.4058914669301443
2025-03-20,0.741584646755709,1.406156230034971
2025-03-21,0.7427314086885428,1.4039817966196142
2025-03-24,0.7423691091279091,1.4046666498277898
2025-03-25,0.7422449322441818,1.404901609937399
2025-03-26,0.7422084170287595,1.404970724973023
2025-03-28,0.741945786600616,1.405645476174238
2025-03-31,0.7416268646694046,1.406249686317292
2025-04-01,0.7422664765337033,1.4050368742868977
2025-04-02,0.7423950738564619,1.404793452300155
2025-04-03,0.7424237126760155,1.40473926063374
2025-04-04,0.741399259038156,1.4066776284703668
2025-04-07,0.7411097571520895,1.407226908526376
2025-04-08,0.7419121304785523,1.4057033537157886
2025-04-09,0.7415931550417487,1.4063077175249885
2025-04-10,0.7419144488935,1.405698437328375
2025-04-11,0.7422573960090932,1.405048658603625
2025-04-14,0.7419235126641325,1.4056806797171764
2025-04-15,0.7412680882777369,1.4069224753756848
2025-04-16,0.7404803373151418,1.4084176220733513
2025-04-17,0.7406903434010373,1.4080181836855743
2025-04-18,0.7403979598247414,1.4085739913799817
2025-04-21,0.7403543313751527,1.4086569925532824
2025-04-22,0.7398850984424801,1.409549792424552
2025-04-23,0.7395546892108841,1.4101792526810049
2025-04-24,0.7392873167905829,1.4106890771001432
2025-04-25,0.7390487576769506,1.411144289475901
2025-04-28,0.7383113599305177,1.41255228131425
2025-04-29,0.7388849633741364,1.4114548515619436
2025-04-30,0.7386465509189938,1.4119102789060693
2025-05-01,0.7381620910647428,1.4128363156513615
2025-05-02,0.7382486602927012,1.4126706228441068
2025-05-05,0.7380351041487689,1.4130792717277245
2025-05-06,0.7379984153262638,1.4131495179996085
2025-05-07,0.7386236276122272,1.4119523359702053
2025-05-08,0.7380810528006218,1.4129895215462496
2025-05-09,0.7382330749695022,1.4126984888326257
2025-05-12,0.7378631386791747,1.4134064067734895
2025-05-13,0.7380647163814076,1.413020276608065
2025-05-14,0.7382160170699855,1.4127306123874617
2025-05-15,0.7379218698085703,1.4132935246396239
2025-05-16,0.7373468616408256,1.4143948001991888
2025-05-19,0.7373468616408256,1.4137806853377666
2025-05-20,0.7373468616408256,1.4147548152588836
2025-05-21,0.7373468616408256,1.4144565593729208
2025-05-22,0.7376716292903807,1.4138335557960655
2025-05-23,0.7376716292903807,1.4148596869211163
2025-05-27,0.7371924992872786,1.4167973727251086
2025-05-28,0.7376064913075746,1.4160017287009878
2025-05-29,0.7374973218809275,1.4162113039944204
2025-05-30,0.7387654769968957,1.4137760739845382
2025-06-02,0.7380632126416086,1.4151199978332176
2025-06-03,0.7378921344112016,1.4154480134027463
2025-06-04,0.7377061475518154,1.4158047792745592
2025-06-05,0.7375408372277343,1.4161220426560208
2025-06-06,0.7374083691969779,1.4163763891122882
2025-06-09,0.7375472225365355,1.4161096866989258
2025-06-10,0.7373480592406766,1.4164920853628795
2025-06-11,0.7369874898682902,1.4171847618483044
2025-06-12,0.7365873452159695,1.4179542171126065
2025-06-13,0.7357739740005339,1.4195199827376823
2025-06-16,0.735834858193722,1.4194025195874254
2025-06-17,0.7359694099199068,1.419142973499013
2025-06-18,0.7360063338720622,1.4190717743886303
2025-06-19,0.7364466505950047,1.4182228128993566
2025-06-20,0.7367942191354658,1.4175534777442167
2025-06-23,0.7369797281990423,1.4171965680245198
2025-06-24,0.7369797281990423,1.418300692603008
2025-06-25,0.7369797281990423,1.4186407693084708
2025-06-26,0.7369797281990423,1.4193063820083778
2025-06-27,0.7370083831962891,1.4192511970162909
2025-06-30,0.7370153470248859,1.4192377868268042
2025-07-01,0.7367831930189748,1.4196848355061598
2025-07-02,0.7367428719759441,1.4197625288817481
2025-07-03,0.7364081644158581,1.4204075371607816
2025-07-04,0.7363825870423817,1.4204568716139043
2025-07-07,0.7365027729397203,1.420225037120871
2025-07-08,0.7362506289519715,1.4207112555269892
2025-07-09,0.7367119006343893,1.4198211593487358
2025-07-10,0.736396952069316,1.420428141041868
2025-07-11,0.7358921640164692,1.4214018212743984
2025-07-14,0.7358529784880886,1.4214775095126095
2025-07-15,0.7359218651798908,1.4213444382525016
2025-07-16,0.7361227524812826,1.4209564486274358
2025-07-17,0.7353561041782366,1.42243632932175
2025-07-18,0.7359601796173069,1.4212678357914696
2025-07-21,0.736231892528473,1.420743110633907
2025-07-22,0.7358143268581049,1.4215489077685235
2025-07-24,0.736460279494367,1.421513048562104
2025-07-25,0.736328617948184,1.421767181216782
2025-07-28,0.7359601706695694,1.4224786111897236
2025-07-29,0.7353539432196111,1.423650339790603
2025-07-30,0.7353523040159251,1.4236535133003205
2025-07-31,0.7355206453572373,1.4233276018417125
2025-08-01,0.7358711793027727,1.4226492733091112
2025-08-04,0.7358711793027727,1.4234297011143864
2025-08-05,0.7356424349328391,1.4238721719425478
2025-08-06,0.7358912339648925,1.4233906091597002
2025-08-07,0.736190999043311,1.4228107914123465
2025-08-08,0.7360060621798878,1.4231682124693146
2025-08-11,0.7364927266818821,1.4222271802075366
2025-08-12,0.7361322873798041,1.4229232177292377
2025-08-13,0.7364973532494568,1.42221755556656
2025-08-14,0.7362582002101895,1.422679373452819
2025-08-15,0.735421780271839,1.4242955963940318
2025-08-18,0.7354465951321626,1.4242475373111598
2025-08-19,0.7356578467386277,1.4238384327177709
2025-08-20,0.7351752424588562,1.4247724953725485
2025-08-21,0.7351797447847762,1.4247637698473055
2025-08-22,0.7352841114598017,1.4245615093002617
2025-08-25,0.7345738632457413,1.425937565510413
2025-08-26,0.7353017100615411,1.424524686331728
2025-08-27,0.7348606494906376,1.4253791677817533
2025-08-28,0.7350401144021736,1.4250310670276463
2025-08-29,0.7348377509545114,1.4254233914655907
2025-09-01,0.7353748187104291,1.4243815983063626
2025-09-02,0.7355937446696248,1.4239575504606439
2025-09-03,0.7355063390873228,1.4241267496140806
2025-09-04,0.7351169218920917,1.4248807600352233
2025-09-05,0.7353459194714836,1.4244368928961968
2025-09-08,0.7345865616724934,1.4259078431457983
2025-09-09,0.7347127441441249,1.4256629100291929
2025-09-10,0.7342552242133588,1.426550698081178
2025-09-11,0.7345322051005917,1.4260125646569854
2025-09-12,0.7343609818862782,1.4263449754801958
2025-09-15,0.7348546630773708,1.4253861014335445
2025-09-16,0.7347909498336276,1.425509685016356
2025-09-17,0.7340263114576853,1.4269930993271716
2025-09-18,0.7333488134471298,1.4283101978708879
2025-09-22,0.7336779565438976,1.427265115931996
2025-09-23,0.7337820735962245,1.4270625711568197
2025-09-24,0.7339909556538889,1.4266563364217324
2025-09-25,0.7335140204830468,1.4275833540890526
2025-09-26,0.7331112191403879,1.4283672961484095
2025-09-29,0.7330723918527104,1.428442945826751
2025-09-30,0.7326045249674275,1.4293546172514235
2025-10-01,0.7331882521832772,1.428215731040985
2025-10-02,0.7335029633366809,1.4276026887306554
2025-10-03,0.7337480769472727,1.4271256288317649
2025-10-06,0.7332737841153346,1.4280481190941534
2025-10-07,0.7339135558706125,1.4268021658478138
2025-10-08,0.7344033145110878,1.425850025526405
2025-10-09,0.7340062274388328,1.4266209733161597
2025-10-10,0.7341055094566538,1.426428007911233
2025-10-13,0.7340711690912801,1.4264947340947856
2025-10-14,0.7333241289492588,1.427946430978713
2025-10-15,0.7332718274543004,1.4280482737111588
2025-10-16,0.7333959544701714,1.427806536112497
2025-10-17,0.7330982828371231,1.4283860559485295
2025-10-20,0.733422652363816,1.4277540466808096
2025-10-21,0.7329408321698829,1.428692006163576
2025-10-22,0.7324794256734706,1.4295914072394647
2025-10-23,0.7324155273913666,1.4297161185034692
2025-10-24,0.7320910902198087,1.4303494380280704
2025-10-27,0.7317332023157805,1.431048674460862
2025-10-28,0.7318474184031369,1.4308253023630864
2025-10-29,0.7319641524095749,1.4305970772360206
2025-10-30,0.7320706724432343,1.430388887738873
2025-10-31,0.732235876185644,1.430066097049052
2025-11-03,0.7324238795860649,1.4296989239866331
2025-11-04,0.7320593474103887,1.4304104945318445
2025-11-05,0.732486972972683,1.4295749337344865
2025-11-06,0.7321449156804324,1.430242517662864
2025-11-07,0.7328559896684131,1.4288534371283514
2025-11-10,0.7326800153998435,1.4291965351476574
2025-11-11,0.7321276063038017,1.4302740876254825
2025-11-12,0.7322805287368663,1.429975340533383
2025-11-13,0.7320431041010402,1.4304389762046086
2025-11-14,0.7319118870459553,1.4306953791252628
2025-11-17,0.7319421022431921,1.4306363163557805
2025-11-19,0.7314923904915879,1.4316545581363305
2025-11-20,0.731314292116584,1.4320031268346316
2025-11-21,0.7311679604151278,1.4322896622631052
2025-11-24,0.7311615690056726,1.4323021824365612
2025-11-25,0.7302876069848404,1.4340142222412615
2025-11-26,0.7302974100374263,1.433994972678904
2025-11-27,0.7300900896935949,1.4344020620738576
2025-11-28,0.7302997043022393,1.4339902339568553
2025-12-01,0.7304652621165406,1.4336651505870215
2025-12-02,0.730093986204853,1.4343938441518551
2025-12-03,0.7298323090971274,1.434907953348163
2025-12-04,0.7293058142474685,1.435943083799029
2025-12-05,0.7296679811666426,1.4352300069626607
2025-12-08,0.7302130558005527,1.4341578652614841
2025-12-09,0.730085979893838,1.434407445722491
2025-12-10,0.7301856221311136,1.4342116775924452
2025-12-11,0.7298377250433806,1.4348950080370668
2025-12-12,0.7291412709719253,1.4362642692250918
2025-12-15,0.7288091553673648,1.436918471359949
2025-12-16,0.7287733201392689,1.4369891240140729
2025-12-17,0.7283451464069415,1.4378333933904894
2025-12-18,0.7284764863518334,1.4375741138997378
2025-12-19,0.7284093966511275,1.4377065085876255
2025-12-22,0.7275996477621325,1.4393047598641495
2025-12-23,0.7274484269258237,1.4396038980923764
2025-12-24,0.7274936491040336,1.4395144044298411
2025-12-25,0.7273664348823243,1.4397661271834685
2025-12-26,0.7275660836302481,1.4393709377839992
2025-12-29,0.7269983904895608,1.4404940261558588
2025-12-30,0.7271083373698187,1.440276174471071
2025-12-31,0.7264959314122792,1.4414892450197305
2026-01-01,0.7258872681142935,1.4426969346432348
2026-01-02,0.7256531349109179,1.443162273091291
2026-01-05,0.7252369226046453,1.4439900265579422
2026-01-06,0.7251416836499331,1.4441796530047732
2026-01-07,0.7250646319981339,1.4443331077437132
2026-01-08,0.7254243174328816,1.443616612194416
2026-01-09,0.7253043346662355,1.4438553815752393
2026-01-12,0.7247507476313982,1.4449574012119866
2026-01-13,0.7250116156558439,1.4444373007720845
2026-01-14,0.7247959912229044,1.4448668883361595
2026-01-16,0.7250425153496781,1.4445986874557233
2026-01-19,0.7250085578565568,1.44466634548812
2026-01-20,0.724965518671284,1.4447521062171857
2026-01-21,0.7250703082249239,1.4445432756943104
2026-01-22,0.7248876277858393,1.4449072263303895
2026-01-23,0.7253469319920428,1.4439917024047646
2026-01-26,0.7252151644997774,1.4442540198656733
2026-01-27,0.7249530576490221,1.4447760013290627
2026-01-28,0.7249261140387561,1.444829697883744
2026-01-29,0.7249415345273456,1.4447989637448595
2026-01-30,0.7249983377317522,1.4446857557039965
2026-02-02,0.7255173473164861,1.443651538499465
2026-02-03,0.7250423576258552,1.4445966841947222
2026-02-04,0.7246943629625927,1.4452900394606305
2026-02-05,0.7245474068302735,1.4455831205788694
2026-02-06,0.7246439818873941,1.4453904385388452
2026-02-09,0.7238634775832765,1.446947249174975
2026-02-10,0.723316968722297,1.4480396782275973
2026-02-11,0.7231952749656082,1.4482833022484596
2026-02-12,0.7226391435267666,1.4493970206376843
2026-02-13,0.7223901541387201,1.4498964185466374
2026-02-16,0.7222179018053204,1.4502421431386072
2026-02-17,0.72192494924231,1.4508304034846278
2026-02-18,0.7214378202650528,1.4518093716327227
2026-02-19,0.7215776535901764,1.451527973394124
2026-02-20,0.7217565310992071,1.4511681428105725
2026-02-23,0.7213679199954918,1.4519494866978184
2026-02-24,0.7216399083239878,1.4514020360793463
2026-02-25,0.7220103761471219,1.4506569307344277
2026-02-26,0.722558407158049,1.4495558316221115
2026-02-27,0.7224602161257218,1.4497528169206186
2026-03-02,0.7228990860710404,1.44887214152108
2026-03-03,0.7224865067730453,1.4496990545197979
2026-03-04,0.7222231502480198,1.450227490278462
2026-03-05,0.7217281189984591,1.451221515361171
2026-03-06,0.721563973181246,1.4515515730869621
2026-03-09,0.7217726313172039,1.4511318209142592
2026-03-10,0.7212534373066231,1.4521756661880914
2026-03-11,0.7208859671666237,1.4529155326036336
2026-03-12,0.7214312427079342,1.4518165525435376
2026-03-13,0.7215749212668796,1.4515274121545805
