date,strategy,buy_and_hold
2003-08-26,1.0,1.0006750033234586
2003-08-27,1.0,1.0012989432380817
2003-08-28,1.0,1.0018322153563661
2003-08-29,1.0,1.002450311045657
2003-09-01,1.0,1.002749995089005
2003-09-02,1.0,1.0029822126478705
2003-09-03,1.0,1.0030509830670857
2003-09-04,1.0,1.0031125292430738
2003-09-05,1.0,1.0032988498553816
2003-09-08,1.0,1.0029442438870153
2003-09-09,1.0,1.0035142004956448
2003-09-10,1.0,1.002668061680639
2003-09-11,1.0,1.002662834548853
2003-09-12,1.0,1.0032510107687844
2003-09-15,1.0,1.0042680052427588
2003-09-16,1.0,1.004447989298023
2003-09-17,1.0,1.0051201805695766
2003-09-18,1.0,1.0053242451130704
2003-09-19,1.0,1.0053671699023763
2003-09-22,1.0,1.0059126296253604
2003-09-24,1.0,1.0075197383754684
2003-09-25,0.9991002955923776,1.0084262083248514
2003-09-26,0.9988325520233432,1.008696451095588
2003-09-29,0.9985909231735229,1.0089404661337467
2003-09-30,0.9980213530945637,1.0095159393206394
2003-10-01,0.9980341785919713,1.009502966107168
2003-10-02,0.9981383529312121,1.0093975946612679
2003-10-03,0.9974140306088655,1.010130087514377
2003-10-06,0.9972524588774815,1.0102937191278838
2003-10-07,0.9971778989353561,1.0103692541045661
2003-10-08,0.996113860332745,1.0114473685417258
2003-10-09,0.9962293813289723,1.011330069292816
2003-10-10,0.9959510721966225,1.0116125969911345
2003-10-13,0.9960028651880526,1.011559989544816
2003-10-14,0.9960028651880526,1.0114626350909235
2003-10-15,0.9960028651880526,1.0121656806936838
2003-10-16,0.9960028651880526,1.01309626433004
2003-10-17,0.9956691533073787,1.0134357033733297
2003-10-20,0.9956691533073787,1.0134498535786467
2003-10-21,0.9956691533073787,1.0136920124748856
2003-10-23,0.9956691533073787,1.0127384156811563
2003-10-24,0.9956691533073787,1.0124579028355594
2003-10-27,0.9958843514543564,1.0126767296053347
2003-10-28,0.9955466975802693,1.0123333822874963
2003-10-29,0.9955466975802693,1.0126826656186698
2003-10-30,0.9955466975802693,1.0125532720595016
2003-10-31,0.9955466975802693,1.0133117826817013
2003-11-03,0.9955466975802693,1.0136024111916981
2003-11-04,0.9955466975802693,1.0139746622663424
2003-11-05,0.99531682170131,1.0142087932391008
2003-11-06,0.9960282475339785,1.0134838639306656
2003-11-07,0.9960282475339785,1.014442989245239
2003-11-10,0.9960282475339785,1.0141635276422973
2003-11-11,0.9960282475339785,1.0149955641704889
2003-11-12,0.9954041618641202,1.0156315342728799
2003-11-13,0.9951382147077281,1.0159028856785
2003-11-14,0.9951382147077281,1.0164242495804832
2003-11-17,0.9945084430672275,1.0170674920543852
2003-11-18,0.9939292333151234,1.0176598403788792
2003-11-19,0.9940526794793882,1.0175334468695525
2003-11-21,0.9940526794793882,1.018118371658119
2003-11-24,0.9940526794793882,1.0183363631256805
2003-11-25,0.9940526794793882,1.0184480129346876
2003-11-26,0.9949267591095714,1.0175524822642477
2003-11-27,0.9949267591095714,1.017525201445262
2003-11-28,0.9949267591095714,1.0191636266209227
2003-12-01,0.9949267591095714,1.019394811105798
2003-12-02,0.9949267591095714,1.0200982526152236
2003-12-03,0.9949267591095714,1.0198701997524389
2003-12-04,0.9949267591095714,1.0207120745409366
2003-12-05,0.9949267591095714,1.0209900307230615
2003-12-08,0.9949267591095714,1.0211077180784196
2003-12-09,0.9949267591095714,1.0209614511692662
2003-12-10,0.9949267591095714,1.0218271905982104
2003-12-11,0.9949267591095714,1.0220521850144502
2003-12-12,0.9949267591095714,1.0227977141167781
2003-12-15,0.9949267591095714,1.0231313792722323
2003-12-16,0.9957405521930842,1.0222945164254418
2003-12-17,0.9957405521930842,1.0223605941986436
2003-12-18,0.9957405521930842,1.0235174777672178
2003-12-22,0.9957405521930842,1.0223995197617466
2003-12-23,0.9957405521930842,1.022306569856879
2003-12-24,0.9957405521930842,1.0230339966973765
2003-12-25,0.9957405521930842,1.0232210564687203
2003-12-26,0.9957405521930842,1.0231315954409188
2003-12-29,0.9957405521930842,1.0237382929641332
2003-12-30,0.9957405521930842,1.0235725864017162
2003-12-31,0.9957405521930842,1.0234307413817705
2004-01-01,0.9957405521930842,1.024006788802553
2004-01-02,0.9957405521930842,1.0242725410773588
2004-01-05,0.9957405521930842,1.025955711617411
2004-01-06,0.9957405521930842,1.02604893592398
2004-01-07,0.9953156973557881,1.02648672250681
2004-01-08,0.9947175076967973,1.0271036461061527
2004-01-09,0.9955180521601522,1.0262770374149217
2004-01-12,0.9955180521601522,1.0271894023290704
2004-01-13,0.9955180521601522,1.0272226084926963
2004-01-14,0.9955180521601522,1.0271499666241093
2004-01-15,0.9955180521601522,1.026341023222249
2004-01-16,0.9955180521601522,1.0272665219220984
2004-01-20,0.9955180521601522,1.0273184406927618
2004-01-21,0.9955180521601522,1.0278646531242979
2004-01-22,0.9955180521601522,1.0275185344510742
2004-01-23,0.9955180521601522,1.0274841869690554
2004-01-26,0.9955180521601522,1.0279546637325156
2004-01-27,0.9955180521601522,1.027944432438597
2004-01-28,0.9955180521601522,1.028167041584399
2004-01-29,0.9955180521601522,1.0280229361649786
2004-01-30,0.9955180521601522,1.0277284705633931
2004-02-02,0.9955180521601522,1.0269163669065193
2004-02-03,0.9955180521601522,1.0277667104822088
2004-02-04,0.9955180521601522,1.0270391146415667
2004-02-05,0.9955180521601522,1.0281988956647536
2004-02-06,0.9955180521601522,1.0283852445097663
2004-02-09,0.9955180521601522,1.0281946515474105
2004-02-10,0.9955180521601522,1.028225480101703
2004-02-11,0.9955180521601522,1.0286356270649912
2004-02-12,0.9955180521601522,1.028953851858488
2004-02-13,0.9955180521601522,1.029733791481672
2004-02-16,0.9955180521601522,1.0301196064407678
2004-02-18,0.9955180521601522,1.0297496076481643
2004-02-19,0.9955180521601522,1.0301553552274345
2004-02-20,0.9955180521601522,1.0298322012425913
2004-02-23,0.9955180521601522,1.0297925512271833
2004-02-24,0.9955180521601522,1.0298048085144744
2004-02-25,0.9955180521601522,1.029927582747573
2004-02-26,0.9955180521601522,1.0307578241670592
2004-02-27,0.9955180521601522,1.0314699665702847
2004-03-01,0.9955180521601522,1.0312758662383146
2004-03-02,0.9955180521601522,1.0309256090752275
2004-03-03,0.9955180521601522,1.0316039784242648
2004-03-04,0.9955180521601522,1.0313428296682368
2004-03-05,0.9955180521601522,1.0309676885592862
2004-03-08,0.9955180521601522,1.0312390384958061
2004-03-09,0.9955180521601522,1.0313520831151586
2004-03-10,0.9955180521601522,1.031530407910929
2004-03-11,0.9955180521601522,1.0321287441164664
2004-03-12,0.9955180521601522,1.031947643738511
2004-03-15,0.9955180521601522,1.0321935354579856
2004-03-16,0.9955180521601522,1.0321802080365556
2004-03-18,0.9955180521601522,1.032349115199728
2004-03-19,0.9955180521601522,1.0326245710047395
2004-03-22,0.9955180521601522,1.0331169533048987
2004-03-23,0.9955180521601522,1.0333758977350436
2004-03-24,0.9955180521601522,1.0339757312484137
2004-03-25,0.9955180521601522,1.0343432436373439
2004-03-26,0.9955180521601522,1.034239519536929
2004-03-29,0.9955180521601522,1.0348334970609623
2004-03-30,0.9963385888226468,1.033980555396998
2004-03-31,0.9963385888226468,1.0349403110215403
2004-04-01,0.9963385888226468,1.0357111706093087
2004-04-02,0.9966837154062799,1.0353524055650225
2004-04-05,0.9966837154062799,1.0353367052991809
2004-04-06,0.9966837154062799,1.035329763542834
2004-04-07,0.9966837154062799,1.0356278665919751
2004-04-08,0.9966837154062799,1.0361431743957386
2004-04-09,0.9966837154062799,1.0370202233730088
2004-04-12,0.9966837154062799,1.0371802039642901
2004-04-13,0.9959911088774244,1.0379009519505984
2004-04-14,0.9960755903292824,1.0378129156433222
2004-04-16,0.9960755903292824,1.0384785817222482
2004-04-19,0.995762150242132,1.0388053649707476
2004-04-20,0.9954431824926392,1.0391381205483174
2004-04-21,0.9950753201689229,1.039522130173789
2004-04-22,0.9944448660930866,1.0401807446028744
2004-04-23,0.9941370635642892,1.0405027033906482
2004-04-26,0.9942577884126013,1.0403763480462604
2004-04-27,0.9938087988185335,1.0408461639829631
2004-04-28,0.9930467389878849,1.0416442924080678
2004-04-29,0.9933141026295372,1.041363844569723
2004-04-30,0.9926663031981109,1.0420429801066438
2004-05-03,0.9919191153269062,1.042827334197743
2004-05-04,0.9914954854208021,1.0432727060419213
2004-05-05,0.9913420122661482,1.04343419377002
2004-05-06,0.9913257323719721,1.0434513291259762
2004-05-07,0.9916299308367317,1.0431311353874235
2004-05-10,0.9918383967838236,1.042911842571306
2004-05-11,0.9918383967838236,1.0431602081658713
2004-05-12,0.9918383967838236,1.043479462482835
2004-05-13,0.9918383967838236,1.044526395917092
2004-05-17,0.9913691181655446,1.0452984002710062
2004-05-18,0.9916826909836095,1.044967769470545
2004-05-19,0.9916826909836095,1.045459492179397
2004-05-20,0.9920198999761827,1.0451039970746228
2004-05-21,0.9920198999761827,1.0445858524352436
2004-05-24,0.9920198999761827,1.0451640861422549
2004-05-25,0.9920198999761827,1.0449393539249328
2004-05-26,0.9920198999761827,1.0452353545552027
2004-05-27,0.9920198999761827,1.0456793446663952
2004-05-28,0.9920198999761827,1.046008829920629
2004-05-31,0.9920198999761827,1.0464666705547454
2004-06-01,0.9920198999761827,1.0470850970963077
2004-06-02,0.9920198999761827,1.0477951249406317
2004-06-03,0.9920084610220903,1.0478072070373041
2004-06-04,0.9918225139139933,1.048003613345967
2004-06-07,0.9918225139139933,1.0470252621953706
2004-06-08,0.9918225139139933,1.0466982132019382
2004-06-09,0.9918225139139933,1.0459426699227323
2004-06-10,0.9918225139139933,1.0462511381218618
2004-06-11,0.9918225139139933,1.0465681364026416
2004-06-15,0.9918225139139933,1.0466287392213798
2004-06-16,0.9918225139139933,1.0476417260084896
2004-06-17,0.9918225139139933,1.0484801652754279
2004-06-18,0.9918225139139933,1.0492601367192935
2004-06-21,0.9918225139139933,1.0507639612559638
2004-06-22,0.9917100218842577,1.0508831383961441
2004-06-23,0.9910518248808519,1.0515806085410033
2004-06-24,0.9907631893097842,1.0518868726150403
2004-06-25,0.9908833898438716,1.0517592564851195
2004-06-28,0.9915593267598056,1.0510417927397178
2004-06-29,0.9915593267598056,1.0507113756689774
2004-06-30,0.9915593267598056,1.051328651436741
2004-07-01,0.9915593267598056,1.0520714162789788
2004-07-02,0.9915593267598056,1.0521058877909333
2004-07-05,0.9915593267598056,1.0527691130160866
2004-07-06,0.9918976719795154,1.052409881463083
2004-07-07,0.9918976719795154,1.0520167650560848
2004-07-08,0.9918976719795154,1.0526471682833942
2004-07-09,0.9918976719795154,1.0538527020713495
2004-07-12,0.9918976719795154,1.0530745845597822
2004-07-14,0.9918976719795154,1.0533987222160721
2004-07-15,0.9918976719795154,1.0544025347521462
2004-07-16,0.9918976719795154,1.0550730845752008
2004-07-19,0.9918976719795154,1.0551120224273474
2004-07-20,0.9918976719795154,1.0554998077245064
2004-07-21,0.9917549157534117,1.0556517177183096
2004-07-22,0.9918609706798193,1.0555388298833652
2004-07-23,0.9918609706798193,1.0564807736999913
2004-07-26,0.991422085782184,1.056948251975602
2004-07-27,0.9915873317104781,1.0567720844304551
2004-07-28,0.991694031645603,1.0566583702781616
2004-07-29,0.991694031645603,1.056401638277976
2004-07-30,0.991694031645603,1.057378724830216
2004-08-02,0.9909026901793594,1.058222480670002
2004-08-03,0.9913139083310483,1.0577833252444597
2004-08-04,0.9913139083310483,1.0579074464751208
2004-08-05,0.9913139083310483,1.0581768617091327
2004-08-06,0.9913139083310483,1.0576998023518105
2004-08-09,0.9913139083310483,1.057666010954404
2004-08-10,0.9913139083310483,1.057266647777004
2004-08-12,0.9913139083310483,1.0568820791838147
2004-08-13,0.9913139083310483,1.0562902759558388
2004-08-16,0.9913139083310483,1.0567289267827955
2004-08-17,0.9913139083310483,1.056754525894281
2004-08-18,0.9913139083310483,1.057175729458842
2004-08-19,0.9913139083310483,1.0570794849688847
2004-08-20,0.9913139083310483,1.0582172688656484
2004-08-23,0.9913139083310483,1.0578549708919436
2004-08-24,0.9913139083310483,1.0580900855744495
2004-08-25,0.9913139083310483,1.0591342854568349
2004-08-26,0.9913139083310483,1.0598703721214757
2004-08-27,0.9913139083310483,1.061466489926156
2004-08-30,0.9913139083310483,1.0617920669918268
2004-08-31,0.9913139083310483,1.0614685634828533
2004-09-01,0.9913139083310483,1.0608573120034992
2004-09-02,0.9913139083310483,1.060795716093879
2004-09-03,0.9913139083310483,1.0603273163827278
2004-09-06,0.9913139083310483,1.0612083069436449
2004-09-07,0.9913139083310483,1.062373967122052
2004-09-08,0.9913139083310483,1.0629374095721307
2004-09-10,0.9913139083310483,1.063006823957869
2004-09-13,0.9913139083310483,1.0638083599244614
2004-09-14,0.9910960891707776,1.0640421081264186
2004-09-15,0.9906793248634012,1.0644895468531559
2004-09-16,0.9911743578274614,1.0639576316285573
2004-09-17,0.9911743578274614,1.0644373754807908
2004-09-20,0.9911743578274614,1.0654492634218
2004-09-21,0.9910105004486702,1.0656253996607579
2004-09-22,0.9901113298836436,1.0665922703369877
2004-09-23,0.9900499766209236,1.0666583628195216
2004-09-24,0.9906683707982723,1.0659921183506929
2004-09-27,0.9906683707982723,1.066694378709222
2004-09-28,0.9906683707982723,1.0667496056488406
2004-09-29,0.9906683707982723,1.067267063753911
2004-09-30,0.9906683707982723,1.0673672053150882
2004-10-01,0.9907798293063872,1.0672471175442235
2004-10-04,0.9900809063166295,1.0679999826350748
2004-10-05,0.9900314706791664,1.0680533088426758
2004-10-06,0.9892898849693215,1.0688533370181912
2004-10-07,0.9901870855475237,1.0678839792530344
2004-10-11,0.9901870855475237,1.0677850101370152
2004-10-12,0.9901870855475237,1.067882695543383
2004-10-13,0.9901870855475237,1.0681589555773847
2004-10-14,0.9901870855475237,1.0687142278526336
2004-10-15,0.9901870855475237,1.0685589601481942
2004-10-18,0.9901870855475237,1.0683280483051838
2004-10-19,0.9901870855475237,1.0691481363298911
2004-10-20,0.9901870855475237,1.0694022269480472
2004-10-21,0.9901870855475237,1.0696154040805492
2004-10-22,0.9901870855475237,1.0709050763577803
2004-10-25,0.9896871150992607,1.071445803356636
2004-10-26,0.9901829453067907,1.070909012297189
2004-10-27,0.9901829453067907,1.0702354349439038
2004-10-28,0.9901829453067907,1.0707539422309011
2004-10-29,0.9901829453067907,1.0705573887866975
2004-11-01,0.9901829453067907,1.0704654880451743
2004-11-02,0.9901829453067907,1.0696779361139348
2004-11-03,0.9901829453067907,1.0696940956658834
2004-11-04,0.9901829453067907,1.0703648042910061
2004-11-05,0.9901829453067907,1.0713350948925717
2004-11-09,0.9901829453067907,1.0721369873138937
2004-11-10,0.9901829453067907,1.0725016968045655
2004-11-11,0.9901829453067907,1.0732135563832792
2004-11-12,0.9901829453067907,1.0738897078885687
2004-11-15,0.9901829453067907,1.0744798623285698
2004-11-16,0.9901829453067907,1.0739741665083746
2004-11-17,0.9901829453067907,1.0739032361201684
2004-11-18,0.9901829453067907,1.0744512037252167
2004-11-19,0.9901829453067907,1.0741482944314749
2004-11-22,0.9901829453067907,1.0744279271166732
2004-11-23,0.9901829453067907,1.074808395813492
2004-11-24,0.9901829453067907,1.0747507557360738
2004-11-25,0.9901829453067907,1.0750225659461534
2004-11-26,0.9901829453067907,1.075893200045896
2004-11-29,0.9901829453067907,1.0762738411079944
2004-11-30,0.9901829453067907,1.0765260387899436
2004-12-01,0.9901829453067907,1.0774414172604105
2004-12-02,0.9901829453067907,1.0770325785143557
2004-12-03,0.9901829453067907,1.07598504704291
2004-12-06,0.9901829453067907,1.0767901640351434
2004-12-08,0.9901829453067907,1.0773874936703365
2004-12-09,0.9901829453067907,1.0775504060883636
2004-12-10,0.9901829453067907,1.0777004557922596
2004-12-13,0.9901829453067907,1.0781794281030628
2004-12-14,0.9901829453067907,1.0783947365055107
2004-12-15,0.9901829453067907,1.07873013888175
2004-12-16,0.9901829453067907,1.0786058228980375
2004-12-17,0.9901829453067907,1.0787883419221758
2004-12-20,0.9901829453067907,1.0788462941394292
2004-12-21,0.9901829453067907,1.0789519253257949
2004-12-22,0.9901829453067907,1.0793724662312258
2004-12-23,0.9907785804689339,1.078723179958438
2004-12-24,0.9907785804689339,1.078687099930727
2004-12-27,0.9907785804689339,1.0792413335539084
2004-12-28,0.9907785804689339,1.0792601547798615
2004-12-29,0.9907785804689339,1.0788048832819668
2004-12-30,0.9907785804689339,1.0796687359342174
2004-12-31,0.9907785804689339,1.0793264153430697
2005-01-03,0.9907785804689339,1.080377763344963
2005-01-04,0.9907785804689339,1.0800516754742704
2005-01-06,0.9907785804689339,1.081595222781634
2005-01-07,0.990006267897052,1.0824383269874658
2005-01-10,0.9900399063565317,1.0824015478690074
2005-01-11,0.9901742604692698,1.0822546597499967
2005-01-12,0.9901742604692698,1.0826683772748502
2005-01-13,0.9903801108821003,1.0824432979718244
2005-01-14,0.9903801108821003,1.0835694753255556
2005-01-17,0.9905752504172065,1.0833559742249712
2005-01-18,0.9903982730315382,1.0835495279282217
2005-01-19,0.990304913769892,1.0836516680335098
2005-01-20,0.990323010543946,1.08363186544633
2005-01-21,0.9900194045651365,1.0839640773707984
2005-01-24,0.989569531898953,1.0844566392410862
2005-01-25,0.9897245670519843,1.084286738192599
2005-01-26,0.9897245670519843,1.0845086534312762
2005-01-27,0.9897245670519843,1.0845017684610596
2005-01-28,0.9897245670519843,1.0852123590036202
2005-01-31,0.9897245670519843,1.0848672369775936
2005-02-01,0.9897245670519843,1.0842738483214125
2005-02-02,0.9897245670519843,1.0855459795346571
2005-02-04,0.9897245670519843,1.0854556097924002
2005-02-07,0.9897245670519843,1.0857318394782698
2005-02-08,0.9897245670519843,1.0855614382239795
2005-02-09,0.9897245670519843,1.0858956270400033
2005-02-10,0.9897245670519843,1.0859086622907883
2005-02-11,0.9897245670519843,1.0860569508884517
2005-02-14,0.9897245670519843,1.0858330820416948
2005-02-15,0.9897245670519843,1.0857146916519722
2005-02-16,0.9897245670519843,1.0858021936062792
2005-02-17,0.9897245670519843,1.085874056677386
2005-02-18,0.9897245670519843,1.0861769243016903
2005-02-21,0.9897245670519843,1.0862629536590096
2005-02-22,0.9897245670519843,1.0865866719988662
2005-02-23,0.9897245670519843,1.0869881056203954
2005-02-24,0.9897245670519843,1.0869229613548115
2005-02-25,0.9897245670519843,1.0857661824624372
2005-02-28,0.9897245670519843,1.0853517513281608
2005-03-01,0.9897245670519843,1.085998351970446
2005-03-02,0.9897245670519843,1.085806808487006
2005-03-03,0.9897245670519843,1.0860156957443994
2005-03-07,0.9897245670519843,1.0880120651348948
2005-03-08,0.9897245670519843,1.089324658679784
2005-03-09,0.9894534949326427,1.0896230099117423
2005-03-10,0.9893760455760882,1.0897083000253625
2005-03-11,0.9900384111802641,1.0889787641731965
2005-03-14,0.9900384111802641,1.0887272026281947
2005-03-15,0.9900384111802641,1.0892078751997618
2005-03-16,0.9900384111802641,1.0889646019242227
2005-03-17,0.9900384111802641,1.0903709263972643
2005-03-18,0.9900384111802641,1.0902930684467957
2005-03-21,0.9900384111802641,1.0901541831055375
2005-03-22,0.9900384111802641,1.0909163258452845
2005-03-23,0.9900384111802641,1.0905168324973065
2005-03-24,0.9900384111802641,1.0907118682066792
2005-03-25,0.9900384111802641,1.0909844908827269
2005-03-28,0.9900384111802641,1.0913103903371808
2005-03-29,0.9900384111802641,1.0903423135118138
2005-03-30,0.9900384111802641,1.0906043190879098
2005-03-31,0.9900384111802641,1.0911046873284085
2005-04-01,0.9900384111802641,1.0919489831779048
2005-04-05,0.9900384111802641,1.0926374200985236
2005-04-06,0.9900384111802641,1.093321858381554
2005-04-07,0.9900384111802641,1.0938108908225714
2005-04-08,0.9900384111802641,1.0944694651637243
2005-04-11,0.9900384111802641,1.094688327772496
2005-04-12,0.9900384111802641,1.095117292057836
2005-04-13,0.9900384111802641,1.0949750354828676
2005-04-14,0.9900384111802641,1.0954089683514703
2005-04-15,0.9900384111802641,1.0958658666923882
2005-04-18,0.9900384111802641,1.0965715032022683
2005-04-19,0.9897183663284436,1.0969259864832095
2005-04-20,0.9898038700295084,1.0968312209066278
2005-04-21,0.9898412411256347,1.0967898088792234
2005-04-22,0.9898412411256347,1.0975880420380935
2005-04-25,0.990179496097574,1.0972129671301836
2005-04-26,0.990179496097574,1.0968767026864186
2005-04-27,0.990179496097574,1.0973282303078513
2005-04-28,0.990179496097574,1.096588804279929
2005-04-29,0.990179496097574,1.0976278764861165
2005-05-02,0.990179496097574,1.098341875421973
2005-05-04,0.991010891395236,1.0985841326184016
2005-05-05,0.991010891395236,1.098660795151732
2005-05-06,0.991010891395236,1.0989073652290562
2005-05-09,0.991010891395236,1.0986536072684243
2005-05-10,0.991010891395236,1.0993441449673735
2005-05-11,0.991010891395236,1.0987996061190524
2005-05-12,0.991010891395236,1.0991887579333661
2005-05-13,0.991010891395236,1.099481169986925
2005-05-16,0.991010891395236,1.0995714237189977
2005-05-17,0.991010891395236,1.0999051785839036
2005-05-18,0.991010891395236,1.1004818607958753
2005-05-19,0.991010891395236,1.1011306813360766
2005-05-20,0.991010891395236,1.1013332614380327
2005-05-23,0.991010891395236,1.1008635792888204
2005-05-24,0.991010891395236,1.1006426731433339
2005-05-25,0.991010891395236,1.1002867069289561
2005-05-26,0.991010891395236,1.1013614333322348
2005-05-27,0.991010891395236,1.1023140544453807
2005-05-30,0.991010891395236,1.102467298108183
2005-05-31,0.991010891395236,1.1021420236457602
2005-06-02,0.991010891395236,1.1032386880469194
2005-06-03,0.991010891395236,1.1027627840876935
2005-06-06,0.991010891395236,1.1032669039200336
2005-06-07,0.991010891395236,1.1043300558296336
2005-06-08,0.991010891395236,1.10539311375151
2005-06-09,0.9901495268657129,1.1063538967536264
2005-06-10,0.9902139992036734,1.106281857914643
2005-06-13,0.9901871953042379,1.106311803631115
2005-06-14,0.9893099350699089,1.1072919449182341
2005-06-15,0.9888007976489637,1.1078618004762186
2005-06-16,0.988544659108599,1.1081487805283936
2005-06-17,0.9891275657745981,1.1074953479240726
2005-06-20,0.9891275657745981,1.1075607795146396
2005-06-21,0.9891275657745981,1.1083052730882081
2005-06-22,0.9893648149403002,1.1080394383157464
2005-06-23,0.9892361471091358,1.108183539894072
2005-06-24,0.9877941551615573,1.1097989193417763
2005-06-27,0.987392844904673,1.1102497963661884
2005-06-28,0.9869998269148333,1.1106917158569356
2005-06-29,0.9873574862598765,1.110289234254806
2005-07-01,0.9873574862598765,1.1090996729057339
2005-07-04,0.9873574862598765,1.1094041818937241
2005-07-05,0.9873574862598765,1.110352210400565
2005-07-06,0.9873574862598765,1.10917337997022
2005-07-07,0.9873574862598765,1.1097525589530108
2005-07-08,0.9873574862598765,1.1100570339784728
2005-07-11,0.9873574862598765,1.1100835036388477
2005-07-12,0.9873574862598765,1.110234700912864
2005-07-13,0.9873574862598765,1.1106794271274818
2005-07-14,0.9873574862598765,1.1114247462764018
2005-07-15,0.9873574862598765,1.1120764407178843
2005-07-18,0.9873574862598765,1.1122198050688268
2005-07-19,0.9873574862598765,1.1125590965735117
2005-07-20,0.9865629078419696,1.1134544313019008
2005-07-21,0.9864753879599282,1.1135532079736281
2005-07-22,0.9864548486793593,1.1135763931255804
2005-07-25,0.9870692484319379,1.1128828174780687
2005-07-26,0.9870692484319379,1.1139261977702626
2005-07-27,0.9877612376436745,1.113145274939618
2005-07-28,0.9877612376436745,1.1125994398273416
2005-08-01,0.9877612376436745,1.113763706403204
2005-08-02,0.9877612376436745,1.1142293493526325
2005-08-03,0.9877612376436745,1.1152006666404457
2005-08-04,0.98761770946601,1.1153627126018715
2005-08-05,0.9867498583640837,1.1163428173022036
2005-08-08,0.9874679305943258,1.1155304383900202
2005-08-09,0.9874679305943258,1.1151901162765632
2005-08-10,0.9874679305943258,1.1145677586205802
2005-08-11,0.9874679305943258,1.114381638953087
2005-08-12,0.9874679305943258,1.115624226656521
2005-08-15,0.9874679305943258,1.115829523950272
2005-08-16,0.9874679305943258,1.1158314219994054
2005-08-17,0.9874679305943258,1.116491171483928
2005-08-18,0.9874679305943258,1.115892869971304
2005-08-19,0.9874679305943258,1.1158487531182564
2005-08-22,0.9874679305943258,1.1163388060069874
2005-08-23,0.9874679305943258,1.1157786895371842
2005-08-24,0.9874679305943258,1.1154931927207687
2005-08-25,0.9874679305943258,1.1160705492133496
2005-08-26,0.9874679305943258,1.11588181287538
2005-08-30,0.9874679305943258,1.116316903094678
2005-08-31,0.9874679305943258,1.1160058886904656
2005-09-01,0.9874679305943258,1.116116993955393
2005-09-02,0.9874679305943258,1.1161727225701226
2005-09-05,0.9874679305943258,1.1171621541574541
2005-09-06,0.9874679305943258,1.1168179355799521
2005-09-07,0.9874679305943258,1.1173388093105652
2005-09-08,0.9874679305943258,1.1181710682533914
2005-09-09,0.9874679305943258,1.1179581002500238
2005-09-12,0.9874679305943258,1.1182618211485598
2005-09-13,0.9874679305943258,1.1191621831320386
2005-09-14,0.9864199299380566,1.1203499510240937
2005-09-15,0.9867310268200357,1.1199966153240428
2005-09-16,0.9862190997256455,1.1205776820964717
2005-09-19,0.9866707695962725,1.1200644785123586
2005-09-20,0.9866707695962725,1.1208990396277974
2005-09-21,0.9866707695962725,1.120205663183599
2005-09-22,0.9866707695962725,1.1201321626348821
2005-09-23,0.9866707695962725,1.1202614030524005
2005-09-26,0.9866707695962725,1.1210811718367844
2005-09-28,0.9866707695962725,1.1211650478491713
2005-09-29,0.9866707695962725,1.1210526031020835
2005-09-30,0.9866707695962725,1.1209484096018265
2005-10-03,0.9866707695962725,1.1213047330928765
2005-10-04,0.9866707695962725,1.1216221824881882
2005-10-05,0.9866707695962725,1.1215860243162976
2005-10-06,0.9866707695962725,1.121548656746956
2005-10-07,0.9866707695962725,1.1226114045915767
2005-10-10,0.9866707695962725,1.1234582822174943
2005-10-11,0.9866707695962725,1.1230265663738292
2005-10-12,0.9866707695962725,1.1230355081677115
2005-10-13,0.9866707695962725,1.1229651716628397
2005-10-14,0.9866707695962725,1.122948950473226
2005-10-17,0.9866707695962725,1.122635571796457
2005-10-18,0.9866707695962725,1.1230558605431837
2005-10-19,0.9866707695962725,1.1233970906323014
2005-10-20,0.9866707695962725,1.123895685440851
2005-10-21,0.9866707695962725,1.1245927140880507
2005-10-24,0.9870720576859672,1.1241353318732057
2005-10-25,0.9870720576859672,1.1249146939193493
2005-10-27,0.9870720576859672,1.1245937942341258
2005-10-28,0.9870720576859672,1.1242735466931206
2005-10-31,0.9870720576859672,1.1238005127093897
2005-11-01,0.9870720576859672,1.1233740339226834
2005-11-02,0.9870720576859672,1.123275962362151
2005-11-03,0.9870720576859672,1.1246266467271366
2005-11-04,0.9870720576859672,1.125416555736158
2005-11-07,0.9870720576859672,1.1256995652853106
2005-11-08,0.9870720576859672,1.125550248374322
2005-11-09,0.9870720576859672,1.1256743212011655
2005-11-10,0.9870720576859672,1.1266474240440938
2005-11-11,0.9870720576859672,1.1267763939569115
2005-11-14,0.9870720576859672,1.127519532708054
2005-11-15,0.9870720576859672,1.1277707788455298
2005-11-16,0.9870720576859672,1.1285565873535301
2005-11-17,0.9866462739384017,1.1290434019172302
2005-11-18,0.9859779340828905,1.129808199519
2005-11-21,0.9855690049524168,1.1302767814909291
2005-11-22,0.9854991153948914,1.1303569326967227
2005-11-23,0.9849130773372687,1.131029112073558
2005-11-25,0.9849130773372687,1.1300441822971183
2005-11-28,0.9849130773372687,1.1296592894491084
2005-11-29,0.9849130773372687,1.1303686288949457
2005-11-30,0.9849130773372687,1.1304360467723773
2005-12-01,0.9849130773372687,1.1312235298180204
2005-12-02,0.9849130773372687,1.1313194096927117
2005-12-05,0.9849130773372687,1.1299437053205164
2005-12-06,0.9849130773372687,1.1302310561460998
2005-12-07,0.9849130773372687,1.1296440499593419
2005-12-08,0.9849130773372687,1.130612625505275
2005-12-09,0.9849130773372687,1.1310258887468718
2005-12-12,0.9849130773372687,1.1303431067171352
2005-12-13,0.9849130773372687,1.1311745875846968
2005-12-14,0.9849130773372687,1.1309532004615404
2005-12-15,0.9849130773372687,1.1311848736482182
2005-12-16,0.9849130773372687,1.132318318253708
2005-12-19,0.9849130773372687,1.1321778363269632
2005-12-20,0.9849130773372687,1.1323100885017057
2005-12-21,0.9849130773372687,1.132090953701357
2005-12-22,0.9849130773372687,1.1336962117440834
2005-12-26,0.9849130773372687,1.134849757930106
2005-12-27,0.9849130773372687,1.13488357785247
2005-12-28,0.9849130773372687,1.1347135704616254
2005-12-29,0.9849130773372687,1.1348471956666681
2005-12-30,0.9849130773372687,1.1358207864701673
2006-01-02,0.9849130773372687,1.1358427823105268
2006-01-03,0.9849130773372687,1.1356325559475027
2006-01-04,0.9849130773372687,1.135881999621535
2006-01-05,0.9849130773372687,1.135253877093374
2006-01-06,0.9849130773372687,1.135307072081125
2006-01-09,0.9849130773372687,1.135482170458217
2006-01-10,0.9849130773372687,1.1358772413246976
2006-01-11,0.9849130773372687,1.1371669142437288
2006-01-12,0.9849130773372687,1.1370587841987307
2006-01-13,0.9849130773372687,1.137051780252399
2006-01-16,0.9849130773372687,1.1371277526978392
2006-01-17,0.9849130773372687,1.1379051740684003
2006-01-18,0.9843243985386875,1.1385852956610398
2006-01-19,0.9844858385885754,1.1383985551238691
2006-01-20,0.9844858385885754,1.1386583241503148
2006-01-24,0.9844858385885754,1.138834666988745
2006-01-25,0.9844858385885754,1.1389896269881614
2006-01-26,0.9844858385885754,1.138983913914776
2006-01-27,0.9844858385885754,1.139647749196459
2006-01-30,0.9844858385885754,1.1398556754582094
2006-01-31,0.9844858385885754,1.140075552311764
2006-02-01,0.9844858385885754,1.140812419697015
2006-02-02,0.9840484263758079,1.1413192886282815
2006-02-03,0.9838647416365566,1.1415323299078721
2006-02-06,0.9831541007243292,1.1423568533834398
2006-02-07,0.9833852743674195,1.1420882456490968
2006-02-08,0.9833852743674195,1.1427579981573865
2006-02-09,0.983235670546854,1.1429318475803567
2006-02-10,0.9829946282731877,1.1432120397046246
2006-02-13,0.9833960305697085,1.1427452132083764
2006-02-14,0.9833960305697085,1.1431188280981135
2006-02-15,0.9833960305697085,1.1430954154136839
2006-02-16,0.9833960305697085,1.143802363959476
2006-02-17,0.9833960305697085,1.1441039705117628
2006-02-20,0.9833960305697085,1.1438361652163838
2006-02-22,0.9833960305697085,1.1437744983143459
2006-02-23,0.9833960305697085,1.144524769755161
2006-02-24,0.9833960305697085,1.1438399486063435
2006-02-27,0.9833960305697085,1.1431170310145793
2006-02-28,0.9833960305697085,1.1433663765025315
2006-03-01,0.9833960305697085,1.1441674136724687
2006-03-02,0.9833960305697085,1.1435697135486809
2006-03-03,0.9833960305697085,1.143264677719446
2006-03-06,0.9833960305697085,1.143910377482488
2006-03-07,0.9833960305697085,1.1444081919654592
2006-03-08,0.9833960305697085,1.1444703235297415
2006-03-09,0.9833960305697085,1.1451563509570772
2006-03-10,0.9833960305697085,1.1458592802243466
2006-03-13,0.9833960305697085,1.1463575374370474
2006-03-14,0.9833960305697085,1.146831306185343
2006-03-15,0.9834165188224764,1.14680741289215
2006-03-16,0.9834444265686477,1.14677486838067
2006-03-17,0.9841882904545263,1.1459074635870938
2006-03-20,0.9841882904545263,1.1465292184154432
2006-03-21,0.9841882904545263,1.1461810007335882
2006-03-23,0.9841882904545263,1.1463702675475667
2006-03-24,0.9841882904545263,1.146278797063301
2006-03-27,0.9841882904545263,1.1468284797450239
2006-03-28,0.9841882904545263,1.1465273687168536
2006-03-29,0.9841882904545263,1.146947565701101
2006-03-30,0.9841882904545263,1.1471015928621429
2006-03-31,0.9841882904545263,1.1473364712491199
2006-04-03,0.9841882904545263,1.1463487569714939
2006-04-04,0.9841882904545263,1.1469016014793498
2006-04-05,0.9841882904545263,1.1478293980454797
2006-04-06,0.9841882904545263,1.148454921399337
2006-04-07,0.9841882904545263,1.1487719886952477
2006-04-10,0.9841882904545263,1.1490760782441543
2006-04-11,0.9841882904545263,1.1487561395909371
2006-04-12,0.9841882904545263,1.148232711025482
2006-04-13,0.9841882904545263,1.149064263273727
2006-04-14,0.9841882904545263,1.1497652424419063
2006-04-17,0.9841882904545263,1.1494895039090498
2006-04-18,0.9841882904545263,1.1504390208836293
2006-04-19,0.9841882904545263,1.1501157218066034
2006-04-21,0.9841882904545263,1.1509658369424614
2006-04-24,0.9841882904545263,1.1504946797564815
2006-04-25,0.9841882904545263,1.1496677368787178
2006-04-26,0.9841882904545263,1.1504687813062742
2006-04-27,0.9841882904545263,1.1508435263409027
2006-04-28,0.9841882904545263,1.151537736537606
2006-05-01,0.9841882904545263,1.1517305072501223
2006-05-02,0.9841882904545263,1.151447435874173
2006-05-03,0.9841882904545263,1.150615691543794
2006-05-04,0.9841882904545263,1.1512182843871521
2006-05-05,0.9841882904545263,1.151796970439409
2006-05-08,0.9841882904545263,1.1527744068729424
2006-05-09,0.9841882904545263,1.1538282987725148
2006-05-10,0.9841882904545263,1.1541950900608957
2006-05-11,0.9841882904545263,1.1536544956610038
2006-05-12,0.9841882904545263,1.1546578436648443
2006-05-15,0.9841882904545263,1.1546314548332097
2006-05-16,0.9841882904545263,1.1549010782296876
2006-05-17,0.9841882904545263,1.1545073339610286
2006-05-18,0.9841882904545263,1.1534366312702724
2006-05-22,0.9841882904545263,1.1545811579148186
2006-05-23,0.9841882904545263,1.1542564758831535
2006-05-24,0.9841882904545263,1.1542322635863465
2006-05-25,0.9841882904545263,1.1535707531327064
2006-05-26,0.9841882904545263,1.15382751456168
2006-05-29,0.9841882904545263,1.15425486822824
2006-05-30,0.9841882904545263,1.1546280071210484
2006-05-31,0.9841882904545263,1.1546877196927134
2006-06-01,0.9841882904545263,1.1548571965607874
2006-06-02,0.9841882904545263,1.1549863383884436
2006-06-05,0.9841882904545263,1.1549548948289046
2006-06-06,0.9841882904545263,1.1548598077997192
2006-06-07,0.9841882904545263,1.154723544085124
2006-06-08,0.9841882904545263,1.1546676339999375
2006-06-09,0.9841882904545263,1.155341640122542
2006-06-12,0.9841882904545263,1.155869049945975
2006-06-13,0.9841882904545263,1.1561111692311579
2006-06-14,0.9841882904545263,1.1568116837109872
2006-06-15,0.9841882904545263,1.1568161097587426
2006-06-16,0.9841882904545263,1.1576906700717944
2006-06-20,0.9841028556883674,1.1578374119777597
2006-06-21,0.9841028556883674,1.1584552445290752
2006-06-22,0.9841028556883674,1.1589923953482113
2006-06-23,0.9834872915448878,1.1597173542862105
2006-06-26,0.9835588420442918,1.159632982727391
2006-06-27,0.9835445950350036,1.1596497801991534
2006-06-28,0.984081501562277,1.1590167397254594
2006-06-29,0.984081501562277,1.1597544276536509
2006-06-30,0.984081501562277,1.1598910543748833
2006-07-03,0.984081501562277,1.1604234170929777
2006-07-04,0.984081501562277,1.1601684311972376
2006-07-05,0.984081501562277,1.1607956364223986
2006-07-06,0.984081501562277,1.1610389236978333
2006-07-07,0.984081501562277,1.1612541345620524
2006-07-10,0.984081501562277,1.1610986948876725
2006-07-11,0.984081501562277,1.1618331259331385
2006-07-12,0.9835150892843338,1.1625018475241904
2006-07-13,0.9834950217553179,1.1625255670784815
2006-07-14,0.9834950217553179,1.1635973742253158
2006-07-17,0.9831109073582718,1.164051829503602
2006-07-19,0.9834058357334047,1.1646648867590543
2006-07-20,0.9822879495690587,1.1659888190723464
2006-07-21,0.9817517490388502,1.1666252962105197
2006-07-24,0.9817100936444738,1.1666747957269206
2006-07-25,0.9818963230331925,1.1664534787256509
2006-07-26,0.9818963230331925,1.1666412079210275
2006-07-27,0.9818963230331925,1.1670671168152198
2006-07-28,0.9829205665477583,1.1658497164671173
2006-07-31,0.9829205665477583,1.1667048598679561
2006-08-01,0.9829205665477583,1.1679609128731314
2006-08-02,0.9829845654377781,1.1678848658307208
2006-08-03,0.9825333614047885,1.1684209417570968
2006-08-04,0.9817989800766596,1.1692942622536082
2006-08-07,0.9822591554687137,1.1687462066368492
2006-08-08,0.9822044603079981,1.1688112859606223
2006-08-09,0.9820122162210675,1.169040054071076
2006-08-10,0.9816096026592209,1.1695193468663552
2006-08-11,0.9818288062258546,1.169258181112286
2006-08-14,0.9819525711967724,1.1691107896282888
2006-08-15,0.9819525711967724,1.1694665884104642
2006-08-17,0.9819525711967724,1.1695754222738806
2006-08-18,0.9819525711967724,1.1708133152405458
2006-08-21,0.9819525711967724,1.1710893263163231
2006-08-22,0.9819525711967724,1.1709839257212962
2006-08-23,0.9818697076916433,1.171082740913986
2006-08-24,0.9818697076916433,1.1714007407195426
2006-08-25,0.9818697076916433,1.1711783619604657
2006-08-28,0.9818697076916433,1.1717736491303605
2006-08-29,0.98230563228966,1.1712534121244094
2006-08-30,0.98230563228966,1.1715455235190242
2006-08-31,0.98230563228966,1.17093692165474
2006-09-01,0.98230563228966,1.1708653093518588
2006-09-04,0.98230563228966,1.1706881463227767
2006-09-05,0.98230563228966,1.170190052421208
2006-09-06,0.98230563228966,1.170590193870486
2006-09-07,0.98230563228966,1.1706434131501011
2006-09-08,0.98230563228966,1.1705924768799632
2006-09-11,0.98230563228966,1.1708165690154886
2006-09-12,0.98230563228966,1.1706218139589997
2006-09-13,0.98230563228966,1.1708657966634202
2006-09-15,0.98230563228966,1.1709759631110268
2006-09-18,0.98230563228966,1.17009744063841
2006-09-19,0.98230563228966,1.1704803812371716
2006-09-20,0.98230563228966,1.1714854204483092
2006-09-21,0.98230563228966,1.1719616753378306
2006-09-22,0.98230563228966,1.1727568710164296
2006-09-25,0.98230563228966,1.1725327902416294
2006-09-26,0.98230563228966,1.1732895606639289
2006-09-27,0.98230563228966,1.1735320068457904
2006-09-28,0.98230563228966,1.1744266468239233
2006-09-29,0.9820094174012675,1.1747807959264822
2006-10-02,0.980865413436185,1.1761493712831208
2006-10-03,0.9802151882987753,1.1769290520385853
2006-10-04,0.9802986002279336,1.1768289006392958
2006-10-05,0.9804707999357479,1.1766221783275526
2006-10-06,0.9803759159289954,1.1767360446729052
2006-10-09,0.9803759159289954,1.1772069446949553
2006-10-10,0.9802251983867319,1.1773879219451684
2006-10-11,0.9803532257266517,1.1772341431564284
2006-10-12,0.9799284091126708,1.177744274208619
2006-10-16,0.9799284091126708,1.1766240034563331
2006-10-17,0.9799284091126708,1.1767458803504383
2006-10-18,0.9799284091126708,1.1770221172598272
2006-10-19,0.9799284091126708,1.1769303796831816
2006-10-20,0.9799284091126708,1.1783830263094883
2006-10-23,0.9799284091126708,1.178559682583961
2006-10-24,0.9799284091126708,1.178962725520859
2006-10-25,0.9793961250930703,1.1796031223219556
2006-10-26,0.9792701751182434,1.179754818841633
2006-10-27,0.9799259881417213,1.178964742114734
2006-10-30,0.9799259881417213,1.1785800627803604
2006-10-31,0.9799259881417213,1.1784162853155458
2006-11-01,0.9799259881417213,1.1779616608974544
2006-11-02,0.9799259881417213,1.1773526930909595
2006-11-03,0.9799259881417213,1.1772763082164812
2006-11-06,0.9799259881417213,1.1780665317077683
2006-11-07,0.9799259881417213,1.1785560668407251
2006-11-08,0.9799259881417213,1.1783163252912583
2006-11-09,0.9799259881417213,1.178492792773395
2006-11-10,0.9799259881417213,1.1784026324424803
2006-11-14,0.9799259881417213,1.1782617238793653
2006-11-15,0.9799259881417213,1.178461630866929
2006-11-16,0.9799259881417213,1.178201737686786
2006-11-17,0.9799259881417213,1.1784972392829443
2006-11-20,0.9799259881417213,1.1774797164858573
2006-11-21,0.9799259881417213,1.1784436077721294
2006-11-22,0.9799259881417213,1.1781669452808816
2006-11-23,0.9799259881417213,1.1786864907383554
2006-11-24,0.9799259881417213,1.1793869320865964
2006-11-27,0.9799259881417213,1.1800932420717924
2006-11-28,0.9799259881417213,1.1804097140577385
2006-11-29,0.9799259881417213,1.1802060603845117
2006-11-30,0.9799259881417213,1.1802656413171246
2006-12-01,0.9799259881417213,1.1805573515805596
2006-12-04,0.9799259881417213,1.1808531813758165
2006-12-05,0.9799259881417213,1.180069493593582
2006-12-06,0.9799259881417213,1.179412957814451
2006-12-07,0.9799259881417213,1.1801224810055362
2006-12-08,0.9799259881417213,1.180429232809439
2006-12-11,0.9799259881417213,1.1808628540013724
2006-12-13,0.9799259881417213,1.1821079067622078
2006-12-14,0.9795838869389472,1.182520591538003
2006-12-15,0.9788603817310954,1.1833939825949376
2006-12-18,0.9787480822327362,1.183529747156551
2006-12-19,0.9790995742890527,1.1831047130623937
2006-12-20,0.9788291574395178,1.1834314739532956
2006-12-21,0.9793746689017973,1.1827719355354247
2006-12-22,0.9793746689017973,1.1836044165826662
2006-12-25,0.9786222479420618,1.1845137404597796
2006-12-26,0.9786529628755968,1.1844765634378123
2006-12-27,0.9789056110271416,1.1841707800542711
2006-12-28,0.9789056110271416,1.1834092727406396
2006-12-29,0.9789056110271416,1.184071321274607
2007-01-01,0.9789056110271416,1.1836230517213193
2007-01-02,0.9789056110271416,1.1836823145859197
2007-01-03,0.9789056110271416,1.1838266066610161
2007-01-04,0.9789056110271416,1.1835899246007815
2007-01-05,0.9789056110271416,1.183832355447067
2007-01-08,0.9789056110271416,1.1849801197473966
2007-01-09,0.9793897183508071,1.1843941004745417
2007-01-11,0.9793897183508071,1.1844472347268138
2007-01-12,0.9793897183508071,1.1841878626880475
2007-01-15,0.9793897183508071,1.1840559556567867
2007-01-16,0.9793897183508071,1.1840382629625228
2007-01-17,0.9793897183508071,1.1852435202779328
2007-01-18,0.9793897183508071,1.186355323468716
2007-01-19,0.9793897183508071,1.1870955902266336
2007-01-22,0.9793897183508071,1.186481630262527
2007-01-23,0.9793897183508071,1.1869441933047467
2007-01-24,0.9793897183508071,1.1872991238365496
2007-01-25,0.9793897183508071,1.187605917908011
2007-01-26,0.9793897183508071,1.1894834855895453
2007-01-29,0.9799149541769341,1.1888455788099335
2007-01-30,0.9799149541769341,1.1903590396672261
2007-01-31,0.9793241258230182,1.1910767528411883
2007-02-01,0.9789528217422908,1.1915283414900617
2007-02-02,0.9782778426889917,1.1923498894278741
2007-02-05,0.9791110214175623,1.1913343900252154
2007-02-06,0.9789019255897458,1.1915888075989527
2007-02-07,0.9790417546290882,1.1914185977812966
2007-02-09,0.9788151622766443,1.191747567349614
2007-02-12,0.9788151622766443,1.1915558537099709
2007-02-13,0.9788151622766443,1.1923264356614276
2007-02-14,0.9789891551093598,1.1921144893593498
2007-02-15,0.9789891551093598,1.192224679082653
2007-02-16,0.9789891551093598,1.1929551033905257
2007-02-19,0.9785276845241794,1.193517432081076
2007-02-20,0.9788305541242718,1.1931480197966053
2007-02-21,0.9788305541242718,1.1927750191276858
2007-02-22,0.9788305541242718,1.1933661738267767
2007-02-23,0.9788305541242718,1.1941072914626247
2007-02-26,0.9788305541242718,1.194349997819695
2007-02-27,0.9788305541242718,1.1936489213442532
2007-02-28,0.9788305541242718,1.1936289763071843
2007-03-01,0.9788305541242718,1.1933757831629292
2007-03-02,0.9788305541242718,1.193156507638482
2007-03-05,0.9788305541242718,1.1933233511896022
2007-03-06,0.9788305541242718,1.193578564282819
2007-03-07,0.9788305541242718,1.1939157875909738
2007-03-08,0.9788305541242718,1.194196093781252
2007-03-12,0.9788305541242718,1.194723398751719
2007-03-13,0.9788305541242718,1.195253191596381
2007-03-14,0.9788305541242718,1.1951609355159247
2007-03-15,0.9788305541242718,1.195400578360497
2007-03-16,0.9788305541242718,1.1959947678957996
2007-03-19,0.9788305541242718,1.1972943753237555
2007-03-20,0.979168059862916,1.196881542151747
2007-03-21,0.979168059862916,1.196990888030829
2007-03-22,0.979168059862916,1.1963054235845483
2007-03-23,0.979168059862916,1.197971468144261
2007-03-26,0.9800205487719229,1.196928483357724
2007-03-27,0.9800205487719229,1.1970726855756897
2007-03-28,0.9800205487719229,1.1968499838876252
2007-03-29,0.9800205487719229,1.1979402887468853
2007-03-30,0.9800205487719229,1.1982753174704524
2007-04-02,0.9800205487719229,1.1989632050953491
2007-04-03,0.9800205487719229,1.1994239429824392
2007-04-04,0.9800205487719229,1.1984642165767632
2007-04-05,0.9800205487719229,1.1989703149173234
2007-04-06,0.9800205487719229,1.1986755976419714
2007-04-10,0.9800205487719229,1.198535449295492
2007-04-11,0.9800205487719229,1.198633987259855
2007-04-12,0.9800205487719229,1.1986662855891026
2007-04-13,0.9800205487719229,1.198008520208931
2007-04-16,0.9800205487719229,1.198464177957497
2007-04-17,0.9800205487719229,1.1990626129013888
2007-04-18,0.9800205487719229,1.1993244925212634
2007-04-19,0.9800205487719229,1.1993273180749495
2007-04-20,0.9800205487719229,1.199125563737821
2007-04-23,0.9800205487719229,1.1996873496391647
2007-04-24,0.9800205487719229,1.200175310390656
2007-04-25,0.9800205487719229,1.19939254564163
2007-04-26,0.9800205487719229,1.2006468136486264
2007-04-27,0.9800205487719229,1.2014863574281043
2007-04-30,0.9800205487719229,1.2024322164297239
2007-05-01,0.9800205487719229,1.2028491488387922
2007-05-02,0.9800205487719229,1.2028925235346268
2007-05-03,0.9800205487719229,1.2031912943185974
2007-05-04,0.9800205487719229,1.2035884742861485
2007-05-07,0.9800205487719229,1.2032869283606775
2007-05-09,0.9800205487719229,1.2042742120152978
2007-05-10,0.9800205487719229,1.2042386421516889
2007-05-11,0.9800205487719229,1.2041693962534656
2007-05-14,0.9800205487719229,1.2054889456497393
2007-05-15,0.9800205487719229,1.2053277190570018
2007-05-16,0.9800205487719229,1.2053479457322318
2007-05-17,0.9800205487719229,1.2059313731925678
2007-05-18,0.9800205487719229,1.2053057318010276
2007-05-21,0.9800205487719229,1.2055440946505225
2007-05-22,0.9800205487719229,1.2057240241662486
2007-05-23,0.9800205487719229,1.2064471739038363
2007-05-24,0.9800205487719229,1.2067496578588885
2007-05-25,0.9792589560948326,1.2076874460549198
2007-05-28,0.9783764302181167,1.2087758358168872
2007-05-29,0.9787585047643332,1.2083037859343648
2007-05-30,0.9780824687155111,1.2091383706794718
2007-05-31,0.9774722938035109,1.2098926893821618
2007-06-01,0.9764628799304689,1.2111421186225573
2007-06-04,0.9759287997844827,1.2118045574851284
2007-06-05,0.9754358707595128,1.212416624307121
2007-06-07,0.9758814931915815,1.2113448642765485
2007-06-08,0.9758814931915815,1.211798446685374
2007-06-11,0.9758814931915815,1.2109468408226869
2007-06-12,0.9758814931915815,1.2112753528540823
2007-06-13,0.9758814931915815,1.2112805868930863
2007-06-14,0.9758814931915815,1.2130581691780378
2007-06-15,0.9758814931915815,1.2121371955223494
2007-06-18,0.9758814931915815,1.2130138134654807
2007-06-19,0.9758814931915815,1.2141422978598775
2007-06-20,0.9758814931915815,1.213432900878063
2007-06-21,0.9758814931915815,1.2121556501181894
2007-06-22,0.9758814931915815,1.2118499226750885
2007-06-25,0.9758814931915815,1.211681172929217
2007-06-26,0.9758814931915815,1.211791438620921
2007-06-27,0.9758814931915815,1.2115851665878377
2007-06-28,0.9758814931915815,1.2115045636563189
2007-06-29,0.9758814931915815,1.2120588831604546
2007-07-02,0.9758814931915815,1.2121535461180666
2007-07-03,0.9758814931915815,1.2125920762269833
2007-07-04,0.9758814931915815,1.2134879808373762
2007-07-06,0.9758814931915815,1.2150684344493257
2007-07-09,0.9755996261581754,1.2154193866268113
2007-07-10,0.975224789682267,1.215886364583156
2007-07-11,0.9747372314952606,1.216494240180448
2007-07-12,0.9744179073127193,1.2168927640248854
2007-07-13,0.9747696596670293,1.216453481360357
2007-07-16,0.9747696596670293,1.2161855529986332
2007-07-17,0.9747696596670293,1.2173613311700549
2007-07-18,0.9747696596670293,1.217846293175282
2007-07-19,0.9750064959717147,1.2175503974086361
2007-07-20,0.9750064959717147,1.2181294514480778
2007-07-23,0.9749198874269914,1.2182376562851844
2007-07-24,0.9750680086471494,1.2180525673866827
2007-07-25,0.9750680086471494,1.218574582117008
2007-07-26,0.9749865795019554,1.2186763467997757
2007-07-27,0.9742430806996367,1.219605676929348
2007-07-30,0.9739871899483682,1.2199260136287853
2007-07-31,0.9746289243274452,1.219122236668518
2007-08-01,0.974066482495984,1.2198257714461669
2007-08-02,0.9744438530705893,1.2193531893785554
2007-08-06,0.9744438530705893,1.219128779048244
2007-08-07,0.9744438530705893,1.2190099454666632
2007-08-08,0.9744438530705893,1.2186485650097851
2007-08-09,0.9744438530705893,1.2186125075123018
2007-08-10,0.9744438530705893,1.2191095575196247
2007-08-13,0.9744438530705893,1.2190973898125645
2007-08-14,0.9744438530705893,1.2189104273540943
2007-08-15,0.9744438530705893,1.2188399415621736
2007-08-16,0.9744438530705893,1.2189309845765681
2007-08-17,0.9744438530705893,1.2196572263491179
2007-08-20,0.9744438530705893,1.219965542083058
2007-08-21,0.9744438530705893,1.2206852524063592
2007-08-22,0.9746626164557711,1.2204112076399867
2007-08-23,0.9746626164557711,1.2213207219239077
2007-08-24,0.9746626164557711,1.2219014414100393
2007-08-27,0.9746626164557711,1.2222316777153033
2007-08-28,0.9746626164557711,1.2221049579434202
2007-08-29,0.9746626164557711,1.2226960486707623
2007-08-30,0.9746626164557711,1.2220349339065206
2007-08-31,0.9746626164557711,1.2228542639512598
2007-09-04,0.9746626164557711,1.2233321358908529
2007-09-05,0.9746626164557711,1.2225786118120734
2007-09-06,0.9746626164557711,1.2232783488563288
2007-09-07,0.9746626164557711,1.2236440194649882
2007-09-10,0.9746626164557711,1.2233385740001281
2007-09-11,0.9746626164557711,1.223524620588217
2007-09-12,0.9746626164557711,1.2234609324208645
2007-09-13,0.9746626164557711,1.224057099759675
2007-09-14,0.9746626164557711,1.2242977121462628
2007-09-17,0.9746626164557711,1.2249353722037104
2007-09-18,0.9746626164557711,1.2244925200136942
2007-09-19,0.9746626164557711,1.2236774844122236
2007-09-20,0.9746626164557711,1.2247309956851182
2007-09-21,0.9746626164557711,1.2257831152698917
2007-09-24,0.9746626164557711,1.2261957357586895
2007-09-25,0.9746626164557711,1.2252749156822051
2007-09-26,0.9746626164557711,1.225696523854506
2007-09-27,0.9746626164557711,1.2250401461349432
2007-09-28,0.9746626164557711,1.2248456097935714
2007-10-01,0.9746626164557711,1.2251018728025016
2007-10-03,0.9746626164557711,1.2249282782921724
2007-10-04,0.9746626164557711,1.2261187765405117
2007-10-05,0.9746626164557711,1.2267745964957752
2007-10-08,0.9746626164557711,1.227291040549116
2007-10-09,0.9746626164557711,1.2284205934891865
2007-10-10,0.9746626164557711,1.2294044051098303
2007-10-11,0.9746626164557711,1.230443713138889
2007-10-12,0.9746626164557711,1.2304999652228186
2007-10-15,0.9746626164557711,1.231445591590075
2007-10-16,0.9746626164557711,1.231245928224055
2007-10-17,0.9746626164557711,1.2324941204458673
2007-10-18,0.9751954501074889,1.231820334120394
2007-10-19,0.9751954501074889,1.2315359136242146
2007-10-22,0.9751954501074889,1.2326181066342274
2007-10-23,0.9755585567120587,1.232159150662497
2007-10-24,0.9755585567120587,1.2319472521402726
2007-10-25,0.9755585567120587,1.232236272125912
2007-10-26,0.9755585567120587,1.231826025953505
2007-10-29,0.9755585567120587,1.231450654353542
2007-10-30,0.9755585567120587,1.2323221457007252
2007-11-01,0.9755585567120587,1.231743474825452
2007-11-02,0.9755585567120587,1.231735319132626
2007-11-05,0.9755585567120587,1.2316994069006921
2007-11-06,0.9755585567120587,1.2320591199896354
2007-11-07,0.9755585567120587,1.2320497350790665
2007-11-08,0.9755585567120587,1.2329570813621464
2007-11-09,0.9755585567120587,1.2332810447371232
2007-11-12,0.9755585567120587,1.2336469811000412
2007-11-13,0.9755585567120587,1.234135721502722
2007-11-14,0.9755585567120587,1.233466457583722
2007-11-15,0.9755585567120587,1.232703813122793
2007-11-16,0.9755585567120587,1.2325484416447243
2007-11-19,0.9755585567120587,1.233240467728777
2007-11-20,0.9755585567120587,1.233191819692763
2007-11-21,0.9755585567120587,1.232533825503676
2007-11-22,0.9755585567120587,1.2323868356218999
2007-11-23,0.9755585567120587,1.231163346560834
2007-11-26,0.9755585567120587,1.231388171860619
2007-11-27,0.9755585567120587,1.231055236958366
2007-11-28,0.9755585567120587,1.2312335998759143
2007-11-30,0.9755585567120587,1.2312684691046618
2007-12-03,0.9755585567120587,1.2306696272794333
2007-12-04,0.9755585567120587,1.229936566982905
2007-12-05,0.9755585567120587,1.2302725657048184
2007-12-06,0.9755585567120587,1.2309659199453469
2007-12-07,0.9755585567120587,1.2316110408040692
2007-12-10,0.9755585567120587,1.2303868539309248
2007-12-11,0.9755585567120587,1.2304573303763262
2007-12-12,0.9755585567120587,1.231603272757639
2007-12-13,0.9755585567120587,1.2313472298685357
2007-12-14,0.9755585567120587,1.229525501131156
2007-12-17,0.9755585567120587,1.2297213941473908
2007-12-18,0.9755585567120587,1.2289529001095076
2007-12-19,0.9755585567120587,1.2283265298918857
2007-12-20,0.9753759310112508,1.2280965857313848
2007-12-21,0.9749647184407795,1.2275788276672894
2007-12-24,0.9748382862975796,1.2274196368584396
2007-12-25,0.9746900819266758,1.227233032620924
2007-12-26,0.9744602799596487,1.2269436887873029
2007-12-27,0.9745408246742217,1.2270451026994376
2007-12-31,0.9747175471046372,1.2267214340632053
2008-01-01,0.9749173781214875,1.2269729294756857
2008-01-02,0.9746247954125192,1.226604702309371
2008-01-03,0.9745488943222408,1.2265091777191037
2008-01-04,0.9746034687784544,1.2265778618783132
2008-01-07,0.9743002553903901,1.2261962555726318
2008-01-08,0.9734796559760192,1.225163498038535
2008-01-09,0.9732986222258185,1.2249356597459757
2008-01-10,0.9730924196578635,1.2246761454788728
2008-01-11,0.9724706786984886,1.223893659348849
2008-01-14,0.9717195927755431,1.2229483873536569
2008-01-15,0.9711834043541876,1.2222735725510228
2008-01-16,0.9709830960476298,1.222021476450152
2008-01-17,0.9716504203533622,1.2228613310641836
2008-01-18,0.9721770145462271,1.2235240711424342
2008-01-21,0.9721258102185892,1.2234596284262682
2008-01-22,0.9720420756796361,1.2233542451241923
2008-01-23,0.9719716523051322,1.2232656144606533
2008-01-24,0.9713468793942956,1.2224793124971545
2008-01-25,0.9711289399944313,1.2222050269526552
2008-01-29,0.9705231714738912,1.2212086527594663
2008-01-30,0.9706020759423933,1.2213079381990193
2008-01-31,0.9712434426287974,1.22211496946839
2008-02-01,0.9712830248111741,1.2221647757018055
2008-02-04,0.9714431119400848,1.2223662132282525
2008-02-05,0.9715472174562401,1.2224972091290878
2008-02-06,0.9715472174562401,1.221948468306569
2008-02-07,0.9707546765984219,1.2209516623151762
2008-02-08,0.9698653783400722,1.2198331612015574
2008-02-11,0.9697574946222388,1.219697472126036
2008-02-12,0.9689139843063931,1.2186365600880733
2008-02-13,0.9683906644764257,1.2179783626755611
2008-02-14,0.9680278797866521,1.2175220758497343
2008-02-15,0.9677163374533161,1.2171302383042268
2008-02-18,0.9675805059500695,1.216959398334375
2008-02-19,0.9673599855007458,1.2166820421540063
2008-02-20,0.9669048758099227,1.216109634987766
2008-02-21,0.9665606950683826,1.215676746989747
2008-02-22,0.9663701549705217,1.2154370981321838
2008-02-25,0.9659399892791645,1.2148960638950128
2008-02-27,0.9657976168722596,1.2137140391712433
2008-02-28,0.9662750753230179,1.214314059314887
2008-02-29,0.9673520327127129,1.2156674674002113
2008-03-03,0.9673520327127129,1.21454037218681
2008-03-04,0.9679451969785481,1.2152851082537568
2008-03-05,0.967651059161039,1.2149158091338181
2008-03-06,0.9683932041929143,1.2158475951566403
2008-03-07,0.9683932041929143,1.2160564812569512
2008-03-10,0.9683932041929143,1.2150360408344587
2008-03-11,0.9683932041929143,1.2141689528094881
2008-03-12,0.9682658609566216,1.214009290181552
2008-03-13,0.9687955185223716,1.2146733734993302
2008-03-14,0.9687955185223716,1.2148049789055932
2008-03-17,0.9687955185223716,1.2144246512273558
2008-03-18,0.9689686530391916,1.214641682397695
2008-03-19,0.9689686530391916,1.214274222987733
2008-03-20,0.968866525187238,1.2141462402942917
2008-03-21,0.9682604974503068,1.2133867896587496
2008-03-24,0.967757312472682,1.2127562176110285
2008-03-25,0.9680994582963257,1.213184981588945
2008-03-27,0.9676502636887563,1.2118587222900454
2008-03-28,0.9676650795091932,1.2118772772183064
2008-03-31,0.9675873996742235,1.211779993117752
2008-04-01,0.9675475396744337,1.2117300735442982
2008-04-02,0.9674496588238911,1.211607490244395
2008-04-03,0.9672229513183486,1.2113235679655407
2008-04-04,0.9662187744378714,1.2100659643074905
2008-04-07,0.9669745697781721,1.2110125017185567
2008-04-08,0.9670329355190388,1.2110855973759511
2008-04-09,0.9659311571182377,1.209705760243523
2008-04-10,0.9656555463488441,1.2093605928546634
2008-04-11,0.9657212966358538,1.2094429367156594
2008-04-14,0.9649421179627479,1.2084671146581876
2008-04-15,0.9645268603046965,1.2079470573257078
2008-04-16,0.9636610912685537,1.2068627918660584
2008-04-17,0.9634633351084978,1.206615127460391
2008-04-18,0.9635959602353474,1.2067812235415876
2008-04-21,0.9624496597855993,1.2053456282128614
2008-04-22,0.9626489361258079,1.205595196450571
2008-04-23,0.9619878580078791,1.204767280298021
2008-04-25,0.9614550587737257,1.2040777532687064
2008-04-28,0.9606620001802327,1.2030845667429821
2008-04-29,0.9606621012746195,1.203084693348486
2008-04-30,0.9611477265129454,1.2036928658684163
2008-05-01,0.9611153943244911,1.2036523746686694
2008-05-02,0.9613162707864535,1.203903942203519
2008-05-05,0.9608038638742016,1.203262229667885
2008-05-06,0.9609820637234995,1.2034853981584113
2008-05-07,0.9611930329688783,1.2037496053854329
2008-05-08,0.960971679968322,1.2034723940679022
2008-05-09,0.961377239421763,1.2039802962429023
2008-05-12,0.9616714689717023,1.2043487744699428
2008-05-13,0.9609732089559402,1.203474308894767
2008-05-14,0.9614306408784697,1.2040471735300162
2008-05-15,0.961508348666406,1.2041444908386683
2008-05-16,0.9611712411902145,1.2037223144625198
2008-05-19,0.9601116157379913,1.2023952930670043
2008-05-20,0.9597490417117531,1.2019412236698728
2008-05-21,0.95939297878212,1.2014953084412592
2008-05-22,0.9598941289571995,1.2021229236078272
2008-05-26,0.9589545271431138,1.2013726166039076
2008-05-27,0.9591534204895967,1.2016217890237941
2008-05-28,0.9593367137614408,1.2018514177615167
2008-05-29,0.9585887731826552,1.2009144021838576
2008-05-30,0.9578753679984781,1.2000206523463475
2008-06-02,0.9573907886859256,1.1994135742209566
2008-06-03,0.9564054011015068,1.1981790864249722
2008-06-04,0.9563870714761274,1.198156123177623
2008-06-05,0.9560962925992817,1.1977918371033187
2008-06-06,0.9558966460002875,1.1975417210130965
2008-06-09,0.9557312917476715,1.1973345661736239
2008-06-10,0.955273761149757,1.196761374519552
2008-06-11,0.9551399078351409,1.1965936838707572
2008-06-12,0.9552964733020284,1.1967898281709304
2008-06-13,0.9551346486487482,1.1965870951928388
2008-06-16,0.9551152693883469,1.19656281696888
2008-06-17,0.9555635314629638,1.197124397071235
2008-06-18,0.9559587311004255,1.1976195008630204
2008-06-19,0.95687049566254,1.1987617541677495
2008-06-20,0.9559322903975972,1.1975863761053362
2008-06-24,0.9559439757531262,1.1978963200244974
2008-06-25,0.9558056784494241,1.1977230192502093
2008-06-26,0.9553648961200675,1.1971706735650427
2008-06-27,0.954833132631591,1.1965043191110931
2008-06-30,0.9543847342348908,1.1959424297086427
2008-07-01,0.9547537495166547,1.1964048438869523
2008-07-02,0.9545800351724719,1.1961871619109055
2008-07-03,0.9539421064778741,1.1953877715124308
2008-07-04,0.9538567403552265,1.195280798963026
2008-07-07,0.9530916479435589,1.1943220593217274
2008-07-08,0.9528284047620027,1.19399218848572
2008-07-09,0.9523944893487983,1.1934484477541882
2008-07-10,0.9522391921967375,1.1932538444179233
2008-07-11,0.9517710342859674,1.192667194307952
2008-07-14,0.9517941639108504,1.192696178111641
2008-07-15,0.9519410848236619,1.1928802851568818
2008-07-16,0.9516497148021079,1.19251516849164
2008-07-17,0.9517971215348888,1.1926998843193704
2008-07-18,0.9522057623876751,1.1932119534219332
2008-07-21,0.9517948431916647,1.1926970293205073
2008-07-23,0.9515619015456719,1.1914538837407251
2008-07-24,0.9515268928787499,1.1914100492701551
2008-07-25,0.9506350588312868,1.1902933808350527
2008-07-28,0.9503426223667145,1.1899272201460884
2008-07-29,0.9494276417987787,1.1887815698742106
2008-07-30,0.949326139619364,1.1886544786511641
2008-07-31,0.9500431280441396,1.1895522222891854
2008-08-01,0.949443167188454,1.1888010092672707
2008-08-04,0.9493676220964221,1.1887064190013585
2008-08-05,0.9489768118476059,1.1882170841635498
2008-08-06,0.948533485812842,1.1876619941320712
2008-08-07,0.9486755087806343,1.1878398215716541
2008-08-08,0.9491414423044772,1.188423218516872
2008-08-11,0.9489820646671318,1.1882236612366905
2008-08-12,0.9491454410558056,1.1884282253669702
2008-08-13,0.9491454410558056,1.1885365580861085
2008-08-14,0.9491454410558056,1.1877168809539351
2008-08-15,0.9484354265135224,1.1868284014637378
2008-08-18,0.9480605176063651,1.1863592577281312
2008-08-19,0.9483397653938497,1.1867086955453698
2008-08-21,0.9476502008183808,1.185573137877751
2008-08-22,0.9477759219542224,1.1857304233417214
2008-08-25,0.9476956687731721,1.1856300212992796
2008-08-26,0.9474161190715097,1.1852802861156575
2008-08-27,0.9475023214956163,1.1853881310550165
2008-08-28,0.9470690697245652,1.1848461044071537
2008-08-29,0.9469705700862912,1.184722874838767
2008-09-01,0.9467483602551805,1.1844448756292385
2008-09-02,0.9470745465952595,1.184852956334974
2008-09-03,0.9473018871336116,1.1851373743989264
2008-09-04,0.946528011644827,1.1841692049300943
2008-09-05,0.9466840208024313,1.1843643827144275
2008-09-08,0.9457411028527996,1.1831847299360703
2008-09-09,0.9459125141008359,1.1833991767551881
2008-09-10,0.9457494968044959,1.1831952313253415
2008-09-11,0.9451329314817996,1.1824238672885858
2008-09-12,0.9458901294962097,1.183371172132888
2008-09-15,0.9465766293192553,1.1842300288594079
2008-09-16,0.9470313350642993,1.1847988958490387
2008-09-17,0.9466430593002494,1.184313137163451
2008-09-19,0.9453688894558573,1.1824755157758156
2008-09-22,0.9455624324924411,1.1827176010660783
2008-09-23,0.9451199064451059,1.182164085690331
2008-09-24,0.9442143389422938,1.1810313940903632
2008-09-25,0.9434968269227728,1.1801339239019304
2008-09-26,0.9425484531385898,1.1789476898380555
2008-09-29,0.9422684198728284,1.1785974218272728
2008-09-30,0.9418054800697008,1.1780183727506826
2008-10-01,0.9420312088659061,1.178300716265151
2008-10-02,0.9413580500104645,1.1774587233947853
2008-10-03,0.9418534917201546,1.1780784261348871
2008-10-06,0.9422644547839332,1.178592462260072
2008-10-07,0.9419587531229429,1.1782100880003679
2008-10-08,0.9419498934401348,1.1781990062331182
2008-10-09,0.9417117734142189,1.1779011636622425
2008-10-10,0.9414120578807023,1.1775262769021282
2008-10-13,0.9408484897935853,1.176821361104791
2008-10-14,0.9404042960944926,1.1762657598159214
2008-10-15,0.9397926526922175,1.1755007110020215
2008-10-16,0.9402698657980568,1.1760976132480718
2008-10-20,0.9406236437580686,1.1770460034044532
2008-10-21,0.9407940827203303,1.1772592815850367
2008-10-22,0.9407940827203303,1.1769172017150067
2008-10-23,0.9407940827203303,1.1769785656498886
2008-10-24,0.9396729040921803,1.1755759173575209
2008-10-27,0.9391298044971078,1.1748964736895025
2008-10-28,0.939414644792283,1.1752528225741439
2008-10-29,0.9384041172142751,1.1739886040579366
2008-10-30,0.9381180599548725,1.1736307326926194
2008-10-31,0.9378629417040591,1.1733115675124504
2008-11-03,0.9379129051009404,1.1733740741207255
2008-11-04,0.9380542532859679,1.1735509074864179
2008-11-05,0.937877004765536,1.1733291610775352
2008-11-06,0.9373225738858041,1.172635541428385
2008-11-07,0.9364565178473813,1.171552063744376
2008-11-10,0.9355814115830785,1.1704572637932835
2008-11-11,0.9358337447731477,1.170772944728749
2008-11-12,0.9362649183808744,1.1713123636129545
2008-11-13,0.9360660181501428,1.1710635298749732
2008-11-14,0.9369036993558891,1.172111509281009
2008-11-18,0.9367606020947117,1.1715570967698887
2008-11-19,0.9369927611285642,1.171847445833546
2008-11-20,0.937413836871829,1.1723740630655222
2008-11-21,0.936884894645186,1.171712542909765
2008-11-24,0.936656000830077,1.1714262774830402
2008-11-25,0.9368943853994015,1.171724412495687
2008-11-26,0.9379331157033037,1.1730234977224197
2008-11-27,0.9379331157033037,1.1724582462461726
2008-11-28,0.9366118433901811,1.1708065968981316
2008-12-01,0.9358642660428255,1.1698720918562058
2008-12-02,0.9360432563099654,1.170095837676875
2008-12-03,0.9361767052619644,1.1702626548215143
2008-12-04,0.93577212634358,1.1697569131207732
2008-12-05,0.9360362846255413,1.1700871227602607
2008-12-08,0.9353778507841064,1.169264051078418
2008-12-09,0.9347351960191186,1.168460703946214
2008-12-10,0.9341806810951627,1.1677675355481976
2008-12-11,0.9341410345636316,1.1677179756147114
2008-12-12,0.934240359528305,1.1678421362525433
2008-12-15,0.9347145169957846,1.1684348542443255
2008-12-17,0.9346661156927544,1.1682492011853174
2008-12-18,0.9342394337277037,1.1677158868215447
2008-12-19,0.9335809902214138,1.1668928912220107
2008-12-22,0.9341889534183699,1.1676527909415673
2008-12-23,0.9330980857733007,1.166289303773739
2008-12-24,0.9330294087574668,1.166203463635169
2008-12-25,0.932837490200731,1.165963582573007
2008-12-26,0.9329833248014652,1.166145862804367
2008-12-29,0.9333857355806265,1.1666488403526172
2008-12-30,0.9325660399832956,1.1656242940352541
2008-12-31,0.9320436299034459,1.1649713280742242
2009-01-01,0.9316912974365715,1.1645309439455318
2009-01-02,0.9316301974915829,1.1644545744690664
2009-01-05,0.9313280107971342,1.1640768680790825
2009-01-06,0.9314683625374209,1.1642522952243721
2009-01-07,0.9313908940471106,1.164155466527576
2009-01-08,0.9308883864426533,1.1635273768839691
2009-01-09,0.9309102791213565,1.1635547407778533
2009-01-12,0.9302364465982232,1.1627125102811378
2009-01-13,0.9303511491748232,1.1628558782616785
2009-01-15,0.9303080520066623,1.1628331999219828
2009-01-16,0.9305796482166838,1.1631726800429005
2009-01-19,0.9295610198018257,1.1618994513133136
2009-01-20,0.9294477431113526,1.161757861765448
2009-01-21,0.9297790434774227,1.1621719687528933
2009-01-22,0.9297833787413442,1.1621773875911023
2009-01-23,0.9289039951574546,1.161078207137265
2009-01-26,0.9291442065166796,1.1613784579444064
2009-01-27,0.9288165531213646,1.1609689094670845
2009-01-28,0.9286393761571492,1.1607474481395095
2009-01-29,0.927942642319357,1.1598765696854896
2009-01-30,0.9278671388959215,1.1597821946155447
2009-02-02,0.9275838128982439,1.1594280529139975
2009-02-03,0.9278924079503595,1.1598137795248311
2009-02-04,0.9274760434652958,1.159293347131006
2009-02-05,0.9276243255578104,1.159478691479857
2009-02-06,0.9284018884241807,1.1604506017133454
2009-02-09,0.9282315246071976,1.1602376564399748
2009-02-10,0.927733323457805,1.159614932778169
2009-02-11,0.9283137883643758,1.1603404815502067
2009-02-13,0.927932975496504,1.1597226706045158
2009-02-16,0.9261558601807142,1.1575016471314603
2009-02-17,0.9259994433855371,1.1573061587629894
2009-02-18,0.9258784316938314,1.1571549193890418
2009-02-19,0.9261148931815676,1.157450446927446
2009-02-20,0.9258272490067835,1.1570909517059447
2009-02-23,0.9258970471215512,1.1571781847908755
2009-02-24,0.9259299714168261,1.1572193332926017
2009-02-25,0.9258912136596211,1.1571708941802097
2009-02-26,0.9258976216691993,1.1571789028555963
2009-02-27,0.9254187549888058,1.1565804193873779
2009-03-02,0.9245557159206041,1.1555018005652855
2009-03-03,0.924350493404904,1.1552453152260846
2009-03-04,0.924295627594138,1.1551767444065677
2009-03-05,0.9242757215784079,1.1551518660389126
2009-03-06,0.9245745665966653,1.1555253599784776
2009-03-09,0.923797383518528,1.1545540432360764
2009-03-10,0.9234397283825556,1.1541070489160141
2009-03-11,0.9234404977563905,1.1541080104728312
2009-03-12,0.9219864235188046,1.1522907209674462
2009-03-16,0.9222619616045405,1.1524287289436896
2009-03-17,0.922297924128714,1.152473666551168
2009-03-18,0.9217252132752672,1.151758025585404
2009-03-19,0.9218193131648978,1.151875609765079
2009-03-20,0.9224230842211998,1.1526300625561021
2009-03-23,0.9218644727380032,1.1519320397075465
2009-03-24,0.92190864202129,1.1519872322158746
2009-03-25,0.9212031004267922,1.1511056102507344
2009-03-26,0.9207534071157912,1.1505436880286473
2009-03-27,0.9208179453599328,1.1506243329318968
2009-03-30,0.919995485225244,1.1495966133391065
2009-03-31,0.9202389045251573,1.1499007822261236
2009-04-01,0.9196460786143844,1.1491600061350786
2009-04-02,0.9194784910161593,1.148950594090725
2009-04-03,0.9201196045686248,1.1497517088576086
2009-04-06,0.9202353018056565,1.1498962803843173
2009-04-07,0.9197155532737342,1.1492468194231698
2009-04-08,0.9199291713057003,1.1495137496092849
2009-04-09,0.919770403367196,1.1493153583265638
2009-04-10,0.9197163022431984,1.1492477553111966
2009-04-14,0.9187774379741551,1.14758223409316
2009-04-15,0.9191382930542202,1.1480329535621514
2009-04-16,0.919268423123381,1.1481954901562361
2009-04-17,0.9184176489623067,1.1471328461772687
2009-04-20,0.9183481790831627,1.1470460760893069
2009-04-21,0.9183616803962464,1.1470629396586454
2009-04-22,0.9186477329916353,1.1474202284458062
2009-04-23,0.9187169259650934,1.1475066526697615
2009-04-24,0.9186308334882675,1.1473991204287517
2009-04-27,0.9179894114712358,1.1465979639343946
2009-04-28,0.9174246192279027,1.1458925204639587
2009-04-29,0.916407208748496,1.144621742424914
2009-04-30,0.9161402066693902,1.1442882483383339
2009-05-01,0.9161226098315818,1.1442662693283903
2009-05-04,0.9160478792338892,1.144172928435688
2009-05-05,0.9164339529343026,1.1446551467633628
2009-05-06,0.9163790005613408,1.144586509502231
2009-05-07,0.916477773909672,1.1447098805549603
2009-05-08,0.9163090281517037,1.1444991117377046
2009-05-11,0.9158921060513,1.1439783627775657
2009-05-13,0.9152989990537331,1.1437196779074226
2009-05-14,0.9146221458159562,1.1428739101660603
2009-05-15,0.9148017730313485,1.1430983648864788
2009-05-18,0.9155241274122534,1.1440009889696667
2009-05-19,0.9155241274122534,1.144084796330444
2009-05-20,0.9155241274122534,1.1434010778904613
2009-05-21,0.9156337003756155,1.1435379239228756
2009-05-22,0.9160279682194525,1.144030326322903
2009-05-25,0.9162313691916101,1.144284354462463
2009-05-26,0.9158625630137257,1.1438237512203426
2009-05-27,0.9155129164443744,1.1433870764760001
2009-05-28,0.9155580210462333,1.1434434077608229
2009-05-29,0.9159006618515373,1.143871332983527
2009-06-01,0.9158649087912378,1.1438266808695519
2009-06-02,0.9158543824908842,1.1438135345386031
2009-06-03,0.9145574741930541,1.1421938215225678
2009-06-04,0.9148984499428746,1.1426196672520312
2009-06-05,0.9146335557437459,1.1422888400201299
2009-06-08,0.9137530993653504,1.1411892351687116
2009-06-09,0.9135459080620961,1.1409304732722445
2009-06-11,0.9134485330652049,1.1412203892710977
2009-06-12,0.9134968067633032,1.1412807001989071
2009-06-15,0.9136460133645395,1.1414671120320656
2009-06-16,0.9134324322120617,1.1412002736091567
2009-06-17,0.9138492306491477,1.141721002317344
2009-06-18,0.9132437285824132,1.1409645160137487
2009-06-19,0.9133026029034508,1.1410380708700327
2009-06-22,0.9133270512147914,1.1410686154605325
2009-06-23,0.9132723582492135,1.1410002845965508
2009-06-24,0.9134094970422804,1.1411716194678025
2009-06-25,0.9132146591350806,1.14092819798947
2009-06-26,0.9133233900625002,1.1410640413860316
2009-06-29,0.9130572448412636,1.1407315318444562
2009-06-30,0.9132511690381415,1.1409738117753325
2009-07-01,0.9130468649670317,1.1407185637092163
2009-07-02,0.9122608377097601,1.1397365375741355
2009-07-03,0.912660030199843,1.1402352702256597
2009-07-06,0.9128566482605217,1.1404809157454927
2009-07-07,0.9126621091891993,1.1402378676188971
2009-07-08,0.9127108468643962,1.1402987582182542
2009-07-10,0.912446952392007,1.1393818518875207
2009-07-13,0.9119556143648122,1.138768313062211
2009-07-14,0.9116266671135396,1.1383575532614951
2009-07-15,0.9115418737463157,1.1382516709156536
2009-07-16,0.9114053753011244,1.138081223909552
2009-07-17,0.9110697935843601,1.137662179583847
2009-07-20,0.9100032965956826,1.1363304338743498
2009-07-21,0.9102329197123769,1.1366171666112497
2009-07-22,0.9104954806414542,1.1369450291317187
2009-07-23,0.9097917298546669,1.1360662483186368
2009-07-24,0.9097393420426508,1.1360008311213796
2009-07-27,0.9106320101555369,1.137115514933863
2009-07-28,0.9102069841897278,1.136584780658567
2009-07-29,0.9102070728910915,1.136584891420868
2009-07-30,0.9100793899741222,1.1364254524551183
2009-07-31,0.9097483623967886,1.13601209492995
2009-08-03,0.909366658501657,1.1355354573678784
2009-08-04,0.9086199429674797,1.1346030260348199
2009-08-05,0.9086780264663482,1.134675555494567
2009-08-06,0.908454536356979,1.1343964811067089
2009-08-10,0.9084114248893045,1.1343205179769602
2009-08-11,0.9079603579584578,1.1337572770702282
2009-08-12,0.9082265974075131,1.1340897265105192
2009-08-13,0.9077645657590833,1.1335127941157812
2009-08-14,0.9079590415394774,1.1337556332764374
2009-08-17,0.9074801159874804,1.1331576057028852
2009-08-18,0.9072348351142135,1.1328513269402114
2009-08-19,0.9064243687464202,1.1318393090318828
2009-08-20,0.9066112217968744,1.1320726297973087
2009-08-21,0.9065741246106964,1.1320263070648022
2009-08-24,0.9060691048824385,1.1313956960618463
2009-08-25,0.9060423609573662,1.1313623013002774
2009-08-26,0.9059387452785302,1.1312329178653409
2009-08-27,0.9066296441603825,1.1320956335424668
2009-08-28,0.9066031154951958,1.1320625075728772
2009-08-31,0.9069464802255136,1.1324912622627432
2009-09-01,0.9069464802255136,1.1317949092819188
2009-09-02,0.9060331614547716,1.1306551622760974
2009-09-03,0.9057607698492232,1.1303152398669887
2009-09-04,0.9055524382040553,1.1300552590405735
2009-09-08,0.9053012945893838,1.1294118067461976
2009-09-09,0.9056797168035997,1.1298839087074175
2009-09-10,0.905322289564325,1.1294379991008565
2009-09-11,0.9047183530304551,1.1286845559588279
2009-09-14,0.9044226858651533,1.1283156953492663
2009-09-15,0.9041878829887179,1.1280227661968516
2009-09-16,0.9037219174055136,1.1274414491984626
2009-09-17,0.9046805381406994,1.1286373798604215
2009-09-18,0.9046805381406994,1.128123831795489
2009-09-21,0.9044284536109328,1.127809485953319
2009-09-22,0.905107481801879,1.1286562245006537
2009-09-23,0.905107481801879,1.1279858094093822
2009-09-24,0.905107481801879,1.1272675518357576
2009-09-25,0.9054037610211713,1.127636553260347
2009-09-28,0.9046138607421218,1.1266527707022957
2009-09-29,0.9038884534491978,1.1257493110363228
2009-09-30,0.9032424443731268,1.1249447380057294
2009-10-01,0.9026599716339603,1.1242192964069215
2009-10-02,0.9020199232957739,1.1234221471868007
2009-10-05,0.9019612793159159,1.1233491089488747
2009-10-07,0.9022877631467675,1.1243595752677489
2009-10-08,0.9028655621321575,1.125079582618328
2009-10-09,0.901859180738941,1.1238255098024803
2009-10-12,0.901677669802924,1.1235993252444467
2009-10-13,0.9014184081447855,1.1232762538921197
2009-10-14,0.9011480725720887,1.1229393831042052
2009-10-15,0.9008244649849726,1.122536128949528
2009-10-16,0.9002059048917737,1.1217653283335014
2009-10-19,0.9004012268881925,1.12200872314157
2009-10-20,0.9003440115265786,1.1219374258877333
2009-10-21,0.9006483662293343,1.1223166886221936
2009-10-22,0.9013116765830598,1.1231432534699584
2009-10-23,0.9013116765830598,1.1233933220107526
2009-10-26,0.9013116765830598,1.1232611337978926
2009-10-27,0.901347804674618,1.1233061584903934
2009-10-28,0.9010681044253291,1.1229575816026172
2009-10-29,0.9014267524466737,1.123404547278927
2009-10-30,0.9014267524466737,1.1232563281758257
2009-11-02,0.9017269615843109,1.1236304149362994
2009-11-03,0.9017269615843109,1.1232639875280517
2009-11-05,0.9019055523427857,1.1227901489903913
2009-11-06,0.9016152992464929,1.122428810359772
2009-11-09,0.9016123737049118,1.122425168327345
2009-11-10,0.9010648843761194,1.1217435940500289
2009-11-11,0.9000466647183072,1.120476003448851
2009-11-12,0.9004826059027482,1.1210187104608635
2009-11-13,0.9003375808850334,1.1208381675416805
2009-11-16,0.9002676998481927,1.1207511720247307
2009-11-17,0.8996231932947439,1.1199488201517522
2009-11-18,0.8992482450135166,1.1194820437410191
2009-11-19,0.8991843551176023,1.1194025066480648
2009-11-20,0.8988440717955838,1.1189788849497222
2009-11-23,0.8989849130902773,1.1191542195153452
2009-11-24,0.8980811398159503,1.1180291042228412
2009-11-25,0.8979815135770762,1.1179050786424485
2009-11-26,0.897377969128479,1.117153720853817
2009-11-27,0.8973414564541919,1.1171082659046858
2009-11-30,0.8975909987350894,1.1174189232834106
2009-12-01,0.8981128574025558,1.1180685897251732
2009-12-02,0.8984933236315867,1.1185422354776247
2009-12-04,0.8984933236315867,1.1185553827648635
2009-12-07,0.8978825637603246,1.117795033496139
2009-12-08,0.8977642762488578,1.1176477746026279
2009-12-09,0.8977642762488578,1.116590959051315
2009-12-10,0.8975105861566343,1.1162754329484483
2009-12-11,0.8972683266634278,1.1159741236103347
2009-12-14,0.896129459080569,1.1145576613159225
2009-12-15,0.8959363555055865,1.114317489467153
2009-12-16,0.8961809555160365,1.1146217098148299
2009-12-17,0.8965481863015193,1.115078451730056
2009-12-18,0.8970819141770969,1.115742273778037
2009-12-21,0.896709556021784,1.1152791547157719
2009-12-22,0.8966496952789069,1.1152047031408239
2009-12-23,0.8966073603002149,1.115152049169498
2009-12-24,0.8964888576424296,1.1150046619323275
2009-12-25,0.8962679303035257,1.1147298843813003
2009-12-28,0.8959924358958108,1.1143872392426353
2009-12-29,0.8957431217136953,1.1140771556615903
2009-12-30,0.8954214158482522,1.1136770351953043
2009-12-31,0.8947011033166555,1.11278114917962
2010-01-04,0.8939728976763055,1.112151649244756
2010-01-05,0.8936825019906267,1.1117903809763323
2010-01-06,0.8931981698453888,1.1111878450431865
2010-01-07,0.8930177292076218,1.110963366926003
2010-01-08,0.8926626174299996,1.110521588265626
2010-01-11,0.8921033305005713,1.1098258044419984
2010-01-12,0.8920652415588912,1.1097784196953047
2010-01-13,0.8920797540943823,1.1097964740908273
2010-01-14,0.8916630783693565,1.1092781064803636
2010-01-15,0.8923238765698144,1.110100175930531
2010-01-18,0.8919746147606777,1.1096656749539808
2010-01-19,0.8920332139294435,1.109738575555729
2010-01-20,0.8919684536733404,1.1096580102211224
2010-01-21,0.8918632185436859,1.1095270919088245
2010-01-22,0.8923060075018338,1.1100779458232457
2010-01-25,0.8922287344419388,1.1099818138697741
2010-01-26,0.8922511213838119,1.1100096644616548
2010-01-27,0.8920957068977727,1.1098163202591467
2010-01-28,0.8920101798070806,1.1097099198355818
2010-01-29,0.8910899512910602,1.1085651047473006
2010-02-02,0.890603774555142,1.1081986992691824
2010-02-03,0.8903903562872418,1.1079331380245028
2010-02-04,0.8904524326839174,1.1080103811083708
2010-02-05,0.8894373434271877,1.1067472822690336
2010-02-08,0.8896236192594287,1.1069790695586146
2010-02-09,0.8886970065465424,1.1058260641116526
2010-02-10,0.8884764349699705,1.105551601840959
2010-02-11,0.8881654413966237,1.1051646254061958
2010-02-12,0.8874686751197757,1.104297623150245
2010-02-15,0.8871705928800883,1.1039267125840262
2010-02-16,0.8868631048681762,1.1035440981997429
2010-02-17,0.8867772726601468,1.1034372952150586
2010-02-18,0.8863358155109908,1.102887979961233
2010-02-19,0.8859943394234031,1.1024630734349998
2010-02-22,0.8857766600337231,1.1021922099787769
2010-02-23,0.8863095474453285,1.1028552940047713
2010-02-24,0.8861760269410661,1.1026891513795358
2010-02-25,0.8863232950059963,1.102872400409758
2010-02-26,0.8854794748518033,1.101822415642109
2010-03-01,0.8848894724029521,1.1010882620655547
2010-03-03,0.8849413421047438,1.1015094634779898
2010-03-04,0.8853799184471847,1.102055370837801
2010-03-05,0.8850534350079382,1.101648988424766
2010-03-08,0.8847389582263377,1.1012575510102216
2010-03-09,0.8841249916444791,1.1004933308659033
2010-03-10,0.8836509672861446,1.0999033004404033
2010-03-11,0.8831566529324818,1.099288014530947
2010-03-12,0.883290976587061,1.0994552106711295
2010-03-15,0.8831852228685999,1.0993235762721694
2010-03-16,0.8836822774426134,1.0999422730050383
2010-03-17,0.8838731790007358,1.100179893130644
2010-03-18,0.8833244329114068,1.09949685462664
2010-03-19,0.882306846395463,1.0982302382715334
2010-03-22,0.8824085860860132,1.09835687630574
2010-03-23,0.8824333419923773,1.0983876906251073
2010-03-24,0.8823970596115429,1.098342529003715
2010-03-25,0.8819318164608565,1.0977634287753535
2010-03-26,0.8821468299252359,1.0980310616166735
2010-03-29,0.881482139620669,1.0972037043378047
2010-03-30,0.881501787779139,1.0972281609107604
2010-04-01,0.8807450327575473,1.095889651570319
2010-04-02,0.8804865513623593,1.0955680294486214
2010-04-05,0.8802685221863646,1.0952967410407097
2010-04-06,0.8800864208853347,1.0950701568149532
2010-04-07,0.8800158853962599,1.0949823912191556
2010-04-08,0.8800576943238048,1.0950344130521896
2010-04-09,0.8796180985591079,1.0944874347196554
2010-04-12,0.8789273216742204,1.0936279178202843
2010-04-13,0.8786603753416847,1.0932957629826527
2010-04-14,0.8785852011135379,1.0932022255164997
2010-04-15,0.8779757953142193,1.0924439566824546
2010-04-16,0.8779263856363753,1.0923824774204403
2010-04-19,0.8776520029233563,1.0920410696751979
2010-04-20,0.877540013943142,1.0919017245072522
2010-04-21,0.8776785588415834,1.0920741125592228
2010-04-22,0.8772537693948133,1.0915455573684496
2010-04-23,0.877671934499435,1.0920658700511883
2010-04-26,0.8777240389936755,1.0921307024077893
2010-04-27,0.8778685962978839,1.0923105715502186
2010-04-28,0.8778283330603744,1.0922604729817518
2010-04-30,0.8767334486065782,1.0897328460448015
2010-05-03,0.8764790165109451,1.089416600540378
2010-05-04,0.8761480889083426,1.0890052752067867
2010-05-05,0.8767995528915328,1.0898150101400503
2010-05-06,0.8767875956938628,1.0898001479820383
2010-05-07,0.8769760170107905,1.0900343456144859
2010-05-10,0.8769714539731238,1.0900286740024
2010-05-11,0.8766474950568738,1.0896260103737136
2010-05-12,0.8768153045295064,1.0898345885846805
2010-05-13,0.8776654394495269,1.0908912608804489
2010-05-14,0.8776654394495269,1.0903113321674156
2010-05-17,0.8775674847876487,1.090189644479734
2010-05-18,0.8771718228084396,1.0896981192125321
2010-05-19,0.876195882405999,1.088485722287152
2010-05-20,0.876084706690568,1.088347610272086
2010-05-21,0.8767408082224685,1.0891626759031676
2010-05-24,0.8767408082224685,1.088637953265678
2010-05-25,0.875869996989061,1.0875566779903325
2010-05-26,0.8749749568492765,1.0864453179889189
2010-05-27,0.8752788976897914,1.0868227174796565
2010-05-31,0.8752717958508092,1.0861092247696915
2010-06-01,0.8750638222889295,1.0858511540708111
2010-06-02,0.8740505181833281,1.0845937630046212
2010-06-03,0.8741643952984046,1.0847350710940182
2010-06-04,0.8737958635170908,1.0842777665524996
2010-06-07,0.8737516607731204,1.084222916152642
2010-06-08,0.8730254708287043,1.0833217999493048
2010-06-09,0.8727183787475754,1.082940734840445
2010-06-10,0.8724288370910791,1.0825814477417786
2010-06-11,0.8727157906105831,1.082937523267222
2010-06-14,0.8725850277939026,1.0827752620106308
2010-06-15,0.8724310413749893,1.0825841829985299
2010-06-16,0.8720719610645244,1.0821386066193093
2010-06-17,0.8720535713043045,1.082115787092494
2010-06-18,0.8718790308443878,1.0818992029359957
2010-06-21,0.87177991145955,1.081776207451923
2010-06-22,0.87128869403067,1.0811666644694993
2010-06-23,0.8711815002024809,1.0810336495520914
2010-06-24,0.8719884875399827,1.082035025805374
2010-06-25,0.8713605755127716,1.08125586092387
2010-06-29,0.8716444598404183,1.081758490281428
2010-06-30,0.8718002725965863,1.081951862441345
2010-07-01,0.8709444387244551,1.080889725755915
2010-07-02,0.8709158444305604,1.0808542386718807
2010-07-05,0.8696348667594125,1.0792644752586207
2010-07-06,0.8690784587259341,1.0785739424301481
2010-07-07,0.8689464715423088,1.0784101391100178
2010-07-08,0.869114517516633,1.0786186933633382
2010-07-09,0.8687746539006383,1.0781969040110517
2010-07-12,0.8683208272289378,1.0776336802680613
2010-07-13,0.8677855765905192,1.0769694049250575
2010-07-14,0.8679230549793739,1.0771400231314774
2010-07-15,0.8680665155656996,1.0773180655724366
2010-07-16,0.8682173826998224,1.077505299944662
2010-07-19,0.8678819641956442,1.0770890272194746
2010-07-20,0.8676355997550066,1.0767832754621445
2010-07-21,0.8672536787767289,1.076309290620958
2010-07-22,0.867054589246863,1.0760622096158219
2010-07-23,0.8680533754635454,1.0773017579863469
2010-07-26,0.8674190459049005,1.0765145202795572
2010-07-28,0.8676106579621462,1.0767265732944349
2010-07-29,0.8677012846855119,1.0768390433297013
2010-07-30,0.867010472399269,1.0759817279671824
2010-08-02,0.8668220658189963,1.0757479106786307
2010-08-03,0.8670634288440058,1.07604744824246
2010-08-04,0.8670873627598243,1.0760771508318974
2010-08-05,0.8672860002489007,1.0763236649347132
2010-08-06,0.8680139284257493,1.0772270420477879
2010-08-09,0.8679769589238803,1.0771811619693235
2010-08-10,0.8673350924162657,1.0763845895449142
2010-08-11,0.8669571736509825,1.0759155828846194
2010-08-12,0.8666226693413298,1.0755004546519507
2010-08-13,0.8663076144599745,1.075109463647301
2010-08-16,0.8658498960873222,1.0745414236740747
2010-08-17,0.8658351418224328,1.0745231132615296
2010-08-18,0.865502154035704,1.074109867071821
2010-08-19,0.8651738869610214,1.073702479404087
2010-08-20,0.8646907377103259,1.073102879073781
2010-08-23,0.8643881169602149,1.0727273191376687
2010-08-24,0.864093117621442,1.0723612175640584
2010-08-26,0.8635138771801489,1.0718443356425449
2010-08-27,0.863603647869854,1.0719557643153315
2010-08-30,0.8640101422635441,1.0724603291229868
2010-08-31,0.8640731710691648,1.0725385641925926
2010-09-01,0.8642786232269206,1.0727935835239035
2010-09-02,0.8645772955271767,1.0731643131921842
2010-09-03,0.8642911514524899,1.0728091342961226
2010-09-06,0.8644982603309391,1.0730662100468356
2010-09-07,0.8642776208932483,1.0727923393682537
2010-09-08,0.8647003840497629,1.073317097923505
2010-09-09,0.8647003840497629,1.0729798375970858
2010-09-10,0.8646416312231253,1.072906933040147
2010-09-13,0.86449013326056,1.0727189439259197
2010-09-14,0.8642960916314681,1.0724781636978655
2010-09-15,0.8639214864298189,1.072013327743305
2010-09-16,0.8643566442900891,1.072553301610386
2010-09-17,0.8642321427909562,1.0723988115687666
2010-09-20,0.8645382404486053,1.072778638640723
2010-09-21,0.8647041888380503,1.072984558840645
2010-09-22,0.864196834214726,1.0723549982536713
2010-09-24,0.8641221408968325,1.0719101418041581
2010-09-27,0.8645714375690565,1.0724674769733924
2010-09-28,0.8643294263400615,1.0721672713907406
2010-09-29,0.8648416881775028,1.072802712415597
2010-09-30,0.864621699708944,1.072529825216707
2010-10-01,0.8642823629697313,1.0721088910975196
2010-10-04,0.8638229121456504,1.0715389600950789
2010-10-05,0.8643952277040892,1.072248895441448
2010-10-06,0.8652517897481514,1.0733114275751137
2010-10-07,0.8652517897481514,1.0729891071510593
2010-10-08,0.8652517897481514,1.0725085932464569
2010-10-11,0.8652517897481514,1.0719272798029835
2010-10-12,0.865266200540565,1.071945132781382
2010-10-13,0.8656107739866217,1.072372011617231
2010-10-14,0.8656107739866217,1.0719593475692357
2010-10-15,0.8662020813740069,1.0726916137334783
2010-10-18,0.8662020813740069,1.0726424343993193
2010-10-19,0.8662020813740069,1.0727730203451606
2010-10-20,0.8662020813740069,1.072078495486596
2010-10-21,0.8654117595837094,1.071100332291065
2010-10-25,0.8656233070222894,1.0715574050295895
2010-10-26,0.8658265416754665,1.071808989749876
2010-10-27,0.8658265416754665,1.0729848792807797
2010-10-28,0.8658265416754665,1.0735085173188217
2010-10-29,0.8658265416754665,1.0738541640774677
2010-11-01,0.8658265416754665,1.074239163166816
2010-11-02,0.8658265416754665,1.0741993289806138
2010-11-03,0.8658265416754665,1.0751488917192997
2010-11-04,0.8658265416754665,1.0748181800891714
2010-11-05,0.8658265416754665,1.0750556474885677
2010-11-08,0.8658265416754665,1.0749477483340404
2010-11-09,0.8658265416754665,1.0752051469680841
2010-11-10,0.8658265416754665,1.0751832164843365
2010-11-11,0.8658265416754665,1.0749728842916213
2010-11-12,0.8658265416754665,1.0755132991989924
2010-11-15,0.8658265416754665,1.0758534230284436
2010-11-16,0.8658265416754665,1.0760874109872727
2010-11-17,0.8658265416754665,1.076605763869667
2010-11-18,0.8653576337392901,1.0771888240584144
2010-11-19,0.8649998043543151,1.0776342466205857
2010-11-23,0.8649998043543151,1.0775537661427637
2010-11-24,0.8649998043543151,1.0777579795165717
2010-11-25,0.8649998043543151,1.077231188627364
2010-11-26,0.8649998043543151,1.0778000957370921
2010-11-29,0.8649998043543151,1.0779881530057804
2010-11-30,0.8649998043543151,1.0778230889557816
2010-12-01,0.8649998043543151,1.0777319440708248
2010-12-02,0.8649998043543151,1.0779398854401128
2010-12-03,0.8649998043543151,1.0793294479401634
2010-12-06,0.8649998043543151,1.079344107748969
2010-12-07,0.8649998043543151,1.0787718593155557
2010-12-08,0.8649998043543151,1.0788742265866291
2010-12-09,0.8649998043543151,1.0789428338012228
2010-12-10,0.8649998043543151,1.0784131276720192
2010-12-13,0.8649998043543151,1.0787669221119143
2010-12-14,0.8649998043543151,1.0793606504010256
2010-12-15,0.8649998043543151,1.0797363283095696
2010-12-16,0.8649998043543151,1.0803427620109567
2010-12-17,0.8649998043543151,1.0802561574946374
2010-12-20,0.8649998043543151,1.0797574591635535
2010-12-22,0.8649998043543151,1.0808583337424131
2010-12-23,0.8649998043543151,1.0810848784445048
2010-12-24,0.8649998043543151,1.0809851057183948
2010-12-27,0.8649998043543151,1.0821512445747932
2010-12-28,0.8649998043543151,1.083621034238833
2010-12-29,0.8649998043543151,1.0838085349379305
2010-12-30,0.8649998043543151,1.084475330229098
2010-12-31,0.8649998043543151,1.0848244026294562
2011-01-03,0.8649998043543151,1.08513156672365
2011-01-04,0.8649998043543151,1.0852466344234075
2011-01-05,0.8649998043543151,1.0849098146807785
2011-01-06,0.8649998043543151,1.0850525327987033
2011-01-07,0.8649998043543151,1.084847674169483
2011-01-10,0.8649998043543151,1.0848258552362897
2011-01-11,0.8649998043543151,1.0856497129103657
2011-01-12,0.8649998043543151,1.0851571252112058
2011-01-13,0.8649998043543151,1.0854792824099615
2011-01-14,0.8649998043543151,1.0853620508403043
2011-01-17,0.8649998043543151,1.0857474053465317
2011-01-18,0.8649998043543151,1.0859416262651709
2011-01-20,0.8649998043543151,1.086060499644621
2011-01-21,0.8649998043543151,1.0866723542043608
2011-01-24,0.8649998043543151,1.0869839170657931
2011-01-25,0.8649998043543151,1.0864332787779363
2011-01-26,0.8649998043543151,1.087614896506733
2011-01-27,0.8649998043543151,1.0874917170877363
2011-01-28,0.8649998043543151,1.0876995033470278
2011-01-31,0.8649998043543151,1.0875702877164448
2011-02-01,0.8649998043543151,1.0883162121195329
2011-02-02,0.8649998043543151,1.08825379667274
2011-02-03,0.8649998043543151,1.0888587376230603
2011-02-04,0.8649998043543151,1.0890757972232308
2011-02-07,0.8649998043543151,1.0893424180660676
2011-02-08,0.8649998043543151,1.0902991149943595
2011-02-09,0.8649998043543151,1.0902029598086018
2011-02-10,0.8649998043543151,1.0903501569230534
2011-02-11,0.8649998043543151,1.0904718245832692
2011-02-14,0.8649998043543151,1.091248440109772
2011-02-15,0.8649998043543151,1.0925281168437788
2011-02-16,0.8649998043543151,1.0924938583537378
2011-02-18,0.8649998043543151,1.0907011503996669
2011-02-21,0.8649998043543151,1.0907359403474048
2011-02-22,0.8649998043543151,1.0911401299810806
2011-02-23,0.8649998043543151,1.0911888664662273
2011-02-24,0.8649998043543151,1.0911496167390804
2011-02-25,0.8649998043543151,1.0919351374875528
2011-02-28,0.8649998043543151,1.091734060563301
2011-03-01,0.8649998043543151,1.0914278541070535
2011-03-02,0.8649998043543151,1.0916852395944656
2011-03-03,0.8649998043543151,1.0913651092764254
2011-03-04,0.8649998043543151,1.0915658118435017
2011-03-07,0.8649998043543151,1.0914345900235625
2011-03-08,0.8649998043543151,1.0912851036848408
2011-03-09,0.8649998043543151,1.0912832236976737
2011-03-10,0.8649998043543151,1.0921007519757688
2011-03-11,0.8649998043543151,1.0924857310713505
2011-03-14,0.8649998043543151,1.092126160946027
2011-03-15,0.8649998043543151,1.0928602659740043
2011-03-16,0.8649998043543151,1.0936794767975702
2011-03-17,0.8649998043543151,1.0937039870048222
2011-03-21,0.8649998043543151,1.094094002555552
2011-03-22,0.8649998043543151,1.0940695663663678
2011-03-23,0.8649998043543151,1.0941943291866492
2011-03-24,0.8649998043543151,1.0937303039588366
2011-03-25,0.8649998043543151,1.0947498228814405
2011-03-28,0.8649998043543151,1.0954301800415676
2011-03-29,0.8649998043543151,1.0959298104655135
2011-03-30,0.8649998043543151,1.0967535508666686
2011-03-31,0.8649998043543151,1.097115519451414
2011-04-01,0.8649998043543151,1.0964516100456514
2011-04-04,0.8649998043543151,1.0968357553160664
2011-04-05,0.8649998043543151,1.0971715097373358
2011-04-06,0.8649998043543151,1.0977795007945481
2011-04-07,0.8649998043543151,1.098630268788986
2011-04-08,0.8649998043543151,1.0989521530659458
2011-04-11,0.8649998043543151,1.0989469102192935
2011-04-12,0.8649998043543151,1.098191398444474
2011-04-13,0.8649998043543151,1.0984186605165323
2011-04-14,0.8649998043543151,1.0994198039778211
2011-04-15,0.8649998043543151,1.0996875193562008
2011-04-19,0.8649998043543151,1.0990663476385112
2011-04-20,0.8649998043543151,1.098222640587402
2011-04-21,0.8649998043543151,1.0989431282332571
2011-04-22,0.8649998043543151,1.0996116108347471
2011-04-25,0.8649998043543151,1.1007379204858805
2011-04-26,0.8649998043543151,1.100935675421072
2011-04-27,0.8649998043543151,1.1007869547571616
2011-04-28,0.8649998043543151,1.100559524235109
2011-04-29,0.8649998043543151,1.1010023427370528
2011-05-02,0.8649998043543151,1.1017082858710967
2011-05-03,0.8649998043543151,1.1016808521806774
2011-05-04,0.8649998043543151,1.102239055901656
2011-05-05,0.8649998043543151,1.1014554371712582
2011-05-06,0.8649998043543151,1.1024161073372254
2011-05-09,0.8649998043543151,1.1023771804984344
2011-05-10,0.8649998043543151,1.101567092687083
2011-05-11,0.8649998043543151,1.1015859126931837
2011-05-12,0.8649998043543151,1.1018228948847641
2011-05-13,0.8649998043543151,1.101982785486067
2011-05-16,0.8649998043543151,1.1023106714377642
2011-05-18,0.8649998043543151,1.1030140409523919
2011-05-19,0.8649998043543151,1.102475313562697
2011-05-20,0.8649998043543151,1.1028479523296126
2011-05-23,0.8649998043543151,1.1030815997139747
2011-05-24,0.8649998043543151,1.1034938770719644
2011-05-25,0.8649998043543151,1.1035838807287845
2011-05-26,0.8649998043543151,1.1046512095039065
2011-05-27,0.8649998043543151,1.1048246717031105
2011-05-30,0.8649998043543151,1.1036980109008505
2011-05-31,0.8649998043543151,1.1048103074294215
2011-06-01,0.8649998043543151,1.1049607168801925
2011-06-02,0.8649998043543151,1.105337761283112
2011-06-03,0.8649998043543151,1.105316759996479
2011-06-06,0.8649998043543151,1.1061785279076122
2011-06-07,0.8649998043543151,1.1066949964022204
2011-06-08,0.8649998043543151,1.1066372068132488
2011-06-09,0.8649998043543151,1.1061598445969891
2011-06-10,0.8649998043543151,1.1064689232755511
2011-06-13,0.8649998043543151,1.106206980513569
2011-06-14,0.8649998043543151,1.1074062702741883
2011-06-16,0.8649998043543151,1.1077012787998117
2011-06-17,0.8649998043543151,1.107179000274974
2011-06-20,0.8649998043543151,1.1070885069941512
2011-06-21,0.8649998043543151,1.1072155612852919
2011-06-22,0.8649998043543151,1.1074369821258216
2011-06-23,0.8649998043543151,1.108350821287176
2011-06-24,0.8649998043543151,1.108478874393105
2011-06-27,0.8649998043543151,1.1081034289162013
2011-06-28,0.8649998043543151,1.10839394282986
2011-06-29,0.8649998043543151,1.109178243844809
2011-06-30,0.8649998043543151,1.1091490512903324
2011-07-01,0.8649998043543151,1.1094933037838088
2011-07-04,0.8649998043543151,1.1099851815755453
2011-07-05,0.8649998043543151,1.1088172586628586
2011-07-06,0.8649998043543151,1.1089553403418122
2011-07-07,0.8649998043543151,1.109700481474143
2011-07-08,0.8649998043543151,1.110116196390285
2011-07-11,0.8649998043543151,1.1098551043016993
2011-07-12,0.8649998043543151,1.1100835402297176
2011-07-13,0.8649998043543151,1.1105486670936497
2011-07-15,0.8649998043543151,1.1096397276281247
2011-07-18,0.8649998043543151,1.1105205720049398
2011-07-19,0.8649998043543151,1.111502234045772
2011-07-20,0.8649998043543151,1.111077717664181
2011-07-21,0.8649998043543151,1.1116399900927332
2011-07-22,0.8649998043543151,1.1118119027815296
2011-07-25,0.8649998043543151,1.1129107349808616
2011-07-26,0.8649998043543151,1.1124253053343127
2011-07-27,0.8649998043543151,1.1127337685170597
2011-07-28,0.8649998043543151,1.1123478135341567
2011-07-29,0.8649998043543151,1.112318676829844
2011-08-01,0.8649998043543151,1.112678508756607
2011-08-02,0.8649998043543151,1.1130180844216635
2011-08-03,0.8649998043543151,1.1127536582297908
2011-08-04,0.8649998043543151,1.1131802879511843
2011-08-05,0.8649998043543151,1.1131198547575556
2011-08-08,0.8649998043543151,1.1126081905226728
2011-08-09,0.8649998043543151,1.1136024618019418
2011-08-10,0.8649998043543151,1.11285067524046
2011-08-11,0.8649998043543151,1.1132243562592559
2011-08-15,0.8649998043543151,1.1147977571002643
2011-08-16,0.8649998043543151,1.1148851994884958
2011-08-17,0.8649998043543151,1.114772484759657
2011-08-18,0.8649998043543151,1.115123317094517
2011-08-19,0.8649998043543151,1.1143899782112352
2011-08-22,0.8649998043543151,1.1156181828306264
2011-08-23,0.8649998043543151,1.1162473122599763
2011-08-24,0.8649998043543151,1.1168689921452195
2011-08-25,0.8649998043543151,1.116686037967882
2011-08-26,0.8649998043543151,1.1164401261334265
2011-08-29,0.8649998043543151,1.1170396370344569
2011-08-30,0.8649998043543151,1.118734949372261
2011-08-31,0.8650863910702875,1.118622963699175
2011-09-01,0.8650863910702875,1.1185321502347378
2011-09-02,0.8650863910702875,1.1183793258608687
2011-09-05,0.8650863910702875,1.1178450518932002
2011-09-06,0.8650863910702875,1.1184447044006085
2011-09-07,0.8650863910702875,1.1179736355057301
2011-09-08,0.8650863910702875,1.1177940118422074
2011-09-09,0.8650863910702875,1.1189134391748254
2011-09-13,0.8650863910702875,1.1198700362256488
2011-09-14,0.8650863910702875,1.1199779590099723
2011-09-15,0.8650863910702875,1.1197156731229894
2011-09-16,0.8650863910702875,1.1205454012087246
2011-09-19,0.8650863910702875,1.1206452468015078
2011-09-20,0.8650863910702875,1.1206826459932828
2011-09-21,0.8650863910702875,1.1212661868672054
2011-09-22,0.864727471733029,1.1217313937191857
2011-09-23,0.8650846380496691,1.1212680747160884
2011-09-26,0.8650846380496691,1.121640504734131
2011-09-27,0.8654135076938579,1.1212141030880083
2011-09-28,0.8654135076938579,1.1210827560532035
2011-09-29,0.8654135076938579,1.1221062877095487
2011-09-30,0.8654135076938579,1.1223680961531313
2011-10-03,0.8659151330707147,1.1217175304822706
2011-10-04,0.8659151330707147,1.1220626031760277
2011-10-05,0.8659151330707147,1.12239467564031
2011-10-06,0.8659151330707147,1.1222483584335832
2011-10-07,0.8659151330707147,1.1220591523070154
2011-10-10,0.8659151330707147,1.1222042454829275
2011-10-12,0.8659151330707147,1.1218589382230435
2011-10-13,0.8659151330707147,1.1213400698649165
2011-10-14,0.8659151330707147,1.1209518094622266
2011-10-17,0.8659151330707147,1.1210864410466503
2011-10-18,0.8659151330707147,1.1215050588453872
2011-10-19,0.8659151330707147,1.1218964412804333
2011-10-20,0.8659151330707147,1.121737321646954
2011-10-21,0.8659151330707147,1.121585545744877
2011-10-24,0.8659151330707147,1.1213496354757972
2011-10-25,0.8659151330707147,1.1213606704840196
2011-10-26,0.8659151330707147,1.1226944661109686
2011-10-27,0.8659151330707147,1.1227274955296056
2011-10-28,0.8659151330707147,1.1235013514446188
2011-10-31,0.8659151330707147,1.1234713698776617
2011-11-01,0.8659151330707147,1.123655964210591
2011-11-02,0.8659151330707147,1.123185028632365
2011-11-03,0.8659151330707147,1.1221603617490374
2011-11-04,0.8659151330707147,1.1224040776353796
2011-11-07,0.8659151330707147,1.1228940606161857
2011-11-08,0.8659151330707147,1.1227983119788734
2011-11-10,0.8659151330707147,1.123496951128357
2011-11-11,0.8659151330707147,1.1231159159601867
2011-11-14,0.8659151330707147,1.1233456600191196
2011-11-15,0.8659151330707147,1.124012696457552
2011-11-16,0.8659151330707147,1.1242019058449737
2011-11-17,0.8659151330707147,1.124375366904411
2011-11-18,0.8659151330707147,1.124173259622322
2011-11-21,0.8659151330707147,1.1246222989688084
2011-11-22,0.8659151330707147,1.12544081566283
2011-11-23,0.8659151330707147,1.126200299979733
2011-11-24,0.8659276910695974,1.1261839671757792
2011-11-25,0.8660724857484104,1.1259956541705556
2011-11-28,0.8660724857484104,1.1258642163149044
2011-11-29,0.8660724857484104,1.125339701380688
2011-11-30,0.8660724857484104,1.1257632974072858
2011-12-01,0.8660724857484104,1.125603974696153
2011-12-02,0.8660724857484104,1.1266015906035391
2011-12-05,0.8660724857484104,1.1268396132784588
2011-12-06,0.8661765969580407,1.1267041550608983
2011-12-07,0.8661765969580407,1.126700373424508
2011-12-09,0.8661765969580407,1.127171820092622
2011-12-12,0.8661765969580407,1.1275755108039835
2011-12-13,0.8657769301671547,1.1280957909494727
2011-12-14,0.8658297652242609,1.128026947574858
2011-12-15,0.865777734286971,1.1280947349179686
2011-12-16,0.865777734286971,1.128071355408873
2011-12-19,0.865777734286971,1.12827707291326
2011-12-20,0.865777734286971,1.1285290620032533
2011-12-21,0.865777734286971,1.1292496746455931
2011-12-22,0.8658794161379333,1.1291170491545817
2011-12-23,0.8658794161379333,1.1292628684721842
2011-12-26,0.8658794161379333,1.129600931072248
2011-12-27,0.8658794161379333,1.1299282837558562
2011-12-28,0.8649207627433783,1.1311792773291387
2011-12-29,0.8653586698819545,1.1306065641953011
2011-12-30,0.8653586698819545,1.1309548534787297
2012-01-02,0.8649186493779834,1.1315299252286484
2012-01-03,0.8652161556857074,1.1311407125664215
2012-01-04,0.8652161556857074,1.1311443172869426
2012-01-05,0.8657052495734641,1.1305048981451247
2012-01-09,0.8657052495734641,1.1302972333803465
2012-01-10,0.8657052495734641,1.1311801404569255
2012-01-11,0.8657052495734641,1.1308114220135832
2012-01-12,0.8657052495734641,1.1311515833923962
2012-01-13,0.8657052495734641,1.1315321161065692
2012-01-16,0.8657052495734641,1.1317616491257412
2012-01-17,0.8657052495734641,1.1326051208070835
2012-01-18,0.8657052495734641,1.1325270438141717
2012-01-19,0.8657052495734641,1.1329805116713658
2012-01-20,0.8657052495734641,1.13373137883157
2012-01-23,0.8650672594850197,1.1345668934400457
2012-01-24,0.8655077067323533,1.133989230998597
2012-01-25,0.8655077067323533,1.1342812417570785
2012-01-26,0.8655077067323533,1.1336688449972445
2012-01-27,0.8655077067323533,1.1339889364661022
2012-01-30,0.8655077067323533,1.134849947507099
2012-01-31,0.8655077067323533,1.1352061033343135
2012-02-01,0.8655077067323533,1.1347415610000684
2012-02-02,0.8655077067323533,1.13490233007874
2012-02-03,0.8655077067323533,1.1351563703217515
2012-02-07,0.8655077067323533,1.135315414225494
2012-02-08,0.8655077067323533,1.134227218210266
2012-02-09,0.8655077067323533,1.1335531658261078
2012-02-10,0.8655077067323533,1.1338837950932965
2012-02-13,0.8655077067323533,1.1349742081893786
2012-02-14,0.8655077067323533,1.135276726339048
2012-02-15,0.8655077067323533,1.1353493554790506
2012-02-16,0.8655077067323533,1.1358881186919136
2012-02-17,0.8655077067323533,1.136898829287038
2012-02-20,0.8655077067323533,1.1369128765256977
2012-02-21,0.8655077067323533,1.136906790342792
2012-02-22,0.8655077067323533,1.1371752309406555
2012-02-23,0.8655077067323533,1.137619113774326
2012-02-24,0.8655077067323533,1.1382496024776623
2012-02-27,0.8655077067323533,1.1391063453489594
2012-02-28,0.8657334585087177,1.138809230396741
2012-02-29,0.8657334585087177,1.1383778289021476
2012-03-01,0.8657334585087177,1.1393080629547174
2012-03-02,0.8657334585087177,1.1400527923335464
2012-03-05,0.8657334585087177,1.1411680652353111
2012-03-07,0.8657334585087177,1.1415499341120667
2012-03-08,0.8657334585087177,1.1423753025613994
2012-03-09,0.8652739827902748,1.1429816020034702
2012-03-12,0.8650887838962881,1.1432262400403792
2012-03-13,0.8651542079188782,1.1431397813314625
2012-03-14,0.8651542079188782,1.143570769256188
2012-03-15,0.8651542079188782,1.1439234891140768
2012-03-16,0.8651542079188782,1.1439084270032736
2012-03-19,0.8651542079188782,1.1442602102067994
2012-03-20,0.8651542079188782,1.144512253250089
2012-03-21,0.8651542079188782,1.143434432773603
2012-03-22,0.8651542079188782,1.143354585936762
2012-03-23,0.8651542079188782,1.1441878985301621
2012-03-26,0.8651542079188782,1.144026758764713
2012-03-27,0.8651542079188782,1.1438192197342607
2012-03-28,0.8651542079188782,1.144803558422192
2012-03-29,0.8651542079188782,1.144443890560207
2012-03-30,0.8651542079188782,1.143595145940857
2012-04-02,0.8651542079188782,1.1443877279979615
2012-04-03,0.8651542079188782,1.1451559363338935
2012-04-05,0.8651542079188782,1.1446820732389245
2012-04-06,0.8651542079188782,1.1447250879858717
2012-04-09,0.8651542079188782,1.14460253289754
2012-04-10,0.8651542079188782,1.1449035617568
2012-04-11,0.8651542079188782,1.1457574172008402
2012-04-12,0.8651542079188782,1.1455688509216575
2012-04-13,0.8651542079188782,1.1449917020538003
2012-04-16,0.8651542079188782,1.1457230903729139
2012-04-17,0.8651542079188782,1.1461397146017556
2012-04-18,0.8651542079188782,1.1473038450325073
2012-04-19,0.8651542079188782,1.1469520598063272
2012-04-20,0.8651542079188782,1.1467223170763787
2012-04-23,0.8651542079188782,1.1470456356043333
2012-04-24,0.8651542079188782,1.1464889122976645
2012-04-25,0.8651542079188782,1.146798700477581
2012-04-26,0.8651542079188782,1.146962730266182
2012-04-27,0.8651542079188782,1.147608470744484
2012-04-30,0.8651542079188782,1.1479353222443627
2012-05-01,0.8651542079188782,1.148056015563493
2012-05-02,0.8651542079188782,1.1482988914525833
2012-05-04,0.8651542079188782,1.1488511641275811
2012-05-07,0.8651542079188782,1.1491429545479774
2012-05-08,0.8651542079188782,1.1494722879947952
2012-05-09,0.8651542079188782,1.1503191000110566
2012-05-10,0.8654993729124609,1.1498601646199562
2012-05-11,0.8654993729124609,1.1494271547742065
2012-05-14,0.8654993729124609,1.1500822778121953
2012-05-15,0.8654993729124609,1.1500438462309717
2012-05-16,0.8654993729124609,1.1505922008951364
2012-05-17,0.8654993729124609,1.150541157017388
2012-05-18,0.8654993729124609,1.1504772072486855
2012-05-21,0.8654993729124609,1.1510373939844398
2012-05-22,0.8654993729124609,1.1514234624787514
2012-05-23,0.8654993729124609,1.1516350733920213
2012-05-24,0.8651786919076652,1.1520617721327155
2012-05-25,0.8646354098548146,1.152785200125602
2012-05-28,0.8645923919054613,1.1528425543060912
2012-05-29,0.8643568448696488,1.1531566313775155
2012-05-30,0.8645672036160786,1.152875987353171
2012-05-31,0.8645672036160786,1.152376170874219
2012-06-04,0.8645672036160786,1.153346466194405
2012-06-05,0.8645672036160786,1.1537396580044674
2012-06-06,0.8645672036160786,1.1538893679875837
2012-06-07,0.8645672036160786,1.1540184125502704
2012-06-08,0.8645672036160786,1.1540955810394826
2012-06-11,0.8645672036160786,1.1542755346837787
2012-06-12,0.8645672036160786,1.1554379614492412
2012-06-13,0.8645672036160786,1.1553992313634198
2012-06-14,0.8645672036160786,1.1552494910859152
2012-06-15,0.8645672036160786,1.1558112913521787
2012-06-18,0.8645672036160786,1.1560752855784442
2012-06-19,0.8645672036160786,1.1556456361695264
2012-06-20,0.8645672036160786,1.1559890281648073
2012-06-21,0.8645672036160786,1.1554501803747974
2012-06-22,0.8645672036160786,1.1547038142666282
2012-06-25,0.8645672036160786,1.155696953139438
2012-06-26,0.8645672036160786,1.15680384638063
2012-06-27,0.8645672036160786,1.1568892957565795
2012-06-28,0.8645672036160786,1.1567490179532207
2012-06-29,0.8645672036160786,1.157448810176929
2012-07-03,0.8645672036160786,1.1580123458647185
2012-07-04,0.8645672036160786,1.158000202439169
2012-07-05,0.8645672036160786,1.1586712673485693
2012-07-06,0.8645672036160786,1.158035672833709
2012-07-09,0.8645672036160786,1.1570766212308166
2012-07-10,0.8645672036160786,1.1574008739404047
2012-07-11,0.8645672036160786,1.1580739626396737
2012-07-12,0.8645672036160786,1.1575785116060167
2012-07-13,0.8645672036160786,1.157998679560603
2012-07-16,0.8645672036160786,1.158496968543762
2012-07-17,0.8645672036160786,1.1588849343551455
2012-07-18,0.8645672036160786,1.1599876059785503
2012-07-19,0.8645672036160786,1.1603936154629255
2012-07-20,0.8645672036160786,1.161048038737927
2012-07-23,0.8645672036160786,1.1613372025306667
2012-07-24,0.8645672036160786,1.161117207535578
2012-07-25,0.8645672036160786,1.1620676668837755
2012-07-26,0.8645672036160786,1.1616386748785001
2012-07-27,0.8645672036160786,1.1614986151981075
2012-07-30,0.8645672036160786,1.1618745513509632
2012-08-01,0.8645672036160786,1.1615938501889018
2012-08-02,0.8645672036160786,1.1614889504126231
2012-08-03,0.8645672036160786,1.160758036123467
2012-08-06,0.8645672036160786,1.1611539937879682
2012-08-07,0.8645672036160786,1.1614744384184996
2012-08-08,0.8645672036160786,1.1621293135656663
2012-08-09,0.8645672036160786,1.1625827282106975
2012-08-10,0.8645672036160786,1.161282495381873
2012-08-13,0.8645672036160786,1.1610321503791727
2012-08-14,0.8645672036160786,1.1621529850424008
2012-08-15,0.8645672036160786,1.1625149297487507
2012-08-16,0.8645672036160786,1.1628015387297805
2012-08-17,0.8645672036160786,1.1623707732693973
2012-08-20,0.8645672036160786,1.162341265522833
2012-08-21,0.8645672036160786,1.1625424008931948
2012-08-22,0.8645672036160786,1.1629217470101034
2012-08-23,0.8645672036160786,1.162572420796704
2012-08-24,0.8645672036160786,1.1631411404441339
2012-08-27,0.8645672036160786,1.164405219096722
2012-08-28,0.8645672036160786,1.1647711611543188
2012-08-30,0.8645672036160786,1.1655342585463973
2012-08-31,0.8645672036160786,1.1638517761702496
2012-09-03,0.8645672036160786,1.1633304984458175
2012-09-04,0.8645672036160786,1.164086847344461
2012-09-05,0.8645672036160786,1.163617797466383
2012-09-06,0.8645672036160786,1.1636638271533501
2012-09-07,0.8645672036160786,1.1641339520022738
2012-09-10,0.8645672036160786,1.1640643321836626
2012-09-11,0.8645672036160786,1.1634506498205262
2012-09-12,0.8645672036160786,1.1646309052084982
2012-09-13,0.8645672036160786,1.164756234431889
2012-09-14,0.8645672036160786,1.1658793322461827
2012-09-17,0.8645672036160786,1.1660686033870657
2012-09-18,0.8645672036160786,1.1666334687577262
2012-09-19,0.8645672036160786,1.1672721408594913
2012-09-20,0.8645672036160786,1.1676449688426171
2012-09-21,0.8645672036160786,1.1673704728441125
2012-09-24,0.8645672036160786,1.1672564721576284
2012-09-25,0.8645672036160786,1.1683933218377978
2012-09-26,0.8645672036160786,1.1683728684457095
2012-09-28,0.8645672036160786,1.170372568453056
2012-10-01,0.864498762660433,1.1704652176036496
2012-10-02,0.8639857144224288,1.17115984568581
2012-10-03,0.8648171035366118,1.1700328715583241
2012-10-04,0.8648171035366118,1.170201013653694
2012-10-05,0.8648171035366118,1.1710458297088928
2012-10-08,0.8648171035366118,1.1717118717318988
2012-10-09,0.8648171035366118,1.1712648543989128
2012-10-10,0.8648171035366118,1.1704834055999436
2012-10-11,0.8648171035366118,1.17098248510761
2012-10-12,0.8648171035366118,1.1720395880182943
2012-10-15,0.8648171035366118,1.1711107880771234
2012-10-16,0.8648171035366118,1.170709768041235
2012-10-17,0.8648171035366118,1.1715741608519568
2012-10-18,0.8648171035366118,1.1714221740951472
2012-10-19,0.8648171035366118,1.172539612599584
2012-10-22,0.8648171035366118,1.1727756253951722
2012-10-23,0.8648171035366118,1.1729755686176524
2012-10-24,0.8648171035366118,1.1726174249822745
2012-10-25,0.8648171035366118,1.1729561578745866
2012-10-29,0.8648171035366118,1.1729327049562974
2012-10-30,0.8648171035366118,1.172718606288547
2012-10-31,0.8648171035366118,1.1736961560695338
2012-11-01,0.8648171035366118,1.1739445949712255
2012-11-02,0.8648171035366118,1.174226201492189
2012-11-05,0.8651289984484766,1.1738027186816313
2012-11-06,0.8651289984484766,1.1737203468887485
2012-11-07,0.8651289984484766,1.1741162058295516
2012-11-08,0.8651289984484766,1.1742502526009178
2012-11-09,0.8651289984484766,1.175083961027861
2012-11-12,0.8651289984484766,1.1753174486833704
2012-11-13,0.8651289984484766,1.1754589065818808
2012-11-14,0.8651289984484766,1.1741934863448402
2012-11-15,0.8651289984484766,1.1750045628848624
2012-11-16,0.8651289984484766,1.1743765418742316
2012-11-19,0.8651289984484766,1.1739279257533763
2012-11-20,0.8651289984484766,1.17402137899327
2012-11-21,0.8651289984484766,1.1735215650017004
2012-11-22,0.8651289984484766,1.173543924444044
2012-11-23,0.8651289984484766,1.1738286772408573
2012-11-27,0.8651289984484766,1.1742629865546415
2012-11-28,0.8651289984484766,1.1739908107430594
2012-11-29,0.8651289984484766,1.1747670059187412
2012-11-30,0.8651289984484766,1.1758483773554689
2012-12-03,0.8651289984484766,1.1762992761927773
2012-12-04,0.8651289984484766,1.177332306624985
2012-12-05,0.8651289984484766,1.1773259837835948
2012-12-06,0.8651289984484766,1.1769838084243311
2012-12-07,0.8651289984484766,1.177406294972676
2012-12-10,0.8651289984484766,1.1773907322620303
2012-12-11,0.8651289984484766,1.1773142085869504
2012-12-12,0.8651289984484766,1.1773436236634098
2012-12-13,0.8651289984484766,1.1784227416745061
2012-12-14,0.8647336800451734,1.1789612188235676
2012-12-17,0.8646875047492205,1.1790241733313571
2012-12-18,0.8651633375037957,1.1783753628454583
2012-12-19,0.8651633375037957,1.1790382339908212
2012-12-20,0.8651633375037957,1.1798930204178013
2012-12-21,0.8654131109188561,1.179552384266984
2012-12-24,0.8654131109188561,1.1797546741696119
2012-12-26,0.8649313211163216,1.1813043020810974
2012-12-27,0.8647858871207825,1.1815029326548836
2012-12-28,0.8640852406527084,1.1824601821534155
2012-12-31,0.8631704063645566,1.1837120900302254
2013-01-01,0.8634318212367127,1.1833535977297442
2013-01-02,0.8637151829998515,1.1829652437756486
2013-01-03,0.8637151829998515,1.1825765109525668
2013-01-04,0.8637151829998515,1.1833860594627619
2013-01-07,0.8637151829998515,1.1833489816315923
2013-01-08,0.8637151829998515,1.1831320913454926
2013-01-09,0.8637151829998515,1.1831922192482738
2013-01-10,0.8637151829998515,1.1827982113884146
2013-01-11,0.8637151829998515,1.183393933920896
2013-01-14,0.8637151829998515,1.1838874017327048
2013-01-15,0.8637151829998515,1.183386761017291
2013-01-16,0.8637151829998515,1.182994535257281
2013-01-17,0.8637151829998515,1.1828968383656788
2013-01-18,0.8637151829998515,1.1827751179579735
2013-01-21,0.8637151829998515,1.1830698605825263
2013-01-22,0.8637151829998515,1.1826802891090173
2013-01-24,0.8637151829998515,1.1835371230292666
2013-01-25,0.8637151829998515,1.1832684364409822
2013-01-28,0.8637151829998515,1.1830284487693719
2013-01-29,0.8637151829998515,1.1841445932609325
2013-01-30,0.8637151829998515,1.1847154930802795
2013-01-31,0.8637151829998515,1.184924499768662
2013-02-01,0.8637151829998515,1.1854307535926727
2013-02-04,0.8637151829998515,1.1854799210760194
2013-02-05,0.8637151829998515,1.1856499510824308
2013-02-06,0.8637151829998515,1.1847919785958079
2013-02-07,0.8637151829998515,1.184428621112474
2013-02-08,0.8637151829998515,1.1844356027764877
2013-02-11,0.8637151829998515,1.184577367699383
2013-02-12,0.8637151829998515,1.1856841582724806
2013-02-13,0.8637151829998515,1.1857556844163777
2013-02-14,0.8637151829998515,1.1851027488101586
2013-02-15,0.8637151829998515,1.1858960473241191
2013-02-18,0.8637151829998515,1.1867399598834762
2013-02-19,0.8637151829998515,1.1872173196528906
2013-02-20,0.8637151829998515,1.1883285644171873
2013-02-22,0.8637151829998515,1.189479173909069
2013-02-25,0.8637151829998515,1.1903871121966185
2013-02-26,0.8632810664189148,1.1909854191307898
2013-02-27,0.8635594308813487,1.1906013865962433
2013-02-28,0.8635594308813487,1.1907590740851335
2013-03-01,0.8635594308813487,1.1900697685546686
2013-03-04,0.8635594308813487,1.19009298753709
2013-03-05,0.8635594308813487,1.1899239819172374
2013-03-06,0.8635594308813487,1.1907410888111654
2013-03-07,0.8635594308813487,1.190420501295117
2013-03-08,0.8635594308813487,1.1916345193759552
2013-03-11,0.8635594308813487,1.1916395222792766
2013-03-12,0.8635594308813487,1.191853237109329
2013-03-13,0.8635594308813487,1.1916799154344986
2013-03-14,0.8635594308813487,1.1930291951025238
2013-03-15,0.8635594308813487,1.1938834256368256
2013-03-18,0.8635594308813487,1.1936418955485462
2013-03-19,0.8635594308813487,1.1946701880086463
2013-03-20,0.8635594308813487,1.1946514169961746
2013-03-21,0.8635594308813487,1.1958984292071992
2013-03-25,0.8635594308813487,1.1961440695680328
2013-03-26,0.8635594308813487,1.1963107276671878
2013-03-27,0.8635594308813487,1.195987028266181
2013-03-28,0.8635594308813487,1.1964723598175886
2013-03-29,0.8635594308813487,1.1956790942706863
2013-04-01,0.8635594308813487,1.1958381534956106
2013-04-02,0.8635594308813487,1.1965956228291994
2013-04-03,0.8635594308813487,1.1970683037988719
2013-04-04,0.8635594308813487,1.1983058233248802
2013-04-05,0.8635594308813487,1.1980372743258474
2013-04-08,0.8635594308813487,1.1985460871479265
2013-04-09,0.8635594308813487,1.1984267692449329
2013-04-10,0.8635594308813487,1.1984556026196578
2013-04-11,0.8635594308813487,1.198176988252448
2013-04-12,0.8635594308813487,1.1983459365151417
2013-04-15,0.8635594308813487,1.1989194203955054
2013-04-16,0.8635594308813487,1.198493719273284
2013-04-17,0.8635594308813487,1.1984233642563789
2013-04-18,0.8635594308813487,1.1984761391869863
2013-04-19,0.8635594308813487,1.1984028942973832
2013-04-23,0.8635594308813487,1.1990159414279025
2013-04-24,0.8635594308813487,1.1990040126713828
2013-04-25,0.8635594308813487,1.1999466182927094
2013-04-26,0.8635594308813487,1.199720167708206
2013-04-29,0.8635594308813487,1.2000120833376622
2013-04-30,0.8635594308813487,1.2000730664641281
2013-05-01,0.8635594308813487,1.2003335979171676
2013-05-02,0.8635594308813487,1.2000026852109498
2013-05-03,0.8635594308813487,1.19992505574338
2013-05-06,0.8635594308813487,1.2007575552263814
2013-05-07,0.8635594308813487,1.20033290346125
2013-05-08,0.8635594308813487,1.2002174145711821
2013-05-09,0.8635594308813487,1.2006212614063898
2013-05-10,0.8635594308813487,1.199912614236781
2013-05-13,0.8635594308813487,1.1995892891745255
2013-05-14,0.8635594308813487,1.1996121101730486
2013-05-15,0.8635594308813487,1.2000035018923185
2013-05-16,0.8635594308813487,1.1997453259760098
2013-05-17,0.8635594308813487,1.2004138533759348
2013-05-20,0.8635594308813487,1.2007688906831855
2013-05-22,0.8635594308813487,1.2003878753358295
2013-05-23,0.8635594308813487,1.201096865278258
2013-05-24,0.8635594308813487,1.2004786665537914
2013-05-27,0.8635594308813487,1.2001863867742164
2013-05-28,0.8635594308813487,1.2017362893421242
2013-05-29,0.8635594308813487,1.2018840440454608
2013-05-30,0.8635594308813487,1.2029827468998604
2013-05-31,0.8635594308813487,1.2026764641569492
2013-06-03,0.8635594308813487,1.202358168638896
2013-06-04,0.8635594308813487,1.2028301349507928
2013-06-05,0.8635594308813487,1.2032315186169513
2013-06-06,0.8635594308813487,1.2024397877257513
2013-06-07,0.8635594308813487,1.2030881774334454
2013-06-10,0.8635594308813487,1.203890415881563
2013-06-11,0.8635594308813487,1.2036710075685526
2013-06-12,0.8635594308813487,1.2033283369915981
2013-06-13,0.8635594308813487,1.2037124400366865
2013-06-14,0.8635594308813487,1.2033650039880672
2013-06-17,0.8635594308813487,1.203083056770532
2013-06-18,0.8635594308813487,1.2031912886711258
2013-06-20,0.8635594308813487,1.2033366619709676
2013-06-21,0.8635594308813487,1.202835737906226
2013-06-24,0.8635594308813487,1.203141293752407
2013-06-25,0.8635594308813487,1.203935838017204
2013-06-26,0.8635594308813487,1.2032233617590051
2013-06-27,0.8635594308813487,1.2040485196177573
2013-06-28,0.8635594308813487,1.204521948616005
2013-07-01,0.8635594308813487,1.204966170102218
2013-07-02,0.8635594308813487,1.2047522496645608
2013-07-03,0.8635594308813487,1.2049085535330117
2013-07-04,0.8635594308813487,1.2050202226743836
2013-07-05,0.8635594308813487,1.2053918071864513
2013-07-08,0.8635594308813487,1.2056587859053
2013-07-09,0.8635594308813487,1.205796493501957
2013-07-10,0.8635594308813487,1.2069070354820597
2013-07-11,0.8635594308813487,1.207634226066129
2013-07-12,0.8635594308813487,1.2081994888452667
2013-07-15,0.8635594308813487,1.209123396846587
2013-07-16,0.8635594308813487,1.20875477788844
2013-07-17,0.8635594308813487,1.2090391398573805
2013-07-19,0.8635594308813487,1.2078778222313054
2013-07-22,0.8635594308813487,1.2091102568337142
2013-07-23,0.8635594308813487,1.20946739842078
2013-07-24,0.8635594308813487,1.2096837862752403
2013-07-25,0.8635594308813487,1.2102589940927888
2013-07-26,0.8635594308813487,1.2103950716441836
2013-07-29,0.8635594308813487,1.210878643573898
2013-07-30,0.8635594308813487,1.2112629531935495
2013-07-31,0.8635411195212557,1.211288637438675
2013-08-01,0.8635411195212557,1.2109602904126673
2013-08-02,0.8635411195212557,1.21136854412821
2013-08-05,0.8635411195212557,1.210905228266089
2013-08-06,0.8635411195212557,1.2111182503453557
2013-08-07,0.8635411195212557,1.211353060900247
2013-08-08,0.8635411195212557,1.2112771981652652
2013-08-09,0.8635411195212557,1.211601881087906
2013-08-12,0.8635411195212557,1.211794037730763
2013-08-13,0.8635411195212557,1.2124378976601056
2013-08-14,0.8635411195212557,1.2129223522698425
2013-08-15,0.8635411195212557,1.2136984781218103
2013-08-19,0.8633207314716106,1.21484693359699
2013-08-20,0.8627923805906885,1.2155904179408181
2013-08-21,0.8628206928992281,1.2155505286560437
2013-08-22,0.8629626405935019,1.215350551307058
2013-08-23,0.8626494146516142,1.215791682015677
2013-08-26,0.8626011532542456,1.2158597001519984
2013-08-27,0.8625082846228123,1.2159906010045443
2013-08-28,0.8627849607480416,1.2156005345277356
2013-08-29,0.862635496367094,1.215811118844383
2013-08-30,0.862635496367094,1.215890301723347
2013-09-02,0.862635496367094,1.2166949526840942
2013-09-03,0.8622494105889968,1.2172395032149874
2013-09-04,0.86203178870734,1.2175467205326957
2013-09-05,0.8619286328855928,1.2176924193736405
2013-09-06,0.8617717617402945,1.2179140395834356
2013-09-09,0.8614775177176899,1.218329885103217
2013-09-10,0.8609792945226165,1.2190344887585947
2013-09-11,0.8611183017347931,1.2188376726598713
2013-09-12,0.8612745990007779,1.2186164475441907
2013-09-13,0.8612745990007779,1.2185718630096483
2013-09-17,0.8610257046519655,1.2186637070736543
2013-09-18,0.8608592727562034,1.218899268578925
2013-09-19,0.8605261289646604,1.2193709702108808
2013-09-20,0.8608291347498538,1.2189416090958205
2013-09-23,0.8608291347498538,1.2200220022696078
2013-09-24,0.8608109312277672,1.2200478014631617
2013-09-25,0.8606990946192922,1.2202063101476395
2013-09-26,0.8606990946192922,1.2204747894725287
2013-09-27,0.8606990946192922,1.21898351732821
2013-09-30,0.8606990946192922,1.2188164458104467
2013-10-01,0.8606990946192922,1.219541387922155
2013-10-02,0.8606990946192922,1.219864285955998
2013-10-03,0.8606990946192922,1.2208871515751245
2013-10-04,0.8606990946192922,1.2212650171933552
2013-10-07,0.8606990946192922,1.2218518606248328
2013-10-08,0.8606990946192922,1.221700788115347
2013-10-09,0.8606990946192922,1.221833344797617
2013-10-10,0.8606990946192922,1.2218510570011625
2013-10-11,0.8606990946192922,1.222418175893177
2013-10-14,0.8606990946192922,1.2216119582241962
2013-10-16,0.8606990946192922,1.2210148444631566
2013-10-17,0.8606990946192922,1.2208858613106846
2013-10-18,0.8606990946192922,1.2212929580741008
2013-10-21,0.8606990946192922,1.2209350733441977
2013-10-22,0.8606990946192922,1.2210259455367587
2013-10-23,0.8606990946192922,1.2223402557492569
2013-10-24,0.8606990946192922,1.222446706587678
2013-10-25,0.8606990946192922,1.2221807799988371
2013-10-28,0.8606990946192922,1.2220608782724593
2013-10-29,0.8606990946192922,1.222896409466741
2013-10-30,0.8606990946192922,1.2230296494891717
2013-10-31,0.8606990946192922,1.2223155519016824
2013-11-01,0.8606990946192922,1.2223920416503942
2013-11-04,0.8606990946192922,1.2225502801932921
2013-11-05,0.8606990946192922,1.2220434189840568
2013-11-06,0.8606990946192922,1.2228272516178829
2013-11-07,0.8606990946192922,1.2229394006229923
2013-11-08,0.8606990946192922,1.2234868979577624
2013-11-11,0.8606990946192922,1.222763904020768
2013-11-12,0.8606990946192922,1.2229313095920227
2013-11-14,0.8606990946192922,1.2234897721866858
2013-11-15,0.8606990946192922,1.2222785639400635
2013-11-18,0.8606990946192922,1.2218896421370153
2013-11-19,0.8606990946192922,1.221277947719515
2013-11-20,0.8606990946192922,1.2215979415629428
2013-11-21,0.8606990946192922,1.221755985973606
2013-11-22,0.8606990946192922,1.2234326644942244
2013-11-25,0.8606990946192922,1.2231088687752145
2013-11-26,0.8606990946192922,1.2241148179524481
2013-11-27,0.8606990946192922,1.2247174782182244
2013-11-28,0.8606990946192922,1.225211699832779
2013-11-29,0.8606990946192922,1.2252724388627625
2013-12-02,0.8606990946192922,1.2259666129542386
2013-12-03,0.8606990946192922,1.2266620061921034
2013-12-04,0.8606990946192922,1.2266680386946123
2013-12-05,0.8606990946192922,1.2267579504755648
2013-12-06,0.8606990946192922,1.226621041355265
2013-12-09,0.8606990946192922,1.2270720022840242
2013-12-10,0.8606990946192922,1.2269989280501212
2013-12-11,0.8606990946192922,1.2265421425528116
2013-12-13,0.8606990946192922,1.227715100145126
2013-12-16,0.8606990946192922,1.228095880074496
2013-12-17,0.8606990946192922,1.2273104539228359
2013-12-18,0.8606990946192922,1.2275577644968645
2013-12-19,0.8606990946192922,1.227826724613638
2013-12-20,0.8606990946192922,1.2274219149835441
2013-12-23,0.8606990946192922,1.228718102995371
2013-12-24,0.8606990946192922,1.2289682086625715
2013-12-25,0.8606990946192922,1.2289881948911234
2013-12-26,0.8606990946192922,1.2297490291456654
2013-12-27,0.8606990946192922,1.230309844969193
2013-12-30,0.8606990946192922,1.230899367783683
2013-12-31,0.8606990946192922,1.2306941644315208
2014-01-01,0.8606990946192922,1.229982085188159
2014-01-02,0.8606990946192922,1.2299640881706482
2014-01-03,0.8606990946192922,1.2298385489954324
2014-01-06,0.8606990946192922,1.2314660246141846
2014-01-07,0.8606990946192922,1.2319460361958965
2014-01-08,0.8606990946192922,1.2322488524765223
2014-01-09,0.8606990946192922,1.232918800625223
2014-01-13,0.8606990946192922,1.2336976923657068
2014-01-14,0.8606990946192922,1.233471603851119
2014-01-15,0.8606990946192922,1.2333520091516257
2014-01-16,0.8606990946192922,1.2348032079521953
2014-01-17,0.8601835948625933,1.2355427704279196
2014-01-20,0.8601701392160267,1.2355620977284354
2014-01-21,0.8600493747612469,1.2357355657160765
2014-01-22,0.8589772984881602,1.237275945627615
2014-01-23,0.8588864519031595,1.2374068015822037
2014-01-24,0.8591916164830963,1.2369671477420727
2014-01-27,0.8598351935330207,1.2360405981197011
2014-01-28,0.8598351935330207,1.235898576977588
2014-01-29,0.8598351935330207,1.235627657207682
2014-01-30,0.8598351935330207,1.2355022810552139
2014-01-31,0.8598351935330207,1.236434258772704
2014-02-03,0.8598351935330207,1.2362514106308315
2014-02-04,0.8598351935330207,1.236373575999394
2014-02-05,0.8598351935330207,1.2358598890541863
2014-02-06,0.8598351935330207,1.2342629703515902
2014-02-07,0.8598351935330207,1.2353687854632174
2014-02-11,0.8598351935330207,1.235423245235004
2014-02-12,0.8598351935330207,1.2354241106161503
2014-02-13,0.8598351935330207,1.2360777759377075
2014-02-14,0.8598351935330207,1.2365147210924063
2014-02-17,0.8598351935330207,1.2373136184296194
2014-02-18,0.8598351935330207,1.2370141468684164
2014-02-19,0.8598351935330207,1.238033352621328
2014-02-20,0.8598351935330207,1.2378901413635017
2014-02-21,0.8598351935330207,1.2385865228450728
2014-02-24,0.8598351935330207,1.2395200552359638
2014-02-25,0.8598351935330207,1.2398754662577087
2014-02-26,0.8598351935330207,1.239424106754763
2014-02-27,0.8598351935330207,1.2396971865806705
2014-02-28,0.8598351935330207,1.2398053500146156
2014-03-03,0.8598351935330207,1.2404811734984735
2014-03-04,0.8598351935330207,1.240025875013235
2014-03-05,0.8598351935330207,1.2398796124610652
2014-03-06,0.8598351935330207,1.2393201521269388
2014-03-07,0.8598351935330207,1.240338176193623
2014-03-10,0.8598351935330207,1.2405795154431878
2014-03-12,0.8598351935330207,1.2406159155197833
2014-03-13,0.8598351935330207,1.2413357236693705
2014-03-14,0.8598351935330207,1.241292139456193
2014-03-17,0.8598351935330207,1.241937377147981
2014-03-18,0.8598351935330207,1.2424833783518496
2014-03-19,0.8598351935330207,1.2427243048279217
2014-03-20,0.8598351935330207,1.2426232553637167
2014-03-21,0.8598351935330207,1.2429404609019024
2014-03-24,0.8598351935330207,1.2429120984084943
2014-03-25,0.8598351935330207,1.242072184802488
2014-03-26,0.8598351935330207,1.2420735952705484
2014-03-27,0.8598351935330207,1.2421070952551017
2014-03-28,0.8598351935330207,1.2425520110056039
2014-03-31,0.8598351935330207,1.2433269883570663
2014-04-01,0.8598351935330207,1.2432195892264006
2014-04-02,0.8598351935330207,1.2431815623141798
2014-04-03,0.8598351935330207,1.2429046056868598
2014-04-04,0.8598351935330207,1.243485780404489
2014-04-07,0.8598351935330207,1.2440916083984068
2014-04-08,0.8598351935330207,1.2453113460083873
2014-04-10,0.8598351935330207,1.245949945311304
2014-04-11,0.8598351935330207,1.2472382781793734
2014-04-14,0.8598351935330207,1.247479453916626
2014-04-15,0.8598351935330207,1.2478958217525544
2014-04-16,0.8598351935330207,1.2479808704487405
2014-04-17,0.8598351935330207,1.2486338996568815
2014-04-18,0.8598351935330207,1.248570693248172
2014-04-21,0.8598351935330207,1.2504401064809636
2014-04-22,0.8596775333309759,1.2506693883727908
2014-04-23,0.8585805982070441,1.2522652230053612
2014-04-24,0.8591542278913823,1.2514285671269494
2014-04-25,0.8591542278913823,1.2508810954876333
2014-04-28,0.8591542278913823,1.2508246442166806
2014-04-29,0.8591542278913823,1.2500520082312911
2014-04-30,0.8591542278913823,1.2509005262466495
2014-05-01,0.8591542278913823,1.2500457747992486
2014-05-02,0.8591542278913823,1.2497667432262496
2014-05-05,0.8591542278913823,1.2503286992200078
2014-05-06,0.8591542278913823,1.2498877543194615
2014-05-07,0.8591542278913823,1.250740347480283
2014-05-09,0.8591542278913823,1.2521574906299289
2014-05-12,0.8591542278913823,1.2524741984663188
2014-05-13,0.8591542278913823,1.2530842791503947
2014-05-14,0.8591542278913823,1.252810221944107
2014-05-15,0.8591542278913823,1.2532167514808787
2014-05-16,0.8591542278913823,1.2531174580813278
2014-05-19,0.8591542278913823,1.2538395364956116
2014-05-20,0.8591542278913823,1.2550908186356349
2014-05-21,0.8591542278913823,1.2553650451116463
2014-05-22,0.8591542278913823,1.2567133836418198
2014-05-23,0.8591542278913823,1.2570567749263208
2014-05-26,0.8591542278913823,1.257731767855509
2014-05-27,0.8591542278913823,1.2564197314755272
2014-05-28,0.8591542278913823,1.2562311272127835
2014-05-29,0.8591542278913823,1.2565346684062426
2014-05-30,0.8591542278913823,1.256007985770845
2014-06-02,0.8591542278913823,1.2564433677633113
2014-06-03,0.8591542278913823,1.256427129364982
2014-06-04,0.8591542278913823,1.2566451090332584
2014-06-05,0.8591542278913823,1.2563991211100858
2014-06-09,0.8591542278913823,1.2562718596390419
2014-06-10,0.8591542278913823,1.2561294111644994
2014-06-11,0.8591542278913823,1.2574898721927874
2014-06-12,0.8591542278913823,1.2585745444014622
2014-06-13,0.8591542278913823,1.2591735551426217
2014-06-16,0.8591542278913823,1.2588353039511604
2014-06-17,0.8591542278913823,1.2599052481262336
2014-06-18,0.859998157385612,1.2586676691627474
2014-06-19,0.859998157385612,1.2580183397754385
2014-06-20,0.859998157385612,1.2586737501293266
2014-06-23,0.859998157385612,1.2590551031388026
2014-06-24,0.859998157385612,1.2594253178093051
2014-06-25,0.859998157385612,1.260463815719362
2014-06-26,0.859998157385612,1.261112217378569
2014-06-27,0.859998157385612,1.2612817610582787
2014-06-30,0.859998157385612,1.2620851989733735
2014-07-01,0.859998157385612,1.2621284108571913
2014-07-02,0.859998157385612,1.2627058587327813
2014-07-03,0.859998157385612,1.263861277434182
2014-07-04,0.8594228988821049,1.2647066826723836
2014-07-08,0.860388153860566,1.2635442127225842
2014-07-09,0.860388153860566,1.263809231416456
2014-07-10,0.860388153860566,1.264824545785739
2014-07-11,0.860388153860566,1.264971021710039
2014-07-14,0.860388153860566,1.2660538321567574
2014-07-15,0.860388153860566,1.265575438287903
2014-07-16,0.860388153860566,1.266180094949678
2014-07-17,0.860388153860566,1.2663354603415076
2014-07-18,0.860388153860566,1.2662267180139346
2014-07-21,0.860388153860566,1.2671355467079368
2014-07-22,0.860388153860566,1.268502154609798
2014-07-23,0.860388153860566,1.269053643490624
2014-07-24,0.860388153860566,1.267954076801234
2014-07-25,0.860388153860566,1.2686574953495602
2014-07-28,0.860388153860566,1.2704611429131152
2014-07-29,0.8604335561901908,1.270394101200224
2014-07-30,0.8609179154946606,1.269678964977522
2014-07-31,0.8609179154946606,1.2693432553846196
2014-08-01,0.8609179154946606,1.26926336709109
2014-08-04,0.8609179154946606,1.2697449466955082
2014-08-06,0.8609179154946606,1.2704048352476325
2014-08-07,0.8609179154946606,1.270721868292222
2014-08-08,0.8609179154946606,1.2701279364420297
2014-08-11,0.8609179154946606,1.2698692130450917
2014-08-12,0.8609179154946606,1.2701853325337473
2014-08-13,0.8609179154946606,1.270357015033624
2014-08-14,0.8609179154946606,1.2718819895273685
2014-08-15,0.8609179154946606,1.2721517153166324
2014-08-18,0.861303376532953,1.2715821314896194
2014-08-19,0.861303376532953,1.2722489980779161
2014-08-20,0.861303376532953,1.2724189255931058
2014-08-21,0.861303376532953,1.2722682681673207
2014-08-22,0.861303376532953,1.272449173806984
2014-08-25,0.861303376532953,1.2723116649848267
2014-08-26,0.861303376532953,1.2726732069859532
2014-08-27,0.861303376532953,1.2728845017371684
2014-08-28,0.861303376532953,1.272646340324029
2014-08-29,0.861303376532953,1.2728676193364288
2014-09-01,0.861303376532953,1.273140056681545
2014-09-02,0.861303376532953,1.273141207196275
2014-09-04,0.861303376532953,1.2737226782248323
2014-09-05,0.861303376532953,1.2730105232651476
2014-09-08,0.861303376532953,1.273598550412602
2014-09-09,0.861303376532953,1.273929376210196
2014-09-10,0.861303376532953,1.2731403074263572
2014-09-11,0.861303376532953,1.2743427415736552
2014-09-12,0.861303376532953,1.2750535855899188
2014-09-15,0.861303376532953,1.2751907779651106
2014-09-16,0.861303376532953,1.275538380156296
2014-09-17,0.861303376532953,1.274484881317886
2014-09-18,0.861303376532953,1.2750424280767911
2014-09-19,0.861303376532953,1.27539756567267
2014-09-22,0.861303376532953,1.2753699065289743
2014-09-23,0.861303376532953,1.2760340276993232
2014-09-24,0.861303376532953,1.276538853296063
2014-09-25,0.861303376532953,1.2765726661305876
2014-09-26,0.861303376532953,1.2768158667195666
2014-09-29,0.861303376532953,1.2768282242972444
2014-09-30,0.861303376532953,1.2770766529630186
2014-10-01,0.861303376532953,1.2780985225053607
2014-10-03,0.861303376532953,1.2771079885992427
2014-10-06,0.861303376532953,1.277483636146265
2014-10-07,0.861303376532953,1.277519620939899
2014-10-08,0.861303376532953,1.2776823127160242
2014-10-09,0.861303376532953,1.2780888792552536
2014-10-10,0.861303376532953,1.27698601984928
2014-10-13,0.861303376532953,1.2775951024791665
2014-10-14,0.861303376532953,1.2768708248561345
2014-10-15,0.861303376532953,1.2776917225023554
2014-10-16,0.861303376532953,1.2773187419853314
2014-10-17,0.861303376532953,1.2773705264549216
2014-10-20,0.861303376532953,1.2777139821066572
2014-10-21,0.861303376532953,1.2781654995246088
2014-10-22,0.861303376532953,1.2789655170236935
2014-10-23,0.861303376532953,1.2788195707823329
2014-10-24,0.861303376532953,1.2793596479617095
2014-10-27,0.861303376532953,1.2806963742201247
2014-10-28,0.861303376532953,1.2817267804888894
2014-10-29,0.861303376532953,1.2820377629169972
2014-10-30,0.861303376532953,1.2820559528117814
2014-11-03,0.861303376532953,1.2813326385161499
2014-11-04,0.861303376532953,1.2826491711128132
2014-11-05,0.861303376532953,1.2831446030426032
2014-11-06,0.861303376532953,1.2842510834578595
2014-11-07,0.8614722358874873,1.2839993047990022
2014-11-10,0.8614722358874873,1.2845484282999844
2014-11-11,0.8614722358874873,1.2841479979000685
2014-11-12,0.8614722358874873,1.284697724881672
2014-11-13,0.8614722358874873,1.2843584436691171
2014-11-14,0.8614722358874873,1.284635850282997
2014-11-17,0.8614722358874873,1.2840766157052916
2014-11-18,0.8614722358874873,1.284413126836488
2014-11-19,0.8614722358874873,1.2845390572200666
2014-11-20,0.8614722358874873,1.285447518747171
2014-11-21,0.8614722358874873,1.2858164262815193
2014-11-24,0.8614722358874873,1.2850505855983938
2014-11-25,0.8614722358874873,1.284789038256607
2014-11-26,0.8614722358874873,1.2851945693111357
2014-11-27,0.8614722358874873,1.2853947213207413
2014-11-28,0.8614722358874873,1.2866022124705738
2014-12-02,0.8614722358874873,1.287611935991089
2014-12-03,0.8614722358874873,1.2893499643559105
2014-12-04,0.8614722358874873,1.2900183421263034
2014-12-05,0.8611965128845288,1.2904312256950887
2014-12-08,0.8609265503839152,1.2908357420108734
2014-12-09,0.8603165758711618,1.2917503112066155
2014-12-10,0.8604179573011994,1.2915980887602807
2014-12-11,0.8602430248844878,1.2918606848313756
2014-12-12,0.8601442983924393,1.2920089462760362
2014-12-15,0.8597237826787134,1.2926405961808245
2014-12-16,0.859791613012996,1.2925386096526945
2014-12-17,0.859791613012996,1.2923543766241639
2014-12-18,0.859791613012996,1.2926705035436619
2014-12-19,0.859791613012996,1.2933823349832603
2014-12-22,0.859791613012996,1.2934280393927133
2014-12-23,0.859791613012996,1.2941680713025472
2014-12-24,0.859791613012996,1.2948744918880932
2014-12-25,0.859791613012996,1.2945817304688525
2014-12-26,0.859791613012996,1.29585621307399
2014-12-29,0.859791613012996,1.2952848231705616
2014-12-31,0.859791613012996,1.2962479143172168
2015-01-01,0.859791613012996,1.2963981466097543
2015-01-02,0.859791613012996,1.2970960237581044
2015-01-05,0.859791613012996,1.2977720922486788
2015-01-06,0.859791613012996,1.2967407245964222
2015-01-07,0.859791613012996,1.2970735483622025
2015-01-08,0.859791613012996,1.2969892676824155
2015-01-09,0.859791613012996,1.2965470327293158
2015-01-12,0.859791613012996,1.2976394226068033
2015-01-13,0.859791613012996,1.2978073191534654
2015-01-14,0.859791613012996,1.2985237068124877
2015-01-15,0.859791613012996,1.298014831335625
2015-01-16,0.859791613012996,1.299672731812038
2015-01-19,0.859791613012996,1.3000859546697614
2015-01-20,0.859791613012996,1.3003089892883173
2015-01-21,0.859791613012996,1.3002056882377155
2015-01-22,0.859791613012996,1.3003564456069858
2015-01-23,0.859791613012996,1.301287359845825
2015-01-26,0.859791613012996,1.3017973129460951
2015-01-27,0.859791613012996,1.3016939361774207
2015-01-29,0.859791613012996,1.3023432936036765
2015-01-30,0.859791613012996,1.302200732106023
2015-02-02,0.859791613012996,1.3038790589807956
2015-02-03,0.859473789329131,1.304361040474413
2015-02-04,0.8593159883194152,1.3046005236230285
2015-02-05,0.8587345110355589,1.3054833136319488
2015-02-06,0.8584154581992495,1.3059683507984028
2015-02-09,0.8585614637101744,1.305746222253898
2015-02-10,0.8591923385365079,1.304786754055034
2015-02-11,0.8591923385365079,1.3047428400724046
2015-02-12,0.8591923385365079,1.3050591846376511
2015-02-13,0.8591923385365079,1.3050000292886128
2015-02-16,0.8591923385365079,1.3052259276169214
2015-02-17,0.8591923385365079,1.305960526270265
2015-02-18,0.8591923385365079,1.3066392950684003
2015-02-19,0.8591923385365079,1.3072853618823863
2015-02-20,0.8591923385365079,1.3071919753092869
2015-02-23,0.8591923385365079,1.3067237059616172
2015-02-24,0.8591923385365079,1.306450384755344
2015-02-25,0.8591923385365079,1.3063193449413781
2015-02-27,0.8591923385365079,1.306156395335185
2015-03-02,0.8591923385365079,1.3070936296600537
2015-03-03,0.8591923385365079,1.306269168571834
2015-03-04,0.8591923385365079,1.306644566534367
2015-03-05,0.8591923385365079,1.3072645150854514
2015-03-06,0.8591923385365079,1.3080110554805529
2015-03-09,0.8591923385365079,1.3077576269856366
2015-03-10,0.8591923385365079,1.3071438001994427
2015-03-11,0.8591923385365079,1.3069548345059396
2015-03-12,0.8591923385365079,1.306547195353204
2015-03-13,0.8591923385365079,1.3069689799826256
2015-03-16,0.8591923385365079,1.3075487817357194
2015-03-17,0.8591923385365079,1.308128208667533
2015-03-18,0.8591923385365079,1.3086559719593933
2015-03-19,0.8591923385365079,1.3081070566444932
2015-03-20,0.8591923385365079,1.3087599686510136
2015-03-23,0.8591923385365079,1.3081836175683137
2015-03-24,0.8591923385365079,1.307518653308907
2015-03-25,0.8591923385365079,1.3063326250308172
2015-03-26,0.8591923385365079,1.3070526504869113
2015-03-30,0.8591923385365079,1.3065173797166985
2015-03-31,0.8591923385365079,1.3071719585933606
2015-04-01,0.8591923385365079,1.3085800162035919
2015-04-02,0.8591923385365079,1.309918121576884
2015-04-03,0.8591923385365079,1.3092102530973786
2015-04-06,0.8591923385365079,1.310117818375568
2015-04-07,0.8591923385365079,1.3100372487698608
2015-04-08,0.8591923385365079,1.310276762739101
2015-04-09,0.8591923385365079,1.3106486855985457
2015-04-10,0.8591923385365079,1.3110704811708773
2015-04-13,0.8591923385365079,1.3105482936095831
2015-04-14,0.8591923385365079,1.309677165358989
2015-04-15,0.8591923385365079,1.310639024167738
2015-04-16,0.8591923385365079,1.311029986727308
2015-04-17,0.8591923385365079,1.3118202032322546
2015-04-20,0.8591923385365079,1.3113793232303204
2015-04-21,0.8591923385365079,1.3109272551754665
2015-04-22,0.8591923385365079,1.310446136912931
2015-04-23,0.8591923385365079,1.309904588986166
2015-04-24,0.8591923385365079,1.3109875495903254
2015-04-28,0.8591923385365079,1.3095671242571405
2015-04-29,0.8591923385365079,1.3092999991775711
2015-04-30,0.8591923385365079,1.308543360064589
2015-05-01,0.8591923385365079,1.3097952795346175
2015-05-04,0.8591923385365079,1.310602133977301
2015-05-05,0.8591923385365079,1.3115833665918457
2015-05-06,0.8591923385365079,1.3119564055701987
2015-05-07,0.8591923385365079,1.3130726823441337
2015-05-08,0.8591923385365079,1.3130023156822617
2015-05-11,0.8591923385365079,1.312998866414717
2015-05-12,0.8591923385365079,1.3130477363928934
2015-05-13,0.8591923385365079,1.313439895636231
2015-05-14,0.8591923385365079,1.3146310682260718
2015-05-15,0.8591923385365079,1.315466076152565
2015-05-18,0.8591923385365079,1.3150086768660199
2015-05-19,0.8591923385365079,1.3148546275123876
2015-05-20,0.8591923385365079,1.3150845086049079
2015-05-21,0.8591923385365079,1.315530353428667
2015-05-22,0.8591923385365079,1.317249551096537
2015-05-25,0.8588690401535416,1.3177452080417071
2015-05-27,0.8588690401535416,1.317795103673479
2015-05-28,0.8588690401535416,1.3174841896049172
2015-05-29,0.8588690401535416,1.317327577032145
2015-06-01,0.8588690401535416,1.317924755186764
2015-06-02,0.8588690401535416,1.317798471145797
2015-06-03,0.8588690401535416,1.317439279017634
2015-06-04,0.8588690401535416,1.3180694205562844
2015-06-05,0.8588690401535416,1.3168428549477442
2015-06-08,0.8588690401535416,1.318260541194551
2015-06-09,0.8588690401535416,1.3183139614739041
2015-06-10,0.8588690401535416,1.318683931848843
2015-06-11,0.8588690401535416,1.3190991772852476
2015-06-12,0.8588690401535416,1.3193390456005725
2015-06-15,0.8588690401535416,1.32015138812538
2015-06-16,0.8588690401535416,1.3198591045613048
2015-06-17,0.8588690401535416,1.321473515092731
2015-06-18,0.8588690401535416,1.3214776693030585
2015-06-19,0.8588690401535416,1.3214882152452565
2015-06-22,0.8588690401535416,1.3212483987542034
2015-06-23,0.8588690401535416,1.3214718071613603
2015-06-25,0.8588690401535416,1.32175075062843
2015-06-26,0.8588690401535416,1.3225988402294953
2015-06-29,0.8588690401535416,1.3234636257345471
2015-06-30,0.8588690401535416,1.3225236830220788
2015-07-01,0.8588690401535416,1.3221962696663145
2015-07-02,0.8588690401535416,1.3231284018996812
2015-07-03,0.8588690401535416,1.322946041100549
2015-07-06,0.8588690401535416,1.3235410598121091
2015-07-07,0.8588690401535416,1.3233058226054135
2015-07-08,0.8588690401535416,1.32323219165913
2015-07-09,0.8588690401535416,1.3226826030383034
2015-07-10,0.8588690401535416,1.3238311849031725
2015-07-13,0.8588690401535416,1.3244884464860815
2015-07-14,0.8588690401535416,1.325172701902626
2015-07-15,0.8588690401535416,1.3253566525989118
2015-07-16,0.8588690401535416,1.3254989581034073
2015-07-17,0.8588690401535416,1.3265217183917748
2015-07-20,0.8588690401535416,1.3263000746048714
2015-07-21,0.8588690401535416,1.326366663162877
2015-07-22,0.8588690401535416,1.3275512019922158
2015-07-24,0.8588690401535416,1.3272340298532885
2015-07-27,0.8588690401535416,1.3277966354004054
2015-07-28,0.8588690401535416,1.3278692840921151
2015-07-29,0.8588690401535416,1.3278241747080834
2015-07-30,0.8588690401535416,1.3285665527322856
2015-07-31,0.8588690401535416,1.3291628895684773
2015-08-03,0.8588690401535416,1.331167160571247
2015-08-04,0.8585140185360406,1.331717411070934
2015-08-05,0.8576352554048742,1.3330805386806348
2015-08-06,0.8578884759599937,1.332686940828988
2015-08-07,0.8578884759599937,1.3326633671670318
2015-08-10,0.8578884759599937,1.3325361314897013
2015-08-11,0.8578884759599937,1.3328770759497097
2015-08-12,0.8578814499259096,1.3328879921002676
2015-08-13,0.8582013681789006,1.3323909360118042
2015-08-14,0.8582013681789006,1.3345187697913745
2015-08-17,0.8585932262262121,1.333909423385483
2015-08-18,0.8585932262262121,1.3337383928827358
2015-08-19,0.8585932262262121,1.3347216634675523
2015-08-20,0.8585932262262121,1.3352893417796825
2015-08-24,0.8585932262262121,1.3349773413569583
2015-08-25,0.8585932262262121,1.3358880309795917
2015-08-26,0.8585932262262121,1.3348909689462034
2015-08-27,0.8585932262262121,1.3343287054010482
2015-08-28,0.8585932262262121,1.3348276649201611
2015-08-31,0.8585932262262121,1.3349902112549066
2015-09-01,0.8585932262262121,1.3354005521024068
2015-09-02,0.8585932262262121,1.3353791990128294
2015-09-03,0.8585932262262121,1.3351916968009003
2015-09-04,0.8585932262262121,1.3353203577756738
2015-09-07,0.8585932262262121,1.3356229350379065
2015-09-08,0.8585932262262121,1.3350315821868213
2015-09-09,0.8585932262262121,1.3355551535004426
2015-09-10,0.8585932262262121,1.3369292381160216
2015-09-11,0.8585932262262121,1.3372308791922944
2015-09-14,0.8585932262262121,1.3364345286095136
2015-09-15,0.8585932262262121,1.3379445209725689
2015-09-16,0.8585932262262121,1.3385134210954877
2015-09-17,0.8585932262262121,1.3384651604277333
2015-09-18,0.8585932262262121,1.3384247994598828
2015-09-22,0.8585932262262121,1.3390350577135144
2015-09-23,0.8585932262262121,1.3380157396787222
2015-09-24,0.8585932262262121,1.3384671137122834
2015-09-25,0.8585932262262121,1.3394282087159255
2015-09-28,0.8585932262262121,1.3403418209670184
2015-09-29,0.8585932262262121,1.3403705762860336
2015-09-30,0.8585932262262121,1.339782744020323
2015-10-01,0.8585932262262121,1.3397190564995487
2015-10-02,0.8585932262262121,1.3398235403808205
2015-10-05,0.8585932262262121,1.340617615731016
2015-10-06,0.8585932262262121,1.3417433846920912
2015-10-07,0.8585932262262121,1.3414941832514342
2015-10-08,0.8585932262262121,1.3407053405667282
2015-10-09,0.8585932262262121,1.3415377732149694
2015-10-12,0.8585932262262121,1.3410215327338424
2015-10-13,0.8585932262262121,1.3408002979095355
2015-10-14,0.8585932262262121,1.3401333770105992
2015-10-15,0.8585932262262121,1.3413183429086772
2015-10-16,0.8585932262262121,1.3421938823363828
2015-10-19,0.8585932262262121,1.341930920096767
2015-10-21,0.8585932262262121,1.3407207110336783
2015-10-22,0.8585932262262121,1.3405142579036102
2015-10-23,0.8585932262262121,1.3412138511865617
2015-10-26,0.8585932262262121,1.3421677282519848
2015-10-27,0.8585932262262121,1.3417453393912409
2015-10-28,0.8585932262262121,1.3429459102320185
2015-10-29,0.8585932262262121,1.3418710551413693
2015-10-30,0.8585932262262121,1.342814881060994
2015-11-02,0.8585932262262121,1.3426832023144724
2015-11-03,0.8585932262262121,1.3426775920664253
2015-11-04,0.8585932262262121,1.3430833781162483
2015-11-05,0.8585932262262121,1.3441452200365802
2015-11-06,0.8585932262262121,1.3446263818553534
2015-11-09,0.8585932262262121,1.344801309670724
2015-11-10,0.8585932262262121,1.345171295305178
2015-11-11,0.8585932262262121,1.3459748944959988
2015-11-12,0.8585932262262121,1.3460615357037622
2015-11-13,0.8585932262262121,1.3464071706572391
2015-11-16,0.8585932262262121,1.3476603611764253
2015-11-17,0.8587703603601361,1.3473823288747384
2015-11-19,0.8583539457733901,1.3490275390198458
2015-11-20,0.8578019282400211,1.3498951145208422
2015-11-23,0.8571189381999872,1.3509699138281834
2015-11-24,0.8564508486363849,1.3520229402635402
2015-11-25,0.8558667398033355,1.352945034675789
2015-11-26,0.8564703611035721,1.35199083654774
2015-11-27,0.8564703611035721,1.3526074839764413
2015-11-30,0.8564703611035721,1.3524997246049848
2015-12-01,0.8564703611035721,1.3529955612473543
2015-12-02,0.8564703611035721,1.3530503190434588
2015-12-03,0.8564703611035721,1.353184254177756
2015-12-04,0.8564703611035721,1.3540825718637939
2015-12-07,0.8564703611035721,1.3533692312406362
2015-12-08,0.8564703611035721,1.352125670022807
2015-12-09,0.8564703611035721,1.3531674623676055
2015-12-10,0.8564703611035721,1.3540220991969873
2015-12-11,0.8564703611035721,1.3540790503415352
2015-12-14,0.8564703611035721,1.3549147498367853
2015-12-15,0.8564703611035721,1.3546951246447563
2015-12-16,0.8564703611035721,1.3554760645050814
2015-12-18,0.8564703611035721,1.3539360788983035
2015-12-21,0.8564703611035721,1.3536108991410467
2015-12-22,0.8564703611035721,1.3528784286495876
2015-12-23,0.8564703611035721,1.3523717211027328
2015-12-24,0.8564703611035721,1.3531783357036338
2015-12-25,0.8564703611035721,1.3537852230022087
2015-12-28,0.8564703611035721,1.354227065196337
2015-12-29,0.8564703611035721,1.3541239335625757
2015-12-30,0.8564703611035721,1.3542516248354426
2015-12-31,0.8564703611035721,1.3555493469828177
2016-01-01,0.8564703611035721,1.3561198613003649
2016-01-04,0.8564703611035721,1.356429892210015
2016-01-05,0.8564703611035721,1.3565175781285894
2016-01-06,0.8564703611035721,1.355670653718084
2016-01-07,0.8564703611035721,1.3571393966415328
2016-01-08,0.8564703611035721,1.3567262787978926
2016-01-11,0.8564703611035721,1.355923992040895
2016-01-12,0.8564703611035721,1.3547669022932214
2016-01-13,0.8564703611035721,1.3555338756677737
2016-01-14,0.8564703611035721,1.3558823166945986
2016-01-18,0.8564703611035721,1.3557648887854115
2016-01-19,0.8564703611035721,1.3562504579969676
2016-01-20,0.8564703611035721,1.3566341532526875
2016-01-21,0.8564703611035721,1.3582555111152002
2016-01-22,0.8564703611035721,1.35829980937543
2016-01-25,0.8564703611035721,1.3585849246448987
2016-01-26,0.8564703611035721,1.359476027066806
2016-01-27,0.8564703611035721,1.3591524423378838
2016-01-28,0.8564703611035721,1.3601364136419396
2016-01-29,0.8564703611035721,1.3606227312239454
2016-02-01,0.8564703611035721,1.359896155413464
2016-02-02,0.8564703611035721,1.3609358953797703
2016-02-03,0.8564703611035721,1.3617330599737762
2016-02-04,0.8564703611035721,1.3622255128245706
2016-02-05,0.8564703611035721,1.3621623433581433
2016-02-08,0.8564703611035721,1.3626499476308271
2016-02-09,0.8564703611035721,1.364322388128852
2016-02-10,0.8564703611035721,1.3643775652676744
2016-02-11,0.8564703611035721,1.3652922814454977
2016-02-12,0.8564703611035721,1.3655502042891197
2016-02-16,0.8564703611035721,1.3648565441662617
2016-02-17,0.8564703611035721,1.3662018370919164
2016-02-18,0.8564703611035721,1.3657219954880675
2016-02-19,0.8564703611035721,1.3654811764348929
2016-02-22,0.8564703611035721,1.3648871261992137
2016-02-23,0.8564703611035721,1.3652116913704462
2016-02-24,0.8564703611035721,1.3653147229068563
2016-02-25,0.8564703611035721,1.3654525617078561
2016-02-26,0.8564703611035721,1.365091836287112
2016-02-29,0.8564703611035721,1.3654082196329809
2016-03-01,0.8564703611035721,1.3662410329660712
2016-03-02,0.8564703611035721,1.3654013911162193
2016-03-03,0.8564703611035721,1.3655230948454877
2016-03-04,0.8564703611035721,1.3656434924027407
2016-03-07,0.8564703611035721,1.366904171663814
2016-03-08,0.8564703611035721,1.3679345826062128
2016-03-09,0.8564703611035721,1.3678393620112228
2016-03-10,0.8564703611035721,1.3677875606158698
2016-03-11,0.8564703611035721,1.3682669074738465
2016-03-14,0.8564703611035721,1.3682397719082835
2016-03-16,0.8564703611035721,1.3678205592397206
2016-03-17,0.8564703611035721,1.3687875753923113
2016-03-18,0.8564703611035721,1.368955983800839
2016-03-21,0.8564703611035721,1.370330058663997
2016-03-22,0.8564703611035721,1.3706961653910898
2016-03-23,0.8564703611035721,1.3710100587343093
2016-03-24,0.8564703611035721,1.3710678295045193
2016-03-25,0.8564703611035721,1.3721256030652134
2016-03-28,0.8560400499447139,1.3728149917296304
2016-03-29,0.8557936454843107,1.373210145831699
2016-03-30,0.8547268261495674,1.37492196870158
2016-03-31,0.8554634647174036,1.3737370046652062
2016-04-01,0.8554634647174036,1.373274188959754
2016-04-04,0.8554634647174036,1.372974851704662
2016-04-05,0.8554634647174036,1.3732919881788181
2016-04-06,0.8554634647174036,1.3746504799643051
2016-04-07,0.8554634647174036,1.3737730642468786
2016-04-08,0.8554634647174036,1.3728456920085859
2016-04-11,0.8554634647174036,1.3732954280871688
2016-04-12,0.8554634647174036,1.3732068939831568
2016-04-14,0.8554634647174036,1.3748883529702367
2016-04-15,0.8554634647174036,1.3756319792424536
2016-04-18,0.8554634647174036,1.375480609010338
2016-04-19,0.8554634647174036,1.375684839247
2016-04-20,0.8554634647174036,1.3756827669243525
2016-04-21,0.8554634647174036,1.375532885147447
2016-04-22,0.8554634647174036,1.3760127995549016
2016-04-25,0.8554634647174036,1.376413026239228
2016-04-26,0.8554634647174036,1.3773688444923
2016-04-27,0.8554634647174036,1.3783981196229307
2016-04-28,0.8554634647174036,1.379183445685313
2016-04-29,0.8554634647174036,1.3784735382537858
2016-05-02,0.8554634647174036,1.3798693734982466
2016-05-03,0.8554634647174036,1.3795230660628708
2016-05-04,0.8554634647174036,1.3786517706746548
2016-05-05,0.8554634647174036,1.37956282559384
2016-05-06,0.8554634647174036,1.3812535736899925
2016-05-09,0.8554634647174036,1.3816429708839926
2016-05-10,0.8554634647174036,1.381759601460656
2016-05-11,0.8554634647174036,1.3822935712873097
2016-05-13,0.8554634647174036,1.3809961331902283
2016-05-16,0.8554634647174036,1.3806257909532749
2016-05-17,0.8554634647174036,1.3815520973379911
2016-05-18,0.8554634647174036,1.3822053333309594
2016-05-19,0.8554634647174036,1.382237189738064
2016-05-20,0.8554634647174036,1.3822603273952905
2016-05-23,0.8554634647174036,1.3819189483119512
2016-05-24,0.8554634647174036,1.3821566311226843
2016-05-25,0.8554634647174036,1.3816469541969467
2016-05-26,0.8554634647174036,1.3806094978016312
2016-05-27,0.8554634647174036,1.3805974025810281
2016-05-30,0.8554634647174036,1.3810220439368583
2016-05-31,0.8554634647174036,1.3816953908876952
2016-06-01,0.8554634647174036,1.3821157843467566
2016-06-02,0.8554634647174036,1.3820123384538194
2016-06-03,0.8554634647174036,1.3823386084323825
2016-06-06,0.8554634647174036,1.3829400673918406
2016-06-07,0.8554634647174036,1.3834770478885334
2016-06-08,0.8554634647174036,1.3836003618164108
2016-06-09,0.8554634647174036,1.384768844490346
2016-06-13,0.8554634647174036,1.3848791430629628
2016-06-14,0.8554634647174036,1.3847828668491762
2016-06-15,0.8554634647174036,1.3851400663719204
2016-06-16,0.8554634647174036,1.3848663228851177
2016-06-17,0.8554634647174036,1.3856458347842517
2016-06-20,0.8554634647174036,1.3845334417551685
2016-06-21,0.8554634647174036,1.385862608989176
2016-06-22,0.8554634647174036,1.3856753843614802
2016-06-23,0.8554634647174036,1.38579544986274
2016-06-24,0.8554634647174036,1.3861571692631767
2016-06-27,0.8554634647174036,1.3866703310783868
2016-06-28,0.8554634647174036,1.3861853221861995
2016-06-29,0.8554634647174036,1.3874595700016807
2016-06-30,0.8554634647174036,1.3872791812085015
2016-07-01,0.8554634647174036,1.3888232041461261
2016-07-04,0.8554634647174036,1.389234902614707
2016-07-05,0.8559697233126886,1.3884127610045438
2016-07-06,0.8559697233126886,1.3895147063603683
2016-07-07,0.8559697233126886,1.3908414760288448
2016-07-08,0.8559697233126886,1.391070889039086
2016-07-12,0.8559697233126886,1.3910554829868953
2016-07-13,0.8559697233126886,1.3919787838749111
2016-07-14,0.8559697233126886,1.3911970698701213
2016-07-15,0.8559697233126886,1.3904609542786421
2016-07-18,0.8559697233126886,1.3909183752315546
2016-07-19,0.8559697233126886,1.3919925950584453
2016-07-20,0.8559697233126886,1.3905999312401756
2016-07-21,0.8559697233126886,1.3899359606675337
2016-07-22,0.8559697233126886,1.39046684632389
2016-07-25,0.8559697233126886,1.3915071340063105
2016-07-26,0.8559697233126886,1.3922182974544304
2016-07-27,0.8559697233126886,1.3932153695960063
2016-07-28,0.8559697233126886,1.3930124607499277
2016-07-29,0.8559697233126886,1.3932098903559438
2016-08-01,0.8559697233126886,1.3933687343190062
2016-08-02,0.8559697233126886,1.394773286312923
2016-08-03,0.8559697233126886,1.3941278430476474
2016-08-04,0.8559697233126886,1.3945714877976128
2016-08-05,0.8559697233126886,1.394367096856667
2016-08-08,0.8559697233126886,1.3939875388229273
2016-08-10,0.8559697233126886,1.3956275720811597
2016-08-11,0.8559697233126886,1.3966627769159634
2016-08-12,0.8559697233126886,1.3977987840418562
2016-08-15,0.8559697233126886,1.3972754324232057
2016-08-16,0.8559697233126886,1.3959802985827303
2016-08-17,0.8559697233126886,1.397832566101526
2016-08-18,0.8559697233126886,1.3988218079341228
2016-08-19,0.8559697233126886,1.3990855879670956
2016-08-22,0.8559697233126886,1.3996209932497414
2016-08-23,0.8559697233126886,1.3998919009980353
2016-08-24,0.8559697233126886,1.4016049349410853
2016-08-25,0.8559697233126886,1.4018692183050323
2016-08-26,0.8559697233126886,1.4027501448760322
2016-08-29,0.8549540799213048,1.4044145657960765
2016-08-30,0.8555517360425168,1.403432809019099
2016-08-31,0.8555517360425168,1.4031149829151828
2016-09-01,0.8555517360425168,1.402888245976068
2016-09-02,0.8555517360425168,1.4032010765786311
2016-09-05,0.8555517360425168,1.4028873810207203
2016-09-06,0.8555517360425168,1.4028734438796588
2016-09-08,0.8555517360425168,1.4033832061516418
2016-09-09,0.8555517360425168,1.4028285370870726
2016-09-12,0.8555517360425168,1.4031780337865534
2016-09-13,0.8555517360425168,1.403452420768779
2016-09-14,0.8555517360425168,1.404665522272797
2016-09-15,0.8555517360425168,1.4050828689914292
2016-09-16,0.8555517360425168,1.405681344894119
2016-09-19,0.8555517360425168,1.4060828541175459
2016-09-20,0.8551662530589316,1.4067163880009326
2016-09-21,0.8546890667347371,1.4075013415932582
2016-09-22,0.8552854949855325,1.4065191439779712
2016-09-23,0.8552854949855325,1.4065173701342937
2016-09-26,0.8552854949855325,1.4056837873661825
2016-09-27,0.8552854949855325,1.406856404620396
2016-09-28,0.8552854949855325,1.4069692457798912
2016-09-29,0.8552854949855325,1.4078578836906244
2016-09-30,0.8552854949855325,1.408710075542598
2016-10-03,0.8552854949855325,1.4094729469076834
2016-10-04,0.8552854949855325,1.4092319013531236
2016-10-05,0.8552854949855325,1.4100226436667602
2016-10-07,0.8552854949855325,1.4093380530034516
2016-10-10,0.8552854949855325,1.4084578356973285
2016-10-11,0.8552854949855325,1.409517453024268
2016-10-12,0.8552854949855325,1.408560058012807
2016-10-13,0.8552854949855325,1.4083302872303907
2016-10-14,0.8552854949855325,1.4097422829328141
2016-10-17,0.8552854949855325,1.4097067361204385
2016-10-18,0.8552854949855325,1.4096713010847983
2016-10-19,0.8552854949855325,1.4110125288325666
2016-10-20,0.8552854949855325,1.4121220813488844
2016-10-21,0.8552854949855325,1.4126362053611041
2016-10-24,0.8552854949855325,1.4110957380007767
2016-10-25,0.8552854949855325,1.4114252780623995
2016-10-26,0.8552854949855325,1.4107737646629126
2016-10-27,0.8552854949855325,1.411362317217702
2016-10-28,0.8552854949855325,1.4116904388907674
2016-10-31,0.8552854949855325,1.4111104002645893
2016-11-01,0.8552854949855325,1.41211122315178
2016-11-02,0.8552854949855325,1.4123635266647772
2016-11-03,0.8552854949855325,1.4132159799142856
2016-11-07,0.8552854949855325,1.4140393692458162
2016-11-08,0.8552854949855325,1.4141851676983086
2016-11-09,0.8552854949855325,1.4139575693494901
2016-11-10,0.8552854949855325,1.4136688824698922
2016-11-11,0.8552854949855325,1.4149694647444733
2016-11-14,0.8552854949855325,1.415104538660084
2016-11-15,0.8552854949855325,1.4144462330511796
2016-11-16,0.8552854949855325,1.4140362872248957
2016-11-17,0.8552854949855325,1.4152383127709816
2016-11-18,0.8552854949855325,1.415030162995186
2016-11-21,0.8552854949855325,1.4167635464618653
2016-11-22,0.8552854949855325,1.4171941377627146
2016-11-23,0.8552854949855325,1.4160126294795221
2016-11-24,0.8552854949855325,1.4170184205408731
2016-11-25,0.8552854949855325,1.4175064379863846
2016-11-28,0.8552854949855325,1.4172711472782356
2016-11-29,0.8552854949855325,1.4187581672932905
2016-11-30,0.8552854949855325,1.419302612942732
2016-12-01,0.8552854949855325,1.419018197602585
2016-12-02,0.8552854949855325,1.4202043628327374
2016-12-06,0.8552854949855325,1.4200061230804313
2016-12-07,0.8552854949855325,1.4196679053604215
2016-12-08,0.8552854949855325,1.4203631070151053
2016-12-09,0.8552854949855325,1.4205850696820075
2016-12-12,0.8552854949855325,1.4203698610345221
2016-12-13,0.8552854949855325,1.4206845352323652
2016-12-14,0.8552854949855325,1.4208413291431146
2016-12-15,0.8552854949855325,1.4210426608899154
2016-12-16,0.8552854949855325,1.421295672322896
2016-12-19,0.8552854949855325,1.4217240048919029
2016-12-20,0.8552854949855325,1.4218554759876407
2016-12-21,0.8552854949855325,1.4227389983861374
2016-12-22,0.8548525447269946,1.423459196753577
2016-12-23,0.8545726318121972,1.4239252942288856
2016-12-26,0.8547377775555064,1.423650121361913
2016-12-27,0.8547377775555064,1.4233603808323172
2016-12-28,0.8547377775555064,1.4241742180904209
2016-12-29,0.8547377775555064,1.4243745682443425
2016-12-30,0.8547377775555064,1.4249860075301355
2017-01-02,0.8547377775555064,1.4250380549688617
2017-01-04,0.8547377775555064,1.4256767974419164
2017-01-05,0.8547377775555064,1.42543281978195
2017-01-06,0.8547377775555064,1.4257022043217342
2017-01-09,0.8547377775555064,1.4275570612294266
2017-01-10,0.8547377775555064,1.4277698644525918
2017-01-11,0.8547377775555064,1.426530379497757
2017-01-12,0.8547377775555064,1.426829927491335
2017-01-13,0.8547377775555064,1.4276149231428579
2017-01-16,0.8547377775555064,1.4277443312135951
2017-01-17,0.8547377775555064,1.4274269864558145
2017-01-18,0.8547377775555064,1.4266621230081058
2017-01-19,0.8547377775555064,1.4276626230063572
2017-01-20,0.8547377775555064,1.4270735775806753
2017-01-23,0.8547377775555064,1.4264775923661197
2017-01-24,0.8547377775555064,1.4265800021024746
2017-01-25,0.8547377775555064,1.4267773929551109
2017-01-26,0.8547377775555064,1.4264905383843791
2017-01-27,0.8547377775555064,1.4261980146902247
2017-01-30,0.8547377775555064,1.4270266298335395
2017-01-31,0.8547377775555064,1.4269509923121413
2017-02-02,0.8547377775555064,1.4280907664191878
2017-02-03,0.8547377775555064,1.4276639910782387
2017-02-06,0.8547377775555064,1.4275850826243817
2017-02-07,0.8547377775555064,1.4274393304436943
2017-02-08,0.8547377775555064,1.4279992904245165
2017-02-09,0.8547377775555064,1.4292999336994174
2017-02-10,0.8547377775555064,1.42955777929138
2017-02-13,0.8547377775555064,1.4295836454276698
2017-02-14,0.8547377775555064,1.4287267117948719
2017-02-15,0.8547377775555064,1.4280209367711096
2017-02-16,0.8547377775555064,1.428931983032172
2017-02-17,0.8547377775555064,1.4281180124826722
2017-02-20,0.8547377775555064,1.4283458120518484
2017-02-21,0.8547377775555064,1.4277988230497267
2017-02-22,0.8547377775555064,1.4280606884015339
2017-02-23,0.8547377775555064,1.4285096459551883
2017-02-24,0.8547377775555064,1.4284878830845027
2017-02-27,0.8547377775555064,1.4282751581121795
2017-02-28,0.8547377775555064,1.4277609238218987
2017-03-01,0.8547377775555064,1.427543272662136
2017-03-03,0.8547377775555064,1.4292705685613079
2017-03-06,0.8547377775555064,1.4293542327527045
2017-03-07,0.8547377775555064,1.42997293470442
2017-03-08,0.8547377775555064,1.430629942994961
2017-03-09,0.8547377775555064,1.4303941056149725
2017-03-10,0.8547377775555064,1.429974942013114
2017-03-13,0.8547377775555064,1.4309020203571492
2017-03-14,0.8547377775555064,1.4318654449070078
2017-03-15,0.8547377775555064,1.4329064827474975
2017-03-16,0.8547377775555064,1.433212239266202
2017-03-17,0.8547377775555064,1.4334539539635942
2017-03-20,0.8551054129376444,1.4328374041795775
2017-03-21,0.8551054129376444,1.4330141920178907
2017-03-22,0.8551054129376444,1.4329720929326824
2017-03-23,0.8551054129376444,1.4341101585215825
2017-03-24,0.8546165022818312,1.4349301179412082
2017-03-27,0.8546631228970648,1.4348518403456585
2017-03-28,0.8537417004925875,1.4363987710571635
2017-03-29,0.8539325716643049,1.4360776351488123
2017-03-30,0.8539699545877988,1.436014767444561
2017-04-03,0.8539699545877988,1.4330517099783773
2017-04-04,0.8539699545877988,1.4335991589507915
2017-04-05,0.8539699545877988,1.4338914226726374
2017-04-06,0.8539699545877988,1.4337039570294405
2017-04-07,0.8539699545877988,1.4332814750383527
2017-04-10,0.8539699545877988,1.43443373320278
2017-04-11,0.8539699545877988,1.4364399764436135
2017-04-12,0.8539699545877988,1.437383712396014
2017-04-13,0.8539699545877988,1.4368243284385205
2017-04-14,0.8539699545877988,1.43721996636753
2017-04-17,0.8539699545877988,1.4373107784702273
2017-04-18,0.8539699545877988,1.438266060420456
2017-04-19,0.8539699545877988,1.4400215139420072
2017-04-20,0.8539699545877988,1.4396565756647042
2017-04-21,0.8539699545877988,1.439963660137761
2017-04-24,0.8539699545877988,1.4416447386739508
2017-04-25,0.8539699545877988,1.4410477773784403
2017-04-26,0.8539699545877988,1.4407082501995132
2017-04-27,0.8539699545877988,1.4413634312771284
2017-04-28,0.8539699545877988,1.4412891875763323
2017-05-02,0.8539699545877988,1.4420889344983348
2017-05-03,0.8539699545877988,1.4431367889145132
2017-05-04,0.8539699545877988,1.443851632826755
2017-05-05,0.8539699545877988,1.4433452907847037
2017-05-08,0.8539699545877988,1.4429431022603363
2017-05-09,0.8539699545877988,1.4428854573793326
2017-05-10,0.8539699545877988,1.4436987241277741
2017-05-11,0.8539699545877988,1.444059383841152
2017-05-12,0.8539699545877988,1.4456046829650642
2017-05-15,0.8539699545877988,1.44573990055758
2017-05-16,0.8539699545877988,1.4448956795307488
2017-05-17,0.8539699545877988,1.445609667874725
2017-05-18,0.8539699545877988,1.4456104365612088
2017-05-19,0.8539699545877988,1.4456437505267663
2017-05-22,0.8539699545877988,1.4452231238264877
2017-05-23,0.8539699545877988,1.4462214840340282
2017-05-24,0.8539699545877988,1.4474820072623436
2017-05-25,0.8539699545877988,1.4490764029401424
2017-05-26,0.8539699545877988,1.4491120037783447
2017-05-29,0.8539699545877988,1.4477564225536177
2017-05-31,0.8539699545877988,1.4477322265080474
2017-06-01,0.8539699545877988,1.4477014719521881
2017-06-02,0.8539699545877988,1.4484816279049135
2017-06-05,0.8539699545877988,1.4493742700136736
2017-06-06,0.8539699545877988,1.448974100479746
2017-06-07,0.8539699545877988,1.448810421902962
2017-06-08,0.8539699545877988,1.4491998770495005
2017-06-09,0.8539699545877988,1.4500863161310111
2017-06-12,0.8539699545877988,1.4493365294079936
2017-06-13,0.8539699545877988,1.4489984573116264
2017-06-14,0.8539699545877988,1.4498061743039519
2017-06-15,0.8539699545877988,1.4493377579648816
2017-06-16,0.8539699545877988,1.4498767920080375
2017-06-19,0.8539699545877988,1.4505048078283043
2017-06-20,0.8539699545877988,1.4520291363400966
2017-06-21,0.8539699545877988,1.4533553701399302
2017-06-22,0.8539699545877988,1.4529075173955348
2017-06-23,0.8539699545877988,1.4534180909444059
2017-06-26,0.8539699545877988,1.453724626411095
2017-06-27,0.8539699545877988,1.4548916984256455
2017-06-29,0.853583813515661,1.4559640122336068
2017-06-30,0.8535505459780769,1.4560207569102646
2017-07-03,0.8531483527118842,1.456706834315552
2017-07-04,0.8528099878868977,1.4572845748122465
2017-07-05,0.8529821481919911,1.4569903867040264
2017-07-06,0.8528659075927182,1.4571889388496304
2017-07-07,0.8531199139969384,1.4567549487940643
2017-07-10,0.8531199139969384,1.4570873064883474
2017-07-11,0.8531199139969384,1.4571288078281441
2017-07-12,0.8531199139969384,1.4566885554146385
2017-07-13,0.8531199139969384,1.456288268358798
2017-07-14,0.8531199139969384,1.4568995315069049
2017-07-17,0.8531199139969384,1.456914254914325
2017-07-18,0.8531199139969384,1.4571067688368569
2017-07-19,0.8531199139969384,1.4574477068087925
2017-07-20,0.8531199139969384,1.458199969541038
2017-07-21,0.8531199139969384,1.458207016149371
2017-07-24,0.8531199139969384,1.4581261506921444
2017-07-25,0.8531199139969384,1.4593366041543878
2017-07-26,0.8531199139969384,1.4600670479938525
2017-07-28,0.8525142663467961,1.461796465727003
2017-07-31,0.8521191115731366,1.4624740330996007
2017-08-01,0.852069744192742,1.4625587612918554
2017-08-02,0.8517993662558392,1.4630228590058891
2017-08-03,0.8520465605981329,1.4625982860516005
2017-08-04,0.8520465605981329,1.4625252645738418
2017-08-07,0.8520465605981329,1.4637913914329952
2017-08-08,0.8520862829878291,1.4637231495143335
2017-08-09,0.8520862829878291,1.4634015583786844
2017-08-10,0.8520862829878291,1.463762743461373
2017-08-11,0.8520862829878291,1.463589159707397
2017-08-14,0.8520862829878291,1.464278010779776
2017-08-15,0.8520862829878291,1.4643471633573275
2017-08-16,0.8520862829878291,1.4647483534660881
2017-08-17,0.8520862829878291,1.4658948449068105
2017-08-18,0.8520862829878291,1.4658670711781678
2017-08-21,0.8520862829878291,1.4654155385841745
2017-08-22,0.8520862829878291,1.4659532015648276
2017-08-23,0.8520862829878291,1.4665490183478083
2017-08-24,0.8520469505419954,1.466616714496635
2017-08-28,0.8520469505419954,1.4668989813492384
2017-08-29,0.8520469505419954,1.466694141571805
2017-08-30,0.8520469505419954,1.467139554215644
2017-08-31,0.8520469505419954,1.4661116628819069
2017-09-01,0.8520469505419954,1.466665092372532
2017-09-04,0.8520469505419954,1.4667792445696664
2017-09-05,0.8520469505419954,1.4661439475946987
2017-09-06,0.8520469505419954,1.466306414128762
2017-09-07,0.8520469505419954,1.4665981777401977
2017-09-08,0.8520469505419954,1.4672549567263387
2017-09-11,0.8520469505419954,1.4662720733235592
2017-09-12,0.8520469505419954,1.4676573303086538
2017-09-13,0.8520469505419954,1.4684105270711318
2017-09-14,0.8520469505419954,1.4686253212412814
2017-09-15,0.8520469505419954,1.4681308763009442
2017-09-18,0.8520469505419954,1.4683713197231587
2017-09-19,0.8520469505419954,1.4690713567261713
2017-09-20,0.8520469505419954,1.4690706828990299
2017-09-21,0.8520469505419954,1.4700895042090476
2017-09-22,0.8520469505419954,1.4705870462770128
2017-09-26,0.8520469505419954,1.4703910197069532
2017-09-27,0.8520469505419954,1.4696023668273468
2017-09-28,0.8520469505419954,1.4692623640838518
2017-09-29,0.8520469505419954,1.4688004006482525
2017-10-02,0.8520469505419954,1.4693096883986267
2017-10-03,0.8520469505419954,1.4695660933265666
2017-10-04,0.8520469505419954,1.4703584053374759
2017-10-05,0.8520469505419954,1.470483977669937
2017-10-06,0.8520469505419954,1.470435172858868
2017-10-09,0.8520469505419954,1.4701798299993734
2017-10-10,0.8520469505419954,1.4710693165476434
2017-10-11,0.8520469505419954,1.4719113774066768
2017-10-12,0.8520469505419954,1.4725156737555083
2017-10-13,0.8520469505419954,1.4735328969084323
2017-10-16,0.8520469505419954,1.473451483115826
2017-10-17,0.8520469505419954,1.4742010569109938
2017-10-18,0.8520469505419954,1.4742900649468604
2017-10-19,0.8520469505419954,1.4740530173667317
2017-10-20,0.8520469505419954,1.4746888896644361
2017-10-23,0.8520469505419954,1.4749655725388096
2017-10-25,0.8520469505419954,1.475931201348232
2017-10-26,0.8520469505419954,1.4767706968778258
2017-10-27,0.8520469505419954,1.4761836763751346
2017-10-30,0.8520469505419954,1.4751772214570138
2017-10-31,0.8520469505419954,1.4750499866094622
2017-11-01,0.8520469505419954,1.4745377889167512
2017-11-02,0.8520469505419954,1.4758873853932204
2017-11-03,0.8520469505419954,1.4759080708229253
2017-11-06,0.8520469505419954,1.4766370473691575
2017-11-07,0.8520469505419954,1.477735456330682
2017-11-08,0.8520469505419954,1.478485036644038
2017-11-09,0.8520469505419954,1.4779904511657789
2017-11-10,0.8520469505419954,1.477705117370846
2017-11-13,0.8520469505419954,1.4781588160048726
2017-11-14,0.8520469505419954,1.4793161156246983
2017-11-15,0.8520469505419954,1.4794596353250564
2017-11-16,0.8520469505419954,1.479351190015173
2017-11-17,0.8520469505419954,1.4791597692378933
2017-11-20,0.8520469505419954,1.480251292803305
2017-11-21,0.8520469505419954,1.4810994328458984
2017-11-23,0.8520469505419954,1.4803441207558037
2017-11-24,0.8520469505419954,1.4821071041012355
2017-11-27,0.8520469505419954,1.482065917002719
2017-11-28,0.8520469505419954,1.4817836673942797
2017-11-29,0.8520469505419954,1.4811817605064186
2017-11-30,0.8520469505419954,1.4804772912978665
2017-12-01,0.8520469505419954,1.4802247502466852
2017-12-04,0.8520469505419954,1.4815042593276688
2017-12-05,0.8520469505419954,1.4824101736755428
2017-12-06,0.8520469505419954,1.4828922727951575
2017-12-07,0.8520469505419954,1.482596227645246
2017-12-08,0.8520469505419954,1.48202070493077
2017-12-11,0.8520469505419954,1.4822581814973075
2017-12-12,0.8520469505419954,1.4825562799656287
2017-12-13,0.8520469505419954,1.4828183802308093
2017-12-14,0.8520469505419954,1.4837981630948593
2017-12-15,0.8520469505419954,1.4844542772397447
2017-12-18,0.8520469505419954,1.4835663332367721
2017-12-19,0.8520469505419954,1.4847206917730256
2017-12-20,0.8520469505419954,1.4839221908618105
2017-12-22,0.8520469505419954,1.4842012110146607
2017-12-25,0.8520469505419954,1.4853612938461556
2017-12-26,0.8520469505419954,1.4856468236285643
2017-12-27,0.8520469505419954,1.4866304903102567
2017-12-28,0.8520469505419954,1.487560609805233
2017-12-29,0.8520469505419954,1.4873992945920844
2018-01-01,0.8520469505419954,1.4871059885918416
2018-01-02,0.8520469505419954,1.4880523570334196
2018-01-03,0.8520469505419954,1.4891248366011935
2018-01-04,0.8520469505419954,1.488854965165898
2018-01-05,0.8520469505419954,1.4892977962709668
2018-01-08,0.8520469505419954,1.488233809297803
2018-01-09,0.8520469505419954,1.4879363344231173
2018-01-10,0.8520469505419954,1.4885769120759103
2018-01-11,0.8520469505419954,1.48711426235618
2018-01-12,0.8520469505419954,1.4873995351467522
2018-01-15,0.8520469505419954,1.4878863285989832
2018-01-16,0.8520469505419954,1.4893115225632938
2018-01-17,0.8520469505419954,1.4900064696856763
2018-01-18,0.8520469505419954,1.4900420778815084
2018-01-22,0.8520469505419954,1.4895050036746762
2018-01-23,0.8520469505419954,1.4899727249680284
2018-01-24,0.8520469505419954,1.4902580289344423
2018-01-25,0.8520469505419954,1.4905568153088542
2018-01-26,0.8520469505419954,1.490072784760042
2018-01-29,0.8520469505419954,1.4899288795845325
2018-01-30,0.8520469505419954,1.4901359176263567
2018-01-31,0.8520469505419954,1.4903784094450874
2018-02-01,0.8520469505419954,1.4903124035352362
2018-02-02,0.8520469505419954,1.4901242025303085
2018-02-05,0.8520469505419954,1.4915481532470138
2018-02-06,0.8520469505419954,1.492266595279945
2018-02-07,0.8520469505419954,1.4928682363596901
2018-02-08,0.8520469505419954,1.4924876299279914
2018-02-09,0.8520469505419954,1.4917268578068086
2018-02-12,0.8520469505419954,1.4922534461560146
2018-02-13,0.8520469505419954,1.4935122574207707
2018-02-14,0.8517069547311301,1.4941082197802111
2018-02-15,0.852157780372242,1.4933173582141157
2018-02-16,0.852157780372242,1.4928173028186345
2018-02-20,0.852157780372242,1.4929618953447252
2018-02-21,0.852157780372242,1.4935887509887273
2018-02-22,0.852157780372242,1.4930279787918324
2018-02-23,0.852157780372242,1.493962153683121
2018-02-26,0.852157780372242,1.4926706213189116
2018-02-27,0.852157780372242,1.4922005108608676
2018-02-28,0.852157780372242,1.4933769175886658
2018-03-01,0.852157780372242,1.4938803553755824
2018-03-02,0.852157780372242,1.4943823337211444
2018-03-05,0.852157780372242,1.4947813339849276
2018-03-06,0.852157780372242,1.4943657091055376
2018-03-07,0.852157780372242,1.4945915369968352
2018-03-08,0.852157780372242,1.494988903395919
2018-03-09,0.852157780372242,1.494751686296578
2018-03-12,0.852157780372242,1.494906086997641
2018-03-13,0.852157780372242,1.4950685300842173
2018-03-14,0.852157780372242,1.4956604809721241
2018-03-15,0.852157780372242,1.4954872667449792
2018-03-16,0.852157780372242,1.496101193960372
2018-03-19,0.852157780372242,1.4981799857228186
2018-03-21,0.852157780372242,1.4971430963921089
2018-03-22,0.852157780372242,1.4975019673423307
2018-03-23,0.852157780372242,1.49883899367787
2018-03-26,0.852157780372242,1.4991663518190492
2018-03-27,0.852157780372242,1.4996136968590537
2018-03-28,0.852157780372242,1.5002499767295854
2018-03-29,0.852157780372242,1.4998290466924034
2018-03-30,0.852157780372242,1.4998423584216098
2018-04-02,0.852157780372242,1.4997775862056566
2018-04-03,0.852157780372242,1.499576805769142
2018-04-04,0.852157780372242,1.500953034825574
2018-04-05,0.852157780372242,1.500363212480948
2018-04-06,0.852157780372242,1.4998445252288384
2018-04-09,0.852157780372242,1.4981049043786938
2018-04-10,0.852157780372242,1.5002585912698778
2018-04-11,0.852157780372242,1.5004042436377525
2018-04-12,0.852157780372242,1.5023199561560956
2018-04-13,0.852157780372242,1.5023516292906738
2018-04-16,0.852157780372242,1.50350809170668
2018-04-17,0.852157780372242,1.5027320008191538
2018-04-19,0.852157780372242,1.504653535485952
2018-04-20,0.8521581427969781,1.5046528955532152
2018-04-23,0.851251576815634,1.50625361619453
2018-04-24,0.8511128678842074,1.5064990557746145
2018-04-25,0.8502576034204554,1.5080129032978964
2018-04-26,0.8501388062114904,1.5082236014713375
2018-04-27,0.8491172065274342,1.5100360122723637
2018-04-30,0.8491007465118856,1.5100652841043911
2018-05-01,0.8494834448406186,1.5093846823467336
2018-05-02,0.8494834448406186,1.509907378926317
2018-05-03,0.8494834448406186,1.5101412169355188
2018-05-04,0.8494834448406186,1.5106766918793069
2018-05-07,0.8494834448406186,1.5104040534338536
2018-05-08,0.8496714413089703,1.5100697907362646
2018-05-09,0.8496714413089703,1.5115364271374034
2018-05-10,0.8497354170872238,1.5114226164164788
2018-05-11,0.8497354170872238,1.5132464497036626
2018-05-14,0.8490929039982456,1.5143906654574526
2018-05-15,0.848944352615632,1.5146556127042279
2018-05-16,0.8489593576200283,1.51462884132156
2018-05-18,0.848293625552451,1.5158292091064083
2018-05-21,0.8478133085519273,1.5166874951020743
2018-05-22,0.8478495121875758,1.5166227289549623
2018-05-23,0.8480148638281205,1.5163269499839125
2018-05-24,0.8476999648667716,1.5168900176870657
2018-05-25,0.8475726958853839,1.5171177551595552
2018-05-28,0.8478514149465882,1.51661886032905
2018-05-29,0.8478514149465882,1.517293671943823
2018-05-30,0.8476483354195604,1.5176570979826653
2018-05-31,0.8484669506006229,1.5161914227867825
2018-06-01,0.8484669506006229,1.517498796002748
2018-06-04,0.8484669506006229,1.5189353482587922
2018-06-05,0.8484669506006229,1.5182974171487904
2018-06-06,0.8484669506006229,1.5186967706229193
2018-06-07,0.8484669506006229,1.5188412373764206
2018-06-08,0.8484669506006229,1.5195186251995716
2018-06-11,0.8483435065626266,1.5197397010054972
2018-06-12,0.8487994278020393,1.5189229544839442
2018-06-13,0.8487994278020393,1.5184167215826392
2018-06-14,0.8487994278020393,1.5181485825474366
2018-06-18,0.8487994278020393,1.520584030282595
2018-06-19,0.8487994278020393,1.5231068616151495
2018-06-20,0.8482852626510459,1.5240294923849527
2018-06-21,0.8486142944190465,1.5234383538370573
2018-06-22,0.8486142944190465,1.522765503932363
2018-06-25,0.8486142944190465,1.5229585358740667
2018-06-26,0.8486142944190465,1.5234633182288297
2018-06-27,0.8486142944190465,1.5241196283467977
2018-06-28,0.8487904556087472,1.5238032411155884
2018-06-29,0.8489719840436502,1.5234773495888496
2018-07-02,0.8489719840436502,1.5246797105797556
2018-07-03,0.8487519335932854,1.5250749020151397
2018-07-04,0.8490510765457919,1.5245373887666562
2018-07-05,0.8490510765457919,1.5252537803600275
2018-07-06,0.8490510765457919,1.5253123595493432
2018-07-09,0.8490510765457919,1.523469230140621
2018-07-10,0.8490510765457919,1.5238575219063313
2018-07-11,0.8490510765457919,1.5240005145929028
2018-07-12,0.8490510765457919,1.5250627451716052
2018-07-13,0.8490510765457919,1.5252458871229866
2018-07-17,0.8490510765457919,1.5250929539292493
2018-07-18,0.8490510765457919,1.526555623889866
2018-07-19,0.8485289349068259,1.527494411057622
2018-07-20,0.8487530587461772,1.5270909505533183
2018-07-23,0.8487530587461772,1.5276749501756617
2018-07-24,0.8487530587461772,1.5277223834771456
2018-07-25,0.8487530587461772,1.5287031511772127
2018-07-26,0.8487530587461772,1.529022785963168
2018-07-27,0.8487530587461772,1.5296638734266055
2018-07-30,0.8487530587461772,1.5310068300619526
2018-07-31,0.8485460631605443,1.5313802150555396
2018-08-01,0.8479532054990844,1.5324501516594784
2018-08-02,0.8473740281040602,1.5334968609366966
2018-08-03,0.8471521343448289,1.533898423141764
2018-08-06,0.8471673578932044,1.5338708585805703
2018-08-07,0.8462810938933327,1.5354755173410222
2018-08-08,0.8462795045912987,1.5354784009388955
2018-08-09,0.8461978975386578,1.5356264677017257
2018-08-10,0.8454700792242362,1.536947266383163
2018-08-13,0.844547489468136,1.5386244065191361
2018-08-15,0.8445010599289644,1.5390179122925132
2018-08-16,0.8446709092043183,1.5387083791378933
2018-08-17,0.8441328231271827,1.539688592315077
2018-08-20,0.8432299101780992,1.541335495183286
2018-08-21,0.8430311614245188,1.5416987869792949
2018-08-22,0.8429112069321837,1.5419181545469343
2018-08-23,0.8430030269367915,1.5417501903166677
2018-08-24,0.8424377971737895,1.542783926930696
2018-08-27,0.8430299694447912,1.5416994624577811
2018-08-28,0.8421114939752288,1.5433791336308447
2018-08-29,0.841980000818204,1.5436201276039936
2018-08-30,0.8413828539208297,1.5447148899131073
2018-08-31,0.841857409141822,1.5438436426413846
2018-09-03,0.841946535695042,1.5436801975483263
2018-09-04,0.841800113401382,1.5439486578194
2018-09-05,0.841217804918048,1.5450166719322131
2018-09-06,0.840539898252225,1.5462617443671847
2018-09-07,0.8407225784987419,1.5459256847973437
2018-09-10,0.8404450469893084,1.5464360113899043
2018-09-11,0.8403520806425294,1.5466070713622624
2018-09-13,0.8403520806425294,1.5478180628009333
2018-09-14,0.8401295150897286,1.5482279992915042
2018-09-17,0.8397014693314525,1.5490168210339117
2018-09-18,0.8392498324754749,1.5498499660413452
2018-09-19,0.838944285362769,1.5504142225522515
2018-09-20,0.8383521848204096,1.5515084562434172
2018-09-21,0.8376007583515743,1.5528990943806493
2018-09-24,0.8381140658204764,1.5519474301233656
2018-09-25,0.8379472444026391,1.5522563356545578
2018-09-26,0.8375558138449926,1.5529814416408052
2018-09-27,0.8372458537721023,1.5535561642239348
2018-09-28,0.8369268791116192,1.5541480394154235
2018-10-01,0.837186640412248,1.5536656704938798
2018-10-02,0.8367819178940235,1.5544167616512012
2018-10-03,0.8367597029318373,1.5544580284482519
2018-10-04,0.8367460315111034,1.5544834260022278
2018-10-05,0.8361678845584796,1.5555574912762802
2018-10-08,0.836750427785507,1.554473762162152
2018-10-09,0.836750427785507,1.5567734476962534
2018-10-10,0.8369717006479803,1.5563617697268668
2018-10-12,0.836653303450461,1.5579887555607326
2018-10-15,0.8355927834339801,1.5599636216778088
2018-10-16,0.8350478376603078,1.5609809779781139
2018-10-17,0.8346748460485272,1.5616782228360448
2018-10-18,0.8341445772978079,1.5626703566761493
2018-10-19,0.8340727967091873,1.5628048290458978
2018-10-22,0.8344228927648624,1.562148852962518
2018-10-23,0.8343966602713072,1.5621979636233987
2018-10-24,0.8338966421855037,1.5631341217752817
2018-10-25,0.8331050830919057,1.5646178944228868
2018-10-26,0.8325608134891442,1.5656400631470415
2018-10-29,0.8327040617954587,1.565370683080492
2018-10-30,0.8323154129709405,1.566101290151872
2018-10-31,0.8328152342474043,1.565160816463993
2018-11-01,0.8328152342474043,1.5656364289775129
2018-11-02,0.832194762292431,1.5668028743737032
2018-11-05,0.8321216021755612,1.5669406155451153
2018-11-06,0.8321216021755612,1.5664856498701243
2018-11-07,0.8321216021755612,1.5670666804603732
2018-11-08,0.8321216021755612,1.568114485787389
2018-11-12,0.8319270939782789,1.5688238720345695
2018-11-13,0.8320563752687549,1.5685800771441587
2018-11-14,0.8316918588914551,1.5692672578980356
2018-11-15,0.8314055136810952,1.5698075447341633
2018-11-16,0.8313103414130623,1.5699872430185131
2018-11-19,0.8313103414130623,1.570060788333097
2018-11-20,0.8308867213803102,1.5708608616263582
2018-11-21,0.8298063271249891,1.5729034373555628
2018-11-22,0.8285530423344292,1.5752790470497995
2018-11-23,0.8285241753232877,1.5753339301960538
2018-11-26,0.8283080556379723,1.5757448544435302
2018-11-27,0.8281542261336499,1.576037494419983
2018-11-28,0.8278475428049493,1.5766211350145645
2018-11-29,0.8276776365778598,1.5769447184459922
2018-11-30,0.8280752648358022,1.5761871314899645
2018-12-03,0.8277343516893119,1.5768360373772334
2018-12-04,0.8271005625229872,1.5780434073450504
2018-12-05,0.8270177380025331,1.5782014300745604
2018-12-06,0.8263142129832146,1.5795439698298301
2018-12-07,0.826176486164516,1.5798072420361424
2018-12-11,0.8257000672423247,1.5815814497330067
2018-12-12,0.8254897395026203,1.5819843205388573
2018-12-13,0.8253235316270623,1.5823028444895502
2018-12-14,0.8252698770305985,1.582405710598841
2018-12-17,0.824983587324239,1.5829546540158221
2018-12-18,0.8242106130035345,1.5844378147928295
2018-12-19,0.8235371305467646,1.5857324973111937
2018-12-20,0.8233602258842753,1.5860731297633686
2018-12-21,0.823301194593971,1.5861868441989502
2018-12-24,0.822908037001241,1.586944308666851
2018-12-25,0.8230137081236213,1.5867405262528853
2018-12-26,0.8224515367692246,1.5878243721984815
2018-12-27,0.8218860215403706,1.588916155511029
2018-12-28,0.8219197715823668,1.5888509080368396
2018-12-31,0.8215431657062415,1.5895789238468276
2019-01-01,0.8210594367522068,1.5905148763107828
2019-01-02,0.8209067599803618,1.590810634042826
2019-01-03,0.820925554185974,1.590774213314427
2019-01-04,0.820609283463431,1.5913870768162175
2019-01-07,0.820349663522314,1.5918905512802568
2019-01-09,0.8200675355958325,1.5913635154453407
2019-01-10,0.8198456724840246,1.591794046890897
2019-01-11,0.8191640543350909,1.593117461465299
2019-01-14,0.8186201306659086,1.5941752890036203
2019-01-15,0.8181379882326825,1.595114209907268
2019-01-16,0.8179568776593551,1.595467319105513
2019-01-17,0.81821502635006,1.59496378669355
2019-01-18,0.8184088541261971,1.594585954126513
2019-01-21,0.8177836190462646,1.5958041607373787
2019-01-22,0.8175041554390625,1.596349499598125
2019-01-23,0.8175480307711837,1.5962638237468032
2019-01-24,0.817167112380194,1.5970075675079656
2019-01-25,0.817117202586485,1.5971051073098474
2019-01-28,0.8174141397971699,1.5965247255307904
2019-01-29,0.8163420150041164,1.5986187359688644
2019-01-30,0.8152367101583133,1.6007832221805032
2019-01-31,0.8147869653530943,1.6016663324839113
2019-02-01,0.815048973799263,1.6011512897489395
2019-02-04,0.8144617490964269,1.6023048837298457
2019-02-05,0.812879297191955,1.6054180691159192
2019-02-07,0.8128489775583785,1.6050741914347195
2019-02-08,0.8125790690902355,1.605607160200415
2019-02-11,0.8120320210049198,1.6066880941749269
2019-02-12,0.8114261062469973,1.6078869582621265
2019-02-13,0.8115261931404151,1.6076886303929832
2019-02-14,0.8115085145762173,1.6077236528320646
2019-02-15,0.8116457367749953,1.6074517944711153
2019-02-18,0.8102241283456155,1.610267267918831
2019-02-19,0.8099894236195053,1.610733728154782
2019-02-20,0.8091558183212657,1.6123914240835053
2019-02-21,0.8091395517067268,1.6124238382974148
2019-02-22,0.8092158867773489,1.6122717205479986
2019-02-25,0.8095351483209935,1.6116356277986006
2019-02-26,0.8091112398919135,1.6124795515351382
2019-02-27,0.8092037352771444,1.6122952172805354
2019-02-28,0.8092714186004764,1.6121603618742384
2019-03-01,0.8098842813858855,1.6109394697641315
2019-03-04,0.8098842813858855,1.6119826027459878
2019-03-05,0.8098842813858855,1.6119271428828064
2019-03-06,0.8098842813858855,1.6130593207006523
2019-03-08,0.8101375905485606,1.6145063833156883
2019-03-11,0.8100306477614158,1.6147195073757359
2019-03-12,0.8105206793849821,1.6137426756669726
2019-03-13,0.8098294067234894,1.615118996127074
2019-03-14,0.8096497755074351,1.6154772515657354
2019-03-15,0.8103436304822196,1.6140928172565336
2019-03-18,0.8103436304822196,1.6136545912607663
2019-03-19,0.810440353080738,1.6134619854830359
2019-03-20,0.8101911522892362,1.6139581058974648
2019-03-21,0.8096562227811498,1.6150237233301168
2019-03-22,0.8098721658161667,1.6145929811031967
2019-03-25,0.809356605052675,1.6156208233049683
2019-03-26,0.8092464083911468,1.6158407955890175
2019-03-27,0.8080481930668939,1.618233299507171
2019-03-28,0.8077592599636678,1.6188119298079158
2019-03-29,0.808379761517752,1.6175683967801906
2019-04-01,0.8078488237206621,1.618630803636612
2019-04-02,0.8080678517973328,1.6181919522310635
2019-04-03,0.8080678517973328,1.619110266913122
2019-04-04,0.8075247184358669,1.62019853295402
2019-04-08,0.8069559491668875,1.620633370140324
2019-04-09,0.8070347917556036,1.6204750282501708
2019-04-10,0.8066178377017654,1.6213122457271305
2019-04-11,0.805942785400694,1.6226691095492247
2019-04-12,0.8058743534656164,1.6228068890407326
2019-04-15,0.806088775310401,1.6223751030614657
2019-04-16,0.806088775310401,1.6221952803150097
2019-04-17,0.806088775310401,1.6229967593058527
2019-04-18,0.806088775310401,1.6222509765993773
2019-04-19,0.806088775310401,1.6223918929409247
2019-04-22,0.806088775310401,1.6230500355732442
2019-04-23,0.806088775310401,1.6239034263029475
2019-04-24,0.8057964139714191,1.6244924018533247
2019-04-25,0.8059522929077138,1.6241781485962623
2019-04-26,0.8059522929077138,1.624972163038111
2019-04-29,0.8062298122646785,1.6244126246712123
2019-04-30,0.8062298122646785,1.6248329291353432
2019-05-01,0.8062298122646785,1.6257362493413854
2019-05-02,0.8064317793157115,1.6253289893380438
2019-05-03,0.8064317793157115,1.6255762082997989
2019-05-07,0.8064317793157115,1.6249595650328807
2019-05-08,0.8060982917975923,1.6256315421874103
2019-05-09,0.8059751945965085,1.6258797882076204
2019-05-10,0.8059694239436829,1.625891429245529
2019-05-13,0.8050710141942674,1.6277038016111924
2019-05-14,0.8043054157898435,1.6292516991400028
2019-05-15,0.8046039521595617,1.6286469650699966
2019-05-16,0.804446905223729,1.6289648531623073
2019-05-17,0.8038063808321858,1.630261883102558
2019-05-20,0.8031486795693751,1.631595817896804
2019-05-21,0.8025487472721935,1.632814579817234
2019-05-22,0.801690671156556,1.6345603668450848
2019-05-23,0.8015811051125793,1.6347837601306494
2019-05-24,0.801488411109673,1.6349728048195107
2019-05-27,0.8013174072921618,1.635321639047524
2019-05-28,0.8012078981254809,1.6355451244084032
2019-05-29,0.8012566919644245,1.6354455191429382
2019-05-30,0.8019146998200432,1.6341024589104
2019-05-31,0.8019146998200432,1.63545240926289
2019-06-03,0.80238285858932,1.634497630173165
2019-06-05,0.80238285858932,1.6342099690351835
2019-06-06,0.80238285858932,1.6342021745054234
2019-06-07,0.80238285858932,1.634557269011606
2019-06-10,0.80238285858932,1.6351408100330584
2019-06-11,0.80238285858932,1.6347907922590756
2019-06-12,0.80238285858932,1.6349710627427327
2019-06-13,0.80238285858932,1.635370967061294
2019-06-14,0.80238285858932,1.635622757811004
2019-06-17,0.80238285858932,1.6372186858454658
2019-06-18,0.80238285858932,1.6375658944123697
2019-06-19,0.80238285858932,1.6367736524532344
2019-06-20,0.80238285858932,1.6380260230727433
2019-06-21,0.80238285858932,1.638838906253355
2019-06-24,0.80238285858932,1.638721858142679
2019-06-25,0.80238285858932,1.6393188792572297
2019-06-26,0.80238285858932,1.6394823409738306
2019-06-27,0.80238285858932,1.6392694754150767
2019-06-28,0.80238285858932,1.6403468563719714
2019-07-01,0.8025425446629944,1.6400204030508994
2019-07-02,0.8025324461234732,1.6400410397273792
2019-07-04,0.8023350432330828,1.6411029306727554
2019-07-05,0.8021368130156004,1.6415083924478604
2019-07-08,0.8025126918286288,1.6407391867261953
2019-07-09,0.8025126918286288,1.6404380555055016
2019-07-10,0.8025126918286288,1.640459001962541
2019-07-11,0.8025126918286288,1.6402763531085325
2019-07-12,0.8025126918286288,1.6417551284694312
2019-07-15,0.8025126918286288,1.640347194003306
2019-07-16,0.8025126918286288,1.6400569072162223
2019-07-17,0.8025126918286288,1.6408060186021964
2019-07-18,0.8025126918286288,1.6397513055537973
2019-07-19,0.8025126918286288,1.6407863720994107
2019-07-22,0.8025126918286288,1.6401553594225027
2019-07-23,0.8025126918286288,1.640695797429223
2019-07-24,0.8025126918286288,1.6410560316792826
2019-07-25,0.8025126918286288,1.6413304897229555
2019-07-26,0.8025126918286288,1.6417895680543493
2019-07-29,0.8025126918286288,1.6411731841331791
2019-07-30,0.8025126918286288,1.6417540253722482
2019-07-31,0.8025126918286288,1.6420896417633684
2019-08-02,0.8025126918286288,1.6422196924728414
2019-08-05,0.8025126918286288,1.6417331390846592
2019-08-06,0.8025126918286288,1.6403046997153474
2019-08-07,0.8027146779217078,1.6407175514261405
2019-08-08,0.8027146779217078,1.6399566866404152
2019-08-09,0.8033034220200947,1.641159498607638
2019-08-12,0.8033034220200947,1.6413930392958693
2019-08-13,0.8033034220200947,1.6415836320019344
2019-08-14,0.8033034220200947,1.6407709478418793
2019-08-15,0.8033034220200947,1.64143646324678
2019-08-16,0.8033034220200947,1.6427117788410526
2019-08-19,0.8033034220200947,1.642182689755274
2019-08-20,0.8033034220200947,1.6429865555619958
2019-08-21,0.8033034220200947,1.643255253965953
2019-08-22,0.8033034220200947,1.6427902899149882
2019-08-23,0.8033034220200947,1.6423268356171503
2019-08-26,0.8033034220200947,1.6406540305422364
2019-08-27,0.8033034220200947,1.6399557202522572
2019-08-28,0.8038953456348313,1.6411641409950675
2019-08-29,0.8038953456348313,1.6411701538912098
2019-09-02,0.8038953456348313,1.642128927755343
2019-09-03,0.8038953456348313,1.6429506971849734
2019-09-04,0.8038953456348313,1.6425897224157673
2019-09-05,0.8038953456348313,1.6438163661163858
2019-09-06,0.8038953456348313,1.643418470202225
2019-09-09,0.8038953456348313,1.6433341275395401
2019-09-10,0.8038953456348313,1.644054780418791
2019-09-11,0.8038953456348313,1.6430188148892848
2019-09-12,0.8038953456348313,1.6425676209561002
2019-09-13,0.8038953456348313,1.6416216182434844
2019-09-16,0.8038953456348313,1.6422102097340143
2019-09-17,0.8038953456348313,1.6417502459164557
2019-09-18,0.8038953456348313,1.6413928162504383
2019-09-19,0.8038953456348313,1.6411483176759105
2019-09-20,0.8038953456348313,1.6420830338880423
2019-09-23,0.8038953456348313,1.641980562943105
2019-09-24,0.8038953456348313,1.6415138169076984
2019-09-25,0.8038953456348313,1.6422333611843922
2019-09-26,0.8038953456348313,1.6411137208462707
2019-09-27,0.8038953456348313,1.6413680846775875
2019-10-01,0.8038953456348313,1.6418238775642742
2019-10-02,0.8038953456348313,1.6416712610222186
2019-10-03,0.8038953456348313,1.6430882935005657
2019-10-04,0.8038953456348313,1.6431075975185407
2019-10-07,0.8038953456348313,1.6437203204970576
2019-10-08,0.8038953456348313,1.6436162280392554
2019-10-09,0.8038953456348313,1.6421018689554174
2019-10-10,0.8038953456348313,1.6418908449273641
2019-10-11,0.8038953456348313,1.6441605088526186
2019-10-14,0.8038953456348313,1.6422088246707127
2019-10-15,0.8038953456348313,1.6424248780339719
2019-10-16,0.8038953456348313,1.6429981773990154
2019-10-17,0.8038953456348313,1.6424977540771935
2019-10-18,0.8038953456348313,1.6425614111394224
2019-10-21,0.8038953456348313,1.6435927191911903
2019-10-22,0.8038953456348313,1.6432036901998102
2019-10-23,0.8038953456348313,1.6431780066029382
2019-10-24,0.8038953456348313,1.6425864780556416
2019-10-25,0.8038953456348313,1.642856607188117
2019-10-28,0.8038953456348313,1.6437094655103848
2019-10-30,0.8038953456348313,1.6438599185146612
2019-10-31,0.8038953456348313,1.6430837259709512
2019-11-01,0.8036713091588785,1.6426258172522843
2019-11-04,0.8033334030855321,1.6419351701760982
2019-11-05,0.8034963367937183,1.642268190793504
2019-11-06,0.803138844796724,1.6415375119985391
2019-11-07,0.8034414086200173,1.6421559229606377
2019-11-08,0.8034414086200173,1.6426041803653753
2019-11-11,0.8034414086200173,1.6433560637513611
2019-11-12,0.8034414086200173,1.6427074202228258
2019-11-13,0.8034414086200173,1.6418398818563615
2019-11-14,0.8032182679120862,1.641383891774675
2019-11-15,0.802530989394387,1.6399794318250196
2019-11-18,0.8028840771298847,1.6407009698484707
2019-11-19,0.8026964901342927,1.64031763410379
2019-11-20,0.8027092062916631,1.6403436196879169
2019-11-21,0.8023204300435781,1.6395491518619174
2019-11-22,0.8022121197870007,1.6393278188599647
2019-11-25,0.8021994038315896,1.6393018336885437
2019-11-26,0.8018857622667437,1.6386609042763338
2019-11-28,0.8021824490026686,1.6382134251727476
2019-11-29,0.802286053859403,1.63842500654981
2019-12-02,0.8026122687989488,1.63909120124669
2019-12-03,0.8026122687989488,1.6407835476830464
2019-12-04,0.8026122687989488,1.6402895319709816
2019-12-05,0.8026122687989488,1.6399945565051148
2019-12-06,0.8026122687989488,1.639643593626184
2019-12-09,0.8026122687989488,1.6409354684381354
2019-12-10,0.8026122687989488,1.6411570721839523
2019-12-11,0.8026122687989488,1.6424060743854054
2019-12-12,0.8026122687989488,1.6414823785489985
2019-12-13,0.8026122687989488,1.641727106246147
2019-12-16,0.8026122687989488,1.6410682379621073
2019-12-17,0.8026122687989488,1.6401096184201756
2019-12-18,0.8026122687989488,1.6403712895169473
2019-12-19,0.8026122687989488,1.6404385383895774
2019-12-20,0.8026122687989488,1.6402059426523108
2019-12-23,0.8026122687989488,1.6404443762180227
2019-12-24,0.8026122687989488,1.6401457369154073
2019-12-25,0.8026122687989488,1.6403207171383865
2019-12-27,0.8026122687989488,1.6426772429039034
2019-12-30,0.8026122687989488,1.6421718192281403
2019-12-31,0.8026122687989488,1.6418461093625911
2020-01-01,0.8026122687989488,1.6413498829836826
2020-01-02,0.8026122687989488,1.6406782801614552
2020-01-03,0.8026122687989488,1.6394248692970432
2020-01-06,0.8026122687989488,1.6395987849962652
2020-01-07,0.8026122687989488,1.6395076153712091
2020-01-08,0.8026122687989488,1.6389759350744195
2020-01-09,0.8026122687989488,1.6399861415927568
2020-01-10,0.8026122687989488,1.6390572607198937
2020-01-13,0.8026122687989488,1.6389816793103424
2020-01-14,0.8026122687989488,1.6384438455779744
2020-01-15,0.8028827915855983,1.6389960878151106
2020-01-16,0.8028827915855983,1.6397126293627915
2020-01-17,0.8028827915855983,1.6403592394218278
2020-01-20,0.8028827915855983,1.6398994681068393
2020-01-21,0.8028827915855983,1.6397285385940001
2020-01-22,0.8028827915855983,1.6382401311308232
2020-01-23,0.8029757277372274,1.6384297624628523
2020-01-27,0.8025851925140182,1.638606222704637
2020-01-28,0.8026213557376601,1.638680055718061
2020-01-29,0.8022948877286092,1.6380135189863414
2020-01-30,0.8019927647055449,1.6373966864429141
2020-01-31,0.8024595933399459,1.6383497918732173
2020-02-03,0.8029278511463593,1.6393058151870983
2020-02-04,0.8029278511463593,1.6406421985346036
2020-02-05,0.8029278511463593,1.6404401132095991
2020-02-06,0.8029278511463593,1.639867856993205
2020-02-07,0.8029278511463593,1.6383534645802356
2020-02-10,0.8024402440873776,1.637358515017462
2020-02-11,0.8021789843743046,1.636825421346023
2020-02-12,0.8024506884011328,1.6373798263689137
2020-02-13,0.8027343494139071,1.637958629311646
2020-02-14,0.8027343494139071,1.6371618103301075
2020-02-17,0.8026201867931543,1.6369289777834497
2020-02-18,0.8026721127347948,1.637034879777903
2020-02-19,0.8024958386144708,1.6366753719803924
2020-02-20,0.8024358349477773,1.6365529956155809
2020-02-21,0.8020438387898999,1.635753526725354
2020-02-25,0.8018308714304008,1.6347021905845136
2020-02-26,0.8015648958674113,1.6341599430221503
2020-02-27,0.8017552309183293,1.6345479813676005
2020-02-28,0.8020221607236611,1.6350921743552436
2020-03-02,0.801960676744304,1.634966826230942
2020-03-03,0.8023740492891573,1.6358095737836693
2020-03-04,0.8023740492891573,1.6356128731718282
2020-03-05,0.8030672432437141,1.6370259260449644
2020-03-06,0.8030672432437141,1.6370273649085454
2020-03-09,0.8030672432437141,1.637526973525403
2020-03-10,0.8030672432437141,1.6367141377424843
2020-03-11,0.8030672432437141,1.6375598336029318
2020-03-12,0.8030672432437141,1.638605133521867
2020-03-13,0.8030672432437141,1.6377932812296343
2020-03-16,0.8030672432437141,1.6379865045353665
2020-03-17,0.8030672432437141,1.6374526113667234
2020-03-18,0.8030672432437141,1.6370597934941542
2020-03-19,0.8030672432437141,1.6366082499903967
2020-03-20,0.8030672432437141,1.6368478390768528
2020-03-23,0.8030672432437141,1.6377060480281096
2020-03-25,0.8030672432437141,1.6367812108293922
2020-03-26,0.8030672432437141,1.6353068740970698
2020-03-27,0.8030672432437141,1.6357639399368835
2020-03-30,0.8030672432437141,1.6350675184953334
2020-03-31,0.8030672432437141,1.6363961423409341
2020-04-01,0.8030672432437141,1.6370663808209427
2020-04-02,0.8030672432437141,1.6374081650229277
2020-04-03,0.8030672432437141,1.6377109473945184
2020-04-06,0.8030672432437141,1.6382717804770734
2020-04-07,0.8030672432437141,1.6374074863834345
2020-04-08,0.8030672432437141,1.6368995317192117
2020-04-09,0.8030672432437141,1.635921096277864
2020-04-10,0.8030672432437141,1.6350603090143752
2020-04-13,0.8030672432437141,1.6350443867944515
2020-04-14,0.8030672432437141,1.634459869521277
2020-04-15,0.8030672432437141,1.6334477480487357
2020-04-16,0.8030672432437141,1.6345849066154334
2020-04-17,0.8030672432437141,1.6335316752017948
2020-04-20,0.8030672432437141,1.6344081888068103
2020-04-21,0.8030672432437141,1.6352849785170969
2020-04-23,0.8030672432437141,1.6356993256836392
2020-04-24,0.8030672432437141,1.635479932622242
2020-04-27,0.8030672432437141,1.6353090897998694
2020-04-28,0.8030672432437141,1.6354966726190185
2020-04-29,0.8030672432437141,1.63582560909253
2020-04-30,0.8030672432437141,1.635860369294399
2020-05-01,0.8030672432437141,1.6356366580713122
2020-05-04,0.8030672432437141,1.6352925276982
2020-05-05,0.8030672432437141,1.6333700154512247
2020-05-06,0.8030672432437141,1.6322741727940155
2020-05-07,0.8030672432437141,1.6322794229813464
2020-05-08,0.8037678463024032,1.6337034381755868
2020-05-11,0.8037678463024032,1.6330185925320886
2020-05-12,0.8037678463024032,1.6333971912728678
2020-05-13,0.8037678463024032,1.6337217280173635
2020-05-14,0.8037678463024032,1.6331410269705562
2020-05-15,0.8037678463024032,1.6325406771550974
2020-05-18,0.8037678463024032,1.6324179904142901
2020-05-19,0.8037678463024032,1.6327657598973486
2020-05-20,0.8037678463024032,1.632014051290797
2020-05-22,0.8037678463024032,1.6322139215812224
2020-05-25,0.8037678463024032,1.6324868989874775
2020-05-26,0.8037678463024032,1.6320964745300561
2020-05-27,0.8037678463024032,1.6312267247369117
2020-05-28,0.8037678463024032,1.6316457332813057
2020-05-29,0.8037678463024032,1.629454903583959
2020-06-01,0.8037678463024032,1.6306094808331195
2020-06-02,0.8037678463024032,1.6308616071496753
2020-06-03,0.8037678463024032,1.6302761455039503
2020-06-04,0.8037678463024032,1.6290108996457981
2020-06-05,0.8037678463024032,1.6288619774207722
2020-06-08,0.8037678463024032,1.6284225267697543
2020-06-09,0.8035522510028111,1.6279857336781465
2020-06-10,0.8034791830239644,1.6278376989647814
2020-06-11,0.8028068395547576,1.6264755404061633
2020-06-12,0.8022684586521043,1.625384788152392
2020-06-15,0.8019344048628112,1.6247079998009544
2020-06-16,0.8019069032082965,1.6246522818297253
2020-06-17,0.8015095334164516,1.6238472161338595
2020-06-18,0.8018169797666267,1.6244700981820797
2020-06-22,0.8012083944126583,1.6227867697427518
2020-06-23,0.8012352878034886,1.6228412402639512
2020-06-24,0.8004445027402586,1.6212395651601093
2020-06-25,0.8006409788316168,1.6216375125653666
2020-06-26,0.799927375592125,1.6201921633853424
2020-06-29,0.8001818878099504,1.6207076585582652
2020-06-30,0.7998167321073442,1.6199680634077178
2020-07-01,0.7990647721227213,1.6184450255527332
2020-07-02,0.7988425317288923,1.6179948945090206
2020-07-03,0.7984614691929048,1.6172230812752133
2020-07-06,0.7983142235951702,1.61692484649688
2020-07-07,0.7976402323441283,1.615559728391852
2020-07-08,0.7971159782501032,1.6144978915293073
2020-07-09,0.797035837980808,1.614335573498639
2020-07-10,0.7967464741496177,1.6137494890290152
2020-07-13,0.7960987061332145,1.612437484094703
2020-07-14,0.7962338191774591,1.6127111453071277
2020-07-15,0.7961023977325374,1.6124449611488407
2020-07-16,0.7960180330359136,1.6122740868613652
2020-07-17,0.7959707275212713,1.6121782731332106
2020-07-21,0.7958420257228945,1.6100092097714471
2020-07-22,0.7950225295327208,1.6083513475690159
2020-07-23,0.79444766780195,1.607188387269143
2020-07-24,0.7944548746626298,1.6072029669365806
2020-07-27,0.794075686605165,1.6064358595898696
2020-07-28,0.7936015505764997,1.6054766700168608
2020-07-29,0.7930820318977799,1.6044256701571493
2020-07-30,0.792252631568804,1.602747771623171
2020-07-31,0.7917215253722423,1.6016733299121364
2020-08-03,0.7911479450682838,1.6005129619721825
2020-08-04,0.7908715721692161,1.5999538523770012
2020-08-05,0.7910657750293972,1.6003467298367853
2020-08-06,0.7911370301150188,1.6004908807365692
2020-08-07,0.790620532077047,1.5994459917120067
2020-08-10,0.7903042734529442,1.5988061922530468
2020-08-11,0.7906716576241699,1.5995494200295146
2020-08-12,0.7902744031714224,1.5987457638931537
2020-08-13,0.789798663207704,1.597783329517629
2020-08-14,0.7897237552393225,1.5976317887405886
2020-08-17,0.7889308811780056,1.59602778380035
2020-08-19,0.7881430855192622,1.5938176919505078
2020-08-20,0.7880428652278778,1.59361502205917
2020-08-21,0.787315358818652,1.5921438265271206
2020-08-24,0.786710979426815,1.5909216238775528
2020-08-25,0.786057177066481,1.589599475922334
2020-08-26,0.7864837336934274,1.5904620775376204
2020-08-27,0.7863736831991647,1.5902395285766684
2020-08-28,0.786299337314276,1.5900891830507908
2020-08-31,0.786271065123734,1.5900320097807286
2020-09-01,0.7859451754560512,1.589372981328256
2020-09-02,0.7860582591443079,1.5896016641478177
2020-09-03,0.785609821273258,1.5886948133160945
2020-09-04,0.7859288536063465,1.5893399745642525
2020-09-07,0.7852616324411645,1.5879906905103167
2020-09-08,0.7851229416701074,1.5877102239190561
2020-09-09,0.7847948060927717,1.587046653689075
2020-09-10,0.7844529127517882,1.5863552619029495
2020-09-11,0.7838483644090939,1.5851327175935102
2020-09-14,0.7845631563444976,1.5865782013560927
2020-09-15,0.7843353181514694,1.586117456918157
2020-09-17,0.7842207373901107,1.5856644153039805
2020-09-18,0.7831160646387562,1.583430809140736
2020-09-21,0.7828943605885418,1.5829825320085555
2020-09-22,0.782442661610752,1.5820692139064432
2020-09-23,0.7820630459751097,1.5813016455723867
2020-09-24,0.781650094029443,1.5804666724911425
2020-09-25,0.7816497376553172,1.5804659519162547
2020-09-28,0.7813702844220486,1.5799009081388988
2020-09-29,0.780529248903471,1.5782003664033493
2020-09-30,0.7800294792569,1.577189851242715
2020-10-01,0.7805826941767648,1.5783084307071706
2020-10-02,0.7806578377781533,1.5784603682026723
2020-10-05,0.7801431547211501,1.5774196986950464
2020-10-06,0.7795484252292614,1.5762171783496164
2020-10-07,0.7793041679312116,1.5757232994106523
2020-10-08,0.7797708522931514,1.5766669173878678
2020-10-09,0.7793952610180533,1.5759074861573144
2020-10-12,0.779597898087851,1.576317210582441
2020-10-13,0.7798421996722161,1.5768111790666455
2020-10-14,0.7806313368087554,1.578406784253483
2020-10-16,0.7801583710491121,1.5760007851115923
2020-10-19,0.7798278185093183,1.5753330347142784
2020-10-20,0.7787724694107009,1.5732011201316647
2020-10-21,0.7783423305584007,1.5723321950594125
2020-10-22,0.777621094925685,1.5708752243139956
2020-10-23,0.7778450399068584,1.5713276163913585
2020-10-26,0.7773633539615696,1.5703545608476086
2020-10-27,0.7777520492746993,1.5711397656744668
2020-10-28,0.7771842122899483,1.569992676100103
2020-10-29,0.7767851636117598,1.5691865564025382
2020-10-30,0.7763092819637375,1.5682252261409726
2020-11-02,0.7759022884018809,1.567403056954787
2020-11-03,0.7752224741059742,1.566029761603693
2020-11-04,0.7749113820938512,1.5654013234896618
2020-11-05,0.7741099339034507,1.5637823150624384
2020-11-06,0.7741835509522741,1.5639310291326178
2020-11-09,0.7743322533850936,1.5642314234622414
2020-11-10,0.7740081418583534,1.5635766845790076
2020-11-11,0.7742995870564989,1.5641654340921054
2020-11-12,0.7737640775717185,1.5630836494189322
2020-11-16,0.7741362198830614,1.5635525449323313
2020-11-17,0.7740168869117273,1.5633115235639579
2020-11-18,0.7735692695292002,1.5624074536087866
2020-11-19,0.773590429122236,1.562450190448494
2020-11-20,0.7736065148860801,1.5624826794812374
2020-11-23,0.7727439125381638,1.5607404485124383
2020-11-24,0.7728670720639128,1.5609891985191835
2020-11-25,0.7726052943584524,1.5604604760707736
2020-11-26,0.7718133034037002,1.558860861634631
2020-11-27,0.7722756739483422,1.5597947291158423
2020-11-30,0.77173739573621,1.5587075480140615
2020-12-01,0.7716401842317074,1.5585112062187056
2020-12-02,0.7712568479377617,1.557736967237801
2020-12-03,0.7713628907552398,1.5579511459738957
2020-12-04,0.7709422600722469,1.5571015820883956
2020-12-07,0.7702890334163173,1.5557822352162771
2020-12-08,0.7698084101061612,1.554811501926131
2020-12-09,0.76947301919981,1.5541341000791387
2020-12-10,0.7692129223994724,1.553608772619124
2020-12-11,0.7692912267762714,1.5537669269651921
2020-12-15,0.76959311596064,1.5529972428080092
2020-12-16,0.7693670210079984,1.5525409954341916
2020-12-17,0.7690724391291093,1.551946545151038
2020-12-18,0.7690370762624612,1.5518751848006613
2020-12-21,0.7690094390702727,1.5518194144430821
2020-12-22,0.7692769788101285,1.5523592951537077
2020-12-23,0.7689607911389525,1.5517212455514409
2020-12-24,0.7685739369280951,1.5509405946979307
2020-12-25,0.7682476345880977,1.5502821342415827
2020-12-28,0.7675332529288402,1.5488405507292944
2020-12-29,0.7669700319201636,1.5477040012261527
2020-12-30,0.766661159225356,1.5470807128501698
2020-12-31,0.7665121600065518,1.54678004049333
2021-01-01,0.765888983425101,1.5455225038902805
2021-01-04,0.7653370114421082,1.5444086543119546
2021-01-05,0.7654083519792376,1.544552615653558
2021-01-06,0.7653500869707177,1.5444350400207891
2021-01-07,0.7655089845896068,1.544755686813108
2021-01-08,0.7657543893360549,1.5452509003054093
2021-01-11,0.7650834685630827,1.5438970185087046
2021-01-13,0.7646688676698782,1.5422081255066842
2021-01-14,0.7647409653593202,1.542353534385205
2021-01-15,0.7640758301721564,1.5410120689044273
2021-01-18,0.7642227344100807,1.5413083499732363
2021-01-19,0.7637573737465093,1.5403697960095606
2021-01-20,0.7635001115710264,1.5398509415953299
2021-01-21,0.7633177716184412,1.5394831926671717
2021-01-22,0.7629492077851563,1.5387398615829708
2021-01-25,0.7627259468875813,1.5382895820111122
2021-01-26,0.7623995485547868,1.537631291629131
2021-01-27,0.7620861200170284,1.5369991591360566
2021-01-28,0.7621194914290119,1.5370664636451017
2021-01-29,0.7610786190688776,1.534967199663941
2021-02-01,0.7603934835708436,1.5335853969296922
2021-02-02,0.7600498912451072,1.5328924291641455
2021-02-03,0.7599343192629001,1.5326593399701471
2021-02-04,0.7593944858165674,1.5315705869653446
2021-02-05,0.7591293725741524,1.5310358982733911
2021-02-08,0.758780253277886,1.5303317835405477
2021-02-09,0.7588439618016651,1.5304602728869698
2021-02-11,0.759670737216716,1.5316108436928713
2021-02-12,0.7592486529430891,1.5307598581029727
2021-02-15,0.759375566651995,1.5310157352919318
2021-02-16,0.7585558820584545,1.5293631274575503
2021-02-17,0.7582155964607119,1.5286770603419937
2021-02-18,0.758706702620588,1.5296672044702597
2021-02-19,0.758743957852192,1.5297423166391422
2021-02-22,0.7589563004561853,1.5301704313721722
2021-02-23,0.7586038566119928,1.5294598513970428
2021-02-24,0.7581132805457108,1.5284707760174558
2021-02-25,0.7577158272296829,1.5276694501549903
2021-02-26,0.7578041791418971,1.5278475809426841
2021-03-01,0.7574474112874375,1.527128283110345
2021-03-02,0.7576608120160692,1.5275585311823212
2021-03-03,0.7570734973031247,1.5263744160927997
2021-03-04,0.756413061157014,1.5250428771596878
2021-03-05,0.7562163484947194,1.5246462747477456
2021-03-08,0.7557139832402987,1.5236334305858337
2021-03-09,0.7556779862767556,1.5235608552752398
2021-03-10,0.7549139349717677,1.5220204125458745
2021-03-12,0.7547664729334956,1.5217081759938402
2021-03-15,0.7547805488086794,1.521736554803869
2021-03-16,0.7548018703506201,1.5217795418281468
2021-03-17,0.7545002088008502,1.521171352589317
2021-03-18,0.7538050621254675,1.5197698457426583
2021-03-19,0.7538304946773416,1.519821121102006
2021-03-22,0.7534997949326517,1.5191543870546684
2021-03-23,0.7534270919110352,1.519007808230117
2021-03-24,0.7530940050867242,1.5183362615172644
2021-03-25,0.7527727189044974,1.5176885064461783
2021-03-26,0.7530264224532754,1.5182000060666552
2021-03-29,0.7526058470309719,1.5173520708685615
2021-03-30,0.7524752585343307,1.517088787336296
2021-03-31,0.7519476052594488,1.5160249691471321
2021-04-01,0.7520725851284199,1.5162769449505997
2021-04-02,0.751826954606782,1.5157817216113894
2021-04-05,0.7512669941960152,1.5146527680001023
2021-04-06,0.7509431647952932,1.513999885467058
2021-04-07,0.7509935798723214,1.5141015288728772
2021-04-08,0.7506347335847959,1.5133780477045493
2021-04-12,0.7505966706483705,1.513568631947905
2021-04-13,0.7501994331046726,1.5127676074975114
2021-04-14,0.7494881999003068,1.511333414794261
2021-04-15,0.7493785818715367,1.5111123714345842
2021-04-16,0.7496544527753829,1.5116686616006039
2021-04-19,0.7492442878681823,1.510841569286261
2021-04-20,0.7491828799717128,1.510717741044697
2021-04-21,0.7495023023671977,1.511361852239235
2021-04-22,0.7490223475440327,1.5103940294477123
2021-04-23,0.7489426530979433,1.5102333266116108
2021-04-26,0.7481940186471877,1.5087237147710995
2021-04-27,0.7481203007950311,1.508575063660587
2021-04-28,0.7490365142291152,1.510422596387852
2021-04-29,0.7490365142291152,1.5093820924038792
2021-04-30,0.7485149532550464,1.5083310958511056
2021-05-03,0.7484494165591173,1.5081990329765307
2021-05-04,0.7483165204987123,1.5079312343713682
2021-05-05,0.7469504408611238,1.5051784498240144
2021-05-06,0.7464965097855207,1.5042637341543703
2021-05-07,0.7458907951745909,1.5030431597638336
2021-05-11,0.7463285816138743,1.504178338143516
2021-05-12,0.7457996672078807,1.5031123444085486
2021-05-13,0.7456086310532167,1.5027273230483504
2021-05-14,0.7455119202596053,1.5025324085235705
2021-05-17,0.7452290947715761,1.50196239153233
2021-05-18,0.7448121930702026,1.5011221523618226
2021-05-19,0.7444316325595679,1.5003551565766529
2021-05-20,0.7445870886496438,1.500668468553422
2021-05-21,0.7441806806697763,1.4998493788189198
2021-05-24,0.7445255512642276,1.5005444438216757
2021-05-25,0.7450667835645042,1.5016352634982038
2021-05-26,0.7443825959921723,1.5002563264577606
2021-05-27,0.7436511970414064,1.498782237852037
2021-05-28,0.7435722729707027,1.4986231713491116
2021-05-31,0.743395746157686,1.4982673926548706
2021-06-01,0.7431896909473757,1.4978521013321933
2021-06-02,0.7427567445753711,1.4969795251366802
2021-06-03,0.7428727791868059,1.4972133856014875
2021-06-04,0.7426765975184751,1.4968179937819674
2021-06-07,0.7419137696138461,1.4952805620955203
2021-06-09,0.741710007464833,1.4935254723394067
2021-06-10,0.7413316050799669,1.492763512011376
2021-06-11,0.741473757154381,1.4930497529167794
2021-06-14,0.7407633031013342,1.4916191652012665
2021-06-15,0.7405423265098334,1.4911742013139309
2021-06-16,0.7401948483787145,1.4904745108221162
2021-06-17,0.7402234252913151,1.4905320539945963
2021-06-18,0.739454988164676,1.4889847101392133
2021-06-21,0.7391293625272587,1.4883290223649686
2021-06-22,0.7387194642394384,1.4875036411138507
2021-06-23,0.7386478775570836,1.4873594924135487
2021-06-24,0.7382811043646914,1.48662094891286
2021-06-25,0.7381571659837874,1.4863713835476664
2021-06-28,0.738274928251011,1.4866085125387933
2021-06-29,0.7376868127321172,1.4854242686977965
2021-06-30,0.737587025246392,1.4852233341677896
2021-07-01,0.737404726914642,1.4848562537734395
2021-07-02,0.7370651368035323,1.4841724467922845
2021-07-05,0.7366492817891765,1.483335070930439
2021-07-06,0.7364189781631312,1.4828713258974622
2021-07-08,0.7360795427289434,1.4822465738430772
2021-07-09,0.7362767613716258,1.4826437138808646
2021-07-12,0.7356759056082695,1.481433768019162
2021-07-13,0.7349858355222658,1.4800441708882617
2021-07-14,0.735480276201847,1.481039828233337
2021-07-15,0.7349883777114904,1.4800492901057503
2021-07-16,0.7350138291971146,1.4801005418729516
2021-07-19,0.7346555606173933,1.479379094877103
2021-07-20,0.7339625251193673,1.4779835262831271
2021-07-21,0.7338753797325951,1.4778080412390917
2021-07-22,0.734110282758152,1.478281066482432
2021-07-23,0.7338353436729195,1.4777274204517454
2021-07-26,0.7334351811395325,1.4769216114193493
2021-07-27,0.7331666308608108,1.4763808305560961
2021-07-28,0.7325254805867414,1.47508974346307
2021-07-29,0.7323020725543231,1.4746398657373647
2021-07-30,0.7327853782398434,1.4756131004965123
2021-08-02,0.7325473751068463,1.4751338325533483
2021-08-03,0.7326089636757075,1.4752578537220986
2021-08-04,0.7324139911758111,1.4748652367517998
2021-08-06,0.7314611866989499,1.4744877127831861
2021-08-09,0.7309986205690946,1.4735552667597693
2021-08-10,0.7305726736815619,1.4726966382181792
2021-08-11,0.7298021231828099,1.4711433538291383
2021-08-12,0.7286917459671721,1.4689050429101393
2021-08-13,0.7282858875468913,1.4680869089274815
2021-08-16,0.7281448040388744,1.4678025112002608
2021-08-17,0.7277756915591093,1.4670584500990766
2021-08-18,0.7277245554761085,1.466955369406026
2021-08-19,0.7277106702377997,1.4669273793859845
2021-08-20,0.7276549706396896,1.4668150995076894
2021-08-23,0.7276564351394039,1.4668180516627365
2021-08-24,0.7280611793193479,1.467633939547152
2021-08-25,0.7278727188224806,1.467254038751281
2021-08-26,0.7282400999168404,1.4679946097062306
2021-08-27,0.7280413927029026,1.4675940534624812
2021-08-30,0.7278269325730974,1.4671617423131955
2021-08-31,0.7274505553422658,1.466403036844848
2021-09-01,0.7273593427414918,1.466219169455111
2021-09-02,0.7259732358178344,1.4634250394797936
2021-09-06,0.7262350587608973,1.462765454094112
2021-09-07,0.7261676967484876,1.4626297751242212
2021-09-08,0.7261249548721501,1.4625436854492662
2021-09-09,0.7261848899435922,1.4626644052505708
2021-09-10,0.7261390337510871,1.4625720427937554
2021-09-13,0.7258208952941548,1.4619312558490802
2021-09-14,0.7255581271174273,1.461401994411319
2021-09-15,0.7249104297656793,1.4600974177464832
2021-09-16,0.7242597921728251,1.4587869189176523
2021-09-17,0.7237574460005265,1.4577751051557437
2021-09-20,0.7239231506390877,1.4581088635139317
2021-09-21,0.7236804265930674,1.457619974489485
2021-09-22,0.7234364541154856,1.4571285709037571
2021-09-23,0.723319562400024,1.4568931303791166
2021-09-24,0.7232412640973234,1.4567354237923538
2021-09-27,0.7222861523127461,1.4548116602581869
2021-09-28,0.722067482268606,1.4543712202345958
2021-09-29,0.7215937723541196,1.4534170849449077
2021-09-30,0.7217596388432299,1.453751169298638
2021-10-01,0.7221176386220582,1.4544722439737396
2021-10-05,0.721931264459975,1.4542665265477912
2021-10-06,0.7220255494576524,1.4544564553163983
2021-10-07,0.7217533856371373,1.4539082054297439
2021-10-08,0.7223092659165021,1.4550279769687324
2021-10-11,0.7222527783305196,1.4549141877349037
2021-10-12,0.7217170806232991,1.4538350721981332
2021-10-13,0.7211976632266124,1.452788751903537
2021-10-14,0.7209245113080176,1.452238511580905
2021-10-15,0.7208955226415862,1.452180116482485
2021-10-18,0.7209035689402835,1.452196325037834
2021-10-19,0.7205139428331968,1.4514114577889705
2021-10-20,0.720221262753996,1.4508218797181447
2021-10-21,0.7197402170203844,1.4498528557368198
2021-10-22,0.7197848224093701,1.4499427093382624
2021-10-25,0.7198393741759498,1.4500525990355317
2021-10-26,0.7194076790509284,1.4491829874798359
2021-10-27,0.7193412558722947,1.4490491838754913
2021-10-28,0.7190938461959083,1.4485507990175064
2021-10-29,0.7185632093439093,1.447481878124889
2021-11-01,0.7182492674343064,1.446849469981771
2021-11-03,0.7186557713644897,1.4472623314280137
2021-11-04,0.7186717956335216,1.4472946018443698
2021-11-05,0.718360079976954,1.4466668543944188
2021-11-08,0.7181911762292926,1.4463267081917894
2021-11-09,0.7172036859774361,1.4443380545120859
2021-11-10,0.7167312702684855,1.4433866818416334
2021-11-11,0.7161373621440433,1.4421906421087274
2021-11-12,0.7159559887173713,1.4418253838880273
2021-11-15,0.7156384482817955,1.4411859062278929
2021-11-16,0.7153030813293721,1.440510528701144
2021-11-17,0.7148787152967828,1.4396559206980133
2021-11-18,0.7151818200192827,1.4402663270494702
2021-11-19,0.7154679038427186,1.4408424559247783
2021-11-22,0.7152931754015621,1.4404905796841758
2021-11-23,0.7156005070221667,1.4411094983591253
2021-11-24,0.7153001393728547,1.4405046040526293
2021-11-25,0.7149279708061388,1.4397551137277596
2021-11-26,0.7156232223119624,1.4411552434634975
2021-11-29,0.7150400803994804,1.4399808852276905
2021-11-30,0.7143441845415344,1.4385794578657563
2021-12-02,0.7139771649545831,1.437362854208331
2021-12-03,0.7138320834522611,1.4370707793738597
2021-12-06,0.7134427735559619,1.4362870294009151
2021-12-07,0.7129817589125211,1.4353589250353225
2021-12-08,0.7134503824029853,1.436302347361505
2021-12-09,0.7132728269621794,1.4359448967206387
2021-12-10,0.7132547458317932,1.435908496193486
2021-12-13,0.7131927828179088,1.435783753640273
2021-12-14,0.7131905938392872,1.4357793468374878
2021-12-15,0.7123069036541475,1.4340003215281434
2021-12-16,0.7117710551931148,1.4329215633952805
2021-12-17,0.7117607361318928,1.4329007892921037
2021-12-20,0.7121890218395645,1.4337630044964718
2021-12-21,0.7122337267487175,1.4338530034193666
2021-12-22,0.7116046239556075,1.432586507751606
2021-12-23,0.7113621426568951,1.432098349826231
2021-12-24,0.7105394642375714,1.430442152038771
2021-12-27,0.7099931994458791,1.4293424239820756
2021-12-28,0.7096832482814786,1.4287184372326445
2021-12-29,0.709226244787862,1.4277984080241337
2021-12-31,0.7089747027083713,1.4275170681302143
2022-01-03,0.7082546061106658,1.4260671571813466
2022-01-04,0.7079213586074083,1.425396164976696
2022-01-05,0.7076066346685691,1.4247624698776664
2022-01-06,0.7073183786496969,1.4241820678049841
2022-01-07,0.7074308295692353,1.424408487177008
2022-01-10,0.707271237650219,1.4240871496349758
2022-01-11,0.7070818183420772,1.4237057547920102
2022-01-12,0.7072159295102501,1.4239757869678586
2022-01-13,0.7068761999417837,1.4232917431568712
2022-01-14,0.7067488807862174,1.4230353866649166
2022-01-17,0.7059681704169438,1.4214634301858675
2022-01-18,0.7059563757480627,1.4214396816782318
2022-01-19,0.7053488369994441,1.4202164054035065
2022-01-20,0.7046652854506857,1.4188400777304995
2022-01-21,0.7043888684212998,1.4182835134047724
2022-01-24,0.7045696780212999,1.4186475726428467
2022-01-25,0.7052073624551111,1.4199315471060665
2022-01-26,0.7055865797293088,1.4206950992178404
2022-01-27,0.7055039385740337,1.4205287016591763
2022-01-31,0.7049914522042638,1.4183242514793566
2022-02-01,0.7045596784737014,1.4174555953399186
2022-02-02,0.704909541009931,1.4181594599304281
2022-02-03,0.7050005429459906,1.4183425405230246
2022-02-04,0.7042616776051704,1.4168560677038349
2022-02-07,0.7038979079563079,1.4161242243413081
2022-02-08,0.70351445622396,1.4153527839365199
2022-02-09,0.7030969410361391,1.4145128135873817
2022-02-10,0.7021737825522916,1.4126555739548925
2022-02-11,0.7019881998562768,1.4122822127778318
2022-02-14,0.7017646714573329,1.4118325112273729
2022-02-15,0.7014705896051232,1.411240867993111
2022-02-16,0.7006795694029497,1.4096494683631653
2022-02-17,0.700862502070855,1.4100174981292946
2022-02-18,0.7004869204583466,1.409261891082195
2022-02-21,0.7002278328787093,1.408740650439762
2022-02-22,0.699958585965604,1.4081989709267704
2022-02-23,0.6999897311980855,1.4082616298971853
2022-02-24,0.6999643963757499,1.4082106604949136
2022-02-25,0.6995249838298557,1.4073266363435606
2022-03-01,0.6992214586989549,1.4048502912079996
2022-03-02,0.6992195066892246,1.4048463693011362
2022-03-03,0.6991200606860154,1.404646566013022
2022-03-04,0.6990389131938936,1.4044835274270062
2022-03-07,0.6994337270087537,1.4052767729658537
2022-03-08,0.6994442023513153,1.405297819642647
2022-03-09,0.6990892295770441,1.4045846212716564
2022-03-10,0.6993615764192384,1.405131810628914
2022-03-11,0.6987076360542704,1.4038179374622248
2022-03-14,0.6984828526146729,1.403366310761344
2022-03-15,0.6985265252097869,1.4034540561490183
2022-03-16,0.6984671955853946,1.4033348532283016
2022-03-17,0.6975705436019751,1.4015333327166701
2022-03-18,0.6972495472005387,1.4008883984366585
2022-03-21,0.6970131731279767,1.4004134842581226
2022-03-22,0.6967532298597973,1.3998912157100734
2022-03-23,0.6966546611501055,1.3996931750481463
2022-03-24,0.6965786073934521,1.3995403706099347
2022-03-25,0.6970888786164211,1.4005655889685316
2022-03-28,0.6960961579214948,1.3985710507002833
2022-03-30,0.6957789539144075,1.3980366412704948
2022-03-31,0.695557805960368,1.3975922861471475
2022-04-01,0.695735165074412,1.3979486558514937
2022-04-04,0.6955760976406835,1.3976290398304367
2022-04-05,0.6962814921132933,1.3990463970438305
2022-04-06,0.6955147670807585,1.3975058076321614
2022-04-07,0.6956316554186707,1.3977406727116797
2022-04-08,0.6957261958551479,1.3979306338962387
2022-04-11,0.6956158306708957,1.3977088758642702
2022-04-12,0.6948301217877714,1.3961301419836323
2022-04-13,0.6947905054673602,1.396050540456142
2022-04-14,0.6948837308378945,1.3962378592636018
2022-04-15,0.6942311973669072,1.3949267162677361
2022-04-18,0.6938400519480895,1.3941407832864412
2022-04-19,0.6933704578798924,1.3931972225331741
2022-04-20,0.6930194843064743,1.3924920073021074
2022-04-21,0.6920932608732744,1.3906309359225668
2022-04-22,0.6912993513607493,1.3890357244231115
2022-04-25,0.6914464633046289,1.3893313181411382
2022-04-26,0.6907983281529476,1.3880290127387571
2022-04-28,0.690665339470501,1.3870323994137586
2022-04-29,0.6908602462172352,1.3874238219409
2022-05-02,0.6905711411305877,1.3868432250887073
2022-05-03,0.6907949964227458,1.387292783688595
2022-05-04,0.6904930744556395,1.3866864472669755
2022-05-05,0.690217840890985,1.386133707973768
2022-05-06,0.6909618560088919,1.3876278803539566
2022-05-09,0.6909618560088919,1.387067167562469
2022-05-10,0.6909618560088919,1.3862301367626837
2022-05-11,0.6909947646049193,1.3862961590578
2022-05-12,0.6908636050539031,1.3860330225029212
2022-05-13,0.6908584357567675,1.3860226516909684
2022-05-16,0.6907815792337939,1.385868459636188
2022-05-17,0.6909581000328526,1.3862226014014571
2022-05-18,0.6913601319844407,1.3870291709716673
2022-05-19,0.6913601319844407,1.387533065159776
2022-05-20,0.6913601319844407,1.387168362371727
2022-05-23,0.6913601319844407,1.3866578050219904
2022-05-24,0.6913601319844407,1.3869132354717824
2022-05-25,0.6913601319844407,1.3876603205651201
2022-05-27,0.6913774137446321,1.3878669721069292
2022-05-30,0.6916352908428991,1.3883846330840344
2022-05-31,0.6922990517869907,1.3897170629166635
2022-06-01,0.6921643701565975,1.389446703800418
2022-06-02,0.6923597416834016,1.3898388914593593
2022-06-03,0.6924267195749825,1.389973342486741
2022-06-06,0.6917973710790627,1.388709992001076
2022-06-07,0.6916429757535187,1.3884000597286148
2022-06-08,0.6916335672840849,1.388381173222163
2022-06-09,0.6920125332324258,1.3891419072478912
2022-06-10,0.6920125332324258,1.3892710729455966
2022-06-13,0.6920125332324258,1.3887076372125937
2022-06-14,0.692717061549157,1.3901214611060817
2022-06-15,0.692717061549157,1.389811790974421
2022-06-16,0.692717061549157,1.3895641776737264
2022-06-17,0.692717061549157,1.3896799873091803
2022-06-20,0.692717061549157,1.3895062759447425
2022-06-21,0.692717061549157,1.3897485840321682
2022-06-22,0.692717061549157,1.3889170741427308
2022-06-23,0.6931326071686729,1.3897502547269365
2022-06-27,0.6931326071686729,1.3908561160872777
2022-06-28,0.6931326071686729,1.3919696956216052
2022-06-29,0.6931326071686729,1.3916808140317671
2022-06-30,0.6931326071686729,1.390561875939068
2022-07-01,0.6931326071686729,1.3914925131675535
2022-07-04,0.6931326071686729,1.391851578074391
2022-07-05,0.6931326071686729,1.3921936655117373
2022-07-06,0.6931326071686729,1.3931632509015792
2022-07-07,0.6931326071686729,1.3944598372104189
2022-07-08,0.6931326071686729,1.3946003264779965
2022-07-11,0.6931326071686729,1.3952694871146458
2022-07-12,0.6931326071686729,1.3941826024093447
2022-07-13,0.6931326071686729,1.3942716719406534
2022-07-14,0.6931326071686729,1.3944373431960417
2022-07-15,0.6931326071686729,1.3938655010923982
2022-07-18,0.6931326071686729,1.3950953857485038
2022-07-19,0.6931326071686729,1.3961949746311704
2022-07-20,0.6931326071686729,1.3966143127036497
2022-07-21,0.6931326071686729,1.3955079586259547
2022-07-22,0.6931326071686729,1.395687552186248
2022-07-26,0.6931326071686729,1.3961163809655546
2022-07-27,0.6931326071686729,1.3959614491071763
2022-07-28,0.6931326071686729,1.3959984571940325
2022-07-29,0.6931326071686729,1.3971344147296438
2022-08-01,0.6931326071686729,1.397395943521115
2022-08-02,0.6931326071686729,1.3985589963966092
2022-08-03,0.6931326071686729,1.398859449306727
2022-08-04,0.6931326071686729,1.3996806673053805
2022-08-05,0.6931326071686729,1.39845706684113
2022-08-08,0.6931326071686729,1.3984317066995904
2022-08-09,0.6931326071686729,1.3990773135760148
2022-08-10,0.6931326071686729,1.399505596257831
2022-08-11,0.6931326071686729,1.3995265963493264
2022-08-12,0.6931326071686729,1.3985542361340244
2022-08-15,0.6931326071686729,1.3992685526817075
2022-08-16,0.6931326071686729,1.400331346743191
2022-08-17,0.6931326071686729,1.399855242207133
2022-08-18,0.6931326071686729,1.4004760516603278
2022-08-19,0.6931326071686729,1.4008651638587848
2022-08-22,0.6931326071686729,1.4009717769139205
2022-08-24,0.6931326071686729,1.4004057733474033
2022-08-25,0.6931326071686729,1.401128185576524
2022-08-26,0.6931326071686729,1.401256995383839
2022-08-29,0.6931326071686729,1.4010686696362153
2022-08-30,0.6931326071686729,1.400966016700817
2022-08-31,0.6931326071686729,1.4005862239247042
2022-09-01,0.6931326071686729,1.400383500247466
2022-09-02,0.6931326071686729,1.4000853332534224
2022-09-05,0.6931326071686729,1.4000935368043272
2022-09-06,0.6931326071686729,1.4001940425478272
2022-09-07,0.6931326071686729,1.4012400558008808
2022-09-08,0.6931326071686729,1.4015898568055187
2022-09-09,0.6931326071686729,1.4015452490955758
2022-09-12,0.6931326071686729,1.401536851511156
2022-09-13,0.6931326071686729,1.402653993054625
2022-09-14,0.6931326071686729,1.4028048322333266
2022-09-15,0.6931326071686729,1.4031924985292668
2022-09-16,0.6931326071686729,1.4027802169171124
2022-09-19,0.6931326071686729,1.40292385650712
2022-09-20,0.6931326071686729,1.403559053565804
2022-09-22,0.6931326071686729,1.4038063569220893
2022-09-23,0.6931326071686729,1.4041349888630497
2022-09-26,0.6931326071686729,1.404629496002255
2022-09-27,0.6931326071686729,1.40427545125749
2022-09-28,0.6931326071686729,1.403959028944486
2022-09-29,0.6931326071686729,1.4031263741796816
2022-09-30,0.6934486018249947,1.4037660503856475
2022-10-03,0.6934486018249947,1.4039957123253068
2022-10-04,0.6934486018249947,1.4049615511620512
2022-10-05,0.6934486018249947,1.4051482980205543
2022-10-06,0.6934486018249947,1.405683387498383
2022-10-07,0.6934486018249947,1.4059028156230138
2022-10-10,0.6934486018249947,1.404120324887127
2022-10-11,0.6934486018249947,1.4041457384560225
2022-10-12,0.6934486018249947,1.4051714008732827
2022-10-13,0.6934486018249947,1.4052432062175326
2022-10-14,0.6934486018249947,1.4070810850546183
2022-10-17,0.6934486018249947,1.4073113180523313
2022-10-18,0.6934486018249947,1.4071502943509624
2022-10-19,0.6934486018249947,1.4063969815616726
2022-10-21,0.6934486018249947,1.4066332979136205
2022-10-24,0.6934486018249947,1.4073222087466526
2022-10-25,0.6934486018249947,1.4078565276527908
2022-10-26,0.6934486018249947,1.4088151931436097
2022-10-27,0.6934486018249947,1.4086925983765783
2022-10-28,0.6934486018249947,1.408821508821727
2022-10-31,0.6931989988585704,1.4093286062862527
2022-11-01,0.6929424918834357,1.4098501053339498
2022-11-02,0.6930131256231657,1.4097063950166218
2022-11-03,0.6930131256231657,1.4087268440309657
2022-11-04,0.6930131256231657,1.4094017667371208
2022-11-07,0.6930131256231657,1.4105598762320708
2022-11-08,0.6930131256231657,1.4106209474501537
2022-11-09,0.6930131256231657,1.4106705666581807
2022-11-10,0.6930131256231657,1.4107103305294855
2022-11-11,0.6930131256231657,1.4110424193435134
2022-11-14,0.6930131256231657,1.411697830021984
2022-11-15,0.6930131256231657,1.41175952866787
2022-11-16,0.6930131256231657,1.4114981723848545
2022-11-17,0.6930131256231657,1.413059372117787
2022-11-21,0.6930131256231657,1.4134557822522633
2022-11-22,0.6930131256231657,1.4144223999035879
2022-11-23,0.6930131256231657,1.41343699624647
2022-11-24,0.6930131256231657,1.4142564597934693
2022-11-25,0.6930131256231657,1.4140201063315263
2022-11-28,0.6930131256231657,1.4141100277308505
2022-11-29,0.6930131256231657,1.4144019116008146
2022-11-30,0.6930131256231657,1.4152653117633476
2022-12-01,0.6930131256231657,1.4154619955560177
2022-12-02,0.6930131256231657,1.414910676884257
2022-12-05,0.6930131256231657,1.4152975357153599
2022-12-06,0.6930131256231657,1.4162512873811686
2022-12-07,0.6930131256231657,1.4155758648616714
2022-12-08,0.6930131256231657,1.4163506129218093
2022-12-09,0.6930131256231657,1.417222318264869
2022-12-12,0.6930131256231657,1.4172731540315642
2022-12-13,0.6930131256231657,1.4166714800330786
2022-12-14,0.6930131256231657,1.41609629181516
2022-12-15,0.693155633768367,1.4163874915753254
2022-12-16,0.6930065635616677,1.416082882962412
2022-12-20,0.6935631813042932,1.4175342885588924
2022-12-21,0.6935631813042932,1.417596384923454
2022-12-22,0.6935631813042932,1.4180424486983072
2022-12-23,0.6935631813042932,1.419019979102109
2022-12-26,0.6935631813042932,1.4188625546108427
2022-12-27,0.6935631813042932,1.4184659591652502
2022-12-28,0.6935631813042932,1.418236922635849
2022-12-29,0.6935631813042932,1.4186232629116222
2022-12-30,0.6935631813042932,1.4185159436577162
2023-01-02,0.6935631813042932,1.4184406498748776
2023-01-03,0.6935631813042932,1.4189194049277605
2023-01-04,0.6935631813042932,1.4197597764569532
2023-01-05,0.6935631813042932,1.4192532223247398
2023-01-06,0.6935631813042932,1.4199092847470356
2023-01-09,0.6935631813042932,1.4199044033284909
2023-01-10,0.6935631813042932,1.4207900478755633
2023-01-11,0.6935631813042932,1.4193970300694712
2023-01-12,0.6935631813042932,1.4203460942851394
2023-01-13,0.6935631813042932,1.420911572472672
2023-01-16,0.6935631813042932,1.421198921098478
2023-01-18,0.6935631813042932,1.4210554521619374
2023-01-19,0.6935631813042932,1.4206909740813651
2023-01-20,0.6935587463118308,1.4206818894674016
2023-01-23,0.6941907925414711,1.4219765694588677
2023-01-24,0.6941907925414711,1.422348847585033
2023-01-25,0.6941907925414711,1.4227806392078737
2023-01-26,0.6941907925414711,1.4216725495790747
2023-01-27,0.6941907925414711,1.4230726260806894
2023-01-30,0.6941907925414711,1.4226036562050723
2023-01-31,0.6941907925414711,1.423045019292825
2023-02-01,0.6941907925414711,1.422672787356417
2023-02-02,0.6941907925414711,1.42306277718885
2023-02-03,0.6941907925414711,1.423937096895771
2023-02-06,0.6941907925414711,1.4234868365417277
2023-02-07,0.6941907925414711,1.423261569236742
2023-02-08,0.6941907925414711,1.422574757983336
2023-02-09,0.6941907925414711,1.4230991152897163
2023-02-10,0.6941907925414711,1.4240747046554647
2023-02-13,0.6941907925414711,1.4249526773528276
2023-02-14,0.6941907925414711,1.4243450203049661
2023-02-16,0.6941907925414711,1.4245938164506238
2023-02-17,0.6941907925414711,1.42525294977366
2023-02-20,0.6941907925414711,1.4255221197512473
2023-02-21,0.6936424258872979,1.4266481917240492
2023-02-22,0.6934711053370742,1.4270005550514064
2023-02-23,0.6931683799300935,1.4276234927923808
2023-02-24,0.6929128953505729,1.4281496792116266
2023-02-27,0.6928674023696978,1.4282434439351284
2023-02-28,0.6924894421600248,1.4290225528810643
2023-03-01,0.6930863341838591,1.4277908053456312
2023-03-02,0.6930863341838591,1.426972124220829
2023-03-03,0.6930863341838591,1.4276230857862546
2023-03-06,0.6930863341838591,1.4275425634375907
2023-03-07,0.6930863341838591,1.426971042544795
2023-03-08,0.6930863341838591,1.4267933284282985
2023-03-09,0.6930863341838591,1.427483902793241
2023-03-10,0.6930863341838591,1.427446477967671
2023-03-13,0.6930863341838591,1.428114030501657
2023-03-14,0.6930863341838591,1.429501582740227
2023-03-15,0.6930863341838591,1.4294727324131036
2023-03-17,0.6930863341838591,1.4278268516454296
2023-03-20,0.6938834296595429,1.4294689476836475
2023-03-21,0.6938834296595429,1.4292194751040481
2023-03-22,0.6938834296595429,1.4299131716178894
2023-03-23,0.6938834296595429,1.4299855164851945
2023-03-24,0.6938834296595429,1.4321256831892946
2023-03-27,0.6938834296595429,1.433442935371881
2023-03-28,0.6938834296595429,1.4339190723277133
2023-03-29,0.6938834296595429,1.4340590831984903
2023-03-30,0.6938834296595429,1.4341879845693162
2023-03-31,0.6938834296595429,1.434300223541443
2023-04-03,0.6938834296595429,1.4329204124214538
2023-04-04,0.6938834296595429,1.4327166674168468
2023-04-05,0.6938834296595429,1.4326061551162235
2023-04-06,0.6938834296595429,1.4329103767653306
2023-04-07,0.6938834296595429,1.4341423565217666
2023-04-10,0.6938834296595429,1.4332303476157915
2023-04-11,0.6938834296595429,1.4343180893349978
2023-04-12,0.6938834296595429,1.4337874857692363
2023-04-13,0.6938834296595429,1.4329018986552506
2023-04-17,0.6938834296595429,1.434493791392832
2023-04-18,0.6938834296595429,1.4349644943692332
2023-04-19,0.6938834296595429,1.434154170974683
2023-04-20,0.6938834296595429,1.4346699724217942
2023-04-21,0.6938834296595429,1.4348216950194776
2023-04-24,0.6938834296595429,1.435227292441423
2023-04-25,0.6938834296595429,1.4352031481050485
2023-04-26,0.6938834296595429,1.4351034272952736
2023-04-27,0.6938834296595429,1.4351272664144528
2023-04-28,0.6938834296595429,1.4359846927130537
2023-05-01,0.6938834296595429,1.4359278004096911
2023-05-02,0.6938834296595429,1.4361919263003737
2023-05-03,0.6938834296595429,1.4366766118886005
2023-05-04,0.6938834296595429,1.4364813522375026
2023-05-05,0.6938834296595429,1.4373792819026427
2023-05-08,0.6938834296595429,1.4383548441226446
2023-05-09,0.6938834296595429,1.4388768912386667
2023-05-10,0.6933330103433971,1.4400182726301807
2023-05-11,0.6931694163363218,1.440358049268487
2023-05-12,0.6932730795523242,1.4401426442836982
2023-05-16,0.6930689002216496,1.4414102548183312
2023-05-17,0.6926582618610739,1.4422642800729146
2023-05-18,0.6922737443742737,1.443064928627637
2023-05-19,0.6915735268137816,1.4445245526740011
2023-05-22,0.6916083529692019,1.444451809524315
2023-05-23,0.6917290140451456,1.4441998040233148
2023-05-24,0.6918155243633712,1.444019186784352
2023-05-25,0.6916920598137808,1.444276893025709
2023-05-26,0.6913230142490117,1.4450474729016918
2023-05-29,0.691494696718554,1.4446886112499888
2023-05-30,0.691494696718554,1.4449346767554279
2023-05-31,0.691494696718554,1.445069090096223
2023-06-01,0.691494696718554,1.4451854677908034
2023-06-02,0.691494696718554,1.4455046090124397
2023-06-05,0.691494696718554,1.4463533243820388
2023-06-06,0.691494696718554,1.4457318811265782
2023-06-07,0.691494696718554,1.446763826052668
2023-06-08,0.6908768987357259,1.4480563996293065
2023-06-09,0.6908558410845758,1.4481005358083638
2023-06-12,0.6909211854424308,1.4479635677261757
2023-06-14,0.6909211854424308,1.4485502907749632
2023-06-15,0.6909211854424308,1.449237218403527
2023-06-16,0.6909211854424308,1.4502140813609883
2023-06-19,0.6909211854424308,1.450635238880686
2023-06-20,0.6909211854424308,1.4510667858788644
2023-06-21,0.6909211854424308,1.4507364501796045
2023-06-22,0.6909211854424308,1.4513554907194017
2023-06-23,0.6909211854424308,1.451290339455665
2023-06-26,0.6909211854424308,1.4527126844429852
2023-06-27,0.6909211854424308,1.45334416396636
2023-06-28,0.6906288610347057,1.4539590647407228
2023-06-29,0.6910776090457799,1.4530143297675733
2023-06-30,0.6910776090457799,1.4531183738582778
2023-07-03,0.6910776090457799,1.4542947177180234
2023-07-04,0.6910776090457799,1.455488428036239
2023-07-05,0.6912789759689629,1.4550643262817533
2023-07-06,0.6915455306311739,1.4545032587627482
2023-07-07,0.6915455306311739,1.4540200235196294
2023-07-10,0.6915455306311739,1.4538645778671417
2023-07-11,0.6915455306311739,1.4538317837233867
2023-07-13,0.6915455306311739,1.4545151355520987
2023-07-14,0.6915455306311739,1.4559372248934312
2023-07-17,0.6915455306311739,1.4565087193471442
2023-07-18,0.6915455306311739,1.4577402511595805
2023-07-19,0.6915455306311739,1.457483238783693
2023-07-20,0.6915455306311739,1.4574783530849367
2023-07-21,0.6915455306311739,1.457110838030428
2023-07-24,0.6915455306311739,1.4573627233674558
2023-07-25,0.6915455306311739,1.4579504051846888
2023-07-26,0.6915455306311739,1.4580794775076942
2023-07-27,0.6915455306311739,1.458995212032027
2023-07-28,0.6915455306311739,1.458449449544437
2023-07-31,0.6915455306311739,1.4585285706775226
2023-08-01,0.6915455306311739,1.4587005309989909
2023-08-02,0.6915455306311739,1.4579495118685546
2023-08-03,0.6915455306311739,1.4592873052788715
2023-08-04,0.6915455306311739,1.4602624678004419
2023-08-07,0.6915455306311739,1.4617054918508212
2023-08-08,0.6915455306311739,1.4615493284524115
2023-08-09,0.6915455306311739,1.4607425735829336
2023-08-11,0.6915455306311739,1.4591353700501257
2023-08-14,0.6915455306311739,1.4610459442440136
2023-08-15,0.6915455306311739,1.461150014799982
2023-08-16,0.6915455306311739,1.4613281548417365
2023-08-17,0.6915455306311739,1.4618550859504307
2023-08-18,0.6915455306311739,1.4626283242872706
2023-08-21,0.6915455306311739,1.463456526187395
2023-08-22,0.6915455306311739,1.462501747548104
2023-08-23,0.6915455306311739,1.4624609237747166
2023-08-24,0.6915455306311739,1.4630626898556232
2023-08-25,0.6915455306311739,1.461947695240235
2023-08-28,0.6915455306311739,1.4637565792761846
2023-08-29,0.6915455306311739,1.4645316984483077
2023-08-30,0.6915455306311739,1.4662853377334717
2023-08-31,0.6915455306311739,1.466720788350765
2023-09-01,0.6915455306311739,1.4670628281981635
2023-09-04,0.6915455306311739,1.467319525616848
2023-09-05,0.6915455306311739,1.4675357095468118
2023-09-06,0.6915455306311739,1.4686448558200633
2023-09-07,0.6915455306311739,1.4680764848318428
2023-09-11,0.6915455306311739,1.4671311570839582
2023-09-12,0.6915455306311739,1.4683804027568335
2023-09-13,0.6915455306311739,1.4685945847276274
2023-09-14,0.6915455306311739,1.4692197620781147
2023-09-15,0.6915455306311739,1.469941058183276
2023-09-18,0.6915455306311739,1.469418794954821
2023-09-19,0.6915455306311739,1.4694808223594655
2023-09-20,0.6915455306311739,1.4703331244947053
2023-09-21,0.6915455306311739,1.4707787051888408
2023-09-22,0.6915455306311739,1.4717933303558586
2023-09-25,0.6915455306311739,1.4712997451657357
2023-09-26,0.6915455306311739,1.4716706815426437
2023-09-27,0.6915455306311739,1.4710787987938818
2023-09-28,0.6915455306311739,1.4713670755752646
2023-09-29,0.6915455306311739,1.472060998231756
2023-10-02,0.6915455306311739,1.4727596900320554
2023-10-03,0.6915455306311739,1.4722918752022576
2023-10-04,0.6915455306311739,1.473013247007238
2023-10-05,0.6915455306311739,1.4729842168589584
2023-10-06,0.6915455306311739,1.472986741577474
2023-10-10,0.6915455306311739,1.4744959844320222
2023-10-11,0.6915455306311739,1.4750762166620333
2023-10-12,0.6915455306311739,1.474875295497123
2023-10-13,0.6915455306311739,1.4760269627157498
2023-10-16,0.6915455306311739,1.475574778386683
2023-10-17,0.6915455306311739,1.4754249012728362
2023-10-18,0.6915455306311739,1.4757226527072207
2023-10-19,0.6915455306311739,1.4755765511618286
2023-10-20,0.6915455306311739,1.475064115009867
2023-10-23,0.6915455306311739,1.4749671430586322
2023-10-24,0.6915455306311739,1.4754028117725917
2023-10-25,0.6915455306311739,1.4762761259685626
2023-10-26,0.6915455306311739,1.4774642923958246
2023-10-27,0.6915455306311739,1.4774427866472375
2023-10-30,0.6915455306311739,1.4770891880559192
2023-10-31,0.6915455306311739,1.4774128841290666
2023-11-01,0.6915455306311739,1.476553612294289
2023-11-02,0.6915455306311739,1.4767726051703156
2023-11-03,0.6915455306311739,1.4769942368822115
2023-11-06,0.6915455306311739,1.4764757761716605
2023-11-08,0.6915455306311739,1.4771676617895808
2023-11-09,0.6915455306311739,1.477815654931246
2023-11-10,0.6915455306311739,1.4782572191488428
2023-11-13,0.6915455306311739,1.4791410041687214
2023-11-14,0.6915455306311739,1.4800631282577388
2023-11-15,0.6915455306311739,1.4799221114868413
2023-11-16,0.6915455306311739,1.4800216971007536
2023-11-17,0.6915455306311739,1.4812647197262658
2023-11-20,0.6915455306311739,1.4804547761096405
2023-11-21,0.6915455306311739,1.4801548023225557
2023-11-22,0.6915455306311739,1.481263767041229
2023-11-23,0.6915455306311739,1.4819162713054461
2023-11-24,0.6915455306311739,1.4823803849790373
2023-11-27,0.6915455306311739,1.481324207754527
2023-11-28,0.6915455306311739,1.481917957443634
2023-11-29,0.6915455306311739,1.4817110537209492
2023-11-30,0.6915455306311739,1.4810808778395415
2023-12-01,0.6915455306311739,1.4819597279634986
2023-12-04,0.6915455306311739,1.482553726811627
2023-12-05,0.6915455306311739,1.483591377607559
2023-12-07,0.6915455306311739,1.4844264172670376
2023-12-08,0.6915455306311739,1.484025690306057
2023-12-11,0.6915455306311739,1.4837310283988125
2023-12-12,0.6915455306311739,1.4847018526517737
2023-12-13,0.6915455306311739,1.4862141454412903
2023-12-14,0.6915455306311739,1.48666630064917
2023-12-15,0.6915455306311739,1.4865554962426422
2023-12-18,0.6915455306311739,1.4873227110481466
2023-12-19,0.6915455306311739,1.4878650326634746
2023-12-20,0.6915455306311739,1.4884050874706298
2023-12-21,0.6915455306311739,1.487975971879257
2023-12-22,0.6915455306311739,1.488524914882296
2023-12-25,0.6915455306311739,1.4891734447434077
2023-12-26,0.6915455306311739,1.4901815051754628
2023-12-27,0.6915455306311739,1.4910433573355188
2023-12-28,0.6915455306311739,1.4904012284303476
2023-12-29,0.6915455306311739,1.4907231299930594
2024-01-01,0.6915455306311739,1.4916742463188386
2024-01-02,0.6915455306311739,1.492370382178027
2024-01-03,0.6915455306311739,1.492044129476527
2024-01-05,0.6915455306311739,1.4913063533290134
2024-01-08,0.6915455306311739,1.4918922451717733
2024-01-09,0.6915455306311739,1.4924930994769483
2024-01-10,0.6915455306311739,1.494504654796448
2024-01-11,0.6915455306311739,1.494343631954195
2024-01-12,0.6915455306311739,1.494570315313627
2024-01-15,0.6915455306311739,1.4945655704320369
2024-01-16,0.6915455306311739,1.4956366297424768
2024-01-17,0.6915455306311739,1.4963159432080955
2024-01-18,0.6915455306311739,1.49717662195186
2024-01-19,0.6915455306311739,1.4966645520584116
2024-01-22,0.6915455306311739,1.4976050900386424
2024-01-23,0.6915455306311739,1.496879796242482
2024-01-24,0.6915455306311739,1.4969973588000638
2024-01-25,0.6915455306311739,1.498086835125907
2024-01-26,0.6915455306311739,1.49872698321183
2024-01-29,0.6915455306311739,1.4990322192735264
2024-01-30,0.6915455306311739,1.5006242413289537
2024-01-31,0.6915455306311739,1.4998652445150162
2024-02-01,0.6915455306311739,1.4996668772886548
2024-02-05,0.6915455306311739,1.4996431105468595
2024-02-06,0.6915455306311739,1.5006028433558392
2024-02-07,0.6915455306311739,1.5012736886253284
2024-02-08,0.6915455306311739,1.5008760185972287
2024-02-09,0.6915455306311739,1.5018216995123401
2024-02-12,0.6915455306311739,1.5034403705620965
2024-02-13,0.6915455306311739,1.5039126168753272
2024-02-14,0.6915455306311739,1.5040617682189084
2024-02-15,0.6915455306311739,1.5038682160435535
2024-02-16,0.6915455306311739,1.5035105035825216
2024-02-19,0.6915455306311739,1.5038333998581006
2024-02-20,0.6915455306311739,1.5040296222037466
2024-02-21,0.6915455306311739,1.5038719015826347
2024-02-22,0.6915455306311739,1.5047210933500939
2024-02-23,0.6915455306311739,1.5046003622438617
2024-02-26,0.6915455306311739,1.5041982252229398
2024-02-27,0.6915455306311739,1.505175869150983
2024-02-28,0.6915455306311739,1.5061664212745716
2024-02-29,0.6915455306311739,1.5072021113145007
2024-03-01,0.6915455306311739,1.5079789899137324
2024-03-05,0.6915455306311739,1.5078167486472354
2024-03-06,0.6915455306311739,1.5086316555268031
2024-03-07,0.6915455306311739,1.509409980518002
2024-03-08,0.6915455306311739,1.5091044313217417
2024-03-11,0.6915455306311739,1.5094796856103798
2024-03-12,0.6915455306311739,1.5103479171956193
2024-03-13,0.6915455306311739,1.5107530870256867
2024-03-14,0.6915455306311739,1.5099989469541288
2024-03-15,0.6915455306311739,1.510537739782522
2024-03-18,0.6915455306311739,1.5096241981632885
2024-03-19,0.6915455306311739,1.5094716557649404
2024-03-20,0.6915455306311739,1.5101368458347393
2024-03-21,0.6915455306311739,1.5093568370472938
2024-03-22,0.6915455306311739,1.510568482766514
2024-03-25,0.6915455306311739,1.511764430889295
2024-03-26,0.6915455306311739,1.5129491751063497
2024-03-27,0.6915455306311739,1.5128192364263913
2024-03-28,0.6915455306311739,1.5116169106183612
2024-03-29,0.6915455306311739,1.511256606144364
2024-04-01,0.6915455306311739,1.510837788288503
2024-04-03,0.6915455306311739,1.5130252288492314
2024-04-04,0.6915455306311739,1.514716067742322
2024-04-05,0.6915455306311739,1.513932894629813
2024-04-08,0.6915455306311739,1.514186947076945
2024-04-09,0.6915455306311739,1.5152275454437574
2024-04-10,0.6915455306311739,1.5154178399928202
2024-04-11,0.6915455306311739,1.5165962008662082
2024-04-12,0.6915455306311739,1.5168467927912703
2024-04-15,0.6915455306311739,1.516892985572999
2024-04-16,0.6915455306311739,1.5170570502468923
2024-04-17,0.6915455306311739,1.517337091883066
2024-04-18,0.6915455306311739,1.5186690237506182
2024-04-19,0.6915455306311739,1.5191144943873416
2024-04-22,0.6915455306311739,1.5182976030339268
2024-04-23,0.6915455306311739,1.518873879826338
2024-04-24,0.6915455306311739,1.5188543918781061
2024-04-25,0.6915455306311739,1.520188916467214
2024-04-26,0.6915455306311739,1.520377751377422
2024-04-29,0.6915455306311739,1.5214792279209277
2024-04-30,0.6915455306311739,1.5214041314497275
2024-05-02,0.6915455306311739,1.5210296769729137
2024-05-03,0.6915455306311739,1.520563812260992
2024-05-06,0.6915455306311739,1.520846149446932
2024-05-07,0.6915455306311739,1.5212999362338473
2024-05-08,0.6915455306311739,1.5217877280248544
2024-05-09,0.6915455306311739,1.5221013668185959
2024-05-10,0.6915455306311739,1.5228878666922074
2024-05-13,0.6915455306311739,1.5240528556832087
2024-05-14,0.6911057205915081,1.5250221248306777
2024-05-15,0.6907027182989384,1.5259114061579981
2024-05-16,0.6899916472268133,1.5274823156546582
2024-05-17,0.6899267155857289,1.5276260593273265
2024-05-20,0.6902998116640713,1.5267999552223062
2024-05-21,0.6898974647377908,1.527689863141516
2024-05-22,0.6897336688008253,1.5280525683336867
2024-05-23,0.6902238702665396,1.5269665642098225
2024-05-24,0.6902238702665396,1.5263132135269282
2024-05-27,0.6902238702665396,1.525839188345117
2024-05-28,0.6902238702665396,1.526553810128763
2024-05-29,0.6902238702665396,1.525778296250393
2024-05-31,0.6902238702665396,1.527423226651045
2024-06-03,0.6902238702665396,1.5295969743388536
2024-06-04,0.6902238702665396,1.5288837266877764
2024-06-05,0.6902238702665396,1.5290237762469745
2024-06-06,0.6902238702665396,1.5297378904741152
2024-06-07,0.6902238702665396,1.5303428154060914
2024-06-10,0.6902238702665396,1.5312132658020277
2024-06-11,0.6902238702665396,1.5308595425863507
2024-06-12,0.6902238702665396,1.5304981078398006
2024-06-13,0.6902238702665396,1.5315640507892792
2024-06-14,0.6902238702665396,1.532113158860793
2024-06-17,0.6902238702665396,1.5328663062088577
2024-06-18,0.6902238702665396,1.5328962624613645
2024-06-19,0.6902238702665396,1.532838197181021
2024-06-20,0.6902238702665396,1.5336004086559087
2024-06-21,0.6902238702665396,1.5340641223493385
2024-06-24,0.6902238702665396,1.5340039187777443
2024-06-25,0.6902238702665396,1.5337176721451502
2024-06-26,0.6902238702665396,1.5341386728687156
2024-06-27,0.6902238702665396,1.5336633146293206
2024-07-01,0.6902238702665396,1.5352209931063248
2024-07-02,0.6902238702665396,1.535304148639146
2024-07-03,0.6902238702665396,1.5354838329850156
2024-07-04,0.6902238702665396,1.5352267882348405
2024-07-05,0.6902238702665396,1.5347134361042802
2024-07-08,0.6902238702665396,1.5342551064357808
2024-07-09,0.6902238702665396,1.5347653249000228
2024-07-10,0.6902238702665396,1.5357142784670834
2024-07-11,0.6902238702665396,1.5377971135976705
2024-07-12,0.6902238702665396,1.5377995090258048
2024-07-15,0.6902238702665396,1.5380293777841014
2024-07-16,0.6902238702665396,1.538001218931004
2024-07-17,0.6902238702665396,1.537817572094683
2024-07-18,0.6902238702665396,1.5383439867339896
2024-07-19,0.6902238702665396,1.5396995308819728
2024-07-22,0.6897967244248603,1.5406523757202681
2024-07-23,0.6897949529260553,1.5406563323407418
2024-07-24,0.6897949529260553,1.5393546722132965
2024-07-25,0.6897949529260553,1.5395542134931681
2024-07-26,0.6897949529260553,1.5393459729884555
2024-07-30,0.6897949529260553,1.539709574090124
2024-07-31,0.6897949529260553,1.5401349303372487
2024-08-01,0.6897949529260553,1.540781024944496
2024-08-02,0.6897949529260553,1.5407820503337584
2024-08-05,0.6897949529260553,1.5411171794679686
2024-08-06,0.6897949529260553,1.5417100483959312
2024-08-07,0.6897949529260553,1.5424911719380852
2024-08-08,0.6897949529260553,1.54209721388928
2024-08-09,0.6897949529260553,1.5411426495361267
2024-08-12,0.6897949529260553,1.5418067126329362
2024-08-13,0.6897949529260553,1.542493307777889
2024-08-14,0.6897949529260553,1.5428995059932475
2024-08-15,0.6897949529260553,1.5431151712047362
2024-08-16,0.6897949529260553,1.544044566037732
2024-08-19,0.6897949529260553,1.5462484856178058
2024-08-20,0.6897949529260553,1.5461515388985096
2024-08-21,0.6897949529260553,1.5459474217577394
2024-08-22,0.6897949529260553,1.5471161827194524
2024-08-23,0.6897949529260553,1.5477381449449916
2024-08-26,0.6897949529260553,1.5464926787510536
2024-08-28,0.6897949529260553,1.5453487680211944
2024-08-29,0.6897949529260553,1.545520873964012
2024-08-30,0.6897949529260553,1.545716081909662
2024-09-02,0.6897949529260553,1.5458749040363249
2024-09-03,0.6897949529260553,1.5455919110461405
2024-09-04,0.6897949529260553,1.546427265385972
2024-09-05,0.6897949529260553,1.5475284652130459
2024-09-06,0.6897949529260553,1.5473493101735323
2024-09-09,0.6897949529260553,1.5473848951109888
2024-09-10,0.6897949529260553,1.5471616450338876
2024-09-11,0.6897949529260553,1.5480317185454793
2024-09-12,0.6897949529260553,1.5481098563226379
2024-09-13,0.6897949529260553,1.5492404414780572
2024-09-16,0.6897949529260553,1.5501201567388962
2024-09-17,0.6897949529260553,1.5513719440218279
2024-09-18,0.6897949529260553,1.5514214434747402
2024-09-19,0.6897949529260553,1.5528703701411337
2024-09-20,0.6897949529260553,1.5530332217776477
2024-09-23,0.6897949529260553,1.5524215215110913
2024-09-24,0.6897949529260553,1.5535732959629989
2024-09-26,0.6897949529260553,1.5508586194142733
2024-09-27,0.6897949529260553,1.5519008465112496
2024-09-30,0.6897949529260553,1.5527278533701168
2024-10-01,0.6897949529260553,1.5512446900291745
2024-10-02,0.6897949529260553,1.5527755808984833
2024-10-03,0.6897949529260553,1.5531227600588071
2024-10-04,0.6897949529260553,1.5532746592049596
2024-10-07,0.6897949529260553,1.5525261901517347
2024-10-08,0.6897949529260553,1.5524329542515727
2024-10-09,0.6897949529260553,1.5534034005805608
2024-10-10,0.6897949529260553,1.554914805036028
2024-10-11,0.6897949529260553,1.5558225263504695
2024-10-14,0.6897949529260553,1.5567561464078896
2024-10-15,0.6897949529260553,1.556952201955038
2024-10-16,0.6897949529260553,1.5581241203041605
2024-10-17,0.6897949529260553,1.5591249324057972
2024-10-18,0.6897949529260553,1.5579403531467284
2024-10-21,0.6897949529260553,1.5586149590731995
2024-10-22,0.6897949529260553,1.5599601637176788
2024-10-23,0.6897949529260553,1.559459115865431
2024-10-25,0.6897949529260553,1.5607018777002162
2024-10-28,0.6897949529260553,1.5601259147447177
2024-10-29,0.6897949529260553,1.5608628644518
2024-10-30,0.6897949529260553,1.5594499784851914
2024-10-31,0.6897949529260553,1.5587712829959515
2024-11-01,0.6897949529260553,1.5593355869697916
2024-11-04,0.6897949529260553,1.5600608466073054
2024-11-05,0.6897949529260553,1.5597984322973883
2024-11-06,0.6897949529260553,1.559162466168701
2024-11-07,0.6897949529260553,1.5595855838152304
2024-11-08,0.6897949529260553,1.5601598628994977
2024-11-11,0.6897949529260553,1.5595527012603343
2024-11-12,0.6897949529260553,1.5598271699279083
2024-11-13,0.6897949529260553,1.5602631474750726
2024-11-14,0.6897949529260553,1.5619993315779843
2024-11-15,0.6897949529260553,1.5615738705897835
2024-11-18,0.6897949529260553,1.5617447626696424
2024-11-19,0.6897949529260553,1.5622484577464264
2024-11-20,0.6897949529260553,1.5612180155678286
2024-11-21,0.6897949529260553,1.5613531681189794
2024-11-25,0.6897949529260553,1.5614007494202469
2024-11-26,0.6897949529260553,1.5615476245318136
2024-11-27,0.6897949529260553,1.5611162822370446
2024-11-28,0.6897949529260553,1.5614027764104752
2024-11-29,0.6897949529260553,1.5616550711628163
2024-12-02,0.6897949529260553,1.5621425258401616
2024-12-03,0.6897949529260553,1.5624460904186905
2024-12-04,0.6897949529260553,1.563985111193348
2024-12-05,0.6897949529260553,1.5643469076127514
2024-12-06,0.6897949529260553,1.563786689947796
2024-12-09,0.6897949529260553,1.5645222278873148
2024-12-10,0.6897949529260553,1.565308967650811
2024-12-11,0.6897949529260553,1.5658160144496092
2024-12-12,0.6897949529260553,1.5668983694634158
2024-12-13,0.6897949529260553,1.5684634528175403
2024-12-16,0.6895918212774621,1.5689253358243345
2024-12-17,0.689601642379794,1.5689029913361912
2024-12-18,0.6895951099404168,1.5689178531970829
2024-12-19,0.6894716126748411,1.5691988254110527
2024-12-20,0.6896461581741213,1.5688015696177524
2024-12-24,0.6896461581741213,1.5684616277483938
2024-12-25,0.6896461581741213,1.568861630234034
2024-12-26,0.6896461581741213,1.5691048387629505
2024-12-27,0.6896461581741213,1.5689883789971457
2024-12-30,0.6896461581741213,1.5687995407665951
2024-12-31,0.6896461581741213,1.5698891773644368
2025-01-01,0.6896461581741213,1.569664596528581
2025-01-02,0.6896461581741213,1.5694736857396365
2025-01-03,0.6896461581741213,1.570033573601295
2025-01-06,0.6896461581741213,1.5698815685582532
2025-01-07,0.6896461581741213,1.5709515377729046
2025-01-08,0.6896461581741213,1.572728592105412
2025-01-09,0.689752339689974,1.5724864466168087
2025-01-10,0.6895989257986452,1.5728361971735743
2025-01-13,0.6895721422497479,1.5728972850517864
2025-01-14,0.6895721422497479,1.5727722098226835
2025-01-15,0.6895721422497479,1.5735774878773656
2025-01-16,0.6894700589761423,1.5738104380378963
2025-01-17,0.68870715234352,1.5755518775769133
2025-01-20,0.6889527309617616,1.5749900686110174
2025-01-22,0.6889527309617616,1.5768728919668893
2025-01-23,0.6889527309617616,1.577865387936207
2025-01-24,0.6889527309617616,1.5776427902484909
2025-01-27,0.6889527309617616,1.577441959439695
2025-01-28,0.6889527309617616,1.577150548799826
2025-01-29,0.6889527309617616,1.576345873192092
2025-01-30,0.6889527309617616,1.5769184618836067
2025-01-31,0.6889527309617616,1.5766629105486845
2025-02-03,0.6889527309617616,1.5778278908449885
2025-02-04,0.6889527309617616,1.5793844879784058
2025-02-05,0.6889527309617616,1.579028528669732
2025-02-06,0.6889527309617616,1.5798581279439519
2025-02-07,0.6889527309617616,1.5792165965720797
2025-02-10,0.6889527309617616,1.5794120391379565
2025-02-11,0.6889527309617616,1.5791470689270928
2025-02-12,0.6889527309617616,1.58055070163323
2025-02-13,0.6889527309617616,1.5793698462507324
2025-02-14,0.6889527309617616,1.5800173749135837
2025-02-17,0.6889527309617616,1.580143592539698
2025-02-18,0.6889527309617616,1.5815357374649173
2025-02-20,0.6889527309617616,1.5832774358411765
2025-02-21,0.6889527309617616,1.5830485002813344
2025-02-24,0.6889527309617616,1.5834912129015164
2025-02-25,0.6889527309617616,1.5838141115152622
2025-02-26,0.6889527309617616,1.583206202109294
2025-02-27,0.6889527309617616,1.5847014314824082
2025-02-28,0.6889527309617616,1.5853496558841293
2025-03-03,0.6889527309617616,1.58529661707571
2025-03-04,0.6889527309617616,1.5836398636999744
2025-03-05,0.6889527309617616,1.5840069822502238
2025-03-06,0.6889527309617616,1.5842563145984845
2025-03-07,0.6889527309617616,1.5848716032908534
2025-03-10,0.6889527309617616,1.5842218779938695
2025-03-11,0.6889527309617616,1.5858114607119789
2025-03-12,0.6889527309617616,1.586172239744946
2025-03-13,0.6889527309617616,1.587620434427972
2025-03-14,0.6889527309617616,1.5897927663087414
2025-03-17,0.6889527309617616,1.5897814753784383
2025-03-18,0.6889527309617616,1.589714865079747
2025-03-19,0.6889527309617616,1.5892703920675242
2025-03-21,0.6889527309617616,1.58711163191105
2025-03-24,0.6889527309617616,1.5878858146643193
2025-03-25,0.6889527309617616,1.5881514220417754
2025-03-26,0.6889527309617616,1.5882295521694187
2025-03-27,0.6889527309617616,1.5884302492494566
2025-03-28,0.6889527309617616,1.5889923152498753
2025-03-31,0.6889527309617616,1.5896753361754088
2025-04-01,0.6889527309617616,1.5883043297382917
2025-04-02,0.6889527309617616,1.5880291567499007
2025-04-03,0.6889527309617616,1.5879678965367507
2025-04-04,0.6889527309617616,1.5901590974111777
2025-04-07,0.6889527309617616,1.5907800233862637
2025-04-08,0.6889527309617616,1.5890577421091423
2025-04-09,0.6889527309617616,1.5897409367444266
2025-04-10,0.6889527309617616,1.58905218444759
2025-04-11,0.6889527309617616,1.588317651154707
2025-04-14,0.6889527309617616,1.5890321106037866
2025-04-15,0.6889527309617616,1.5904358811788901
2025-04-16,0.6889527309617616,1.592126048901145
2025-04-17,0.6889527309617616,1.5916745093491371
2025-04-21,0.6889527309617616,1.5923966419201923
2025-04-22,0.6889527309617616,1.5934058950772292
2025-04-23,0.6889527309617616,1.5941174596411343
2025-04-24,0.6889527309617616,1.594693783542053
2025-04-25,0.6889527309617616,1.5952083720205463
2025-04-28,0.6889527309617616,1.5968000167481773
2025-04-29,0.6889527309617616,1.5955594425973698
2025-04-30,0.6889527309617616,1.5960742740838554
2025-05-01,0.6889527309617616,1.5971210994013694
2025-05-02,0.6889527309617616,1.5969337942793578
2025-05-05,0.6889527309617616,1.5973957457078725
2025-05-06,0.6889527309617616,1.5974751546257615
2025-05-07,0.6889527309617616,1.5961218169051758
2025-05-08,0.6889527309617616,1.5972942888675286
2025-05-09,0.6889527309617616,1.5969652949972584
2025-05-12,0.6889527309617616,1.5977655509557676
2025-05-13,0.6889527309617616,1.5973290554980257
2025-05-14,0.6889527309617616,1.5970016086215955
2025-05-15,0.6889527309617616,1.5976379449226095
2025-05-16,0.6889527309617616,1.598882866512571
2025-05-20,0.6889527309617616,1.5992898405134308
2025-05-21,0.6889527309617616,1.5989526813087764
2025-05-22,0.6889527309617616,1.598248415608231
2025-05-23,0.6889527309617616,1.5994083912207033
2025-05-26,0.6889527309617616,1.6005592312359656
2025-05-27,0.6889527309617616,1.6015988211008554
2025-05-28,0.6889527309617616,1.6006993964155902
2025-05-29,0.6889527309617616,1.6009363078817993
2025-05-30,0.6889527309617616,1.5981834360964464
2025-06-02,0.6889527309617616,1.5997026560591108
2025-06-03,0.6889527309617616,1.6000734566828085
2025-06-04,0.6889527309617616,1.600476757684564
2025-06-05,0.6889527309617616,1.6008354036472892
2025-06-06,0.6889527309617616,1.6011229260498228
2025-06-09,0.6889527309617616,1.6008214360279966
2025-06-10,0.6889527309617616,1.6012537132619675
2025-06-11,0.6889527309617616,1.6020367397298434
2025-06-12,0.6889527309617616,1.6029065596969894
2025-06-13,0.6889527309617616,1.604676557600372
2025-06-16,0.6889527309617616,1.604543773021154
2025-06-18,0.6889527309617616,1.6041698867261394
2025-06-19,0.6889527309617616,1.603210190056343
2025-06-20,0.6889527309617616,1.6024535494696008
2025-06-23,0.6889527309617616,1.6020500858570121
2025-06-24,0.6889527309617616,1.6032982280806625
2025-06-25,0.6889527309617616,1.6036826630471852
2025-06-26,0.6889527309617616,1.6044350956363496
2025-06-27,0.6889527309617616,1.6043727125320537
2025-06-30,0.6889527309617616,1.6043575531704641
2025-07-01,0.6889527309617616,1.6048629131122696
2025-07-02,0.6889527309617616,1.6049507405046302
2025-07-03,0.6889527309617616,1.6056798811137163
2025-07-04,0.6889527309617616,1.6057356505578742
2025-07-07,0.6889527309617616,1.605473576490064
2025-07-08,0.6889527309617616,1.6060232153029443
2025-07-09,0.6889527309617616,1.6050170184979522
2025-07-10,0.6892472622077384,1.6057031724835997
2025-07-11,0.6892472622077384,1.6068038557164817
2025-07-14,0.6892472622077384,1.6068894164292722
2025-07-15,0.6892472622077384,1.6067389878800569
2025-07-17,0.6892472622077384,1.607973300903884
2025-07-18,0.6892472622077384,1.6066523936968347
2025-07-21,0.6892472622077384,1.6060592254640775
2025-07-22,0.6892472622077384,1.6069701275914339
2025-07-23,0.6892472622077384,1.6083415130578185
2025-07-24,0.6892472622077384,1.6069295910518886
2025-07-25,0.6892472622077384,1.6072168717653987
2025-07-28,0.6892472622077384,1.608021097851566
2025-07-29,0.6892472622077384,1.6093456620990343
2025-07-30,0.6892472622077384,1.6093492495488138
2025-07-31,0.6892472622077384,1.608980827487947
2025-08-01,0.6892472622077384,1.60821402046314
2025-08-04,0.6892472622077384,1.6090962441861265
2025-08-05,0.6892472622077384,1.6095964291599252
2025-08-06,0.6892472622077384,1.60905205323141
2025-08-07,0.6892472622077384,1.6083966063492432
2025-08-08,0.6892472622077384,1.6088006479959154
2025-08-11,0.6892472622077384,1.6077368712060258
2025-08-12,0.6892472622077384,1.6085236971104628
2025-08-13,0.6892472622077384,1.6077259911649284
2025-08-15,0.6892472622077384,1.6100750834229673
2025-08-18,0.6892472622077384,1.6100207557033142
2025-08-19,0.6892472622077384,1.609558289124047
2025-08-20,0.6892472622077384,1.6106141872189514
2025-08-21,0.6892472622077384,1.6106043235706897
2025-08-22,0.6892472622077384,1.6103756809574716
2025-08-25,0.6892472622077384,1.6119312244998116
2025-08-26,0.6892472622077384,1.610334054946492
2025-08-27,0.6892472622077384,1.611299991578899
2025-08-28,0.6892472622077384,1.6109064859385478
2025-08-29,0.6892472622077384,1.6113499836252299
2025-09-01,0.6892472622077384,1.6101723030847575
2025-09-02,0.6892472622077384,1.609692944114401
2025-09-03,0.6892472622077384,1.6098842129365292
2025-09-04,0.6892472622077384,1.610736573496231
2025-09-05,0.6892472622077384,1.6102348100822976
2025-09-08,0.6892472622077384,1.611897625267456
2025-09-09,0.6892472622077384,1.611620744043397
2025-09-10,0.6892472622077384,1.6126243316592548
2025-09-11,0.6892472622077384,1.6120160062385744
2025-09-15,0.6892472622077384,1.61130782962882
2025-09-16,0.6892472622077384,1.6114475329656193
2025-09-17,0.6892472622077384,1.613124437974863
2025-09-18,0.6892472622077384,1.6146133336458315
2025-09-19,0.6892472622077384,1.6141564042903418
2025-09-22,0.6892472622077384,1.6134319353502773
2025-09-23,0.6892472622077384,1.6132029714353326
2025-09-24,0.6892472622077384,1.6127437490473389
2025-09-25,0.6892472622077384,1.6137916832344725
2025-09-26,0.6892472622077384,1.6146778795969505
2025-09-29,0.6892472622077384,1.6147633967202744
2025-09-30,0.6892472622077384,1.6157939829615364
2025-10-01,0.6892472622077384,1.6145065449360847
2025-10-02,0.6892472622077384,1.6138135398102913
2025-10-03,0.6892472622077384,1.6132742541041158
2025-10-06,0.6892472622077384,1.6143170703495162
2025-10-07,0.6892472622077384,1.612908599887261
2025-10-08,0.6892472622077384,1.611832266146355
2025-10-09,0.6892472622077384,1.6127037733180734
2025-10-10,0.6892472622077384,1.6124856382685642
2025-10-14,0.6892472622077384,1.6142021184382942
2025-10-15,0.6892472622077384,1.6143172451341525
2025-10-16,0.6892472622077384,1.6140439762387648
2025-10-17,0.6892472622077384,1.6146990863512356
2025-10-20,0.6892472622077384,1.6139846402931108
2025-10-21,0.6892472622077384,1.6150449435028418
2025-10-22,0.6892472622077384,1.6160616588995322
2025-10-23,0.6892472622077384,1.6162026370078015
2025-10-24,0.6892472622077384,1.6169185642275352
2025-10-27,0.6892472622077384,1.6177090062963793
2025-10-28,0.6892472622077384,1.6174564984252104
2025-10-29,0.6892472622077384,1.617198504514796
2025-10-30,0.6892472622077384,1.616963159602661
2025-10-31,0.6892472622077384,1.616598265371325
2025-11-03,0.6892472622077384,1.6161831997061629
2025-11-04,0.6892472622077384,1.6169875847002912
2025-11-05,0.6892472622077384,1.616043036655688
2025-11-06,0.6892472622077384,1.6167976975925717
2025-11-07,0.6892472622077384,1.615227430884489
2025-11-10,0.6892472622077384,1.6156152812530886
2025-11-12,0.6892472622077384,1.6164956709345335
2025-11-13,0.6892472622077384,1.6170197814098564
2025-11-14,0.6892472622077384,1.6173096285138617
2025-11-17,0.6892472622077384,1.6172428618302166
2025-11-18,0.6892472622077384,1.6174001739601
2025-11-19,0.6892472622077384,1.6183939190432801
2025-11-20,0.6892472622077384,1.6187879536646161
2025-11-21,0.6892472622077384,1.61911186364164
2025-11-24,0.6892472622077384,1.6191260168970265
2025-11-25,0.6892472622077384,1.6210613684057689
2025-11-26,0.6892472622077384,1.6210396080065954
2025-11-27,0.6892472622077384,1.6214997965329097
2025-11-28,0.6892472622077384,1.621034251184376
2025-12-01,0.6892472622077384,1.6206667652249098
2025-12-02,0.6892472622077384,1.6214905066976488
2025-12-03,0.6892472622077384,1.6220716742651324
2025-12-04,0.6892472622077384,1.623241823039903
2025-12-05,0.6892472622077384,1.6224357352799539
2025-12-08,0.6892472622077384,1.621223747653696
2025-12-09,0.6892472622077384,1.621505882403388
2025-12-11,0.6892472622077384,1.6220570404188324
2025-12-12,0.6892472622077384,1.623604902623222
2025-12-15,0.6892472622077384,1.6243444362983401
2025-12-16,0.6892472622077384,1.6244243046053617
2025-12-17,0.6892472622077384,1.625378697141649
2025-12-18,0.6892472622077384,1.6250855982591148
2025-12-19,0.6892472622077384,1.6252352619867043
2025-12-22,0.6892472622077384,1.627041982841487
2025-12-23,0.6892472622077384,1.6273801394776424
2025-12-24,0.6892472622077384,1.6272789726155548
2025-12-25,0.6892472622077384,1.6275635290900479
2025-12-26,0.6892472622077384,1.6271167927475854
2025-12-29,0.6892472622077384,1.6283863723268464
2025-12-30,0.6892472622077384,1.628140104929512
2025-12-31,0.6892472622077384,1.629511403604995
2026-01-01,0.6892472622077384,1.630876619488717
2026-01-02,0.6892472622077384,1.6314026548443488
2026-01-05,0.6892472622077384,1.632338377200892
2026-01-06,0.6892472622077384,1.6325527377718112
2026-01-07,0.6892472622077384,1.632726208540257
2026-01-09,0.6892472622077384,1.6321861696589275
2026-01-12,0.6892472622077384,1.6334319323805575
2026-01-13,0.6892472622077384,1.6328439920953501
2026-01-14,0.6892472622077384,1.6333296133630255
2026-01-15,0.6892472622077384,1.6335820580317053
2026-01-16,0.6892472622077384,1.6330264294200043
2026-01-19,0.6892472622077384,1.6331029124986791
2026-01-20,0.6892472622077384,1.6331998595182127
2026-01-21,0.6892472622077384,1.632963789967488
2026-01-22,0.6892472622077384,1.6333752128857577
2026-01-23,0.6892472622077384,1.6323402716385487
2026-01-26,0.6892472622077384,1.6326368047520576
2026-01-27,0.6892472622077384,1.63322687141402
2026-01-28,0.6892472622077384,1.6332875719350193
2026-01-29,0.6892472622077384,1.6332528289565575
2026-01-30,0.6892472622077384,1.6331248545063817
2026-02-02,0.6892472622077384,1.6319557380981873
2026-02-03,0.6892472622077384,1.6330241648615575
2026-02-04,0.6892472622077384,1.6338079586473597
2026-02-05,0.6892472622077384,1.6341392681080453
2026-02-09,0.6892472622077384,1.635681328245516
2026-02-10,0.6892472622077384,1.6369162494251415
2026-02-11,0.6892472622077384,1.6371916508001838
2026-02-12,0.688717236521844,1.6384506382133166
2026-02-13,0.6884799351179625,1.63901517561128
2026-02-16,0.6883157686012353,1.6394059951522983
2026-02-17,0.6883157686012353,1.6400709858523268
2026-02-18,0.6878513178896474,1.6411776467355752
2026-02-19,0.6879846412811711,1.6408595440231648
2026-02-20,0.6881551911565329,1.640452778560787
2026-02-23,0.6881551911565329,1.641336037855855
2026-02-24,0.6881551911565329,1.6407171799429061
2026-02-25,0.6881551911565329,1.6398748860023675
2026-02-26,0.6881551911565329,1.6386301638747363
2026-02-27,0.6881551911565329,1.638852843156853
2026-03-02,0.6881551911565329,1.6378572959397086
2026-03-03,0.6885479411145141,1.638792068201004
2026-03-04,0.6885479411145141,1.6393894310310013
2026-03-05,0.6885479411145141,1.6405131128158914
2026-03-06,0.6885479411145141,1.6408862219666414
