date,strategy,buy_and_hold
2006-11-14,0.9998091227149586,0.9998804240933992
2006-11-15,0.9999787529641722,1.0000500664397924
2006-11-16,1.0001992842495158,0.9998295194272623
2006-11-17,1.0004501415310134,1.0000802839690435
2006-11-20,0.9995863458491702,0.999216807624818
2006-11-21,0.9987680790415547,1.0000347719264373
2006-11-22,0.9987680790415547,0.9997999943694029
2006-11-23,0.9987680790415547,1.0002408839627983
2006-11-24,0.9981745552628734,1.0008352829644274
2006-11-27,0.9981745552628734,1.001434662128858
2006-11-28,0.9984422411308734,1.001703222277345
2006-11-29,0.9986145003282432,1.0015304004695689
2006-11-30,0.9985640867731467,1.00158096122951
2006-12-01,0.9988108883257907,1.0018285084221281
2006-12-04,0.9990611752095225,1.0020795514757606
2006-12-05,0.9990611752095225,1.0014145090185742
2006-12-06,0.9990611752095225,1.0008573685633035
2006-12-07,0.9984601498702406,1.0014594744747733
2006-12-08,0.9982006179512852,1.0017197860146985
2006-12-11,0.9985672989260646,1.0020877597275835
2006-12-12,0.9985672989260646,1.0021502630895867
2006-12-13,0.9995578012624581,1.0031443194522125
2006-12-14,0.9995578012624581,1.003494526388648
2006-12-15,0.9995578012624581,1.004235691617653
2006-12-18,0.9996724752667978,1.0043509022917263
2006-12-19,0.9996724752667978,1.0039902156448575
2006-12-20,0.9993963764016495,1.004267507023802
2006-12-21,0.9988394026186926,1.0037078185101198
2006-12-22,0.9981363804662928,1.0044142672436194
2006-12-25,0.9989032154245417,1.0051859252933206
2006-12-26,0.9988718639547237,1.0051543766350404
2006-12-27,0.9991297317992319,1.0048948869028194
2006-12-28,0.999772244358102,1.0042486669329496
2006-12-29,0.9992129300414703,1.0048104855471827
2007-01-01,0.9995912153066744,1.0044300811412976
2007-01-02,0.9996412638747234,1.004480371986692
2007-01-03,0.9996412638747234,1.0046028191631695
2007-01-04,0.9994414059288906,1.004401969255236
2007-01-05,0.9996461182374496,1.004607697619728
2007-01-08,1.0006153079391813,1.005581697735419
2007-01-09,1.0006153079391813,1.0050843980377426
2007-01-11,1.000259071622501,1.0051294881035735
2007-01-12,1.0000400333850055,1.004909383334944
2007-01-15,1.000151428135874,1.004797446185765
2007-01-16,1.0001364834254058,1.0047824320524148
2007-01-17,0.9991184235782176,1.0058052211078938
2007-01-18,0.9981812127584155,1.0067487043963508
2007-01-19,0.9988040618792188,1.0073768994949845
2007-01-22,0.9993206383967541,1.0068558891482629
2007-01-23,0.9993206383967541,1.007248423100144
2007-01-24,0.9990218127168033,1.0075496194162683
2007-01-25,0.9987636688647201,1.0078099668247136
2007-01-26,1.000342682877596,1.0094032827507335
2007-01-29,1.000342682877596,1.008861950983433
2007-01-30,0.9990691957894495,1.0101462835329587
2007-01-31,0.9996715729711428,1.0107553395162048
2007-02-01,0.999292554294237,1.0111385605278018
2007-02-02,0.998603551180618,1.0118357313548134
2007-02-05,0.9994540408889732,1.0109739720760227
2007-02-06,0.9996674811071639,1.011189872453986
2007-02-07,0.9995246858588442,1.0110454313156434
2007-02-08,0.9995246858588442,1.0110905871622313
2007-02-09,0.999293352875523,1.011324596992349
2007-02-12,0.9991325988945627,1.0111619075733294
2007-02-13,0.9991325988945627,1.0118158283388148
2007-02-14,0.9993102033267782,1.011635969353233
2007-02-15,0.9992178349210744,1.0117294770561773
2007-02-16,0.9986056575284306,1.0123493197888422
2007-02-19,0.9990763748338665,1.0128265155070704
2007-02-20,0.99938560457452,1.0125130298831415
2007-02-21,0.9996980314426284,1.0121964991332515
2007-02-22,1.000193494693855,1.0126981567864304
2007-02-23,1.000193494693855,1.0133270739455102
2007-02-26,0.9999902019736799,1.013533036110214
2007-02-27,0.9994032135636194,1.0129380981355858
2007-02-28,0.9993865142362168,1.012921172649746
2007-03-01,0.9993865142362168,1.0127063113304613
2007-03-02,0.9993865142362168,1.0125202327199674
2007-03-05,0.9995262622021452,1.0126618172230284
2007-03-06,0.9997400283945806,1.012878392683903
2007-03-07,1.0000224862484317,1.0131645625369488
2007-03-08,1.0000224862484317,1.0134024321602515
2007-03-12,0.9998919668412107,1.0138499065259308
2007-03-13,1.000335362869129,1.0142994921175412
2007-03-14,1.000258151596765,1.0142212030184536
2007-03-15,1.0004587143006087,1.0144245654668858
2007-03-16,0.9999614231755242,1.0149287985014563
2007-03-19,0.9999614231755242,1.0160316536650282
2007-03-20,1.0003062149449704,1.0156813207986184
2007-03-21,1.000214827987638,1.0157741124099673
2007-03-22,1.000787607371411,1.0151924229029947
2007-03-23,0.9993938523019964,1.016606238956901
2007-03-26,1.0002639503063537,1.0157211554058103
2007-03-27,1.00038445899354,1.015843526328953
2007-03-28,1.00038445899354,1.0156545402541315
2007-03-29,0.9994731300455076,1.0165797799211544
2007-03-30,0.9991936067586257,1.016864087435703
2007-04-02,0.9986200049269398,1.0174478332675252
2007-04-03,0.9982362549760484,1.0178388183811065
2007-04-04,0.999034999822363,1.0170243884237609
2007-04-05,0.9994568813842639,1.0174538667078608
2007-04-06,0.9994568813842639,1.0172037677457249
2007-04-09,0.9996790540363691,1.0169776500781988
2007-04-10,0.9996790540363691,1.0170848369638164
2007-04-11,0.9995968651123294,1.0171684569097077
2007-04-12,0.9996238001976075,1.017195865478187
2007-04-13,1.0001723414695782,1.0166376815756204
2007-04-16,0.9997919299202409,1.0170243556512049
2007-04-17,0.9992926989557367,1.0175321913666187
2007-04-18,0.999074449809003,1.017754424084592
2007-04-19,0.999074449809003,1.017756821867496
2007-04-20,0.999074449809003,1.0175856118484634
2007-04-23,0.999074449809003,1.018062346952304
2007-04-24,0.999074449809003,1.0184764335624807
2007-04-25,0.999074449809003,1.01781217439717
2007-04-26,1.0001192346240801,1.0188765542385463
2007-04-27,1.000818560914393,1.0195889964517293
2007-04-30,1.001606446052644,1.0203916584414257
2007-05-01,1.001953743956663,1.0207454699465852
2007-05-02,1.0019176135417007,1.0207822779904918
2007-05-03,1.0016687602942036,1.02103581678593
2007-05-04,1.001999416581021,1.0213728662430648
2007-05-07,1.0017483765886572,1.0211169724448255
2007-05-09,1.0024064621723237,1.021954787659625
2007-05-10,1.0024360695995893,1.0219246028461924
2007-05-11,1.0023784277139853,1.021865840334707
2007-05-14,1.0023784277139853,1.0229856183799568
2007-05-15,1.0025124895476647,1.0228488004636531
2007-05-16,1.0025124895476647,1.0228659649494352
2007-05-17,1.0029977380751152,1.023361065218455
2007-05-18,1.0029977380751152,1.0228301419378072
2007-05-21,1.0031960922292327,1.0230324181742416
2007-05-22,1.0030463634985671,1.0231851075104434
2007-05-23,1.0036479544928694,1.023798776996304
2007-05-24,1.0033963169497413,1.0240554668124369
2007-05-25,1.0033963169497413,1.0248512798649652
2007-05-28,1.0033963169497413,1.0257748943681944
2007-05-29,1.0030044716633741,1.0253743098230428
2007-05-30,1.0023116887381953,1.0260825437679866
2007-05-31,1.0029369790036222,1.0267226634367
2007-06-01,1.0019012683171804,1.0277829370698348
2007-06-04,1.0019012683171804,1.028345086919414
2007-06-05,1.0019012683171804,1.0288644907336468
2007-06-06,1.0023294181939355,1.0284248184636986
2007-06-07,1.001871509594858,1.0279549883266885
2007-06-08,1.0022466556874836,1.0283399012557144
2007-06-11,1.0015423148540912,1.0276172230816831
2007-06-12,1.0018140185237234,1.0278960004896345
2007-06-13,1.0018096895875859,1.0279004421285616
2007-06-14,1.0032798684845097,1.0294089098084642
2007-06-15,1.0025181619549846,1.0286273656822607
2007-06-18,1.0017931405528437,1.0293712692675014
2007-06-19,1.002725123282948,1.030328908331883
2007-06-20,1.003310993800185,1.0297269095224064
2007-06-21,1.0022549158511747,1.0286430263701545
2007-06-22,1.0020021291461598,1.0283835841093483
2007-06-25,1.0021416576484043,1.028240381997247
2007-06-26,1.0022328547764399,1.0283339541674614
2007-06-27,1.0024034555927097,1.0281589104027884
2007-06-28,1.0024701423261837,1.0280905102403144
2007-06-29,1.0020114657607992,1.0285609093117989
2007-07-02,1.002089723814288,1.0286412409022128
2007-07-03,1.001727190109597,1.0290133803534016
2007-07-04,1.0009870797084408,1.0297736507276591
2007-07-06,1.001843069383028,1.0311148337566494
2007-07-09,1.001843069383028,1.0314126540158914
2007-07-10,1.001843069383028,1.0318089344920958
2007-07-11,1.0023439352303087,1.0323247816062795
2007-07-12,1.0023439352303087,1.0326629714859232
2007-07-13,1.0019821019384534,1.0322901934112358
2007-07-16,1.0017614116883433,1.0320628276922978
2007-07-17,1.0007929334837375,1.033060600557914
2007-07-18,1.000394246146287,1.0334721424128586
2007-07-19,1.0001511839272939,1.033221043375484
2007-07-20,1.0006268452094371,1.0337124323316011
2007-07-23,1.0005379608427865,1.0338042556474423
2007-07-24,1.0006899742599766,1.0336471880260656
2007-07-25,1.001118834984907,1.0340901730601735
2007-07-26,1.0012024396670907,1.0341765312199112
2007-07-27,1.0019659299862613,1.034965166703223
2007-07-30,1.0019659299862613,1.0352370064722611
2007-07-31,1.0026260988165825,1.0345549162102925
2007-08-01,1.003204697342866,1.0351519403158742
2007-08-02,1.0028160381087317,1.034750904155057
2007-08-03,1.0029500850734538,1.0348892198706765
2007-08-06,1.002631479376845,1.0345604681155123
2007-08-07,1.0027292100610412,1.034459625179228
2007-08-08,1.0027292100610412,1.0341529554154911
2007-08-09,1.0027588789147257,1.0341223567928381
2007-08-10,1.0027588789147257,1.0345441566035638
2007-08-13,1.0027688872656695,1.034533831009641
2007-08-14,1.0029226732863823,1.0343751734733093
2007-08-15,1.0029806691794974,1.0343153587801135
2007-08-16,1.0029806691794974,1.0343926184635936
2007-08-17,1.002383091081775,1.035008911870071
2007-08-20,1.0021296998241829,1.0352705505710138
2007-08-21,1.001538500265367,1.0358813013479442
2007-08-22,1.001538500265367,1.0356487452089576
2007-08-23,1.0022848991563194,1.0364205648390918
2007-08-24,1.0027614704296526,1.0369133671039068
2007-08-27,1.0027614704296526,1.0371936077416755
2007-08-28,1.0026575051118631,1.0370860725339337
2007-08-29,1.0031424565475966,1.037587675900278
2007-08-30,1.003684858143956,1.037026649688998
2007-08-31,1.0043577923923233,1.0377219383977825
2007-09-04,1.0043577923923233,1.038127463577748
2007-09-05,1.0049764369599543,1.0374880182319601
2007-09-06,1.0049764369599543,1.038081819556729
2007-09-07,1.0046760226301044,1.0383921299706673
2007-09-10,1.0044252358572485,1.0381329269983972
2007-09-11,1.0045779898798006,1.038290807321274
2007-09-12,1.0046302812109775,1.038236761135701
2007-09-13,1.005119816876046,1.0387426725469602
2007-09-14,1.0053173928535006,1.0389468577549388
2007-09-17,1.0047937859398226,1.039487980152235
2007-09-18,1.0051570501076434,1.0391121729554214
2007-09-19,1.0044880065916424,1.0384205285386219
2007-09-20,1.0036232040175066,1.0393145449332655
2007-09-21,1.0027610296850205,1.0402073803324812
2007-09-24,1.0027610296850205,1.04055753271456
2007-09-25,1.0027610296850205,1.03977611891665
2007-09-26,1.0031060724501737,1.040133898304351
2007-09-27,1.0025688950465503,1.0395768919794397
2007-09-28,1.0027281029593937,1.0394118071977057
2007-10-01,1.0029378943965745,1.03962927362376
2007-10-02,1.0032598312898626,1.0399629882240276
2007-10-03,1.0027957800822196,1.0394819602135978
2007-10-04,1.0037703894865304,1.040492224630499
2007-10-05,1.0043072809072664,1.041048757633064
2007-10-08,1.0043072809072664,1.0414870153551046
2007-10-09,1.0033829539103256,1.0424455611941692
2007-10-10,1.0025793693601763,1.0432804300187615
2007-10-11,1.001731813597391,1.044162393449974
2007-10-12,1.001777609680098,1.044210129327662
2007-10-15,1.0025474653067654,1.045012593902352
2007-10-16,1.0023849148840063,1.0448431582947566
2007-10-17,1.0023849148840063,1.0459023821860212
2007-10-18,1.002932903906676,1.0453306028069504
2007-10-19,1.0027013322510843,1.045089241757383
2007-10-22,1.0035824404354972,1.0460075976573269
2007-10-23,1.003208764151105,1.0456181246885003
2007-10-24,1.003036238991111,1.0454383062492074
2007-10-25,1.0028009224880012,1.0456835704549063
2007-10-26,1.0031347831683293,1.0453354329328808
2007-10-29,1.0028291001411784,1.0450168901957646
2007-10-30,1.0021194031018477,1.045756443318942
2007-11-01,1.0021194031018477,1.0452653795183855
2007-11-02,1.0021127678095212,1.0452584585453653
2007-11-05,1.0021127678095212,1.0452279831959854
2007-11-06,1.0024054310008474,1.0455332380206437
2007-11-07,1.0023977954213765,1.0455252739255962
2007-11-08,1.001659576916111,1.0462952537763706
2007-11-09,1.0019227661398242,1.046570171165434
2007-11-12,1.001625477882188,1.0468807071001336
2007-11-13,1.001228658656838,1.0472954553272888
2007-11-14,1.0017716185632992,1.0467275136912346
2007-11-15,1.0023910075797706,1.0460803287309055
2007-11-16,1.002517350153544,1.0459484795023046
2007-11-19,1.0019544772208615,1.0465357372569979
2007-11-20,1.001914952798198,1.0464944542229357
2007-11-21,1.0024495445838173,1.0459360761516623
2007-11-22,1.0024495445838173,1.0458113395992061
2007-11-23,1.0014543326774439,1.0447730789679226
2007-11-26,1.0012714550185255,1.0449638671532129
2007-11-27,1.001542172426426,1.0446813364688041
2007-11-28,1.0016872820677798,1.044832696379787
2007-11-29,1.0016872820677798,1.0447091097783947
2007-11-30,1.001834150993039,1.0448622866300015
2007-12-03,1.001346897232701,1.0443541056324868
2007-12-04,1.0007504352439254,1.0437320259830134
2007-12-05,1.0004770464560622,1.0440171566443537
2007-12-06,1.0004770464560622,1.0446055414811148
2007-12-07,0.9999527195020144,1.0451529951620229
2007-12-10,0.9999527195020144,1.0441141423629527
2007-12-11,0.9999527195020144,1.0441739491246325
2007-12-12,0.9999527195020144,1.0451464031482098
2007-12-13,1.000160603638839,1.0449291235172466
2007-12-14,1.0016403010543586,1.0433831928758632
2007-12-17,1.0016403010543586,1.043549428940551
2007-12-18,1.0010143425216964,1.042897279991859
2007-12-19,1.0015245374783233,1.0423657382247435
2007-12-20,1.0013370509155999,1.0421706061415572
2007-12-21,1.0009148932946013,1.0417312333415982
2007-12-24,1.0009148932946013,1.0415961430045035
2007-12-25,1.0010670620842088,1.0414377894567617
2007-12-26,1.0010670620842088,1.0411922504315974
2007-12-27,1.0010670620842088,1.0412783109251356
2007-12-31,1.0010670620842088,1.041003643653253
2008-01-01,1.0010670620842088,1.0412170642665108
2008-01-02,1.000766631586757,1.040904584341418
2008-01-03,1.000844568531117,1.04082352156403
2008-01-04,1.000844568531117,1.0408818073802006
2008-01-07,1.0005331911532687,1.0405579738319928
2008-01-08,1.0013758851238148,1.0396815691926413
2008-01-09,1.001562106613634,1.0394882241624395
2008-01-10,1.0017742970695065,1.039267998697935
2008-01-11,1.0024143638298213,1.038603975970489
2008-01-14,1.001640150957266,1.0378018121181962
2008-01-15,1.002192849344024,1.0372291599668382
2008-01-16,1.0019861452842178,1.037015229605576
2008-01-17,1.0026747769519337,1.0377279355949462
2008-01-18,1.0021313688456697,1.0382903410580748
2008-01-21,1.0020785868294537,1.0382356545575597
2008-01-22,1.001992272293227,1.038146225614366
2008-01-23,1.0020648655263877,1.038071013067229
2008-01-24,1.002708982030606,1.0374037521991257
2008-01-25,1.002708982030606,1.037170991734283
2008-01-28,1.0029010695586182,1.0369723023682769
2008-01-29,1.0022754822940083,1.0363254622303955
2008-01-30,1.0021939963320574,1.0364097164885069
2008-01-31,1.0028562387262305,1.037094568377965
2008-02-01,1.002815368191824,1.0371368342657392
2008-02-04,1.0029806524900362,1.037307775437204
2008-02-05,1.0030881377531853,1.037418939395285
2008-02-06,1.0030881377531853,1.0369532744286503
2008-02-07,1.003906408156186,1.0361073784980492
2008-02-08,1.0029867399415062,1.0351582113094964
2008-02-11,1.0028751719436593,1.035043064693403
2008-02-12,1.003747488535932,1.0341427679622563
2008-02-13,1.0042896222790083,1.0335842174342862
2008-02-14,1.0046658556654158,1.0331970095197205
2008-02-15,1.0043425220596047,1.0328644936760523
2008-02-18,1.0043425220596047,1.0327195177865316
2008-02-19,1.0041136232104884,1.0324841515604788
2008-02-20,1.0041136232104884,1.031998403183412
2008-02-21,1.0041136232104884,1.0316310516635654
2008-02-22,1.0041136232104884,1.0314276841124708
2008-02-25,1.0036666565603825,1.0309685590033817
2008-02-27,1.0035187235218805,1.0299654852735483
2008-02-28,1.0030226170015608,1.0304746661995954
2008-02-29,1.0019047028102526,1.0316231769446191
2008-03-03,1.0009757958310797,1.0306667167481027
2008-03-04,1.0003620140298588,1.031298704530923
2008-03-05,1.0000580254358307,1.0309853149391386
2008-03-06,1.0000580254358307,1.0317760345091476
2008-03-07,1.0000580254358307,1.0319532965879652
2008-03-10,0.9992188377420668,1.0310873443281867
2008-03-11,0.9985057636772545,1.0303515278923616
2008-03-12,0.9986370667005027,1.0302160371665772
2008-03-13,0.9991833378220454,1.0307795825113477
2008-03-14,0.9992915956730646,1.0308912636996272
2008-03-17,0.9989787403102169,1.0305685152028343
2008-03-18,0.9988002117165042,1.0307526892400982
2008-03-19,0.9988002117165042,1.0304408608379498
2008-03-20,0.9989054837702837,1.0303322539069077
2008-03-21,0.9995303009293042,1.0296877792472
2008-03-24,0.9995303009293042,1.0291526717802264
2008-03-25,0.9995303009293042,1.029516523630275
2008-03-26,0.9989010963468237,1.0288684427128627
2008-03-27,0.9993645828017834,1.0283910515188026
2008-03-28,0.9993645828017834,1.0284067973494297
2008-03-31,0.9994448073314379,1.0283242414403746
2008-04-01,0.9994859797049346,1.0282818793715203
2008-04-02,0.9995870915715742,1.028177854400319
2008-04-03,0.9993528531344258,1.0279369161411558
2008-04-04,1.0003903874786932,1.0268697056449916
2008-04-07,1.0011729125272029,1.027672943337277
2008-04-08,1.001233342450183,1.0277349727789824
2008-04-09,1.0023740867106474,1.026564034175792
2008-04-10,1.0020880776185679,1.0262711229251236
2008-04-11,1.0021563085513903,1.0263410004514706
2008-04-14,1.0021563085513903,1.025512911621213
2008-04-15,1.0025875811364953,1.0250715876474181
2008-04-16,1.0034875138594628,1.0241514730534766
2008-04-17,1.0032815847841863,1.023941303457068
2008-04-18,1.0031434784934754,1.024082253652378
2008-04-21,1.0043368249457354,1.0228639982876977
2008-04-22,1.0045447740730242,1.0230757834881365
2008-04-23,1.0052346232420184,1.022373208553427
2008-04-25,1.0057913747986513,1.0217880715125454
2008-04-28,1.0066210043125492,1.020945247083627
2008-04-29,1.0066208983817087,1.0209453545218663
2008-04-30,1.0071297562965071,1.0214614536064972
2008-05-01,1.007163635281163,1.0214270925157867
2008-05-02,1.007374135985727,1.0216405743325474
2008-05-05,1.0079110929541975,1.0210960129763802
2008-05-06,1.0077241561488584,1.021285395182752
2008-05-07,1.0075029253758834,1.0215096031230162
2008-05-08,1.0072709076770947,1.021274359828493
2008-05-09,1.0072709076770947,1.0217053688580193
2008-05-12,1.0075791829863907,1.0220180618348476
2008-05-13,1.0075791829863907,1.0212759847628003
2008-05-14,1.007099566199493,1.0217621213509898
2008-05-15,1.0070181672132392,1.0218447054406488
2008-05-16,1.0070181672132392,1.0214864438715334
2008-05-19,1.0070181672132392,1.0203603250400057
2008-05-20,1.0073984549062496,1.0199749988495928
2008-05-21,1.0077721955713324,1.0195965923386623
2008-05-22,1.0077721955713324,1.0201291905774046
2008-05-23,1.0074143802662765,1.0204913933044961
2008-05-26,1.006428262786568,1.0194924752618892
2008-05-27,1.006219523081488,1.0197039245687955
2008-05-28,1.006219523081488,1.0198987889821978
2008-05-29,1.0070040155351627,1.0191036315785547
2008-05-30,1.0062545785447996,1.0183451897583276
2008-06-02,1.0062545785447996,1.0178300193838923
2008-06-03,1.007290258833539,1.0167824251559112
2008-06-04,1.0073095636733815,1.0167629383975512
2008-06-05,1.0073095636733815,1.016453802908309
2008-06-06,1.0073095636733815,1.016241552796729
2008-06-09,1.0073095636733815,1.0160657598769158
2008-06-10,1.0077917859788892,1.0155793457784648
2008-06-11,1.007650573819106,1.0154370424229069
2008-06-12,1.0078157467757118,1.0156034917287495
2008-06-13,1.0076450254987572,1.0154314512287452
2008-06-16,1.007624580825989,1.0154108485728361
2008-06-17,1.007624580825989,1.0158874090343408
2008-06-18,1.0072078499065595,1.0163075572741314
2008-06-19,1.0081684943301648,1.0172768807237587
2008-06-20,1.009156996947413,1.0162794473932024
2008-06-24,1.009169332923938,1.016542467782523
2008-06-25,1.009023335458331,1.0163954036386413
2008-06-26,1.009023335458331,1.0159266795625403
2008-06-27,1.0095849656490532,1.0153612069171098
2008-06-30,1.0100590760087158,1.0148843839815689
2008-07-01,1.0104496179161473,1.015276791606585
2008-07-02,1.0104496179161473,1.0150920652914412
2008-07-03,1.0111248832495539,1.0144136974938254
2008-07-04,1.0112153665296284,1.0143229199051986
2008-07-07,1.0112153665296284,1.0135093273224058
2008-07-08,1.0112153665296284,1.0132293968241826
2008-07-09,1.0112153665296284,1.0127679749666934
2008-07-10,1.0112153665296284,1.0126028333326649
2008-07-11,1.010718213632318,1.0121049983025825
2008-07-14,1.0106936514925793,1.0121295941435038
2008-07-15,1.0106936514925793,1.0122858285579324
2008-07-16,1.0110030044932161,1.0119759882239159
2008-07-17,1.0110030044932161,1.0121327392550532
2008-07-18,1.0105689444182504,1.0125672843659221
2008-07-21,1.0110050499266987,1.0121303164847841
2008-07-22,1.0118115830195675,1.011322885706273
2008-07-23,1.0118115830195675,1.0110753752061776
2008-07-24,1.0118488083168815,1.0110381769944943
2008-07-25,1.0109004365736387,1.0100905650286351
2008-07-28,1.0109004365736387,1.00977983872942
2008-07-29,1.0118737216119118,1.0088076325917745
2008-07-30,1.0119818998274115,1.0086997821682033
2008-07-31,1.0112175899891196,1.0094616131530514
2008-08-01,1.011856183072597,1.0088241289848792
2008-08-04,1.011775671914989,1.0087438590811062
2008-08-05,1.011775671914989,1.0083286064125048
2008-08-06,1.012248335199382,1.0078575534665961
2008-08-07,1.0120967722710743,1.0080084589675575
2008-08-08,1.0115996899587247,1.0085035333412533
2008-08-11,1.0117695554406634,1.0083341877587781
2008-08-12,1.0119437412996932,1.008507782186224
2008-08-13,1.0119437412996932,1.0085997140235738
2008-08-14,1.012641630765647,1.0079041307741758
2008-08-15,1.01188411747752,1.0071501614043383
2008-08-18,1.012284107142655,1.0067520430340202
2008-08-19,1.012284107142655,1.007048578197485
2008-08-21,1.012284107142655,1.0060849367082725
2008-08-22,1.0121498112731087,1.0062184101575335
2008-08-25,1.0122355153305471,1.0061332083430794
2008-08-26,1.012534102889451,1.0058364208326025
2008-08-27,1.012441975584033,1.0059279387369162
2008-08-28,1.012441975584033,1.0054679714617758
2008-08-29,1.012336676856035,1.0053633980630121
2008-09-01,1.0125742250640757,1.0051274861583073
2008-09-02,1.0129230906068087,1.0054737860514853
2008-09-03,1.012679943452706,1.0057151450370496
2008-09-04,1.012679943452706,1.0048935502423864
2008-09-05,1.0128468559401942,1.0050591793567143
2008-09-08,1.013855673517874,1.0040581184749067
2008-09-09,1.0136719168155355,1.0042400994152185
2008-09-10,1.0134972219544445,1.0040670300209116
2008-09-11,1.012836489652902,1.0034124455728466
2008-09-12,1.0120250505914308,1.0042163345138773
2008-09-15,1.0127595492361294,1.0049451658172661
2008-09-16,1.0127595492361294,1.0054279099778523
2008-09-17,1.0131747730763752,1.0050156920548654
2008-09-18,1.0129661358017596,1.0048087349330457
2008-09-19,1.0143295756864643,1.0034562748089733
2008-09-22,1.0145372368739274,1.0036617099324174
2008-09-23,1.0140624304117831,1.0031919932494193
2008-09-24,1.0140624304117831,1.00223078392352
2008-09-25,1.013291840565435,1.001469184989739
2008-09-26,1.0122733109955444,1.0004625391870083
2008-09-29,1.0122733109955444,1.0001652995159998
2008-09-30,1.011775977542125,0.99967391477139
2008-10-01,1.011533478450462,0.9999135132810126
2008-10-02,1.011533478450462,0.9991989927536606
2008-10-03,1.0110011030424366,0.9997248764567692
2008-10-06,1.010559968498219,1.000161090795598
2008-10-07,1.0102321095204854,0.9998366055567017
2008-10-08,1.0102321095204854,0.9998272014982377
2008-10-09,1.010487490934906,0.99957445039036
2008-10-10,1.010809095491637,0.999256319091436
2008-10-13,1.0102039834754717,0.9986581230437268
2008-10-14,1.0106809213131003,0.9981866362415308
2008-10-15,1.0106809213131003,0.9975374109319146
2008-10-16,1.0106809213131003,0.9980439459901512
2008-10-20,1.0110611915393097,0.9988487559339441
2008-10-21,1.010877989446302,0.9990297451601318
2008-10-22,1.0105842555028495,0.9987394539976613
2008-10-23,1.01063694691254,0.9987915278247154
2008-10-24,1.01063694691254,0.997601231525512
2008-10-27,1.011221061357304,0.9970246512894257
2008-10-28,1.0115277671015208,0.9973270512288274
2008-10-29,1.010439667495832,0.9962542273217838
2008-10-30,1.0101316513684802,0.9959505353955571
2008-10-31,1.0104063534885959,0.9956796897852519
2008-11-03,1.0103525254382426,0.9957327332922454
2008-11-04,1.0103525254382426,0.9958827952157544
2008-11-05,1.010543434961462,0.9956946197969476
2008-11-06,1.0099460469427706,0.9951060097327352
2008-11-07,1.0099460469427706,0.9941865636502334
2008-11-10,1.0108898282027046,0.9932575094195726
2008-11-11,1.0111624726268038,0.9935253982775695
2008-11-12,1.0111624726268038,0.9939831525878153
2008-11-13,1.0113772841028768,0.9937719906885368
2008-11-14,1.0122823610166676,0.9946613127056335
2008-11-17,1.0126066131886553,0.9943427048710438
2008-11-18,1.0124519535015422,0.9941908347078279
2008-11-19,1.0124519535015422,0.994437226777621
2008-11-20,1.0119969671062075,0.9948841175240246
2008-11-21,1.011425940833624,0.9943227472949154
2008-11-24,1.0111788356197169,0.9940798206255042
2008-11-25,1.0114361866974078,0.9943328199013364
2008-11-26,1.0125575611382824,0.9954352319216152
2008-11-27,1.0125575611382824,0.9949555559087777
2008-11-28,1.0139839573797371,0.993553955723434
2008-12-01,1.013174623777489,0.9927609287764482
2008-12-02,1.0129808473900903,0.9929508009088667
2008-12-03,1.0128364296705374,0.9930923630032192
2008-12-04,1.0128364296705374,0.9926631873659476
2008-12-05,1.0131223423662008,0.9929434053749681
2008-12-08,1.0131223423662008,0.9922449414890407
2008-12-09,1.0124262729646307,0.9915632159819118
2008-12-10,1.0130268767293704,0.9909749888522934
2008-12-11,1.0130268767293704,0.9909329319762124
2008-12-12,1.013134589435505,0.9910382954864538
2008-12-15,1.013648788299045,0.9915412797597948
2008-12-17,1.0137012769694107,0.9913837333882092
2008-12-18,1.0141640390676292,0.9909311594129904
2008-12-19,1.0134492654221063,0.990232760090996
2008-12-22,1.0141092401450413,0.9908776158462668
2008-12-23,1.0152934320096443,0.9897205519274581
2008-12-24,1.0152934320096443,0.9896477074376321
2008-12-25,1.0152934320096443,0.989444142836232
2008-12-26,1.0152934320096443,0.9895988270047341
2008-12-29,1.015731344467661,0.9900256569645481
2008-12-30,1.015731344467661,0.9891562204161594
2008-12-31,1.0163003425546797,0.9886021093313287
2009-01-01,1.0159161592447046,0.9882283965471171
2009-01-02,1.0159161592447046,0.9881635889216392
2009-01-05,1.0162456852163035,0.9878430648667998
2009-01-06,1.0160925363269482,0.987991933462694
2009-01-07,1.0161770428523125,0.9879097640121765
2009-01-08,1.0167252946065135,0.9873767631291888
2009-01-09,1.0167492060018306,0.987399984304304
2009-01-12,1.0167492060018306,0.986685262125714
2009-01-13,1.016874576012983,0.9868069251096497
2009-01-14,1.016874576012983,0.986833393751997
2009-01-15,1.01692168125345,0.9867876801257441
2009-01-16,1.0166247988671036,0.9870757651245141
2009-01-19,1.0177376137769931,0.9859952950928511
2009-01-20,1.0177376137769931,0.9858751412982417
2009-01-21,1.0173748426083,0.9862265551325667
2009-01-22,1.017370098913031,0.9862311535932794
2009-01-23,1.016407876330675,0.9852983820400124
2009-01-26,1.016407876330675,0.9855531767925658
2009-01-27,1.0167663023848537,0.9852056313390455
2009-01-28,1.0165723485129425,0.9850176978420573
2009-01-29,1.0173350561602361,0.9842786648239327
2009-01-30,1.0174178331294343,0.9841985775368317
2009-02-02,1.017107162656753,0.9838980506271005
2009-02-03,1.0174455409612282,0.9842253806925757
2009-02-04,1.0174455409612282,0.9837837384393279
2009-02-05,1.0172828748148666,0.9839410228375023
2009-02-06,1.0164301574310541,0.9847657920689439
2009-02-09,1.0162436402303938,0.984585085349943
2009-02-10,1.0156982011495137,0.9840566380733827
2009-02-11,1.0163337039890978,0.9846723433951994
2009-02-13,1.015916783592803,0.9841480650809102
2009-02-16,1.015916783592803,0.9822632903766548
2009-02-17,1.0157452072369342,0.9820973976986439
2009-02-18,1.0156124673667888,0.9819690549999909
2009-02-19,1.0153530885684754,0.9822198415565276
2009-02-20,1.015668449441544,0.981914771615572
2009-02-23,1.0155918781988245,0.9819887981685761
2009-02-24,1.0155918781988245,0.9820237170499443
2009-02-25,1.0156343890415982,0.9819826113098021
2009-02-26,1.0156343890415982,0.9819894075228842
2009-02-27,1.0156343890415982,0.9814815306294169
2009-03-02,1.0146872155031037,0.9805662078081696
2009-03-03,1.0144619866072908,0.9803485527112277
2009-03-04,1.0145222010819774,0.980290363075844
2009-03-05,1.014500351909169,0.9802692511341612
2009-03-06,1.0141723346637623,0.9805862004766713
2009-03-09,1.013319837087805,0.9797619348855567
2009-03-10,1.0137121515179854,0.9793826126507313
2009-03-11,1.0137129961032696,0.9793834286339875
2009-03-12,1.0137129961032696,0.9778412651532269
2009-03-13,1.013531510274422,0.9776662014683676
2009-03-16,1.0138344068519098,0.9779583796032832
2009-03-17,1.0138344068519098,0.9779965139439926
2009-03-18,1.0132048554312554,0.977389216449858
2009-03-19,1.0133082945730907,0.9774889991357055
2009-03-20,1.012644600277868,0.9781292325926347
2009-03-23,1.0120313514208212,0.9775368859452849
2009-03-24,1.0120313514208212,0.9775837226603503
2009-03-25,1.0128058644048819,0.9768355726300734
2009-03-26,1.0133002744023671,0.9763587218435791
2009-03-27,1.0133002744023671,0.9764271576235317
2009-03-30,1.0123952105030756,0.9755550282133485
2009-03-31,1.012663077614745,0.975813147873508
2009-04-01,1.0120107112473364,0.9751845205515293
2009-04-02,1.0118262919925602,0.9750068121532379
2009-04-03,1.0125317957698379,0.9756866432608986
2009-04-06,1.0125317957698379,0.9758093275817993
2009-04-07,1.011959918214887,0.9752581908622542
2009-04-08,1.011959918214887,0.9754847095229958
2009-04-09,1.0121345694761748,0.9753163534134123
2009-04-10,1.0120750354689432,0.9752589850628113
2009-04-14,1.0110418896107312,0.9738456131199937
2009-04-15,1.0106447971409498,0.9742280965399919
2009-04-16,1.0107878825486003,0.9743660261318053
2009-04-17,1.0098524080003966,0.9734642596644606
2009-04-20,1.0099287940811914,0.9733906260136413
2009-04-21,1.0099436417883594,0.9734049365462846
2009-04-22,1.010258220462641,0.9737081340929671
2009-04-23,1.010258220462641,0.9737814742413815
2009-04-24,1.0101635496995633,0.9736902216948841
2009-04-27,1.0101635496995633,0.973010355177023
2009-04-28,1.0107850520069306,0.9724117113425522
2009-04-29,1.009664106173577,0.9713333209825351
2009-04-30,1.009958279345692,0.971050315770735
2009-05-01,1.009958279345692,0.9710316642425233
2009-05-04,1.010040664372598,0.9709524545648355
2009-05-05,1.009614976866844,0.9713616681174861
2009-05-06,1.0096755166783373,0.9713034220993237
2009-05-07,1.0095666872186386,0.9714081155626043
2009-05-08,1.0093808015368424,0.971229255798163
2009-05-11,1.0093808015368424,0.9707873449047195
2009-05-12,1.00895512680047,0.9711967440596141
2009-05-13,1.0096084988974479,0.9705678232717723
2009-05-14,1.0096084988974479,0.9698500993647837
2009-05-15,1.0094102168373393,0.9700405730740567
2009-05-18,1.010207276827556,0.9708065456358431
2009-05-19,1.0102812827126255,0.9708776650974515
2009-05-20,1.0108850386097195,0.9702974572625747
2009-05-21,1.0110060246831416,0.9704135856796766
2009-05-22,1.0110060246831416,0.9708314415011685
2009-05-25,1.0107815341485598,0.9710470114028018
2009-05-26,1.01118839914666,0.9706561405498016
2009-05-27,1.01118839914666,0.9702855755728401
2009-05-28,1.01118839914666,0.9703333786609118
2009-05-29,1.0115668289123692,0.9706965187379305
2009-06-01,1.0116063163932034,0.9706586266688313
2009-06-02,1.0115946897091546,0.9706474706084265
2009-06-03,1.010162207021725,0.9692729717983906
2009-06-04,1.009785586824855,0.9696343472041641
2009-06-05,1.0100779540753737,0.9693536051022769
2009-06-08,1.0091056197762902,0.9684204734025121
2009-06-09,1.0088768075198635,0.9682008864045344
2009-06-11,1.0088768075198635,0.9684469109727689
2009-06-12,1.0088234906523426,0.968498091211296
2009-06-15,1.0089882675001358,0.9686562814834717
2009-06-16,1.0092241366155885,0.968429840693573
2009-06-17,1.0096846447254135,0.9688717344010812
2009-06-18,1.0090156436269533,0.9682297752923957
2009-06-19,1.0090156436269533,0.9682921944132116
2009-06-22,1.0090426540926243,0.968318114747789
2009-06-23,1.008982229368454,0.9682601287402051
2009-06-24,1.008982229368454,0.9684055246062145
2009-06-25,1.008982229368454,0.9681989555850407
2009-06-26,1.008982229368454,0.9683142331589543
2009-06-29,1.009276249867196,0.9680320634383331
2009-06-30,1.0090618897191448,0.968237663735045
2009-07-01,1.0088361517633002,0.9680210585959448
2009-07-02,1.0088361517633002,0.9671877049458046
2009-07-03,1.0088361517633002,0.9676109326591462
2009-07-06,1.0086188140897538,0.9678193890161418
2009-07-07,1.0086188140897538,0.9676131368236363
2009-07-08,1.0086726760126534,0.9676648089751411
2009-07-09,1.009192252782435,0.9671663557428536
2009-07-10,1.0089004623890128,0.966886716406871
2009-07-13,1.0094437390820048,0.966366063441222
2009-07-14,1.0098078508195225,0.9660174900509331
2009-07-15,1.009713925300438,0.9659276376160126
2009-07-16,1.0098651244771963,0.9657829951980402
2009-07-17,1.0094932896368978,0.9654273915069349
2009-07-20,1.0094932896368978,0.9642972635923893
2009-07-21,1.0094932896368978,0.9645405868241997
2009-07-22,1.0092020965913768,0.9648188130530307
2009-07-23,1.009982140847064,0.9640730740425362
2009-07-24,1.0100402978436578,0.9640175605911435
2009-07-27,1.0090492109191431,0.9649634883935728
2009-07-28,1.0090492109191431,0.9645131038979137
2009-07-29,1.0090493092528656,0.9645131978915098
2009-07-30,1.0090493092528656,0.964377896966885
2009-07-31,1.0094163356375216,0.9640271191310348
2009-08-03,1.0089928139659825,0.9636226414517177
2009-08-04,1.0098213363238433,0.9628313742673209
2009-08-05,1.0098858891183309,0.9628929232300865
2009-08-06,1.0101342713849157,0.9626560989221846
2009-08-10,1.0101342713849157,0.9625916361251259
2009-08-11,1.0101342713849157,0.96211366629442
2009-08-12,1.0098380716780364,0.9623957850127072
2009-08-13,1.01035179496057,0.9619061964978359
2009-08-14,1.0105682486107885,0.9621122713605107
2009-08-17,1.0111012979380753,0.9616047813421689
2009-08-18,1.0113745863605437,0.9613448712280519
2009-08-19,1.0122780846123307,0.9604860663675849
2009-08-20,1.0120694105579477,0.9606840638592761
2009-08-21,1.0120279981791398,0.9606447540926215
2009-08-24,1.0125917624547298,0.960109613567987
2009-08-25,1.0125618743611198,0.9600812745600371
2009-08-26,1.0124460770314403,0.9599714789508162
2009-08-27,1.0132182019308358,0.9607035849843354
2009-08-28,1.0131885544042927,0.9606754740749759
2009-08-31,1.0135722870528994,0.9610393180431256
2009-09-01,1.0141955184250868,0.9604483884561973
2009-09-02,1.0141955184250868,0.95948119186783
2009-09-03,1.0145004281760284,0.9591927315404764
2009-09-04,1.0147337707431399,0.9589721101507598
2009-09-07,1.0147337707431399,0.9586919536172064
2009-09-08,1.0150151944314456,0.9584260724242128
2009-09-09,1.0145909110468583,0.9588267011636797
2009-09-10,1.0145909110468583,0.9584482994236592
2009-09-11,1.0139140818942165,0.957808922761315
2009-09-14,1.0135827289361947,0.9574959052922374
2009-09-15,1.013845871539735,0.9572473237426463
2009-09-16,1.0143683484404977,0.9567540144251137
2009-09-17,1.0143683484404977,0.9577688888229077
2009-09-18,1.0148299022679412,0.9573330886551261
2009-09-21,1.0148299022679412,0.9570663327658266
2009-09-22,1.0148299022679412,0.9577848805049638
2009-09-23,1.0142270993357596,0.9572159619767678
2009-09-24,1.0142270993357596,0.9566064440124912
2009-09-25,1.0138951007397718,0.9569195809781007
2009-09-28,1.013010549495918,0.95608473681621
2009-09-29,1.0121982192052785,0.9553180551735355
2009-09-30,1.0121982192052785,0.9546352893612038
2009-10-01,1.0115454843022713,0.9540196749872744
2009-10-02,1.0115454843022713,0.9533432090679232
2009-10-05,1.0114797196207217,0.9532812283527456
2009-10-07,1.0118458459514894,0.9541387165244919
2009-10-08,1.012493802764206,0.9547497193606674
2009-10-09,1.0113652239739788,0.9536855051597467
2009-10-12,1.0111616735169018,0.9534935634992254
2009-10-13,1.0108709316466062,0.9532194030862796
2009-10-14,1.0108709316466062,0.9529335323841611
2009-10-15,1.010507921933738,0.952591328333037
2009-10-16,1.0098140466021217,0.9519372220074012
2009-10-19,1.0100331508031966,0.952143768396019
2009-10-20,1.010097332648178,0.9520832650910586
2009-10-21,1.010438788657766,0.9524051098697606
2009-10-22,1.010438788657766,0.9531065380785991
2009-10-23,1.0106637634796873,0.953318747839431
2009-10-26,1.0105448400055317,0.953206572077751
2009-10-27,1.010585346588828,0.9532447803193667
2009-10-28,1.0102717484728703,0.9529489757461422
2009-10-29,1.0098696346239495,0.9533282736736964
2009-10-30,1.0097363950248615,0.9532024939961732
2009-11-02,1.0100726753621916,0.9535199464102928
2009-11-03,1.0104020704263115,0.9532089937713901
2009-11-04,1.0097758513573993,0.952618221378865
2009-11-05,1.009975841645886,0.9528068913620649
2009-11-06,1.0103008741445296,0.9525002570923582
2009-11-09,1.0103041523466842,0.9524971664403801
2009-11-10,1.0096906617176997,0.9519187781556362
2009-11-11,1.0085496929618456,0.9508430926757501
2009-11-12,1.0090381880198824,0.9513036373122533
2009-11-13,1.0090381880198824,0.9511504274379603
2009-11-16,1.0089598700241798,0.951076602486662
2009-11-17,1.008237550153649,0.9503957215628681
2009-11-18,1.008657767128174,0.949999612119557
2009-11-19,1.008657767128174,0.9499321164344962
2009-11-20,1.0090394790805948,0.949572628355736
2009-11-23,1.0091975870673857,0.9497214183879337
2009-11-24,1.0081830140813146,0.9487666383649359
2009-11-25,1.008071173984316,0.9486613894652999
2009-11-26,1.0073936369174052,0.948023782447167
2009-11-27,1.0073526479060755,0.947985209087027
2009-11-30,1.0070725125399689,0.9482488349226899
2009-12-01,1.0064870014105383,0.9488001460143971
2009-12-02,1.006913378018822,0.9492020848249628
2009-12-04,1.0073364512128826,0.9492132416968816
2009-12-07,1.0080211982945566,0.9485680044513161
2009-12-08,1.0081539955264716,0.9484430396137835
2009-12-09,1.0091072769133282,0.9475462191873709
2009-12-10,1.0093924302936936,0.9472784617213064
2009-12-11,1.0096648893625684,0.9470227686926094
2009-12-14,1.010946417505127,0.9458207497430451
2009-12-15,1.010946417505127,0.9456169383782727
2009-12-16,1.0106704185429611,0.9458751017082767
2009-12-17,1.0106704185429611,0.9462626958146132
2009-12-18,1.010068752080812,0.9468260194441651
2009-12-21,1.0104880084846257,0.9464330136501224
2009-12-22,1.010420552347407,0.9463698335681214
2009-12-23,1.0104682589743972,0.9463251510717688
2009-12-24,1.0106018103811758,0.9462000773209873
2009-12-25,1.0108508592865308,0.9459668993362627
2009-12-28,1.0105401444329123,0.9456761284832184
2009-12-29,1.0108213320629755,0.9454129895759315
2009-12-30,1.0104582958938364,0.94507344479279
2009-12-31,1.0112711486582509,0.9443131901981211
2010-01-01,1.0110199368588313,0.9445477688430672
2010-01-04,1.010197058226182,0.9437789925329657
2010-01-05,1.0105252078470004,0.9434724179730677
2010-01-06,1.0099775526779182,0.9429611021319811
2010-01-07,1.01018158466084,0.9427706085680639
2010-01-08,1.0105832870756042,0.9423957123753584
2010-01-11,1.0105832870756042,0.9418052657788623
2010-01-12,1.0105401395538225,0.9417650547801856
2010-01-13,1.0105236996131575,0.9417803758555342
2010-01-14,1.010051700676673,0.9413404857906341
2010-01-15,1.010051700676673,0.9420380991763606
2010-01-18,1.0104470419799405,0.941669378872631
2010-01-19,1.0103806596460019,0.9417312427888691
2010-01-20,1.01030730754514,0.941662874531375
2010-01-21,1.0101881107057646,0.9415517764154224
2010-01-22,1.0101881107057646,0.9420192345653415
2010-01-25,1.0101881107057646,0.9419376563756592
2010-01-26,1.0101627640411233,0.9419612905658027
2010-01-27,1.009986811416322,0.9417972174407221
2010-01-28,1.0098899818576212,0.941706925361737
2010-01-29,1.0098899818576212,0.940735427966226
2010-02-02,1.010440975631375,0.9404244939373714
2010-02-03,1.010683110876021,0.9401991369690751
2010-02-04,1.0106126478872195,0.9402646859433743
2010-02-05,1.0117647162110641,0.9391928122012738
2010-02-08,1.011976611198313,0.9393895083755691
2010-02-09,1.0109225582563952,0.9384110605893723
2010-02-10,1.0109225582563952,0.9381781501535523
2010-02-11,1.0105687048435248,0.9378497594795081
2010-02-12,1.011361496547811,0.9371140158278212
2010-02-15,1.0110218012904162,0.9367992587524318
2010-02-16,1.0113722153890952,0.9364745697422839
2010-02-17,1.011274332965179,0.9363839360473618
2010-02-18,1.01077089845258,0.9359177836146513
2010-02-19,1.0111603152918986,0.9355572052227374
2010-02-22,1.0109118839526594,0.9353273487638619
2010-02-23,1.0109118839526594,0.9358900461032426
2010-02-24,1.0109118839526594,0.9357490564103638
2010-02-25,1.0107438868138985,0.9359045627077678
2010-02-26,1.0107438868138985,0.9350135389279983
2010-03-01,1.011417353997857,0.9343905315141123
2010-03-02,1.0110897601791293,0.9346931766696378
2010-03-03,1.0111490273825268,0.9347479657227937
2010-03-04,1.0106479025949364,0.9352112261948784
2010-03-05,1.0102752266439332,0.9348663674837326
2010-03-08,1.0099162561126198,0.9345341911937551
2010-03-09,1.0092154224644982,0.9338856690984384
2010-03-10,1.0097565141625908,0.9333849655110092
2010-03-11,1.010321371959542,0.9328628299585953
2010-03-12,1.010167707195165,0.9330047136709865
2010-03-15,1.010288651475291,0.932893007879319
2010-03-16,1.0097200633894774,0.9334180378782647
2010-03-17,1.0097200633894774,0.9336196838344631
2010-03-18,1.0097200633894774,0.9330400529976004
2010-03-19,1.0108832572094384,0.9319651942691528
2010-03-22,1.0107666912435378,0.9320726601137803
2010-03-23,1.0107383342602094,0.9320988093419974
2010-03-24,1.0107383342602094,0.9320604849016498
2010-03-25,1.0112712452462882,0.9315690567493203
2010-03-26,1.011517791441594,0.9317961716877563
2010-03-29,1.0107556211927649,0.9310940710168217
2010-03-30,1.0107556211927649,0.9311148250208288
2010-04-01,1.011623338538939,0.9299789574458667
2010-04-02,1.0113264469276044,0.9297060268592887
2010-04-05,1.0113264469276044,0.9294758097836959
2010-04-06,1.0111172336510759,0.9292835289625926
2010-04-07,1.0111982707479963,0.9292090505174659
2010-04-08,1.0111982707479963,0.9292531965772267
2010-04-09,1.01069316923027,0.9287890272708493
2010-04-12,1.0114868812743512,0.9280596357405627
2010-04-13,1.0117940883740801,0.9277777670239737
2010-04-14,1.0118806529236737,0.9276983905328001
2010-04-15,1.0125825153467243,0.9270549187573904
2010-04-16,1.012639500261503,0.9270027470629952
2010-04-19,1.012639500261503,0.9267130262699121
2010-04-20,1.0125102867867073,0.9265947770704371
2010-04-21,1.0126701406197234,0.9267410666723309
2010-04-22,1.0121800163202734,0.9262925313617151
2010-04-23,1.0116975352216595,0.9267340720273705
2010-04-26,1.0116975352216595,0.9267890891792472
2010-04-27,1.0118641573738039,0.9269417272822837
2010-04-28,1.011817748461277,0.9268992133171181
2010-04-29,1.0128985642197768,0.9259091068697686
2010-04-30,1.0141619170297396,0.9247542529552158
2010-05-03,1.0141619170297396,0.9244858850003955
2010-05-04,1.0145448288456884,0.9241368316952966
2010-05-05,1.013790459323353,0.9248239779312019
2010-05-06,1.013790459323353,0.9248113658089927
2010-05-07,1.013790459323353,0.9250101074156387
2010-05-10,1.0137957342270703,0.9250052944493998
2010-05-11,1.0137957342270703,0.924663591522403
2010-05-12,1.0136016715867535,0.9248405923243569
2010-05-13,1.0136016715867535,0.9257372911831995
2010-05-14,1.0130628307929817,0.9252451599734862
2010-05-17,1.0129497646716654,0.9251418950245365
2010-05-18,1.0124930639441696,0.9247247835435622
2010-05-19,1.0113665652781154,0.9236959357694638
2010-05-20,1.011494892064072,0.9235787330313983
2010-05-21,1.0122524025457922,0.9242704029315174
2010-05-24,1.012740072351433,0.9238251199500954
2010-05-25,1.011734181644334,0.9229075428456516
2010-05-26,1.0107003036641808,0.921964435650524
2010-05-27,1.0103492157874367,0.9222846992687029
2010-05-31,1.0103410180147436,0.9216792247981594
2010-06-01,1.0101009506194207,0.9214602243548682
2010-06-02,1.0101009506194207,0.9203931942655144
2010-06-03,1.0101009506194207,0.9205131092126696
2010-06-04,1.0105267907756208,0.920125037658068
2010-06-07,1.010577910332113,0.9200784912584355
2010-06-08,1.010577910332113,0.9193137982931207
2010-06-09,1.010577910332113,0.918990424007992
2010-06-10,1.010577910332113,0.9186855306814032
2010-06-11,1.0102455177336864,0.9189876986464438
2010-06-14,1.0103968872297573,0.9188500027077857
2010-06-15,1.0102185809405249,0.9186878518377517
2010-06-16,1.0098027892223511,0.9183097328765806
2010-06-17,1.0098240833723666,0.9182903680803834
2010-06-18,1.0096219683122984,0.91810657338192
2010-06-21,1.0097367469741052,0.9180021986286002
2010-06-22,1.0103056982451477,0.9174849365607446
2010-06-23,1.0104299952045577,0.9173720592523052
2010-06-24,1.0113659703272762,0.918221833536335
2010-06-25,1.0113659703272762,0.917560629241595
2010-06-28,1.0112253728708447,0.9176881861244424
2010-06-29,1.011554824355275,0.9179871637245638
2010-06-30,1.0117356471017727,0.9181512605744802
2010-07-01,1.0107424406717571,0.9172499245996713
2010-07-02,1.0107756247247408,0.9172198100335143
2010-07-05,1.0107756247247408,0.9158707266476728
2010-07-06,1.0107756247247408,0.915284736079202
2010-07-07,1.010929131495787,0.9151457315355761
2010-07-08,1.01073362742685,0.9153227120069182
2010-07-09,1.0111288706065478,0.9149647788687241
2010-07-12,1.011657059646073,0.9144868236032788
2010-07-13,1.0122806656567271,0.9139231153046755
2010-07-14,1.0124410355899658,0.9140679030043314
2010-07-15,1.0126083838171531,0.9142189909568338
2010-07-16,1.0126083838171531,0.9143778792409147
2010-07-19,1.0129995849105498,0.91402462754771
2010-07-20,1.012712026133667,0.9137651646536935
2010-07-21,1.012712026133667,0.9133629380902616
2010-07-22,1.0124795447200894,0.9131532635712698
2010-07-23,1.011313239130475,0.9142051522351264
2010-07-26,1.011313239130475,0.9135370972892902
2010-07-28,1.0110898409803142,0.9137170468320354
2010-07-29,1.0110898409803142,0.9138124896222752
2010-07-30,1.010284871232116,0.913084966330222
2010-08-02,1.010284871232116,0.9128865474858352
2010-08-03,1.010284871232116,0.9131407369755586
2010-08-04,1.010284871232116,0.9131659427826567
2010-08-05,1.0105163132513315,0.9133751362247189
2010-08-06,1.011364457113183,0.9141417478124767
2010-08-09,1.0113213821820521,0.9141028136848692
2010-08-10,1.0113213821820521,0.9134268372380429
2010-08-11,1.0108807251264336,0.9130288351907097
2010-08-12,1.011270760493089,0.9126765547211655
2010-08-13,1.010903119764619,0.9123447572574758
2010-08-16,1.0114372359644128,0.9118627149082924
2010-08-17,1.0114200008605387,0.9118471765752635
2010-08-18,1.0114200008605387,0.9114964932193954
2010-08-19,1.0110363901630843,0.9111507814426917
2010-08-20,1.0116009951305887,0.9106419567729239
2010-08-23,1.0119550309015395,0.9103232542125486
2010-08-24,1.0123003920409703,0.9100125780790003
2010-08-25,1.0124911779798316,0.9101840860675868
2010-08-26,1.0131698963086533,0.9095739487792319
2010-08-27,1.0132752252011976,0.9096685078626207
2010-08-30,1.0132752252011976,0.9100966847809033
2010-08-31,1.013201307634626,0.9101630755606351
2010-09-01,1.01344221824482,0.9103794865939187
2010-09-02,1.0130919988706908,0.9106940901581625
2010-09-03,1.0130919988706908,0.910392683078542
2010-09-06,1.0133347646878572,0.9106108392024639
2010-09-07,1.0130761388201919,0.9103784307954882
2010-09-08,1.012580590565923,0.9108237442569522
2010-09-09,1.0122624150135533,0.910537542989971
2010-09-10,1.0122624150135533,0.9104756757173329
2010-09-13,1.0124397783140449,0.9103161469543686
2010-09-14,1.0126670284079242,0.9101118193150497
2010-09-15,1.0131059408825418,0.9097173565552398
2010-09-16,1.0131059408825418,0.9101755818274982
2010-09-17,1.0131059408825418,0.9100444805914977
2010-09-20,1.013464767336801,0.9103668042706031
2010-09-21,1.0136593022203146,0.9105415494674084
2010-09-22,1.0142540544374266,0.9100073003324852
2010-09-24,1.0142540544374266,0.9096297923082618
2010-09-27,1.013726697308288,0.910102750492409
2010-09-28,1.0134429344713263,0.9098479941176464
2010-09-29,1.0134429344713263,0.9103872334297136
2010-09-30,1.013185146529124,0.9101556596098856
2010-10-01,1.0127875033240579,0.9097984522279613
2010-10-04,1.012249107456043,0.9093148051393093
2010-10-05,1.011578453893759,0.9099172608083853
2010-10-06,1.0105760424037071,0.9108189323630926
2010-10-07,1.0108795230992054,0.9105454091926748
2010-10-08,1.010426823567132,0.9101376420243289
2010-10-11,1.010426823567132,0.9096443357235203
2010-10-12,1.010426823567132,0.9096594858750111
2010-10-13,1.010024443059992,0.9100217379814615
2010-10-14,1.009635771245797,0.9096715486347694
2010-10-15,1.0103254635509846,0.9102929543785133
2010-10-18,1.010279143496884,0.9102512204814521
2010-10-19,1.0104021371929066,0.910362036549107
2010-10-20,1.0097479919188193,0.9097726583184041
2010-10-21,1.0088266990035948,0.9089425827834374
2010-10-22,1.0088266990035948,0.9091082287125953
2010-10-25,1.0085800941917444,0.9093304576285377
2010-10-26,1.0088168928361219,0.9095439540289699
2010-10-27,1.0099236732738952,0.9105418213949538
2010-10-28,1.0094308103630967,0.9109861839783576
2010-10-29,1.0097558254720134,0.9112795020252883
2010-11-01,1.0097558254720134,0.9116062147113846
2010-11-02,1.0097183824118925,0.9115724111665642
2010-11-03,1.0097183824118925,0.9123782161711896
2010-11-04,1.0094077969527158,0.9120975721697053
2010-11-05,1.0094077969527158,0.9122990885214672
2010-11-08,1.009306486617647,0.9122075246098152
2010-11-09,1.0090648059300142,0.9124259547345938
2010-11-10,1.0090648059300142,0.912407344386022
2010-11-11,1.0088674081191398,0.9122288551439544
2010-11-12,1.0083602260358748,0.9126874546858198
2010-11-15,1.0086791131587036,0.9129760859397624
2010-11-16,1.0088984913395502,0.9131746496160367
2010-11-17,1.0093844792209152,0.9136145271826033
2010-11-18,1.0099311342033832,0.9141093157826073
2010-11-19,1.0095135230071226,0.9144873042136481
2010-11-23,1.0095135230071226,0.9144190079661632
2010-11-24,1.0097048416855177,0.9145923047394271
2010-11-25,1.0097048416855177,0.9141452666263878
2010-11-26,1.0097048416855177,0.9146280448331446
2010-11-29,1.0095286658478464,0.9147876314324197
2010-11-30,1.0095286658478464,0.9146475570253754
2010-12-01,1.0094432962031876,0.9145702108938856
2010-12-02,1.0096380617220033,0.9147466712679234
2010-12-03,1.0109395769624565,0.9159258628801913
2010-12-06,1.0109258460474513,0.9159383032875716
2010-12-07,1.0109258460474513,0.9154526896121956
2010-12-08,1.0109258460474513,0.9155395591322181
2010-12-09,1.0109901323235981,0.9155977796526962
2010-12-10,1.0104937875193334,0.9151482676483776
2010-12-13,1.0108252996962526,0.915448499869653
2010-12-14,1.0113816344924698,0.91595234148776
2010-12-15,1.0117336518992974,0.9162711441602942
2010-12-16,1.0117336518992974,0.916785767672404
2010-12-17,1.0118147564400486,0.9167122745267381
2010-12-20,1.0122818589202354,0.9162890759379414
2010-12-21,1.0122818589202354,0.91688098269374
2010-12-22,1.0119039401285568,0.9172232851365223
2010-12-23,1.0119039401285568,0.9174155324175913
2010-12-24,1.0119039401285568,0.9173308646449955
2010-12-27,1.0129955560049313,0.9183204575263193
2010-12-28,1.0116196943539848,0.9195677304223357
2010-12-29,1.011444652163109,0.9197268447131014
2010-12-30,1.0108223775550045,0.9202926914558106
2010-12-31,1.0111477424423685,0.9205889165241768
2011-01-03,1.0108614396272304,0.9208495779362761
2011-01-04,1.0109686316988633,0.9209472251211935
2011-01-05,1.0112823983428074,0.9206613977364305
2011-01-06,1.0111493657915034,0.9207825092427998
2011-01-07,1.0109584601286423,0.920608664901672
2011-01-10,1.0109584601286423,0.920590149215613
2011-01-11,1.0101907001406878,0.9212892800995693
2011-01-12,1.0101907001406878,0.9208712670320501
2011-01-13,1.0098907986807006,0.9211446516884371
2011-01-14,1.0098907986807006,0.9210451682297026
2011-01-17,1.009532240013786,0.9213721825248324
2011-01-18,1.0093516526339905,0.9215369996368211
2011-01-20,1.0093044073890107,0.9216378763458316
2011-01-21,1.0087357949553308,0.9221571000329611
2011-01-24,1.0084465775021678,0.9224214942670326
2011-01-25,1.0084465775021678,0.9219542190991933
2011-01-26,1.0073497790352972,0.9229569474504932
2011-01-27,1.0072356901598079,0.9228524166088221
2011-01-28,1.0072356901598079,0.9230287453555263
2011-01-31,1.0072356901598079,0.9229190921461514
2011-02-01,1.00654486429831,0.9235520883586106
2011-02-02,1.006487138476786,0.9234991222118331
2011-02-03,1.00592765015899,0.924012478965854
2011-02-04,1.0061281777811686,0.9241966771288542
2011-02-07,1.0058818636646985,0.924422933278914
2011-02-08,1.0058818636646985,0.925234792402403
2011-02-09,1.0059705739609106,0.9251531944976543
2011-02-10,1.0059705739609106,0.9252781069090824
2011-02-11,1.0058583218690458,0.925381354862597
2011-02-14,1.0065746770949353,0.9260403957584011
2011-02-15,1.0065746770949353,0.9271263376077965
2011-02-16,1.0066062403362097,0.9270972656343488
2011-02-17,1.0066062403362097,0.9259510956444534
2011-02-18,1.0070140498337028,0.9255759622150284
2011-02-21,1.007046170425262,0.925605485186872
2011-02-22,1.0074193474772521,0.925948483091449
2011-02-23,1.007374350435428,0.92598984118401
2011-02-24,1.0074105853802706,0.9259565336148768
2011-02-25,1.0081358222358834,0.9266231315389194
2011-02-28,1.008321467741192,0.9264524963767805
2011-03-01,1.008321467741192,0.9261926476223586
2011-03-02,1.008321467741192,0.9264110665908215
2011-03-03,1.008617152120212,0.9261394019583548
2011-03-04,1.0084316669421474,0.9263097194386036
2011-03-07,1.008552894849054,0.9261983637641281
2011-03-08,1.0086910294482654,0.9260715087023639
2011-03-09,1.0086892917482047,0.9260699133332471
2011-03-10,1.0079336382185722,0.92676367305135
2011-03-11,1.008288947359918,0.9270903687706082
2011-03-14,1.0079570889448806,0.9267852352657908
2011-03-15,1.0086346172318497,0.9274082014810442
2011-03-16,1.0086346172318497,0.9281033890179796
2011-03-17,1.0086346172318497,0.9281241885363931
2011-03-21,1.0088941112276477,0.9284551582236565
2011-03-22,1.0089166445084363,0.9284344215174481
2011-03-23,1.0088015921480862,0.9285402960435621
2011-03-24,1.0083737802173094,0.9281465212716484
2011-03-25,1.0083737802173094,0.929011691540736
2011-03-28,1.0090004570224718,0.92958904697206
2011-03-29,1.0090004570224718,0.9300130365408124
2011-03-30,1.0082420558609226,0.9307120679062191
2011-03-31,1.0079092992906318,0.9310192367590203
2011-04-01,1.0072993722117685,0.9304558389970972
2011-04-04,1.0076522827152343,0.9307818271269936
2011-04-05,1.0079607370187926,0.931066750473247
2011-04-06,1.0079607370187926,0.9315826955674565
2011-04-07,1.0079607370187926,0.9323046627211402
2011-04-08,1.008256056310693,0.9325778157743481
2011-04-11,1.008256056310693,0.9325733666611943
2011-04-12,1.0089492192974507,0.9319322345438521
2011-04-13,1.009158013402471,0.9321250905896563
2011-04-14,1.009158013402471,0.9329746673249133
2011-04-15,1.0094037494883823,0.9332018523048253
2011-04-18,1.0094037494883823,0.9330383459036385
2011-04-19,1.0097971345140089,0.9326747220179538
2011-04-20,1.0090219556866253,0.931958746825875
2011-04-21,1.0090219556866253,0.9325701572436892
2011-04-22,1.0090219556866253,0.9331374358487143
2011-04-25,1.0079884351638357,0.934093229412073
2011-04-26,1.0081695270331716,0.9342610455130789
2011-04-27,1.008305716317198,0.9341348402078495
2011-04-28,1.008305716317198,0.9339418412143041
2011-04-29,1.0079000168370984,0.9343176198232045
2011-05-02,1.0085462644144834,0.9349166876754044
2011-05-03,1.008571378272976,0.9348934072705036
2011-05-04,1.0080603516039455,0.9353671025132082
2011-05-05,1.007343687674593,0.9347021186538514
2011-05-06,1.0064651001303617,0.9355173494922078
2011-05-09,1.0064651001303617,0.9354843159281956
2011-05-10,1.0064651001303617,0.9347968702376914
2011-05-11,1.0064479049186945,0.9348128410150663
2011-05-12,1.0066644202421666,0.9350139456163767
2011-05-13,1.0065183385259397,0.9351496298018165
2011-05-16,1.0068178198133744,0.9354278759145372
2011-05-18,1.0057167588115465,0.9360247597768634
2011-05-19,1.0062079648561941,0.9355675922732757
2011-05-20,1.0062079648561941,0.9358838159108139
2011-05-23,1.0059947914458285,0.9360820905734204
2011-05-24,1.0056188003361262,0.9364319517725042
2011-05-25,1.005700821062546,0.9365083294505085
2011-05-26,1.005700821062546,0.9374140714657904
2011-05-27,1.005542896937119,0.9375612725958867
2011-05-30,1.0045174801483867,0.9366051810434394
2011-05-31,1.0055298234660537,0.9375490829814939
2011-06-01,1.0053929301120867,0.9376767214020387
2011-06-02,1.0050498611040737,0.9379966836904273
2011-06-03,1.0050498611040737,0.9379788618644617
2011-06-06,1.0042662669790818,0.9387101636177061
2011-06-07,1.0037973807423606,0.9391484420807623
2011-06-08,1.0038497972060043,0.9390994014664761
2011-06-09,1.0042828207488923,0.9386943088409868
2011-06-10,1.0042828207488923,0.9389565949816087
2011-06-13,1.0042828207488923,0.9387343086808396
2011-06-14,1.0053716098497627,0.9397520336312103
2011-06-15,1.0056828479560238,0.9400429575447532
2011-06-16,1.0056394367569121,0.9400023797501866
2011-06-17,1.0056394367569121,0.9395591708583707
2011-06-20,1.0055572426293733,0.9394823776823107
2011-06-21,1.0056726447511155,0.9395901967652308
2011-06-22,1.0056726447511155,0.9397780959046539
2011-06-23,1.0048427798819541,0.9405535856533999
2011-06-24,1.0048427798819541,0.9406622523369287
2011-06-27,1.0051831234693887,0.9403436469073688
2011-06-28,1.004919592398622,0.940590178869926
2011-06-29,1.0056306748268138,0.9412557417203106
2011-06-30,1.0056571421042066,0.9412309687321375
2011-07-01,1.0056571421042066,0.9415231035967405
2011-07-04,1.0052112985712938,0.9419405142322861
2011-07-05,1.0052112985712938,0.9409494073894018
2011-07-06,1.0053364781378322,0.9410665843840487
2011-07-07,1.004660961699576,0.9416989159079406
2011-07-08,1.0042845965862712,0.9420516942408272
2011-07-11,1.0045207977728765,0.9418301298269355
2011-07-12,1.004727553267142,0.9420239820144045
2011-07-13,1.005148535795953,0.9424186916417652
2011-07-15,1.0048050073544947,0.9416473598061929
2011-07-18,1.0056026327625323,0.942394849970051
2011-07-19,1.006491550948858,0.9432278946474866
2011-07-20,1.006107141328955,0.9428676473348079
2011-07-21,1.0066162923061952,0.9433447953087449
2011-07-22,1.0064606213021479,0.9434906815144132
2011-07-25,1.0064606213021479,0.9444231575366827
2011-07-26,1.0064606213021479,0.9440112188383257
2011-07-27,1.00673970165484,0.944272982665268
2011-07-28,1.0070888922836623,0.943945458801796
2011-07-29,1.0071152718485015,0.943920733208429
2011-08-01,1.0071152718485015,0.94422608887962
2011-08-02,1.0068079127726002,0.9445142549577564
2011-08-03,1.0065687195500927,0.9442898612025212
2011-08-04,1.0065687195500927,0.9446519019088537
2011-08-05,1.0065687195500927,0.9446006179147713
2011-08-08,1.0061060333339191,0.9441664163772017
2011-08-09,1.007005130016259,0.9450101613349061
2011-08-10,1.0063253066950495,0.9443721904573942
2011-08-11,1.0066632178579864,0.9446892985565345
2011-08-12,1.0070748156285938,0.9450755568426275
2011-08-15,1.0060636231550926,0.9460244965590604
2011-08-16,1.0059847096433265,0.9460987007281824
2011-08-17,1.0058830047379106,0.946003050289414
2011-08-18,1.0055664412346195,0.9463007688494387
2011-08-19,1.0055664412346195,0.945678452789467
2011-08-22,1.00445817449463,0.9467207150736623
2011-08-23,1.0038917314159392,0.9472545983254723
2011-08-24,1.0044508362751658,0.9477821598465753
2011-08-25,1.0042862973026283,0.9476269037632125
2011-08-26,1.0040651376594596,0.9474182214099273
2011-08-29,1.0046043049477729,0.9479269701894406
2011-08-30,1.0046043049477729,0.94936562306676
2011-08-31,1.0045037437832738,0.9492705913093599
2011-09-01,1.0044221948897025,0.9491935264234398
2011-09-02,1.0042849612902909,0.9490638386837303
2011-09-05,1.0047647299148812,0.9486104503825169
2011-09-06,1.005303722048566,0.9491193193301071
2011-09-07,1.0048803061107918,0.9487195672573355
2011-09-08,1.0047188530351083,0.9485671374692669
2011-09-09,1.0047188530351083,0.9495170906531781
2011-09-13,1.0052622252005794,0.9503288650200096
2011-09-14,1.0051653472640247,0.9504204489840574
2011-09-15,1.0051653472640247,0.9501978715052213
2011-09-16,1.0051653472640247,0.9509019840580043
2011-09-19,1.0052549119794163,0.9509867136657244
2011-09-20,1.0052549119794163,0.9510184508587222
2011-09-21,1.0052549119794163,0.9515136473712359
2011-09-22,1.0052549119794163,0.951908424876965
2011-09-23,1.0056701216332469,0.9515152494118552
2011-09-26,1.0056701216332469,0.9518312959037666
2011-09-27,1.0056701216332469,0.9514694487435656
2011-09-28,1.0057879330201216,0.9513579868109557
2011-09-29,1.0048696637991765,0.9522265623115244
2011-09-30,1.0046352088588877,0.9524487346288417
2011-10-03,1.0046352088588877,0.9518966604455786
2011-10-04,1.0043261540671569,0.9521894913373782
2011-10-05,1.0040289254990002,0.9524712901514167
2011-10-06,1.0040289254990002,0.9523471244353036
2011-10-07,1.0040289254990002,0.9521865629078946
2011-10-10,1.0038990947808881,0.952309689903641
2011-10-11,1.003701906945954,0.9524967444461891
2011-10-12,1.0031960136507023,0.9520166599575279
2011-10-13,1.0031960136507023,0.9515763449549626
2011-10-14,1.0035433670528542,0.9512468646975355
2011-10-17,1.0036638973311443,0.9513611139199296
2011-10-18,1.0040386691203564,0.9517163556575259
2011-10-19,1.0036882800640599,0.95204848529155
2011-10-20,1.0038306341222196,0.9519134553543294
2011-10-21,1.0039664567404802,0.9517846573544789
2011-10-24,1.0037552860474777,0.9515844623934487
2011-10-25,1.003745408264952,0.9515938267719035
2011-10-26,1.0025515093960573,0.9527256942594909
2011-10-27,1.0025220145561802,0.9527537232350954
2011-10-28,1.003213017131591,0.9534104223069647
2011-10-31,1.0032397887044124,0.9533849797577616
2011-11-01,1.0034046281338178,0.9535416276876347
2011-11-02,1.0038251651609824,0.9531419887482259
2011-11-03,1.0038251651609824,0.9522724498867895
2011-11-04,1.0036071498503376,0.9524792687444809
2011-11-07,1.0031690274017109,0.9528950714313694
2011-11-08,1.0030834876604864,0.9528138185262279
2011-11-10,1.0035794623732748,0.9534066881704816
2011-11-11,1.0032390973470648,0.9530833392932132
2011-11-14,1.0034443194608549,0.953278301568931
2011-11-15,1.002848479775137,0.9538443529507493
2011-11-16,1.002848479775137,0.9540049172453399
2011-11-17,1.0026937431936986,0.9541521174082229
2011-11-18,1.0028739781162785,0.9539806078778427
2011-11-21,1.0024733905094423,0.9543616655351527
2011-11-22,1.0032030054265542,0.9550562640293235
2011-11-23,1.0025260111868857,0.9557007672712492
2011-11-24,1.002511471978541,0.9556869071495013
2011-11-25,1.0023438386667893,0.9555271035305691
2011-11-28,1.0022268347296146,0.9554155645268089
2011-11-29,1.00175991968367,0.954970457803711
2011-11-30,1.0013828410814822,0.9553299240972645
2011-12-01,1.0012411212106263,0.9551947218270501
2011-12-02,1.0003537273384444,0.9560413050575359
2011-12-05,1.0001423776723042,0.9562432926196532
2011-12-06,1.0000221498224933,0.9561283419110997
2011-12-07,1.0000255062671604,0.9561251327903068
2011-12-08,1.0004576534492586,0.9565383090335918
2011-12-09,1.0004439482097378,0.9565252054438588
2011-12-12,1.0008022519944235,0.9568677799597736
2011-12-13,1.0003404669199123,0.9573092930141112
2011-12-14,1.000279419964451,0.957250872086731
2011-12-15,1.000279419964451,0.9573083968590322
2011-12-16,1.000279419964451,0.9572885568582958
2011-12-19,1.0000970068706532,0.9574631300463755
2011-12-20,1.0000970068706532,0.9576769695975236
2011-12-21,1.0000970068706532,0.9582884860881531
2011-12-22,1.0002144639393362,0.958175939249441
2011-12-23,1.0000852916885967,0.9582996824536633
2011-12-26,0.9997859004277726,0.9585865645351833
2011-12-27,0.9994961674888769,0.958864358113198
2011-12-28,1.0006027538979656,0.9599259592492118
2011-12-29,1.001109356476705,0.9594399512260876
2011-12-30,1.001109356476705,0.9597355117364258
2012-01-02,1.0006003090043696,0.96022352129622
2012-01-03,1.0002561322385506,0.959893232945268
2012-01-04,1.0002561322385506,0.9598962919341245
2012-01-05,1.0002561322385506,0.9593536767665967
2012-01-09,1.0004609979546593,0.9591774511209125
2012-01-10,1.0004609979546593,0.9599266917049638
2012-01-11,1.0004609979546593,0.9596137948790479
2012-01-12,1.0001600475168695,0.9599024579976186
2012-01-13,1.0004965131356929,0.9602253804892159
2012-01-16,1.000699465382529,0.9604201636752447
2012-01-17,1.000699465382529,0.9611359391310362
2012-01-18,1.0007684493590536,0.9610696824961966
2012-01-19,1.00116916060631,0.9614544982159766
2012-01-20,1.0018326716171035,0.9620916888836925
2012-01-23,1.0025709821622761,0.9628007119166299
2012-01-24,1.0020605251723622,0.9623105038794573
2012-01-25,1.0020605251723622,0.962558306074091
2012-01-26,1.0026015361634482,0.9620386222724988
2012-01-27,1.0023184515573873,0.962310253937301
2012-01-30,1.0030794883061893,0.9630409134057138
2012-01-31,1.0030794883061893,0.96334314951535
2012-02-01,1.0034899625677023,0.9629489359236151
2012-02-02,1.0036321360477993,0.9630853655905602
2012-02-03,1.0036321360477993,0.9633009457632598
2012-02-06,1.0036321360477993,0.9631048714616283
2012-02-07,1.0032871659763336,0.963435911435742
2012-02-08,1.0032871659763336,0.9625124613472332
2012-02-09,1.0032871659763336,0.9619404561890633
2012-02-10,1.002994532061607,0.962221030296831
2012-02-13,1.0020299902119119,0.9631463618143125
2012-02-14,1.002297073160903,0.9634030806482159
2012-02-15,1.002297073160903,0.9634647142002829
2012-02-16,1.001821447937025,0.9639219121036399
2012-02-17,1.002712866321627,0.9647796075697722
2012-02-20,1.002712866321627,0.9647915281462146
2012-02-21,1.0027182340978498,0.9647863633725303
2012-02-22,1.0029549907823345,0.965014163778328
2012-02-23,1.0025634992239192,0.9653908455859292
2012-02-24,1.0031191377087025,0.9659258823263256
2012-02-27,1.0038741699691338,0.9666529197986719
2012-02-28,1.0038741699691338,0.9664007861526339
2012-02-29,1.0038741699691338,0.9660346960890881
2012-03-01,1.0046944933395399,0.9668240986472288
2012-03-02,1.0053512301171215,0.9674560807544694
2012-03-05,1.0063347292947433,0.9684025084618254
2012-03-07,1.0064515032229233,0.9687265648295238
2012-03-08,1.0057238142347147,0.9694269777670118
2012-03-09,1.0051900406262686,0.9699414873458084
2012-03-12,1.0054051864499882,0.9701490887463603
2012-03-13,1.005481222173552,0.9700757193337874
2012-03-14,1.0058603099040047,0.9704414584393021
2012-03-15,1.0055500650856661,0.9707407787634239
2012-03-16,1.0055633052251007,0.9707279969599991
2012-03-19,1.0052540669394918,0.9710265224332465
2012-03-20,1.0054754914826602,0.9712404077695066
2012-03-21,1.0064223769967713,0.9703257624294397
2012-03-22,1.0064926561846512,0.9702580038937383
2012-03-23,1.0072262195217643,0.9709651582826189
2012-03-26,1.0072262195217643,0.9708284140485066
2012-03-27,1.0074089414305343,0.9706522951017744
2012-03-28,1.0065419935960254,0.9714876111990333
2012-03-29,1.0062257639650363,0.9711823947542604
2012-03-30,1.0069720029987372,0.970462144649599
2012-04-02,1.0069720029987372,0.9711347348452453
2012-04-03,1.00629603954,0.9717866413454368
2012-04-04,1.006654687915155,0.9714402922729758
2012-04-05,1.0067124838873185,0.9713845180966225
2012-04-06,1.0066746537476183,0.9714210206856044
2012-04-09,1.0065668784377153,0.971317019654923
2012-04-10,1.0065668784377153,0.9715724746674734
2012-04-11,1.0073175640305052,0.9722970618506084
2012-04-12,1.0074833461778891,0.9721370433017769
2012-04-13,1.0079909262086868,0.971647271086434
2012-04-16,1.0086348023065477,0.9722679318851949
2012-04-17,1.0090015765299398,0.9726214818666459
2012-04-18,1.0090015765299398,0.9736093703851387
2012-04-19,1.0093109556445943,0.973310843195454
2012-04-20,1.0091087834157428,0.9731158820475208
2012-04-23,1.0091087834157428,0.9733902522152827
2012-04-24,1.008619008326371,0.9729178132616165
2012-04-25,1.0088915432313903,0.9731807014896192
2012-04-26,1.0088915432313903,0.9733198982158358
2012-04-27,1.0083235368869037,0.9738678777098764
2012-04-30,1.0086107185074618,0.9741452459801774
2012-05-01,1.0085046737042678,0.9742476671016238
2012-05-02,1.0082913204654385,0.9744537731322825
2012-05-04,1.0082913204654385,0.9749224352514879
2012-05-07,1.008035230070558,0.9751700504658153
2012-05-08,1.008035230070558,0.9754495249321403
2012-05-09,1.007292614215827,0.9761681350174779
2012-05-10,1.007292614215827,0.9757786795135055
2012-05-11,1.0076719365307716,0.9754112245928964
2012-05-14,1.008246265314996,0.9759671661870108
2012-05-15,1.0082799572507701,0.9759345529017333
2012-05-16,1.0077991973048304,0.9763998901719226
2012-05-17,1.0077544881724532,0.9763565740112632
2012-05-18,1.0078105015241134,0.976302305829114
2012-05-21,1.008301221437164,0.9767776838708223
2012-05-22,1.008301221437164,0.9771053040608005
2012-05-23,1.0084865290579244,0.9772848784332978
2012-05-24,1.00886018903225,0.9776469777098498
2012-05-25,1.00886018903225,0.9782608833249339
2012-05-28,1.0089103825543073,0.9783095544488011
2012-05-29,1.0091852471636147,0.9785760822575291
2012-05-30,1.0091852471636147,0.97833792594608
2012-05-31,1.0096227681306404,0.9779137784898612
2012-06-01,1.0103553110160652,0.9786233145696764
2012-06-04,1.0102377562755325,0.9787371772955604
2012-06-05,1.0105821603411156,0.9790708423767793
2012-06-06,1.0107132941173644,0.9791978872246052
2012-06-07,1.0108263266650759,0.9793073952646705
2012-06-08,1.010893919989096,0.9793728809374683
2012-06-11,1.011051544754226,0.9795255907493288
2012-06-12,1.0120697361145814,0.9805120335265763
2012-06-13,1.0121036605216414,0.9804791669283908
2012-06-14,1.011972491416733,0.9803520963725536
2012-06-15,1.011972491416733,0.980828843666557
2012-06-18,1.0122036319989995,0.981052870853019
2012-06-19,1.0122036319989995,0.9806882676205676
2012-06-20,1.0119028627891795,0.9809796722609061
2012-06-21,1.0123745468692475,0.9805224025848421
2012-06-22,1.0123745468692475,0.97988903153863
2012-06-25,1.0123745468692475,0.9807318155289811
2012-06-26,1.0123745468692475,0.9816711322028566
2012-06-27,1.0124493277178137,0.9817436450890271
2012-06-28,1.0124493277178137,0.9816246044491841
2012-06-29,1.0130618237350475,0.982218452599589
2012-07-03,1.012393733745494,0.9826966725833831
2012-07-04,1.012404350150385,0.9826863675949054
2012-07-05,1.0129910417866033,0.9832558375629157
2012-07-06,1.0129910417866033,0.982716467998251
2012-07-09,1.012152111946071,0.9819026106828573
2012-07-10,1.012152111946071,0.98217777360312
2012-07-11,1.0115634929430692,0.9827489609721382
2012-07-12,1.0115634929430692,0.9823285180606776
2012-07-13,1.0111963242720006,0.982685075270428
2012-07-16,1.0116314439289478,0.9831079264839613
2012-07-17,1.0119702263553345,0.9834371567493242
2012-07-18,1.0110073431395357,0.9843728909313832
2012-07-19,1.0113612077566851,0.9847174331728867
2012-07-20,1.0107908337861893,0.985272780943661
2012-07-23,1.0110425754036005,0.9855181671849836
2012-07-24,1.0112340997136164,0.9853314780271084
2012-07-25,1.0112340997136164,0.9861380439002917
2012-07-26,1.011607409596166,0.9857739985447699
2012-07-27,1.0117293798899716,0.985655143005469
2012-07-30,1.0117293798899716,0.9859741648257755
2012-07-31,1.0120201221808087,0.985690823852304
2012-08-01,1.011973780350471,0.985735960026895
2012-08-02,1.0118823922778315,0.9856469414067811
2012-08-03,1.011245624016542,0.9850266828728698
2012-08-06,1.0115905800220675,0.9853626950758301
2012-08-07,1.0113114105308558,0.9856346264358842
2012-08-08,1.0118816191268405,0.9861903576682638
2012-08-09,1.011486824898871,0.9865751282318626
2012-08-10,1.011486824898871,0.9854717423491193
2012-08-13,1.01170487750271,0.9852592979809482
2012-08-14,1.0126815549317474,0.9862104454346033
2012-08-15,1.0129969477696468,0.9865175940240457
2012-08-16,1.0127472012798968,0.9867608122358346
2012-08-17,1.0131223783843988,0.9863952619149817
2012-08-20,1.0130966594321784,0.98637022145279
2012-08-21,1.0129213498412248,0.9865409062126713
2012-08-22,1.013251873511158,0.9868628217502514
2012-08-23,1.013556240886782,0.9865663812945175
2012-08-24,1.014052063200864,0.9870490004195706
2012-08-27,1.0151541148101948,0.9881217056374536
2012-08-28,1.0148350784648925,0.9884322464046941
2012-08-30,1.0151806634481872,0.9890798157252894
2012-08-31,1.0137152208304923,0.9876520504353727
2012-09-03,1.0141692538734932,0.9872096908291729
2012-09-04,1.0141692538734932,0.9878515333351386
2012-09-05,1.01376061085346,0.9874534946129188
2012-09-06,1.01376061085346,0.9874925556992571
2012-09-07,1.01376061085346,0.987891506648602
2012-09-10,1.0136999839559098,0.9878324268258873
2012-09-11,1.013165572081526,0.9873116520531219
2012-09-12,1.0121377724704799,0.9883132243132973
2012-09-13,1.0122466914768542,0.9884195794927073
2012-09-14,1.0132227343715963,0.9893726474708108
2012-09-17,1.0132227343715963,0.989533264169783
2012-09-18,1.0132227343715963,0.9900126125309537
2012-09-19,1.0132227343715963,0.9905545937555215
2012-09-20,1.012899109935366,0.9908709779631443
2012-09-21,1.012899109935366,0.9906380389056885
2012-09-24,1.012800194298421,0.9905412971950492
2012-09-25,1.0118137773417128,0.9915060350943639
2012-09-26,1.011796064963936,0.9914886782152079
2012-09-27,1.0125661436995046,0.9922433009836585
2012-09-28,1.0135277797727822,0.993185636412935
2012-10-01,1.0136080127604907,0.9932642590738516
2012-10-02,1.0136080127604907,0.9938537249007572
2012-10-03,1.0136080127604907,0.992897367458522
2012-10-04,1.0137536754844125,0.9930400539145267
2012-10-05,1.0137536754844125,0.9937569702145589
2012-10-08,1.0143302562908336,0.9943221777290954
2012-10-09,1.014717231294564,0.9939428359653558
2012-10-10,1.014717231294564,0.993279693523668
2012-10-11,1.014284568538482,0.9937032155813471
2012-10-12,1.0133689244675415,0.9946002798627577
2012-10-15,1.012565865418127,0.9938120943007093
2012-10-16,1.012565865418127,0.9934717861370579
2012-10-17,1.012565865418127,0.9942053153968576
2012-10-18,1.012565865418127,0.9940763384643346
2012-10-19,1.0135317683276999,0.9950246039159492
2012-10-22,1.0135317683276999,0.9952248858816293
2012-10-23,1.013358974143154,0.9953945589772042
2012-10-24,1.0130495661071706,0.9950906360008649
2012-10-25,1.0127569274321244,0.9953780868966678
2012-10-29,1.0124779441651803,0.9953581846004207
2012-10-30,1.0126627545793296,0.995176499103583
2012-10-31,1.0118186234735007,0.9960060540910498
2012-11-01,1.01160444955274,0.9962168809297313
2012-11-02,1.0113617852814876,0.9964558540219585
2012-11-05,1.0109970392634058,0.9960964838042599
2012-11-06,1.0110679861417848,0.9960265825747351
2012-11-07,1.0107269847242537,0.9963625110001347
2012-11-08,1.0106115918113867,0.9964762639464333
2012-11-09,1.0098940655442272,0.9971837542421866
2012-11-12,1.0096934009062122,0.9973818933578686
2012-11-13,1.009814924760718,0.9975019354339942
2012-11-14,1.0109020237943827,0.9964280917389766
2012-11-15,1.0102037411643936,0.9971163764709456
2012-11-16,1.0102037411643936,0.9965834338303398
2012-11-19,1.009817839651995,0.9962027353250034
2012-11-20,1.0098982285300067,0.9962820403412354
2012-11-21,1.0103281706705098,0.995857894995825
2012-11-22,1.0103089205986289,0.995876869361401
2012-11-23,1.0100637757133002,0.9961185124034088
2012-11-26,1.0100637757133002,0.9966304763139348
2012-11-27,1.0102091148985375,0.9964870700608911
2012-11-28,1.0104432655861288,0.9962560999288762
2012-11-29,1.009775201423385,0.996914784112289
2012-11-30,1.0107046981276964,0.9978324428198959
2012-12-03,1.0110922698435947,0.9982150784529935
2012-12-04,1.011980214863759,0.999091714675425
2012-12-05,1.0119747800427212,0.9990863490718391
2012-12-06,1.0119747800427212,0.9987959768765952
2012-12-07,1.0119747800427212,0.9991545016598172
2012-12-10,1.0119881561141333,0.9991412950441688
2012-12-11,1.0120539295661584,0.9990763565647619
2012-12-12,1.0120792156312564,0.9991013183865107
2012-12-13,1.0120792156312564,1.000017064822735
2012-12-14,1.0125416825468923,1.0004740199705229
2012-12-17,1.012595750536766,1.0005274435679048
2012-12-18,1.0131529763814817,0.9999768588458102
2012-12-19,1.0137229050265106,1.0005393755333274
2012-12-20,1.0144578401244189,1.001264752754531
2012-12-21,1.014164965255387,1.000975686741405
2012-12-24,1.0143388916827392,1.001147351244741
2012-12-26,1.0149035909323356,1.002462375387443
2012-12-27,1.0150742420357384,1.002630934560953
2012-12-28,1.0158966515975818,1.0034432625990768
2012-12-31,1.0148210897821779,1.0045056396189034
2013-01-01,1.0151284327164243,1.0042014207631307
2013-01-02,1.0147952870349333,1.0038718611173831
2013-01-03,1.0151287577255175,1.0035419799609944
2013-01-04,1.015823677644746,1.0042289679970928
2013-01-07,1.015823677644746,1.004197503512757
2013-01-08,1.016009863031721,1.0040134490307586
2013-01-09,1.016009863031721,1.004064473953078
2013-01-10,1.015671527581896,1.0037301163667898
2013-01-11,1.015671527581896,1.0042356503125573
2013-01-14,1.015671527581896,1.0046544102492911
2013-01-15,1.015671527581896,1.0042295633407468
2013-01-16,1.0153348899331158,1.0038967180557723
2013-01-17,1.0153348899331158,1.0038138118495976
2013-01-18,1.0152304116956639,1.0037105191342266
2013-01-21,1.014977420512872,1.003960639607856
2013-01-22,1.0153116410542464,1.0036300467673585
2013-01-23,1.015059761089589,1.0038790287453907
2013-01-24,1.015059761089589,1.004357161504427
2013-01-25,1.015059761089589,1.0041291523495872
2013-01-28,1.015059761089589,1.0039254972787284
2013-01-29,1.0160174332082297,1.0048726646227517
2013-01-30,1.0160174332082297,1.005357133855618
2013-01-31,1.0160174332082297,1.0055344982662435
2013-02-01,1.0155833441916522,1.0059641084945925
2013-02-04,1.0155412213793231,1.0060058323349788
2013-02-05,1.0153955651962765,1.0061501208843509
2013-02-06,1.0153955651962765,1.005422039952586
2013-02-07,1.0157069714041371,1.005113692471572
2013-02-08,1.0157009842769398,1.005119617156244
2013-02-11,1.0155794151756874,1.0052399197752235
2013-02-12,1.0165283052639147,1.0061791493242984
2013-02-13,1.0165896271170662,1.0062398468668259
2013-02-14,1.0165896271170662,1.0056857615412818
2013-02-15,1.0172701242649376,1.006358959726792
2013-02-18,1.016546210026364,1.0070751093144825
2013-02-19,1.0169551102747934,1.0074801998635634
2013-02-20,1.0179069882697573,1.0084232092677374
2013-02-22,1.0174392106486247,1.0093996238311511
2013-02-25,1.0166625917427503,1.010170106060699
2013-02-26,1.0171735820518018,1.010677833146246
2013-02-27,1.016845595039942,1.0103519406847274
2013-02-28,1.0169802696928327,1.0104857552949031
2013-03-01,1.0175689783069672,1.00990080621936
2013-03-04,1.017549124919507,1.0099205099961355
2013-03-05,1.0174046223282065,1.0097770907477395
2013-03-06,1.0181032621938215,1.010470492876547
2013-03-07,1.0181032621938215,1.010198440262931
2013-03-08,1.0191415472091745,1.0112286637599048
2013-03-11,1.0191458259259694,1.0112329092556154
2013-03-12,1.0191458259259694,1.0114142690253312
2013-03-13,1.0189976197073294,1.0112671871451158
2013-03-14,1.020151379833878,1.0124121944888524
2013-03-15,1.0194209329497268,1.0131370999759788
2013-03-18,1.0196271681839568,1.0129321360004835
2013-03-19,1.0187487850331416,1.0138047515495245
2013-03-20,1.018732778149952,1.0137888223484561
2013-03-21,1.0176693949772118,1.01484704487503
2013-03-22,1.0176693949772118,1.0144155531591124
2013-03-25,1.0183113913571318,1.0150554968540657
2013-03-26,1.0184532721264716,1.0151969239814047
2013-03-27,1.0184532721264716,1.014922230602338
2013-03-28,1.018866560477361,1.0153340860565316
2013-03-29,1.0195420727302649,1.0146609158470778
2013-04-01,1.0194064447238516,1.0147958945212128
2013-04-02,1.0200521584586775,1.015438687835429
2013-04-03,1.0200521584586775,1.0158398079251665
2013-04-04,1.0189976367913391,1.0168899748986087
2013-04-05,1.0192260015293304,1.0166620825028863
2013-04-08,1.0187931308087876,1.0170938643133398
2013-04-09,1.0187931308087876,1.0169926103788114
2013-04-10,1.0188176423140891,1.0170170785647532
2013-04-11,1.0188176423140891,1.0167806446333114
2013-04-12,1.0189613001145295,1.0169240152080559
2013-04-15,1.0184736630620523,1.0174106772916047
2013-04-16,1.0181120329358382,1.0170494246004607
2013-04-17,1.0180522668410004,1.0169897208837784
2013-04-18,1.0180074349065273,1.0170345060269497
2013-04-19,1.0179452193648517,1.016972349945839
2013-04-23,1.0181540335823027,1.0174925856561485
2013-04-24,1.018143904182729,1.0174824628371806
2013-04-25,1.018143904182729,1.018282363987582
2013-04-26,1.0183360454652628,1.0180901965752995
2013-04-29,1.0185838267526923,1.018337918042835
2013-04-30,1.0185838267526923,1.018389668713435
2013-05-01,1.018362695946709,1.0186107573684218
2013-05-02,1.018081949697323,1.0183299427324837
2013-05-03,1.018081949697323,1.0182640658705076
2013-05-06,1.018081949697323,1.0189705302487106
2013-05-07,1.0184419976479735,1.0186101680486948
2013-05-08,1.0184419976479735,1.0185121634389898
2013-05-09,1.0180993142536159,1.0188548704425973
2013-05-10,1.0187002308129158,1.0182535079285473
2013-05-13,1.018425734727418,1.0179791322157354
2013-05-14,1.0184063601861497,1.0179984982608332
2013-05-15,1.0180740896023097,1.018330635773509
2013-05-16,1.0178550550657115,1.018111546042036
2013-05-17,1.0172878813674853,1.0186788626632992
2013-05-20,1.0169870058410293,1.0189801495897506
2013-05-21,1.0165465385645354,1.019421480116801
2013-05-22,1.015784032458524,1.018656817532552
2013-05-23,1.0151840758299293,1.0192584709258063
2013-05-24,1.0157065861443924,1.0187338635399714
2013-05-27,1.0159538795827368,1.0184858330523194
2013-05-28,1.0146418920912994,1.0198010902702155
2013-05-29,1.0145171408350642,1.0199264758551325
2013-05-30,1.0145171408350642,1.0208588421144664
2013-05-31,1.0142588419580219,1.0205989286226946
2013-06-03,1.0145272716256526,1.0203288210132153
2013-06-04,1.0141290353037336,1.0207293346398003
2013-06-05,1.0141290353037336,1.0210699513824213
2013-06-06,1.014796336045519,1.0203980834915978
2013-06-07,1.014796336045519,1.0209483111386204
2013-06-10,1.014796336045519,1.021629095809353
2013-06-11,1.014796336045519,1.0214429045136364
2013-06-12,1.0150852362880083,1.021152112073497
2013-06-13,1.0147612205407708,1.0214780643707115
2013-06-14,1.0144683228211575,1.021183227920882
2013-06-17,1.0142306339071963,1.020943965711368
2013-06-18,1.0142306339071963,1.021035811993457
2013-06-20,1.0137333655371272,1.021159176704159
2013-06-21,1.0133113693875233,1.0207340893435655
2013-06-24,1.013568780439723,1.0209933859861295
2013-06-25,1.012899428248374,1.0216676413237558
2013-06-26,1.012899428248374,1.0210630294206728
2013-06-27,1.012204792530761,1.0217632636496492
2013-06-28,1.0118067960271802,1.0221650185212134
2013-07-01,1.012179945158425,1.0225419877115252
2013-07-02,1.012179945158425,1.0223604534618826
2013-07-03,1.012048625510721,1.0224930939229167
2013-07-04,1.0121424206794132,1.0225878570694826
2013-07-05,1.011830312682838,1.0229031860596238
2013-07-08,1.011830312682838,1.0231297459055528
2013-07-09,1.0117147437323084,1.0232466054515734
2013-07-10,1.0107829515925415,1.024189018468592
2013-07-11,1.011391972688058,1.0248061170425846
2013-07-12,1.011391972688058,1.0252858026471272
2013-07-15,1.010618563044481,1.026069836877775
2013-07-16,1.010618563044481,1.0257570244756309
2013-07-17,1.010380813014705,1.0259983358586096
2013-07-18,1.0109371652429004,1.025433384057341
2013-07-19,1.0105225606650068,1.0250128343041296
2013-07-22,1.0115536276714179,1.0260586861789291
2013-07-23,1.0115536276714179,1.0263617588106708
2013-07-24,1.0115536276714179,1.026545386925971
2013-07-25,1.0115536276714179,1.027033511953625
2013-07-26,1.0116673634432072,1.0271489882328257
2013-07-29,1.0112631863686057,1.0275593504608125
2013-07-30,1.0115841418768916,1.0278854780585207
2013-07-31,1.011605592029393,1.027907273872972
2013-08-01,1.011605592029393,1.0276286364896463
2013-08-02,1.0112645472033326,1.0279750832000518
2013-08-05,1.0112645472033326,1.0275819104003945
2013-08-06,1.0112645472033326,1.0277626822973691
2013-08-07,1.0110684841108948,1.0279619440339154
2013-08-08,1.0111318037349866,1.027897566432497
2013-08-09,1.0114028376731379,1.0281730944343037
2013-08-12,1.0112424320342088,1.0283361597886798
2013-08-13,1.0107051307597636,1.028882543436863
2013-08-14,1.011108978874893,1.0292936547127542
2013-08-15,1.011108978874893,1.0299522800676206
2013-08-19,1.0113670283537137,1.030926866718704
2013-08-20,1.0113670283537137,1.0315577922812913
2013-08-21,1.0113670283537137,1.0315239419794706
2013-08-22,1.0112006424302875,1.031354239923925
2013-08-23,1.0115676736999666,1.0317285862606307
2013-08-26,1.011624266411486,1.0317863068855246
2013-08-27,1.011624266411486,1.0318973901850201
2013-08-28,1.011624266411486,1.031566377281561
2013-08-29,1.011624266411486,1.0317450804776078
2013-08-30,1.0116901510876521,1.0318122755744141
2013-09-02,1.0123596666277443,1.032495107518772
2013-09-03,1.0128127637600213,1.0329572165771714
2013-09-04,1.0125571414114192,1.0332179231550849
2013-09-05,1.0125571414114192,1.033341564122046
2013-09-06,1.0123728558541318,1.033529632447501
2013-09-09,1.0127185212317962,1.0338825216114698
2013-09-10,1.0127185212317962,1.0344804527735185
2013-09-11,1.012555015350468,1.0343134333751356
2013-09-12,1.012738799135158,1.0341257003290698
2013-09-13,1.0127758513906593,1.0340878656083088
2013-09-16,1.0125595713132824,1.0338670343125378
2013-09-17,1.0128521845581502,1.0341658050676052
2013-09-18,1.0126564053749134,1.0343657040654395
2013-09-19,1.0122645176354264,1.034765993082936
2013-09-20,1.0126209530702905,1.0344016344984932
2013-09-23,1.0126209530702905,1.035318463045921
2013-09-24,1.0125995396827314,1.0353403564063426
2013-09-25,1.0124679826890255,1.0354748678883385
2013-09-26,1.0124679826890255,1.0357027011581377
2013-09-27,1.0137050957475027,1.0344371980921543
2013-09-30,1.0137050957475027,1.034295420135144
2013-10-01,1.0131021521990407,1.0349106106411308
2013-10-02,1.0128339130918917,1.0351846239749043
2013-10-03,1.0119846440383466,1.0360526342720355
2013-10-04,1.0116714339249746,1.0363732934489822
2013-10-07,1.0121575632478113,1.0368712925329295
2013-10-08,1.0120324178124256,1.0367430914365245
2013-10-09,1.0120324178124256,1.0368555798836994
2013-10-10,1.0120324178124256,1.0368706105727508
2013-10-11,1.0120324178124256,1.037351871286535
2013-10-14,1.0126998804147591,1.0366677098235642
2013-10-16,1.0134502419223828,1.0361609952723567
2013-10-17,1.0135572987756793,1.0360515393453915
2013-10-18,1.0138952631251275,1.036397004258833
2013-10-21,1.0138952631251275,1.0360933009913333
2013-10-22,1.0138198005656525,1.0361704157143146
2013-10-23,1.0138198005656525,1.0372857477547515
2013-10-24,1.0137315093003763,1.0373760826161058
2013-10-25,1.0137315093003763,1.037150415614421
2013-10-28,1.0137315093003763,1.0370486662436398
2013-10-29,1.0137315093003763,1.0377577033513978
2013-10-30,1.0138419598732886,1.0378707716853972
2013-10-31,1.0138419598732886,1.0372647839119236
2013-11-01,1.0138419598732886,1.037329693601198
2013-11-04,1.0138419598732886,1.037463975839324
2013-11-05,1.0134216277445571,1.0370338501799943
2013-11-06,1.0140716479740444,1.0376990155591665
2013-11-07,1.0141646514021896,1.037794185921165
2013-11-08,1.013710620365674,1.0382587956561544
2013-11-11,1.0131115893228286,1.0376452583836724
2013-11-12,1.0132502919160256,1.037787319820609
2013-11-13,1.0132502919160256,1.0380756060830056
2013-11-14,1.0134314813159397,1.0382612347451756
2013-11-15,1.0144347398600326,1.037233395691463
2013-11-18,1.014111952731353,1.0369033541654677
2013-11-19,1.0136042746245795,1.0363842663760656
2013-11-20,1.0133386945179728,1.0366558151953045
2013-11-21,1.0132075936775666,1.0367899326915762
2013-11-22,1.0145980705229842,1.0382127727926231
2013-11-25,1.014329545314131,1.0379379976774838
2013-11-26,1.0151637833755183,1.0387916525739844
2013-11-27,1.0156635721751661,1.0393030739245352
2013-11-28,1.0156635721751661,1.0397224735430937
2013-11-29,1.0157139230003922,1.0397740170718597
2013-12-02,1.0162893724003255,1.040363097639371
2013-12-03,1.0157129123647801,1.040953212782294
2013-12-04,1.0157129123647801,1.040958332002451
2013-12-05,1.0156384630810242,1.0410346317140071
2013-12-06,1.0155251154002782,1.0409184497601225
2013-12-09,1.0155251154002782,1.0413011380844217
2013-12-10,1.0154646391448678,1.041239126822828
2013-12-11,1.0150866033458235,1.040851495732457
2013-12-13,1.0154772832130663,1.0418468750366288
2013-12-16,1.0151623295498484,1.042170007316621
2013-12-17,1.0145130846050967,1.0415034896680375
2013-12-18,1.014308654004419,1.0417133590006578
2013-12-19,1.0145308908570672,1.0419416002735207
2013-12-20,1.0145308908570672,1.0415980762360235
2013-12-23,1.0145308908570672,1.0426980296612296
2013-12-24,1.0147373987002695,1.042910270927767
2013-12-25,1.0147373987002695,1.0429272313689621
2013-12-26,1.014109201476321,1.04357288017659
2013-12-27,1.0145716767241104,1.0440487920662005
2013-12-30,1.015057825114136,1.0445490648916846
2013-12-31,1.01522704550193,1.0443749280164667
2014-01-01,1.01522704550193,1.0437706530227104
2014-01-02,1.01522704550193,1.043755380638709
2014-01-03,1.015123423967631,1.0436488472928394
2014-01-06,1.015123423967631,1.0450299334971183
2014-01-07,1.0155191076410999,1.0454372743910512
2014-01-08,1.0152694897925536,1.045694246220788
2014-01-09,1.014717508823976,1.0462627684985362
2014-01-10,1.0149989491219062,1.0465529581352764
2014-01-13,1.0146393455115543,1.0469237410040622
2014-01-14,1.0146393455115543,1.0467318808466226
2014-01-15,1.0146393455115543,1.0466303920208164
2014-01-16,1.0158332004615536,1.0478618885913578
2014-01-17,1.0164416149131992,1.0484894860316245
2014-01-20,1.0164416149131992,1.0485058873022801
2014-01-21,1.0162989105668796,1.048653093344481
2014-01-22,1.0150320647550504,1.049960269575364
2014-01-23,1.0150320647550504,1.0500713147741665
2014-01-24,1.014671421234621,1.0496982217174922
2014-01-27,1.0154314603544088,1.048911945790349
2014-01-28,1.0155481334927803,1.048791425742105
2014-01-29,1.0155481334927803,1.0485615214950783
2014-01-30,1.0156511787078017,1.0484551264913533
2014-01-31,1.0148850415004387,1.0492460087346818
2014-02-03,1.0147349568172168,1.0490908426336918
2014-02-04,1.0148352321082512,1.0491945129456879
2014-02-05,1.01441358963676,1.048758594923218
2014-02-06,1.01441358963676,1.0474034395131473
2014-02-07,1.0135047445171979,1.0483418412793883
2014-02-11,1.0135047445171979,1.048388056189545
2014-02-12,1.0135047445171979,1.0483887905575124
2014-02-13,1.0129684971677804,1.048943495124153
2014-02-14,1.013326574697622,1.04931428957307
2014-02-17,1.013326574697622,1.0499922389557503
2014-02-18,1.0135718338516582,1.049738105476277
2014-02-19,1.014406940100577,1.0506030099875638
2014-02-20,1.014524283057075,1.0504814799995243
2014-02-21,1.013953557190766,1.0510724337723683
2014-02-24,1.013953557190766,1.0518646353214738
2014-02-25,1.013953557190766,1.0521662393844315
2014-02-26,1.0143226729495969,1.0517832128275322
2014-02-27,1.0143226729495969,1.0520149501118774
2014-02-28,1.0143226729495969,1.0521067382927312
2014-03-03,1.013769761089214,1.0526802464174179
2014-03-04,1.0133976733490166,1.0522938772149877
2014-03-05,1.0132781418674133,1.0521697578790807
2014-03-06,1.012820928987941,1.0516949962664333
2014-03-07,1.011988959880377,1.0525588979912401
2014-03-10,1.0117920517622259,1.0527637000197834
2014-03-11,1.012061174526321,1.053043720678569
2014-03-12,1.0123006101097682,1.052794589357259
2014-03-13,1.0128879492047078,1.0534054231502006
2014-03-14,1.0128879492047078,1.0533684373085388
2014-03-17,1.0134144598153936,1.0539159901347324
2014-03-18,1.0138599939665178,1.0543793302434836
2014-03-19,1.0138599939665178,1.0545837819898045
2014-03-20,1.0139424338196463,1.054498030769107
2014-03-21,1.0142012638021216,1.0547672134147095
2014-03-24,1.0142244067261503,1.0547431448216606
2014-03-25,1.0142244067261503,1.0540303887713238
2014-03-26,1.0142244067261503,1.054031585703528
2014-03-27,1.0141970520652928,1.0540600140043743
2014-03-28,1.0141970520652928,1.054437572351796
2014-03-31,1.0135644992720825,1.0550952230817983
2014-04-01,1.013652051418151,1.0550040834935888
2014-04-02,1.0136210463906274,1.0549718136130115
2014-04-03,1.0138468614082394,1.0547367864502277
2014-04-04,1.0138468614082394,1.055229975027399
2014-04-07,1.0138468614082394,1.055744084532282
2014-04-08,1.014840861479675,1.0567791616582152
2014-04-10,1.014840861479675,1.0573210811052154
2014-04-11,1.014840861479675,1.05841436860526
2014-04-14,1.0146446239224707,1.0586190318762108
2014-04-15,1.0143059687366296,1.0589723642809978
2014-04-16,1.0142368400492254,1.0590445371477621
2014-04-17,1.0137061217536103,1.0595987019044952
2014-04-18,1.0137574360127064,1.0595450645423836
2014-04-21,1.0152752768333915,1.0611314605511204
2014-04-22,1.0152752768333915,1.0613260306288805
2014-04-23,1.0152752768333915,1.062680266090204
2014-04-24,1.0145969572466427,1.0619702745683097
2014-04-25,1.0150408204235113,1.0615056866386465
2014-04-28,1.0150408204235113,1.0614577817295785
2014-04-29,1.0156678124388385,1.0608021178977793
2014-04-30,1.0163572337035531,1.061522175704846
2014-05-01,1.0170517196345736,1.0607968281675368
2014-05-02,1.0170517196345736,1.0605600401925976
2014-05-05,1.0175090356200633,1.0610369196379477
2014-05-06,1.0171501976434607,1.0606627309791594
2014-05-07,1.0171501976434607,1.061386246980693
2014-05-08,1.017842888838401,1.0621090634432149
2014-05-09,1.0173831046713244,1.0625888437083568
2014-05-12,1.0176404310893439,1.0628576040010367
2014-05-13,1.0171447380274807,1.0633753223659483
2014-05-14,1.0171447380274807,1.0631427556703703
2014-05-15,1.0168146805519451,1.0634877392316588
2014-05-16,1.0167341174839635,1.0634034782186423
2014-05-19,1.0167341174839635,1.0640162385727052
2014-05-20,1.0177487778175462,1.0650780845882981
2014-05-21,1.0179711471127892,1.065310794927245
2014-05-22,1.0179711471127892,1.06645500361539
2014-05-23,1.0182493031540492,1.0667464076525561
2014-05-26,1.0182493031540492,1.0673192109632454
2014-05-27,1.0193115170249027,1.0662058085116042
2014-05-28,1.0194645283891455,1.0660457577296802
2014-05-29,1.0197108600338032,1.0663033447250776
2014-05-30,1.0192834432528661,1.065856398476913
2014-06-02,1.0196367671659612,1.066225866416376
2014-06-03,1.0196499450523675,1.066212086407844
2014-06-04,1.0198268458463617,1.0663970653465151
2014-06-05,1.0196272150309453,1.0661883184238587
2014-06-09,1.0197980848203672,1.0660803235267498
2014-06-10,1.0196824500710815,1.0659594408414768
2014-06-11,1.0185780748194384,1.0671139367589444
2014-06-12,1.0176994806020587,1.0680343965227066
2014-06-13,1.0181838483519587,1.0685427208633593
2014-06-16,1.0179103341104747,1.0682556787419748
2014-06-17,1.0187755046608318,1.069163640202359
2014-06-18,1.0197762268460582,1.0681134227898936
2014-06-19,1.020302315414783,1.0675623977247484
2014-06-20,1.0208338789703177,1.0681185831369702
2014-06-23,1.020524586691933,1.0684422017364006
2014-06-24,1.020524586691933,1.0687563682702408
2014-06-25,1.020524586691933,1.0696376442292943
2014-06-26,1.0199996134027196,1.070187882018447
2014-06-27,1.0199996134027196,1.070331757867874
2014-06-30,1.0193498724898709,1.0710135604139437
2014-07-01,1.019384773484111,1.071050230294533
2014-07-02,1.0198511615051662,1.0715402562497476
2014-07-03,1.0189179630912215,1.0725207519390738
2014-07-04,1.0189179630912215,1.073238168223565
2014-07-07,1.0191260371908863,1.073457335098297
2014-07-08,1.020270661661979,1.0722516887998135
2014-07-09,1.0204846555969966,1.0724765853560292
2014-07-10,1.0196648224222544,1.0733381876143155
2014-07-11,1.0195467377852683,1.073462488019175
2014-07-14,1.0186740096044289,1.0743813678798506
2014-07-15,1.0182890912161435,1.0739753997873804
2014-07-16,1.0182890912161435,1.074488515292326
2014-07-17,1.0181641430478034,1.0746203593561054
2014-07-18,1.0180767116031084,1.074528079922422
2014-07-21,1.0173459914919014,1.0752993177565724
2014-07-22,1.0162487820619301,1.0764590299502126
2014-07-23,1.0166906022838538,1.076927026936678
2014-07-24,1.0158096945890362,1.075993927621454
2014-07-25,1.0152461573176028,1.07659085309409
2014-07-28,1.0166895305406884,1.0781214399358867
2014-07-29,1.0166358802515898,1.0780645479101516
2014-07-30,1.0172081697030124,1.0774576787442032
2014-07-31,1.0174771247302024,1.0771727934395883
2014-08-01,1.0174130880633234,1.0771049997234763
2014-08-04,1.0170270646380966,1.0775136712514921
2014-08-06,1.015969473053199,1.078073656891338
2014-08-07,1.0162230110485806,1.0783426931577729
2014-08-08,1.0162230110485806,1.0778386787964327
2014-08-11,1.0160160077523603,1.0776191244694013
2014-08-12,1.0162689333745718,1.0778873854864364
2014-08-13,1.0164062956842757,1.0780330763523172
2014-08-14,1.015186171217014,1.07932717944727
2014-08-15,1.0149708824610322,1.0795560704746983
2014-08-18,1.014516446883437,1.0790727180013315
2014-08-19,1.013984395429622,1.07963862524724
2014-08-20,1.013984395429622,1.079782826821907
2014-08-21,1.0141044535926445,1.0796549779681814
2014-08-22,1.014248650551299,1.0798084956493905
2014-08-25,1.0143582566088005,1.0796918047846795
2014-08-26,1.014070015037143,1.0799986116358975
2014-08-27,1.0142383753596247,1.0801779177112558
2014-08-28,1.0140486075964015,1.079975812414999
2014-08-29,1.0140486075964015,1.080163591198165
2014-09-01,1.0142656487924187,1.0803947832692073
2014-09-02,1.0142665653668073,1.0803957596033553
2014-09-03,1.0142665653668073,1.07988189309221
2014-09-04,1.0142665653668073,1.0808891996318726
2014-09-05,1.0148336550302928,1.0802848603847608
2014-09-08,1.014364884561862,1.0807838639776461
2014-09-09,1.0146283726695375,1.081064604862371
2014-09-10,1.0146283726695375,1.0803949960528563
2014-09-11,1.015586651812063,1.0814153893498448
2014-09-12,1.0161531585067582,1.0820186161219967
2014-09-15,1.0162624938844629,1.0821350384477917
2014-09-16,1.0165395152335803,1.0824300158872642
2014-09-17,1.017379100474728,1.0815360100446036
2014-09-18,1.017379100474728,1.082009147785097
2014-09-19,1.0176624710982332,1.0823105198171186
2014-09-22,1.0176845408224346,1.0822870480911275
2014-09-23,1.0176845408224346,1.0828506255578312
2014-09-24,1.0176845408224346,1.0832790237833965
2014-09-25,1.0176845408224346,1.0833077175707266
2014-09-26,1.0178784204865459,1.0835140991437846
2014-09-29,1.017888271955325,1.0835245858631262
2014-09-30,1.017888271955325,1.0837354040155425
2014-10-01,1.0170737953769575,1.0846025690355527
2014-10-03,1.0163990921975012,1.0837619956365736
2014-10-06,1.0161001293617913,1.0840807725441266
2014-10-07,1.0161287513749677,1.0841113094698287
2014-10-08,1.0161287513749677,1.0842493707501129
2014-10-09,1.0158054128222254,1.0845943857119231
2014-10-10,1.0166819485407919,1.0836584921763768
2014-10-13,1.0166819485407919,1.084175363586129
2014-10-14,1.017258312667141,1.083560736969477
2014-10-15,1.017258312667141,1.084257355954891
2014-10-16,1.0175552681257416,1.083940842306028
2014-10-17,1.0175965213839195,1.0839847869376542
2014-10-20,1.0178701297608295,1.084276245597267
2014-10-21,1.0175104357297429,1.0846594061618489
2014-10-22,1.0168735650315526,1.0853383061210475
2014-10-23,1.0168735650315526,1.0852144552085135
2014-10-24,1.0164441141384535,1.0856727681522458
2014-10-27,1.0153820925718477,1.0868071225924123
2014-10-28,1.0161990356775192,1.0876815319329864
2014-10-29,1.016445593718099,1.0879454336076315
2014-10-30,1.016445593718099,1.087960869668519
2014-10-31,1.016445593718099,1.0878137152423664
2014-11-03,1.016881632638871,1.0873470605376516
2014-11-04,1.0179264493992304,1.0884642785074847
2014-11-05,1.0175332684136826,1.0888847052072819
2014-11-06,1.0184107070365016,1.0898236715544316
2014-11-07,1.0182110466388687,1.0896100105764894
2014-11-10,1.0177755918745404,1.0900760002865124
2014-11-11,1.0174583221801479,1.0897361924917133
2014-11-12,1.0170227615646472,1.0902026943192458
2014-11-13,1.0167541717562771,1.0899147781153828
2014-11-14,1.0167541717562771,1.0901501871396355
2014-11-17,1.0167541717562771,1.0896756171053288
2014-11-18,1.0164877163966035,1.0899611826004592
2014-11-19,1.0163880547804502,1.090068047928244
2014-11-20,1.0156692370542109,1.0908389741822202
2014-11-21,1.0153777525490166,1.0911520314719716
2014-11-24,1.0153777525490166,1.090502134177073
2014-11-25,1.0155844131700575,1.0902801834324072
2014-11-26,1.0152638539142012,1.0906243196752874
2014-11-27,1.0152638539142012,1.0907941699489503
2014-11-28,1.0162175859453135,1.0918188546505874
2014-12-02,1.0158221695323468,1.0926757124789022
2014-12-03,1.0171933340073815,1.0941506144495632
2014-12-04,1.0171933340073815,1.0947178040942498
2014-12-05,1.0171933340073815,1.0950681797276862
2014-12-08,1.0175121974165429,1.0954114548567873
2014-12-09,1.0182331143246843,1.096187564117377
2014-12-10,1.0182331143246843,1.0960583871772174
2014-12-11,1.0180260963539958,1.096281227880272
2014-12-12,1.0180260963539958,1.096407043489113
2014-12-15,1.0180260963539958,1.0969430656324777
2014-12-16,1.01794577631189,1.0968565192133488
2014-12-17,1.0180908700304445,1.0967001778886958
2014-12-18,1.0178418315806714,1.0969684452115909
2014-12-19,1.0184023238439908,1.0975725099174911
2014-12-22,1.0184383112512236,1.0976112949712535
2014-12-23,1.0178556140886685,1.0982392907763037
2014-12-24,1.0184112097449438,1.0988387637968975
2014-12-25,1.0184112097449438,1.098590324586749
2014-12-26,1.0194138095354004,1.0996718586652123
2014-12-29,1.019863305978221,1.0991869735438646
2014-12-30,1.020100224133596,1.0994423188912827
2014-12-31,1.0195788370087606,1.1000042588418948
2015-01-01,1.0195788370087606,1.1001317469248315
2015-01-02,1.0201276967654263,1.1007239699300566
2015-01-05,1.0195959888737105,1.1012976859690076
2015-01-06,1.0204062839382875,1.1004224607922621
2015-01-07,1.0201443846583433,1.1007048971655502
2015-01-08,1.0202106711556111,1.1006333760424072
2015-01-09,1.0205585327991515,1.1002580926367829
2015-01-12,1.0196986736637166,1.10118510166359
2015-01-13,1.0198306085317248,1.101327579745393
2015-01-14,1.019267663592624,1.1019355108881956
2015-01-15,1.0188682251259713,1.1015036759084926
2015-01-16,1.0201695832268647,1.102910580841297
2015-01-19,1.0201695832268647,1.1032612443974932
2015-01-20,1.020344597142706,1.1034505129992558
2015-01-21,1.0204256568521513,1.1033628510679618
2015-01-22,1.0203073396589912,1.1034907847343673
2015-01-23,1.0195769102189025,1.1042807645029202
2015-01-26,1.019177354807566,1.1047135139607294
2015-01-27,1.0192582884987007,1.1046257877745955
2015-01-29,1.0195485761230545,1.1051768366337702
2015-01-30,1.019436970855337,1.1050558580363632
2015-02-02,1.019436970855337,1.106480096941273
2015-02-03,1.0190601339466703,1.10688910951503
2015-02-04,1.0190601339466703,1.107092336444453
2015-02-05,1.0190601339466703,1.1078414776841414
2015-02-06,1.0186815139868022,1.1082530833213833
2015-02-09,1.0188547787078632,1.108064583619847
2015-02-10,1.0188547787078632,1.1072503727784513
2015-02-11,1.0188890693464792,1.1072131070923263
2015-02-12,1.0188890693464792,1.1074815591107938
2015-02-13,1.0188428854344864,1.1074313595037921
2015-02-16,1.019019249342121,1.1076230582679407
2015-02-17,1.0184457316449478,1.1082464433768326
2015-02-18,1.0189750655500154,1.108822450914026
2015-02-19,1.019478897002671,1.1093707073386123
2015-02-20,1.019478897002671,1.1092914588962477
2015-02-23,1.0198441002223047,1.1088940825371174
2015-02-24,1.0200574161806912,1.108662140415852
2015-02-25,1.0200574161806912,1.1085509391928083
2015-02-26,1.019883061828978,1.1087404193899797
2015-02-27,1.019883061828978,1.1084126591162817
2015-03-02,1.020614880328135,1.109208002150204
2015-03-03,1.0199711182931939,1.1085083592051515
2015-03-04,1.0199711182931939,1.1088269243137128
2015-03-05,1.0204550522053908,1.1093530166135912
2015-03-06,1.0210378041343735,1.1099865355608072
2015-03-09,1.021235631265016,1.1097714745214484
2015-03-10,1.0207562903133358,1.109250577190354
2015-03-11,1.020903854736062,1.1090902196959793
2015-03-12,1.0212222746013717,1.108744294507497
2015-03-13,1.0212222746013717,1.109102223637838
2015-03-16,1.0207692367143362,1.1095942471085358
2015-03-17,1.0212215802101818,1.1100859525035014
2015-03-18,1.021633591249558,1.1105338158036422
2015-03-19,1.0212050673773796,1.110068002761658
2015-03-20,1.0212050673773796,1.1106220680603474
2015-03-23,1.0216547851715816,1.1101329728505842
2015-03-24,1.0221741036437497,1.1095686799331215
2015-03-25,1.021246906629019,1.1085622087615226
2015-03-26,1.0206840149461196,1.1091732269621537
2015-03-30,1.020462141045454,1.1087189927679348
2015-03-31,1.020462141045454,1.109274472583272
2015-04-01,1.0193629211041095,1.1104693592641621
2015-04-02,1.0204052838065611,1.1116048840300214
2015-04-03,1.0209567020401358,1.1110041823173664
2015-04-06,1.0216644453923698,1.1117743480087892
2015-04-07,1.0216016150878158,1.111705976126812
2015-04-08,1.0214148357744477,1.1119092292108141
2015-04-09,1.0211249065494141,1.1122248453247003
2015-04-10,1.0207962860967232,1.1125827837412645
2015-04-13,1.0203897121322643,1.1121396520416926
2015-04-14,1.0197114537962775,1.1114004070445997
2015-04-15,1.0189625528685076,1.112216646572812
2015-04-16,1.01865859716413,1.1125484198978255
2015-04-17,1.01865859716413,1.1132190026708024
2015-04-20,1.0183162436897886,1.112844869085391
2015-04-21,1.01796520243471,1.112461241246817
2015-04-22,1.01796520243471,1.1120529612164691
2015-04-23,1.017544523606814,1.1115934001871097
2015-04-24,1.0167032710138315,1.1125124074723487
2015-04-27,1.0167032710138315,1.1117197187095278
2015-04-28,1.0167032710138315,1.1113070254627713
2015-04-29,1.0164958842085756,1.1110803414141999
2015-04-30,1.0170833130214227,1.1104382526304928
2015-05-01,1.0180563846375974,1.1115006394883986
2015-05-04,1.0174292459315095,1.1121853413216007
2015-05-05,1.0174292459315095,1.113018021585146
2015-05-06,1.0171398699176655,1.113334584844666
2015-05-07,1.0171398699176655,1.114281864444357
2015-05-08,1.0171943777436718,1.1142221508456813
2015-05-11,1.017191705565937,1.1142192237752135
2015-05-12,1.0171538455664169,1.114260695150812
2015-05-13,1.0168500589854879,1.1145934839893135
2015-05-14,1.0159278668682346,1.1156043206567197
2015-05-15,1.0165731489112986,1.1163129137160905
2015-05-18,1.016926620461392,1.1159247617602543
2015-05-19,1.016926620461392,1.1157940344948942
2015-05-20,1.016926620461392,1.1159891130581896
2015-05-21,1.0172713826929514,1.1163674598231108
2015-05-22,1.0159419640412581,1.1178263819440726
2015-05-25,1.01632424444511,1.1182469995933584
2015-05-27,1.0155867243453898,1.1182893413451487
2015-05-28,1.0158263368614504,1.1180254976808508
2015-05-29,1.0157055830965394,1.1178925952513583
2015-06-01,1.0152451378767435,1.1183993644473684
2015-06-02,1.0152451378767435,1.118292199003665
2015-06-03,1.0155218630890321,1.1179873862696517
2015-06-04,1.016007595159976,1.1185221284038782
2015-06-05,1.0169530688617425,1.1174812569947592
2015-06-08,1.018047899861475,1.1186843145981424
2015-06-09,1.018006645191775,1.118729647388381
2015-06-10,1.018292337607405,1.1190436066114455
2015-06-11,1.0179716836311907,1.1193959865408283
2015-06-12,1.0179716836311907,1.119599540325181
2015-06-15,1.0173448988100935,1.1202888993799243
2015-06-16,1.0175701405479674,1.1200408656807213
2015-06-17,1.0163254804583501,1.1214108647684524
2015-06-18,1.016322285517431,1.1214143900578681
2015-06-19,1.016330396192569,1.1214233394117712
2015-06-22,1.0161459580821464,1.1212198296058264
2015-06-23,1.0163177770604308,1.1214094154069831
2015-06-24,1.0163177770604308,1.121343084330949
2015-06-25,1.01659243813168,1.121646128614668
2015-06-26,1.0159401506448817,1.1223658228666296
2015-06-29,1.0152758749102035,1.123099685369346
2015-06-30,1.0159969382935943,1.122302043980409
2015-07-01,1.0157454108757618,1.1220241989156152
2015-07-02,1.0164614989937615,1.1228152122821033
2015-07-03,1.016321404705877,1.1226604597432752
2015-07-06,1.016321404705877,1.1231653964221138
2015-07-07,1.016140770635951,1.1229657726261213
2015-07-08,1.016140770635951,1.122903288934846
2015-07-09,1.0157187287537934,1.1224369045211524
2015-07-10,1.0157187287537934,1.1234115984273332
2015-07-13,1.0157187287537934,1.1239693548043252
2015-07-14,1.0157187287537934,1.124550018320942
2015-07-15,1.0157187287537934,1.1247061200566488
2015-07-16,1.0158277879763338,1.1248268814166271
2015-07-17,1.0166116047534128,1.1256948023294033
2015-07-20,1.0167814667637842,1.1255067139962638
2015-07-21,1.0168325155520448,1.1255632214718687
2015-07-22,1.0159244125130757,1.1265684286877449
2015-07-24,1.0157142103136827,1.1262992743849665
2015-07-27,1.0157142103136827,1.1267767050454451
2015-07-28,1.0157697838153492,1.1268383551892156
2015-07-29,1.0157697838153492,1.126800075077826
2015-07-30,1.0163376942205946,1.1274300618105129
2015-07-31,1.0158815035963256,1.1279361170583322
2015-08-03,1.0158815035963256,1.129636954231969
2015-08-04,1.01546157939632,1.1301039003202908
2015-08-05,1.0165009918902608,1.1312606591157761
2015-08-06,1.0168011182479681,1.1309266494650756
2015-08-07,1.0168191042618653,1.1309066447049816
2015-08-10,1.0169161847929589,1.1307986716965823
2015-08-11,1.0171763743152575,1.1310879993428569
2015-08-12,1.0171847049037614,1.1310972628579385
2015-08-13,1.0168053798189376,1.1306754578867182
2015-08-14,1.0184292221732723,1.132481151221907
2015-08-17,1.0188942408753197,1.131964055970152
2015-08-18,1.0190248809256917,1.1318189183931995
2015-08-19,1.018273626259891,1.1326533280913333
2015-08-20,1.018706714198196,1.1331350635326007
2015-08-21,1.0194699875632756,1.132286053900115
2015-08-24,1.018943955025783,1.1328702979812224
2015-08-25,1.0196390542286982,1.1336431150112947
2015-08-26,1.0204000786298122,1.1327970018018207
2015-08-27,1.020829876852314,1.132319861366391
2015-08-28,1.0204481472362243,1.132743281601017
2015-08-31,1.0205724105478788,1.1328812194588174
2015-09-01,1.0205724105478788,1.1332294373227316
2015-09-02,1.0205887295272806,1.1332113169545404
2015-09-03,1.0207320316278359,1.1330522013799762
2015-09-04,1.020830390821116,1.1331613839048886
2015-09-07,1.021061706147854,1.1334181529020908
2015-09-08,1.020609626646054,1.132916327095864
2015-09-09,1.021009888280346,1.1333606330564983
2015-09-10,1.0220603533069403,1.134526690037151
2015-09-11,1.022290952934952,1.1347826645809684
2015-09-14,1.0228997498217192,1.134106876390365
2015-09-15,1.021744009845434,1.1353882655535286
2015-09-16,1.0213095596244561,1.1358710378312344
2015-09-17,1.0212727358761435,1.1358300835203514
2015-09-18,1.0212727358761435,1.13579583294526
2015-09-22,1.0213246531949385,1.136313701996831
2015-09-23,1.0213246531949385,1.1354487022024233
2015-09-24,1.0209801135795833,1.1358317410900958
2015-09-25,1.0217132349808689,1.1366473324484163
2015-09-28,1.0217132349808689,1.1374226296396652
2015-09-29,1.0217351545312063,1.1374470315870333
2015-09-30,1.022183246201876,1.1369481933720402
2015-10-01,1.022183246201876,1.136894147735158
2015-10-02,1.022103526746953,1.136982813424113
2015-10-05,1.022103526746953,1.1376566708378133
2015-10-06,1.0212452265039043,1.1386120055681355
2015-10-07,1.0210555510528363,1.138400531634018
2015-10-08,1.020455136819079,1.1377311146936713
2015-10-09,1.0210887288144646,1.13843752235547
2015-10-12,1.0214816565032416,1.1379994373861102
2015-10-13,1.0214816565032416,1.137811696101242
2015-10-14,1.0214816565032416,1.137245742766978
2015-10-15,1.0223848658025791,1.138251312396114
2015-10-16,1.0230522228584429,1.1389943007462766
2015-10-19,1.0230522228584429,1.1387711493102766
2015-10-20,1.0230522228584429,1.1384984110603056
2015-10-21,1.0237299928829193,1.1377441581700916
2015-10-22,1.0238876336649523,1.1375689607253607
2015-10-23,1.024421984498437,1.1381626400533689
2015-10-26,1.0251505578243565,1.1389721062232179
2015-10-27,1.0254731793321574,1.1386136643383176
2015-10-28,1.024555603424896,1.1396324764214925
2015-10-29,1.025375628116586,1.1387203475267857
2015-10-30,1.0260968420450478,1.1395212842301163
2015-11-02,1.0259962212164617,1.139409540804825
2015-11-03,1.0259962212164617,1.1394047799125013
2015-11-04,1.0263062993440784,1.1397491325460167
2015-11-05,1.0271176972583855,1.1406502183812808
2015-11-06,1.0267500213466314,1.1410585353737301
2015-11-09,1.0266164473363417,1.141206980235066
2015-11-10,1.0268988930291567,1.1415209524074523
2015-11-11,1.0275123577398393,1.1422028918131333
2015-11-12,1.02744621615575,1.142276416095393
2015-11-13,1.02744621615575,1.142569724124382
2015-11-16,1.028402528544098,1.1436331896027208
2015-11-17,1.028402528544098,1.1433972496157991
2015-11-19,1.028402528544098,1.1447933854524084
2015-11-20,1.029063906324107,1.1455296155635022
2015-11-23,1.028244555871002,1.1464416971201374
2015-11-24,1.0274430808061166,1.1473353020785497
2015-11-25,1.0274430808061166,1.1481177972859287
2015-11-26,1.0267184510249687,1.1473080586602848
2015-11-27,1.027186740658086,1.1478313496066257
2015-11-30,1.0272685744486372,1.1477399043157803
2015-12-01,1.0276451788881797,1.1481606744572572
2015-12-02,1.0276451788881797,1.1482071422727533
2015-12-03,1.0275434548110283,1.148320800483122
2015-12-04,1.0282255943317768,1.1490831186087833
2015-12-07,1.02876727111091,1.1484777732000762
2015-12-08,1.0297125675244783,1.1474224792083683
2015-12-09,1.0305059454581815,1.148306550845784
2015-12-10,1.0298550959821349,1.1490318011175102
2015-12-11,1.0298117795351807,1.1490801302225035
2015-12-14,1.0291762086767857,1.1497893101515384
2015-12-15,1.0291762086767857,1.1496029348109014
2015-12-16,1.0291762086767857,1.1502656453640054
2015-12-17,1.0282628216113654,1.1492447922259177
2015-12-18,1.0282628216113654,1.1489588037426608
2015-12-21,1.0282628216113654,1.1486828541238256
2015-12-22,1.0277064045680535,1.148061274986701
2015-12-23,1.0280913220744001,1.1476312797262487
2015-12-24,1.0287045214326125,1.1483157780281823
2015-12-25,1.0282431574781568,1.1488307864657628
2015-12-28,1.0279075642059905,1.1492057365736157
2015-12-29,1.0278292835474683,1.1491182184105344
2015-12-30,1.0279262058647343,1.1492265780402158
2015-12-31,1.0279262058647343,1.150327833342646
2016-01-01,1.02835883240034,1.150811975436223
2016-01-04,1.0281237329571757,1.151075069646228
2016-01-05,1.0280572702712307,1.1511494804767544
2016-01-06,1.0286991246869996,1.1504307750129437
2016-01-07,1.0286991246869996,1.1516771596382092
2016-01-08,1.0290122641958792,1.1513265851976346
2016-01-11,1.0296207604896814,1.1506457595316781
2016-01-12,1.0296207604896814,1.149663845781812
2016-01-13,1.0290378619055447,1.1503147042858894
2016-01-14,1.0287733469305371,1.150610393566643
2016-01-18,1.0289761885057553,1.1505107434929294
2016-01-19,1.0286076591532876,1.1509228006270429
2016-01-20,1.0283166569445972,1.151248406871595
2016-01-21,1.0270876820637183,1.1526243015088566
2016-01-22,1.0270876820637183,1.1526618932954076
2016-01-25,1.0268720902045292,1.1529038439340256
2016-01-26,1.0275456205742333,1.1536600391404639
2016-01-27,1.0277901986796716,1.1533854430728603
2016-01-28,1.0285342771440056,1.154220447405816
2016-01-29,1.0289020301852843,1.1546331396118727
2016-02-01,1.0289020301852843,1.1540165627386734
2016-02-02,1.0289020301852843,1.1548988927145927
2016-02-03,1.0282993535478695,1.1555753716803208
2016-02-04,1.0286712244842589,1.1559932703146558
2016-02-05,1.0287189262867638,1.155939664302001
2016-02-08,1.0283506825555417,1.1563534484019848
2016-02-09,1.0270885423186689,1.1577726920899918
2016-02-10,1.027130080746518,1.1578195157623965
2016-02-11,1.027130080746518,1.1585957497529191
2016-02-12,1.0273241200118064,1.1588146247252935
2016-02-15,1.0273241200118064,1.1585706565248657
2016-02-16,1.0276297502141298,1.158225980314834
2016-02-17,1.0276297502141298,1.159367604483533
2016-02-18,1.0276297502141298,1.1589604078339004
2016-02-19,1.0274485472868298,1.1587560472473364
2016-02-22,1.0270015575646736,1.1582519324233158
2016-02-23,1.0272457747823385,1.1585273605005255
2016-02-24,1.0273233002760884,1.158614793720355
2016-02-25,1.0273233002760884,1.158731764607219
2016-02-26,1.0275946986681854,1.158425650711329
2016-02-29,1.0275946986681854,1.1586941356392804
2016-03-01,1.0275946986681854,1.1594008663526734
2016-03-02,1.0275946986681854,1.1586883409163447
2016-03-03,1.0275946986681854,1.1587916194782877
2016-03-04,1.027504096105671,1.1588937896143163
2016-03-07,1.0284526255804822,1.159963610086849
2016-03-08,1.0276773489655555,1.1608380233934985
2016-03-09,1.0277488845856582,1.160757218588444
2016-03-10,1.0277099627445614,1.1607132595935072
2016-03-11,1.0273497974997983,1.161120036398633
2016-03-14,1.0273294230263428,1.1610970089843893
2016-03-16,1.0274142291470914,1.1607412624364593
2016-03-17,1.0266878720615251,1.161561878519594
2016-03-18,1.0266878720615251,1.1617047909706453
2016-03-21,1.0266878720615251,1.1628708396753313
2016-03-22,1.0266878720615251,1.1631815201821578
2016-03-23,1.0266878720615251,1.1634478920779578
2016-03-24,1.0266878720615251,1.1634969167225229
2016-03-25,1.0258957863143565,1.164394550121815
2016-03-28,1.0253803517766011,1.1649795697453609
2016-03-29,1.0253803517766011,1.1653149000401088
2016-03-30,1.0241021282346139,1.1667675638603965
2016-03-31,1.0249847413713271,1.1657619958111147
2016-04-01,1.0246394212448804,1.165369247447601
2016-04-04,1.0244160770982562,1.1651152279411514
2016-04-05,1.0246527017548233,1.1653843519785771
2016-04-06,1.0246527017548233,1.166537176784027
2016-04-07,1.0239986835890955,1.165792596202424
2016-04-08,1.0233074282603054,1.1650056221981564
2016-04-11,1.0229721988367442,1.1653872711067732
2016-04-12,1.0229062494967835,1.1653121405006674
2016-04-13,1.0226685397336726,1.1655829434926377
2016-04-14,1.0236828826504714,1.166739037336085
2016-04-15,1.0242365548699741,1.1673700833400096
2016-04-18,1.0241238510891726,1.1672416295942794
2016-04-19,1.024275912161578,1.167414940677469
2016-04-20,1.024275912161578,1.167413182091235
2016-04-21,1.024275912161578,1.1672859914581024
2016-04-22,1.0246332753135339,1.1676932498893398
2016-04-25,1.0243352507758539,1.1680328848097887
2016-04-26,1.0243352507758539,1.1688439982838743
2016-04-27,1.0235697892923392,1.1697174477334036
2016-04-28,1.022986622483886,1.1703838804455866
2016-04-29,1.022986622483886,1.1697814484652238
2016-05-02,1.022986622483886,1.1709659631684604
2016-05-03,1.0227298823311874,1.1706720844670373
2016-05-04,1.0220839345744681,1.1699326976358912
2016-05-05,1.0227593586490757,1.1707058246589503
2016-05-06,1.0215058974754507,1.1721406042916538
2016-05-09,1.0215058974754507,1.172471049237447
2016-05-10,1.021592127293427,1.1725700226896887
2016-05-11,1.021592127293427,1.1730231528948944
2016-05-13,1.021592127293427,1.1719221386393575
2016-05-16,1.021318166559879,1.1716078638518124
2016-05-17,1.0220034018674549,1.1723939333659277
2016-05-18,1.0220034018674549,1.1729482736015857
2016-05-19,1.0219798472221016,1.1729753071521123
2016-05-20,1.0219969544303094,1.1729949419158079
2016-05-23,1.0219969544303094,1.172705245445399
2016-05-24,1.0219969544303094,1.172906944596597
2016-05-25,1.0223738207377293,1.1724744295022602
2016-05-26,1.023141504736529,1.1715940373792681
2016-05-27,1.023141504736529,1.1715837732978158
2016-05-30,1.0234562005305132,1.1719441266644322
2016-05-31,1.0229571924842855,1.1725155331873804
2016-06-01,1.0229571924842855,1.1728722817616688
2016-06-02,1.0228806281895921,1.1727844969162438
2016-06-03,1.0228806281895921,1.1730613717038425
2016-06-06,1.0228806281895921,1.1735717736181792
2016-06-07,1.0228806281895921,1.1740274586972084
2016-06-08,1.0227894554244175,1.1741321036839747
2016-06-09,1.0236532248991363,1.1751236855438296
2016-06-10,1.0237080517888315,1.1750607458928635
2016-06-13,1.0237080517888315,1.1752172856169967
2016-06-14,1.023636884036943,1.1751355850070897
2016-06-15,1.0239009273141924,1.1754387068034182
2016-06-16,1.0241032795649057,1.1752064063321985
2016-06-17,1.02467972559379,1.1758679051083156
2016-06-20,1.0238571152591869,1.1749239212793101
2016-06-21,1.0238571152591869,1.176051861083087
2016-06-22,1.0237187961603276,1.175892981068276
2016-06-23,1.0238074989775945,1.1759948694194682
2016-06-24,1.0235402654297217,1.1763018268128738
2016-06-27,1.0235402654297217,1.1767372992066738
2016-06-28,1.023182266762613,1.1763257175631552
2016-06-29,1.0241228248159944,1.1774070523976168
2016-06-30,1.0239896747881088,1.1772539733156349
2016-07-01,1.0251293614259391,1.1785642410417212
2016-07-04,1.0254332476131345,1.1789136109915554
2016-07-05,1.0260400933954574,1.1782159363703955
2016-07-06,1.025225753346473,1.1791510542371475
2016-07-07,1.0242468227697368,1.1802769594515023
2016-07-08,1.0240778778893236,1.180471640797186
2016-07-12,1.0240778778893236,1.180458567122903
2016-07-13,1.0240778778893236,1.181242086153323
2016-07-14,1.0246529843696919,1.1805787186562822
2016-07-15,1.0251951527324534,1.1799540462640004
2016-07-18,1.025532411928579,1.1803422166060542
2016-07-19,1.0263244406123824,1.1812538064118783
2016-07-20,1.0252976212748939,1.1800719830011623
2016-07-21,1.0248080718125123,1.1795085333326345
2016-07-22,1.0248080718125123,1.1799590462912282
2016-07-25,1.0248080718125123,1.18084184106254
2016-07-26,1.0248080718125123,1.1814453389066053
2016-07-27,1.0255420138823261,1.1822914606939519
2016-07-28,1.025392653237028,1.1821192709512507
2016-07-29,1.025392653237028,1.1822868109758407
2016-08-01,1.025392653237028,1.182421606977385
2016-08-02,1.025392653237028,1.183613518769881
2016-08-03,1.025392653237028,1.1830657914927127
2016-08-04,1.0257189576498769,1.1834422712609614
2016-08-05,1.0255686264085355,1.1832688238030902
2016-08-08,1.0255686264085355,1.1829467284315336
2016-08-09,1.0246372478050105,1.184021031255938
2016-08-10,1.0243625392405797,1.1843384711288774
2016-08-11,1.025122358747178,1.185216952563239
2016-08-12,1.025122358747178,1.1861809754656134
2016-08-15,1.0255061761119448,1.1857368559395345
2016-08-16,1.0264567172303811,1.18463779709087
2016-08-17,1.0278186794577175,1.1862096431372051
2016-08-18,1.027091295321233,1.1870491200743418
2016-08-19,1.0272849770140757,1.1872729654950076
2016-08-22,1.027678100785921,1.187727313837336
2016-08-23,1.027877016036262,1.187957207882746
2016-08-24,1.0266192130469771,1.1894108994274597
2016-08-25,1.0264256361178774,1.1896351719780047
2016-08-26,1.025780636139131,1.190382731892373
2016-08-29,1.0269977671844586,1.191795170115287
2016-08-30,1.0277156905401612,1.1909620450441536
2016-08-31,1.0277156905401612,1.190692335782509
2016-09-01,1.027549616403123,1.1904999253678745
2016-09-02,1.0277787500968332,1.1907653954151662
2016-09-05,1.0277787500968332,1.1904991913612424
2016-09-06,1.0277787500968332,1.1904873642143252
2016-09-08,1.0274648315062518,1.190919951734031
2016-09-09,1.027058739318123,1.1904492560233302
2016-09-12,1.0268028608339925,1.1907458411546417
2016-09-13,1.026602072814553,1.1909786877001869
2016-09-14,1.0257147092672538,1.1920081333842172
2016-09-15,1.025409954390468,1.1923622964751184
2016-09-16,1.025846713788525,1.1928701669484296
2016-09-19,1.026139729640876,1.1932108902397505
2016-09-20,1.0266020738661208,1.1937485111393862
2016-09-21,1.0271749220909967,1.1944146277711003
2016-09-22,1.0271749220909967,1.193581128601762
2016-09-23,1.0271762175214563,1.1935796233066882
2016-09-26,1.027784980991372,1.1928722396458222
2016-09-27,1.0286423561799911,1.1938673301369076
2016-09-28,1.028559850818537,1.1939630878655385
2016-09-29,1.0292094863948915,1.1947171916720543
2016-09-30,1.0285864945798509,1.1954403671203366
2016-10-03,1.0280294749369507,1.1960877446329818
2016-10-04,1.0278536631660093,1.1958831918358956
2016-10-05,1.0284304081168663,1.1965542208134852
2016-10-06,1.0285661850635694,1.1963962475783643
2016-10-07,1.02820254504832,1.195973272804323
2016-10-10,1.0288447200555317,1.1952263147766593
2016-10-11,1.028070694973296,1.1961255128077628
2016-10-12,1.0273723923359752,1.195313061286438
2016-10-13,1.0273723923359752,1.1951180763330014
2016-10-14,1.0284024386368467,1.196316304904077
2016-10-17,1.0284024386368467,1.196286139652068
2016-10-18,1.0284282890326286,1.1962560692545108
2016-10-19,1.0274497938637344,1.1973942436872922
2016-10-20,1.0274497938637344,1.1983358170390235
2016-10-21,1.0270757209578911,1.1987721059593512
2016-10-24,1.0270757209578911,1.1974648555188676
2016-10-25,1.0268358629615406,1.1977445053198357
2016-10-26,1.0273098500256745,1.1971916268880074
2016-10-27,1.0273098500256745,1.1976910763449127
2016-10-28,1.0270710150910622,1.1979695224922922
2016-10-31,1.0266490097815635,1.1974772980095822
2016-11-01,1.0273771553794617,1.1983266027036124
2016-11-02,1.027560718020439,1.1985407090761295
2016-11-03,1.0269405182938058,1.1992641063480294
2016-11-07,1.0269405182938058,1.1999628397935105
2016-11-08,1.0269405182938058,1.2000865652914672
2016-11-09,1.0267752429312598,1.1998934238790564
2016-11-10,1.0267752429312598,1.1996484423492717
2016-11-11,1.025830604694191,1.200752124773916
2016-11-14,1.025830604694191,1.2008667493613803
2016-11-15,1.0263078203502836,1.2003081070172605
2016-11-16,1.0263078203502836,1.1999602243708731
2016-11-17,1.0254353899682955,1.2009802709262634
2016-11-18,1.0254353899682955,1.2008036336971322
2016-11-21,1.024179252256463,1.202274593977564
2016-11-22,1.0244905269766753,1.2026399965055241
2016-11-23,1.025344640052239,1.2016373610304627
2016-11-24,1.0260729403881956,1.2024908817488154
2016-11-25,1.025719563545652,1.2029050164698998
2016-11-28,1.025719563545652,1.2027053472722322
2016-11-29,1.026795762354719,1.2039672419541652
2016-11-30,1.0271897932040677,1.2044292620094945
2016-12-01,1.0273956327000042,1.2041879053353692
2016-12-02,1.0265368269572885,1.2051944927253633
2016-12-05,1.0265368269572885,1.2055078539112887
2016-12-06,1.0269469184721454,1.2050262652054575
2016-12-07,1.0267023197766247,1.2047392514881605
2016-12-08,1.0267023197766247,1.2053292040523726
2016-12-09,1.0265418751805304,1.2055175629891157
2016-12-12,1.0266973890552427,1.2053349355563856
2016-12-13,1.0264699305698215,1.2056019700904064
2016-12-14,1.0265832169685183,1.2057350264044648
2016-12-15,1.0265832169685183,1.2059058778106464
2016-12-16,1.026400437592538,1.206120584928583
2016-12-19,1.0260911136813877,1.206484070682276
2016-12-20,1.0260911136813877,1.206595637893786
2016-12-21,1.025453514082029,1.2073454006439468
2016-12-22,1.0259726043351005,1.2079565655782503
2016-12-23,1.0259726043351005,1.208352098872624
2016-12-26,1.0261708730393047,1.2081185854202632
2016-12-27,1.0261708730393047,1.207872709756361
2016-12-28,1.025584137521788,1.208563337251326
2016-12-29,1.0257284147718617,1.2087333556715212
2016-12-30,1.0252881017647861,1.2092522269545272
2017-01-02,1.0252881017647861,1.2092963947434419
2017-01-04,1.0251892785970154,1.2098384356855354
2017-01-05,1.025364720381341,1.2096313946850745
2017-01-06,1.0251709424638709,1.2098599961260148
2017-01-09,1.0238371818801877,1.2114340395443055
2017-01-10,1.0238371818801877,1.2116146257185947
2017-01-11,1.0229483616194888,1.2105627908696979
2017-01-12,1.0227335592334612,1.2108169892101726
2017-01-13,1.0221708843265254,1.21148314153359
2017-01-16,1.0222635403782099,1.2115929580489087
2017-01-17,1.0222635403782099,1.2113236572606687
2017-01-18,1.022811303607699,1.2106745892539863
2017-01-19,1.022811303607699,1.2115236199424002
2017-01-20,1.0223892975188535,1.2110237522321077
2017-01-23,1.0219623196009566,1.2105179953726544
2017-01-24,1.022035688360673,1.2106049009289859
2017-01-25,1.0218942728805365,1.2107724080672102
2017-01-26,1.021688820338025,1.2105289814464317
2017-01-27,1.0214793074250685,1.21028074397131
2017-01-30,1.0214793074250685,1.2109839120740469
2017-01-31,1.021533449486161,1.210919725590314
2017-02-01,1.0218824397480586,1.2113334165882772
2017-02-02,1.021415482313449,1.2118869451769538
2017-02-03,1.021720725475134,1.2115247808969365
2017-02-06,1.0217771970281218,1.2114578186790284
2017-02-07,1.0218815174335785,1.211334132447621
2017-02-08,1.022282384036243,1.2118093180636456
2017-02-09,1.0232134942383013,1.2129130522535507
2017-02-10,1.0232134942383013,1.2131318616696738
2017-02-13,1.0232320080613024,1.2131538118381286
2017-02-14,1.0232320080613024,1.2124266124843543
2017-02-15,1.0232320080613024,1.2118276872916134
2017-02-16,1.0232320080613024,1.2126008069673342
2017-02-17,1.0226491386667074,1.2119100663604394
2017-02-20,1.022486015569617,1.2121033785297308
2017-02-21,1.0220944517055857,1.2116392001690732
2017-02-22,1.0222819088731188,1.2118614207790734
2017-02-23,1.0219605211417147,1.2122424090264636
2017-02-24,1.021976090371317,1.212223940915407
2017-02-27,1.021976090371317,1.212043421145282
2017-02-28,1.0216081394575656,1.2116070386422872
2017-03-01,1.0214524031625978,1.2114223384780392
2017-03-03,1.0209274561497894,1.2128881328098047
2017-03-06,1.0209872174517935,1.2129591307769623
2017-03-07,1.020545278868873,1.2134841652046549
2017-03-08,1.0210141735540914,1.2140417066361255
2017-03-09,1.0210141735540914,1.2138415735292436
2017-03-10,1.0213133721993146,1.2134858686196326
2017-03-13,1.0213133721993146,1.2142725932233562
2017-03-14,1.022001021222013,1.2150901614494742
2017-03-15,1.0227440671135775,1.2159735928097148
2017-03-16,1.022962302336358,1.2162330597442639
2017-03-17,1.0231348273934142,1.2164381803802313
2017-03-20,1.0226947619451274,1.2159149722957936
2017-03-21,1.0225685787538659,1.216064995584478
2017-03-22,1.0225385377382443,1.2160292700318958
2017-03-23,1.0233506372402958,1.216995039759125
2017-03-24,1.0227655315637205,1.2176908625594578
2017-03-27,1.0227097381661043,1.2176244356919386
2017-03-28,1.0227097381661043,1.2189371709735108
2017-03-29,1.0229383855496608,1.2186646529906837
2017-03-30,1.0228936039958534,1.2186113030553385
2017-03-31,1.024201078869624,1.2170536594710852
2017-04-03,1.024201078869624,1.2160968335653628
2017-04-04,1.024201078869624,1.2165614022597484
2017-04-05,1.023992277952464,1.2168094191207088
2017-04-06,1.0241261537592226,1.2166503345786044
2017-04-07,1.023824365614994,1.2162918136626997
2017-04-10,1.0230012823583101,1.2172696273001649
2017-04-11,1.0230012823583101,1.2189721381276188
2017-04-12,1.023673390560077,1.2197729984841885
2017-04-13,1.024071771637763,1.2192983016852394
2017-04-14,1.0243537557515259,1.2196340425586194
2017-04-17,1.0242890309907777,1.2197111062889583
2017-04-18,1.0242890309907777,1.220521764653026
2017-04-19,1.0230388507661168,1.2220114537229771
2017-04-20,1.0232981149730733,1.221701764770105
2017-04-21,1.0235163885306204,1.2219623586151989
2017-04-24,1.0235163885306204,1.2233889325975613
2017-04-25,1.0230925672847317,1.2228823474295756
2017-04-26,1.0228515150874318,1.2225942224970783
2017-04-27,1.0233166703038348,1.2231502133439904
2017-04-28,1.0233693806855755,1.2230872096653223
2017-05-02,1.0228921496132248,1.2237658800110809
2017-05-03,1.0228921496132248,1.2246550959609863
2017-05-04,1.0228921496132248,1.2252617170704114
2017-05-05,1.022533433185541,1.2248320319796697
2017-05-08,1.0222485039899873,1.2244907322292322
2017-05-09,1.0222893423246913,1.2244418144150517
2017-05-10,1.0222893423246913,1.2251319577718736
2017-05-11,1.0222893423246913,1.225438015908073
2017-05-12,1.021195382586777,1.226749366613994
2017-05-15,1.0212909021868093,1.2268641131265976
2017-05-16,1.021887271736965,1.2261477017714384
2017-05-17,1.021887271736965,1.226753596840169
2017-05-18,1.0218878151138884,1.2267542491524286
2017-05-19,1.0218878151138884,1.226782519596367
2017-05-22,1.0215904850838795,1.226425573092092
2017-05-23,1.0208847703247568,1.2272727879404424
2017-05-24,1.0217745710783994,1.22834247600258
2017-05-25,1.0229000517072697,1.229695490357694
2017-05-26,1.022874921148823,1.2297257014563645
2017-05-29,1.0238317761294857,1.2285753465713645
2017-05-30,1.023653317008237,1.2283611995973704
2017-05-31,1.0238146650464848,1.2285548136525606
2017-06-01,1.023836414210266,1.2285287151400381
2017-06-02,1.0232846761008296,1.2291907604641465
2017-06-05,1.0232846761008296,1.2299482622586817
2017-06-06,1.0235672030922234,1.2296086758364264
2017-06-07,1.0235672030922234,1.2294697771508007
2017-06-08,1.023842348486711,1.229800271275488
2017-06-09,1.0232160898971423,1.2305525091414824
2017-06-12,1.0226870221923798,1.2299162353396635
2017-06-13,1.0229255740666372,1.2296293451995197
2017-06-14,1.0234957847275863,1.2303147789978568
2017-06-15,1.0238264648950688,1.2299172779008851
2017-06-16,1.0242072438514092,1.2303747056325585
2017-06-19,1.0237636072914507,1.2309076438685882
2017-06-20,1.0248394755322918,1.2322011987791308
2017-06-21,1.025775528892268,1.2333266492519328
2017-06-22,1.0260916225299197,1.2329465985527357
2017-06-23,1.0257310385045022,1.23337987452719
2017-06-26,1.0259473719494652,1.2336400024819738
2017-06-27,1.0251237259545838,1.2346303872472655
2017-06-29,1.0255872579236975,1.235540359593253
2017-06-30,1.0255872579236975,1.2355885134882763
2017-07-03,1.0260705149387317,1.236170723156177
2017-07-04,1.0256635679299173,1.2366609974315297
2017-07-05,1.0258706229073287,1.2364113475240015
2017-07-06,1.0257308218385301,1.236579840142855
2017-07-07,1.0257308218385301,1.2362115534099354
2017-07-10,1.0257308218385301,1.2364935942719744
2017-07-11,1.0257016065655757,1.2365288125739828
2017-07-12,1.0260115088922617,1.23615521156412
2017-07-13,1.0260115088922617,1.2358155254120187
2017-07-14,1.0260115088922617,1.2363342472234593
2017-07-17,1.0260011400335063,1.23634674160103
2017-07-18,1.0258655661633738,1.23651011014522
2017-07-19,1.0258655661633738,1.2367994322856748
2017-07-20,1.0253360648782757,1.2374378072447378
2017-07-21,1.0253410197142447,1.237443787041574
2017-07-24,1.025397880413346,1.2373751640981077
2017-07-25,1.0262491074583682,1.2384023626369758
2017-07-26,1.0257354375235737,1.2390222219442744
2017-07-27,1.0262218625498085,1.2396097919889146
2017-07-28,1.0269503988896367,1.240489816877906
2017-07-31,1.0274264077594608,1.2410648048777149
2017-08-01,1.0274859315391889,1.2411367057627962
2017-08-02,1.0278119723688974,1.2415305420469802
2017-08-03,1.0278119723688974,1.241170246726349
2017-08-04,1.0277606579719123,1.2411082802339566
2017-08-07,1.0277606579719123,1.2421827235730123
2017-08-08,1.0278085721485057,1.242124813044995
2017-08-09,1.0280343895280126,1.2418519087533755
2017-08-10,1.0282881207638872,1.2421584127213272
2017-08-11,1.0282881207638872,1.242011108439075
2017-08-14,1.0282881207638872,1.2425956718585842
2017-08-15,1.0283366831089427,1.2426543551775517
2017-08-16,1.0280549476598206,1.2429948076661288
2017-08-17,1.0272502659578102,1.2439677276250278
2017-08-18,1.0272502659578102,1.2439441586615192
2017-08-21,1.0269338409651296,1.2435609852184513
2017-08-22,1.0265570575236218,1.244017249457728
2017-08-23,1.0261398273399387,1.2445228633850711
2017-08-24,1.0260924605532853,1.2445803107693207
2017-08-28,1.02589293625262,1.2448198442231948
2017-08-29,1.02589293625262,1.2446460158798138
2017-08-30,1.026204484292583,1.2450239958940945
2017-08-31,1.0269234525004918,1.244151720743447
2017-09-01,1.0265358082728269,1.2446213645437818
2017-09-04,1.0264559118339187,1.2447182348273265
2017-09-05,1.0264559118339187,1.244179117756915
2017-09-06,1.0264559118339187,1.2443169878953468
2017-09-07,1.026251669063833,1.2445645803594192
2017-09-08,1.0267112499776534,1.2451219272017118
2017-09-11,1.027399022366783,1.2442878460687272
2017-09-12,1.0264283896321729,1.2454633839935052
2017-09-13,1.0269551491992879,1.2461025515765891
2017-09-14,1.027105368756412,1.2462848272812048
2017-09-15,1.02675957119632,1.245865238146961
2017-09-18,1.0265914134461664,1.2460692799706932
2017-09-19,1.0261019922985763,1.246663335842379
2017-09-20,1.0261015216506606,1.2466627640283634
2017-09-21,1.0268131375781095,1.247527342298955
2017-09-22,1.0268131375781095,1.2479495596754844
2017-09-25,1.02605132026392,1.2470236759416258
2017-09-26,1.02605132026392,1.2477832102761681
2017-09-27,1.0255009915979363,1.2471139544056413
2017-09-28,1.0252637348008118,1.2468254259060145
2017-09-29,1.0255860968029307,1.246433400784141
2017-10-02,1.0252304879429213,1.2468655856217792
2017-10-03,1.0252304879429213,1.2470831724812115
2017-10-04,1.0246777380984355,1.2477555335139319
2017-10-05,1.0246777380984355,1.2478620949972516
2017-10-06,1.0246777380984355,1.2478206789228767
2017-10-09,1.0248556746362278,1.2476039933415102
2017-10-10,1.0248556746362278,1.2483588173072597
2017-10-11,1.0242690327696198,1.2490733955302293
2017-10-12,1.0246895486010923,1.24958620527131
2017-10-13,1.025397410630661,1.250449427335585
2017-10-16,1.025454064603099,1.2503803390712136
2017-10-17,1.0259757332863115,1.2510164321810993
2017-10-18,1.0259757332863115,1.2510919649688037
2017-10-19,1.0259757332863115,1.2508908048783536
2017-10-20,1.0264183154317483,1.251430410171314
2017-10-23,1.0264183154317483,1.2516652050255992
2017-10-25,1.0270520121970157,1.2524846438004609
2017-10-26,1.026467834850462,1.253197045068484
2017-10-27,1.0260598110010692,1.2526988957207739
2017-10-30,1.0267593736365295,1.2518448116493266
2017-10-31,1.0266708150752417,1.251736839345083
2017-11-01,1.027027317178512,1.2513021851117931
2017-11-02,1.027967321876201,1.2524474613011987
2017-11-03,1.0279529143096169,1.252465015088958
2017-11-06,1.0284606380493109,1.2530836292418484
2017-11-07,1.0284606380493109,1.2540157461018113
2017-11-08,1.0289823240141707,1.2546518447430732
2017-11-09,1.0289823240141707,1.2542321363474513
2017-11-10,1.0287836735890625,1.2539900002667288
2017-11-13,1.0290995402270875,1.2543750118252028
2017-11-14,1.028293824025437,1.2553571036739175
2017-11-15,1.028194061425716,1.2554788954082592
2017-11-16,1.0282694286888363,1.255386868025684
2017-11-17,1.0284024817019553,1.2552244271315365
2017-11-20,1.029161375749002,1.2561507010003832
2017-11-21,1.029161375749002,1.2568704380573479
2017-11-22,1.0289409000269267,1.2571396955556524
2017-11-23,1.0289409000269267,1.2562294753937384
2017-11-24,1.027715505441474,1.2577255543203254
2017-11-27,1.02768694568378,1.2576906026854746
2017-11-28,1.0278826618355987,1.2574510838651083
2017-11-29,1.028300192186139,1.256940301835868
2017-11-30,1.027811119310778,1.256342484766254
2017-12-01,1.0276357944327725,1.2561281768173167
2017-12-04,1.0267475041034146,1.2572139763952856
2017-12-05,1.0273753425249073,1.2579827410966986
2017-12-06,1.0273753425249073,1.258391853488628
2017-12-07,1.0273753425249073,1.2581406276836602
2017-12-08,1.0269765300668083,1.2576522354324624
2017-12-11,1.027141091101255,1.2578537595635189
2017-12-12,1.0269345216993593,1.258106727827603
2017-12-13,1.0267529705406628,1.2583291477865923
2017-12-14,1.0260745361622112,1.2591605977826088
2017-12-15,1.0265282515216363,1.2597173804363657
2017-12-18,1.0259142214239796,1.2589638654844073
2017-12-19,1.0251159606300853,1.2599434615108187
2017-12-20,1.0256672805067462,1.2592658485377723
2017-12-22,1.0257177349079534,1.2595026268215004
2017-12-25,1.026519457427377,1.260487080521413
2017-12-26,1.0267167844201646,1.2607293829183595
2017-12-27,1.0273965873694968,1.2615641287468322
2017-12-28,1.0267537903858395,1.2623534340906675
2017-12-29,1.0266424463468433,1.262216540970517
2018-01-01,1.0264399987655435,1.2619676396254524
2018-01-02,1.0257867901647733,1.262770733929151
2018-01-03,1.0257867901647733,1.2636808469399738
2018-01-04,1.0259726916732061,1.263451832316393
2018-01-05,1.0262778474012346,1.2638276216203859
2018-01-08,1.0270110427790937,1.2629247154795886
2018-01-09,1.0268057591876696,1.2626722764010463
2018-01-10,1.0268057591876696,1.2632158746883864
2018-01-11,1.0257968377515585,1.2619746607947118
2018-01-12,1.0257968377515585,1.2622167451067445
2018-01-15,1.0261325587008645,1.2626298411393135
2018-01-16,1.0251496624263754,1.26383926983972
2018-01-17,1.0251496624263754,1.2644290064061958
2018-01-18,1.0251741614676075,1.264459223748598
2018-01-19,1.0248519854168348,1.2640618488494029
2018-01-22,1.0248993255077925,1.2640034591465459
2018-01-23,1.0245774956133649,1.2644003704232822
2018-01-24,1.0243813067714496,1.2646424811913333
2018-01-25,1.02417592544102,1.2648960332169195
2018-01-26,1.024508507486991,1.2644852818018373
2018-01-29,1.0244095646178315,1.26436316295082
2018-01-30,1.0245519148690352,1.264538856755403
2018-01-31,1.024718641577842,1.2647446368615014
2018-02-01,1.0247640243382539,1.2646886238248414
2018-02-02,1.0246346141429574,1.2645289152500756
2018-02-05,1.0256137467486104,1.2657372889226242
2018-02-06,1.0256137467486104,1.2663469634202464
2018-02-07,1.0256137467486104,1.2668575198830219
2018-02-08,1.0258752267499551,1.2665345348342616
2018-02-09,1.0263981505294715,1.2658889387533991
2018-02-12,1.0263981505294715,1.2663358049896996
2018-02-13,1.0272639830442762,1.267404040268627
2018-02-14,1.027673896430699,1.2679097777330837
2018-02-15,1.0282178649173233,1.267238647557096
2018-02-16,1.0285621761169847,1.2668142973547845
2018-02-20,1.0285621761169847,1.2669369994958948
2018-02-21,1.0289940424675703,1.2674689531989367
2018-02-22,1.0293803812434914,1.2669930783311654
2018-02-23,1.030024455781546,1.2677858251102119
2018-02-26,1.0309149133592623,1.2666898224973082
2018-02-27,1.0312395957608598,1.2662908837601556
2018-02-28,1.0320525945432586,1.2672891900227272
2018-03-01,1.032400513590392,1.2677164105440129
2018-03-02,1.032400513590392,1.268142392574044
2018-03-05,1.032400513590392,1.2684809867461873
2018-03-06,1.0321134539856274,1.2681282848190636
2018-03-07,1.032269426518638,1.2683199238099148
2018-03-08,1.0319949774971187,1.268657131474039
2018-03-09,1.032158729117308,1.2684558275285027
2018-03-12,1.0320521120565314,1.2685868529495363
2018-03-13,1.0320521120565314,1.2687247031902809
2018-03-14,1.0320521120565314,1.269227036494374
2018-03-15,1.0321716352446062,1.2690800457949507
2018-03-16,1.0317479082949195,1.2696010283509047
2018-03-19,1.0303143227451295,1.2713651043171457
2018-03-20,1.0297177266064141,1.270628929447605
2018-03-21,1.0296012429157948,1.2704851934087997
2018-03-22,1.02935444354352,1.2707897335891607
2018-03-23,1.028435397004927,1.2719243426766915
2018-03-26,1.028210778682808,1.2722021408860358
2018-03-27,1.0285175925272922,1.2725817607440442
2018-03-28,1.0285175925272922,1.2731217119059088
2018-03-29,1.0282290179862623,1.2727645079880006
2018-03-30,1.0282290179862623,1.2727758044064232
2018-04-02,1.0282734231009922,1.2727208382902844
2018-04-03,1.028411081636928,1.2725504547295328
2018-04-04,1.0274672625493961,1.2737183314963891
2018-04-05,1.0270635036470441,1.2732178044877187
2018-04-06,1.027418567502261,1.2727776431728763
2018-04-09,1.027418567502261,1.2713013898089995
2018-04-10,1.0259415428332135,1.2731290222598197
2018-04-11,1.0258419394609122,1.2732526237894368
2018-04-12,1.0245321469475945,1.2748783096675924
2018-04-13,1.0245537469699046,1.2749051876918824
2018-04-16,1.0253424157997901,1.275886569084089
2018-04-17,1.0253424157997901,1.2752279734002712
2018-04-19,1.0244166297239845,1.2768585999907902
2018-04-20,1.024416194037149,1.2768580569397827
2018-04-23,1.0255060162492609,1.278216438699332
2018-04-24,1.0256731194271693,1.2784247202945418
2018-04-25,1.0267037956201546,1.2797093809712954
2018-04-26,1.0267037956201546,1.2798881807869444
2018-04-27,1.0267037956201546,1.2814262041680273
2018-04-30,1.0266838931139872,1.2814510444316363
2018-05-01,1.02714662997018,1.2808734814332858
2018-05-02,1.026790931362333,1.281317045089029
2018-05-03,1.0266319131665103,1.281515481517092
2018-05-04,1.0269959424770336,1.2819698889743105
2018-05-07,1.0268105960169016,1.2817385262482377
2018-05-08,1.0265833558430175,1.2814548687882266
2018-05-09,1.0275804120901653,1.2826994658052062
2018-05-10,1.0276577834756035,1.2826028853005542
2018-05-11,1.0288978578618002,1.2841506018763427
2018-05-14,1.0296758416054508,1.2851215906727766
2018-05-15,1.0294956966893951,1.28534642659853
2018-05-16,1.0294775004585028,1.285323708232217
2018-05-17,1.0294689194117552,1.2853344218445315
2018-05-18,1.0286616363939347,1.2863423480008336
2018-05-21,1.029244080558153,1.2870706949783748
2018-05-22,1.0292880317173412,1.2870157340122932
2018-05-23,1.0294887683600957,1.2867647340884074
2018-05-24,1.0298710552252264,1.2872425569374502
2018-05-25,1.0298710552252264,1.2874358164110966
2018-05-28,1.0298710552252264,1.2870124510716363
2018-05-29,1.0298710552252264,1.287585100517755
2018-05-30,1.030117732559377,1.287893506175411
2018-05-31,1.030117732559377,1.2866497248433506
2018-06-01,1.0292294882964175,1.2877591701042252
2018-06-04,1.0292294882964175,1.288978237523539
2018-06-05,1.0287972266398118,1.2884368851093142
2018-06-06,1.0290678282637047,1.2887757790180125
2018-06-07,1.0291657188309051,1.2888983744277
2018-06-08,1.0291657188309051,1.2894732100607018
2018-06-11,1.0291657188309051,1.2896608164015562
2018-06-12,1.0291657188309051,1.2889677200870477
2018-06-13,1.028822714239244,1.2885381276138403
2018-06-14,1.0290043952798107,1.2883105831160426
2018-06-18,1.0282253846551401,1.290377319618583
2018-06-19,1.0265194353845473,1.2925182103999668
2018-06-20,1.0271412554555845,1.2933011607637919
2018-06-21,1.027539661649997,1.2927995168166206
2018-06-22,1.0270858330052939,1.2922285320902036
2018-06-25,1.0269556354324374,1.2923923402287714
2018-06-26,1.0266152525056014,1.2928207017589188
2018-06-27,1.0270575197853038,1.2933776507166852
2018-06-28,1.027270723446574,1.2931091624916093
2018-06-29,1.027270723446574,1.292832608860646
2018-07-02,1.027270723446574,1.2938529400766532
2018-07-03,1.0270044586114682,1.294188302052691
2018-07-04,1.0266424904864757,1.2937321648770896
2018-07-05,1.026160063453199,1.2943400993586058
2018-07-06,1.02619947435347,1.294389810032787
2018-07-09,1.0274394947457224,1.2928257186450227
2018-07-10,1.0271776277597127,1.293155225517309
2018-07-11,1.0270812415251285,1.2932765700243858
2018-07-12,1.027797118646634,1.2941779856776254
2018-07-13,1.0279205448928843,1.2943334011072412
2018-07-16,1.027765320751896,1.294137946515602
2018-07-17,1.027765320751896,1.2942036210222965
2018-07-18,1.028751019005471,1.2954448520925166
2018-07-19,1.0281183671450707,1.2962415128788305
2018-07-20,1.027846807948592,1.2958991337180954
2018-07-23,1.027846807948592,1.2963947195274488
2018-07-24,1.027814893981871,1.2964349717300305
2018-07-25,1.027814893981871,1.2972672574641808
2018-07-26,1.028029798617468,1.2975385015849554
2018-07-27,1.027598767097216,1.2980825325008647
2018-07-30,1.0266965946613484,1.2992221740786873
2018-07-31,1.0264462018519331,1.299539030968945
2018-08-01,1.0271633538384473,1.3004469860044163
2018-08-02,1.0278649371235655,1.3013352301820864
2018-08-03,1.0278649371235655,1.3016759984339659
2018-08-06,1.0278464661182298,1.3016526069712901
2018-08-07,1.0289217475391066,1.3030143306438908
2018-08-08,1.0289236798372967,1.303016777683463
2018-08-09,1.0288244603377716,1.3031424280840593
2018-08-10,1.0288244603377716,1.3042632662806777
2018-08-13,1.0288244603377716,1.3056864981114629
2018-08-15,1.0288810206214474,1.306020429623956
2018-08-16,1.0288810206214474,1.3057577578120487
2018-08-17,1.028225586006389,1.3065895729745387
2018-08-20,1.0271257612267473,1.3079871452667828
2018-08-21,1.027367854115472,1.3082954370051132
2018-08-22,1.0272216704451393,1.308481593724048
2018-08-23,1.0271097731328984,1.308339058205506
2018-08-24,1.0271097731328984,1.3092162936983405
2018-08-27,1.0278317563214077,1.3082960102204708
2018-08-28,1.0289515720921805,1.3097213899054958
2018-08-29,1.028790904423341,1.3099258989302671
2018-08-30,1.028790904423341,1.3108549212177043
2018-08-31,1.0282106476558914,1.3101155752185216
2018-09-03,1.028101792082472,1.3099768746686768
2018-09-04,1.0279229956671054,1.3102046917692864
2018-09-05,1.0286340531628957,1.3111110153665102
2018-09-06,1.0278051145963853,1.3121675917867366
2018-09-07,1.028028494464606,1.3118824094894563
2018-09-10,1.0283678576589657,1.3123154758952082
2018-09-11,1.0283678576589657,1.3124606384802608
2018-09-12,1.028401516350631,1.3124176813733999
2018-09-13,1.0275625919740332,1.3134882935493613
2018-09-14,1.0272904440950807,1.313836168273403
2018-09-17,1.0278138482955217,1.3145055674419812
2018-09-18,1.0283666621608398,1.3152125796163403
2018-09-19,1.0287410613591088,1.315691411295235
2018-09-20,1.0287410613591088,1.3166199849941054
2018-09-21,1.0287410613591088,1.3178000893989552
2018-09-24,1.0281106172422707,1.3169925010322259
2018-09-25,1.0283152562978077,1.3172546402388838
2018-09-26,1.0278348990713857,1.317869969809851
2018-09-27,1.0278348990713857,1.3183576830644783
2018-09-28,1.0278348990713857,1.3188599521321076
2018-10-01,1.0281539134762017,1.318450610784538
2018-10-02,1.028650955618178,1.3190879915376381
2018-10-03,1.028623646899391,1.3191230108051741
2018-10-04,1.028606840704489,1.3191445633316847
2018-10-05,1.028606840704489,1.320056021982983
2018-10-08,1.0278902286946379,1.3191363625352766
2018-10-09,1.0263695698407467,1.3210878903669268
2018-10-10,1.0266409861736612,1.3207385378128398
2018-10-12,1.027031536550219,1.322119208382536
2018-10-15,1.028333375074703,1.3237950923823731
2018-10-16,1.0276627303087558,1.324658427436366
2018-10-17,1.0272037032196986,1.325250113875903
2018-10-18,1.0265511209273015,1.3260920449890812
2018-10-19,1.026639458663606,1.326206159100885
2018-10-22,1.027070383190214,1.3256494936070036
2018-10-23,1.0270380942664064,1.3256911692274822
2018-10-24,1.0270380942664064,1.3264855990141355
2018-10-25,1.0270380942664064,1.3277447379593106
2018-10-26,1.0277090607830341,1.3286121568669178
2018-10-29,1.0277090607830341,1.3283835592219932
2018-10-30,1.0277090607830341,1.3290035570489378
2018-10-31,1.0270919018952027,1.3282054650708761
2018-11-01,1.026779794822282,1.3286090728874456
2018-11-02,1.027544776105551,1.3295989259003946
2018-11-05,1.0276351098823484,1.329715813938167
2018-11-06,1.027336733098459,1.3293297271606384
2018-11-07,1.0277177861061684,1.3298227934303941
2018-11-08,1.0270306116646606,1.3307119677229227
2018-11-09,1.026806122442472,1.3310028358734902
2018-11-12,1.0270461380932043,1.3313139574229205
2018-11-13,1.0272057408409356,1.3311070715218718
2018-11-14,1.0276557503913968,1.3316902174984322
2018-11-15,1.0276557503913968,1.3321487083582224
2018-11-16,1.0277733877259012,1.3323012014700015
2018-11-19,1.0277252421645553,1.3323636124936695
2018-11-20,1.028248951517197,1.3330425598001625
2018-11-21,1.0269119289945439,1.334775902609293
2018-11-22,1.0284629090965063,1.3367918601681392
2018-11-23,1.028427077171767,1.3368384343565731
2018-11-26,1.0286953413249542,1.3371871472974333
2018-11-27,1.0286953413249542,1.3374354834504563
2018-11-28,1.0286953413249542,1.337930764586558
2018-11-29,1.0286953413249542,1.3382053595530992
2018-11-30,1.0291895413835854,1.3375624664237302
2018-12-03,1.028765830810661,1.3381131321040367
2018-12-04,1.0279781135473602,1.3391377139698413
2018-12-05,1.0279781135473602,1.3392718130673478
2018-12-06,1.02710363614626,1.3404111008780744
2018-12-07,1.0272748297600907,1.3406345153537929
2018-12-11,1.0272748297600907,1.342140119336692
2018-12-12,1.027013155574063,1.3424819980755536
2018-12-13,1.0272199390949106,1.3427522995344299
2018-12-14,1.0272867190535568,1.3428395923717495
2018-12-17,1.0269303488268826,1.3433054292613391
2018-12-18,1.0278925386219184,1.344564048969217
2018-12-19,1.0278925386219184,1.3456627248230555
2018-12-20,1.0281133410312762,1.34595178769749
2018-12-21,1.0281133410312762,1.346048286493785
2018-12-24,1.0286043042035242,1.3466910756789474
2018-12-25,1.028736389158857,1.346518144620958
2018-12-26,1.0280336959673557,1.3474379032125945
2018-12-27,1.0287405688770086,1.3483643975045196
2018-12-28,1.0287405688770086,1.3483090280812062
2018-12-31,1.0282691971487172,1.348926826947184
2019-01-01,1.0276637468157754,1.349721082185748
2019-01-02,1.0278548418527274,1.349972064086077
2019-01-03,1.0278783740200563,1.349941157223349
2019-01-04,1.0278783740200563,1.3504612371051465
2019-01-07,1.0282035686386357,1.3508884887508728
2019-01-08,1.0282035686386357,1.34997696977053
2019-01-09,1.0285571799750204,1.350441242775341
2019-01-10,1.0282789115559985,1.3508065945097172
2019-01-11,1.0274240024044274,1.3519296525698123
2019-01-14,1.0281062103580556,1.3528273317748636
2019-01-15,1.0281062103580556,1.3536241060503094
2019-01-16,1.0283338014342278,1.3539237567711444
2019-01-17,1.028658345467903,1.3534964559504399
2019-01-18,1.028658345467903,1.3531758248209473
2019-01-21,1.0294442036359925,1.3542096027312536
2019-01-22,1.0297959986388039,1.3546723807714012
2019-01-23,1.0297959986388039,1.354599675696783
2019-01-24,1.0293161880098443,1.355230821402577
2019-01-25,1.0292533208706427,1.3553135943014119
2019-01-28,1.0296273475209445,1.3548210786169772
2019-01-29,1.0282768827404392,1.3565980692485524
2019-01-30,1.0282768827404392,1.3584348660716827
2019-01-31,1.0288441562458845,1.3591842791153195
2019-02-01,1.0288441562458845,1.3587472105609966
2019-02-04,1.0295854156343849,1.3597261577808573
2019-02-05,1.0275849909323105,1.3623680267824743
2019-02-07,1.0275849909323105,1.362076209985963
2019-02-08,1.0279262030128404,1.3625284906844461
2019-02-11,1.0286182280508882,1.3634457781588227
2019-02-12,1.02785070294286,1.3644631418800108
2019-02-13,1.0279774851389996,1.3642948395835943
2019-02-14,1.0279998789521856,1.364324559849077
2019-02-15,1.0279998789521856,1.3640938591076963
2019-02-18,1.0279998789521856,1.3664830878570247
2019-02-19,1.0279998789521856,1.3668789289923962
2019-02-20,1.0290578509709496,1.3682856603447247
2019-02-21,1.029037163623691,1.3683131672536684
2019-02-22,1.029037163623691,1.3681840791599829
2019-02-25,1.0286311755571016,1.3676442867903074
2019-02-26,1.0280925387522173,1.3683604458630247
2019-02-27,1.0280925387522173,1.3682040186372804
2019-02-28,1.028006547157416,1.368089579478215
2019-03-01,1.0272280358428818,1.3670535226361014
2019-03-04,1.0272280358428818,1.3679387319466867
2019-03-05,1.0271926943161016,1.3678916683525852
2019-03-06,1.0279141690975722,1.3688524416796943
2019-03-07,1.026670143605072,1.3705090851856552
2019-03-08,1.0263490298850044,1.3700804282567751
2019-03-11,1.026484513816524,1.370261286695292
2019-03-12,1.026484513816524,1.3694323410684999
2019-03-13,1.0256090510431553,1.3706002954010938
2019-03-14,1.025836545129571,1.3709043132544134
2019-03-15,1.0249574220671238,1.3697294734576522
2019-03-18,1.0246791462566485,1.3693575920788241
2019-03-19,1.0245568405755208,1.369194145585726
2019-03-20,1.0248718796461191,1.3696151565379848
2019-03-21,1.0241952069758713,1.3705194462971169
2019-03-22,1.0241952069758713,1.3701539156923292
2019-03-25,1.0248472047665855,1.371026149149277
2019-03-26,1.0248472047665855,1.371212819034419
2019-03-27,1.0233297588897352,1.3732431131395795
2019-03-28,1.0229638477406273,1.373734142508332
2019-03-29,1.0237496643678778,1.3726788724389265
2019-04-01,1.0237496643678778,1.3735804376825642
2019-04-02,1.0240272285771639,1.3732080255770016
2019-04-03,1.0240272285771639,1.373987313281201
2019-04-04,1.0247155165094861,1.3749108227939406
2019-04-08,1.0239937717976142,1.3752798284074148
2019-04-09,1.0240938197864555,1.375145458468148
2019-04-10,1.0235647223125515,1.3758559265661565
2019-04-11,1.0227081088224985,1.3770073698714738
2019-04-12,1.0226212715231593,1.3771242904279242
2019-04-15,1.0226212715231593,1.376757874088229
2019-04-16,1.022507925007127,1.3766052753571116
2019-04-17,1.0230131161082283,1.3772854155475505
2019-04-18,1.0230131161082283,1.3766525395797418
2019-04-19,1.0230131161082283,1.3767721220871698
2019-04-22,1.0230131161082283,1.3773306261283187
2019-04-23,1.0230131161082283,1.3780548189518993
2019-04-24,1.023384154005768,1.378554627365562
2019-04-25,1.0231861833638276,1.3782879500445762
2019-04-26,1.0226859767781196,1.3789617557710645
2019-04-29,1.0230381256052274,1.378486927939308
2019-04-30,1.02330282897224,1.3788436009919298
2019-05-01,1.0227339273296552,1.3796101642880165
2019-05-02,1.022477724256844,1.3792645608481315
2019-05-03,1.0223222013546704,1.3794743524379913
2019-05-06,1.0223222013546704,1.3789380806633156
2019-05-07,1.0223222013546704,1.3789510650233665
2019-05-08,1.022744967052145,1.37952130912842
2019-05-09,1.022901147810928,1.3797319722866441
2019-05-10,1.0228938240031502,1.3797418509457615
2019-05-13,1.0240340382058237,1.38127984171035
2019-05-14,1.0250078638831905,1.3825933974392626
2019-05-15,1.0250078638831905,1.3820802162451975
2019-05-16,1.0252079304423907,1.3823499781105897
2019-05-17,1.0252079304423907,1.3834506460016331
2019-05-20,1.026046789857512,1.3845826315874776
2019-05-21,1.026813221557288,1.3856168807370268
2019-05-22,1.026813221557288,1.387098366758687
2019-05-23,1.026813221557288,1.3872879397275641
2019-05-24,1.0269319611672119,1.3874483642579043
2019-05-27,1.0271510651283542,1.3877443872116975
2019-05-28,1.027010693215584,1.3879340383162746
2019-05-29,1.027010693215584,1.3878495126518515
2019-05-30,1.0261672917055342,1.3867097831607909
2019-05-31,1.0253195634069823,1.3878553596516476
2019-06-03,1.0259181462051623,1.3870451280182152
2019-06-05,1.0262785054513266,1.3868010169393175
2019-06-06,1.0262834003904742,1.3867944024515817
2019-06-07,1.0262834003904742,1.387095737917412
2019-06-10,1.025917014657091,1.3875909345551207
2019-06-11,1.0261366221597343,1.3872939072366588
2019-06-12,1.0260234687543868,1.3874468859204245
2019-06-13,1.0260234687543868,1.3877862472792262
2019-06-14,1.025865496512234,1.3879999185175433
2019-06-17,1.0248645276166544,1.3893542332403084
2019-06-18,1.024647182342635,1.3896488766477015
2019-06-19,1.024151465807544,1.388976575061364
2019-06-20,1.024151465807544,1.3900393447676003
2019-06-21,1.0236432226604708,1.390729162626312
2019-06-24,1.0236432226604708,1.3906298348520407
2019-06-25,1.0232702877327657,1.3911364707828457
2019-06-26,1.0233723212784631,1.3912751854395349
2019-06-27,1.0235051929267498,1.391094546366867
2019-06-28,1.0228325121865298,1.3920088187278015
2019-07-01,1.0226289533665114,1.3917317883545788
2019-07-02,1.0226418212935386,1.3917493007700399
2019-07-03,1.023052314399924,1.3923079553076179
2019-07-04,1.0228006691426406,1.3926504282082697
2019-07-05,1.0225479692253239,1.3929945056601882
2019-07-08,1.0230271320198752,1.3923417527720938
2019-07-09,1.0230271320198752,1.392086210894977
2019-07-10,1.023040194868423,1.3921039861921993
2019-07-11,1.0231541002564721,1.3919489892081636
2019-07-12,1.0222316855237386,1.3932038874239232
2019-07-15,1.023108329791484,1.392009105243908
2019-07-16,1.023108329791484,1.3917627660224128
2019-07-17,1.023108329791484,1.3923984667289033
2019-07-18,1.0237659856588586,1.3915034304998912
2019-07-19,1.0244122214134534,1.392381794581163
2019-07-22,1.0248061892748908,1.3918463131934473
2019-07-23,1.025143867172917,1.392304932337568
2019-07-24,1.0249187846605017,1.3926106294228784
2019-07-25,1.0249187846605017,1.3928435362716216
2019-07-26,1.0252054533164623,1.3932331130756401
2019-07-29,1.0252054533164623,1.3927100457434733
2019-07-30,1.0255682922974803,1.3932029513286088
2019-07-31,1.02577794461067,1.393487757541596
2019-08-02,1.0262611211179968,1.3935981194042502
2019-08-05,1.0259570626367058,1.3931852270915661
2019-08-06,1.0250643977908767,1.391973044319748
2019-08-07,1.02532239838697,1.392323392918289
2019-08-08,1.0257978804138856,1.391677718201704
2019-08-09,1.0250455178810425,1.3926984321190938
2019-08-12,1.0248996515981386,1.3928966162386822
2019-08-13,1.0250186592906088,1.3930583544263082
2019-08-14,1.0250186592906088,1.3923687054577119
2019-08-15,1.0250186592906088,1.3929334660807609
2019-08-16,1.0258150484959685,1.3940157070391244
2019-08-19,1.0261454458019217,1.393566718661797
2019-08-20,1.026647754857881,1.3942488843194345
2019-08-21,1.0268156555702896,1.39447690350113
2019-08-22,1.0268156555702896,1.3940823320378932
2019-08-23,1.027105334740895,1.3936890417608025
2019-08-26,1.0281515010575892,1.3922694886905191
2019-08-27,1.0285891123756858,1.3916768981185414
2019-08-28,1.0278311843390482,1.3927023716787164
2019-08-29,1.0278349501062918,1.3927074742607854
2019-08-30,1.0279032971750932,1.3926148645732537
2019-09-02,1.0272343985604462,1.3935210958852942
2019-09-03,1.027748456751331,1.394218454671677
2019-09-04,1.027748456751331,1.3939121291770895
2019-09-05,1.0285159528296826,1.3949530668556451
2019-09-06,1.0285159528296826,1.3946154098416446
2019-09-09,1.0284631678722,1.3945438361194185
2019-09-10,1.0284631678722,1.3951553867553477
2019-09-11,1.029111231673341,1.3942762597906029
2019-09-12,1.028828624596602,1.3938933737372603
2019-09-13,1.0282360921143663,1.3930905897934949
2019-09-16,1.0278674255426372,1.3935900722915184
2019-09-17,1.0275795319330405,1.3931997440582853
2019-09-18,1.0273558149518378,1.3928964269609052
2019-09-19,1.0273558149518378,1.3926889439090206
2019-09-20,1.0273558149518378,1.3934821500563919
2019-09-23,1.0272917048435348,1.3933951925580665
2019-09-24,1.0272917048435348,1.3929991088914515
2019-09-25,1.0268413998512151,1.3936097187601706
2019-09-26,1.0275414788286008,1.3926595848184287
2019-09-27,1.0273822154064067,1.3928754395902307
2019-10-01,1.0277165997497122,1.3932622283448874
2019-10-02,1.0278121316492115,1.3931327169725825
2019-10-03,1.0286993026722817,1.3943352197838754
2019-10-04,1.0287113884682235,1.394351601296818
2019-10-07,1.0290950000508905,1.3948715619296679
2019-10-08,1.0290298301880303,1.394783228405169
2019-10-09,1.029977935131448,1.3934981336148602
2019-10-10,1.029845574224499,1.393319057276906
2019-10-11,1.0284219696312815,1.3952451085795496
2019-10-14,1.0296427475782317,1.3935888969179544
2019-10-15,1.0297782101182131,1.3937722411818851
2019-10-16,1.0297782101182131,1.3942587466845546
2019-10-17,1.029464560937261,1.3938340842576007
2019-10-18,1.0294246627459511,1.3938881040471671
2019-10-21,1.0300710032335447,1.394763278646557
2019-10-22,1.029827191321531,1.3944331461598587
2019-10-23,1.0298110949199788,1.3944113508955196
2019-10-24,1.030181817178018,1.3939093759923658
2019-10-25,1.0303512342067613,1.3941386092994192
2019-10-28,1.0303512342067613,1.3948623503186497
2019-10-29,1.0302224878067707,1.39503664380239
2019-10-30,1.0301880607408669,1.3949900256989773
2019-10-31,1.0297016298215653,1.3943313437490727
2019-11-01,1.0299885959368447,1.3939427594858844
2019-11-04,1.0295555340643125,1.3933566719660742
2019-11-05,1.029764350603379,1.3936392753889089
2019-11-06,1.0293061873271159,1.3930192166968722
2019-11-07,1.0293061873271159,1.393544004188917
2019-11-08,1.0293061873271159,1.393924398285465
2019-11-11,1.0288350341238095,1.3945624513288697
2019-11-12,1.02924112212965,1.3940120082878602
2019-11-13,1.02924112212965,1.3932758096893674
2019-11-14,1.0295269744521214,1.3928888535937742
2019-11-15,1.0295269744521214,1.3916970199106262
2019-11-18,1.02907401580897,1.3923093216855769
2019-11-19,1.0293144501485791,1.3919840205243887
2019-11-20,1.0293307563423804,1.392006072057041
2019-11-21,1.028832220451235,1.3913318815858666
2019-11-22,1.0289711089521376,1.3911440569868212
2019-11-25,1.0289711089521376,1.3911220058043936
2019-11-26,1.0285688048526187,1.3905781090117655
2019-11-28,1.028949361205837,1.3901983753865454
2019-11-29,1.028949361205837,1.3903779246944286
2019-12-02,1.0293677389802565,1.3909432617689896
2019-12-03,1.0283049263536996,1.392379397763398
2019-12-04,1.0286145337916397,1.3919601728750075
2019-12-05,1.0286145337916397,1.3917098548107518
2019-12-06,1.0286145337916397,1.391412025470195
2019-12-09,1.0286145337916397,1.3925083186864395
2019-12-10,1.0287534453077074,1.3926963730404573
2019-12-11,1.027970512741581,1.3937562842856182
2019-12-12,1.0285486475265024,1.3929724300994708
2019-12-13,1.028395301779266,1.3931801075862744
2019-12-16,1.028395301779266,1.3926209877524414
2019-12-17,1.028395301779266,1.3918074970867385
2019-12-18,1.0285593769871113,1.392029552850675
2019-12-19,1.0286015439397869,1.3920866206734877
2019-12-20,1.0284556998079482,1.391889238445323
2019-12-23,1.0283061951919086,1.3920915746919909
2019-12-24,1.0284933960805573,1.3918381474724706
2019-12-25,1.0283836704630538,1.3919866368072378
2019-12-26,1.0278708112775399,1.3926808262943946
2019-12-27,1.026907230326048,1.393986399622289
2019-12-30,1.026907230326048,1.3935574938630448
2019-12-31,1.0271109080484426,1.3932810943909273
2020-01-01,1.0271109080484426,1.3928599935165342
2020-01-02,1.0271109080484426,1.3922900670722633
2020-01-03,1.0278955786244297,1.3912264146075586
2020-01-06,1.0280046212415277,1.3913740005806665
2020-01-07,1.0280617832721002,1.3912966334545704
2020-01-08,1.0283951761694088,1.3908454461590298
2020-01-09,1.0277613099312533,1.3917027138623814
2020-01-10,1.027179190486185,1.3909144596211822
2020-01-13,1.0271318244466088,1.3908503207543208
2020-01-14,1.0274688789419393,1.3903939116140482
2020-01-15,1.0271225675844726,1.39086254790349
2020-01-16,1.026673526857831,1.391470609637191
2020-01-17,1.026673526857831,1.3920193270629966
2020-01-20,1.0269612900661351,1.3916291621886738
2020-01-21,1.0269612900661351,1.3914841103124023
2020-01-22,1.0269612900661351,1.3902210382331317
2020-01-23,1.0268424161393666,1.3903819605926109
2020-01-27,1.026343001128009,1.390531705880789
2020-01-28,1.0262967557302252,1.3905943610475302
2020-01-29,1.0267142042022144,1.39002873372002
2020-01-30,1.0271008376009076,1.3895052856841403
2020-01-31,1.0276986984576515,1.3903140970394983
2020-02-03,1.0282983896348619,1.391125384529496
2020-02-04,1.0291366718098187,1.3922594479732744
2020-02-05,1.0290099083881645,1.3920879570758165
2020-02-06,1.028650945380576,1.391602336795753
2020-02-07,1.028650945380576,1.3903172137221305
2020-02-10,1.0292756309752777,1.3894728931687121
2020-02-11,1.0292756309752777,1.3890205064744172
2020-02-12,1.0289270076142827,1.3894909781176632
2020-02-13,1.0292907265085018,1.3899821539915092
2020-02-14,1.0297914463519255,1.3893059683147284
2020-02-17,1.029644992309651,1.389108385128602
2020-02-18,1.029644992309651,1.3891982542374597
2020-02-19,1.029644992309651,1.388893173624422
2020-02-20,1.0295680044027256,1.3887893242596614
2020-02-21,1.0300709563951744,1.3881108898534433
2020-02-24,1.0300709563951744,1.3875871664501471
2020-02-25,1.0300709563951744,1.387218719289753
2020-02-26,1.0297292712439685,1.3867585645451566
2020-02-27,1.0299737849125241,1.3870878563633917
2020-02-28,1.0296308738951698,1.3875496620083052
2020-03-02,1.0295519411592728,1.3874432907894616
2020-03-03,1.0300826261645568,1.3881584517450856
2020-03-04,1.0302064901436292,1.3879915303496086
2020-03-05,1.0293164652088178,1.3891906560425031
2020-03-06,1.029315560491335,1.3891918770713274
2020-03-09,1.0296296999703143,1.3896158481344454
2020-03-10,1.0296296999703143,1.3889260704977187
2020-03-11,1.0296296999703143,1.389643733406104
2020-03-12,1.02897245873868,1.390530781593334
2020-03-13,1.029482266521032,1.3898418385530849
2020-03-16,1.029482266521032,1.3900058090843894
2020-03-17,1.0298178209030817,1.3895527439316608
2020-03-18,1.0298178209030817,1.389219396176187
2020-03-19,1.0301018713384602,1.3888362134750234
2020-03-20,1.0301018713384602,1.3890395303039749
2020-03-23,1.0306419598094738,1.3897678119011383
2020-03-25,1.029914473229744,1.3889829891476448
2020-03-26,1.0289867739569354,1.387731857580443
2020-03-27,1.0286991736835887,1.3881197265712533
2020-03-30,1.0282612081899332,1.387528738888116
2020-03-31,1.0290967531110167,1.3886562175690205
2020-04-01,1.029518252664664,1.3892249862237709
2020-04-02,1.0293033114267653,1.38951502648045
2020-04-03,1.0293033114267653,1.3897719695347635
2020-04-06,1.0293033114267653,1.390247896070495
2020-04-07,1.0298463353518739,1.3895144505826418
2020-04-08,1.0295268576080472,1.389083397010426
2020-04-09,1.028911471296436,1.3882530904459205
2020-04-10,1.0294528628658488,1.3875226208765299
2020-04-13,1.029462887679486,1.3875091091790122
2020-04-14,1.0298309136760893,1.3870130840878572
2020-04-15,1.0304686252530175,1.3861541913421378
2020-04-16,1.0304686252530175,1.387119191364533
2020-04-17,1.0304686252530175,1.3862254124602416
2020-04-20,1.0304686252530175,1.386969227503491
2020-04-21,1.029915823147899,1.387713276851437
2020-04-22,1.029958872552481,1.3876552718873845
2020-04-23,1.0296548385058524,1.3880648945032779
2020-04-24,1.0295167329728518,1.3878787161501775
2020-04-27,1.0295167329728518,1.3877337378399897
2020-04-28,1.0296348266423219,1.3878929218183556
2020-04-29,1.0296348266423219,1.3881720594105975
2020-04-30,1.0296567056948482,1.3882015571399067
2020-05-01,1.0295158955344494,1.3880117143672177
2020-05-04,1.0295158955344494,1.3877196831347358
2020-05-05,1.0283055573936604,1.3860882269634351
2020-05-06,1.0289954568553727,1.3851582878857043
2020-05-07,1.0289954568553727,1.3851627432282045
2020-05-08,1.0298931617119897,1.386371171616801
2020-05-11,1.029461432287551,1.3857900072298217
2020-05-12,1.029461432287551,1.3861112885392453
2020-05-13,1.0296659741244072,1.3863866924933446
2020-05-14,1.0296659741244072,1.385893905876258
2020-05-15,1.0300444838595377,1.385384445188603
2020-05-18,1.0299670751907188,1.38528033243679
2020-05-19,1.0301864988428775,1.3855754518412142
2020-05-20,1.0297122115467119,1.3849375471167538
2020-05-22,1.0296276536744824,1.3851071583217212
2020-05-25,1.0297998523566478,1.3853388086920952
2020-05-26,1.0297998523566478,1.385007492004002
2020-05-27,1.0303486362199459,1.3842694167747047
2020-05-28,1.0300839735119767,1.3846249901015613
2020-05-29,1.028700867783877,1.382765838028211
2020-06-01,1.0279719647528556,1.3837456196557925
2020-06-02,1.0279719647528556,1.3839595756582779
2020-06-03,1.0283409955495857,1.3834627491665452
2020-06-04,1.0291390837685512,1.382389053450566
2020-06-05,1.0292331664307661,1.382262677099287
2020-06-08,1.029510843232918,1.3818897564701917
2020-06-09,1.0292346967066528,1.3815190910629849
2020-06-10,1.02914110714984,1.3813934678597692
2020-06-11,1.0300022822952621,1.380237531407222
2020-06-12,1.0306930257358444,1.3793119120783592
2020-06-15,1.0302638590309443,1.378737585160882
2020-06-16,1.0302285270130906,1.3786903025346429
2020-06-17,1.029718016760973,1.3780071186434146
2020-06-18,1.029718016760973,1.3785357003276977
2020-06-19,1.0294323368472287,1.3781532461474728
2020-06-22,1.030213684036071,1.377107217063163
2020-06-23,1.030213684036071,1.3771534410953399
2020-06-24,1.0291969070597293,1.3757942493727942
2020-06-25,1.0289442816936423,1.376131950082468
2020-06-26,1.0280271940200327,1.3749054175372815
2020-06-29,1.0283542805645345,1.375342870033339
2020-06-30,1.0278850004726352,1.3747152448650088
2020-07-01,1.028851382342533,1.3734227852140763
2020-07-02,1.028851382342533,1.373040801135528
2020-07-03,1.028851382342533,1.3723858354959761
2020-07-06,1.0290411145245082,1.372132751558345
2020-07-07,1.0290411145245082,1.3709743036158122
2020-07-08,1.0283647707352483,1.3700732220726186
2020-07-09,1.028468160244315,1.3699354779551163
2020-07-10,1.0280947749171767,1.369438122931045
2020-07-13,1.0289306329154608,1.3683247471644002
2020-07-14,1.0287560038788117,1.368556977817057
2020-07-15,1.0289258040018976,1.3683310922402951
2020-07-16,1.0288167665042711,1.3681860872286198
2020-07-17,1.0288167665042711,1.3681047790869738
2020-07-21,1.0288167665042711,1.366264098065015
2020-07-22,1.0298761619537276,1.364857225611756
2020-07-23,1.0291314831918712,1.3638703300738002
2020-07-24,1.0291221473884933,1.3638827024727038
2020-07-27,1.0286309541937535,1.363231730278997
2020-07-28,1.0286309541937535,1.3624177558812813
2020-07-29,1.0293043311469927,1.3615258706879048
2020-07-30,1.0303807713089606,1.3601019952757287
2020-07-31,1.0310715126087104,1.3591902171776031
2020-08-03,1.0318184953452567,1.3582055215328313
2020-08-04,1.0318184953452567,1.3577310575594925
2020-08-05,1.0320718640463646,1.3580644558810575
2020-08-06,1.0320718640463646,1.3581867832552632
2020-08-07,1.0320718640463646,1.3573000837556222
2020-08-10,1.0320718640463646,1.3567571458485386
2020-08-11,1.0325516373174384,1.3573878536864254
2020-08-12,1.032032855934976,1.3567058659563953
2020-08-13,1.0326541328882324,1.355889137998541
2020-08-14,1.0326541328882324,1.3557605395272982
2020-08-17,1.0316173593698383,1.3543993706907063
2020-08-18,1.0320161518729476,1.353875800289005
2020-08-19,1.030985620728084,1.3525238726317268
2020-08-20,1.030985620728084,1.352351885667545
2020-08-21,1.030985620728084,1.3511034197429568
2020-08-24,1.0301941888634965,1.3500662507686865
2020-08-25,1.0301941888634965,1.3489442675697194
2020-08-26,1.0307532272784135,1.349676276809633
2020-08-27,1.0307532272784135,1.349487420340015
2020-08-28,1.03065577709357,1.3493598361665426
2020-08-31,1.03065577709357,1.349311318564419
2020-09-01,1.0310829581047898,1.3487520628106309
2020-09-02,1.0312313128087085,1.3489461245118404
2020-09-03,1.0306430063198493,1.3481765651042519
2020-09-04,1.0310615454393763,1.348724053059893
2020-09-07,1.0301862167342835,1.3475790419942446
2020-09-08,1.0303681654184274,1.3473410362536438
2020-09-09,1.030798799189119,1.346777926318455
2020-09-10,1.0303497349973068,1.346191206833034
2020-09-11,1.0311437867683724,1.3451537479240145
2020-09-14,1.0311437867683724,1.3463803946768198
2020-09-15,1.0311437867683724,1.3459894040041491
2020-09-17,1.0311437867683724,1.345604949996916
2020-09-18,1.0311437867683724,1.3437094975414043
2020-09-21,1.0314357086994919,1.3433290867040224
2020-09-22,1.0320308061720616,1.342554039129477
2020-09-23,1.03153009851678,1.3419026757389647
2020-09-24,1.0320747762935762,1.3411941122494946
2020-09-25,1.032074305744479,1.3411935007650428
2020-09-28,1.032074305744479,1.340714001006811
2020-09-29,1.0309634225099258,1.3392709104291662
2020-09-30,1.0303033008988278,1.3384133808099903
2020-10-01,1.0295725860050955,1.3393626144875639
2020-10-02,1.0295725860050955,1.3394915496166264
2020-10-05,1.0295725860050955,1.3386084308260064
2020-10-06,1.0287877080282373,1.3375879643807325
2020-10-07,1.0284653561413024,1.3371688555588688
2020-10-08,1.0278494622217536,1.337969615800943
2020-10-09,1.0283445452182383,1.3373251576084326
2020-10-12,1.0280771831545876,1.3376728523723838
2020-10-13,1.0283993503709312,1.3380920371829104
2020-10-14,1.0283993503709312,1.3394460779351194
2020-10-15,1.0283993503709312,1.3382151240682552
2020-10-16,1.0290224328133466,1.3374043316969055
2020-10-19,1.0290224328133466,1.3368376744450206
2020-10-20,1.0290224328133466,1.3350285181143062
2020-10-21,1.0295907920525686,1.3342911427484254
2020-10-22,1.0305448421372039,1.3330547480686232
2020-10-23,1.0302480583349423,1.333438650874768
2020-10-26,1.0302480583349423,1.3326129097257235
2020-10-27,1.0297329162336393,1.3332792395566666
2020-10-28,1.0289811079487259,1.3323058120177393
2020-10-29,1.0284527730385273,1.3316217336939375
2020-10-30,1.0278227123428891,1.3308059426942407
2020-11-02,1.0272838585170074,1.330108244671892
2020-11-03,1.0263837938266294,1.328942857466122
2020-11-04,1.0267956753319998,1.3284095608689066
2020-11-05,1.0278576335828677,1.3270356599774364
2020-11-06,1.0279553817737654,1.3271618596871835
2020-11-09,1.0281528278005012,1.3274167762338318
2020-11-10,1.0281528278005012,1.3268611606358958
2020-11-11,1.0281528278005012,1.3273607772328797
2020-11-12,1.0288639034620344,1.326442767850186
2020-11-16,1.029358736192307,1.3268406755775535
2020-11-17,1.0292000607119411,1.3266361433050193
2020-11-18,1.0297952516503595,1.3258689437670335
2020-11-19,1.0298234198432976,1.3259052105221567
2020-11-20,1.0298234198432976,1.3259327809228405
2020-11-23,1.0309717143351387,1.3244543125956034
2020-11-24,1.0311360300745938,1.32466540344002
2020-11-25,1.0311360300745938,1.3242167261935056
2020-11-26,1.0321930386336875,1.32285928316673
2020-11-27,1.0321930386336875,1.3236517690756215
2020-11-30,1.0329124799448068,1.322729180249146
2020-12-01,1.0329124799448068,1.3225625633476301
2020-12-02,1.0323993485007432,1.3219055392035988
2020-12-03,1.0325412967193819,1.322087292646945
2020-12-04,1.0319782432512117,1.3213663473077961
2020-12-07,1.0311038383421232,1.3202467411258378
2020-12-08,1.030460479137461,1.3194229706560332
2020-12-09,1.030460479137461,1.31884812312231
2020-12-10,1.030808794759725,1.31840232688463
2020-12-11,1.030703860432802,1.3185365376727887
2020-12-14,1.0316185517596275,1.3173664111394456
2020-12-15,1.0320233847699756,1.3178833787812578
2020-12-16,1.0317201917274892,1.317496204345919
2020-12-17,1.0313251578044487,1.3169917500390567
2020-12-18,1.0313251578044487,1.3169311931899697
2020-12-21,1.0313622209480537,1.3168838661083393
2020-12-22,1.0313622209480537,1.3173420123274349
2020-12-23,1.0313622209480537,1.3168005593599168
2020-12-24,1.0308433559777057,1.3161380940598417
2020-12-25,1.0312810062583941,1.3155793203111925
2020-12-28,1.0312810062583941,1.3143559833356968
2020-12-29,1.0320377671236172,1.313391500168525
2020-12-30,1.0320377671236172,1.3128625736719073
2020-12-31,1.0320377671236172,1.3126074211895875
2021-01-01,1.0311987174630892,1.3115402675967252
2021-01-04,1.0319418967139413,1.3105950477307298
2021-01-05,1.0320380887026956,1.310717214244653
2021-01-06,1.0319595270984543,1.3106174388117646
2021-01-07,1.0319595270984543,1.3108895417276027
2021-01-08,1.0316287043763301,1.3113097830599518
2021-01-11,1.0316287043763301,1.3101608703204253
2021-01-13,1.032187746885892,1.3087276649324502
2021-01-14,1.0322850679025664,1.3088510598354466
2021-01-15,1.0313872356260867,1.3077126836609152
2021-01-18,1.0311889370412195,1.307964109668166
2021-01-19,1.031816862312743,1.307167646780324
2021-01-20,1.032164416994142,1.306727343610638
2021-01-21,1.0324109196573408,1.3064152695214992
2021-01-22,1.031912425661495,1.3057844740160103
2021-01-25,1.031912425661495,1.3054023638955286
2021-01-26,1.031912425661495,1.3048437344730732
2021-01-27,1.031488198229458,1.3043073028022067
2021-01-28,1.031488198229458,1.3043644178384364
2021-01-29,1.0300794328489418,1.3025829690166446
2021-02-01,1.0310067273065144,1.3014103623911955
2021-02-02,1.0314725992622045,1.3008223055195722
2021-02-03,1.0316294433513389,1.3006245045408735
2021-02-04,1.0308966062315694,1.2997005817874545
2021-02-05,1.0305367085144048,1.299246841548564
2021-02-08,1.0310106465063351,1.2986493252893003
2021-02-09,1.030924081040239,1.2987583621692975
2021-02-10,1.030924081040239,1.2983201985226251
2021-02-11,1.0298008689862557,1.299734743903541
2021-02-12,1.0303730415479617,1.2990125920969595
2021-02-15,1.0305452755898037,1.2992297311137222
2021-02-16,1.0316576659832308,1.2978273175507482
2021-02-17,1.0311948678508345,1.297245116614779
2021-02-18,1.0305269494460982,1.2980853592457835
2021-02-19,1.0305269494460982,1.2981490999120164
2021-02-22,1.030238545467831,1.2985124008087081
2021-02-23,1.0307169672599443,1.297909398103549
2021-02-24,1.030050420325281,1.2970700624194995
2021-02-25,1.029510399505517,1.2963900521747798
2021-02-26,1.0293903555402573,1.2965412150988855
2021-03-01,1.029874983889712,1.29593081436442
2021-03-02,1.029874983889712,1.2962959256261661
2021-03-03,1.0306733104244084,1.295291077998605
2021-03-04,1.0315724224808478,1.2941611255558207
2021-03-05,1.0313041519181139,1.2938245662160641
2021-03-08,1.0319892619050834,1.2929650601915292
2021-03-09,1.0319401051067953,1.2929034723194421
2021-03-10,1.032983479663544,1.2915962427809502
2021-03-12,1.032983479663544,1.2913312768487313
2021-03-15,1.032983479663544,1.2913553592881688
2021-03-16,1.0330126600665372,1.2913918383515162
2021-03-17,1.0334255103948264,1.2908757250791203
2021-03-18,1.032473380363016,1.2896863974180357
2021-03-19,1.0325082148767704,1.289729910015459
2021-03-22,1.03205526132095,1.289164115244655
2021-03-23,1.0321548413559785,1.289039727517985
2021-03-24,1.0326111525000765,1.288469848688488
2021-03-25,1.0321706182604322,1.2879201595981442
2021-03-26,1.0321706182604322,1.2883542214428778
2021-03-29,1.0327470994843577,1.287634658218264
2021-03-30,1.032567902243645,1.2874112341312693
2021-03-31,1.0318438414469908,1.2865084712216526
2021-04-01,1.0316723405243193,1.2867222994977703
2021-04-02,1.0313353913784875,1.2863020498092712
2021-04-05,1.0305672531974128,1.28534401256444
2021-04-06,1.0305672531974128,1.2847899722771308
2021-04-07,1.0305672531974128,1.2848762275204753
2021-04-08,1.0310596878103935,1.284262276780372
2021-04-09,1.0312418241213726,1.2844891412346686
2021-04-12,1.031294115988821,1.2844240077864888
2021-04-13,1.031839906767658,1.2837442533219785
2021-04-14,1.0328181517128001,1.2825271882342353
2021-04-15,1.0328181517128001,1.282339609427475
2021-04-16,1.032437937380666,1.2828116808152201
2021-04-19,1.0330028240550644,1.2821098049948745
2021-04-20,1.033087488738532,1.282004723558229
2021-04-21,1.032647020477417,1.2825513204316619
2021-04-22,1.0333082911853784,1.2817300198295776
2021-04-23,1.033198349296227,1.2815936463765005
2021-04-26,1.033198349296227,1.280312580127198
2021-04-27,1.0333001479757986,1.2801864338454265
2021-04-28,1.032034678403578,1.281754261917429
2021-04-29,1.0313237275762765,1.2808712835912384
2021-04-30,1.0306056074343117,1.2799794012041503
2021-05-03,1.0305153721143312,1.2798673318053395
2021-05-04,1.030332391902027,1.2796400761986482
2021-05-05,1.0284514818032,1.2773040456505425
2021-05-06,1.0290764845634934,1.2765278120912638
2021-05-07,1.0290764845634934,1.2754920248680066
2021-05-11,1.0284724876609417,1.276455344491054
2021-05-12,1.0277436211425033,1.2755507353993738
2021-05-13,1.0274803652066318,1.275224003814092
2021-05-14,1.0276136367882642,1.2750585981035023
2021-05-17,1.0272237901333254,1.2745748780442054
2021-05-18,1.0266491328248515,1.2738618457177537
2021-05-19,1.0271736974357235,1.2732109681958832
2021-05-20,1.0269591976753047,1.2734768467404003
2021-05-21,1.0263986663159839,1.2727817619604178
2021-05-24,1.0263986663159839,1.2733715985609313
2021-05-25,1.0271448060693178,1.2742972751051758
2021-05-26,1.0280880231430085,1.2731271003257925
2021-05-27,1.027077867202407,1.271876179320407
2021-05-28,1.027077867202407,1.2717411944701138
2021-05-31,1.027321699294065,1.2714392783979276
2021-06-01,1.027321699294065,1.2710868595291607
2021-06-02,1.0267232313551138,1.270346385796762
2021-06-03,1.0268836276518443,1.2705448412807954
2021-06-04,1.026612442936374,1.2702093092575
2021-06-07,1.0276669108182594,1.2689046349092592
2021-06-08,1.0285911490469026,1.2677634381267804
2021-06-09,1.028308652682002,1.2674152545329815
2021-06-10,1.0288332707168635,1.2667686501321993
2021-06-11,1.0290305519101333,1.2670115559926607
2021-06-14,1.028044571058809,1.2657975501205356
2021-06-15,1.0277378957898367,1.26541995092389
2021-06-16,1.0282201321597577,1.2648261891038195
2021-06-17,1.0282201321597577,1.2648750206074975
2021-06-18,1.02928754302101,1.2635619347293916
2021-06-21,1.0297407990239396,1.2630055138964835
2021-06-22,1.029169736620228,1.2623050900953188
2021-06-23,1.029070003432474,1.2621827645876074
2021-06-24,1.029070003432474,1.261556031856064
2021-06-25,1.029070003432474,1.2613442490932605
2021-06-28,1.0292341766225757,1.2615454782696036
2021-06-29,1.0300540725294862,1.2605405213827183
2021-06-30,1.0301934087685036,1.260370007057245
2021-07-01,1.0299387913018587,1.2600585002901654
2021-07-02,1.0299387913018587,1.2594782173186843
2021-07-05,1.0305198867701642,1.25876761481425
2021-07-06,1.0305198867701642,1.2583740778174635
2021-07-08,1.0300448922689667,1.2578439092340055
2021-07-09,1.0303208733875318,1.258180924806488
2021-07-12,1.0303208733875318,1.2571541570206806
2021-07-13,1.0293544238840346,1.2559749360204524
2021-07-14,1.0293544238840346,1.2568198572024525
2021-07-15,1.0300428691130015,1.255979280221108
2021-07-16,1.0300428691130015,1.256022772798085
2021-07-19,1.0300428691130015,1.2554105482697393
2021-07-20,1.0310145574946752,1.2542262598478071
2021-07-21,1.031136972685241,1.2540773421186675
2021-07-22,1.031136972685241,1.2544787543612386
2021-07-23,1.0315231542477092,1.2540089268036243
2021-07-26,1.0320856468043977,1.2533251121122688
2021-07-27,1.0317077444413238,1.2528662020179047
2021-07-28,1.032609967312994,1.251770577264971
2021-07-29,1.0329248961000013,1.2513888081537015
2021-07-30,1.0322431849677915,1.252214701386077
2021-08-02,1.0322431849677915,1.2518079915485654
2021-08-03,1.0321563996176022,1.2519132367044534
2021-08-04,1.0318817072189344,1.2515800594359294
2021-08-05,1.0308020504041717,1.2528895864204057
2021-08-06,1.0294610700020823,1.2512596901850297
2021-08-09,1.0288100527893487,1.250468410534301
2021-08-10,1.0294095319504815,1.2497397728701007
2021-08-11,1.0283237918771944,1.2484216458171924
2021-08-12,1.029888362974657,1.2465222008758996
2021-08-13,1.030461978452499,1.2458279271530361
2021-08-16,1.0306615994986899,1.2455865854253525
2021-08-17,1.0301391346583455,1.2449551704227892
2021-08-18,1.030211515861652,1.2448676954883207
2021-08-19,1.0302311726566558,1.2448439429785494
2021-08-20,1.0301523178801295,1.2447486615567298
2021-08-23,1.0301523178801295,1.2447511667743574
2021-08-24,1.030725319278843,1.2454435344439072
2021-08-25,1.0309921251618137,1.2451211482022169
2021-08-26,1.0309921251618137,1.245749601444395
2021-08-27,1.0307108091881314,1.245409686857715
2021-08-30,1.0310144270540187,1.2450428248553875
2021-08-31,1.0304812641032741,1.2443989825493202
2021-09-01,1.0303520554918333,1.2442429515080828
2021-09-02,1.032315566557133,1.2418718349657463
2021-09-06,1.032315566557133,1.2413121065948798
2021-09-07,1.032315566557133,1.241196968554489
2021-09-08,1.0322548049665465,1.241123912306493
2021-09-09,1.0322548049665465,1.2412263559008818
2021-09-10,1.0322548049665465,1.2411479765301365
2021-09-13,1.0322548049665465,1.2406042006363684
2021-09-14,1.0318810988432068,1.240155066000048
2021-09-15,1.0328022471703504,1.2390479939103227
2021-09-16,1.0318752637246706,1.237935896234408
2021-09-17,1.0325909718098405,1.237077264613897
2021-09-20,1.0328273840425726,1.2373604940882712
2021-09-21,1.0324810875589276,1.2369456197397362
2021-09-22,1.0328291651906165,1.236528611518438
2021-09-23,1.03266228229135,1.236328815185539
2021-09-24,1.0327740664987315,1.2361949843687867
2021-09-27,1.0314101859644123,1.2345624663471835
2021-09-28,1.031722442415916,1.234188706130204
2021-09-29,1.032399300413225,1.2333790208295945
2021-09-30,1.0326366090678727,1.233662526945868
2021-10-01,1.0331488068381012,1.2342744355204502
2021-10-04,1.0332693610184656,1.2344184582807092
2021-10-05,1.033536041544001,1.234099862398934
2021-10-06,1.0334010606281248,1.2342610371649931
2021-10-07,1.033011525408774,1.2337957888096682
2021-10-08,1.033011525408774,1.2347460340893037
2021-10-11,1.0329307396150482,1.2346494718187384
2021-10-12,1.0321646108502571,1.2337337274822429
2021-10-13,1.0321646108502571,1.2328458133977098
2021-10-14,1.0321646108502571,1.232378875945702
2021-10-15,1.0321231070934325,1.2323293214922306
2021-10-18,1.0321231070934325,1.232343076175819
2021-10-19,1.031565276440933,1.2316770328157183
2021-10-20,1.0319843087300546,1.2311767130993547
2021-10-21,1.031295032150007,1.2303543931599326
2021-10-22,1.0312311183725351,1.2304306434999852
2021-10-25,1.031309274340135,1.230523896598921
2021-10-26,1.0306907874914104,1.2297859386788055
2021-10-27,1.0306907874914104,1.2296723920855945
2021-10-28,1.0306907874914104,1.2292494595120718
2021-10-29,1.0314513593107244,1.228342366415715
2021-11-01,1.0319020027686605,1.2278057008264611
2021-11-03,1.0324860231620092,1.2281560576865667
2021-11-04,1.0325090450794083,1.2281834425679878
2021-11-05,1.0329568840468681,1.227650732072722
2021-11-08,1.0329568840468681,1.2273620818327573
2021-11-09,1.0329568840468681,1.2256744976192175
2021-11-10,1.0336372835877983,1.2248671566949354
2021-11-11,1.0344937909091814,1.223852189738839
2021-11-12,1.0344937909091814,1.2235422292799567
2021-11-15,1.0340349727497657,1.222999564453412
2021-11-16,1.0345195486670362,1.222426434770776
2021-11-17,1.033905801895964,1.2217012089611907
2021-11-18,1.034344172383809,1.2222192036895219
2021-11-19,1.034757926099719,1.2227081103326731
2021-11-22,1.0350106301531512,1.2224095059075684
2021-11-23,1.0354553310188197,1.222934724247981
2021-11-24,1.035020706838577,1.2224214070762076
2021-11-25,1.0344821885973767,1.22178538479975
2021-11-26,1.0354881994526508,1.222973543835712
2021-11-29,1.0354881994526508,1.2219769759365273
2021-11-30,1.0344804350367756,1.2207877157266875
2021-12-01,1.0344804350367756,1.2203823126637683
2021-12-02,1.0350119359437508,1.2197552980929085
2021-12-03,1.0348016195723617,1.2195074415229805
2021-12-06,1.0342372592409268,1.2188423462903604
2021-12-07,1.0349055658507558,1.21805475099819
2021-12-08,1.0349055658507558,1.218855345209548
2021-12-09,1.0346480102891227,1.2185520103127774
2021-12-10,1.0346742381291172,1.2185211205929563
2021-12-13,1.0346742381291172,1.218415263265606
2021-12-14,1.034677413819957,1.2184115236246174
2021-12-15,1.035959447379116,1.2169018313849989
2021-12-16,1.035959447379116,1.2159863903437422
2021-12-17,1.035959447379116,1.2159687613071084
2021-12-20,1.0365828122298537,1.2167004426362489
2021-12-21,1.0365177447561502,1.216776816297014
2021-12-22,1.0374332815860485,1.2157020599846189
2021-12-23,1.037786789926183,1.2152878060514252
2021-12-24,1.0365866068622618,1.2138823460313408
2021-12-27,1.037383537638621,1.212949109778791
2021-12-28,1.0378364127304838,1.2124195906380049
2021-12-29,1.0378364127304838,1.211638847975708
2021-12-31,1.0382045033522678,1.2114001011448936
2022-01-03,1.0392589944754778,1.2101696974535319
2022-01-04,1.0387700029995892,1.2096002891832365
2022-01-05,1.0383081921177488,1.2090625314749768
2022-01-06,1.037885218997998,1.2085699985692422
2022-01-07,1.0380502241085316,1.2087621394944152
2022-01-10,1.0382844016710244,1.208489450403959
2022-01-11,1.0382844016710244,1.2081657963043622
2022-01-12,1.0380874717961617,1.2083949473334028
2022-01-13,1.0375887994754351,1.2078144633866132
2022-01-14,1.0377756850004891,1.2075969176302674
2022-01-17,1.0389220642311978,1.2062629453225249
2022-01-18,1.0389394215884478,1.2062427921872705
2022-01-19,1.0389394215884478,1.2052047121278346
2022-01-20,1.037932588354393,1.204036751674323
2022-01-21,1.037932588354393,1.203564447632899
2022-01-24,1.0376661614068066,1.2038733906274677
2022-01-25,1.038605321264608,1.2049629795573213
2022-01-26,1.0391638195161381,1.2056109347559543
2022-01-27,1.0390421084447656,1.2054697287249398
2022-01-28,1.0381838179156448,1.2044739622945928
2022-01-31,1.0389379668677723,1.203599018223173
2022-02-01,1.0395742669539292,1.202861871075396
2022-02-02,1.0400904873689598,1.2034591750622774
2022-02-03,1.0399562144693588,1.2036145384224364
2022-02-04,1.0399562144693588,1.2023531080944094
2022-02-07,1.0399562144693588,1.2017320611429019
2022-02-08,1.0405227355621152,1.2010774118884366
2022-02-09,1.041140255275501,1.2003646076855157
2022-02-10,1.0397732496701055,1.1987885422717448
2022-02-11,1.039498440317047,1.1984717055923437
2022-02-14,1.0391674412744474,1.1980900859845134
2022-02-15,1.038731967249727,1.1975880137572683
2022-02-16,1.038731967249727,1.1962375418674973
2022-02-17,1.038731967249727,1.196549854277532
2022-02-18,1.038731967249727,1.1959086413115245
2022-02-21,1.0391161607919999,1.1954663131733458
2022-02-22,1.0395157147735958,1.1950066404790742
2022-02-23,1.0394694606676333,1.1950598132815526
2022-02-24,1.0394694606676333,1.1950165603212584
2022-02-25,1.040122002317546,1.1942663717804192
2022-03-01,1.040122002317546,1.1921649294826977
2022-03-02,1.0401249060160007,1.1921616013274852
2022-03-03,1.0399769749818233,1.1919920469811072
2022-03-04,1.0398562639221214,1.191853691395735
2022-03-07,1.0398562639221214,1.1925268446262256
2022-03-08,1.0398718377358493,1.1925447049705713
2022-03-09,1.0398718377358493,1.1919394802779615
2022-03-10,1.0402769445509914,1.192403828661267
2022-03-11,1.0393042301386979,1.191288867500695
2022-03-14,1.038969872293465,1.1909056141979213
2022-03-15,1.038969872293465,1.1909800754943056
2022-03-16,1.038969872293465,1.1908789191344715
2022-03-17,1.038969872293465,1.189350137322522
2022-03-18,1.0394479681552613,1.1888028419734993
2022-03-21,1.039095585639653,1.1883998267684572
2022-03-22,1.0394831047180515,1.187956626343008
2022-03-23,1.039336050489973,1.1877885677724696
2022-03-24,1.0394495147578133,1.1876588969502864
2022-03-25,1.0402109524038743,1.1885289037971583
2022-03-28,1.0416923114833507,1.1868363258841963
2022-03-29,1.0417689929934029,1.18692369179892
2022-03-30,1.0422437166293206,1.1863828226289628
2022-03-31,1.0425749857259874,1.1860057400333253
2022-04-01,1.0428408301665333,1.1863081576404615
2022-04-04,1.0430792571182945,1.1860369294436994
2022-04-05,1.042021454320066,1.187239707827227
2022-04-06,1.040874010444974,1.1859323538131954
2022-04-07,1.0410489399199692,1.1861316618196887
2022-04-08,1.0409074552413933,1.1862928640941315
2022-04-11,1.0407423328933034,1.1861046788119
2022-04-12,1.0407423328933034,1.184764955157884
2022-04-13,1.040801671687683,1.1846974047932644
2022-04-14,1.0406620193453837,1.1848563647296246
2022-04-15,1.0416392573630147,1.1837437204094503
2022-04-18,1.0410523744555287,1.1830767726620017
2022-04-19,1.0403477855256242,1.1822760609805356
2022-04-20,1.040874393741671,1.181677610831451
2022-04-21,1.0394832607701843,1.18009829377266
2022-04-22,1.040675666036195,1.178744587106078
2022-04-25,1.0408971269993472,1.1789954298230652
2022-04-26,1.0418728236773922,1.1778902851411648
2022-04-28,1.042073399284557,1.1770445527084965
2022-04-29,1.0417793246806852,1.1773767163649287
2022-05-02,1.0413433700812154,1.1768840181680573
2022-05-03,1.0416809315726567,1.17726551646712
2022-05-04,1.0416809315726567,1.176750975507242
2022-05-05,1.0412657129895373,1.1762819174128436
2022-05-06,1.0401432884645174,1.1775498816375092
2022-05-09,1.0405635896526668,1.177074057181546
2022-05-10,1.0405635896526668,1.1763637474989797
2022-05-11,1.0406131488092467,1.1764197744402802
2022-05-12,1.0404156272644094,1.1761964750792346
2022-05-13,1.0404234120391211,1.1761876743419761
2022-05-16,1.0405391569178561,1.1760568259795106
2022-05-17,1.04027325983989,1.1763573529433167
2022-05-18,1.040878539796545,1.1770418130319187
2022-05-19,1.041256680831865,1.1774694208581709
2022-05-20,1.0409829942264002,1.1771599317429835
2022-05-23,1.0409829942264002,1.1767266695152183
2022-05-24,1.041174749361285,1.1769434294262706
2022-05-25,1.0406139023559258,1.1775774106078887
2022-05-26,1.0407428562585759,1.1777233371637676
2022-05-27,1.0407428562585759,1.17775277642609
2022-05-30,1.0407428562585759,1.178192066837409
2022-05-31,1.0397440575130912,1.1793227753032136
2022-06-01,1.0397440575130912,1.1790933468304639
2022-06-02,1.0397440575130912,1.1794261597826283
2022-06-03,1.0397440575130912,1.1795402557831633
2022-06-06,1.03879903136052,1.1784681684923817
2022-06-07,1.0390308705107203,1.1782051579865254
2022-06-08,1.039045004522817,1.1781891307765278
2022-06-09,1.039614327201955,1.1788346945293442
2022-06-10,1.0397109929991761,1.17894430536536
2022-06-13,1.0392893255961333,1.1784661702038364
2022-06-14,1.038231239616478,1.1796659501895255
2022-06-15,1.0384625209927185,1.1794031621380265
2022-06-16,1.0386475367870445,1.179193035909624
2022-06-17,1.0385609733921808,1.1792913127059121
2022-06-20,1.0384311522496248,1.1791439001326072
2022-06-21,1.0384311522496248,1.1793495243231469
2022-06-22,1.0390524630266362,1.1786438997203625
2022-06-23,1.0390524630266362,1.1793509420853976
2022-06-27,1.0394227075734253,1.1802893830985928
2022-06-28,1.0394227075734253,1.1812343738035265
2022-06-29,1.0396384235370861,1.1809892270413886
2022-06-30,1.038802534285039,1.1800396890295974
2022-07-01,1.0394977556399305,1.180829433725395
2022-07-04,1.039765990762473,1.1811341384985787
2022-07-05,1.0395104384544376,1.1814244360827222
2022-07-06,1.0402343996091834,1.1822472324369975
2022-07-07,1.0402343996091834,1.1833475238595923
2022-07-08,1.040129597903885,1.183466743949322
2022-07-11,1.0396305203038612,1.1840345979393139
2022-07-12,1.0404403699580804,1.1831122606367839
2022-07-13,1.04037389980134,1.1831878456099134
2022-07-14,1.0404975199347202,1.1833284352953293
2022-07-15,1.040070824326245,1.182843166433991
2022-07-18,1.0391531122893953,1.1838868544080718
2022-07-19,1.0383340706515731,1.184819972556652
2022-07-20,1.038022213772206,1.1851758255231464
2022-07-21,1.0388445024302118,1.184236966386858
2022-07-22,1.0387108093318462,1.1843893706291337
2022-07-25,1.038908512903244,1.1846148020065637
2022-07-26,1.0387870697661108,1.184753277470056
2022-07-27,1.0386717919759694,1.1846218013055323
2022-07-28,1.038644255931964,1.1846532066043982
2022-07-29,1.0377990861086985,1.185617187424143
2022-08-01,1.0377990861086985,1.1858391224268925
2022-08-02,1.0386628464601437,1.1868260965251118
2022-08-03,1.0386628464601437,1.1870810627835418
2022-08-04,1.0392726065217914,1.1877779536220758
2022-08-05,1.03836407468769,1.1867395984533382
2022-08-08,1.038382904768733,1.18671807767526
2022-08-09,1.0388622897401039,1.1872659437938942
2022-08-10,1.039180304136571,1.1876293872129984
2022-08-11,1.0391647108573978,1.1876472080247626
2022-08-12,1.0384427221330539,1.18682205693588
2022-08-15,1.0379123338212703,1.1874282305203727
2022-08-16,1.0379123338212703,1.1883301243486992
2022-08-17,1.0382652179949428,1.1879260989986613
2022-08-18,1.0382652179949428,1.1884529218655688
2022-08-19,1.0379767434715288,1.188783124962324
2022-08-22,1.0379767434715288,1.1888735974818183
2022-08-24,1.0373805250132568,1.1883932832403743
2022-08-25,1.0379156673211394,1.1890063268718394
2022-08-26,1.0380110859405727,1.189115635696997
2022-08-29,1.0381505922655692,1.1889558212647826
2022-08-30,1.0380745294658,1.1888687093281898
2022-08-31,1.0380745294658,1.1885464147527562
2022-09-01,1.0380745294658,1.1883743821455157
2022-09-02,1.0378535046094022,1.1881213557300658
2022-09-05,1.0378535046094022,1.1881283173157573
2022-09-06,1.0379280069446981,1.1882136071315919
2022-09-07,1.0387033897973519,1.1891012606587106
2022-09-08,1.038444091265478,1.1893981040253219
2022-09-09,1.0384771413140286,1.189360249637768
2022-09-12,1.0384833635173203,1.1893531233939965
2022-09-13,1.0393111212079837,1.190301136842637
2022-09-14,1.0394228870723485,1.1904291399330487
2022-09-15,1.0391356416827635,1.1907581160276934
2022-09-16,1.0391356416827635,1.1904082512184984
2022-09-19,1.0392420453914368,1.1905301446919625
2022-09-20,1.0392420453914368,1.1910691769727777
2022-09-21,1.039046142028412,1.1908446532841925
2022-09-22,1.039046142028412,1.1912790401803748
2022-09-23,1.039046142028412,1.1915579193443488
2022-09-26,1.0386802115877691,1.1919775612609493
2022-09-27,1.038942016762337,1.1916771166293625
2022-09-28,1.039176119292383,1.1914085986336516
2022-09-29,1.038559808609976,1.1907020024823185
2022-09-30,1.038559808609976,1.191244835796124
2022-10-03,1.0383898959240039,1.1914397283849019
2022-10-04,1.0376755651889724,1.1922593453902903
2022-10-05,1.0375376378188006,1.1924178199671132
2022-10-06,1.0371425368364842,1.1928719003154569
2022-10-07,1.0371425368364842,1.1930581084234413
2022-10-10,1.0371425368364842,1.1915454754007264
2022-10-11,1.0371425368364842,1.1915670415176
2022-10-12,1.0363849529958318,1.19243742519549
2022-10-13,1.0363319929240007,1.1924983596692198
2022-10-14,1.0349766028893344,1.1940579953883594
2022-10-17,1.0351459504616791,1.1942533725806488
2022-10-18,1.0350275096943362,1.1941167268392563
2022-10-19,1.0355816079050602,1.1934774607950787
2022-10-21,1.035999632424989,1.1936780003606244
2022-10-24,1.035999632424989,1.1942626144934054
2022-10-25,1.0363929710555573,1.194716040929691
2022-10-26,1.037098692240041,1.1955295705879132
2022-10-27,1.0370084441555636,1.1954255358856338
2022-10-28,1.0369135467873845,1.1955349301127
2022-10-31,1.0369135467873845,1.1959652562597782
2022-11-01,1.037297239720872,1.1964078036823143
2022-11-02,1.037297239720872,1.1962858501891942
2022-11-03,1.0365764615948885,1.195454596966664
2022-11-04,1.0360798365794992,1.196027340685639
2022-11-07,1.0369311863681736,1.1970101197995566
2022-11-08,1.0368862916765789,1.1970619452252655
2022-11-09,1.036922764604831,1.1971040524021006
2022-11-10,1.0368935359072604,1.1971377962772498
2022-11-11,1.0371376262333611,1.1974196089657871
2022-11-14,1.0366558894223634,1.1979757946534517
2022-11-15,1.0366558894223634,1.1980281525184016
2022-11-16,1.0368478035015842,1.1978063639074294
2022-11-17,1.0357009890418931,1.1991312079717173
2022-11-18,1.0359094172622825,1.1993725254816312
2022-11-21,1.035991537603719,1.1994676041435883
2022-11-22,1.0367000194108222,1.2002878820560037
2022-11-23,1.035977768412442,1.1994516622190914
2022-11-24,1.036578393710188,1.2001470642187466
2022-11-25,1.0367516288333032,1.199946493161422
2022-11-28,1.036685698966536,1.20002280103519
2022-11-29,1.0368996793696283,1.2002704955514176
2022-11-30,1.0368996793696283,1.2010031824436247
2022-12-01,1.037043780521449,1.2011700895662458
2022-12-02,1.0366398547350768,1.2007022370202802
2022-12-05,1.0363564210957459,1.2010305278951072
2022-12-06,1.0370548089880784,1.2018398876500425
2022-12-07,1.0365602285572013,1.2012667197862732
2022-12-08,1.0371275404521163,1.201924175938193
2022-12-09,1.0364892312579108,1.202663910659638
2022-12-12,1.0365264101282003,1.2027070502159285
2022-12-13,1.0360863742833504,1.2021964658180997
2022-12-14,1.035665708883056,1.201708357422817
2022-12-15,1.0358786785855978,1.2019554713991
2022-12-16,1.0361014548874978,1.2016969785847365
2022-12-20,1.035269265867546,1.2029286506436083
2022-12-21,1.0353146167689469,1.2029813460151666
2022-12-22,1.0353146167689469,1.2033598785833843
2022-12-23,1.0360283129748122,1.2041894171272483
2022-12-26,1.036143248798486,1.2040558256985359
2022-12-27,1.0358536297003433,1.2037192722704682
2022-12-28,1.0360208866717082,1.2035249104088297
2022-12-29,1.0360208866717082,1.203852761234292
2022-12-30,1.036099261946875,1.203761689430011
2023-01-02,1.0360442665601985,1.2036977946450151
2023-01-03,1.0363939543865237,1.2041040692405585
2023-01-04,1.035780138006771,1.204817213887436
2023-01-05,1.035780138006771,1.2043873488156283
2023-01-06,1.0362589365859234,1.2049440875772652
2023-01-09,1.0362589365859234,1.2049399451743121
2023-01-10,1.0369052878997098,1.2056915087933078
2023-01-11,1.0379219247570943,1.204509384986265
2023-01-12,1.0372279296756786,1.2053147669410738
2023-01-13,1.0368149811893266,1.2057946353425562
2023-01-16,1.0368149811893266,1.2060384812216258
2023-01-17,1.0367909105005353,1.2060104818413329
2023-01-18,1.0367103155154844,1.205916732565784
2023-01-19,1.0369762151926107,1.2056074341387966
2023-01-20,1.0369762151926107,1.2055997248773664
2023-01-23,1.0360312095812987,1.206698398586863
2023-01-24,1.0357599732152183,1.207014316182357
2023-01-25,1.0357599732152183,1.207380737311225
2023-01-26,1.034953302915794,1.2064404053751854
2023-01-27,1.0359725346651234,1.2076285192363303
2023-01-30,1.0363139367143377,1.2072305484047097
2023-01-31,1.03663545333423,1.2076050919398322
2023-02-01,1.0363642961909825,1.207289213541261
2023-02-02,1.0366483893020642,1.2076201614038136
2023-02-03,1.0360114798624787,1.2083621146911283
2023-02-06,1.0363390750187063,1.2079800208790075
2023-02-07,1.0365030760508815,1.207788857605281
2023-02-08,1.0370032525414217,1.2072060251891803
2023-02-09,1.036621015875715,1.2076509981482897
2023-02-10,1.0373316595888156,1.2084788895148646
2023-02-13,1.036692122300321,1.209223942753199
2023-02-14,1.0362500351457156,1.2087082811014578
2023-02-16,1.0362500351457156,1.2089194110996502
2023-02-17,1.0362500351457156,1.2094787558472684
2023-02-20,1.036054331359395,1.209707175209358
2023-02-21,1.0352359142133691,1.2106627670773666
2023-02-22,1.0354916038595257,1.2109617848474024
2023-02-23,1.0359436336770493,1.2114904137929123
2023-02-24,1.0359436336770493,1.2119369389488814
2023-02-27,1.036011648234479,1.2120165082920926
2023-02-28,1.0365767941461657,1.2126776651195523
2023-03-01,1.0365767941461657,1.2116323962941764
2023-03-02,1.0365767941461657,1.210937658262995
2023-03-03,1.0361039246057255,1.2114900684049141
2023-03-06,1.0361623640652018,1.2114217366255655
2023-03-07,1.0365771947361457,1.210936740345804
2023-03-08,1.0364481000349566,1.2107859310115376
2023-03-09,1.0359464545098365,1.2113719568281223
2023-03-10,1.0359464545098365,1.211340197882122
2023-03-13,1.0354619889333991,1.2119066872259234
2023-03-14,1.0344559364964,1.21308417291746
2023-03-15,1.034476813977421,1.2130596903456043
2023-03-16,1.0346665005786089,1.2128372579366893
2023-03-17,1.0346665005786089,1.211662985414402
2023-03-20,1.0334765651466489,1.213056478600016
2023-03-21,1.0332962016171854,1.2128447745756603
2023-03-22,1.0327946733457662,1.2134334498677408
2023-03-23,1.032846926444122,1.2134948421841811
2023-03-24,1.0343927215426911,1.2153110013178927
2023-03-27,1.0343927215426911,1.2164288299329358
2023-03-28,1.0347363087127257,1.2168328827946011
2023-03-29,1.0347363087127257,1.2169516969137506
2023-03-30,1.0346433007396239,1.2170610834402884
2023-03-31,1.0346433007396239,1.2171563301488724
2023-04-03,1.0336479635653342,1.2159854136200037
2023-04-04,1.0337949365634667,1.215812514307835
2023-04-05,1.0337949365634667,1.2157187328637167
2023-04-06,1.0337949365634667,1.2159768972981229
2023-04-07,1.0346837670547546,1.2170223631877248
2023-04-10,1.0346837670547546,1.216248426605383
2023-04-11,1.0338984999122582,1.2171714911753864
2023-04-12,1.0342809745075157,1.216721217600673
2023-04-13,1.0336421448954878,1.2159697027197616
2023-04-17,1.0328680661191298,1.2173205930638213
2023-04-18,1.0328680661191298,1.2177200346158363
2023-04-19,1.0322848062818695,1.217032389007925
2023-04-20,1.0319135393653225,1.217470101410215
2023-04-21,1.0318044100144705,1.2175988541756166
2023-04-24,1.0320960819414469,1.2179430467383103
2023-04-25,1.0321134445397644,1.2179225577002601
2023-04-26,1.0320417312156924,1.2178379339841978
2023-04-27,1.0320245875273977,1.2178581640129866
2023-04-28,1.0326411774583797,1.2185857814461079
2023-05-01,1.032600265229001,1.21853750227412
2023-05-02,1.0327902026789861,1.2187616411918474
2023-05-03,1.0331387483835912,1.2191729484775604
2023-05-04,1.032998333825523,1.219007249890573
2023-05-05,1.0336440504208255,1.2197692387392223
2023-05-08,1.0336440504208255,1.2205971070697434
2023-05-09,1.0332688920253013,1.2210401195865606
2023-05-10,1.0324492570079002,1.222008703125065
2023-05-11,1.0322056475034687,1.2222970397503847
2023-05-12,1.032051281551258,1.2221142457045648
2023-05-15,1.032051281551258,1.2228298063626657
2023-05-16,1.03235523614881,1.223189948100108
2023-05-17,1.0329668992339207,1.2239146793855544
2023-05-18,1.0323934651786133,1.2245941148625974
2023-05-19,1.0323934651786133,1.2258327611505293
2023-05-22,1.0323934651786133,1.2257710308491168
2023-05-23,1.0323934651786133,1.2255571773714833
2023-05-24,1.0322643500404693,1.2254039044289504
2023-05-25,1.0324485726381818,1.2256225955912596
2023-05-26,1.0329994255230432,1.2262765145954844
2023-05-29,1.0329994255230432,1.2259719823059059
2023-05-30,1.0331753703763356,1.2261807950653691
2023-05-31,1.0332714802942395,1.2262948590848262
2023-06-01,1.0331882664509873,1.2263936179397168
2023-06-02,1.0334164260698628,1.2266644432186582
2023-06-05,1.0340231874724437,1.2273846685017942
2023-06-06,1.033578906863403,1.226857307786236
2023-06-07,1.0343166622678281,1.2277330228412429
2023-06-08,1.0343166622678281,1.2288299090336638
2023-06-09,1.0343481878254097,1.2288673632770966
2023-06-12,1.0342503543641977,1.228751131287777
2023-06-14,1.034901430657718,1.229249028214205
2023-06-15,1.0353921988347612,1.229831959387008
2023-06-16,1.0353921988347612,1.2306609315316446
2023-06-19,1.0356928876888967,1.2310183284926686
2023-06-20,1.0356928876888967,1.2313845420314857
2023-06-21,1.0356928876888967,1.2311042170473374
2023-06-22,1.03525094946905,1.2316295388030383
2023-06-23,1.0352974218240822,1.2315742510245296
2023-06-26,1.0363120706908757,1.2327812620648664
2023-06-27,1.0358615963063154,1.2333171396214753
2023-06-28,1.0354233297803996,1.233838948345789
2023-06-29,1.0347505456179151,1.2330372402138314
2023-06-30,1.034824639642605,1.233125532693702
2023-07-03,1.0339869173808427,1.2341237856060427
2023-07-04,1.033138202992253,1.2351367758059555
2023-07-05,1.033138202992253,1.2347768803484864
2023-07-06,1.0335365773306737,1.2343007548684863
2023-07-07,1.0331932014762646,1.233890678354895
2023-07-10,1.0331932014762646,1.2337587661814085
2023-07-11,1.0331932014762646,1.2337309368615714
2023-07-12,1.0335854296853613,1.234199294643234
2023-07-13,1.0335854296853613,1.2343108335877826
2023-07-14,1.032574886180529,1.2355176276853017
2023-07-17,1.0321695728123386,1.2360026015286887
2023-07-18,1.0321695728123386,1.237047687290152
2023-07-19,1.0323515533496919,1.2368295849465116
2023-07-20,1.0323480927550408,1.2368254389113436
2023-07-21,1.0323480927550408,1.2365135632888775
2023-07-24,1.0323480927550408,1.2367273147945963
2023-07-25,1.0319317981748106,1.2372260253380503
2023-07-26,1.0320231550782415,1.2373355569356994
2023-07-27,1.0320231550782415,1.238112655101574
2023-07-28,1.0316371089008989,1.2376495175689812
2023-07-31,1.0315811424105863,1.237716660267841
2023-08-01,1.0314595191332396,1.2378625868948987
2023-08-02,1.031990571131013,1.2372252672642732
2023-08-03,1.031990571131013,1.2383605272963591
2023-08-04,1.0313009478306934,1.2391880564402384
2023-08-07,1.0323200742574241,1.2404126158655584
2023-08-08,1.0324303636501517,1.2402800946082984
2023-08-09,1.0318604764714867,1.2395954772735545
2023-08-11,1.0308472598543061,1.2382315940908797
2023-08-14,1.0321970387801984,1.2398529195540857
2023-08-15,1.032270562354264,1.2399412344925484
2023-08-16,1.0321447103067554,1.240092405269709
2023-08-17,1.0321447103067554,1.2405395623739002
2023-08-18,1.0326906562536868,1.2411957373649873
2023-08-21,1.032105903210451,1.2418985547869137
2023-08-22,1.0314325434951208,1.2410883235357222
2023-08-23,1.0314613345502361,1.2410536802208965
2023-08-24,1.0310369140171411,1.241564342760456
2023-08-25,1.030251164633081,1.2406181512086965
2023-08-28,1.0315259057820225,1.242153181754411
2023-08-29,1.0320721410764924,1.2428109528343316
2023-08-30,1.0333079506213678,1.2442991023316976
2023-08-31,1.0336148176228803,1.2446686285066269
2023-09-01,1.0333737782530859,1.2449588857056368
2023-09-04,1.0333737782530859,1.245176720774583
2023-09-05,1.0333737782530859,1.2453601758382529
2023-09-06,1.0341547900319266,1.2463014044495235
2023-09-07,1.0345550117585436,1.245819081198902
2023-09-08,1.0345550117585436,1.245584379483026
2023-09-11,1.0350263726344864,1.2450168700345183
2023-09-12,1.0359076859452168,1.2460769878910831
2023-09-13,1.0360587862658963,1.2462587440794157
2023-09-14,1.0360587862658963,1.2467892735718622
2023-09-15,1.0355501454304403,1.247401370053407
2023-09-18,1.0359180715858252,1.2469581741421991
2023-09-19,1.0359180715858252,1.2470108109939313
2023-09-20,1.0365189063642801,1.2477340800292975
2023-09-21,1.0368330207687564,1.2481122026521332
2023-09-22,1.0368330207687564,1.2489732200489756
2023-09-25,1.0368330207687564,1.2485543605042546
2023-09-26,1.0365716198642525,1.2488691394827598
2023-09-27,1.0369885126292906,1.2483668640019803
2023-09-28,1.0371917238447583,1.2486114975198004
2023-09-29,1.0376808817498446,1.249200364717978
2023-10-02,1.0371883619940214,1.24979327904205
2023-10-03,1.0371883619940214,1.2493962883896885
2023-10-04,1.0366801757753796,1.2500084491105832
2023-10-05,1.0367006066705413,1.2499838139413464
2023-10-06,1.0367023835919684,1.2499859564336033
2023-10-10,1.0367023835919684,1.2512667095590608
2023-10-11,1.0362944285061353,1.25175909833522
2023-10-12,1.0361532741160002,1.251588595351453
2023-10-13,1.035344186213507,1.2525659075085378
2023-10-16,1.0356613663382759,1.2521821809989242
2023-10-17,1.035556172119194,1.252054994322893
2023-10-18,1.0357651548572298,1.252307668091762
2023-10-19,1.0356626105956028,1.2521836853872348
2023-10-20,1.036022274052227,1.2517488287959018
2023-10-23,1.0359541650795963,1.2516665377787528
2023-10-24,1.0356481699115376,1.2520362490319061
2023-10-25,1.0356481699115376,1.2527773490362066
2023-10-26,1.0364817012301701,1.2537856346548488
2023-10-27,1.0364817012301701,1.253767384739247
2023-10-30,1.0362336385147848,1.2534673187163246
2023-10-31,1.0362336385147848,1.2537420092713487
2023-11-01,1.0368363179616678,1.2530128257044413
2023-11-02,1.0369900948142985,1.25319866445768
2023-11-03,1.0371457246581404,1.2533867425438912
2023-11-06,1.0375097878995017,1.2529467734736621
2023-11-07,1.0373967941835294,1.2530832301254466
2023-11-08,1.0373967941835294,1.2535339120278983
2023-11-09,1.0378518718468204,1.254083803146456
2023-11-10,1.0375417666938236,1.254458517361649
2023-11-13,1.0369214660729138,1.2552085029739917
2023-11-14,1.0375679022541773,1.2559910233652658
2023-11-15,1.0374690453389759,1.2558713556328498
2023-11-16,1.0375388577912619,1.2559558646208397
2023-11-17,1.0384102533104012,1.2570107015596674
2023-11-20,1.0378424589486597,1.2563233782337286
2023-11-21,1.0376321684772234,1.2560688185621647
2023-11-22,1.0368547515043525,1.2570098931050606
2023-11-23,1.0368547515043525,1.2575636123910272
2023-11-24,1.037179478668106,1.2579574622185934
2023-11-27,1.037179478668106,1.2570611834803822
2023-11-28,1.0367637526644506,1.2575650432586623
2023-11-29,1.0366190008724276,1.257389463438159
2023-11-30,1.037059877851052,1.2568546921604493
2023-12-01,1.0376752528895374,1.2576004899885953
2023-12-04,1.0372593320697494,1.258104561204812
2023-12-05,1.0372593320697494,1.2589851182974092
2023-12-07,1.0368701829823226,1.2596937382855942
2023-12-08,1.037150090313885,1.2593536788271813
2023-12-11,1.037356022479148,1.2591036268507751
2023-12-12,1.0366772671209987,1.2599274745122055
2023-12-13,1.037733209466139,1.2612108158319564
2023-12-14,1.0374174969044672,1.2615945176291448
2023-12-15,1.0373401759683458,1.2615004883020902
2023-12-18,1.0373401759683458,1.2621515516860153
2023-12-19,1.0373401759683458,1.2626117692724306
2023-12-20,1.0369636495117196,1.2630700632309528
2023-12-21,1.0366646870360883,1.2627059129994793
2023-12-22,1.0366646870360883,1.263171749537795
2023-12-25,1.0362130264701273,1.263722096119903
2023-12-26,1.0362130264701273,1.2645775426407289
2023-12-27,1.0356137287120757,1.2653089158881476
2023-12-28,1.0356137287120757,1.2647640011981318
2023-12-29,1.0353900535893779,1.2650371689201392
2024-01-01,1.034729450447383,1.265844292308694
2024-01-02,1.034729450447383,1.2664350376448155
2024-01-03,1.034729450447383,1.266158177518643
2024-01-04,1.0342107719436835,1.2655234908102688
2024-01-05,1.0342037396390396,1.2655320959679046
2024-01-08,1.0337974304099173,1.2660292875275887
2024-01-09,1.0333810721650434,1.266539176328439
2024-01-10,1.0347738445627934,1.2682461950197759
2024-01-11,1.0346623546286497,1.2681095500074346
2024-01-12,1.034819306974422,1.2683019149540082
2024-01-15,1.0348160216856481,1.2682978884171867
2024-01-16,1.0340744353969324,1.2692067961885654
2024-01-17,1.0345441087617377,1.2697832659340635
2024-01-18,1.0345441087617377,1.270513643412923
2024-01-19,1.0341902701539383,1.2700790976309035
2024-01-22,1.0341902701539383,1.2708772441678655
2024-01-23,1.0341902701539383,1.2702617552202067
2024-01-24,1.0341090464955718,1.2703615195574078
2024-01-25,1.034861644566553,1.2712860561256816
2024-01-26,1.035303851710646,1.2718292898798325
2024-01-29,1.035303851710646,1.2720883151512405
2024-01-30,1.036403378822072,1.2734393152352503
2024-01-31,1.0369275785789567,1.2727952256914548
2024-02-01,1.0367904379601893,1.2726268899962516
2024-02-05,1.0365862930331835,1.272606721387373
2024-02-06,1.0372496814539123,1.273421156778603
2024-02-07,1.0372496814539123,1.2739904403587818
2024-02-08,1.0369749260158496,1.2736529750331356
2024-02-09,1.0376283093631955,1.2744554858974835
2024-02-12,1.038746670421182,1.2758291004882802
2024-02-13,1.0384203892496158,1.2762298517257855
2024-02-14,1.0385233751508713,1.276356422508534
2024-02-15,1.0385233751508713,1.2761921728963672
2024-02-16,1.0387703999555726,1.2758886158173317
2024-02-19,1.0389934879170655,1.2761626276590312
2024-02-20,1.0391290572822154,1.2763291431947605
2024-02-21,1.0390200886303282,1.2761953004683702
2024-02-22,1.0396067923944994,1.2769159300257729
2024-02-23,1.0395233796752605,1.2768134768379504
2024-02-26,1.0392455445466966,1.2764722207936658
2024-02-27,1.0399209954808455,1.277301855674926
2024-02-28,1.039236626317381,1.2781424445333671
2024-02-29,1.039236626317381,1.279021337715897
2024-03-01,1.0397722948176191,1.2796806018568991
2024-03-04,1.0397722948176191,1.2791732539126208
2024-03-05,1.0397722948176191,1.2795429228819628
2024-03-06,1.0392103448346448,1.2802344580645333
2024-03-07,1.0397464885510608,1.2808949496229962
2024-03-08,1.0399569639739026,1.2806356586235974
2024-03-11,1.0402155599349445,1.280954101809574
2024-03-12,1.0402155599349445,1.2816908886779468
2024-03-13,1.0399365090243207,1.282034718383442
2024-03-14,1.0404556261454878,1.2813947503022483
2024-03-15,1.0400843742113328,1.2818519733375333
2024-03-18,1.0407133954786154,1.2810767360849316
2024-03-19,1.0406082349243977,1.2809472876314503
2024-03-20,1.0401496623756659,1.281511772173054
2024-03-21,1.0406869155915908,1.2808498517343423
2024-03-22,1.0398514976073374,1.2818780620300956
2024-03-25,1.0398514976073374,1.2828929512452547
2024-03-26,1.0390365835749564,1.2838983327544586
2024-03-27,1.0391258205726823,1.283788065960766
2024-03-28,1.0399516745556183,1.2827677646011721
2024-03-29,1.040199554318309,1.28246200792338
2024-04-01,1.0399112815357543,1.2821065964160303
2024-04-03,1.0407333548511843,1.283962872446401
2024-04-04,1.0395703124906432,1.2853977291299659
2024-04-05,1.0390328100935646,1.2847331234247956
2024-04-08,1.0388584504313954,1.2849487139539897
2024-04-09,1.0395723876430158,1.2858317723740609
2024-04-10,1.039441829721653,1.2859932575437505
2024-04-11,1.0402500804561914,1.2869932221067502
2024-04-12,1.0400781966877508,1.2872058760148144
2024-04-15,1.0400465230175104,1.287245075504409
2024-04-16,1.0400465230175104,1.2873843018345075
2024-04-17,1.040238510741344,1.2876219469555077
2024-04-18,1.039325380211732,1.2887522328449676
2024-04-19,1.0390205152729959,1.2891302620723806
2024-04-22,1.039579240028821,1.2884370428526293
2024-04-23,1.0391846629783772,1.2889260750191789
2024-04-24,1.0391979962624533,1.2889095374218456
2024-04-25,1.0382849164528416,1.2900420235113765
2024-04-26,1.03815594272014,1.2902022700222118
2024-04-29,1.03890806134222,1.291136990051836
2024-04-30,1.0389593392879695,1.2910732627067565
2024-05-01,1.0390462645902554,1.2911812813070909
2024-05-02,1.0390462645902554,1.2907554982462024
2024-05-03,1.0393645062367234,1.2903601624763255
2024-05-06,1.039557494684489,1.2905997556155184
2024-05-07,1.039557494684489,1.2909848419810968
2024-05-08,1.0398908198888812,1.2913987852103275
2024-05-09,1.0396764995231915,1.2916649410938148
2024-05-10,1.039139278117773,1.2923323699097038
2024-05-13,1.0399342058636705,1.2933209870079077
2024-05-14,1.0392728271343288,1.2941435149968854
2024-05-15,1.03866679925833,1.2948981648108266
2024-05-16,1.0375975028809417,1.296231248642627
2024-05-17,1.037695145959547,1.2963532304413017
2024-05-20,1.0371339849250105,1.2956521932216987
2024-05-21,1.0377384870035633,1.296407374765519
2024-05-22,1.0377384870035633,1.296715168708086
2024-05-23,1.0384760194024698,1.2957935786725874
2024-05-24,1.0384760194024698,1.2952391411103257
2024-05-27,1.0387985375983033,1.2948368803135821
2024-05-28,1.0383120197073894,1.2954433129232623
2024-05-29,1.0377845405081507,1.2947852068930996
2024-05-31,1.0382541755888535,1.296181105336777
2024-06-03,1.039731763839552,1.2980257615077353
2024-06-04,1.0392469392414716,1.2974204949957293
2024-06-05,1.0392469392414716,1.2975393419461199
2024-06-06,1.0392469392414716,1.298145343840108
2024-06-07,1.0392469392414716,1.2986586870008596
2024-06-10,1.038655821420921,1.2993973567661605
2024-06-11,1.0384158831410353,1.2990971849862114
2024-06-12,1.0384158831410353,1.298790469151912
2024-06-13,1.0384158831410353,1.2996950351467023
2024-06-14,1.0384158831410353,1.3001610117631799
2024-06-17,1.0389263416303791,1.300800137412877
2024-06-18,1.0389060382681747,1.300825558480076
2024-06-19,1.0388666850700232,1.300776283912331
2024-06-20,1.03938326673513,1.30142310143794
2024-06-21,1.0396975443336403,1.301816611839787
2024-06-24,1.039738346738595,1.3017655227044298
2024-06-25,1.0395443305454877,1.301522611983838
2024-06-26,1.039258978864871,1.3018798758866628
2024-06-27,1.0389369608314263,1.3014764838487396
2024-06-28,1.0389369608314263,1.3025489044934666
2024-07-01,1.0387380066813614,1.3027983397527574
2024-07-02,1.0387380066813614,1.3028689060689993
2024-07-03,1.0387380066813614,1.303021387352495
2024-07-04,1.0385641187213002,1.3028032575358275
2024-07-05,1.0382168416237698,1.3023676236392059
2024-07-08,1.0379067866195861,1.3019786821553012
2024-07-09,1.0382519438261513,1.3024116568026716
2024-07-10,1.0382519438261513,1.303216944860365
2024-07-11,1.0368437993208075,1.3049844520546336
2024-07-12,1.0368421842281625,1.3049864848302473
2024-07-15,1.036687198078122,1.3051815529266417
2024-07-16,1.0366682179968958,1.3051576571440608
2024-07-17,1.0366682179968958,1.305001813265861
2024-07-18,1.037023082797481,1.3054485320908313
2024-07-19,1.0361092881044005,1.3065988555122696
2024-07-22,1.036750485537587,1.3074074457275855
2024-07-23,1.0367531480643593,1.3074108033409892
2024-07-24,1.0376290736075908,1.3063062062435205
2024-07-25,1.0376290736075908,1.3064755382480306
2024-07-26,1.0374887236282926,1.3062988240257611
2024-07-30,1.0369275732912084,1.30660737824285
2024-07-31,1.0372140322627814,1.3069683382707844
2024-08-01,1.0376491489396424,1.3075166182809097
2024-08-02,1.0376498394948077,1.3075174884327865
2024-08-05,1.0378755344217754,1.307801881156448
2024-08-06,1.0374762629298673,1.3083049935151958
2024-08-07,1.0380019111438383,1.3089678599418728
2024-08-08,1.0382670207373388,1.308633544625563
2024-08-09,1.0382670207373388,1.3078234952189567
2024-08-12,1.0387143997085933,1.308387023404084
2024-08-13,1.038251840907941,1.3089696724291713
2024-08-14,1.0385252528201632,1.3093143748289924
2024-08-15,1.0386704170174526,1.3094973897048516
2024-08-16,1.039295992435785,1.310286080095902
2024-08-19,1.03781253474447,1.3121563403273357
2024-08-20,1.03774746595286,1.312074070722171
2024-08-21,1.03774746595286,1.3119008556128775
2024-08-22,1.03774746595286,1.312892673629518
2024-08-23,1.038164654869039,1.3134204747463993
2024-08-26,1.0373292428934384,1.312363564179799
2024-08-27,1.0373292428934384,1.3115017916018383
2024-08-28,1.0374154224703107,1.3113928342286207
2024-08-29,1.0375309597283542,1.3115388844308857
2024-08-30,1.037399913755046,1.3117045391403
2024-09-02,1.0375065064614497,1.311839316611336
2024-09-03,1.0375065064614497,1.311599166952473
2024-09-04,1.0369457597620255,1.3123080539804153
2024-09-05,1.036207358081653,1.313242539186708
2024-09-06,1.0363273182467514,1.3130905070759664
2024-09-09,1.0363273182467514,1.3131207046811624
2024-09-10,1.0361778013719056,1.3129312532399022
2024-09-11,1.0361778013719056,1.3136696031787412
2024-09-12,1.0361778013719056,1.3137359113954807
2024-09-13,1.0369345223732103,1.3146953331790827
2024-09-16,1.0375233316370276,1.315441865167912
2024-09-17,1.0383611754045845,1.3165041398510033
2024-09-18,1.0383943062796825,1.316546145402883
2024-09-19,1.0393640989861892,1.3177757138258508
2024-09-20,1.0394730985187377,1.3179139107646818
2024-09-23,1.0390636765163452,1.3173948180117332
2024-09-24,1.0382927731373763,1.318372221167665
2024-09-26,1.0382927731373763,1.3160685293105796
2024-09-27,1.03759500684894,1.3169529698814701
2024-09-30,1.0370420732067425,1.3176547731837531
2024-10-01,1.0370420732067425,1.3163961513001037
2024-10-02,1.0360186381218937,1.3176952750691466
2024-10-03,1.0362502775714624,1.317989893521928
2024-10-04,1.0363516253440992,1.318118796107488
2024-10-07,1.035852243528248,1.3174836404886707
2024-10-08,1.0357900361291248,1.317404519908323
2024-10-09,1.0351425501069997,1.3182280468610563
2024-10-10,1.0351425501069997,1.3195106343348593
2024-10-11,1.0351425501069997,1.320280932439642
2024-10-14,1.0351425501069997,1.3210732083831243
2024-10-15,1.0350121857981733,1.3212395823725833
2024-10-16,1.0342331318422593,1.322234079768345
2024-10-17,1.0342331318422593,1.323083375309685
2024-10-18,1.035018913078617,1.3220781337848817
2024-10-21,1.0354670880625707,1.3226506086825935
2024-10-22,1.0345734002867935,1.3237921579353231
2024-10-23,1.0342411028395488,1.323366965527861
2024-10-24,1.0342411028395488,1.3235772300179238
2024-10-25,1.0349008774522455,1.3244215811580125
2024-10-28,1.035282798289621,1.3239328153154712
2024-10-29,1.0357718301989922,1.3245581955435812
2024-10-30,1.0357718301989922,1.3233592114886323
2024-10-31,1.0362226132819616,1.3227832661618357
2024-11-01,1.0358474815709553,1.3232621381180791
2024-11-04,1.0363292626418688,1.3238775980784923
2024-11-05,1.0361549440382745,1.323654911619134
2024-11-06,1.036577408527811,1.3231152267006023
2024-11-07,1.036577408527811,1.3234742870377747
2024-11-08,1.0361957143578218,1.3239616239364347
2024-11-11,1.0357924619069772,1.3234463826916787
2024-11-12,1.035610170807309,1.3236792985559322
2024-11-13,1.0358996277361225,1.3240492718869157
2024-11-14,1.0347469295718428,1.3255226088051413
2024-11-15,1.0344650828115445,1.3251615598932605
2024-11-18,1.0344650828115445,1.3253065800036659
2024-11-19,1.0341314463673752,1.3257340188627764
2024-11-20,1.0341314463673752,1.3248595790488886
2024-11-21,1.03422096974067,1.3249742703669747
2024-11-25,1.0336996643879162,1.325014648163118
2024-11-26,1.0336996643879162,1.3251392873208414
2024-11-27,1.0336996643879162,1.3247732474946445
2024-11-28,1.0336996643879162,1.3250163682799714
2024-11-29,1.0335326370169122,1.32523046721814
2024-12-02,1.0332100303623406,1.3256441243705643
2024-12-03,1.0332100303623406,1.3259017312106813
2024-12-04,1.0342277497646697,1.3272077540693266
2024-12-05,1.0342277497646697,1.327514776821519
2024-12-06,1.0342277497646697,1.3270393725330931
2024-12-09,1.0347142059757022,1.327663554726232
2024-12-10,1.035234525083469,1.3283311871142092
2024-12-11,1.034899184034004,1.3287614702660273
2024-12-12,1.0341838200893985,1.3296799636434251
2024-12-13,1.0352168059635756,1.33100810337346
2024-12-16,1.0349119540716405,1.3314000602429357
2024-12-17,1.0349266931910615,1.3313810985675896
2024-12-18,1.0349168895660878,1.3313937104376605
2024-12-19,1.0347315497860965,1.3316321452529218
2024-12-20,1.0347315497860965,1.3312950314495717
2024-12-23,1.0348785898736579,1.3311058483343623
2024-12-24,1.0348785898736579,1.3310065546081258
2024-12-25,1.0348785898736579,1.3313459992721377
2024-12-26,1.0348785898736579,1.3315523875830773
2024-12-27,1.034955399093307,1.3314535590820213
2024-12-30,1.0348308352986482,1.3312933097535222
2024-12-31,1.0355495947841116,1.3322179823296376
2025-01-01,1.0354014540128265,1.332027401597999
2025-01-02,1.035527384933927,1.3318653934832099
2025-01-03,1.0358967948950544,1.3323405178984515
2025-01-06,1.0357965030671965,1.332211525448115
2025-01-07,1.03509054511908,1.3331195081572453
2025-01-08,1.0339196546787874,1.334627527813332
2025-01-09,1.0339196546787874,1.3344220416051915
2025-01-10,1.0341496178531302,1.3347188421614162
2025-01-13,1.034109452191873,1.3347706817250173
2025-01-14,1.0341916835479061,1.3346645420867822
2025-01-15,1.0341916835479061,1.3353479061870583
2025-01-16,1.0340385832903352,1.3355455891810686
2025-01-17,1.0328944075813113,1.337023385895938
2025-01-20,1.0332627162020946,1.336546631219371
2025-01-22,1.0334329537576983,1.3381444071442001
2025-01-23,1.034083404435359,1.3389866455625417
2025-01-24,1.0342292879666748,1.33879774774308
2025-01-27,1.0343609433107532,1.3386273214360886
2025-01-28,1.0343609433107532,1.3383800285059424
2025-01-29,1.0343609433107532,1.337697175645994
2025-01-30,1.0343609433107532,1.3381830780665682
2025-01-31,1.034528569174895,1.3379662155716223
2025-02-03,1.0337641664664983,1.3389548252914507
2025-02-04,1.032744312306556,1.3402757635603944
2025-02-05,1.0329770706717567,1.339973694217647
2025-02-06,1.033519782226713,1.3406776974601553
2025-02-07,1.0339394625461176,1.3401332898407132
2025-02-10,1.0340674220558896,1.3402991436503502
2025-02-11,1.0338939416365438,1.3400742882371248
2025-02-12,1.0338939416365438,1.34126541991614
2025-02-13,1.0331215024957736,1.3402633384967781
2025-02-14,1.033545073824973,1.3408128354556479
2025-02-17,1.0334625104254993,1.3409199445392832
2025-02-18,1.0325520048258274,1.3421013276140423
2025-02-19,1.032751870493076,1.3423611111175417
2025-02-20,1.032751870493076,1.343579343979849
2025-02-21,1.0326025387194417,1.3433850678016233
2025-02-24,1.032313762869907,1.3437607565585845
2025-02-25,1.032313762869907,1.344034770384467
2025-02-26,1.032709991973939,1.343518894580025
2025-02-27,1.032709991973939,1.3447877557756376
2025-02-28,1.0331324234827393,1.345337843142956
2025-03-03,1.0330978594277513,1.3452928340713879
2025-03-04,1.0341775238562474,1.3438869025755447
2025-03-05,1.033937781373148,1.344198441721964
2025-03-06,1.0337750332679478,1.34441002674511
2025-03-07,1.0333735388364205,1.3449321646591212
2025-03-10,1.0329499026705495,1.3443808036224971
2025-03-11,1.0329499026705495,1.3457297336692797
2025-03-12,1.0329499026705495,1.3460358930608447
2025-03-13,1.0338929985837149,1.347264840318052
2025-03-14,1.0324783287587216,1.3491082950261146
2025-03-17,1.0324856615640385,1.3490987134705477
2025-03-18,1.0324424014183038,1.349042187545658
2025-03-19,1.0327310649982862,1.3486650049087678
2025-03-21,1.0311340838884748,1.346833067252621
2025-03-24,1.0306311033746887,1.3474900436815218
2025-03-25,1.0304587085954393,1.3477154397983868
2025-03-26,1.0305094026724124,1.347781741523699
2025-03-27,1.0303791820580275,1.347952054347612
2025-03-28,1.030743781703525,1.3484290271453165
2025-03-31,1.030743781703525,1.349008643064977
2025-04-01,1.0316327408057866,1.3478451982462267
2025-04-02,1.0314540109119656,1.3476116846908297
2025-04-03,1.0314938005419572,1.3475596988826997
2025-04-04,1.0314938005419572,1.3494191659392907
2025-04-07,1.0314938005419572,1.3499460876874194
2025-04-08,1.0314938005419572,1.3484845487959527
2025-04-09,1.0319372778380835,1.349064312126817
2025-04-10,1.0319372778380835,1.3484798325288643
2025-04-11,1.0314602687793768,1.3478565028852767
2025-04-14,1.0314602687793768,1.3484627977368069
2025-04-15,1.0323714735089973,1.3496540464123075
2025-04-16,1.0334685821460385,1.3510883335360147
2025-04-17,1.0331754822743804,1.350705154188331
2025-04-18,1.033583322804691,1.3512383378689627
2025-04-21,1.0336442273997082,1.3513179605001757
2025-04-22,1.0342993460254912,1.3521744191750389
2025-04-23,1.0347612313275198,1.3527782574085212
2025-04-24,1.0343871324016527,1.3532673295516513
2025-04-25,1.034053348131513,1.3537040126210254
2025-04-28,1.035085091437598,1.3550546925022575
2025-04-29,1.035085091437598,1.3540019333547018
2025-04-30,1.0354190773625576,1.35443882264221
2025-05-01,1.0360981829167413,1.3553271652924164
2025-05-02,1.0362196931119543,1.3551682169696149
2025-05-05,1.0365194445288277,1.3555602319021998
2025-05-06,1.0364679176059082,1.3556276188170817
2025-05-07,1.0373459851771072,1.3544791677840247
2025-05-08,1.036583976243956,1.3554741349795092
2025-05-09,1.0363704715838682,1.3551949486800112
2025-05-12,1.0358511355358613,1.3558740509974003
2025-05-13,1.0361341209308634,1.355503638164193
2025-05-14,1.0361341209308634,1.355225764653548
2025-05-15,1.035721266147056,1.3557657637026803
2025-05-16,1.0349142048416418,1.3568222121148679
2025-05-20,1.0349142048416418,1.3571675728512202
2025-05-21,1.0346960262217626,1.3568814573968144
2025-05-22,1.0342402898323892,1.3562838130253947
2025-05-23,1.0349909200234946,1.35726817573856
2025-05-26,1.035735638491107,1.3582447859255866
2025-05-27,1.035735638491107,1.3591269885244852
2025-05-28,1.035153990834781,1.3583637309922096
2025-05-29,1.035153990834781,1.3585647755755181
2025-05-30,1.0369339780840146,1.3562286709966893
2025-06-02,1.035948277216461,1.357517890759815
2025-06-03,1.035948277216461,1.357832554537279
2025-06-04,1.0362093895899107,1.358174798343133
2025-06-05,1.0364415905964732,1.3584791475976672
2025-06-06,1.0366277435110922,1.3587231409447778
2025-06-09,1.0368229395925,1.3584672945867284
2025-06-10,1.0371029176977136,1.358834127808303
2025-06-11,1.0371029176977136,1.359498609069901
2025-06-12,1.037666008919923,1.3602367438493042
2025-06-13,1.0388118440586518,1.3617387753745682
2025-06-16,1.0387258839360671,1.361626093532588
2025-06-17,1.0385359468066147,1.361377112203064
2025-06-18,1.0385880506727465,1.3613088112347371
2025-06-19,1.0392093872916226,1.3604944065114488
2025-06-20,1.0392093872916226,1.3598523164770997
2025-06-23,1.0392093872916226,1.359509934678654
2025-06-24,1.0392093872916226,1.3605691161411593
2025-06-25,1.0394585664019194,1.360895350109023
2025-06-26,1.0399462704336888,1.3615338692097525
2025-06-27,1.0399058355935218,1.3614809305090245
2025-06-30,1.0399058355935218,1.3614680661779612
2025-07-01,1.0395782734790042,1.3618969178521618
2025-07-02,1.0395782734790042,1.3619714487382466
2025-07-03,1.0400505613295827,1.3625902021159226
2025-07-04,1.0400505613295827,1.362637528422418
2025-07-07,1.0398808134129558,1.3624151306946846
2025-07-08,1.0402368198052072,1.3628815577016755
2025-07-09,1.0395850963714799,1.3620276926666777
2025-07-10,1.0400295249657403,1.362609967321161
2025-07-11,1.0400295249657403,1.3635440141423232
2025-07-14,1.0399741444243242,1.3636166215096481
2025-07-15,1.0400715013427082,1.3634889668820414
2025-07-17,1.038988300139019,1.3645364127972535
2025-07-18,1.038988300139019,1.3634154825051077
2025-07-21,1.0386047107227478,1.3629121161543998
2025-07-22,1.039193771963753,1.363685113517337
2025-07-23,1.040080618091854,1.3648488799827445
2025-07-24,1.03916755783649,1.3636507139509837
2025-07-25,1.03916755783649,1.3638945021992455
2025-07-28,1.0396875409654582,1.3645769735923214
2025-07-29,1.038831126241086,1.3657010072723235
2025-07-30,1.038833441936578,1.3657040516051182
2025-07-31,1.0385956258393678,1.3653914062912638
2025-08-01,1.0390905990598198,1.3647406889526428
2025-08-04,1.0390905990598198,1.3654893496384712
2025-08-05,1.038767599422015,1.3659138098017705
2025-08-06,1.039118917346311,1.3654518489120644
2025-08-07,1.0395422021326592,1.364895632501712
2025-08-08,1.0398033431606102,1.3652385048235727
2025-08-11,1.0391158007582113,1.3643357770456443
2025-08-12,1.0386072578216219,1.3650034825333741
2025-08-13,1.038092187272069,1.3643265441732817
2025-08-14,1.038092187272069,1.364769563877497
2025-08-15,1.0392715031737898,1.3663199988664114
2025-08-18,1.0393065706383133,1.3662738960165386
2025-08-19,1.0390080374965323,1.3658814439237352
2025-08-20,1.0396896447516382,1.3667774857907802
2025-08-21,1.0396832775328229,1.3667691154358692
2025-08-22,1.039535683304982,1.3665750878540195
2025-08-25,1.0405398235427652,1.367895132038846
2025-08-26,1.0415708343575691,1.366539763755249
2025-08-27,1.0415708343575691,1.3673594637506614
2025-08-28,1.0418252028800585,1.3670255323510552
2025-08-29,1.0421120271441842,1.3674018873204623
2025-09-01,1.0421120271441842,1.36640250009232
2025-09-02,1.0418017834843156,1.3659957130085514
2025-09-03,1.0419255736771886,1.3661580249525869
2025-09-04,1.0413739214167275,1.3668813435673248
2025-09-05,1.0410495211748823,1.3664555439296464
2025-09-08,1.0421245649768622,1.367866619515681
2025-09-09,1.0421245649768622,1.367631656340586
2025-09-10,1.0421245649768622,1.3684833072010203
2025-09-11,1.0417314474652726,1.3679670783638362
2025-09-15,1.0424317613905336,1.3673661151698837
2025-09-16,1.0424317613905336,1.3674846683137356
2025-09-17,1.0424317613905336,1.3689077006144765
2025-09-18,1.041469608626446,1.3701711869899968
2025-09-19,1.041469608626446,1.3697834338206556
2025-09-22,1.041002174131582,1.3691686448511478
2025-09-23,1.0411499039043928,1.3689743446106009
2025-09-24,1.040853524990148,1.3685846455592316
2025-09-25,1.0401771956022463,1.3694739292032792
2025-09-26,1.0396059934721005,1.370225961096352
2025-09-29,1.0396610534410735,1.3702985314733773
2025-09-30,1.040324593610134,1.3711730935397621
2025-10-01,1.0394956801132713,1.3700805654088777
2025-10-02,1.0390494906340042,1.3694924768331105
2025-10-03,1.0387022729880464,1.3690348355385915
2025-10-06,1.03803085856384,1.3699197760645974
2025-10-07,1.0389365268678243,1.368724539034843
2025-10-08,1.0382432188659911,1.367811155348085
2025-10-09,1.0388045901886989,1.3685507219000637
2025-10-10,1.0389450993723817,1.368365611103886
2025-10-13,1.0388964990637666,1.3684296212147553
2025-10-14,1.0399537499419977,1.3698222271385705
2025-10-15,1.0399537499419977,1.369919924387956
2025-10-16,1.0401297915554772,1.3696880266580425
2025-10-17,1.0397076224233088,1.3702439572834797
2025-10-20,1.039247589331867,1.3696376737955993
2025-10-21,1.0399303204602584,1.3705374538712203
2025-10-22,1.0392756556024472,1.3714002450503127
2025-10-23,1.039184993767182,1.3715198799733757
2025-10-24,1.0396453202178022,1.3721274203844573
2025-10-27,1.0396453202178022,1.3727981945723982
2025-10-28,1.0398075982452826,1.3725839147802312
2025-10-29,1.039641742762547,1.3723649795001227
2025-10-30,1.039490447548064,1.3721652643046065
2025-10-31,1.039490447548064,1.371855612729423
2025-11-03,1.0392235557646918,1.3715033853550649
2025-11-04,1.0387063273750181,1.3721859915984516
2025-11-05,1.0393130778780661,1.371384442095252
2025-11-06,1.039798417044955,1.3720248521860878
2025-11-07,1.040808290351822,1.3706923138287794
2025-11-10,1.0410582105001156,1.3710214461286587
2025-11-12,1.0408407604912089,1.3717685504351216
2025-11-13,1.0405032925007123,1.3722133139318191
2025-11-14,1.0406898003403235,1.3724592800354458
2025-11-17,1.040646837999998,1.3724026214012854
2025-11-18,1.040646837999998,1.3725361174794106
2025-11-19,1.041286220692815,1.3733794159037533
2025-11-20,1.0410326959996947,1.373713796200002
2025-11-21,1.0412410005375923,1.3739886682752216
2025-11-24,1.0412318986650593,1.3740006788181354
2025-11-25,1.039987307629524,1.3756430304689722
2025-11-26,1.0400012679516872,1.3756245644552563
2025-11-27,1.0400012679516872,1.3760150833777747
2025-11-28,1.0400012679516872,1.3756200186217085
2025-12-01,1.0397655012715445,1.3753081676894812
2025-12-02,1.0392370163394788,1.376007199964241
2025-12-03,1.0396094951460646,1.376500382473753
2025-12-04,1.0388595296566936,1.3774933781974177
2025-12-05,1.0388595296566936,1.3768093269760806
2025-12-08,1.0380834835748765,1.3757808265358313
2025-12-09,1.0379028302725657,1.3760202478863315
2025-12-10,1.0379028302725657,1.3758324484492628
2025-12-11,1.037408321258614,1.376487964098321
2025-12-12,1.038398277278028,1.3778014898507045
2025-12-15,1.03792529860385,1.3784290628505926
2025-12-16,1.0379763329378016,1.3784968396060264
2025-12-17,1.0385861716740172,1.3793067432077428
2025-12-18,1.0387734563030506,1.3790580176240883
2025-12-19,1.0387734563030506,1.3791850232191787
2025-12-22,1.037618685845632,1.3807182180755393
2025-12-23,1.0378343395583929,1.3810051799566871
2025-12-24,1.0378343395583929,1.3809193291113968
2025-12-25,1.0378343395583929,1.3811608055530298
2025-12-26,1.0381192060527875,1.3807817022396431
2025-12-29,1.0389292124092566,1.3818590755790336
2025-12-30,1.0390863338378697,1.381650091492819
2025-12-31,1.0382111648588672,1.3828137843069128
2026-01-01,1.0373413443901136,1.3839723152250698
2026-01-02,1.0376759363613806,1.3844187121874914
2026-01-05,1.037080757378671,1.3852127721554361
2026-01-06,1.0372169480278317,1.3853946799049757
2026-01-07,1.037106736077641,1.3855418883069852
2026-01-09,1.037278270078517,1.3850836078632205
2026-01-12,1.0364865695820653,1.386140770065114
2026-01-13,1.0368596443317706,1.3856418401840862
2026-01-14,1.037168014939936,1.386053941493355
2026-01-15,1.0370077120018428,1.3862681676514863
2026-01-16,1.0370077120018428,1.385796657662961
2026-01-19,1.0370077120018428,1.3858615616919994
2026-01-20,1.0369461513946436,1.3859438315519474
2026-01-21,1.0367962668531658,1.385743501423496
2026-01-22,1.0365350474995092,1.3860926375395761
2026-01-23,1.0371918181339428,1.3852143797873306
2026-01-26,1.0370034004832356,1.3854660196813235
2026-01-27,1.0370034004832356,1.3859667540192462
2026-01-28,1.0370034004832356,1.3860182648690424
2026-01-29,1.0370034004832356,1.3859887817556267
2026-01-30,1.0370034004832356,1.3858801818198723
2026-02-02,1.037745767294636,1.3848880621690776
2026-02-03,1.0370663644619071,1.3857947359441996
2026-02-04,1.0375641196019842,1.3864598683566907
2026-02-05,1.0375641196019842,1.3867410196810042
2026-02-06,1.0375641196019842,1.3865561807154312
2026-02-09,1.0364465732186718,1.3880496217623441
2026-02-10,1.0356640676029902,1.3890975837624508
2026-02-11,1.0358383118921528,1.389331291128219
2026-02-12,1.0350417604340045,1.3903996758877841
2026-02-13,1.0353983899036943,1.3908787459292296
2026-02-16,1.035645278358136,1.3912103978877866
2026-02-17,1.035645278358136,1.3917747132429297
2026-02-18,1.0349464621920272,1.3927138327363704
2026-02-19,1.0351470616076224,1.3924438887429909
2026-02-20,1.0354036722813862,1.3920987049737263
2026-02-23,1.0348461860009872,1.392848244452637
2026-02-24,1.0348461860009872,1.3923230776752462
2026-02-25,1.0348461860009872,1.3916083016578227
2026-02-26,1.0340607017195917,1.3905520225106425
2026-02-27,1.0340607017195917,1.3907409895716334
2026-03-02,1.0334325451048878,1.3898961618448988
2026-03-03,1.0334325451048878,1.3906894155559484
2026-03-04,1.0334325451048878,1.3911963414686639
2026-03-05,1.034140887677352,1.392149905007945
2026-03-06,1.0343760869118737,1.3924665278162094
