date,strategy,buy_and_hold
2006-02-22,1.000141296920797,0.9999460876444431
2006-02-23,1.000141296920797,1.0006020132600433
2006-02-24,1.000141296920797,1.0000033076327492
2006-02-27,1.000141296920797,0.9993712961491575
2006-02-28,1.000141296920797,0.999589286710686
2006-03-01,1.000141296920797,1.0002895943196746
2006-03-02,1.000141296920797,0.9997670543423914
2006-03-03,1.000141296920797,0.9995003764399863
2006-03-06,1.000141296920797,1.00006488015361
2006-03-07,1.000141296920797,1.000500095001776
2006-03-08,1.000141296920797,1.0005544135888007
2006-03-09,0.9995417843368598,1.0011541738063892
2006-03-10,0.9989282373976304,1.0017687104757524
2006-03-13,0.9984938706234168,1.0022043123808615
2006-03-14,0.9980812112428855,1.0026185052195764
2006-03-15,0.9981020054493935,1.0025976164822556
2006-03-16,0.9981303299455638,1.0025691644080255
2006-03-17,0.9988853020474823,1.001810834832555
2006-03-20,0.998343319575729,1.0023544046612216
2006-03-21,0.9986465310341501,1.0020499749776322
2006-03-22,0.9983380317802959,1.0023595256144175
2006-03-23,0.9984815376323821,1.0022154416937004
2006-03-24,0.9985612078683983,1.0021354735242656
2006-03-27,0.9980823611829222,1.0026160342010815
2006-03-28,0.9983444174635975,1.0023527875602365
2006-03-29,0.9979785288464528,1.002720145226505
2006-03-30,0.9978445072013701,1.0028548036380205
2006-03-31,0.9976401904174307,1.003060146320932
2006-04-03,0.9984990347797441,1.0021966360493897
2006-04-04,0.9980174930987153,1.0026799609561095
2006-04-05,0.9972101376971358,1.003491088103811
2006-04-06,0.9972101376971358,1.0040379525699636
2006-04-07,0.9972101376971358,1.0043151489950748
2006-04-10,0.9972101376971358,1.004580999610883
2006-04-11,0.9972101376971358,1.0043012928985529
2006-04-12,0.9972101376971358,1.0038436849111747
2006-04-13,0.9972101376971358,1.0045706703602557
2006-04-14,0.9972101376971358,1.0051835021533881
2006-04-17,0.9972101376971358,1.0049424374439118
2006-04-18,0.9972101376971358,1.0057725536821054
2006-04-19,0.9972101376971358,1.0054899091156393
2006-04-21,0.9972101376971358,1.0062331231892188
2006-04-24,0.9972101376971358,1.0058212135116726
2006-04-25,0.9972101376971358,1.0050982578097019
2006-04-26,0.9972101376971358,1.0057985717636717
2006-04-27,0.9975349614156543,1.0061261930140084
2006-04-28,0.9981366930376626,1.006733107026534
2006-05-01,0.9983037839765005,1.0069016370296744
2006-05-02,0.9980584216942942,1.0066541615742226
2006-05-03,0.9973374774220953,1.0059270081971288
2006-05-04,0.9978597964124621,1.0064538256397684
2006-05-05,0.9983613933329796,1.006959742544527
2006-05-08,0.9992086214684248,1.0078142673997963
2006-05-09,1.0001221201251178,1.0087356335286362
2006-05-10,1.0004400496484005,1.0090563012077451
2006-05-11,0.9999714700357122,1.0085836859711133
2006-05-12,1.0008411579553895,1.0094608640446452
2006-05-15,1.00081828448776,1.0094377935801528
2006-05-16,1.001051990250747,1.0096735121250608
2006-05-17,1.0007106982637355,1.0093292807739
2006-05-18,0.9997826282499891,1.008393217792753
2006-05-19,1.0003279915954801,1.0089432780591416
2006-05-22,1.0007746878272255,1.0093938214450513
2006-05-23,1.0004932580146433,1.0091099678290016
2006-05-24,1.0004722711367502,1.0090888002024276
2006-05-25,0.9998988831915219,1.0085104739755113
2006-05-26,1.0001214403822103,1.0087349479314691
2006-05-29,1.0004918645220047,1.0091085623349614
2006-05-30,1.0008152960594126,1.0094347794140812
2006-05-31,1.0008670540756055,1.0094869831942037
2006-06-01,1.001013954238126,1.00963514852874
2006-06-02,1.0011258925556468,1.0097480509107273
2006-06-05,1.001098637721055,1.0097205613449178
2006-06-06,1.0010162176232584,1.00963743140719
2006-06-07,1.0008981061544358,1.009518302707872
2006-06-08,1.0008496440799723,1.009469423255651
2006-06-09,1.0014338630950836,1.0100586738346244
2006-06-12,1.0018910145025743,1.0105197624410798
2006-06-13,1.0021008800892286,1.0107314354870505
2006-06-14,1.002708076175068,1.0113438610258922
2006-06-15,1.0027119126109307,1.0113477305029117
2006-06-16,1.0034699691739368,1.0121123157989942
2006-06-20,1.0035570777313088,1.0122406050684083
2006-06-21,1.0040925848960551,1.0127807458421516
2006-06-22,1.0040925848960551,1.013250350524597
2006-06-23,1.0040925848960551,1.0138841466573345
2006-06-26,1.0040925848960551,1.0138103847311206
2006-06-27,1.0040925848960551,1.0138250699389093
2006-06-28,1.0040925848960551,1.013271633622639
2006-06-29,1.0040925848960551,1.0139165580887683
2006-06-30,1.0040925848960551,1.0140360041470302
2006-07-03,1.0040925848960551,1.0145014228269804
2006-07-04,1.0040925848960551,1.0142785011328654
2006-07-05,1.0040925848960551,1.014826835976818
2006-07-06,1.0040925848960551,1.015039530139525
2006-07-07,1.0040925848960551,1.0152276784694725
2006-07-10,1.0040925848960551,1.0150917851666492
2006-07-11,1.0040925848960551,1.0157338622995462
2006-07-12,1.0040925848960551,1.0163184928711153
2006-07-13,1.0041130722859302,1.0163392297170137
2006-07-14,1.0050388287575152,1.0172762582700772
2006-07-17,1.0054313573165585,1.0176735662868246
2006-07-18,1.0062627496374537,1.0185150817040949
2006-07-19,1.0059608758249612,1.0182095322530138
2006-07-20,1.0059608758249612,1.0193669815045348
2006-07-21,1.0059608758249612,1.0199234223284293
2006-07-24,1.0059608758249612,1.0199666973339816
2006-07-25,1.0059608758249612,1.0197732107071378
2006-07-26,1.0059608758249612,1.0199373331584867
2006-07-27,1.0055936269387447,1.0203096844681794
2006-07-28,1.0066425897737403,1.0192453709020208
2006-07-31,1.0059042237944122,1.0199929809416781
2006-08-01,1.0048212857981151,1.0210910866349334
2006-08-02,1.00488671066473,1.0210246024261602
2006-08-03,1.0044254532325263,1.021493267382452
2006-08-04,1.0036747089552056,1.022256768767588
2006-08-07,1.0041451376397539,1.0217776305540702
2006-08-08,1.0040892238013548,1.0218345262230062
2006-08-09,1.0038926962718768,1.022034526990083
2006-08-10,1.0034811119682587,1.0224535492328257
2006-08-11,1.0037051996689057,1.0222252247909072
2006-08-14,1.0038317222806477,1.0220963676271986
2006-08-15,1.0035262233429378,1.0224074250959123
2006-08-17,1.0029232618989838,1.0225025732182798
2006-08-18,1.0018617556221197,1.023584802478299
2006-08-21,1.0016255736985373,1.0238261054587177
2006-08-22,1.0017157221860093,1.0237339588749392
2006-08-23,1.0016311909384543,1.0238203481636283
2006-08-24,1.0013592045852873,1.0240983598363023
2006-08-25,1.0015493026529811,1.0239039449665515
2006-08-28,1.0010402346328988,1.0244243754162936
2006-08-29,1.0014846704459832,1.0239695576532508
2006-08-30,1.0012348994905766,1.0242249363547624
2006-08-31,1.0017550273167546,1.0236928655191029
2006-09-01,1.0018162927727345,1.023630258386142
2006-09-04,1.001967877081872,1.023475373417062
2006-09-05,1.002394185395243,1.0230399142868865
2006-09-06,1.0020514210201212,1.0233897383800965
2006-09-07,1.0020058641249385,1.0234362653926474
2006-09-08,1.0020494627483978,1.023391734303592
2006-09-11,1.001857635610906,1.0235876470945495
2006-09-12,1.002024285832282,1.0234173822765524
2006-09-13,1.001815442470372,1.0236306844187997
2006-09-14,1.0022781190773902,1.0231579327004408
2006-09-15,1.0017206672577232,1.0237269975543315
2006-09-18,1.0024722062689362,1.0229589483359798
2006-09-19,1.0021441247830891,1.0232937345670912
2006-09-20,1.0012836283947997,1.0241723911804248
2006-09-21,1.0008765672265623,1.0245887575307853
2006-09-22,1.000197455667014,1.0252839582096767
2006-09-25,1.0003885652024669,1.0250880553508457
2006-09-26,0.9997428992703478,1.0257496627080114
2006-09-27,0.999536314419602,1.0259616215437557
2006-09-28,0.9987743197392193,1.0267437615086725
2006-09-29,0.9984731387076484,1.027053376743204
2006-10-02,0.9973099551276654,1.0282498552234764
2006-10-03,0.9966488287450547,1.0289314919640993
2006-10-04,0.9967336391035263,1.0288439344953506
2006-10-05,0.9969087257979095,1.028663207291552
2006-10-06,0.9968122510285676,1.0287627550666751
2006-10-09,0.9964133519610034,1.0291744399183786
2006-10-10,0.9962601689124951,1.0293326594743926
2006-10-11,0.9963902905819889,1.0291982182026298
2006-10-12,0.9959585246242293,1.0296442008247078
2006-10-16,0.9963826860945185,1.0286648029123555
2006-10-17,0.9962794789299828,1.0287713539183574
2006-10-18,0.9960456058663565,1.0290128543340544
2006-10-19,0.9961232380610033,1.0289326526588185
2006-10-20,0.9948937557686485,1.0302026305371905
2006-10-23,0.994744607129822,1.0303570724755071
2006-10-24,0.9944044251315358,1.0307094331973956
2006-10-25,0.9938642779334392,1.0312693007908245
2006-10-26,0.9937364673595765,1.0314019216366155
2006-10-27,0.9944019683967347,1.0307111962067639
2006-10-30,0.9947264275375709,1.03037488988417
2006-10-31,0.994864656392471,1.0302317072590748
2006-11-01,0.9952484679293007,1.0298342513716703
2006-11-02,0.9957629789669271,1.0293018606106388
2006-11-03,0.9958275825734801,1.0292350810518163
2006-11-06,0.9951591529588442,1.0299259347905925
2006-11-07,0.9947456233701963,1.0303539114080866
2006-11-08,0.9949479742500417,1.0301443171001277
2006-11-09,0.9947989684524435,1.030298593986541
2006-11-10,0.9948750753278859,1.030219771220085
2006-11-13,0.9948041258209896,1.0302932413336454
2006-11-14,0.9949940113316743,1.0300965817569432
2006-11-15,0.994825198026941,1.0302713506562335
2006-11-16,0.9950445927680419,1.0300441387634414
2006-11-17,0.9947950283207947,1.0303024813523054
2006-11-20,0.9956539413381565,1.0294129109505035
2006-11-21,0.9948388936182155,1.030255593946184
2006-11-22,0.9950724513420499,1.0300137214650884
2006-11-23,0.9946336464901375,1.0304679346411296
2006-11-24,0.9940425796222065,1.0310802962446015
2006-11-27,0.9934472684646927,1.0316977885102552
2006-11-28,0.9931808503387556,1.0319744644849882
2006-11-29,0.9933522017991351,1.0317964200417193
2006-11-30,0.9933020539032862,1.0318485087362586
2006-12-01,0.9930565528959947,1.032103536748404
2006-12-04,0.9928077079615842,1.0323621662656837
2006-12-05,0.993466597045434,1.0316770263775894
2006-12-06,0.9940193156521542,1.0311030492652231
2006-12-07,0.9934213234458037,1.0317233506795878
2006-12-08,0.9931631012799631,1.0319915287746952
2006-12-11,0.9927982707964479,1.0323706225689986
2006-12-13,0.9918134908944334,1.0334591112867861
2006-12-14,0.99146723965478,1.0338199013967204
2006-12-15,0.9907349575900493,1.0345834644693823
2006-12-18,0.9906212957841158,1.0347021567836683
2006-12-19,0.9909770517979533,1.0343305702688488
2006-12-20,0.9907033545159345,1.0346162413298263
2006-12-21,0.9907033545159345,1.0340396391573061
2006-12-22,0.9907033545159345,1.0347674366099107
2006-12-25,0.9907033545159345,1.035562413989334
2006-12-26,0.9907033545159345,1.0355299119378183
2006-12-27,0.9907033545159345,1.0352625804852555
2006-12-28,0.9907033545159345,1.0345968318957384
2006-12-29,0.9907033545159345,1.0351756285399607
2007-01-01,0.9907033545159345,1.0347837283999588
2007-01-02,0.9907033545159345,1.0348355390231954
2007-01-03,0.9907033545159345,1.0349616865253328
2007-01-04,0.9907033545159345,1.034754766979132
2007-01-05,0.9907033545159345,1.0349667124077324
2007-01-08,0.9907033545159345,1.0359701465840878
2007-01-09,0.9907033545159345,1.0354578186033196
2007-01-10,0.9907033545159345,1.0351357450926175
2007-01-11,0.9907033545159345,1.0355042712806242
2007-01-12,0.9907033545159345,1.0352775149962423
2007-01-15,0.9907033545159345,1.035162195132024
2007-01-16,0.9907033545159345,1.0351467272749988
2007-01-17,0.9907033545159345,1.036200424781741
2007-01-18,0.9907033545159345,1.037172419919325
2007-01-19,0.9907033545159345,1.037819598930121
2007-01-22,0.9907033545159345,1.0372828437699182
2007-01-23,0.9907033545159345,1.0376872400080213
2007-01-24,0.9907033545159345,1.0379975384079112
2007-01-25,0.9907033545159345,1.0382657534554773
2007-01-26,0.9907033545159345,1.0399072190242629
2007-01-29,0.9907033545159345,1.0393495283348002
2007-01-30,0.9907033545159345,1.0406726731201432
2007-01-31,0.9907033545159345,1.0413001346358632
2007-02-01,0.9907033545159345,1.0416949364987576
2007-02-02,0.9907033545159345,1.0424131756686628
2007-02-05,0.9907033545159345,1.0415253742216202
2007-02-06,0.9907033545159345,1.041747799059612
2007-02-07,0.9907033545159345,1.0415989929431138
2007-02-09,0.9907033545159345,1.0418865949427016
2007-02-12,0.9907033545159345,1.0417189890866594
2007-02-13,0.9907033545159345,1.0423926711880738
2007-02-14,0.9907033545159345,1.042207376905096
2007-02-15,0.9907033545159345,1.0423037103894306
2007-02-16,0.9907033545159345,1.0429422846276692
2007-02-19,0.9907033545159345,1.0434339010913294
2007-02-20,0.9907033545159345,1.0431109420035647
2007-02-21,0.9907033545159345,1.0427848457668287
2007-02-22,0.9907033545159345,1.0433016633995174
2007-02-23,0.9907033545159345,1.0439495862912611
2007-02-26,0.9907033545159345,1.044161772585462
2007-02-27,0.9907033545159345,1.0435488557213504
2007-02-28,0.9907033545159345,1.0435314187512008
2007-03-01,0.9907033545159345,1.0433100643720032
2007-03-02,0.9907033545159345,1.0431183625084712
2007-03-05,0.9907033545159345,1.043264225662823
2007-03-06,0.9907033545159345,1.043487345984577
2007-03-07,0.9907033545159345,1.043782163825112
2007-03-08,0.9907033545159345,1.0440272218140112
2007-03-09,0.9907033545159345,1.0443519136249428
2007-03-12,0.9907033545159345,1.044488218752648
2007-03-13,0.9907033545159345,1.044951390717981
2007-03-14,0.9907033545159345,1.0448707357402298
2007-03-15,0.9907033545159345,1.0450802437553284
2007-03-16,0.9907033545159345,1.0455997145968454
2007-03-19,0.9907033545159345,1.0467358977911494
2007-03-20,0.9907033545159345,1.0463749779456657
2007-03-21,0.9907033545159345,1.0464705736982807
2007-03-22,0.9907033545159345,1.0458713056674862
2007-03-23,0.9907033545159345,1.047327846919089
2007-03-26,0.9907033545159345,1.0464160163455736
2007-03-27,0.9907033545159345,1.0465420852900176
2007-03-28,0.9907033545159345,1.0463473880992513
2007-03-29,0.9907033545159345,1.0473005882973354
2007-03-30,0.9907033545159345,1.0475934875199298
2007-04-02,0.9907033545159345,1.0481948740172404
2007-04-03,0.9907033545159345,1.0485976746115047
2007-04-04,0.9907033545159345,1.0477586327671733
2007-04-05,0.9907033545159345,1.0482010897867626
2007-04-06,0.9907033545159345,1.0479434328912085
2007-04-10,0.9907033545159345,1.0478209080482797
2007-04-11,0.9907033545159345,1.0479070549698053
2007-04-12,0.9907033545159345,1.0479352918189535
2007-04-13,0.9907033545159345,1.0473602397265527
2007-04-16,0.9907033545159345,1.047758599004238
2007-04-17,0.9907033545159345,1.048281781398789
2007-04-18,0.9907033545159345,1.0485107299386571
2007-04-19,0.9907033545159345,1.0485132001820119
2007-04-20,0.9907033545159345,1.0483368162353734
2007-04-23,0.9907033545159345,1.0488279581649846
2007-04-24,0.9907033545159345,1.0492545583777861
2007-04-25,0.9907033545159345,1.048570225452469
2007-04-26,0.98966732379646,1.049666770609143
2007-04-27,0.9889753059307556,1.0504007426630158
2007-04-30,0.9881967442852481,1.0512276609144078
2007-05-01,0.9878540960730672,1.0515921645223083
2007-05-02,0.9878184740908863,1.051630084896881
2007-05-03,0.9878184740908863,1.0518912855767126
2007-05-04,0.9878184740908863,1.052238520591332
2007-05-07,0.9878184740908863,1.0519748937410534
2007-05-08,0.9878184740908863,1.0521468333447934
2007-05-09,0.9878184740908863,1.052838027539969
2007-05-10,0.9878184740908863,1.0528069305483798
2007-05-11,0.9878184740908863,1.052746392247241
2007-05-14,0.9878184740908863,1.0539000097288358
2007-05-15,0.9878184740908863,1.0537590572064026
2007-05-16,0.9878184740908863,1.0537767403990181
2007-05-17,0.9878184740908863,1.0542868024848988
2007-05-18,0.9878184740908863,1.0537398348241744
2007-05-21,0.9878184740908863,1.053948223802197
2007-05-22,0.9878184740908863,1.0541055273752067
2007-05-23,0.9878184740908863,1.0547377418125348
2007-05-24,0.9878184740908863,1.0550021887361858
2007-05-25,0.9878184740908863,1.0558220510770955
2007-05-28,0.9878184740908863,1.0567735769993079
2007-05-29,0.9878184740908863,1.0563608868808476
2007-05-30,0.9878184740908863,1.057090523493578
2007-05-31,0.9878184740908863,1.0577499874322331
2007-06-01,0.9878184740908863,1.058842302291992
2007-06-04,0.9878184740908863,1.0594214401814168
2007-06-05,0.9878184740908863,1.0599565402600866
2007-06-07,0.9878184740908863,1.0590195528984658
2007-06-08,0.9878184740908863,1.0594160978081466
2007-06-11,0.9878184740908863,1.0586715804650304
2007-06-12,0.9878184740908863,1.0589587824624715
2007-06-13,0.9878184740908863,1.0589633583267108
2007-06-14,0.9878184740908863,1.060517411554793
2007-06-15,0.9878184740908863,1.059712249343897
2007-06-18,0.9878184740908863,1.0604786335252936
2007-06-19,0.9878184740908863,1.061465212223112
2007-06-20,0.9878184740908863,1.0608450211473384
2007-06-21,0.9878184740908863,1.059728383294196
2007-06-22,0.9878184740908863,1.0594611007476233
2007-06-25,0.9878184740908863,1.0593135711004562
2007-06-26,0.9878184740908863,1.059409971000247
2007-06-27,0.9878184740908863,1.059229637453052
2007-06-28,0.9878841905316417,1.0591591702533167
2007-06-29,0.9874321877154191,1.0596437846771236
2007-07-02,0.9873550683174849,1.0597265438698213
2007-07-03,0.9869978652824112,1.060109929290087
2007-07-04,0.9862686374115628,1.06089317486112
2007-07-05,0.9858278957201134,1.0613672646117203
2007-07-06,0.984984869354676,1.0622748881344106
2007-07-09,0.9847003729634525,1.0625817084537517
2007-07-10,0.9843220398770809,1.0629899644352858
2007-07-11,0.9838299335706474,1.0635214003312448
2007-07-12,0.9838299335706474,1.0638698102316801
2007-07-13,0.9838299335706474,1.0634857668888598
2007-07-16,0.9838299335706474,1.0632515302299121
2007-07-17,0.9838299335706474,1.0642794555632569
2007-07-18,0.9838299335706474,1.0647034341189054
2007-07-19,0.9838299335706474,1.0644447469260678
2007-07-20,0.9838299335706474,1.064950985544019
2007-07-23,0.9838299335706474,1.0650455837394572
2007-07-24,0.9838299335706474,1.0648837695704965
2007-07-25,0.9838299335706474,1.065340141510989
2007-07-26,0.9838299335706474,1.0654291093945572
2007-07-27,0.9838299335706474,1.0662415772617506
2007-07-30,0.9838299335706474,1.0665216319664177
2007-07-31,0.9838299335706474,1.0658189290927809
2007-08-01,0.9838299335706474,1.066433995130246
2007-08-02,0.9838299335706474,1.0660208397483981
2007-08-06,0.9838299335706474,1.0658246487753062
2007-08-07,0.9838299335706474,1.0657207583885582
2007-08-08,0.9838299335706474,1.0654048211347211
2007-08-09,0.9838299335706474,1.065373297828692
2007-08-10,0.9838299335706474,1.0658078443331986
2007-08-13,0.9838299335706474,1.0657972067021897
2007-08-14,0.9839808150872793,1.0656337545714076
2007-08-15,0.984037715631757,1.0655721322918679
2007-08-16,0.984037715631757,1.0656517267453072
2007-08-17,0.984037715631757,1.0662866443975325
2007-08-20,0.984037715631757,1.0665561897601603
2007-08-21,0.984037715631757,1.067185397285842
2007-08-22,0.984037715631757,1.0669458133535394
2007-08-23,0.984037715631757,1.0677409571963197
2007-08-24,0.984037715631757,1.068248651832834
2007-08-27,0.984037715631757,1.0685373612785625
2007-08-28,0.984037715631757,1.0684265763814447
2007-08-29,0.984037715631757,1.068943338086763
2007-08-30,0.984037715631757,1.0683653577917296
2007-08-31,0.984037715631757,1.0690816579662255
2007-09-03,0.984037715631757,1.0693937390149089
2007-09-04,0.984037715631757,1.0694994380243534
2007-09-05,0.984037715631757,1.068840668786508
2007-09-06,0.9834745063330508,1.0694524146514615
2007-09-07,0.983180519505222,1.0697721025751163
2007-09-10,0.9834259405803424,1.0695050665483248
2007-09-11,0.9832763801522061,1.069667717978439
2007-09-12,0.9833275626699906,1.069612038529503
2007-09-13,0.9828484073813488,1.070133238467868
2007-09-14,0.9826552092854424,1.0703435941061181
2007-09-17,0.9821434056849065,1.0709010690984628
2007-09-18,0.9824984810366248,1.0705139050941386
2007-09-19,0.9831524427614597,1.0698013593412978
2007-09-20,0.9823060087993928,1.0707223927068545
2007-09-21,0.9814621472544987,1.0716422093875717
2007-09-24,0.98113176956705,1.072002943294529
2007-09-25,0.9818685571815778,1.0711979153504179
2007-09-26,0.9815307033640102,1.0715665067493627
2007-09-27,0.9810050798738424,1.0709926678207444
2007-09-28,0.980849296294253,1.0708225942146743
2007-10-01,0.9810545102330268,1.071046632426372
2007-10-03,0.980600729949955,1.0708948672386571
2007-10-04,0.9815537681579987,1.0719356616151088
2007-10-05,0.9820787764692965,1.0725090129176875
2007-10-08,0.9824922091776919,1.0729605146878236
2007-10-09,0.9833964583955275,1.0739480275628488
2007-10-10,0.9841840362565607,1.074808125932319
2007-10-11,0.9850160410604328,1.0757167420966471
2007-10-12,0.985061072949679,1.0757659205416379
2007-10-15,0.98581808209252,1.076592635412187
2007-10-16,0.9856582441281811,1.0764180794992937
2007-10-17,0.986657468511778,1.0775093128942232
2007-10-18,0.9861180774516658,1.0769202544731284
2007-10-19,0.985890388246421,1.0766715995478615
2007-10-22,0.9867567240755235,1.0776177079530003
2007-10-23,0.9863893127185734,1.0772164652001592
2007-10-24,0.9862196800557874,1.0770312126887698
2007-10-25,0.9864510513237308,1.0772838887226532
2007-10-26,0.9861226339761598,1.076925230564359
2007-10-29,0.9858221350233236,1.0765970615386034
2007-10-30,0.9865197963201828,1.0773589637879681
2007-10-31,0.9865521845883789,1.0773943343818404
2007-11-01,0.98605654872214,1.0768530601517043
2007-11-02,0.9860500197861359,1.0768459300284627
2007-11-05,0.9860212707063144,1.076814533720997
2007-11-06,0.986309234437613,1.0771290132766203
2007-11-07,0.9863017214670029,1.0771208085084425
2007-11-08,0.9870280859760713,1.0779140569741512
2007-11-09,0.9872874307292369,1.0781972823038166
2007-11-12,0.9875803764232435,1.0785172025634184
2007-11-13,0.9879716313269942,1.0789444843871123
2007-11-14,0.9874358606217775,1.0783593796847502
2007-11-15,0.9868253353132084,1.0776926369429827
2007-11-16,0.9867009546555752,1.077556803260858
2007-11-19,0.9872549473220785,1.0781618078105453
2007-11-20,0.9872160027565302,1.0781192772126387
2007-11-21,0.9866892538900406,1.0775440250837969
2007-11-22,0.986571583012554,1.0774155190212629
2007-11-23,0.9855921344296218,1.0763458823912353
2007-11-26,0.9857721154595216,1.0765424361518365
2007-11-27,0.985505588664475,1.0762513674547824
2007-11-28,0.9856483748261169,1.076407301427647
2007-11-30,0.9857928921022027,1.0764377858884533
2007-12-03,0.9853134401958016,1.0759142477774553
2007-12-04,0.9847265286911763,1.0752733690232943
2007-12-05,0.9849955400076591,1.075567116267988
2007-12-06,0.9855506615747036,1.0761732819599055
2007-12-07,0.986067165954563,1.0767372795658041
2007-12-10,0.9850870428145396,1.0756670328728146
2007-12-11,0.9851434685094067,1.0757286469811498
2007-12-12,0.9860609466082962,1.0767304883428417
2007-12-13,0.9858559504872352,1.07650664257114
2007-12-14,0.9843974162311334,1.0749139942594519
2007-12-17,0.9845542544413712,1.0750852539399829
2007-12-18,0.9839389735508283,1.07441339719926
2007-12-19,0.9834374815335714,1.0738657923615484
2007-12-20,0.9832533808888378,1.0736647634314505
2007-12-21,0.9828388472333266,1.0732121128859964
2007-12-24,0.9827113939834546,1.0730729401498207
2007-12-25,0.9825619926663619,1.0729098011940943
2007-12-26,0.9823303347447028,1.0726568420357638
2007-12-27,0.9824115299643085,1.0727455032577278
2007-12-28,0.9819743200941834,1.0722680913912632
2007-12-31,0.9821523905085354,1.0724625356037272
2008-01-01,0.9823537457744587,1.0726824057390911
2008-01-02,0.9820589313352519,1.0723604827421511
2008-01-03,0.9819824512949771,1.072276970266176
2008-01-04,0.9820374420282311,1.0723370174663767
2008-01-07,0.9817319158224024,1.0720033977424286
2008-01-08,0.9809050571299859,1.0711005083553795
2008-01-09,0.9807226425104374,1.0709013204825986
2008-01-10,0.9805148670931921,1.07067443985494
2008-01-11,0.9798883836864442,1.0699903505125856
2008-01-14,0.9791315687128249,1.0691639454521955
2008-01-15,0.9785912904123453,1.0685739878838347
2008-01-16,0.9783894542160966,1.0683535925959982
2008-01-17,0.9790618686648427,1.0690878363973144
2008-01-18,0.9795924795550297,1.0696672376248717
2008-01-21,0.9795408846566479,1.0696108985108221
2008-01-22,0.9794565114165793,1.0695187670454247
2008-01-23,0.9793855508743975,1.0694412815923202
2008-01-24,0.9787560123894017,1.0687538562534387
2008-01-25,0.9785364106153301,1.0685140618205993
2008-01-29,0.9779260214802309,1.0676429806085443
2008-01-30,0.9780055278075679,1.0677297810110602
2008-01-31,0.9786517866403092,1.0684353289679374
2008-02-01,0.9786916707433074,1.0684788721211704
2008-02-04,0.9788529789672297,1.068654979095729
2008-02-05,0.978957878568002,1.0687695024031911
2008-02-06,0.9785184549460214,1.0682897651477994
2008-02-07,0.9777202272925015,1.0674183064356995
2008-02-08,0.9768245479656389,1.066440455631859
2008-02-11,0.9767158901392445,1.0663218293113705
2008-02-12,0.9758663273015746,1.0653943258189784
2008-02-13,0.9753392524437998,1.064818896021838
2008-02-14,0.9749738646296647,1.0644199867726796
2008-02-15,0.9746600868562444,1.0640774223762888
2008-02-18,0.9745232807079669,1.0639280653485543
2008-02-19,0.9743011779367591,1.0636855864089974
2008-02-20,0.9738428026529915,1.063185158827105
2008-02-21,0.9734961522778138,1.0628067060283712
2008-02-22,0.9733042449790082,1.062597192756409
2008-02-25,0.9728709926778182,1.062124192991562
2008-02-26,0.972067720162463,1.0612472265915507
2008-02-27,0.9719244445733684,1.061090806603096
2008-02-28,0.9724049319254318,1.061615374860238
2008-02-29,0.9734887213182843,1.0627985933372202
2008-03-03,0.9725861599620572,1.061813229132384
2008-03-04,0.9731825337081459,1.062464315441415
2008-03-05,0.9728868043761585,1.0621414552878643
2008-03-06,0.973632964990162,1.0629560702223781
2008-03-07,0.9738002379230536,1.0631386891206636
2008-03-10,0.9729830841629074,1.0622465679817072
2008-03-11,0.9722887327589792,1.0614885153415317
2008-03-12,0.9721608772625709,1.0613489301170114
2008-03-13,0.9726926654671655,1.061929505673173
2008-03-14,0.9727980531509665,1.062044561841412
2008-03-17,0.9724934923108535,1.0617120599588845
2008-03-18,0.9726672876966523,1.0619017996934192
2008-03-19,0.9723730315774972,1.061580547908298
2008-03-20,0.9722705449091195,1.061468658900647
2008-03-21,0.9716623879517902,1.0608047083641656
2008-03-24,0.97115743508195,1.0602534300719622
2008-03-25,0.9715007830021686,1.0606282774416773
2008-03-27,0.9710500101923769,1.0594687938204819
2008-03-28,0.9710648780667797,1.059485015486508
2008-03-31,0.9709869253111513,1.0593999647567685
2008-04-01,0.9709469252670707,1.0593563225158849
2008-04-02,0.9708487005215364,1.0592491539338527
2008-04-03,0.970621196500891,1.0590009345756193
2008-04-04,0.9696134915411413,1.0579014732224172
2008-04-07,0.9703719422959672,1.0587289845739989
2008-04-08,0.9704305130992733,1.0587928885312414
2008-04-09,0.9693248637056079,1.0575865644313498
2008-04-10,0.9690482846041786,1.0572848014696985
2008-04-11,0.9691142658985231,1.0573567906789052
2008-04-14,0.9683323496557921,1.0565036771936474
2008-04-15,0.9679156330297395,1.0560490165103305
2008-04-16,0.9670468221970261,1.0551010962638638
2008-04-17,0.9668483712396463,1.0548845753903342
2008-04-18,0.9669814623321741,1.0550297850683
2008-04-21,0.9658311344656078,1.0537747143052114
2008-04-22,0.9660311109441476,1.0539928996059553
2008-04-23,0.9653677101915806,1.0532690930174538
2008-04-24,0.9653498605164019,1.0532496180433193
2008-04-25,0.9648151992292644,1.0526662732690641
2008-04-28,0.9640193690155701,1.0517979788787253
2008-04-29,0.9640194704632665,1.0517980895637233
2008-04-30,0.9645067928885744,1.0523297850446187
2008-05-01,0.9644743477039966,1.052294385569608
2008-05-02,0.9646759261989041,1.052514318758031
2008-05-05,0.9641617285017581,1.0519533008822652
2008-05-06,0.964340551132659,1.0521484061755868
2008-05-07,0.9645522576837391,1.0523793896285114
2008-05-08,0.964330131087823,1.0521370373354466
2008-05-09,0.9647371079104006,1.052581071359239
2008-05-12,0.9650323657482509,1.052903213846289
2008-05-13,0.9643316654190223,1.0521387113748968
2008-05-14,0.9647906959971464,1.052639538899563
2008-05-15,0.9648686753620841,1.052724618661518
2008-05-16,0.9645303897460946,1.052355530509747
2008-05-19,0.9634670610626936,1.0511953806247638
2008-05-20,0.9631032198949052,1.0507984099650316
2008-05-21,0.9627459125790226,1.0504085680959128
2008-05-22,0.9632488141983971,1.050957261331582
2008-05-26,0.9623059286176509,1.0503013046248995
2008-05-27,0.9625055170663892,1.0505191438814852
2008-05-28,0.9626894509205801,1.0507198970528793
2008-05-29,0.9619388964022514,1.0499007101744142
2008-05-30,0.9612229979745277,1.0491193484158963
2008-06-02,0.9607367251303461,1.048588609710606
2008-06-03,0.9597478937649034,1.047509357424724
2008-06-04,0.9597295000802472,1.0474892817809847
2008-06-05,0.9594377049750725,1.0471708042879817
2008-06-06,0.9592373606413188,1.0469521400265882
2008-06-09,0.9590714285005232,1.0467710346849561
2008-06-10,0.9586122989021587,1.0462699212637316
2008-06-11,0.9584779777903913,1.0461233175333249
2008-06-12,0.9586350904299775,1.0462947968991099
2008-06-13,0.9584727002239352,1.046117557374555
2008-06-16,0.9584532532359409,1.0460963321110976
2008-06-17,0.9589030819189165,1.0465872941207215
2008-06-18,0.9592996627195202,1.0470201391441971
2008-06-19,0.960214613761297,1.0480187553267104
2008-06-20,0.9592731296104223,1.0469911797890976
2008-06-23,0.9595096672714661,1.0472493469754351
2008-06-24,0.9595213963569967,1.0472621485944094
2008-06-25,0.9593825815045299,1.0471106402057448
2008-06-26,0.9589401496393983,1.0466277513952988
2008-06-27,0.9584063961371676,1.0460451902958923
2008-06-30,0.9579563197031516,1.0455539578803268
2008-07-01,0.9583267159475093,1.045958223973996
2008-07-02,0.9581523515136875,1.0457679152718702
2008-07-03,0.9575120355042326,1.0450690473546074
2008-07-04,0.9574263499167065,1.0449755264880203
2008-07-07,0.9566583943065391,1.0441373473235092
2008-07-08,0.9563941659923753,1.043848957389672
2008-07-09,0.955958626741395,1.0433735914692137
2008-07-10,0.9558027484221888,1.043203459292786
2008-07-11,0.9553328385282499,1.0426905798019892
2008-07-14,0.9553560547109214,1.0427159189235962
2008-07-15,0.955503525444553,1.0428768747062855
2008-07-16,0.9552110650315693,1.0425576710682605
2008-07-17,0.95535902340325,1.0427191590796974
2008-07-18,0.9557691935090503,1.0431668360444015
2008-07-21,0.9553567365338023,1.042716663093865
2008-07-23,0.9551229231523678,1.0416298417311685
2008-07-24,0.9550877834728243,1.041591519398038
2008-07-25,0.9541926119227695,1.0406152708153653
2008-07-28,0.9538990810758272,1.0402951544384758
2008-07-29,0.9529806763842827,1.039293568453772
2008-07-30,0.9528787943541684,1.0391824588150744
2008-07-31,0.9535984659583234,1.039967312157993
2008-08-01,0.9529962598744853,1.0393105633641022
2008-08-04,0.9529204320707301,1.0392278677222013
2008-08-05,0.9525281592962096,1.0388000662129562
2008-08-06,0.9520831742063848,1.0383147781547897
2008-08-07,0.9522257286654612,1.0384702439854658
2008-08-08,0.9526934058481694,1.0389802793934717
2008-08-11,0.952533431773315,1.038805816226237
2008-08-12,0.9526974195639891,1.0389846566375656
2008-08-13,0.9527842639352135,1.039079366634008
2008-08-14,0.9521271739469174,1.0383627630179486
2008-08-15,0.951414928899569,1.0375860088662479
2008-08-18,0.951038842219047,1.0371758594498603
2008-08-19,0.9513189672612459,1.0374813558381237
2008-08-20,0.9511002250378683,1.037242801802833
2008-08-21,0.9504086532543797,1.036488593323569
2008-08-22,0.9505347403435797,1.0366261003099306
2008-08-25,0.9504542535588404,1.036538323716136
2008-08-26,0.9501738901343982,1.0362325673549915
2008-08-27,0.9502603434794529,1.036326850909436
2008-08-28,0.9498258305844108,1.0358529835284722
2008-08-29,0.9497270442300396,1.0357452499455222
2008-09-01,0.9495041875829948,1.0355022088370291
2008-09-02,0.9498313233973668,1.0358589738337525
2008-09-03,0.9500593256862903,1.0361076266326423
2008-09-04,0.9492831975744118,1.0352612034312487
2008-09-05,0.9494396608487783,1.035431837819519
2008-09-08,0.9484939982215083,1.034400525106886
2008-09-09,0.9486659084192354,1.0345880054695804
2008-09-10,0.9485024166066047,1.0344097059577722
2008-09-11,0.9478840565645965,1.0337353401174423
2008-09-12,0.9486434586567408,1.0345635223983574
2008-09-15,0.9493319567668207,1.0353143788169927
2008-09-16,0.9497879860848127,1.0358117113956697
2008-09-17,0.9493985801144628,1.0353870363413573
2008-09-19,0.9481207013731505,1.0337804938630577
2008-09-22,0.948314807781388,1.033992137188933
2008-09-23,0.947870993614183,1.0335082257752362
2008-09-24,0.9469627901546835,1.0325179689234136
2008-09-25,0.9462431895767721,1.0317333546440923
2008-09-26,0.945292055233922,1.0306962882355035
2008-09-29,0.9450112068378062,1.0303900660496395
2008-09-30,0.9445469194937541,1.0298838317704666
2008-10-01,0.9447733053490168,1.0301306708922346
2008-10-02,0.9447733053490168,1.0293945577180141
2008-10-03,0.9447733053490168,1.029936333506319
2008-10-06,0.9447733053490168,1.03038573014267
2008-10-07,0.9447733053490168,1.03005143903409
2008-10-08,0.9447733053490168,1.0300417507871307
2008-10-09,0.9447733053490168,1.0297813615985973
2008-10-10,0.9447733053490168,1.029453616444602
2008-10-13,0.9447733053490168,1.0288373430491864
2008-10-14,0.9447733053490168,1.0283516080236947
2008-10-15,0.9447733053490168,1.0276827632737517
2008-10-16,0.9447733053490168,1.0282046057055632
2008-10-17,0.9447733053490168,1.0286467069414915
2008-10-20,0.9447733053490168,1.029033736821733
2008-10-21,0.9447733053490168,1.0292201955009295
2008-10-22,0.9447733053490168,1.028921131805942
2008-10-23,0.9447733053490168,1.028974779292136
2008-10-24,0.9447733053490168,1.0277485125110866
2008-10-27,0.9447733053490168,1.0271545081521758
2008-10-28,0.9447733053490168,1.0274660465485632
2008-10-29,0.9447733053490168,1.0263608021484893
2008-10-30,0.9444853065460201,1.0260479327217307
2008-10-31,0.9442284567425566,1.0257689022190462
2008-11-03,0.9442787592537584,1.0258235486886857
2008-11-04,0.9444210668049763,1.025978145449192
2008-11-05,0.9442426152536193,1.0257842834122797
2008-11-06,0.9436844213100687,1.025177885686589
2008-11-07,0.9428124871283783,1.0242306541538246
2008-11-10,0.941931441294616,1.0232735241168622
2008-11-11,0.9421854871344176,1.0235495085148603
2008-11-12,0.9426195872274143,1.0240210960556368
2008-11-13,0.9424193370100763,1.0238035528920717
2008-11-14,0.9432627037718624,1.024719750017066
2008-11-18,0.9431186352730686,1.0242350542818024
2008-11-19,0.9433523700295087,1.024488892263575
2008-11-20,0.9437763037212613,1.0249492879460953
2008-11-21,0.9432437714287906,1.0243709532370926
2008-11-24,0.9430133240529667,1.0241206853793083
2008-11-25,0.9432533265991762,1.024381330235375
2008-11-26,0.9442991070306358,1.025517056894697
2008-11-27,0.9438440722719081,1.0250228851824918
2008-11-28,0.9425144731568768,1.023578928960205
2008-12-01,0.9417621844957207,1.02276193692031
2008-12-02,0.9419423027790034,1.0229575469451313
2008-12-03,0.9420765927408208,1.0231033870135886
2008-12-04,0.9416694641220632,1.0226612417867453
2008-12-05,0.9419352871582652,1.0229499279198901
2008-12-08,0.9412727037951055,1.0222303566151245
2008-12-09,0.9406259989498499,1.0215280295191351
2008-12-10,0.9400679894124965,1.0209220263002343
2008-12-11,0.940028093024209,1.02087869847498
2008-12-12,0.9401280439456191,1.020987246046396
2008-12-15,0.9406051896050605,1.0215054303894047
2008-12-16,0.9405044376044177,1.0213960128389632
2008-12-17,0.9404557364882394,1.0213431230025134
2008-12-18,0.9400264115186586,1.0208768723453034
2008-12-19,0.9393638894027426,1.0201573675555782
2008-12-22,0.9399756185181469,1.020821710704243
2008-12-23,0.9388779936900612,1.0196296805785208
2008-12-24,0.9388088912668306,1.0195546347448776
2008-12-25,0.9386157839051854,1.0193449184677947
2008-12-26,0.9387625218520694,1.0195042771564802
2008-12-29,0.9391674252922745,1.0199440058200298
2008-12-30,0.9383426522383025,1.0190482950980584
2008-12-31,0.937817006183369,1.0184774389030136
2009-01-01,0.9374624912565308,1.018092432603961
2009-01-02,0.9374010128389452,1.0180256665068679
2009-01-05,0.9370969543034818,1.0176954562884206
2009-01-06,0.9372381754273277,1.0178488236592245
2009-01-07,0.9371602270724165,1.0177641710667111
2009-01-08,0.9366546067751721,1.0172150630189796
2009-01-09,0.9366766350641278,1.0172389859326942
2009-01-12,0.9359986286068772,1.0165026650133813
2009-01-13,0.9361140416879147,1.0166280046248577
2009-01-15,0.9360706775621133,1.0166081780619414
2009-01-16,0.936343956125907,1.0169049689234662
2009-01-19,0.9353190180009241,1.0157918473346361
2009-01-20,0.9352050396384081,1.0156680625198424
2009-01-21,0.9355383921848843,1.0160300959998443
2009-01-22,0.9355427543028169,1.0160348334249876
2009-01-23,0.9346579235358112,1.01507387372878
2009-01-26,0.9348996228410068,1.0153363683204637
2009-01-27,0.9345699398557886,1.0149783201228495
2009-01-28,0.9343916654008017,1.0147847073185778
2009-01-29,0.933690615770826,1.0140233408917214
2009-01-30,0.9336146446550423,1.0139408333851265
2009-02-02,0.9333295636455369,1.0136312246209378
2009-02-03,0.9336400702340837,1.0139684465261052
2009-02-04,0.93322112665426,1.0135134579450031
2009-02-05,0.9333703272534714,1.0136754954417069
2009-02-06,0.9341527065928745,1.014525189010632
2009-02-09,0.9339812874879324,1.014339021375925
2009-02-10,0.9334800003213125,1.013794604543565
2009-02-11,0.9340640608131278,1.014428916339346
2009-02-12,0.9339498532348438,1.0143048825875545
2009-02-13,0.9335667283405281,1.0138887944543433
2009-02-16,0.9317788236372191,1.011947062289724
2009-02-17,0.931621457189871,1.0117761563729366
2009-02-18,0.9314997108007461,1.0116439351872926
2009-02-19,0.9317376079154233,1.011902300456193
2009-02-20,0.931448217368616,1.0115880113714153
2009-02-23,0.9315184392481792,1.0116642749899154
2009-02-24,0.9315515634364928,1.0117002491118898
2009-02-25,0.9315125703695935,1.0116579011656848
2009-02-26,0.9315190172840744,1.0116649027587714
2009-02-27,0.9310372432638258,1.0111416779417757
2009-03-02,0.9301689644326958,1.0101986942742778
2009-03-03,0.9299624959510024,1.0099744616901014
2009-03-04,0.9299072970338315,1.0099145135772492
2009-03-05,0.9298872701628502,1.0098927636375186
2009-03-06,0.9301879295567318,1.0102192911166477
2009-03-09,0.9294060279725253,1.009370116407945
2009-03-10,0.9290462014074812,1.0089793311419644
2009-03-11,0.9290469754524099,1.0089801717840479
2009-03-12,0.9275840731042947,1.0073914044757146
2009-03-16,0.9278612840624418,1.0075120580976582
2009-03-17,0.9278974649256313,1.0075513448494193
2009-03-18,0.927321276976872,1.0069256949639496
2009-03-19,0.9274159481744902,1.0070284930597353
2009-03-20,0.9280233849016923,1.0076880742252603
2009-03-23,0.9274613819245892,1.0070778269977445
2009-03-24,0.92750581937253,1.007126079107624
2009-03-25,0.9267959942283907,1.0063553201545938
2009-03-26,0.9263435706976038,1.0058640590464256
2009-03-27,0.9264085007723258,1.0059345629399918
2009-03-30,0.9255810472412977,1.0050360779785585
2009-03-31,0.9258259444110674,1.0053019979557956
2009-04-01,0.9252295192805782,1.004654373659964
2009-04-02,0.9250609142089654,1.0044712949545325
2009-04-03,0.9257059201495612,1.005171670402735
2009-04-06,0.9258223198184014,1.0052980622157455
2009-04-07,0.9252994157409308,1.0047302702706247
2009-04-08,0.925514330710528,1.004963634273471
2009-04-09,0.9253545988453731,1.0047901904807723
2009-04-10,0.925300169257608,1.0047310884717409
2009-04-13,0.9249033583110308,1.0043002139214943
2009-04-14,0.9239591989943823,1.0032750047521626
2009-04-15,0.9243220892406482,1.0036690467336085
2009-04-16,0.9244529532230419,1.003811144526131
2009-04-17,0.923597380828791,1.0028821268824493
2009-04-20,0.9235275191503961,1.0028062680395482
2009-04-21,0.9235410966087736,1.0028210110332139
2009-04-22,0.9238287624960515,1.0031333711403916
2009-04-23,0.9238983457070556,1.0032089276113123
2009-04-24,0.9238117676821284,1.0031149174337364
2009-04-27,0.9231667281452622,1.0024145055052454
2009-04-28,0.9225987505620307,1.0017977707910546
2009-04-29,0.9215756020466799,1.0006867917210718
2009-04-30,0.9213070941176167,1.000395234156517
2009-05-01,0.9212893980363958,1.00037601898339
2009-05-04,0.9212142459698228,1.0002944156073639
2009-05-05,0.9216024970655108,1.0007159954999558
2009-05-06,0.921547234769762,1.00065598930045
2009-05-07,0.9216465651843261,1.0007638465762392
2009-05-08,0.9214768677266808,1.000579581710636
2009-05-11,0.9210575942508525,1.0001243163710931
2009-05-13,0.9204611422226028,0.9998981608446204
2009-05-14,0.9197804716384491,0.9991587474853634
2009-05-15,0.9199611119232359,0.999354977266554
2009-05-18,0.9206875402698469,1.0001440973439184
2009-05-19,0.9207549881073877,1.000217366019386
2009-05-20,0.9202047341698348,0.999619624436479
2009-05-21,0.9203148673237341,0.9997392622277779
2009-05-22,0.9207111508574682,1.000169745556598
2009-05-25,0.9209155917147979,1.0003918299313406
2009-05-26,0.920544900019496,0.9999891470505861
2009-05-27,0.9201934658860091,0.9996073836847986
2009-05-28,0.9202388010846354,0.9996566313712555
2009-05-29,0.9205831936371853,1.0000307454583224
2009-06-01,0.9205472577897691,0.999991708299564
2009-06-02,0.9205366776738239,0.999980215105566
2009-06-03,0.9192331389469739,0.9985641792559485
2009-06-04,0.9195758579314629,0.9989364753438091
2009-06-05,0.9193096094637341,0.9986472492798311
2009-06-08,0.9184246517620516,0.9976859185535812
2009-06-09,0.9182164011956002,0.9974596956867617
2009-06-10,0.9185476325937805,0.9978195127943636
2009-06-11,0.9184497244623129,0.9977131550611629
2009-06-12,0.918498262462115,0.9977658819547893
2009-06-15,0.9186482859794045,0.9979288527007993
2009-06-16,0.9184335354559291,0.9976955689220349
2009-06-17,0.9188526158921452,0.9981508165562877
2009-06-18,0.9182437986613731,0.997489457590205
2009-06-19,0.9183029953232292,0.9975537630025717
2009-06-22,0.9183275774906985,0.99758046664373
2009-06-23,0.918272585077501,0.9975207283122629
2009-06-24,0.9184104747145697,0.9976705180080796
2009-06-25,0.9182145700568853,0.9974577065183446
2009-06-26,0.9183238962933553,0.9975764677541687
2009-06-29,0.918056293909353,0.9972857709291453
2009-06-30,0.9182512798540908,0.9974975844197866
2009-07-01,0.9180458572046202,0.9972744335229378
2009-07-02,0.9172555263959008,0.9964158961161449
2009-07-03,0.9176569044913845,0.9968519136741576
2009-07-06,0.9178545990490063,0.997066669534571
2009-07-07,0.9176589948633457,0.9968541844479943
2009-07-08,0.9177079993805517,0.9969074181200961
2009-07-10,0.9174426600683961,0.9961058117724247
2009-07-13,0.9169486319328638,0.9955694247932688
2009-07-14,0.9166178836735391,0.995210317594872
2009-07-15,0.916532626056997,0.9951177498399247
2009-07-16,0.9163953802737511,0.9949687363611724
2009-07-17,0.9160579612247955,0.9946023864078769
2009-07-20,0.9149856250942596,0.9934381062863042
2009-07-21,0.9152165054127712,0.9936887826905125
2009-07-22,0.9154805038803767,0.9939754168523262
2009-07-23,0.914772900011283,0.9932071417795446
2009-07-24,0.9147202253725161,0.9931499507243512
2009-07-27,0.9156177809026184,0.9941244642485607
2009-07-28,0.9151904278914128,0.9936604692364817
2009-07-29,0.9151905170784224,0.9936605660705428
2009-07-30,0.9151905170784224,0.9935211763829299
2009-07-31,0.9151905170784224,0.9931597981211312
2009-08-03,0.9151905170784224,0.9927430972188815
2009-08-04,0.9151905170784224,0.9919279181211983
2009-08-05,0.9151905170784224,0.9919913270795375
2009-08-06,0.9149654252166207,0.9917473459952315
2009-08-07,0.9149475755530356,0.9917279984264606
2009-08-10,0.9149041559527709,0.9916809351471935
2009-08-11,0.9144498650903515,0.9911885211775535
2009-08-12,0.9147180074449559,0.9914791654589643
2009-08-13,0.9147180074449559,0.9909747816911817
2009-08-14,0.9147180074449559,0.9911870840890608
2009-08-17,0.9147180074449559,0.9906642578384682
2009-08-18,0.9147180074449559,0.9903964933001649
2009-08-19,0.9147180074449559,0.989511735553292
2009-08-20,0.9147180074449559,0.9897157164838842
2009-08-21,0.9147180074449559,0.9896752187850747
2009-08-24,0.9147180074449559,0.9891239064362152
2009-08-25,0.9147180074449559,0.9890947110299284
2009-08-26,0.9147180074449559,0.9889815974225159
2009-08-27,0.9154156016828087,0.9897358275328768
2009-08-28,0.9153888159338978,0.9897068671182676
2009-08-31,0.915735508139723,0.9900817063678946
2009-09-01,0.9151724352295924,0.9894729190240422
2009-09-02,0.9142508327075196,0.9884764939760495
2009-09-03,0.913975970524997,0.9881793164435972
2009-09-04,0.9137657493231944,0.9879520279259572
2009-09-08,0.9135123278496649,0.9873894890642365
2009-09-09,0.91389418233268,0.9878022247125542
2009-09-10,0.91389418233268,0.9874123877585209
2009-09-11,0.91389418233268,0.9867536892797173
2009-09-14,0.91389418233268,0.9864312124943363
2009-09-15,0.91389418233268,0.986175118867187
2009-09-16,0.91389418233268,0.9856669018549378
2009-09-17,0.91389418233268,0.9867124455248503
2009-09-18,0.91389418233268,0.9862634755757007
2009-09-21,0.91389418233268,0.985988658384455
2009-09-22,0.91389418233268,0.9867289204718797
2009-09-23,0.91389418233268,0.9861428093559188
2009-09-24,0.91389418233268,0.9855148718982072
2009-09-25,0.91389418233268,0.985837471791278
2009-09-28,0.91389418233268,0.9849773988298105
2009-09-29,0.91389418233268,0.9841875482432958
2009-09-30,0.91389418233268,0.9834841494043185
2009-10-01,0.91389418233268,0.9828499313048491
2009-10-02,0.91389418233268,0.982153022740177
2009-10-05,0.91389418233268,0.9820891689819666
2009-10-06,0.91389418233268,0.9826168914262514
2009-10-07,0.91389418233268,0.982972570250087
2009-10-08,0.91389418233268,0.9836020374521867
2009-10-09,0.91389418233268,0.9825056629415849
2009-10-12,0.91389418233268,0.9823079208479951
2009-10-13,0.91389418233268,0.9820254753700924
2009-10-14,0.91389418233268,0.9817309657207574
2009-10-15,0.91389418233268,0.9813784203414976
2009-10-16,0.91389418233268,0.9807045470723474
2009-10-19,0.91389418233268,0.9809173352455757
2009-10-20,0.91389418233268,0.9808550035445812
2009-10-21,0.91389418233268,0.9811865743988639
2009-10-22,0.91389418233268,0.981909199607701
2009-10-23,0.91389418233268,0.9821278222989558
2009-10-26,0.91389418233268,0.9820122566114213
2009-10-27,0.91389418233268,0.9820516194973573
2009-10-28,0.91389418233268,0.9817468757776042
2009-10-29,0.91389418233268,0.9821376360017534
2009-10-30,0.91389418233268,0.9820080552911512
2009-11-02,0.91389418233268,0.9823351010445988
2009-11-03,0.91389418233268,0.9820147514880881
2009-11-05,0.91389418233268,0.981600497635946
2009-11-06,0.91389418233268,0.9812845969487606
2009-11-09,0.91389418233268,0.9812814128979868
2009-11-10,0.91389418233268,0.9806855458516016
2009-11-11,0.91389418233268,0.9795773534026085
2009-11-12,0.91389418233268,0.9800518155926635
2009-11-13,0.91389418233268,0.9798939757510207
2009-11-16,0.91389418233268,0.9798179198265838
2009-11-17,0.91389418233268,0.9791164628370448
2009-11-18,0.9142750785294914,0.9787083830569787
2009-11-19,0.9142750785294914,0.978638847667757
2009-11-20,0.9142750785294914,0.9782684959415003
2009-11-23,0.9142750785294914,0.9784217823744309
2009-11-24,0.9142750785294914,0.9774381491175727
2009-11-25,0.9142750785294914,0.9773297196202685
2009-11-26,0.9136605829749681,0.9766728442639193
2009-11-27,0.9136234077907951,0.9766331052256607
2009-11-30,0.9138774779303408,0.976904697773765
2009-12-01,0.9144088055433988,0.9774726693605347
2009-12-02,0.9147961752009761,0.9778867546700001
2009-12-03,0.9151914622100645,0.9783093033655013
2009-12-04,0.9148069276676233,0.9778982487000357
2009-12-07,0.9141850784599812,0.9772335125325264
2009-12-08,0.9140646432468301,0.9771047712861931
2009-12-09,0.9132003300420444,0.9761808491516688
2009-12-10,0.9132003300420444,0.9759050001162373
2009-12-11,0.9132003300420444,0.9756415801027105
2009-12-14,0.9132003300420444,0.9744032364154882
2009-12-15,0.9132003300420444,0.9741932659179003
2009-12-16,0.9132003300420444,0.9744592308846746
2009-12-17,0.9132003300420444,0.9748585379962308
2009-12-18,0.9132003300420444,0.9754388851369906
2009-12-21,0.9132003300420444,0.9750340027977638
2009-12-22,0.9132003300420444,0.974968913428139
2009-12-23,0.9132003300420444,0.9749228806369691
2009-12-24,0.9133210257567931,0.9747940271860532
2009-12-25,0.9135461011518359,0.9745538026159766
2009-12-28,0.9138269065154417,0.9742542447342758
2009-12-29,0.9140811832243352,0.9739831538294116
2009-12-30,0.9144094751989047,0.9736333480806046
2009-12-31,0.9144094751989047,0.9728501187660159
2010-01-04,0.9144094751989047,0.9722997777696332
2010-01-05,0.9144094751989047,0.9719839385966732
2010-01-06,0.9144094751989047,0.9714571709078479
2010-01-07,0.9144094751989047,0.9712609206720102
2010-01-08,0.9144094751989047,0.9708746952021298
2010-01-11,0.9144094751989047,0.9702664054445699
2010-01-12,0.9144094751989047,0.9702249792787127
2010-01-13,0.9144094751989047,0.9702407633534531
2010-01-14,0.9139823696298116,0.9697875799114297
2010-01-15,0.914659708323936,0.9705062750140729
2010-01-18,0.9143017041139605,0.9701264120671204
2010-01-19,0.9143617700833003,0.970190145496754
2010-01-20,0.9142953888079434,0.9701197111661597
2010-01-21,0.9141875195291729,0.9700052556905601
2010-01-22,0.9146413919738569,0.9704868403188247
2010-01-25,0.9145621846856955,0.9704027968549136
2010-01-26,0.914585131996937,0.9704271452648763
2010-01-27,0.9144258273182184,0.9702581138874924
2010-01-28,0.9143381593919416,0.9701650932025373
2010-01-29,0.9133948965608604,0.9691642373779932
2010-02-01,0.9135914526931393,0.9693727946786299
2010-02-02,0.9130929991870824,0.9688439069939221
2010-02-03,0.9128741917534225,0.9686117397896011
2010-02-04,0.9129378356822253,0.9686792696389074
2010-02-05,0.9118971137356641,0.9675750041175438
2010-02-08,0.9120880933420799,0.9677776444052262
2010-02-09,0.9111380821190566,0.9667696281507796
2010-02-10,0.910911940743799,0.9665296792148743
2010-02-11,0.9105930940661537,0.9661913646497896
2010-02-12,0.9098787332834619,0.9654333869932721
2010-02-15,0.9095731239720972,0.9651091180310745
2010-02-16,0.9092578713771359,0.9647746169933223
2010-02-17,0.9091698717632835,0.9646812443688748
2010-02-18,0.9087172670878353,0.964201004916294
2010-02-19,0.908367168161832,0.9638295299278696
2010-02-22,0.9081439920059894,0.9635927272593934
2010-02-23,0.9086903357098827,0.9641724291836363
2010-02-24,0.9085534435911053,0.9640271788144944
2010-02-25,0.9085534435911053,0.9641873844766292
2010-02-26,0.9085534435911053,0.9632694341620835
2010-03-01,0.9085534435911053,0.9626275996066815
2010-03-03,0.9085534435911053,0.9629958353953755
2010-03-04,0.9085534435911053,0.9634730954929418
2010-03-05,0.9085534435911053,0.9631178152304419
2010-03-08,0.9085534435911053,0.9627756006489766
2010-03-09,0.9085534435911053,0.9621074803643083
2010-03-10,0.9085534435911053,0.9615916456290179
2010-03-11,0.9090616883900853,0.9610537312596641
2010-03-12,0.9089234247107969,0.9611999026653837
2010-03-15,0.9090322473236249,0.9610848211502481
2010-03-16,0.9085206461048111,0.9616257174356456
2010-03-17,0.9083243787230211,0.9618334570865079
2010-03-18,0.9088883051578406,0.9612363099383631
2010-03-19,0.9099353411611121,0.9601289692250479
2010-03-22,0.9098304156010207,0.960239682662914
2010-03-23,0.9098048903772967,0.9602666221148254
2010-03-24,0.909842298174517,0.9602271395186585
2010-03-25,0.9103220118054948,0.9597208605199944
2010-03-26,0.9101000768601784,0.9599548388199106
2010-03-29,0.9107858297039829,0.959231520827327
2010-03-30,0.9107655283688679,0.9592529020125871
2010-03-31,0.9110949771808243,0.9589059139908734
2010-04-01,0.9118771374766821,0.9580827087793733
2010-04-02,0.9121447555340864,0.95780153029291
2010-04-05,0.9123706240259212,0.9575643561099619
2010-04-06,0.9125593662942961,0.9573662646064348
2010-04-07,0.9126325043631084,0.9572895354397356
2010-04-08,0.9125891458432416,0.9573350155833226
2010-04-09,0.9130449913247465,0.9568568191866991
2010-04-12,0.9137620188346427,0.9561053856112373
2010-04-13,0.9140395451029962,0.9558149988865189
2010-04-14,0.9141177462137179,0.9557332236559418
2010-04-15,0.9147517981589323,0.9550703063106927
2010-04-16,0.9148032774729355,0.9550165579996286
2010-04-19,0.915089185504928,0.9547180819104608
2010-04-20,0.9152059514945783,0.9545962592472307
2010-04-21,0.9150614599459443,0.9547469696874256
2010-04-22,0.9155043424197331,0.9542848797423388
2010-04-23,0.9150679442160595,0.9547397636658946
2010-04-26,0.9150136196437966,0.9547964434235143
2010-04-27,0.914862920909008,0.9549536942151041
2010-04-28,0.9149048808825492,0.9549098954876376
2010-04-30,0.9160460096124551,0.9527001149143225
2010-05-03,0.9163118503948418,0.9524236369413047
2010-05-04,0.9166578174724044,0.9520640353251821
2010-05-05,0.9159762322922814,0.9527719469631312
2010-05-06,0.915988723754936,0.9527589537054743
2010-05-07,0.9157918781306724,0.952963701238005
2010-05-10,0.9157966431330826,0.9529587428250275
2010-05-11,0.9161349443248382,0.9526067137137515
2010-05-12,0.9159595760921857,0.9527890634394462
2010-05-13,0.9150714880114457,0.9537128603326563
2010-05-14,0.9155579491734388,0.9532058570303752
2010-05-17,0.9156601329502063,0.9530994714382931
2010-05-18,0.9160729694633702,0.9526697549437906
2010-05-19,0.917092191238667,0.9516098156253386
2010-05-20,0.9172085560636157,0.9514890710473423
2010-05-21,0.9165216568013528,0.9522016430536029
2010-05-24,0.9169632066925794,0.9517429037223541
2010-05-25,0.9178739682922681,0.9507975976477372
2010-05-26,0.9188119317431329,0.9498259899689369
2010-05-27,0.9184927632130817,0.9501559318803873
2010-05-28,0.9190883006643245,0.9495398644875691
2010-05-31,0.9190957579640938,0.9495321601098644
2010-06-01,0.9193141445491505,0.9493065415232798
2010-06-02,0.9203786895266499,0.9482072660287407
2010-06-03,0.9202587764692686,0.9483308047781649
2010-06-04,0.9206467408018196,0.9479310057899661
2010-06-07,0.9206933135928683,0.9478830527687857
2010-06-08,0.9214585175475375,0.9470952509570054
2010-06-09,0.9217826462508604,0.9467621043749618
2010-06-10,0.9220884659526388,0.9464479972417968
2010-06-11,0.9217851787166489,0.9467592966536109
2010-06-14,0.921923293813958,0.9466174395751886
2010-06-15,0.9220859870323898,0.946450388542959
2010-06-16,0.9224655046180742,0.9460608429132873
2010-06-17,0.922484957048835,0.9460408929173794
2010-06-18,0.9226695912891705,0.9458515439851769
2010-06-21,0.9227744847882244,0.9457440150506906
2010-06-22,0.9232944358720879,0.9452111214414836
2010-06-23,0.9234080279177611,0.9450948330066072
2010-06-24,0.9225526624334114,0.9459702872750891
2010-06-25,0.9232169853238567,0.9452891015378323
2010-06-29,0.9229162064723502,0.945728525795294
2010-06-30,0.9227512285203663,0.9458975816144727
2010-07-01,0.9236570802179876,0.9449690074727126
2010-07-02,0.9236874051398029,0.944937982851256
2010-07-05,0.9250460013218234,0.9435481304741375
2010-07-06,0.9256378623961045,0.9429444314047505
2010-07-07,0.9257784392718607,0.9428012261756176
2010-07-08,0.9255994025360769,0.942983554956314
2010-07-09,0.9259613543313447,0.9426148051605716
2010-07-12,0.9264450539393764,0.9421224061963511
2010-07-13,0.9270161335346491,0.9415416627619292
2010-07-14,0.9268692715817444,0.9416908259127442
2010-07-15,0.9267160676676585,0.9418464797086054
2010-07-16,0.9265550074323335,0.9420101695602808
2010-07-19,0.9269129635166327,0.9416462426817243
2010-07-20,0.927176085004574,0.9413789388784105
2010-07-21,0.927584214866374,0.9409645571202531
2010-07-22,0.9277971540671732,0.9407485462852667
2010-07-23,0.9267283966661376,0.9418322227838941
2010-07-26,0.9274056029664152,0.9411439793704323
2010-07-27,0.9274277797230203,0.9411214740923813
2010-07-28,0.9272229117925104,0.9413293669471904
2010-07-29,0.9271260582401085,0.9414276939967159
2010-07-30,0.9278641810056641,0.9406781851172195
2010-08-02,0.9280658114621188,0.9404737701007496
2010-08-03,0.9278073953690182,0.940735641138699
2010-08-04,0.9277817847119915,0.9407616086595211
2010-08-05,0.9275692429866234,0.9409771238795431
2010-08-06,0.9267907180389655,0.9417669022940977
2010-08-09,0.9268301908977074,0.9417267915860612
2010-08-10,0.9275155792040061,0.9410303872856616
2010-08-11,0.9279197200551472,0.9406203577075128
2010-08-12,0.9282777459816909,0.9402574314027738
2010-08-13,0.9286152151542286,0.93991560709564
2010-08-16,0.9291058540889511,0.9394189975369459
2010-08-17,0.9291216862487094,0.9394029896390477
2010-08-18,0.9294790131334262,0.9390417087123947
2010-08-19,0.9294790131334262,0.9386855496048909
2010-08-20,0.9294790131334262,0.9381613483700116
2010-08-23,0.9294790131334262,0.9378330146911745
2010-08-24,0.9294790131334262,0.9375129499959469
2010-08-26,0.9301020846783334,0.9370610654190891
2010-08-27,0.9300053914949995,0.9371584820563446
2010-08-30,0.9295676420960979,0.9375995983831394
2010-08-31,0.929499830926577,0.9376679954770459
2010-09-01,0.9292788221598528,0.9378909464022447
2010-09-02,0.9289576874748857,0.938215057214225
2010-09-03,0.9292651391501505,0.9379045416816143
2010-09-06,0.9290424606460053,0.9381292904336913
2010-09-07,0.9292795732181337,0.9378898586978273
2010-09-08,0.9288250142244018,0.938348629430218
2010-09-09,0.9288250142244018,0.9380537792264257
2010-09-10,0.9288250142244018,0.9379900423389624
2010-09-13,0.9288250142244018,0.9378256926532783
2010-09-14,0.9288250142244018,0.9376151902794453
2010-09-15,0.9288250142244018,0.9372088069452791
2010-09-16,0.9288250142244018,0.9376808796804325
2010-09-17,0.9288250142244018,0.9375458165950733
2010-09-20,0.9288250142244018,0.9378778808220201
2010-09-21,0.9288250142244018,0.9380579067786946
2010-09-22,0.9288250142244018,0.9375075127571395
2010-09-23,0.9288250142244018,0.9371995995400468
2010-09-24,0.9288250142244018,0.9371185965267903
2010-09-27,0.9288250142244018,0.9376058473990591
2010-09-28,0.9288250142244018,0.9373433923449342
2010-09-29,0.9288250142244018,0.937898927345645
2010-09-30,0.9288250142244018,0.9376603554179612
2010-10-01,0.9288250142244018,0.9372923533106771
2010-10-04,0.9288250142244018,0.9367940905176547
2010-10-05,0.9288250142244018,0.9374147522592204
2010-10-06,0.9288250142244018,0.9383436721220267
2010-10-07,0.9288250142244018,0.9380618831439755
2010-10-08,0.9288250142244018,0.9376417933450912
2010-10-11,0.9288250142244018,0.9371335794407308
2010-10-12,0.9288250142244018,0.9371491874263336
2010-10-13,0.9288250142244018,0.9375223867085648
2010-10-14,0.9288250142244018,0.937161614719932
2010-10-15,0.9288250142244018,0.9378017992030867
2010-10-18,0.9288250142244018,0.9377588041172042
2010-10-19,0.9288250142244018,0.9378729690210711
2010-10-20,0.9288250142244018,0.9372657799150743
2010-10-21,0.9288250142244018,0.9364106196873454
2010-10-25,0.9288250142244018,0.9368102160215267
2010-10-26,0.9288250142244018,0.9370301642343363
2010-10-27,0.9288250142244018,0.9380581869238281
2010-10-28,0.9288250142244018,0.9385159780428411
2010-10-29,0.9288250142244018,0.9388181600940448
2010-11-01,0.9288250142244018,0.9391547459627697
2010-11-02,0.9288250142244018,0.9391199208825584
2010-11-03,0.9288250142244018,0.9399500771300716
2010-11-04,0.9288250142244018,0.9396609521310682
2010-11-05,0.9288250142244018,0.9398685582608773
2010-11-08,0.9288250142244018,0.9397742273087633
2010-11-09,0.9288250142244018,0.9399992583419402
2010-11-10,0.9288250142244018,0.9399800855928923
2010-11-11,0.9286433132836734,0.9397962024467641
2010-11-12,0.9291101647712435,0.9402686607618664
2010-11-15,0.929403989596524,0.9405660143862702
2010-11-16,0.9296061261866936,0.9407705786114141
2010-11-17,0.9300539188195972,0.9412237491774071
2010-11-18,0.9305576105437647,0.9417334901757056
2010-11-19,0.9309424004207844,0.9421229013306563
2010-11-22,0.9307294239511131,0.941907367040424
2010-11-23,0.9308728752646883,0.9420525411861972
2010-11-24,0.9310492903043986,0.9422310749483023
2010-11-25,0.9305942082796238,0.9417705274457603
2010-11-26,0.9310856734980015,0.9422678950994753
2010-11-29,0.931248131665676,0.9424323043692703
2010-11-30,0.9311055367886005,0.9422879969456912
2010-12-01,0.9310267989067507,0.9422083134318031
2010-12-02,0.9312064344724158,0.9423901063979738
2010-12-03,0.9324068442156922,0.943604932910989
2010-12-06,0.9324195084732008,0.9436177492646343
2010-12-07,0.9319251567653655,0.943117460455087
2010-12-08,0.9320135893976398,0.9432069551521305
2010-12-09,0.9320728575261725,0.9432669350834177
2010-12-10,0.9316152570954284,0.942803838929168
2010-12-13,0.9319208916334585,0.9431131440994832
2010-12-14,0.932433799273872,0.9436322116960205
2010-12-15,0.9327583384160363,0.9439606485123831
2010-12-16,0.9332822219576328,0.9444908238292934
2010-12-17,0.9332074063914401,0.9444151097375791
2010-12-20,0.9327765928543972,0.9439791221842484
2010-12-22,0.9331248296619338,0.944941562971082
2010-12-23,0.9333204098595885,0.9451396199210027
2010-12-24,0.9332342742346413,0.9450523935076893
2010-12-27,0.9342410233041251,0.9460718916594878
2010-12-28,0.9355099196868243,0.9473568568570708
2010-12-29,0.9356717924803669,0.9475207795453012
2010-12-30,0.9362474490886994,0.9481037260471207
2010-12-31,0.9365488096962419,0.9484089029692826
2011-01-03,0.9368139900941952,0.9486774415096213
2011-01-04,0.9369133301505038,0.9487780395701273
2011-01-05,0.9366225474871744,0.9484835745471882
2011-01-06,0.9367457586567798,0.9486083460155721
2011-01-07,0.936568900443702,0.9484292481382275
2011-01-10,0.9365500637583716,0.9484101729123718
2011-01-11,0.9372613152034394,0.9491304313716943
2011-01-12,0.9368360552054147,0.9486997860449076
2011-01-13,0.9371141794256097,0.9489814323230656
2011-01-14,0.9370129712607167,0.948878942496968
2011-01-17,0.9373456548759114,0.9492158390892823
2011-01-18,0.9375133293582779,0.9493856369366885
2011-01-19,0.9376598444571125,0.9495340074462824
2011-01-20,0.9376159549276869,0.9494895621167667
2011-01-21,0.9381441801945989,0.9500244766249333
2011-01-24,0.9384131581290118,0.9502968607922703
2011-01-25,0.9379377819927307,0.9498154646757621
2011-01-26,0.9389578942567414,0.9508484952484342
2011-01-27,0.9389578942567414,0.9507408055086424
2011-01-28,0.9389578942567414,0.9509224628697314
2011-01-31,0.9389578942567414,0.9508094959654557
2011-02-01,0.9389578942567414,0.9514616211786385
2011-02-02,0.9389578942567414,0.951407054407023
2011-02-03,0.9394798442674827,0.9519359246847048
2011-02-04,0.939667125787407,0.9521256892740501
2011-02-07,0.9398971693176206,0.9523587828332019
2011-02-08,0.9407226184325028,0.9531951761536656
2011-02-09,0.9406396546321311,0.9531111123789032
2011-02-10,0.9406396546321311,0.9532397996148272
2011-02-11,0.9406396546321311,0.953346167697876
2011-02-14,0.9406396546321311,0.954025124658776
2011-02-15,0.9406396546321311,0.9551438834224184
2011-02-16,0.9406396546321311,0.9551139329005842
2011-02-18,0.940258570381402,0.9535466560399755
2011-02-21,0.9402885616824214,0.9535770711892739
2011-02-22,0.9406370006356429,0.953930434412056
2011-02-23,0.9406790148004145,0.9539730423367123
2011-02-24,0.9406451788662346,0.9539387282204601
2011-02-25,0.9413223511747931,0.954625470581263
2011-02-28,0.9411490091908186,0.9544496788635622
2011-03-01,0.9408850384003895,0.95418197753923
2011-03-02,0.9411069221953615,0.9544069970789499
2011-03-03,0.9411069221953615,0.9541271228034415
2011-03-04,0.9411069221953615,0.9543025872389782
2011-03-07,0.9411069221953615,0.954187866421496
2011-03-08,0.9411069221953615,0.9540571778287872
2011-03-09,0.9411069221953615,0.9540555342479806
2011-03-10,0.9404018975923086,0.9547702592260464
2011-03-11,0.9400703942293055,0.9551068276151993
2011-03-14,0.9403797998534268,0.9547924730456746
2011-03-15,0.9397476956479176,0.9554342651574308
2011-03-16,0.939043258394899,0.9561504611026875
2011-03-17,0.9390222137055086,0.956171889177789
2011-03-18,0.938928966400898,0.9562668394889839
2011-03-21,0.9386874057553486,0.9565128606932821
2011-03-22,0.9387083709950612,0.9564914973285563
2011-03-23,0.9386013248735098,0.9566005713586275
2011-03-24,0.9389993663200629,0.9561948968031942
2011-03-25,0.9381240795891282,0.9570862123198801
2011-03-28,0.9375410610571352,0.9576810153002514
2011-03-29,0.9371134445405035,0.9581178177367711
2011-03-30,0.9364090762521677,0.958837973670116
2011-03-31,0.9364090762521677,0.9591544250953749
2011-04-01,0.9364090762521677,0.9585740015819804
2011-04-04,0.9364090762521677,0.9589098409985828
2011-04-05,0.9364090762521677,0.9592033746631753
2011-04-06,0.9364090762521677,0.9597349115000939
2011-04-07,0.9364090762521677,0.9604786963359904
2011-04-08,0.9364090762521677,0.9607601040119742
2011-04-11,0.9364090762521677,0.9607555204476388
2011-04-12,0.9364090762521677,0.9600950134643887
2011-04-13,0.9364090762521677,0.9602936975757757
2011-04-14,0.9372625575862708,0.9611689483256061
2011-04-15,0.9374907866934212,0.9614029987836357
2011-04-19,0.9371254276016457,0.9608599387400917
2011-04-20,0.936406035789914,0.9601223269415091
2011-04-21,0.9370203638463178,0.9607522140422713
2011-04-22,0.9375903494937826,0.9613366356769584
2011-04-25,0.938550704085385,0.9623213131031354
2011-04-26,0.938719321001552,0.9624942005683207
2011-04-27,0.9385925134470674,0.9623641813676406
2011-04-28,0.9383985934660888,0.9621653499886645
2011-04-29,0.9387761652831821,0.9625524845411553
2011-05-02,0.9393780918754892,0.963169656086794
2011-05-03,0.9393547003769502,0.9631456721533832
2011-05-04,0.9398306560841146,0.9636336823579503
2011-05-05,0.93916249893475,0.9629486028384987
2011-05-06,0.9399816200387676,0.9637884697662816
2011-05-09,0.9399484288392322,0.9637544379355224
2011-05-10,0.9392577026713002,0.963046217793525
2011-05-11,0.9392737496609131,0.9630626712041384
2011-05-12,0.9394758139294589,0.9632698531404916
2011-05-13,0.9396121455971854,0.9634096376709735
2011-05-16,0.9398917194949296,0.9636962923175636
2011-05-17,0.939464049094005,0.9632577903378607
2011-05-18,0.9404914516754058,0.9643112138736543
2011-05-19,0.940032102577407,0.9638402308726989
2011-05-20,0.9403498352279763,0.9641660107162179
2011-05-23,0.9405490560534059,0.9643702771937671
2011-05-24,0.9409005867833083,0.9647307111182459
2011-05-25,0.9409773289341026,0.9648093969122059
2011-05-26,0.9418873931326168,0.965742510243974
2011-05-27,0.9420352967036352,0.9658941597585452
2011-05-30,0.941074642700946,0.9649091753381174
2011-05-31,0.9420230489206401,0.965881601776794
2011-06-01,0.9421512964292386,0.9660130974012067
2011-06-02,0.9421512964292386,0.9663427288767494
2011-06-03,0.9421512964292386,0.9663243684792804
2011-06-06,0.9421512964292386,0.9670777700042007
2011-06-07,0.9421512964292386,0.9675292931421411
2011-06-08,0.9421512964292386,0.9674787705317107
2011-06-09,0.9421512964292386,0.9670614360997563
2011-06-10,0.9421512964292386,0.9673316484675419
2011-06-13,0.9421512964292386,0.9671026447256182
2011-06-14,0.9421512964292386,0.9681511250911541
2011-06-16,0.9421512964292386,0.9684090366125717
2011-06-17,0.9421512964292386,0.9679524340494424
2011-06-20,0.9421512964292386,0.9678733202011707
2011-06-21,0.9421512964292386,0.9679843975521099
2011-06-22,0.9421512964292386,0.9681779749605388
2011-06-23,0.9429287445048349,0.9689768998320754
2011-06-24,0.9430376856018997,0.9690888503979196
2011-06-27,0.9427182756052023,0.968760616785169
2011-06-28,0.942965430129389,0.9690145988872331
2011-06-29,0.9436326737106956,0.9697002748946888
2011-06-30,0.9436078381638517,0.9696747532724808
2011-07-01,0.943900710750069,0.9699757163858576
2011-07-04,0.9443191754633203,0.9704057410753142
2011-07-05,0.9433255658005792,0.9693846832103833
2011-07-06,0.9434430386996596,0.9695054012670006
2011-07-07,0.9434430386996596,0.9701568417048798
2011-07-08,0.9434430386996596,0.9705202809182776
2011-07-11,0.9434430386996596,0.9702920208784874
2011-07-12,0.9434430386996596,0.9704917312347123
2011-07-13,0.9434430386996596,0.9708983688967101
2011-07-14,0.9429931541464208,0.9704353921604214
2011-07-15,0.9426708684771756,0.9701037275895319
2011-07-18,0.9434191711136183,0.970873806735131
2011-07-19,0.9442531212557608,0.9717320258321348
2011-07-20,0.9438924823779761,0.9713608919280843
2011-07-21,0.9443701489803398,0.9718524592046318
2011-07-22,0.9445161937547067,0.9720027540580595
2011-07-25,0.9454496833170073,0.9729634092923902
2011-07-26,0.9450372968684121,0.9725390219008122
2011-07-27,0.9452993452153967,0.9728086961707184
2011-07-28,0.9456272250757404,0.9724712746110232
2011-07-29,0.9456519947210902,0.9724458018158813
2011-08-01,0.9453460789917262,0.9727603852655965
2011-08-02,0.9450575711065141,0.9730572596566875
2011-08-03,0.9452820939405326,0.972826084773506
2011-08-04,0.9452820939405326,0.9731990662671562
2011-08-05,0.9452820939405326,0.9731462324825055
2011-08-08,0.9452820939405326,0.9726989094738071
2011-08-09,0.9452820939405326,0.9735681522111015
2011-08-10,0.9452820939405326,0.972910901999626
2011-08-11,0.9452820939405326,0.9732375930329744
2011-08-15,0.9452820939405326,0.9746131404136701
2011-08-16,0.9452820939405326,0.9746895870158065
2011-08-17,0.9452820939405326,0.9745910460426614
2011-08-18,0.9452820939405326,0.9748977615894581
2011-08-19,0.9452820939405326,0.9742566392805275
2011-08-22,0.9452820939405326,0.9753303984925025
2011-08-23,0.9452820939405326,0.9758804155740405
2011-08-24,0.9452820939405326,0.9764239198836158
2011-08-25,0.9454369404883957,0.9762639719969332
2011-08-26,0.945645140577313,0.9760489833106739
2011-08-29,0.9451373439144988,0.9765731063619126
2011-08-30,0.9437029248062284,0.9780552350000498
2011-08-31,0.9437973897259905,0.9779573314046823
2011-09-01,0.9438740102795362,0.9778779376355405
2011-09-02,0.9440029712169594,0.9777443307620071
2011-09-05,0.9444539418324389,0.9772772411700571
2011-09-06,0.9439473025863356,0.9778014880208244
2011-09-07,0.9443448762982082,0.977389655531869
2011-09-08,0.9444966032092214,0.9772326193504778
2011-09-09,0.9435507265074354,0.9782112799022766
2011-09-12,0.9432545044028122,0.9785183834802383
2011-09-13,0.9427443733934265,0.979047585904756
2011-09-14,0.9426535203529925,0.9791419375152449
2011-09-15,0.9428742789069572,0.9789126337959195
2011-09-16,0.942175593259069,0.9796380244689609
2011-09-19,0.9420916412116881,0.9797253145860418
2011-09-20,0.9420602008731335,0.9797580108697512
2011-09-21,0.9415696689327392,0.9802681721075821
2011-09-22,0.9411790171261168,0.9806748796992172
2011-09-23,0.9415677609255617,0.9802698225615023
2011-09-26,0.9412550184992883,0.9805954199060941
2011-09-27,0.9416128449932633,0.9802226378074953
2011-09-28,0.941723152252852,0.9801078075207822
2011-09-29,0.9408633732109931,0.9810026311742653
2011-09-30,0.9406438521388254,0.9812315174881835
2011-10-03,0.9411890837796794,0.9806627597494058
2011-10-04,0.9408995468475652,0.9809644399237617
2011-10-05,0.9406210892728458,0.9812547546334907
2011-10-06,0.9407437101773795,0.9811268366578432
2011-10-07,0.9409023154202903,0.9809614229978092
2011-10-10,0.9407806475876395,0.9810882708631979
2011-10-12,0.941254826842081,0.9807863856191528
2011-10-13,0.9416901644143395,0.9803327643979451
2011-10-14,0.9420162216134625,0.9799933273225171
2011-10-17,0.9419030810347169,0.980111029130274
2011-10-18,0.9415513709613722,0.9804770061919084
2011-10-19,0.9412227887000785,0.9808191727074881
2011-10-20,0.9413562832185115,0.9806800621964569
2011-10-21,0.9414836527873975,0.9805473719505173
2011-10-24,0.9416816810721823,0.9803411271435654
2011-10-25,0.9416724141452893,0.9803507745113947
2011-10-26,0.9405523476215871,0.9815168467755084
2011-10-27,0.9405246767831024,0.9815457227803432
2011-10-28,0.9398764067556535,0.9822222671479248
2011-10-31,0.9399014881384078,0.9821960557307056
2011-11-01,0.9397470556420631,0.9823574375251816
2011-11-02,0.940140913136822,0.9819457215884531
2011-11-03,0.9409985912885026,0.9810499054615571
2011-11-04,0.9407942209386487,0.981262974337812
2011-11-07,0.9403835193331521,0.9816913424867709
2011-11-08,0.9404637053842544,0.981607634137425
2011-11-09,0.9403435921011408,0.9817330022031894
2011-11-10,0.9398786391348602,0.9822184201666914
2011-11-11,0.9401973999601234,0.9818852997603277
2011-11-14,0.9400050736260421,0.9820861537514143
2011-11-15,0.9394469038135472,0.9826693110764899
2011-11-16,0.9392887630970358,0.982834727587329
2011-11-17,0.9391438335936101,0.9829863761054579
2011-11-18,0.9393126453741644,0.9828096835963075
2011-11-21,0.9389374466823125,0.983202256728843
2011-11-22,0.938254074162084,0.9839178458305975
2011-11-23,0.9376209095880972,0.9845818258130448
2011-11-24,0.9376345075053588,0.9845675468415886
2011-11-25,0.937791292521889,0.9844029139938522
2011-11-28,0.9379007612183985,0.9842880043069161
2011-11-29,0.9383377081867302,0.9838294465604777
2011-11-30,0.9379845027285854,0.9841997758431835
2011-12-01,0.9381172502025167,0.9840604877912948
2011-12-02,0.937285802630516,0.9849326545733248
2011-12-05,0.9370877776359063,0.9851407461533586
2011-12-06,0.9372004256459342,0.9850223216606909
2011-12-07,0.9372035712376305,0.9850190155610018
2011-12-09,0.9372164099613678,0.9854311783186156
2011-12-12,0.9368807507898973,0.9857841053580272
2011-12-13,0.936448460048695,0.9862389608358575
2011-12-14,0.9365056079191679,0.9861787744414174
2011-12-15,0.936449329807102,0.9862380375991772
2011-12-16,0.9364687375083758,0.9862175980381575
2011-12-19,0.9362979610670692,0.9863974467880421
2011-12-20,0.936088848538918,0.9866177485215036
2011-12-21,0.9354911169595354,0.9872477449005773
2011-12-22,0.9356009863458271,0.9871317969221478
2011-12-23,0.9354801585738266,0.9872592796176918
2011-12-26,0.9352001078756722,0.9875548312100825
2011-12-27,0.934929091575488,0.9878410196464712
2011-12-28,0.9338939902315795,0.9889347021259423
2011-12-29,0.9343668183363169,0.9884340070515482
2011-12-30,0.9340789817361028,0.9887384993328905
2012-01-02,0.9336040180954792,0.989241256429935
2012-01-03,0.9339251501285318,0.9889009868405806
2012-01-04,0.9339221738947915,0.9889041382713806
2012-01-05,0.9344501062778042,0.9883451253976295
2012-01-06,0.9344303655227373,0.9883660047136157
2012-01-09,0.9346217492491814,0.9881635742532497
2012-01-10,0.9338916898170541,0.98893545671634
2012-01-11,0.9341961002975815,0.9886131042199293
2012-01-12,0.9339150831205593,0.988910490671903
2012-01-13,0.9336009030879229,0.9892431718073181
2012-01-16,0.9334115207178275,0.9894438412966663
2012-01-17,0.9327158740811241,0.9901812473229767
2012-01-18,0.9327801715572271,0.9901129884277905
2012-01-19,0.9324066830582641,0.9905094331905842
2012-01-20,0.9317887434281901,0.9911658796145019
2012-01-23,0.9311020524521054,0.9918963291612843
2012-01-24,0.9315761211808576,0.9913913071493782
2012-01-25,0.931336233320997,0.9916465978696416
2012-01-26,0.9318390603718246,0.9911112093424586
2012-01-27,0.9315759555552023,0.9913910496540272
2012-01-30,0.9308686319143211,0.9921437894844153
2012-01-31,0.9305764925981447,0.9924551591001392
2012-02-01,0.9309572976121377,0.9920490324638501
2012-02-02,0.930825400489336,0.992189585004118
2012-02-03,0.9306170414925533,0.9924116799603161
2012-02-07,0.9302971682882386,0.9925507242645434
2012-02-08,0.9311888550026305,0.9915993677256266
2012-02-09,0.9317422450621693,0.9910100767024401
2012-02-10,0.9314704790215627,0.9912991296955549
2012-02-13,0.9305747191444623,0.9922524245197973
2012-02-14,0.9303266820171572,0.9925169013381293
2012-02-15,0.9302671645221986,0.9925803974420393
2012-02-16,0.9298257200241149,0.9930514117614381
2012-02-17,0.9289983632700625,0.9939350265883334
2012-02-20,0.9289868847977594,0.9939473074018688
2012-02-21,0.9289918579001091,0.9939419865499053
2012-02-22,0.9287725091092819,0.99417667103185
2012-02-23,0.9284099738007723,0.9945647360774996
2012-02-24,0.9278954325158563,0.9951159415057851
2012-02-27,0.9271970199748928,0.995864949884214
2012-02-28,0.9274388622747024,0.9956051968170759
2012-02-29,0.9277901928581311,0.9952280435955638
2012-03-01,0.9270320420850532,0.9960413017184122
2012-03-02,0.9264260707772878,0.9966923821803488
2012-03-05,0.9255197812622984,0.9976674107164974
2012-03-06,0.92531749446175,0.9978854665080765
2012-03-07,0.9252101216806103,0.9980012599934901
2012-03-08,0.9245411721930591,0.9987228392497085
2012-03-09,0.9240504851170909,0.9992528971902669
2012-03-12,0.9238527059959856,0.9994667722576484
2012-03-13,0.9239225741545286,0.9993911856382129
2012-03-14,0.9235742357628944,0.9997679772958225
2012-03-15,0.9232893710374698,1.0000763430116608
2012-03-16,0.9233015280452962,1.0000631749450608
2012-03-19,0.9230175875115185,1.000370721789813
2012-03-20,0.9228142769710564,1.0005910706920023
2012-03-21,0.9236833180152993,0.999648784979011
2012-03-22,0.9237478194760498,0.9995789787958625
2012-03-23,0.9230745631646976,1.0003075032285924
2012-03-26,0.9232045628079306,1.0001666266150098
2012-03-27,0.9233720422645134,0.9999851853939997
2012-03-28,0.9225774142246327,1.0008457445526142
2012-03-29,0.9228672643422784,1.0005313045367077
2012-03-30,0.923551682889527,0.9997892886386622
2012-04-02,0.9229116045407644,1.0004822043561457
2012-04-03,0.922292069421162,1.0011538113216298
2012-04-05,0.9223450218063352,1.0007395360002342
2012-04-06,0.9223103620185753,1.000777141689104
2012-04-09,0.9224091052269427,1.0006699977710687
2012-04-10,0.9221665129272258,1.0009331725756554
2012-04-11,0.9214787721220821,1.0016796566176938
2012-04-12,0.9216304271066332,1.0015148023449256
2012-04-13,0.9220947535913832,1.0010102293252852
2012-04-16,0.9215057455394619,1.0016496463513898
2012-04-17,0.9211706544307686,1.002013880532395
2012-04-18,0.9202350243526234,1.0030316228159077
2012-04-19,0.9205171859505143,1.0027240742028478
2012-04-20,0.9207015721499695,1.0025232213736273
2012-04-23,0.9204419802046833,1.0028058829450888
2012-04-24,0.9208887204972317,1.0023191669943272
2012-04-25,0.9206398908421269,1.0025899996444365
2012-04-26,0.9205082091733131,1.002733402863874
2012-04-27,0.9199899626814376,1.0032979421728578
2012-04-30,0.9197279394332294,1.003583692448831
2012-05-01,0.9196312397189198,1.0036892087131357
2012-05-02,0.9194366880141647,1.003901543220888
2012-05-03,0.9193186327158187,1.0040304437724321
2012-05-04,0.9189945695115611,1.0043843682021152
2012-05-07,0.9187611591098027,1.00463946629157
2012-05-08,0.9184978508955075,1.0049273864123294
2012-05-09,0.9178211968994329,1.0056677127300422
2012-05-10,0.9181873741018762,1.0052664879698392
2012-05-11,0.9185331415138298,1.0048879286455956
2012-05-14,0.9180096179310935,1.0054606706674958
2012-05-15,0.9180402944851769,1.0054270718161984
2012-05-16,0.917602561890005,1.005906471472233
2012-05-17,0.9176432696168211,1.0058618463071083
2012-05-18,0.9176942743761776,1.00580593815291
2012-05-21,0.9172474335724274,1.0062956820102817
2012-05-22,0.916939780374155,1.0066332028074483
2012-05-23,0.9167712633422709,1.0068182038763995
2012-05-24,0.9164315853030977,1.0071912457102479
2012-05-25,0.9158561194049919,1.0078237034125705
2012-05-28,0.9158105530868532,1.007873845366666
2012-05-29,0.9155610523242221,1.0081484275847976
2012-05-30,0.9157838726517177,1.007903074244102
2012-05-31,0.9161809004983645,1.0074661091487926
2012-06-04,0.9160743029411834,1.0083143908780228
2012-06-05,0.9157620005031193,1.0086581392416603
2012-06-06,0.9156431706504027,1.0087890233557222
2012-06-07,0.9155407702160009,1.0089018407037051
2012-06-08,0.915479548577523,1.0089693053385531
2012-06-11,0.9153368014049736,1.0091266300059911
2012-06-12,0.9144150007036728,1.0101428828582888
2012-06-13,0.9144456517404528,1.0101090230390253
2012-06-14,0.9145641643220241,1.009978112440062
2012-06-15,0.9141194098382562,1.01046926692822
2012-06-18,0.9139106194863017,1.010700064165004
2012-06-19,0.9142502696478131,1.0103244427062819
2012-06-20,0.9139786065925871,1.010624653528184
2012-06-21,0.9144046446779663,1.0101535652671234
2012-06-22,0.9149953067831198,1.0095010538927973
2012-06-25,0.9142083366559084,1.0103693066225248
2012-06-26,0.9133327342532743,1.011337009231388
2012-06-27,0.9132652693045535,1.011411713440389
2012-06-28,0.9133760066467795,1.011289075419644
2012-06-29,0.9128234464830338,1.0119008695252936
2012-07-02,0.9129808947097661,1.0117263319428624
2012-07-03,0.9123788056939542,1.0123935412075908
2012-07-04,0.912388373298427,1.012382924804719
2012-07-05,0.9118596412483152,1.0129696040248792
2012-07-06,0.9123598460972939,1.0124139348353671
2012-07-09,0.9131154360962386,1.0115754829380965
2012-07-10,0.9128595497107667,1.0118589612188578
2012-07-11,0.9123286744878732,1.0124474097394915
2012-07-12,0.9127189899594166,1.0120142611394356
2012-07-13,0.9123876990212398,1.0123815934264917
2012-07-16,0.911995096899306,1.012817223106958
2012-07-17,0.9116896814106569,1.013156402635619
2012-07-18,0.9108222144937607,1.0141204144905827
2012-07-19,0.9105034158654322,1.0144753687198
2012-07-20,0.9099899223237834,1.0150474989731548
2012-07-23,0.9097632855882526,1.0153003007305508
2012-07-24,0.9099356243104677,1.0151079698690353
2012-07-25,0.9091907754573365,1.01593890997838
2012-07-26,0.9095264147536154,1.0155638632555006
2012-07-27,0.9096360770623124,1.0154414159289937
2012-07-30,0.9093416599335833,1.0157700785157242
2012-08-01,0.9093000198950109,1.0155246752223182
2012-08-02,0.9093821358330745,1.01543296647987
2012-08-03,0.9099544016278954,1.0147939638749666
2012-08-06,0.9096439980739603,1.0151401302898275
2012-08-07,0.9093929628655062,1.01542027935337
2012-08-08,0.9088802190368949,1.015992804656452
2012-08-09,0.9085256116820335,1.016389202898455
2012-08-10,0.9095417069649514,1.0152524729467676
2012-08-13,0.9097377826157871,1.0150336085583935
2012-08-14,0.9088595419564985,1.0160134994704946
2012-08-15,0.9085764837840714,1.0163299300200406
2012-08-16,0.9083524813445834,1.0165804982305462
2012-08-17,0.9086889849195993,1.0162039010626278
2012-08-20,0.9087120527434721,1.0161781038833975
2012-08-21,0.9085548062095132,1.0163539466976732
2012-08-22,0.9082583381086772,1.0166855904491512
2012-08-23,0.9085311668238129,1.0163801916306645
2012-08-24,0.9080867218020388,1.0168773953952632
2012-08-27,0.907099831217728,1.0179825175194173
2012-08-28,0.9068147535031682,1.0183024427575982
2012-08-29,0.9065295533146595,1.0186227066786597
2012-08-30,0.9062208499527179,1.018969581474911
2012-08-31,0.9075290059316289,1.0174986694445771
2012-09-03,0.9079354792169341,1.0170429418322808
2012-09-04,0.907345177492134,1.0177041806719362
2012-09-05,0.9077107774865399,1.0172941133105942
2012-09-06,0.9076748708142328,1.0173343548140252
2012-09-07,0.9073081665294077,1.0177453619697874
2012-09-10,0.9073624271493901,1.0176844967683465
2012-09-11,0.9078407789922558,1.0171479843010909
2012-09-12,0.9069198254726617,1.018179823845829
2012-09-13,0.906822229266949,1.018289393054429
2012-09-14,0.905947840245851,1.0192712625287879
2012-09-17,0.9058007668939514,1.0194367330276572
2012-09-18,0.9053619801154977,1.0199305671866372
2012-09-19,0.9048663407787365,1.020488926959817
2012-09-20,0.904577325491708,1.0208148722258117
2012-09-21,0.9047899781924955,1.0205748938033314
2012-09-24,0.9048783363281837,1.0204752285803294
2012-09-25,0.9039970298871534,1.0214691206382487
2012-09-26,0.9040128548712176,1.0214512392381756
2012-09-28,0.9031543120714608,1.0231994791244081
2012-10-01,0.9030828164792672,1.0232804777441504
2012-10-02,0.9025468700236114,1.0238877570934872
2012-10-03,0.9034153654515471,1.022902498748143
2012-10-04,0.9032855381994852,1.0230494971562043
2012-10-05,0.9026334193616138,1.0237880785028075
2012-10-08,0.9021200391219917,1.0243703664591253
2012-10-09,0.9024642050416607,1.0239795610740712
2012-10-10,0.9030663144334808,1.0232963786195093
2012-10-11,0.9026812582341008,1.023732699416878
2012-10-12,0.9018663639059319,1.0246568727756424
2012-10-15,0.9025810611177864,1.02384486842623
2012-10-16,0.9028901293060454,1.0234942762277288
2012-10-17,0.9022234809548069,1.024249972573943
2012-10-18,0.9022234809548069,1.0241170979880263
2012-10-19,0.9022234809548069,1.0250940198046445
2012-10-22,0.9022234809548069,1.025300354245507
2012-10-23,0.9022234809548069,1.0254751548232124
2012-10-24,0.9022234809548069,1.0251620473640595
2012-10-25,0.9019628565067093,1.0254581849601707
2012-10-26,0.9022292805218376,1.025155282590065
2012-10-29,0.901980744209328,1.0254376812210841
2012-10-30,0.902145385262353,1.025250505230098
2012-10-31,0.9013933787545239,1.0261051291795005
2012-11-01,0.9012025787933483,1.0263223271570139
2012-11-02,0.9009863977878866,1.026568521961416
2012-11-05,0.9013113370981526,1.0261982916579553
2012-11-06,0.9013745867648988,1.0261262780292664
2012-11-07,0.9010705814793727,1.0264723581348278
2012-11-08,0.9009677078441902,1.0265895486691392
2012-11-09,0.9003280278707181,1.0273184191597706
2012-11-12,0.9001491338619588,1.0275225459941983
2012-11-13,0.9000407944469653,1.0276462157144013
2012-11-14,0.9010097180129681,1.0265399207085941
2012-11-15,0.9003873437168142,1.0272490052476975
2012-11-16,0.9008685862476279,1.026699957202419
2012-11-19,0.9012127213322046,1.0263077540753474
2012-11-20,0.9011409782151066,1.0263894556710265
2012-11-21,0.9015246193287592,1.0259524927503136
2012-11-22,0.9015074423220911,1.0259720405168764
2012-11-23,0.9012886974074763,1.0262209859563305
2012-11-27,0.9014183848273151,1.0266006813419035
2012-11-28,0.9016273195236092,1.0263627313453405
2012-11-29,0.9010312000571934,1.0270413208140823
2012-11-30,0.9002018020587534,1.0279867109578913
2012-12-03,0.8998566045369402,1.0283809097522818
2012-12-04,0.899066347094873,1.0292840377207984
2012-12-05,0.8990711755140711,1.0292785099698998
2012-12-06,0.8993324795256383,1.028979362793347
2012-12-07,0.8990096578586201,1.029348722113495
2012-12-10,0.8990215407806266,1.029335116396943
2012-12-11,0.8990799720476575,1.0292682154915451
2012-12-12,0.8990575086254647,1.0292939316538365
2012-12-13,0.8982334593580553,1.030237351737859
2012-12-14,0.8978230139590643,1.0307081159656708
2012-12-17,0.8977750717494111,1.0307631540119433
2012-12-18,0.8982691124092254,1.0301959307455097
2012-12-19,0.897763809350318,1.0307754465586312
2012-12-20,0.8971129429943822,1.0315227445135078
2012-12-21,0.8973719402885961,1.0312249429915976
2012-12-24,0.8972180435351806,1.031401795156951
2012-12-25,0.8965394062565213,1.0321819262661203
2012-12-26,0.8960402879301926,1.0327565590283942
2012-12-27,0.8958896231131648,1.0329302120215644
2012-12-28,0.8951637765081648,1.033767088427156
2012-12-31,0.894216038394223,1.034861570237471
2013-01-01,0.8944868555696419,1.034548157957476
2013-01-02,0.8947804089994144,1.0342086390946306
2013-01-03,0.8950744417415077,1.0338687890051659
2013-01-04,0.8944617066041916,1.0345765376625462
2013-01-07,0.8944897318626269,1.0345441223286924
2013-01-08,0.8946536785401231,1.034354505762356
2013-01-09,0.8946082113857794,1.0344070726461543
2013-01-10,0.8949061195878842,1.0340626108501028
2013-01-11,0.8944553954197538,1.0345834219160555
2013-01-14,0.8940824131573927,1.0350148366822736
2013-01-15,0.8944605015282183,1.0345771509973494
2013-01-16,0.8947569645794943,1.0342342472040114
2013-01-17,0.8948308575448239,1.0341488355912531
2013-01-18,0.8949229358844347,1.034042421393655
2013-01-21,0.8946999248226615,1.034300100450775
2013-01-22,0.8949945393502345,1.0339595171702707
2013-01-24,0.8945682666658088,1.034708605148344
2013-01-25,0.8947713515466131,1.0344737056090088
2013-01-28,0.8949528269301087,1.0342638961285007
2013-01-29,0.8941084713535172,1.0352396866529676
2013-01-30,0.8936774037561331,1.0357387964352143
2013-01-31,0.8935197418062959,1.0359215207577515
2013-02-01,0.8931379893940479,1.036364113708915
2013-02-04,0.8931009451828303,1.0364070984342122
2013-02-05,0.8929728502596386,1.036555747350536
2013-02-06,0.8936190326645925,1.0358056639795836
2013-02-07,0.8938930918822732,1.035487998308237
2013-02-08,0.8938878227920802,1.0354941020355244
2013-02-11,0.8937808334901898,1.0356180401721267
2013-02-12,0.8929457439233146,1.0365856530232977
2013-02-13,0.8928918771618112,1.036648184831674
2013-02-14,0.893383547500621,1.0360773551743554
2013-02-15,0.8927855235391201,1.0367708972550174
2013-02-18,0.8921501955794503,1.0375086887194072
2013-02-19,0.8917913329591282,1.0379260210122045
2013-02-20,0.8909566092457932,1.0388975279448311
2013-02-21,0.8905035786973176,1.0394257829821816
2013-02-22,0.8900943491208891,1.039903449532967
2013-02-25,0.8894149334935922,1.0406972155592211
2013-02-26,0.8889678998214259,1.041220286041136
2013-02-27,0.8892545469878943,1.0408845451839879
2013-02-28,0.889136770947922,1.041022403641069
2013-03-01,0.8896514736337066,1.0404197775382875
2013-03-04,0.8896341159942864,1.0404400767586894
2013-03-05,0.8897604533198487,1.0402923234134185
2013-03-06,0.8891494652135491,1.0410066799959221
2013-03-07,0.8893888541295166,1.0407264060145625
2013-03-08,0.8884818350143096,1.0417877626299206
2013-03-11,0.8884781048532148,1.04179213642354
2013-03-12,0.8883187605686105,1.041978976844005
2013-03-13,0.8884479416544785,1.041827450183019
2013-03-14,0.8874419964100828,1.0430070593867287
2013-03-15,0.8868065718505942,1.0437538713518322
2013-03-18,0.8869859783696785,1.043542713411889
2013-03-19,0.8862218622665375,1.0444416992031853
2013-03-20,0.8862357868473938,1.044425288625305
2013-03-21,0.8853107079228449,1.0455154903945318
2013-03-25,0.8847522099741043,1.0457302417446845
2013-03-26,0.8846289379324758,1.0458759427674562
2013-03-27,0.8848683020464133,1.0455929482173183
2013-03-28,0.8845092224780955,1.0460172498491134
2013-03-29,0.8850956553249155,1.0453237365899375
2013-04-01,0.8849779125044595,1.0454627942887245
2013-04-02,0.8844173486625498,1.046125012669838
2013-04-03,0.8840679848156618,1.0465382545169193
2013-04-04,0.8831540424866766,1.0476201572960417
2013-04-05,0.883351963693004,1.0473853780442577
2013-04-08,0.8829767994012346,1.0478302082022402
2013-04-09,0.8830647016865336,1.047725894396975
2013-04-10,0.8830434557196515,1.047751102005898
2013-04-11,0.8830434557196515,1.0475075230951394
2013-04-12,0.8830434557196515,1.0476552262958523
2013-04-15,0.8830434557196515,1.0481565951962273
2013-04-16,0.8830434557196515,1.0477844255314042
2013-04-17,0.8830434557196515,1.0477229175820626
2013-04-18,0.8830434557196515,1.0477690561220145
2013-04-19,0.8830434557196515,1.0477050216983528
2013-04-22,0.8830434557196515,1.048456051810673
2013-04-23,0.8830434557196515,1.0482409788128084
2013-04-24,0.8830434557196515,1.048230550084567
2013-04-25,0.8830434557196515,1.049054624064732
2013-04-26,0.8830434557196515,1.0488566493972145
2013-04-29,0.8830434557196515,1.0491118569508249
2013-04-30,0.8830434557196515,1.0491651715148511
2013-05-01,0.8830434557196515,1.0493929414184109
2013-05-02,0.8828000148127675,1.0491036406284193
2013-05-03,0.8827429055279592,1.0490357729827455
2013-05-06,0.883355346287453,1.0497635865528332
2013-05-07,0.8830429448327161,1.0493923342895766
2013-05-08,0.8829579836946128,1.0492913680029878
2013-05-09,0.8829579836946128,1.0496444315338398
2013-05-10,0.8829579836946128,1.0490248959821948
2013-05-13,0.8829579836946128,1.0487422286981136
2013-05-14,0.8829579836946128,1.0487621799806637
2013-05-15,0.8829579836946128,1.049104354612986
2013-05-16,0.8829579836946128,1.0488786440399513
2013-05-17,0.8829579836946128,1.0494631048397185
2013-05-20,0.8829579836946128,1.0497734965881587
2013-05-22,0.8829579836946128,1.0494403935101635
2013-05-23,0.8824364786520437,1.0500602287313157
2013-05-24,0.8828906644228136,1.0495197678303003
2013-05-27,0.8831056212529313,1.0492642419180558
2013-05-28,0.8819651919952788,1.0506192459081722
2013-05-29,0.8818567534747379,1.0507484206167799
2013-05-30,0.8810506037159367,1.0517089627711642
2013-05-31,0.8812749216425613,1.051441194753134
2013-06-03,0.8815081563204579,1.0511629245534915
2013-06-04,0.8811621345074098,1.0515755416102424
2013-06-05,0.8808680912524632,1.051926451712899
2013-06-06,0.8814477057889228,1.0512342801281247
2013-06-07,0.8809724041346213,1.0518011355287593
2013-06-10,0.8803849576385255,1.0525024933564915
2013-06-11,0.88054540727398,1.0523106754024152
2013-06-12,0.8807960879008688,1.0520110952812622
2013-06-13,0.8805149373212103,1.0523468977823274
2013-06-14,0.8807690865851027,1.0520431514424364
2013-06-17,0.8809754499016615,1.0517966587836893
2013-06-18,0.8808961954837868,1.0518912806394105
2013-06-19,0.8803576031424941,1.0525344217842234
2013-06-20,0.8807892347416167,1.0520183734034465
2013-06-21,0.881155889010194,1.0515804400000672
2013-06-24,0.8809320493579463,1.0518475725278478
2013-06-25,0.8803502893343084,1.052542203707521
2013-06-26,0.8808712711509824,1.05191932057105
2013-06-27,0.8802671789474563,1.0526407157182265
2013-06-28,0.8799210599979875,1.0530546115300958
2013-07-01,0.8795965496464149,1.0534429726430956
2013-07-02,0.8797527064610465,1.0532559524699603
2013-07-03,0.8796385678476195,1.0533926012953811
2013-07-04,0.879557044247093,1.0534902281625564
2013-07-05,0.8792858207697002,1.0538150863226388
2013-07-08,0.8790910703155065,1.0540484927552796
2013-07-09,0.878990662538488,1.0541688837700458
2013-07-10,0.8781811096527997,1.0551397762928334
2013-07-11,0.8776519843637155,1.0557755234445523
2013-07-12,0.8772411778553464,1.0562697050383218
2013-07-15,0.8765703530860999,1.0570774326040484
2013-07-16,0.8768375883832913,1.0567551670826767
2013-07-17,0.8766313105942518,1.0570037708404418
2013-07-19,0.8769908337842118,1.0559884876544487
2013-07-22,0.8760960132736786,1.0570659449336348
2013-07-23,0.8758372359464379,1.0573781763509709
2013-07-24,0.8756805384276868,1.0575673536659052
2013-07-25,0.8752641500317327,1.0580702297202216
2013-07-26,0.8751657382017516,1.058189195666161
2013-07-29,0.8748160956802671,1.058611958946795
2013-07-30,0.8745384458573223,1.0589479420458945
2013-07-31,0.8745199016925265,1.058970396524872
2013-08-01,0.8747569599790737,1.0586833387835688
2013-08-02,0.8744620512343892,1.0590402550343025
2013-08-05,0.8747965094313793,1.0586352006425896
2013-08-06,0.874642615495649,1.058821435424934
2013-08-07,0.8744730405447163,1.0590267188055715
2013-08-08,0.8744730405447163,1.0589603957277667
2013-08-09,0.8744730405447163,1.0592442501227528
2013-08-12,0.8744730405447163,1.059412243274832
2013-08-13,0.8744730405447163,1.0599751385118616
2013-08-14,0.8744730405447163,1.0603986734764563
2013-08-15,0.8744730405447163,1.0610772023388664
2013-08-16,0.8744730405447163,1.0618102516065004
2013-08-19,0.8744730405447163,1.0620812407755795
2013-08-20,0.8744730405447163,1.062731232764325
2013-08-21,0.8744730405447163,1.0626963595141277
2013-08-22,0.8744730405447163,1.062521529101288
2013-08-23,0.8744730405447163,1.062907188098646
2013-08-26,0.8744730405447163,1.062966653027619
2013-08-27,0.8744730405447163,1.0630810932390116
2013-08-28,0.8744730405447163,1.062740077201339
2013-08-29,0.8744730405447163,1.0629241807670864
2013-08-30,0.8744730405447163,1.0629934064843454
2013-09-02,0.8744730405447163,1.0636968734538437
2013-09-03,0.8744730405447163,1.0641729473422665
2013-09-04,0.8744730405447163,1.06444153241332
2013-09-05,0.8743683959291988,1.0645689097820161
2013-09-06,0.8742092607450909,1.06476266148924
2013-09-09,0.8739107700531235,1.06512621488301
2013-09-10,0.8734053562644752,1.0657422153879814
2013-09-11,0.8735463696947016,1.06557014870159
2013-09-12,0.8737049227169973,1.0653767424058216
2013-09-13,0.8737368882524906,1.065337764328455
2013-09-17,0.8734843925048078,1.0654180591003806
2013-09-18,0.8733155524079586,1.0656239990001966
2013-09-19,0.872977588162756,1.0660363846602239
2013-09-20,0.8732849783170512,1.0656610152427173
2013-09-23,0.87251095343981,1.0666055501390963
2013-09-24,0.8724925028881609,1.0666281051118611
2013-09-25,0.8723791486091862,1.0667666815000696
2013-09-26,0.872187200933684,1.0670013998391585
2013-09-27,0.8732529078934694,1.0656976535600429
2013-09-30,0.873372594244137,1.0655515911056077
2013-10-01,0.8728531193265184,1.0661853725279422
2013-10-02,0.8726220139627681,1.0664676664819734
2013-10-03,0.8718903136688488,1.0673619078517005
2013-10-04,0.8716204628706168,1.067692257275614
2013-10-07,0.8712016309740376,1.0682053057779461
2013-10-08,0.8713093483012363,1.0680732304737375
2013-10-09,0.8712148097058902,1.0681891182960508
2013-10-10,0.8712021802142275,1.0682046032090864
2013-10-11,0.8707978140581951,1.0687004075115383
2013-10-14,0.8713721286402655,1.0679955708456788
2013-10-15,0.8711522406641109,1.0682650761200576
2013-10-16,0.8717977222340374,1.06747354349666
2013-10-17,0.8717977222340374,1.0673607798366234
2013-10-18,0.8717977222340374,1.0677166846207138
2013-10-21,0.8717977222340374,1.0674038035099516
2013-10-22,0.8717977222340374,1.067483248622219
2013-10-23,0.8717977222340374,1.0686322857417523
2013-10-24,0.8717217993492031,1.0687253505019498
2013-10-25,0.8719114305235276,1.068492863895102
2013-10-28,0.8719969691668111,1.0683880396816139
2013-10-29,0.8714007790080298,1.0691185037285549
2013-10-30,0.8713058360035019,1.06923498896174
2013-10-31,0.8718145705184136,1.06861068837639
2013-11-01,0.8717600143301049,1.068677559621624
2013-11-04,0.871647165072482,1.068815899838265
2013-11-05,0.8720085441856955,1.0683727758799144
2013-11-06,0.8714492279263141,1.0690580424046687
2013-11-07,0.8714492279263141,1.0691560887932336
2013-11-08,0.8714492279263141,1.069634738928121
2013-11-11,0.8714492279263141,1.0690026606996297
2013-11-12,0.8714492279263141,1.0691490152006897
2013-11-14,0.8714492279263141,1.0696372517258546
2013-11-15,0.8714492279263141,1.0685783516110876
2013-11-18,0.8714492279263141,1.0682383363056835
2013-11-19,0.8714492279263141,1.0677035618020425
2013-11-20,0.8714492279263141,1.0679833167644739
2013-11-21,0.8714492279263141,1.0681214872607996
2013-11-22,0.8714492279263141,1.069587325264183
2013-11-25,0.8714492279263141,1.069304246507927
2013-11-26,0.8714492279263141,1.0701836986601008
2013-11-27,0.8714492279263141,1.0707105750468622
2013-11-28,0.8718008919240017,1.0711426488259432
2013-11-29,0.8718441108554903,1.0711957499883564
2013-12-02,0.8723380512840562,1.0718026324358483
2013-12-03,0.8728328591977343,1.072410580723384
2013-12-04,0.872837151632314,1.0724158546452027
2013-12-05,0.8729011284706347,1.0724944601165864
2013-12-06,0.8728037106176986,1.0723747671706356
2013-12-09,0.8731245924212014,1.0727690202485438
2013-12-10,0.8730725963601925,1.0727051350208117
2013-12-11,0.8727475700777738,1.0723057898075719
2013-12-12,0.8732461002695382,1.0729183114912189
2013-12-13,0.873582189495225,1.0733312492465927
2013-12-16,0.8738531339222957,1.0736641465101602
2013-12-17,0.8732942629780734,1.0729774868507223
2013-12-18,0.8734702371211949,1.0731936983865604
2013-12-19,0.8736616160230836,1.0734288370584721
2013-12-20,0.8733735732329082,1.0730749318031532
2013-12-23,0.8742958774069266,1.0742081255692217
2013-12-24,0.8744738404020321,1.0744267807182772
2013-12-25,0.8744880616275397,1.0744442537001253
2013-12-26,0.8750294341771215,1.075109413867008
2013-12-27,0.8754284833661091,1.0755997077050434
2013-12-30,0.8758479590498233,1.0761150986608614
2013-12-31,0.8757019463522093,1.0759356994091134
2014-01-01,0.8751952654907974,1.0753131633632917
2014-01-02,0.8751824596908526,1.0752974294513398
2014-01-03,0.8750931321363251,1.0751876766921307
2014-01-06,0.8762511644145072,1.076610499005538
2014-01-07,0.8765927172458484,1.077030149648094
2014-01-08,0.8768081865427664,1.0772948871077357
2014-01-09,0.8772848889719546,1.077880589998651
2014-01-13,0.8775957019177753,1.0785615369420767
2014-01-14,0.8774348729643915,1.078363878814573
2014-01-15,0.8773497988048975,1.0782593230196695
2014-01-16,0.8783821147749193,1.0795280351348309
2014-01-17,0.8789082054485193,1.0801745984261606
2014-01-20,0.8789219539996979,1.0801914953394631
2014-01-21,0.8790453511344386,1.0803431499145817
2014-01-22,0.8801411064382315,1.0816898287121062
2014-01-23,0.8802341913357945,1.0818042296714114
2014-01-24,0.8799214418487701,1.0814198618279207
2014-01-27,0.8792623371335399,1.0806098248221434
2014-01-28,0.8791613098359522,1.0804856626856139
2014-01-29,0.8789685899929102,1.0802488107848394
2014-01-30,0.8788794031741214,1.080139200548443
2014-01-31,0.8795423691861467,1.0809539830722268
2014-02-03,0.8794122994418294,1.0807941278871638
2014-02-04,0.8794992022568682,1.0809009310922706
2014-02-05,0.8791337890295962,1.080451839726891
2014-02-06,0.877997814634586,1.0790557318303602
2014-02-07,0.8787844405601147,1.0800224918832897
2014-02-10,0.8785594361396706,1.0797459623686139
2014-02-11,0.878823180732803,1.0800701033974582
2014-02-12,0.8788237963250822,1.080070859957858
2014-02-13,0.879288783720488,1.080642327569597
2014-02-14,0.8795996063734851,1.08102432734193
2014-02-17,0.8801679051339921,1.0817227641998537
2014-02-18,0.8799548748620019,1.0814609508647712
2014-02-19,0.880679890879832,1.0823519925925162
2014-02-20,0.880679890879832,1.0822267899960418
2014-02-21,0.880679890879832,1.0828356022567027
2014-02-24,0.880679890879832,1.0836517439553826
2014-02-25,0.880679890879832,1.083962462424122
2014-02-26,0.880679890879832,1.0835678608923018
2014-02-27,0.8804858524470058,1.083806601224363
2014-02-28,0.88040903015978,1.0839011632230429
2014-03-03,0.879929115229605,1.0844920026320506
2014-03-04,0.8802520789325942,1.0840939574407165
2014-03-05,0.8803559057302536,1.0839660872468744
2014-03-06,0.8807531412394273,1.0834769784469087
2014-03-07,0.8800296575673103,1.0843669870841959
2014-03-10,0.8798584254781684,1.084577978183187
2014-03-12,0.8800665842542956,1.0846098009893743
2014-03-13,0.8795559676391119,1.085239094039792
2014-03-14,0.8795868494981162,1.0852009904944566
2014-03-17,0.879129630306552,1.0857650902417888
2014-03-18,0.8787431326897348,1.0862424323826236
2014-03-19,0.8785727380671425,1.086453062613944
2014-03-20,0.878644177326922,1.0863647200109752
2014-03-21,0.878419885050128,1.0866420372945442
2014-03-24,0.8784399295968965,1.0866172413541197
2014-03-25,0.8790335465146756,1.085882945979006
2014-03-26,0.8790325483047835,1.0858841790822278
2014-03-27,0.8790088399054568,1.0859134664798218
2014-03-28,0.8786939839005288,1.0863024345541248
2014-03-31,0.8786939839005288,1.0869799593387304
2014-04-01,0.8786939839005288,1.0868860655330161
2014-04-02,0.8786939839005288,1.0868528204640304
2014-04-03,0.8788897397978206,1.0866106908341568
2014-04-04,0.8784787762419556,1.0871187834572986
2014-04-07,0.8780507801658469,1.0876484292338013
2014-04-08,0.8771899178685603,1.0887147861536752
2014-04-09,0.8767234051464106,1.08929379337684
2014-04-10,0.8767400745714701,1.0892730822823833
2014-04-11,0.8758335108213977,1.0903994086805573
2014-04-14,0.8756641528114821,1.0906102568287332
2014-04-15,0.8753718847607647,1.0909742668579576
2014-04-16,0.8753122249428703,1.0910486207722438
2014-04-17,0.87485420153669,1.0916195322611437
2014-04-18,0.8748984870492321,1.0915642739902203
2014-04-21,0.8735885517625209,1.0931986105234055
2014-04-22,0.8734283697315796,1.093399060464402
2014-04-23,0.8723138887548758,1.0947942206115446
2014-04-24,0.8728966938423599,1.0940627733082906
2014-04-25,0.8732785663650791,1.0935841456376814
2014-04-28,0.8733179767336144,1.0935347930532209
2014-04-29,0.8738574263668076,1.0928593152104276
2014-04-30,0.8732642640309652,1.0936011329996893
2014-05-01,0.8738609732640196,1.0928538656257476
2014-05-02,0.8740560339624899,1.0926099219723782
2014-05-05,0.8736630158014386,1.0931012126054662
2014-05-06,0.8739711245826366,1.0927157160510161
2014-05-07,0.8733749576060424,1.0934610965405902
2014-05-09,0.8729804330857731,1.0947000354662342
2014-05-12,0.8727596303942249,1.0949769176334718
2014-05-13,0.87233450882845,1.0955102813289277
2014-05-14,0.8725252937280896,1.095270686521016
2014-05-15,0.8722421644102825,1.0956260954066013
2014-05-16,0.8723112728782578,1.0955392880450485
2014-05-19,0.8718086247532796,1.0961705658768237
2014-05-20,0.8709385943148386,1.0972645006360788
2014-05-21,0.8707483017734583,1.0975042434282292
2014-05-22,0.8698130650549148,1.098683029841158
2014-05-23,0.8695753925437656,1.0989832400416601
2014-05-26,0.8691084627653574,1.0995733533373526
2014-05-27,0.8700150963977754,1.0984263041183469
2014-05-28,0.8701456965083286,1.0982614166384097
2014-05-29,0.869935444543161,1.0985267878538771
2014-05-30,0.8703000822281194,1.0980663349923452
2014-06-02,0.8699984018342551,1.098446968168412
2014-06-03,0.8700096457796309,1.0984327717311746
2014-06-04,0.8698587063343165,1.0986233406910528
2014-06-05,0.8700289809290183,1.0984082854841508
2014-06-06,0.8702628675468342,1.0981130045170746
2014-06-09,0.870117028331553,1.098297027005958
2014-06-10,0.8702156907686746,1.0981724912735915
2014-06-11,0.8692731966888663,1.0993618757935595
2014-06-12,0.8685233882816223,1.1003101516407998
2014-06-13,0.868110019966775,1.1008338374267326
2014-06-16,0.8683432199473289,1.1005381209581093
2014-06-17,0.867605173622102,1.101473520806103
2014-06-18,0.8684574043061819,1.1003915660637016
2014-06-19,0.8689054295697665,1.0998238891471512
2014-06-20,0.8684527417216773,1.1003968823552863
2014-06-23,0.8681896178846946,1.100730280634754
2014-06-24,0.8679343339558836,1.1010539412093718
2014-06-25,0.86721865198639,1.1019618491262897
2014-06-26,0.8667725415897005,1.1025287149755474
2014-06-27,0.8666560128588331,1.1026769387202282
2014-06-30,0.866103951993788,1.1033793451832574
2014-07-01,0.8660742979075359,1.103417123219249
2014-07-02,0.8656780523598344,1.103921957646722
2014-07-03,0.8648859275714911,1.104932083691462
2014-07-04,0.864307399605906,1.10567118013194
2014-07-08,0.8652781405781044,1.1046548895256894
2014-07-09,0.8650966551339522,1.104886582404382
2014-07-10,0.8644016569942473,1.1057742220857967
2014-07-11,0.8643015529663042,1.1059022788204536
2014-07-14,0.8635617140809819,1.1068489270202975
2014-07-15,0.8638880213981756,1.1064306906649501
2014-07-16,0.8634752797856544,1.1069593124030648
2014-07-17,0.863369327894834,1.1070951407642882
2014-07-18,0.8634434668518565,1.1070000726672304
2014-07-21,0.8628237340763906,1.1077946171322852
2014-07-22,0.8618931771711205,1.1089893755630984
2014-07-23,0.8615184639694579,1.1094715153114265
2014-07-24,0.8622649233568402,1.108510217948371
2014-07-25,0.861786567593207,1.1091251823722255
2014-07-28,0.8605613675304307,1.1107020231982137
2014-07-29,0.8606067790004697,1.1106434119084767
2014-07-30,0.8610912358163385,1.1100182032951726
2014-07-31,0.8613189127301109,1.1097247088218283
2014-08-01,0.8613731213122504,1.1096548663951251
2014-08-04,0.8610463020422917,1.1100758878832218
2014-08-05,0.8614937390384902,1.1094990443155193
2014-08-06,0.8605978842864112,1.1106527961609902
2014-08-07,0.8603831197012549,1.1109299626418467
2014-08-08,0.8607852603670522,1.1104107170818152
2014-08-11,0.8609606011970635,1.1101845278732505
2014-08-12,0.8607462748536834,1.1104608956768476
2014-08-13,0.8606299335069196,1.1106109892873641
2014-08-14,0.8595968076363025,1.1119441998817818
2014-08-15,0.859414514444562,1.1121800079436932
2014-08-18,0.8597993023611556,1.1116820486691628
2014-08-19,0.8593483905299915,1.1122650575025743
2014-08-20,0.859233611947414,1.1124136168158372
2014-08-21,0.8593353472497742,1.112281904399001
2014-08-22,0.8592131571310948,1.1124400613494145
2014-08-25,0.8593060090827886,1.1123198441134685
2014-08-26,0.8590618273915773,1.112635922597539
2014-08-27,0.8589192022038223,1.112820647261473
2014-08-28,0.8590799091734573,1.112612434389401
2014-08-29,0.8589305382540973,1.1128058878044345
2014-09-01,0.8587466976473239,1.1130440664469716
2014-09-02,0.8587459216127313,1.1130450722857141
2014-09-04,0.8579448892143899,1.113553423959004
2014-09-05,0.858424577390188,1.1129308217181053
2014-09-08,0.8580280551727182,1.1134449050854056
2014-09-09,0.8578051766089676,1.113734129895439
2014-09-10,0.8583364990669605,1.1130442856608938
2014-09-11,0.8575258318448721,1.114095515009872
2014-09-12,0.8570474934148155,1.1147169711570721
2014-09-15,0.8569552773835815,1.1148369117389174
2014-09-16,0.8567216813308859,1.115140803329126
2014-09-17,0.8574292690524032,1.1142197808344307
2014-09-18,0.8570541709112183,1.1147072166891974
2014-09-19,0.8568154555939137,1.1150176961150788
2014-09-22,0.8568340370797537,1.1149935150788983
2014-09-23,0.8563878593703792,1.1155741237277106
2014-09-24,0.8560490545244561,1.1160154680496437
2014-09-25,0.8560263795820126,1.1160450289566624
2014-09-26,0.8558632975066873,1.116257647333642
2014-09-29,0.8558550140905299,1.1162684509592429
2014-09-30,0.8556884929287945,1.1164856399879943
2014-10-01,0.8550038026193851,1.1173790105365193
2014-10-02,0.8550993092716479,1.1172541957365407
2014-10-03,0.8556665623316901,1.1165130352017294
2014-10-06,0.8554148772368679,1.1168414454744988
2014-10-07,0.8553907814856914,1.1168729052191093
2014-10-08,0.8552818477024132,1.117015138679698
2014-10-09,0.855009691644976,1.1173705799147218
2014-10-10,0.8557474771745541,1.116406403890645
2014-10-13,0.8553393122331887,1.1169388950361503
2014-10-14,0.855824210087562,1.1163056945437573
2014-10-15,0.8552740024502946,1.1170233651955377
2014-10-16,0.8555236718611651,1.116697286576618
2014-10-17,0.8554889876135195,1.1167425592049585
2014-10-20,0.8552589662362383,1.1170428256785847
2014-10-21,0.8549567355918821,1.1174375652677688
2014-10-22,0.8544216089985824,1.1181369814284157
2014-10-23,0.8545191093773735,1.1180093877696393
2014-10-24,0.8541582247921979,1.1184815508256785
2014-10-27,0.8532657660299255,1.1196501851975094
2014-10-28,0.852579256399745,1.1205510189883083
2014-10-29,0.8523723970508217,1.1208228957111859
2014-10-30,0.8523603033632036,1.120838798246302
2014-11-03,0.8527259523158719,1.1202064399439269
2014-11-04,0.8518498008166447,1.1213574199852112
2014-11-05,0.8515207680614575,1.121790551883691
2014-11-06,0.8507864852294137,1.122757893579035
2014-11-07,0.8509532827373031,1.1225377758152206
2014-11-10,0.8505893585170621,1.1230178476276713
2014-11-11,0.8508545114918284,1.1226677709190545
2014-11-12,0.8504902717911468,1.1231483703250886
2014-11-13,0.8507148813355485,1.1228517533594145
2014-11-14,0.8505311367307836,1.1230942763905232
2014-11-17,0.8509013945131506,1.1226053649583516
2014-11-18,0.8506784033089639,1.1228995601774132
2014-11-19,0.8505949984796356,1.1230096549509552
2014-11-20,0.8499934341854845,1.123803878419954
2014-11-21,0.8497494965859758,1.1241263962293804
2014-11-24,0.8502556129503724,1.1234568591869136
2014-11-25,0.8504286661343473,1.1232282011415218
2014-11-26,0.8501602366696571,1.1235827371029303
2014-11-27,0.8500278354878289,1.123757720213005
2014-11-28,0.8492293250603019,1.1248133706518981
2014-12-01,0.8488934221092436,1.1252582777216877
2014-12-02,0.8485631125410921,1.1256961225277526
2014-12-03,0.8474177156107642,1.127215595698539
2014-12-04,0.8469784282341719,1.1277999256845264
2014-12-05,0.8467073441226414,1.1281608895894464
2014-12-08,0.8464419235960978,1.1285145384144144
2014-12-09,0.8458422115768909,1.1293141015193011
2014-12-10,0.8459418873188222,1.129181020881563
2014-12-11,0.8457698980460618,1.1294105957796823
2014-12-12,0.8456728325742139,1.1295402135074384
2014-12-15,0.8452593918115032,1.1300924341173444
2014-12-16,0.8453260809368447,1.1300032722852296
2014-12-17,0.8454465701685194,1.1298422063615132
2014-12-18,0.845239762790712,1.1301185806615321
2014-12-19,0.8447743168510826,1.1307409000646467
2014-12-22,0.8447444649579273,1.1307808571938607
2014-12-23,0.8442611463343277,1.1314278308884667
2014-12-24,0.8438003070766051,1.1320454198465955
2014-12-25,0.8439910840028657,1.1317894728603544
2014-12-26,0.843160196365464,1.1329036906512355
2014-12-29,0.8435319762113412,1.1324041524124526
2014-12-31,0.8431008355240063,1.1332461358852108
2015-01-01,0.8430031219848274,1.1333774766288471
2015-01-02,0.8425493164804307,1.1339875964778015
2015-01-05,0.8421101654583061,1.1345786500841948
2015-01-06,0.8427794086863564,1.1336769758028422
2015-01-07,0.8425630994340899,1.1339679473387152
2015-01-08,0.8426178471319928,1.1338942648635935
2015-01-09,0.8429051548787818,1.1335076404793085
2015-01-12,0.8421949754285745,1.134462663506825
2015-01-13,0.8420860070776388,1.1346094472436639
2015-01-14,0.8416211768872071,1.1352357499265195
2015-01-15,0.8419509978796768,1.1347908649925251
2015-01-16,0.8408756088110751,1.1362402862705272
2015-01-19,0.8406082576436944,1.1366015467991668
2015-01-20,0.8404640481462954,1.136796535054774
2015-01-21,0.8405308175217913,1.1367062239999717
2015-01-22,0.8404333589304418,1.1368380237925073
2015-01-23,0.8398316997597839,1.1376518765689345
2015-01-26,0.8395025835382535,1.1380977036163542
2015-01-27,0.8395692491117008,1.1380073263649453
2015-01-28,0.8389111260985684,1.138899389540659
2015-01-29,0.839150050344353,1.1385750277945752
2015-01-30,0.8392419082197079,1.138450393251632
2015-02-02,0.8381602606562614,1.139917672330411
2015-02-03,0.8378504330449201,1.140339045170573
2015-02-04,0.8376966021242256,1.140548413571309
2015-02-05,0.8371297541294017,1.1413201936878725
2015-02-06,0.8368187282896554,1.1417442379533047
2015-02-09,0.8369610604725262,1.141550041833913
2015-02-10,0.8375760632253771,1.1407112257271654
2015-02-11,0.8376042527364809,1.1406728338805314
2015-02-12,0.8374011693816293,1.1409493984575805
2015-02-13,0.8374391268620585,1.14089768182994
2015-02-16,0.8372941643374817,1.1410951736868842
2015-02-17,0.8368229239548319,1.1417373973511487
2015-02-18,0.8363879879219894,1.1423308117043371
2015-02-19,0.8363879879219894,1.1428956363126443
2015-02-20,0.8363879879219894,1.142813993000482
2015-02-23,0.8363879879219894,1.1424046080186905
2015-02-24,0.8363879879219894,1.1421656566595841
2015-02-25,0.8363879879219894,1.1420510949610205
2015-02-27,0.8363879879219894,1.141908636092217
2015-03-02,0.8363879879219894,1.142728014210666
2015-03-03,0.8363879879219894,1.1420072282158782
2015-03-04,0.8363879879219894,1.142335420289139
2015-03-05,0.8363879879219894,1.1428774109779605
2015-03-06,0.8363879879219894,1.143530074722825
2015-03-09,0.8363879879219894,1.1433085145880584
2015-03-10,0.8363879879219894,1.142771875858789
2015-03-11,0.8363879879219894,1.142606672397621
2015-03-12,0.8361271185470476,1.1422502934290835
2015-03-13,0.8363970403440558,1.1426190390958564
2015-03-16,0.8367680854703757,1.1431259314032736
2015-03-17,0.8371388907291746,1.1436324960227826
2015-03-18,0.8374766337529761,1.1440938936493914
2015-03-19,0.837125354455752,1.1436140038438471
2015-03-20,0.837543186614145,1.1441848128691037
2015-03-23,0.8371743497502618,1.1436809373139967
2015-03-24,0.8367488047319632,1.143099591593667
2015-03-25,0.8359898039012229,1.1420627050935226
2015-03-26,0.836450585426778,1.1426921881243883
2015-03-27,0.836289828703651,1.1424725750893734
2015-03-30,0.8361080379793284,1.1422242270767398
2015-03-31,0.8365269368541274,1.1427964933650139
2015-04-01,0.8374280257367779,1.1440274892480344
2015-04-02,0.8382843485654229,1.1451973293125326
2015-04-03,0.8378313469178864,1.1445784745315497
2015-04-06,0.838412144874244,1.1453719144539687
2015-04-07,0.8383605842168855,1.14530147638936
2015-04-08,0.8385138615922951,1.1455108717350606
2015-04-09,0.8387518742640878,1.1458360256957019
2015-04-10,0.83902180306403,1.1462047809293254
2015-04-13,0.8386876282385672,1.1457482578911722
2015-04-14,0.838130148220513,1.1449866730793916
2015-04-15,0.838745691414872,1.1458275791794073
2015-04-16,0.8389958885754153,1.1461693786183997
2015-04-17,0.8395015889830693,1.1468602262493601
2015-04-20,0.8392194470696709,1.1464747864325917
2015-04-21,0.8389301453426178,1.1460795654485023
2015-04-22,0.8386222528853342,1.1456589472890437
2015-04-23,0.8382756883607831,1.1451854984305154
2015-04-24,0.8389687308568186,1.1461322779056637
2015-04-28,0.8386572883919261,1.1448904695275242
2015-04-29,0.8384862193487718,1.1446569351388656
2015-04-30,0.838001661592983,1.143995442579012
2015-05-01,0.8388034008613039,1.145089934524711
2015-05-04,0.8393201169169333,1.1457953278906665
2015-05-05,0.8399485061522407,1.1466531715612756
2015-05-06,0.8401874033055481,1.146979301290075
2015-05-07,0.84090227590351,1.1479552074625503
2015-05-08,0.8408572125289447,1.147893689332584
2015-05-11,0.8408550035903479,1.1478906738067163
2015-05-12,0.8408863003162828,1.1479333984377975
2015-05-13,0.8411374422406205,1.1482762440788632
2015-05-14,0.8419002787197123,1.1493176279990993
2015-05-15,0.842435024492149,1.1500476345786126
2015-05-18,0.8421421023209514,1.1496477527594724
2015-05-19,0.8420434478794931,1.149513074946061
2015-05-20,0.8421906655746648,1.149714048738909
2015-05-21,0.8424761881752337,1.150103829056508
2015-05-22,0.8435771761487699,1.1516068394701933
2015-05-25,0.8438945988313566,1.1520401680886116
2015-05-26,0.8433145809123309,1.151248358374633
2015-05-27,0.8439265523940792,1.152083789398454
2015-05-28,0.8437274405312101,1.151811972438983
2015-05-29,0.843627144583659,1.1516750537284766
2015-06-01,0.8440095822629217,1.1521971373736515
2015-06-02,0.8439287089503569,1.1520867334147566
2015-06-03,0.8436986794309552,1.1517727093096566
2015-06-04,0.8441022271257003,1.1523236112288413
2015-06-05,0.8433167246736006,1.151251284923869
2015-06-08,0.84422462231513,1.152490698652791
2015-06-09,0.8442588330904294,1.1525374013895793
2015-06-10,0.8444957650855018,1.1528608483885372
2015-06-11,0.8447616915930184,1.1532238771587686
2015-06-12,0.8449153051857662,1.1534335822919155
2015-06-15,0.8454355358531991,1.1541437736195816
2015-06-16,0.8452483551148098,1.153888244398734
2015-06-17,0.8462822365658315,1.155299644545468
2015-06-18,0.8462848969554397,1.1553032763683233
2015-06-19,0.8462916506613961,1.155312496169654
2015-06-22,0.8461380702573277,1.1551028363439326
2015-06-23,0.846281142792885,1.1552981513846268
2015-06-25,0.8465098512642941,1.1555420180112925
2015-06-26,0.8470530067735421,1.1562834612588968
2015-06-29,0.847606855106073,1.1570395009185523
2015-06-30,0.8470048726480717,1.156217754989326
2015-07-01,0.8467951821062217,1.1559315135102395
2015-07-02,0.8473921623748925,1.1567464311196949
2015-07-03,0.8472753701484635,1.1565870019945474
2015-07-06,0.8476564474436971,1.1571071977443013
2015-07-07,0.8475057907387494,1.1569015413628638
2015-07-08,0.8474586341009664,1.1568371694287334
2015-07-09,0.8471066523211556,1.1563566909847574
2015-07-10,0.8478422568692391,1.1573608399177924
2015-07-13,0.8482631973563359,1.1579354515648936
2015-07-14,0.8487014259335548,1.1585336626001383
2015-07-15,0.8488192364030996,1.1586944816945852
2015-07-16,0.8489103753802385,1.1588188924352343
2015-07-17,0.8495653980153105,1.159713041719432
2015-07-20,0.8494234471603584,1.1595192693998957
2015-07-21,0.8494660935294309,1.1595774845184856
2015-07-22,0.8502247265680455,1.1606130688664544
2015-07-23,0.8501975070607746,1.1605759124360666
2015-07-24,0.8500215949715468,1.1603357807822232
2015-07-27,0.8503819133884525,1.160827639288035
2015-07-28,0.8504284409453193,1.160891152485046
2015-07-29,0.8503995508251895,1.1608517155574478
2015-07-30,0.8508750037882769,1.1615007403450683
2015-07-31,0.8512569252710284,1.1620220884667014
2015-08-03,0.8525405524205807,1.1637743245506083
2015-08-04,0.852892958097995,1.164255381642891
2015-08-05,0.8537659675890761,1.1654470974245328
2015-08-06,0.8535138894580844,1.1651029940786028
2015-08-07,0.8534987918028972,1.1650823847792355
2015-08-10,0.8534173042348051,1.1649711488512244
2015-08-11,0.8536356607169133,1.1652692199127772
2015-08-12,0.8536426519208001,1.1652787633691652
2015-08-13,0.8533243143860455,1.1648442115482152
2015-08-14,0.8546870768095984,1.166704472522887
2015-08-17,0.85429682340125,1.1661717507709248
2015-08-18,0.8541872876167057,1.1660222271696015
2015-08-19,0.8548170192329805,1.1668818525379168
2015-08-20,0.8551805864814491,1.1673781459140078
2015-08-24,0.8556218479402552,1.1671053792082398
2015-08-25,0.8562055327067889,1.1679015505921557
2015-08-26,0.8555664896061385,1.1670298680350653
2015-08-27,0.8555664896061385,1.166538308524837
2015-08-28,0.8555664896061385,1.1669745244220835
2015-08-31,0.8555664896061385,1.167116630730389
2015-09-01,0.8555664896061385,1.1674753716584856
2015-09-02,0.8555664896061385,1.1674567036969132
2015-09-03,0.8555664896061385,1.1672927796860881
2015-09-04,0.8555664896061385,1.1674052616819246
2015-09-07,0.8555664896061385,1.1676697901794786
2015-09-08,0.8555664896061385,1.1671527993121953
2015-09-09,0.8555664896061385,1.1676105320973116
2015-09-10,0.8555664896061385,1.1688118270531491
2015-09-11,0.8555664896061385,1.169075537089119
2015-09-14,0.8555664896061385,1.1683793267340024
2015-09-15,0.8555664896061385,1.1696994391845206
2015-09-16,0.8555664896061385,1.17019680073001
2015-09-17,0.8555664896061385,1.1701546087892218
2015-09-18,0.8555664896061385,1.170119323169587
2015-09-21,0.8555664896061385,1.1707123563218322
2015-09-22,0.8555664896061385,1.1706528421054183
2015-09-23,0.8555664896061385,1.1697617022151183
2015-09-24,0.8555664896061385,1.1701563164503446
2015-09-25,0.8555664896061385,1.1709965547929226
2015-09-28,0.8555664896061385,1.1717952812879187
2015-09-29,0.8555664896061385,1.1718204206565537
2015-09-30,0.8555664896061385,1.1713065076648277
2015-10-01,0.8555664896061385,1.1712508287811634
2015-10-02,0.8555664896061385,1.1713421739269536
2015-10-05,0.8555664896061385,1.172036395157531
2015-10-06,0.8555664896061385,1.173020599884842
2015-10-07,0.8555664896061385,1.1728027352568164
2015-10-08,0.8555664896061385,1.1721130886896816
2015-10-09,0.8555664896061385,1.172840843829408
2015-10-12,0.8555664896061385,1.1723895200324994
2015-10-13,0.8555664896061385,1.172196105248954
2015-10-14,0.8555664896061385,1.1716130489344072
2015-10-15,0.8555664896061385,1.1726490066476816
2015-10-16,0.8555664896061385,1.1734144479358053
2015-10-19,0.8555664896061385,1.173184552914462
2015-10-21,0.8555664896061385,1.1721265263369758
2015-10-22,0.8554347437635428,1.1719460344655468
2015-10-23,0.8558811816863113,1.1725576546470253
2015-10-26,0.8558811816863113,1.1733915826993375
2015-10-27,0.8558811816863113,1.1730223087826799
2015-10-28,0.8558811816863113,1.1740719091339247
2015-10-29,0.8558811816863113,1.1731322159126967
2015-10-30,0.8558811816863113,1.1739573567399637
2015-11-02,0.8558811816863113,1.1738422364539247
2015-11-03,0.8558811816863113,1.1738373316885242
2015-11-04,0.8558811816863113,1.1741920905798435
2015-11-05,0.8558811816863113,1.1751204070228989
2015-11-06,0.8558811816863113,1.1755410632614454
2015-11-09,0.8558811816863113,1.1756939940925295
2015-11-10,0.8558811816863113,1.176017454432135
2015-11-11,0.8558811816863113,1.1767200018906416
2015-11-12,0.8558811816863113,1.1767957480598905
2015-11-13,0.8558811816863113,1.1770979197904123
2015-11-16,0.8558811816863113,1.178193522952207
2015-11-17,0.8558811816863113,1.1779504529128588
2015-11-18,0.8558811816863113,1.178817175545653
2015-11-19,0.8558811816863113,1.1793887796550424
2015-11-20,0.8558811816863113,1.1801472584716588
2015-11-23,0.8558811816863113,1.1810869029242697
2015-11-24,0.8558811816863113,1.1820075124200864
2015-11-25,0.8558811816863113,1.182813654453613
2015-11-26,0.8558811816863113,1.1819794457119541
2015-11-27,0.8558811816863113,1.182518550390975
2015-11-30,0.8558811816863113,1.1824243416443612
2015-12-01,0.8558811816863113,1.1828578273632497
2015-12-02,0.8558811816863113,1.1829056994254992
2015-12-03,0.8558811816863113,1.1830227923609824
2015-12-04,0.8558811816863113,1.183808147565998
2015-12-07,0.8558811816863113,1.1831845087575306
2015-12-08,0.8558811816863113,1.1820973240228234
2015-12-09,0.8558811816863113,1.1830081121028642
2015-12-10,0.8558811816863113,1.1837552792718793
2015-12-11,0.8558811816863113,1.1838050688713688
2015-12-14,0.8558811816863113,1.184535680055613
2015-12-15,0.8558811816863113,1.1843436724948209
2015-12-16,0.8558811816863113,1.185026410009225
2015-12-18,0.8558811816863113,1.1836800759330623
2015-12-21,0.8558811816863113,1.1833957871798777
2015-12-22,0.8558811816863113,1.182755424063434
2015-12-23,0.8558811816863113,1.182312434444585
2015-12-24,0.8558811816863113,1.1830176181286036
2015-12-25,0.8558811816863113,1.1835481900033442
2015-12-28,0.8558811816863113,1.1839344710176753
2015-12-29,0.8558811816863113,1.1838443080757282
2015-12-30,0.8558811816863113,1.1839559423086279
2015-12-31,0.8558811816863113,1.1850904772943525
2016-01-01,0.8558811816863113,1.1855892500512353
2016-01-04,0.8558811816863113,1.1858602949080759
2016-01-05,0.8558811816863113,1.185936954416877
2016-01-06,0.8558811816863113,1.1851965298383753
2016-01-07,0.8558811816863113,1.1864805799218687
2016-01-08,0.8558811816863113,1.1861194112019044
2016-01-11,0.8558811816863113,1.1854180111400818
2016-01-12,0.8558811816863113,1.184406424181337
2016-01-13,0.8558811816863113,1.1850769514805042
2016-01-14,0.8556611767693261,1.1853815764236744
2016-01-15,0.8559039438546169,1.185045261491925
2016-01-18,0.8557351866597256,1.1852789149475311
2016-01-19,0.8554287038297569,1.1857034243539673
2016-01-20,0.855186695479949,1.1860388703447375
2016-01-21,0.8541646338804321,1.1874563442031603
2016-01-22,0.8541367760827488,1.1874950720049005
2016-01-25,0.8539574876551167,1.1877443343364642
2016-01-26,0.8533973728094036,1.1885233815890388
2016-01-27,0.8536004998613307,1.1882404872910943
2016-01-28,0.8529825276818844,1.1891007252639596
2016-01-29,0.8526775432728246,1.1895258889340676
2016-02-01,0.8531328751314402,1.1888906792488205
2016-02-02,0.8524805927175864,1.1897996730347526
2016-02-03,0.8519812544696214,1.1904965950400601
2016-02-04,0.8516731466547204,1.1909271224755178
2016-02-05,0.8517126406575402,1.1908718965014244
2016-02-08,0.8514077586993003,1.1912981850622444
2016-02-09,0.8503627883322173,1.1927603179698085
2016-02-10,0.8503283972044096,1.192808556642881
2016-02-11,0.8497583137017297,1.1936082482470105
2016-02-12,0.8495977824487229,1.193833737570976
2016-02-16,0.8498505388447669,1.1932273044611024
2016-02-17,0.8490128699170993,1.1944034282509988
2016-02-18,0.849311062823981,1.1939839262117726
2016-02-19,0.8494608226482173,1.1937733898950362
2016-02-22,0.8498303791171039,1.193254040836365
2016-02-23,0.84962829255828,1.1935377922870556
2016-02-24,0.8495641717271202,1.1936278677187855
2016-02-25,0.8494784018274492,1.1937483734390901
2016-02-26,0.849702817133045,1.193433008851299
2016-02-29,0.8495058839940923,1.193709607332349
2016-03-01,0.8489877387122958,1.194437695286215
2016-03-02,0.849509495575275,1.193703637494212
2016-03-03,0.849509495575275,1.1938100371106688
2016-03-04,0.849509495575275,1.1939152948048337
2016-03-07,0.849509495575275,1.1950174450072926
2016-03-08,0.849509495575275,1.1959182828840211
2016-03-09,0.849509495575275,1.1958350361762444
2016-03-10,0.8495416673188719,1.1957897487505376
2016-03-11,0.8492439418966825,1.1962088182576518
2016-03-14,0.8492607841622803,1.196185094960218
2016-03-15,0.8495910670133455,1.1957198910665108
2016-03-16,0.8495209332071862,1.1958185978329974
2016-03-17,0.848920342392239,1.196664012746424
2016-03-18,0.8488158957078892,1.1968112439790506
2016-03-21,0.847963905870712,1.1980125304088236
2016-03-22,0.8477373580486685,1.198332599609489
2016-03-23,0.8475432237684329,1.1986070212030395
2016-03-24,0.8475075105185473,1.1986575273611475
2016-03-25,0.8468536617316204,1.1995822870364057
2016-03-28,0.8464281822321389,1.2001849858191345
2016-03-29,0.8461845444729869,1.2005304497186728
2016-03-30,0.8451297036973302,1.2020270127072692
2016-03-31,0.8458580710721697,1.200991056621592
2016-04-01,0.846143042939817,1.2005864394923857
2016-04-04,0.8463274796225456,1.2003247435745659
2016-04-05,0.8461319907448465,1.2006020004788325
2016-04-06,0.8452949776633176,1.2017896633861598
2016-04-07,0.8458345148839227,1.201022581749726
2016-04-08,0.8464054996176517,1.2002118255710932
2016-04-11,0.8461282222131299,1.2006050078224149
2016-04-12,0.8461827707119457,1.2005276067865809
2016-04-14,0.8453434767800013,1.2019976241179193
2016-04-15,0.8448862617508518,1.2026477401877118
2016-04-18,0.8449792303874366,1.2025154045991733
2016-04-19,0.8448537685619001,1.2026939531036467
2016-04-20,0.8448550412440932,1.2026921413733391
2016-04-21,0.8449470889006124,1.202561107068372
2016-04-22,0.8446522923996499,1.2029806727562289
2016-04-25,0.84440661707853,1.203330571366272
2016-04-26,0.8438202383955097,1.204166196503978
2016-04-27,0.8431896715073618,1.2050660413960443
2016-04-28,0.8427092741423774,1.205752613552323
2016-04-29,0.8431430420926832,1.205131976215338
2016-05-02,0.8422892797667368,1.2063522866819132
2016-05-03,0.8425006700953598,1.2060495270333667
2016-05-04,0.8430327865684232,1.2052877961013402
2016-05-05,0.8424756849249373,1.20608428684616
2016-05-06,0.8414431736583855,1.207562425191115
2016-05-09,0.8412059575403793,1.2079028561075709
2016-05-10,0.8411349476355139,1.208004820514896
2016-05-11,0.8408098978354571,1.2084716442112362
2016-05-12,0.8404674943031227,1.2089637708628955
2016-05-13,0.8415981712919879,1.207337357556787
2016-05-16,0.8418238629806766,1.207013585457062
2016-05-17,0.8412590561921934,1.207823409812057
2016-05-18,0.8408612856730983,1.2083945020828148
2016-05-19,0.8408419059045581,1.2084223525810536
2016-05-20,0.8408278308153152,1.208442580702816
2016-05-23,0.8410354914335366,1.208144129671348
2016-05-24,0.84089083774037,1.2083519241247505
2016-05-25,0.8412009202935408,1.2079063385232136
2016-05-26,0.841832564485896,1.2069993411516808
2016-05-27,0.8418399395985507,1.2069887668920352
2016-05-30,0.8415810081731585,1.207360010054949
2016-05-31,0.8411706772821902,1.2079486843522944
2016-06-01,0.8409147434106468,1.2083162137868808
2016-06-02,0.8409776825489602,1.2082257761035105
2016-06-03,0.8407791417958694,1.208511017983847
2016-06-06,0.8404133167044817,1.2090368441272652
2016-06-07,0.84008699340901,1.2095062999051311
2016-06-08,0.8400121136507416,1.2096141072394568
2016-06-09,0.8393027038906804,1.2106356544762626
2016-06-13,0.8391908933190223,1.2107320831222268
2016-06-14,0.8392492335158962,1.21064791353858
2016-06-15,0.8390327523383397,1.2109601956062455
2016-06-16,0.8391985693244648,1.2107208750679312
2016-06-17,0.8387262022376821,1.211402364185725
2016-06-20,0.8393995295463331,1.2104298533813715
2016-06-21,0.8385936968251675,1.2115918792679687
2016-06-22,0.8387069875595142,1.2114281979354586
2016-06-23,0.8386343155787545,1.2115331653293138
2016-06-24,0.8384154158112261,1.2118493989049224
2016-06-27,0.8381050305344206,1.2122980311748357
2016-06-28,0.8383981704273613,1.2118740116282116
2016-06-29,0.8376274747490334,1.212988024153983
2016-06-30,0.8377363778209289,1.212830319057165
2016-07-01,0.8368039885797731,1.2141801827741707
2016-07-04,0.8365559289854546,1.2145401106039602
2016-07-05,0.8370509982046005,1.2138213524153627
2016-07-06,0.8363866536480202,1.2147847293301117
2016-07-07,0.835588034937402,1.2159446591424599
2016-07-08,0.8354502084706765,1.216145223713871
2016-07-11,0.8362773939552035,1.2149411092544655
2016-07-12,0.8354578397587591,1.2161317549561423
2016-07-13,0.8349033119381343,1.2169389517524083
2016-07-14,0.8353721808743193,1.216255537441372
2016-07-15,0.8358141962439225,1.215611987592308
2016-07-18,0.8355392378389941,1.216011888353293
2016-07-19,0.8348939427365534,1.2169510261944956
2016-07-20,0.8357292392677773,1.2157334883506854
2016-07-21,0.836128275402545,1.2151530113620808
2016-07-22,0.8358089164386457,1.215617138719215
2016-07-25,0.8351836000401086,1.2165266113465503
2016-07-26,0.8347567592181665,1.217148346757395
2016-07-27,0.834158927174779,1.2180200381515793
2016-07-28,0.834158927174779,1.2178426448742472
2016-07-29,0.834158927174779,1.2180152479200503
2016-08-01,0.834158927174779,1.2181541174259227
2016-08-02,0.834158927174779,1.2193820485201026
2016-08-03,0.834158927174779,1.2188177690499273
2016-08-04,0.834158927174779,1.2192056259506414
2016-08-05,0.834158927174779,1.2190269369502746
2016-08-08,0.834158927174779,1.2186951079302786
2016-08-10,0.834158927174779,1.2201289087735332
2016-08-11,0.834158927174779,1.2210339377158623
2016-08-12,0.834158927174779,1.2220270931697974
2016-08-15,0.834158927174779,1.2215695524532462
2016-08-16,0.834158927174779,1.2204372802976176
2016-08-17,0.834158927174779,1.2220566271718662
2016-08-18,0.834158927174779,1.2229214729099878
2016-08-19,0.834158927174779,1.2231520828880547
2016-08-22,0.834158927174779,1.2236201615333426
2016-08-23,0.834158927174779,1.2238570029242097
2016-08-24,0.834158927174779,1.2253546246948293
2016-08-25,0.834158927174779,1.2255856747105427
2016-08-26,0.834158927174779,1.2263558257144964
2016-08-29,0.834158927174779,1.2278109474973693
2016-08-30,0.834158927174779,1.2269526455771886
2016-08-31,0.834158927174779,1.226674785763361
2016-09-01,0.834158927174779,1.226476560750016
2016-09-02,0.834158927174779,1.2267500532414026
2016-09-05,0.834158927174779,1.2264758045618713
2016-09-06,0.834158927174779,1.2264636200012802
2016-09-07,0.834158927174779,1.2265346548122218
2016-09-08,0.834158927174779,1.226909280216864
2016-09-09,0.834158927174779,1.2264243601894715
2016-09-12,0.834158927174779,1.2267299080555987
2016-09-13,0.834158927174779,1.2269697911704798
2016-09-14,0.834158927174779,1.228030346467565
2016-09-15,0.8339110863290018,1.228395212286048
2016-09-16,0.8335558932644731,1.228918430488872
2016-09-19,0.833317802049417,1.2292694503601058
2016-09-20,0.8329423369324919,1.2298233180403315
2016-09-21,0.8324775516458824,1.2305095645642619
2016-09-22,0.8324775516458824,1.2296508772407138
2016-09-23,0.8324775516458824,1.2296493264559674
2016-09-26,0.8324775516458824,1.2289205658227051
2016-09-27,0.8324775516458824,1.2299457277207744
2016-09-28,0.8324775516458824,1.230044379226057
2016-09-29,0.8319517611110532,1.230821271877082
2016-09-30,0.8314481715653559,1.2315663015219633
2016-10-03,0.8309979100014955,1.2322332426349338
2016-10-04,0.8311400257849121,1.2320225082991174
2016-10-05,0.830673659967963,1.2327138156188917
2016-10-07,0.8309673369201752,1.2321153114938022
2016-10-10,0.8314863265474128,1.2313457805654313
2016-10-11,0.8308607790184827,1.2322721521553164
2016-10-12,0.8314251295792678,1.2314351485348898
2016-10-13,0.8315607554629192,1.2312342711807691
2016-10-14,0.8307270304314661,1.2324687099451321
2016-10-17,0.8307479773082418,1.2324376331061087
2016-10-18,0.8307688593707513,1.2324066539880167
2016-10-19,0.8299784267037087,1.2335792237917653
2016-10-20,0.8293257715124748,1.2345492512747729
2016-10-21,0.8290238314049453,1.2349987247464589
2016-10-24,0.8299278746033047,1.2336519694967365
2016-10-25,0.8297340575038876,1.2339400702507115
2016-10-26,0.8301170624456842,1.233370483959161
2016-10-27,0.8297707507051951,1.2338850266643901
2016-10-28,0.8295778408027125,1.2341718873906404
2016-10-31,0.8299186996608803,1.233664787996674
2016-11-01,0.8293300840366369,1.2345397584842537
2016-11-02,0.8291819066904009,1.234760335102365
2016-11-03,0.8286814414791099,1.2355055932743229
2016-11-04,0.8286188854961729,1.2355988598336338
2016-11-07,0.828198685972584,1.2362254422846701
2016-11-08,0.8281132922491862,1.236352906738869
2016-11-09,0.8282465684440267,1.2361539286371621
2016-11-10,0.8284156710554239,1.2359015438215943
2016-11-11,0.8276535245930375,1.2370385792766108
2016-11-14,0.8275745162433019,1.2371566677928847
2016-11-15,0.8279595033102966,1.2365811434049319
2016-11-16,0.8281994689836344,1.2362227478245593
2016-11-17,0.8274954439681754,1.2372736199534873
2016-11-18,0.8276171499660837,1.237091644787703
2016-11-21,0.8266033356163919,1.2386070571512835
2016-11-22,0.8263521093574596,1.2389835020600417
2016-11-23,0.8270410353387516,1.2379505671703068
2016-11-24,0.826453589673793,1.2388298810894998
2016-11-25,0.8261689612146141,1.2392565308671095
2016-11-28,0.8263060963095425,1.2390508277119687
2016-11-29,0.8254391248015611,1.2403508565624937
2016-11-30,0.825122364164874,1.2408268387581942
2016-12-01,0.8252877111851126,1.2405781883405944
2016-12-02,0.8245978485818467,1.241615194571227
2016-12-06,0.8249272674317043,1.241441883254157
2016-12-07,0.8251237489926143,1.2411461960479861
2016-12-08,0.8247196915412535,1.2417539768437196
2016-12-09,0.8245908111294227,1.2419480279444384
2016-12-12,0.8247157308381957,1.2417598815524726
2016-12-13,0.824533020145601,1.2420349858090194
2016-12-14,0.8244420205228384,1.242172063054448
2016-12-15,0.8243251979412289,1.242348077551037
2016-12-16,0.8241784298635961,1.2425692730689568
2016-12-19,0.8239300491282868,1.242943743278968
2016-12-20,0.8238538578379959,1.2430586820260858
2016-12-21,0.8233419258246651,1.2438311024350257
2016-12-22,0.8229251455779044,1.2444607366338214
2016-12-23,0.822655686970593,1.244868222853861
2016-12-26,0.8228146647799153,1.2446276526783933
2016-12-27,0.8229821235910061,1.2443743467081794
2016-12-28,0.8225115656606665,1.2450858448080404
2016-12-29,0.8223958562785634,1.245261001145997
2016-12-30,0.8220428275554923,1.2457955526004683
2017-01-02,0.8220128025422841,1.245841055129859
2017-01-03,0.8217236112888237,1.246279352848862
2017-01-04,0.8216444088381566,1.2463994764252146
2017-01-05,0.8217850177619692,1.2461861786930868
2017-01-06,0.82162971322868,1.246421688417273
2017-01-09,0.8205607624025342,1.2480432990675547
2017-01-10,0.8204384429662156,1.2482293425147164
2017-01-11,0.8211506873774075,1.2471457214573247
2017-01-12,0.8209782591947594,1.2474076016134932
2017-01-13,0.8205265835247686,1.248093884907722
2017-01-16,0.8204522057913608,1.24820702005301
2017-01-17,0.8206345677176702,1.24792958105656
2017-01-18,0.8210742913537856,1.2472608983632094
2017-01-19,0.8204984823981714,1.248135586564786
2017-01-20,0.8208370153751136,1.247620612966648
2017-01-23,0.8211798195110803,1.247099572250609
2017-01-24,0.8211208653366395,1.2471891040729708
2017-01-25,0.8210072497332472,1.24736167323859
2017-01-26,0.8210072497332472,1.2471108903210228
2017-01-27,0.8210072497332472,1.2468551511661945
2017-01-30,0.8210072497332472,1.2475795688481255
2017-01-31,0.8210072497332472,1.2475134426635386
2017-02-02,0.8206320838391881,1.2485098914048063
2017-02-03,0.8208773242297918,1.2481367826031027
2017-02-06,0.8209226949618871,1.248067796802289
2017-02-07,0.821006508721517,1.2479403728012655
2017-02-08,0.8206844419414631,1.2484299184178933
2017-02-09,0.8199369501833196,1.2495670072025051
2017-02-10,0.8197890336240955,1.2497924289891242
2017-02-13,0.8197742005231327,1.249815042486648
2017-02-14,0.8202655968020249,1.2490658673347714
2017-02-15,0.8206707988370223,1.2484488427597278
2017-02-16,0.8201472287382995,1.2492453259351746
2017-02-17,0.8206144138096493,1.2485337113051669
2017-02-20,0.8204835173373047,1.2487328653239884
2017-02-21,0.820797723782704,1.2482546595994664
2017-02-22,0.8206471854286789,1.2484835956654612
2017-02-23,0.8203891881630335,1.248876097290525
2017-02-24,0.8204016865202299,1.2488570710773774
2017-02-27,0.8205238576132616,1.2486710960410985
2017-02-28,0.8208192779327861,1.2482215261586989
2017-03-01,0.8209444055117925,1.2480312443977428
2017-03-02,0.8209444055117925,1.2488994975868069
2017-03-03,0.8209444055117925,1.24954133469887
2017-03-06,0.8209444055117925,1.249614478208352
2017-03-07,0.8209444055117925,1.250155379056332
2017-03-08,0.8209444055117925,1.2507297692623076
2017-03-09,0.8209444055117925,1.2505235881787222
2017-03-10,0.8209444055117925,1.2501571339481208
2017-03-13,0.8209444055117925,1.250967633189382
2017-03-14,0.8209444055117925,1.25180990814025
2017-03-15,0.8209444055117925,1.2527200365940858
2017-03-16,0.8209444055117925,1.2529873445600361
2017-03-17,0.8209444055117925,1.253198663894695
2017-03-20,0.8209444055117925,1.2526596445816451
2017-03-21,0.8209444055117925,1.2528142015397912
2017-03-22,0.8209444055117925,1.2527773963691833
2017-03-23,0.821596399073231,1.2537723514366208
2017-03-24,0.8220661507882912,1.2544892018427896
2017-03-27,0.8220213058436755,1.254420767570531
2017-03-28,0.82290753671976,1.255773173411985
2017-03-29,0.8227235591470842,1.2554924199980635
2017-03-30,0.8226875424721279,1.2554374578398777
2017-04-03,0.8220407601821059,1.2528470016571749
2017-04-04,0.8223547930717154,1.2533256095112206
2017-04-05,0.8225224441693046,1.2535811213849781
2017-04-06,0.8225224441693046,1.2534172293444066
2017-04-07,0.8225224441693046,1.2530478740084456
2017-04-10,0.8225224441693046,1.2540552369503308
2017-04-11,0.8225224441693046,1.2558091972654901
2017-04-12,0.8225224441693046,1.2566342594388147
2017-04-13,0.8225224441693046,1.2561452174112024
2017-04-14,0.8225224441693046,1.256491104296965
2017-04-17,0.8225224441693046,1.2565704968756042
2017-04-18,0.8225224441693046,1.2574056531499715
2017-04-19,0.8225224441693046,1.2589403602828055
2017-04-20,0.8223139959475858,1.2586213126006283
2017-04-21,0.8224893987932376,1.258889781532102
2017-04-24,0.8234496100213616,1.26035946625384
2017-04-25,0.8231086331268472,1.2598375721979742
2017-04-26,0.822914699409629,1.2595407401959342
2017-04-27,0.8232889307222282,1.2601135329590405
2017-04-28,0.8232465236403534,1.260048625323617
2017-05-01,0.8233193880437614,1.2601601504727826
2017-05-02,0.823703329171822,1.260747804931958
2017-05-03,0.824301850629442,1.261663892784435
2017-05-04,0.824301850629442,1.2622888458450041
2017-05-05,0.824301850629442,1.2618461757691235
2017-05-08,0.824301850629442,1.2614945620183105
2017-05-09,0.824301850629442,1.2614441659189768
2017-05-10,0.824301850629442,1.2621551652501508
2017-05-11,0.824301850629442,1.2624704723932063
2017-05-12,0.824301850629442,1.2638214518174493
2017-05-15,0.824301850629442,1.2639396659434121
2017-05-16,0.824301850629442,1.2632016048010006
2017-05-17,0.824301850629442,1.2638258098800916
2017-05-18,0.824302288942567,1.2638264819050784
2017-05-19,0.8243212849164256,1.263855606675365
2017-05-22,0.8240814391439678,1.263487873329393
2017-05-23,0.8246507146440966,1.2643606908166347
2017-05-24,0.8253694782584747,1.265462704607287
2017-05-25,0.8262786194582408,1.26685660674667
2017-05-26,0.8262989194309556,1.2668877308178308
2017-05-29,0.825525952746343,1.2657026124713842
2017-05-31,0.8256560719876771,1.2656814590524714
2017-06-01,0.8256385323589243,1.2656545718488714
2017-06-02,0.8260834630496079,1.2663366240312117
2017-06-05,0.8265925457126272,1.2671170173566764
2017-06-06,0.8263643250517466,1.266767168710431
2017-06-07,0.8262709775332611,1.266624072538303
2017-06-08,0.8264930876725662,1.266964554119828
2017-06-09,0.8269986326875182,1.2677395244420357
2017-06-12,0.8265710218702551,1.2670840225914926
2017-06-13,0.8263782159949529,1.2667884626969483
2017-06-14,0.8268388650203391,1.2674946101478577
2017-06-15,0.8265717225284541,1.2670850966586757
2017-06-16,0.8268791389985656,1.26755634775175
2017-06-19,0.8272373026601967,1.268105391259347
2017-06-20,0.8281066423546656,1.269438037103347
2017-06-21,0.8288630066668348,1.2705974984319566
2017-06-22,0.8288630066668348,1.2702059626875777
2017-06-23,0.8288630066668348,1.2706523321628551
2017-06-26,0.8288630066668348,1.2709203211249203
2017-06-27,0.8288630066668348,1.2719406350912388
2017-06-28,0.8288630066668348,1.2723028072313072
2017-06-29,0.8292377950868842,1.2728781065933383
2017-06-30,0.829270113763829,1.2729277156880525
2017-07-03,0.8296608660832814,1.273527519598919
2017-07-04,0.8299899156007048,1.274032609850708
2017-07-05,0.829822362078673,1.2737754155800893
2017-07-06,0.8299354465656843,1.2739490000073368
2017-07-07,0.8296882694694488,1.273569583733605
2017-07-10,0.8298775623086068,1.2738601478059695
2017-07-11,0.8299011992111793,1.2738964303970073
2017-07-12,0.8296504554169718,1.2735115392500989
2017-07-13,0.8294224737135796,1.2731615878601945
2017-07-14,0.8297706159072704,1.2736959853261036
2017-07-17,0.8297790015581538,1.273708857280906
2017-07-18,0.8298886470022049,1.2738771627851262
2017-07-19,0.8300828267001464,1.2741752281744743
2017-07-20,0.8305112745767228,1.2748328946787528
2017-07-21,0.8305152879410009,1.2748390551836812
2017-07-24,0.8304692313813018,1.274768358470563
2017-07-25,0.8311586397400607,1.2758265987142734
2017-07-26,0.8315746607637832,1.2764651900280273
2017-07-28,0.8321650129885365,1.2779771353447968
2017-07-31,0.8325507355392734,1.2785694993504142
2017-08-01,0.8325989692290252,1.2786435730637933
2017-08-02,0.8328631687186818,1.2790493109903835
2017-08-03,0.83262146970907,1.2786781276275911
2017-08-04,0.8325799003658597,1.2786142885219751
2017-08-07,0.8333006754524711,1.279721201292926
2017-08-08,0.8332618269954793,1.2796615407220007
2017-08-09,0.8330787530191435,1.2793803893251237
2017-08-10,0.8332843668621605,1.279696155772865
2017-08-11,0.8331855498720604,1.2795443999889033
2017-08-14,0.8335776959573968,1.2801466287812135
2017-08-15,0.8336170628302452,1.2802070854966545
2017-08-16,0.833845450557193,1.2805578263815476
2017-08-17,0.8344981201230518,1.28156014775902
2017-08-18,0.8344823092179098,1.2815358665468262
2017-08-21,0.8342252627440983,1.281141113689971
2017-08-22,0.8345313411426775,1.2816111661301746
2017-08-23,0.8348705250800947,1.2821320595947276
2017-08-24,0.8349090628436538,1.2821912430257867
2017-08-25,0.8349074022161992,1.2821886927576496
2017-08-28,0.8350697504664318,1.2824380151258363
2017-08-29,0.834953140185832,1.2822589337296868
2017-08-30,0.8352067027215446,1.2826483362135248
2017-08-31,0.8346215492989272,1.2817497011073837
2017-09-01,0.8349366031864225,1.2822335374359197
2017-09-04,0.8350015872432582,1.282333335117271
2017-09-05,0.8346399281971321,1.2817779260523308
2017-09-06,0.8347324164255543,1.2819199625948041
2017-09-07,0.8347324164255543,1.2821750372464966
2017-09-08,0.8347324164255543,1.2827492269828533
2017-09-11,0.8347324164255543,1.281889940108851
2017-09-12,0.8347324164255543,1.2831010025207765
2017-09-13,0.8347324164255543,1.2837594856019925
2017-09-14,0.8347324164255543,1.2839472696367007
2017-09-15,0.8347324164255543,1.2835150006148137
2017-09-18,0.8347324164255543,1.2837252085357784
2017-09-19,0.8347324164255543,1.2843372166399987
2017-09-20,0.8347324164255543,1.2843366275458943
2017-09-21,0.8347324164255543,1.2852273331740252
2017-09-22,0.8347324164255543,1.2856623098630784
2017-09-26,0.8347324164255543,1.285490933422972
2017-09-27,0.8347324164255543,1.2848014527931502
2017-09-28,0.8347324164255543,1.2845042050282742
2017-09-29,0.8347324164255543,1.2841003329969052
2017-10-02,0.8347324164255543,1.2845455783614614
2017-10-03,0.8347324164255543,1.2847697406460061
2017-10-04,0.8347324164255543,1.2854624202753124
2017-10-05,0.8347324164255543,1.285572202022279
2017-10-06,0.8347324164255543,1.2855295343636117
2017-10-09,0.8347324164255543,1.2853063005935497
2017-10-10,0.8347324164255543,1.2860839351668558
2017-10-11,0.8347324164255543,1.2868201077802424
2017-10-12,0.8343897152553343,1.2873484145143779
2017-10-13,0.8338133135558164,1.2882377229519473
2017-10-16,0.8338593823638659,1.2881665468560324
2017-10-17,0.833435181669756,1.2888218625541734
2017-10-18,0.8333848612414843,1.288899677925442
2017-10-19,0.8333848612414843,1.28869243882308
2017-10-20,0.8333848612414843,1.289248350864543
2017-10-23,0.8333848612414843,1.2894902411656082
2017-10-24,0.8333848612414843,1.2895382997131324
2017-10-25,0.8333848612414843,1.290334443192775
2017-10-26,0.8338588825676845,1.2910683730641346
2017-10-27,0.8335274213181803,1.2905551697571032
2017-10-30,0.8329591263383617,1.289675275460414
2017-10-31,0.8328872831551055,1.2895640402578379
2017-11-01,0.8325980706208911,1.2891162508730583
2017-11-02,0.8325980706208911,1.2902961370468915
2017-11-03,0.8325980706208911,1.290314221306101
2017-11-06,0.8325980706208911,1.2909515298371652
2017-11-07,0.8325980706208911,1.2919118150553868
2017-11-08,0.8325980706208911,1.292567136452061
2017-11-09,0.8323195484142069,1.2921347445647442
2017-11-10,0.8321588647675984,1.291885291187058
2017-11-13,0.8324143618460074,1.2922819377067463
2017-11-14,0.8330660866905039,1.2932937081464462
2017-11-15,0.8331469087635398,1.2934191803991362
2017-11-16,0.8331469087635398,1.2933243719701137
2017-11-17,0.8331469087635398,1.2931570221493083
2017-11-20,0.8331469087635398,1.2941112878025587
2017-11-21,0.8331469087635398,1.2948527751487233
2017-11-23,0.8325436765874548,1.2941924427400588
2017-11-24,0.8335351762094607,1.2957337328295344
2017-11-27,0.8335120126369197,1.2956977249642747
2017-11-28,0.8333532758111839,1.295450967939954
2017-11-29,0.8330147641324754,1.2949247501946466
2017-11-30,0.8330147641324754,1.2943088672299574
2017-12-01,0.8330147641324754,1.2940880829438324
2017-12-04,0.8330147641324754,1.2952066951366383
2017-12-05,0.8330147641324754,1.29599869173145
2017-12-06,0.8330147641324754,1.296420167406267
2017-12-07,0.8328484607635455,1.2961613496149484
2017-12-08,0.8325251608670882,1.295658198261654
2017-12-11,0.8326585633331273,1.2958658124058462
2017-12-12,0.8328260201537153,1.296126425312997
2017-12-13,0.8329732549829636,1.2963555667522617
2017-12-14,0.8329732549829636,1.2972121429769388
2017-12-15,0.8329732549829636,1.2977857514751114
2017-12-18,0.8329732549829636,1.297009465473694
2017-12-19,0.8329732549829636,1.2980186646679115
2017-12-20,0.8329732549829636,1.2973205743858438
2017-12-21,0.8329732549829636,1.2975006816845336
2017-12-22,0.8329732549829636,1.297564508055136
2017-12-25,0.8329732549829636,1.2985787117206367
2017-12-26,0.8329732549829636,1.2988283364405848
2017-12-27,0.8329732549829636,1.2996883080970207
2017-12-28,0.8334944098148491,1.3005014660677694
2017-12-29,0.8334040233610192,1.3003604360688463
2018-01-01,0.8332396812092063,1.3001040129820773
2018-01-02,0.833769940480984,1.300931376611902
2018-01-03,0.8343708610206164,1.3018689930296963
2018-01-04,0.8342196494792481,1.3016330576365847
2018-01-05,0.8344677719746504,1.302020203207371
2018-01-08,0.8338716099168475,1.3010900114495658
2018-01-09,0.8337049319048885,1.300829943719823
2018-01-10,0.8340638536786541,1.3013899694230422
2018-01-11,0.8332443170783457,1.3001112463294655
2018-01-12,0.8334041581460958,1.3003606463740238
2018-01-15,0.8336769131642743,1.3007862260741891
2018-01-16,0.8344754629472713,1.302032203433229
2018-01-17,0.8348648484538548,1.3026397617038237
2018-01-18,0.8348848000658927,1.3026708922074002
2018-01-22,0.8348462349628956,1.3022013545033437
2018-01-23,0.8351083860532267,1.3026102603480576
2018-01-24,0.8352682948427863,1.302859687648129
2018-01-25,0.8354357603290523,1.303120901957921
2018-01-26,0.8351644681344735,1.302697737729047
2018-01-29,0.8350838113433454,1.3025719284742905
2018-01-30,0.8351998532024091,1.3027529317054527
2018-01-31,0.8353357663959715,1.3029649304392792
2018-02-01,0.8352987710282563,1.3029072247014661
2018-02-02,0.8351932870587548,1.302742689770109
2018-02-05,0.8359913910541636,1.3039875802185903
2018-02-06,0.8363940675304103,1.3046156789400494
2018-02-07,0.8367312787441928,1.3051416643023248
2018-02-08,0.8365179542869252,1.3048089187192835
2018-02-09,0.8360915524020928,1.3041438128725567
2018-02-12,0.8363866976346535,1.3046041833042838
2018-02-13,0.8370922433309202,1.3057047004089497
2018-02-14,0.8374262717032527,1.3062257211438797
2018-02-15,0.8369830051152232,1.3055343095675147
2018-02-16,0.8367027312234534,1.3050971355991723
2018-02-19,0.8366636050157437,1.3050361061562135
2018-02-20,0.8367837732647441,1.3052235457709152
2018-02-21,0.8371351168808913,1.3057715749931627
2018-02-22,0.8371351168808913,1.3052813192957577
2018-02-23,0.8371351168808913,1.3060980227011025
2018-02-26,0.8371351168808913,1.3049688991399804
2018-02-27,0.8371351168808913,1.3045579045654603
2018-02-28,0.8371351168808913,1.3055863794148943
2018-03-01,0.8371351168808913,1.3060265104425939
2018-03-02,0.8371351168808913,1.3064653655521166
2018-03-05,0.8371351168808913,1.3068141919626783
2018-03-06,0.8371351168808913,1.3064508314640082
2018-03-07,0.8371351168808913,1.3066482617413198
2018-03-08,0.836912548133038,1.3069956597439074
2018-03-09,0.8370453450833157,1.3067882724391915
2018-03-12,0.8369588823020478,1.3069232574184728
2018-03-13,0.8368679346596767,1.3070652734619554
2018-03-14,0.8365365888337066,1.3075827871635746
2018-03-15,0.8366334691354574,1.3074313544388432
2018-03-16,0.8362900144853028,1.3079680809684477
2018-03-19,0.8351280123425691,1.3097854669068032
2018-03-21,0.8352224836627219,1.3088789652921131
2018-03-22,0.8350222776255828,1.309192708607052
2018-03-23,0.834276738187041,1.3103616053216323
2018-03-26,0.834094525632261,1.3106477985293081
2018-03-27,0.8338456352749742,1.311038890412576
2018-03-28,0.8334918380310791,1.3115951587750223
2018-03-29,0.8337256935590346,1.3112271602364358
2018-03-30,0.8337182938285856,1.3112387980300388
2018-04-02,0.8337542988000874,1.3111821708504454
2018-04-03,0.8338659163849871,1.3110066383374683
2018-04-04,0.8331006401424618,1.3122098080730324
2018-04-05,0.8334280197216205,1.3116941552526704
2018-04-06,0.8337161422814011,1.3112406923635935
2018-04-09,0.8346831425003027,1.3097198269607975
2018-04-10,0.8334831957295253,1.311602690046156
2018-04-11,0.8334022771453905,1.3117300267857204
2018-04-12,0.83233819112863,1.3134048405191896
2018-04-13,0.832320643096046,1.3134325307912245
2018-04-16,0.8316799491845539,1.3144435693045833
2018-04-17,0.8321092513169872,1.3137650710098738
2018-04-18,0.8317968351610595,1.3142583252702096
2018-04-19,0.8310458022221846,1.3154449747629038
2018-04-20,0.831046155667946,1.3154444153010192
2018-04-23,0.8301620496131914,1.3168438470465715
2018-04-24,0.8300267771579631,1.317058422863938
2018-04-25,0.8291927016396003,1.3183819056924386
2018-04-26,0.829076847599304,1.3185661087976108
2018-04-27,0.828080557770658,1.3201506108934014
2018-04-30,0.8280645055475355,1.3201762018240937
2018-05-01,0.8284377226288512,1.319581185004068
2018-05-02,0.828150836476447,1.3200381530520091
2018-05-03,0.8280225814949672,1.3202425861835299
2018-05-04,0.8277289762742707,1.3207107257301465
2018-05-07,0.8278783601514174,1.320472371275423
2018-05-08,0.8280615752674724,1.3201801417518653
2018-05-09,0.8272573308172343,1.3214623502059593
2018-05-10,0.8273196189311827,1.3213628510605522
2018-05-11,0.8263212925572366,1.3229573392771745
2018-05-14,0.8256964836632054,1.323957671132894
2018-05-15,0.8255520255553943,1.3241893015488857
2018-05-16,0.8255666171028081,1.3241658966387404
2018-05-18,0.8249192290199824,1.32521531946812
2018-05-21,0.824452146965111,1.3259656769246912
2018-05-22,0.8244873530238473,1.3259090550507886
2018-05-23,0.8246481484651034,1.3256504699666267
2018-05-24,0.8243419264205301,1.3261427325128512
2018-05-25,0.8242181642857667,1.3263418322435774
2018-05-28,0.8244892033530851,1.325905672900416
2018-05-29,0.8241223512024023,1.3264956276817856
2018-05-30,0.8239249553210665,1.3268133532878592
2018-05-31,0.8247206596813519,1.3255319851684961
2018-06-01,0.8240095240787385,1.3266749576113357
2018-06-04,0.8232294689354098,1.327930864969163
2018-06-05,0.8235752135317852,1.3273731530088309
2018-06-06,0.8233585908733946,1.327722288213918
2018-06-07,0.8232802684953585,1.327848588428839
2018-06-08,0.8229130938261465,1.328440795463159
2018-06-11,0.8227933676362813,1.3286340712247133
2018-06-12,0.8232355575853425,1.3279200296981468
2018-06-13,0.8235099289242861,1.3274774550386812
2018-06-14,0.8236553535331455,1.3272430341982178
2018-06-15,0.8229581057063695,1.3283665834075182
2018-06-18,0.8223350829953443,1.3293722270050372
2018-06-19,0.8209707304361149,1.3315778150160416
2018-06-20,0.8204734226791234,1.332384425960738
2018-06-21,0.8207916668273454,1.3318676224482495
2018-06-22,0.8211541820504967,1.3312793826940301
2018-06-25,0.8210500892103384,1.3314481410770693
2018-06-26,0.8207779533723314,1.3318894475946574
2018-06-27,0.8204243610875959,1.3324632274225088
2018-06-28,0.8205946704171219,1.332186625544696
2018-06-29,0.8207701686985012,1.3319017145262748
2018-07-02,0.8201223992822978,1.3329528799181982
2018-07-03,0.8199098265393708,1.333298376456428
2018-07-04,0.8201988040799129,1.332828454919735
2018-07-05,0.8198133864886715,1.3334547610421992
2018-07-06,0.8197819005784649,1.3335059739615815
2018-07-09,0.8207724938298961,1.3318946160899117
2018-07-10,0.8205633007628026,1.332234080584494
2018-07-11,0.8204863023891414,1.3323590920948134
2018-07-12,0.8199144222411632,1.3332877483228682
2018-07-13,0.8198159602416616,1.333447860371211
2018-07-17,0.8197743564783888,1.3333141583617907
2018-07-18,0.8189881359908994,1.3345928991509841
2018-07-19,0.8184844821832159,1.3354136348440004
2018-07-20,0.818700670314286,1.3350609090633574
2018-07-23,0.8183875777102715,1.3355714713624893
2018-07-24,0.8183621673147552,1.3356129399774241
2018-07-25,0.8178367949111432,1.3364703771960502
2018-07-26,0.8176657943550925,1.3367498182520996
2018-07-27,0.8173229640880391,1.3373102896578242
2018-07-30,0.8166054016765109,1.3384843709434016
2018-07-31,0.8164062463254824,1.3388108031763921
2018-08-01,0.8158358439407315,1.3397461964053137
2018-08-02,0.8152786036640315,1.3406612831188205
2018-08-03,0.8150651144276521,1.3410123493093107
2018-08-06,0.8150797613637756,1.3409882509619844
2018-08-07,0.8142270657980291,1.342391125612436
2018-08-08,0.8142255366929348,1.342393646600984
2018-08-09,0.8141470206165393,1.3425230941279402
2018-08-10,0.8134467693940297,1.3436778037984352
2018-08-13,0.8125591239586473,1.3451440453695398
2018-08-14,0.8123959905260868,1.345414103213873
2018-08-15,0.8123513285361628,1.3454880682159434
2018-08-16,0.8125147117348721,1.3452174585219743
2018-08-17,0.8119971103245617,1.3460744109483722
2018-08-20,0.811128570818167,1.3475142175555515
2018-08-21,0.8109373883298591,1.3478318257996833
2018-08-22,0.8108220004448272,1.3480236081320753
2018-08-23,0.8109103249079553,1.347876765222772
2018-08-24,0.8103666131582726,1.3487805105715063
2018-08-27,0.8109362417282012,1.3478324163374777
2018-08-28,0.8100527321586695,1.3493008706704859
2018-08-29,0.8099262448801201,1.3495115599111982
2018-08-30,0.8093518310653475,1.35046865703962
2018-08-31,0.8098083202073141,1.3497069681734895
2018-09-03,0.8098940537573964,1.3495640761247603
2018-09-04,0.8097532056869489,1.3497987778060303
2018-09-05,0.8091930653952433,1.3507324902950135
2018-09-06,0.8085409662958636,1.3518209962129357
2018-09-07,0.8087166919971053,1.3515271957718755
2018-09-10,0.8084497259729089,1.3519733493453323
2018-09-11,0.8083602988082805,1.352122898710495
2018-09-13,0.8077008743043662,1.3531816092806768
2018-09-14,0.8074869563576766,1.3535399966992923
2018-09-17,0.8070755419741512,1.3542296249575998
2018-09-18,0.8066414531061112,1.3549580028781179
2018-09-19,0.806347777781496,1.3554513047408017
2018-09-20,0.8057786828309913,1.3564079397244129
2018-09-21,0.8050564524351438,1.3576237066143932
2018-09-24,0.8055498157538877,1.3567917131119813
2018-09-25,0.8053894760484909,1.3570617741054924
2018-09-26,0.8050132542113309,1.3576956987953193
2018-09-27,0.8047153373885612,1.3581981506329222
2018-09-28,0.8044087562327722,1.358715598156866
2018-10-01,0.8046584247163295,1.3582938866074217
2018-10-02,0.8042694273670629,1.3589505288610606
2018-10-03,0.8042480755494216,1.35898660640285
2018-10-04,0.8042349353207792,1.359008810241781
2018-10-05,0.8036792518044682,1.3599478129649982
2018-10-08,0.8042391607814656,1.3590003616191815
2018-10-09,0.8030493708930635,1.3610108641754337
2018-10-10,0.803261731744166,1.360650954267087
2018-10-11,0.8027277963826852,1.361555391302247
2018-10-12,0.8024224261048835,1.3620733483855298
2018-10-15,0.801405296260242,1.3637998772164335
2018-10-16,0.8008826464266701,1.3646893020582442
2018-10-17,0.800524915413349,1.3652988691266181
2018-10-18,0.8000163421062397,1.3661662432054198
2018-10-19,0.7999474983524045,1.3662838058195752
2018-10-22,0.800283270559609,1.3657103180218226
2018-10-23,0.8002581113436775,1.3657532530700176
2018-10-24,0.7997785510241856,1.366571690343074
2018-10-25,0.7990193778210549,1.3678688801791066
2018-10-26,0.7984973764935016,1.3687625122876537
2018-10-29,0.7986347639310629,1.368527006474198
2018-10-30,0.7982620163050311,1.3691657404936297
2018-10-31,0.7987413878674512,1.3683435303585783
2018-11-01,0.7984986707005377,1.3687593351110272
2018-11-02,0.7979037655992869,1.3697791012555691
2018-11-05,0.7978336200812097,1.3698995216231014
2018-11-06,0.7980652733473831,1.3695017673914847
2018-11-07,0.7977692602068422,1.3700097340111088
2018-11-08,0.7972358388208879,1.3709257789473324
2018-11-12,0.7970494851612635,1.3715459606383409
2018-11-13,0.7971733464788726,1.371332822692694
2018-11-14,0.7968241120411885,1.3719335912072539
2018-11-15,0.796549771532089,1.3724059375559334
2018-11-16,0.7964585892544755,1.372563038974663
2018-11-19,0.7964212795261576,1.372627336045188
2018-11-20,0.7960154382997104,1.3733268009839537
2018-11-21,0.7949803868485846,1.3751125250162222
2018-11-22,0.7937797008631177,1.3771894043512862
2018-11-23,0.7937520453645582,1.3772373860010394
2018-11-26,0.7935449959538446,1.377596636967194
2018-11-27,0.7933976224826413,1.377852477781947
2018-11-28,0.7931038102721041,1.3783627262006712
2018-11-29,0.7929410347982081,1.3786456193642795
2018-11-30,0.7933219750923322,1.377983298151622
2018-12-03,0.7929953696469174,1.3785506048228062
2018-12-04,0.7923881798242381,1.3796061493181917
2018-12-05,0.7923088313459742,1.3797443008597456
2018-12-06,0.7916348323973843,1.3809180176874662
2018-12-07,0.7915028858021013,1.3811481836975281
2018-12-10,0.791070659351837,1.3819024055550055
2018-12-11,0.7906144843853292,1.3826992866883385
2018-12-12,0.7904130938755358,1.3830514969244736
2018-12-13,0.7902539484920627,1.3833299668315975
2018-12-14,0.790202573782527,1.3834198976384902
2018-12-17,0.7899284490760411,1.383899812012309
2018-12-18,0.789188319919884,1.385196466919812
2018-12-19,0.7885434550271391,1.3863283445065984
2018-12-20,0.7883740673837706,1.3866261427949664
2018-12-21,0.7883175444464499,1.3867255577628086
2018-12-24,0.787941092875486,1.3873877718900893
2018-12-25,0.7880422738287758,1.3872096148950908
2018-12-26,0.7875039902157236,1.3881571683809444
2018-12-27,0.7869625048158668,1.3891116611184082
2018-12-28,0.786994820753711,1.3890546184437897
2018-12-31,0.7866342175851007,1.3896910870501573
2019-01-01,0.7861710432040524,1.3905093445003212
2019-01-02,0.7860248539616886,1.3907679110162587
2019-01-03,0.7860428495653818,1.39073607015521
2019-01-04,0.7857400177937136,1.3912718667320516
2019-01-07,0.7854914296028855,1.3917120298247652
2019-01-09,0.7852212898342515,1.3912512681781737
2019-01-10,0.7850088541124866,1.3916276607583777
2019-01-11,0.7843561992287746,1.392784657376116
2019-01-14,0.78383538792172,1.393709464241373
2019-01-15,0.783373732647162,1.3945303168531367
2019-01-16,0.7832003178101908,1.3948390229502012
2019-01-17,0.7834474972668646,1.3943988091964528
2019-01-18,0.7836330889282557,1.394068488667581
2019-01-21,0.7830344212885746,1.395133507109829
2019-01-22,0.7827668326271731,1.3956102701964754
2019-01-23,0.7828088436121037,1.395535367991136
2019-01-24,0.7824441111756743,1.3961855867757655
2019-01-25,0.7823963221450269,1.3962708610526664
2019-01-28,0.7826806419229149,1.3957634616569259
2019-01-29,0.7816540737729477,1.3975941525388476
2019-01-30,0.7805957354544446,1.3994864569417507
2019-01-31,0.7801651011704112,1.4002585170761153
2019-02-01,0.7804159763741205,1.3998082404100733
2019-02-04,0.7798537039775568,1.4008167711909547
2019-02-05,0.7783384934959868,1.403538476869394
2019-02-06,0.7785342362032988,1.403185503935928
2019-02-07,0.7785051976082085,1.403237841436054
2019-02-08,0.7782466930752275,1.4037037899537725
2019-02-11,0.7777227583843835,1.4046487976457678
2019-02-12,0.7771424442037997,1.4056969058658577
2019-02-13,0.7772383023138416,1.4055235175125476
2019-02-14,0.7772213706887867,1.4055541359176535
2019-02-15,0.777352795095934,1.405316463452648
2019-02-18,0.7759912512153473,1.4077778941481736
2019-02-19,0.7757664630268589,1.4081856975120957
2019-02-20,0.774968078486372,1.4096349399640598
2019-02-21,0.7749524991545211,1.4096632781254985
2019-02-22,0.77502560898289,1.4095302890191546
2019-02-25,0.7753313813686415,1.4089741842475612
2019-02-26,0.7749253835456018,1.409711985483613
2019-02-27,0.7750139708971826,1.4095508310628941
2019-02-28,0.7750787945242771,1.4094329335786233
2019-03-01,0.7756657631704023,1.4083655673357698
2019-03-04,0.7751634956701974,1.4092775274692029
2019-03-05,0.7751901649787493,1.4092290416240547
2019-03-06,0.7746456905505616,1.4102188493013033
2019-03-08,0.7748879780671282,1.4114839453518049
2019-03-11,0.774785688430076,1.4116702692909568
2019-03-12,0.7752543984595873,1.4108162731169693
2019-03-13,0.7745932035203493,1.4120195227622898
2019-03-14,0.7744213881751167,1.4123327279655835
2019-03-15,0.7750850530695188,1.4111223847789438
2019-03-18,0.7752954885634101,1.4107392652299264
2019-03-19,0.7753880278164538,1.4105708794212
2019-03-20,0.7751496051990231,1.4110046132281173
2019-03-21,0.7746378119069945,1.411936230416887
2019-03-22,0.7748444151979166,1.4115596535608488
2019-03-25,0.774351152933638,1.412458245713316
2019-03-26,0.7742457223837775,1.4126505567196808
2019-03-27,0.7730993310254991,1.4147422058482086
2019-03-28,0.7728228945570659,1.4152480740121474
2019-03-29,0.7734165588217455,1.414160913922669
2019-04-01,0.7729085845953712,1.4150897242617093
2019-04-02,0.7731181394969262,1.414706057947517
2019-04-03,0.772679399372501,1.415508895547852
2019-04-04,0.7721600519456937,1.4164603133067861
2019-04-05,0.772496439381025,1.4158432398764251
2019-04-08,0.7719523418133778,1.4168404701854784
2019-04-09,0.7720277644198495,1.4167020396173882
2019-04-10,0.7716288967262398,1.4174339778987777
2019-04-11,0.7709831264023496,1.4186202175573546
2019-04-12,0.7709176628629922,1.4187406714262718
2019-04-15,0.7711227836572417,1.4183631820686198
2019-04-16,0.7712082542839485,1.4182059718387596
2019-04-17,0.7708272229612255,1.418906665710151
2019-04-18,0.7711814255246433,1.4182546643753844
2019-04-19,0.771114437082829,1.4183778606388289
2019-04-22,0.7708016253092683,1.4189532425443268
2019-04-23,0.7703963420788923,1.419699320309355
2019-04-24,0.7701169260728448,1.4202142328189327
2019-04-25,0.7702659029175878,1.4199394965703172
2019-04-26,0.7698893418540685,1.4206336645517068
2019-04-29,0.7701544433953948,1.4201444875315057
2019-04-30,0.7699551717659374,1.420511939162178
2019-05-01,0.7695271178707145,1.4213016678256982
2019-05-02,0.7697198906016679,1.420945620328927
2019-05-03,0.7696028131647643,1.4211617517726363
2019-05-07,0.7695955664289156,1.4206226507320592
2019-05-08,0.7692773119627763,1.421210127483507
2019-05-09,0.7691598375990126,1.4214271568341772
2019-05-10,0.7691543305382248,1.4214373340241129
2019-05-13,0.7682969583739316,1.423021802517746
2019-05-14,0.7675663309943787,1.424375053600271
2019-05-15,0.7678512308116303,1.423846364187927
2019-05-16,0.7677013574700308,1.4241242781951753
2019-05-17,0.767090090969175,1.4252582080180756
2019-05-20,0.7664624322026475,1.4264244019493486
2019-05-21,0.7658899036293562,1.4274899058715818
2019-05-22,0.7650710227380135,1.429016162061882
2019-05-23,0.7649664614547923,1.429211463882508
2019-05-24,0.7648780015310876,1.429376736405453
2019-05-27,0.7647148088306329,1.4296817051051858
2019-05-28,0.7646103018266648,1.4298770874227549
2019-05-29,0.7646568668592977,1.4297900074120908
2019-05-30,0.7652848182140785,1.4286158355565575
2019-05-31,0.7646526078502361,1.429796031106883
2019-06-03,0.7650990129652637,1.4289613144588529
2019-06-04,0.7655022689845294,1.4282081606296249
2019-06-05,0.7652333822106588,1.4287098263989984
2019-06-06,0.7652370320686844,1.4287030120229565
2019-06-07,0.7650707543153842,1.4290134537776247
2019-06-10,0.7647976221480869,1.4295236151444337
2019-06-11,0.7649613345082757,1.429217611728362
2019-06-12,0.7648769812378733,1.4293752133929525
2019-06-13,0.7646898968209467,1.4297248301743781
2019-06-14,0.7645721609394284,1.4299449585086335
2019-06-17,0.7638261440842672,1.4313402003124804
2019-06-18,0.7636641577942596,1.4316437477762365
2019-06-19,0.7640336127215739,1.430951129389769
2019-06-20,0.763449015549292,1.4320460157533872
2019-06-21,0.7630701480250566,1.432756679749973
2019-06-24,0.7631246475361426,1.4326543503130873
2019-06-25,0.7628466250484646,1.4331762966658133
2019-06-26,0.7627705591771985,1.4333192032476925
2019-06-27,0.7628695950601857,1.433133105303575
2019-06-28,0.7623682124707832,1.43407500676609
2019-07-01,0.762519935037187,1.4337896045983674
2019-07-02,0.7625103401094777,1.4338076462350173
2019-07-04,0.7623227816552156,1.4347360055382705
2019-07-05,0.7621344371324706,1.4350904809320681
2019-07-08,0.7624915709567125,1.4344180020010322
2019-07-09,0.7626315139893337,1.4341547377068518
2019-07-10,0.762621776085369,1.4341730501694896
2019-07-11,0.7627066864630604,1.4340133692120565
2019-07-12,0.7620190755898092,1.435306190164801
2019-07-15,0.7626725670281872,1.434075301940648
2019-07-16,0.7628075346557046,1.4338215184042367
2019-07-17,0.7624591151545256,1.4344764298406418
2019-07-18,0.7629492252397565,1.4335543458215554
2019-07-19,0.7624676258555251,1.434459253864411
2019-07-22,0.7627608552154393,1.433907590351666
2019-07-23,0.7625095223439351,1.4343800688613992
2019-07-24,0.7623421043214257,1.4346950040426905
2019-07-25,0.7622146065891591,1.4349349492831183
2019-07-26,0.7620014160026515,1.4353362990090268
2019-07-29,0.7622874973798706,1.4347974247017492
2019-07-30,0.762017709877378,1.4353052257809005
2019-07-31,0.7618619340243536,1.4355986387724862
2019-08-01,0.7621603183413338,1.4350363845107132
2019-08-02,0.7618013147552516,1.4357123357453812
2019-08-05,0.7620270196426759,1.4352869659214693
2019-08-06,0.7626900442045996,1.43403815126361
2019-08-07,0.7624980811567528,1.4343990873166461
2019-08-08,0.7628516812865442,1.4337339004578433
2019-08-09,0.7622921743563049,1.434785460116298
2019-08-12,0.7621836984652148,1.4349896333146397
2019-08-13,0.7620951964123052,1.4351562591932934
2019-08-14,0.7624724800806513,1.4344457691906438
2019-08-15,0.76216321254884,1.4350275967505153
2019-08-16,0.7615710491285016,1.4361425427830454
2019-08-19,0.7618163380071283,1.4356799860796747
2019-08-20,0.7614434208469691,1.4363827666274203
2019-08-21,0.7613188923587764,1.4366176764966203
2019-08-22,0.7615343098451426,1.4362111811740346
2019-08-23,0.7617491494086677,1.435806005754747
2019-08-26,0.762525035069979,1.4343435541154448
2019-08-27,0.762849588003409,1.4337330555919547
2019-08-28,0.7622874732740882,1.4347895187285105
2019-08-29,0.7622846804057255,1.4347947755094423
2019-09-02,0.7617886306624362,1.4356329845933036
2019-09-03,0.7614074093113367,1.4363514174026693
2019-09-04,0.761574699093263,1.4360358348217164
2019-09-05,0.761005974721958,1.4371082293987723
2019-09-06,0.7611901809229884,1.4367603684670578
2019-09-09,0.7612292463271034,1.4366866318033207
2019-09-10,0.7608954237410922,1.437316663359557
2019-09-11,0.7613748855205555,1.4364109693790643
2019-09-12,0.7615839687800487,1.4360165125967863
2019-09-13,0.7620225872522253,1.435189468705901
2019-09-16,0.7617493695963028,1.4357040454507433
2019-09-17,0.7619627266598417,1.435301921587601
2019-09-18,0.7621286155236231,1.434989438316931
2019-09-19,0.7622421406702288,1.4347756851746867
2019-09-20,0.7618080055717853,1.435592861830362
2019-09-23,0.7618555446940957,1.4355032764963314
2019-09-24,0.7620721081925096,1.4350952232719272
2019-09-25,0.7617380600606998,1.4357242856311836
2019-09-26,0.7622573971289173,1.434745438859094
2019-09-27,0.7621392513176183,1.4349678167127167
2019-09-30,0.7621756555120276,1.4348992743206535
2019-10-01,0.761927588529526,1.4353662941350498
2019-10-02,0.7619984138814089,1.4352328689587033
2019-10-03,0.7613406838433946,1.436471711129845
2019-10-04,0.7613317391419416,1.436488587688361
2019-10-07,0.7610478347576208,1.4370242614125792
2019-10-08,0.761096029902888,1.4369332584691792
2019-10-09,0.7617972718758584,1.4356093284083111
2019-10-10,0.7618951692913054,1.435424840424393
2019-10-11,0.7608419653064555,1.4374090965567605
2019-10-14,0.7617451151027336,1.4357028345576597
2019-10-15,0.7616448978882163,1.4358917194433007
2019-10-16,0.7613790406534727,1.4363929270309583
2019-10-17,0.7616109409890486,1.4359554314026162
2019-10-18,0.7615814238010071,1.4360110836578646
2019-10-21,0.7611032529094252,1.4369127058334257
2019-10-22,0.7612834016940713,1.436572596818507
2019-10-23,0.761295300703373,1.436550142906266
2019-10-24,0.7615693598141201,1.4360329984363804
2019-10-25,0.761444117050202,1.436269159121529
2019-10-28,0.7610488275591248,1.4370147714287833
2019-10-30,0.7610742596172021,1.437146305129895
2019-10-31,0.7614336212385124,1.4364677179621574
2019-11-01,0.7616458241155417,1.4360673907714359
2019-11-04,0.761966060444467,1.435463591820862
2019-11-05,0.7618115169445163,1.4357547354544808
2019-11-06,0.7621504625103575,1.4351159387306278
2019-11-07,0.7621504625103575,1.4356565851806216
2019-11-08,0.7621504625103575,1.4360484746997404
2019-11-11,0.7621504625103575,1.436705809560143
2019-11-12,0.7621504625103575,1.4361387322563646
2019-11-13,0.7621504625103575,1.4353802859046527
2019-11-14,0.7619387895844539,1.4349816360843786
2019-11-15,0.7612868320994178,1.4337537854599933
2019-11-18,0.7616217737367658,1.4343845908545005
2019-11-19,0.7614438273253442,1.4340494591666437
2019-11-20,0.7614558899662751,1.4340721770915679
2019-11-21,0.7610870939419329,1.4333776127385958
2019-11-22,0.7609843500314754,1.4331841121231377
2019-11-25,0.7609722875821245,1.433161394559022
2019-11-26,0.7606747648740028,1.4326010613297535
2019-11-27,0.7601857844716574,1.431680150218044
2019-11-28,0.7604670427876222,1.4322098522412547
2019-11-29,0.7605652599439776,1.4323948274881446
2019-12-02,0.760874510926342,1.4329772489197612
2019-12-03,0.7616601067895258,1.4344567846153615
2019-12-04,0.7614307821717001,1.434024890846754
2019-12-05,0.7612938530532009,1.4337670082278644
2019-12-06,0.7611309342914768,1.4334601785527732
2019-12-09,0.7617306291803115,1.4345896014992028
2019-12-10,0.7618334987714543,1.434783338812776
2019-12-11,0.7624132919754284,1.4358752803332793
2019-12-12,0.7624132919754284,1.4350677382529566
2019-12-13,0.7624132919754284,1.435281691705899
2019-12-16,0.7624132919754284,1.434705675398603
2019-12-17,0.7624132919754284,1.4338676012310927
2019-12-18,0.7624132919754284,1.4340963674694134
2019-12-19,0.7624132919754284,1.4341551598687754
2019-12-20,0.7624132919754284,1.4339518127948325
2019-12-23,0.7624132919754284,1.4341602635965842
2019-12-24,0.7624132919754284,1.433899177864469
2019-12-25,0.7624132919754284,1.4340521545129614
2019-12-27,0.7624132919754284,1.4361123497027781
2019-12-30,0.7624132919754284,1.4356704825096147
2019-12-31,0.7624132919754284,1.4353857303086843
2020-01-01,0.7624132919754284,1.4349519038622067
2020-01-02,0.7621013298984193,1.4343647543711777
2020-01-03,0.7615191157628219,1.433268958572332
2020-01-06,0.761599900269614,1.4334210045597826
2020-01-07,0.7615575516304312,1.433341299416836
2020-01-08,0.7613105841011089,1.4328764773444467
2020-01-09,0.7613105841011089,1.433759651481668
2020-01-10,0.7613105841011089,1.4329475763776365
2020-01-13,0.7613105841011089,1.4328814992488923
2020-01-14,0.7613105841011089,1.432411297528818
2020-01-15,0.7613105841011089,1.432894095899712
2020-01-16,0.7609777519069059,1.4335205331198932
2020-01-17,0.7606776652574074,1.4340858326607713
2020-01-20,0.7608908732925943,1.4336838770932083
2020-01-21,0.7609701822434325,1.4335344417824207
2020-01-22,0.7616609268830771,1.4322331999538802
2020-01-23,0.761572762289026,1.432398985350247
2020-01-24,0.7611201216461874,1.4332503314456373
2020-01-27,0.7614902999795148,1.4325532559067748
2020-01-28,0.7614559884269516,1.4326178044983207
2020-01-29,0.7617657123319345,1.432035084042377
2020-01-30,0.7620525731400946,1.4314958175266077
2020-01-31,0.7616089931257644,1.4323290709760848
2020-02-03,0.7611645727967837,1.433164875388424
2020-02-04,0.760544061571622,1.4343332099700226
2020-02-05,0.7606377412258454,1.4341565366568771
2020-02-06,0.7609030844543699,1.4336562410430504
2020-02-07,0.7616057665962197,1.4323322818441533
2020-02-10,0.7620682793206487,1.4314624461167742
2020-02-11,0.7623163946681333,1.4309963884000747
2020-02-12,0.7620581923988354,1.4314810775887452
2020-02-13,0.7620581923988354,1.4319870966851276
2020-02-14,0.7620581923988354,1.4312904768318921
2020-02-17,0.7620581923988354,1.431086922727084
2020-02-18,0.7620581923988354,1.4311795076598512
2020-02-19,0.7620581923988354,1.430865207580484
2020-02-20,0.7621151724896691,1.4307582199116788
2020-02-21,0.7624874716897608,1.430059283372917
2020-02-25,0.762689935614603,1.4291401516189028
2020-02-26,0.7629429277258315,1.428666091103199
2020-02-27,0.7627617636282706,1.4290053340448459
2020-02-28,0.7625078159878587,1.429481095350697
2020-03-02,0.7625662707502252,1.4293715096179553
2020-03-03,0.7621732041459636,1.4301082825740437
2020-03-04,0.7622648529160815,1.4299363168521837
2020-03-05,0.7622648529160815,1.4311716798491816
2020-03-06,0.7622648529160815,1.4311729377772178
2020-03-09,0.7622648529160815,1.431609721148867
2020-03-10,0.7622648529160815,1.4308990985897656
2020-03-11,0.7622648529160815,1.4316384491070555
2020-03-12,0.7617782780913881,1.432552303687565
2020-03-13,0.7621557036398559,1.4318425409462556
2020-03-16,0.762065786159898,1.4320114666295032
2020-03-17,0.7623141775331853,1.4315447099515115
2020-03-18,0.7624970534413913,1.4312012885031304
2020-03-19,0.7627073698833954,1.4308065261084022
2020-03-20,0.7625957143531336,1.4310159871254098
2020-03-23,0.7621958809339093,1.4317662772258233
2020-03-24,0.7620882265614475,1.4319685033253633
2020-03-25,0.7626261524164127,1.430957737308271
2020-03-26,0.7633130907451876,1.429668796831342
2020-03-27,0.7630997458712752,1.430068387134318
2020-03-30,0.7634246332294639,1.4294595399386023
2020-03-31,0.7628042893228337,1.4306210907672994
2020-04-01,0.762491858381333,1.4312070474806735
2020-04-02,0.7623326665034776,1.4315058526875541
2020-04-03,0.7621916992739036,1.4317705605021855
2020-04-06,0.7619306872064922,1.4322608694289443
2020-04-07,0.7623326548168499,1.4315052593862458
2020-04-08,0.762569144774862,1.431061179473694
2020-04-09,0.7630249605798444,1.4302057812347666
2020-04-10,0.7634264482611791,1.4294532370421058
2020-04-13,0.7634338825091622,1.4294393170241804
2020-04-14,0.76370680494164,1.4289283021682513
2020-04-15,0.7641797220627154,1.4280434538802538
2020-04-16,0.7636477224817809,1.4290376159825533
2020-04-17,0.7641397726451076,1.4281168272842526
2020-04-20,0.7637297537167791,1.428883120247939
2020-04-21,0.7633200455459044,1.4296496545969564
2020-04-23,0.7630947207407061,1.4300118980537928
2020-04-24,0.763197073101125,1.4298200934334557
2020-04-27,0.7632767969420564,1.4296707339119021
2020-04-28,0.7631892430880147,1.429834728393676
2020-04-29,0.7630357479556514,1.4301223014600946
2020-04-30,0.7630195339555255,1.430152690604035
2020-05-01,0.7631238802899585,1.4299571108261877
2020-05-04,0.7632844380179593,1.429656254476671
2020-05-05,0.7641817843062596,1.4279754960731181
2020-05-06,0.7646944807493087,1.4270174544492096
2020-05-07,0.7646920211200737,1.427022044431141
2020-05-08,0.764024896949017,1.4282669912491768
2020-05-11,0.764345174858687,1.4276682642073817
2020-05-12,0.7641679692089501,1.4279992545644733
2020-05-13,0.7640161380522051,1.4282829811630586
2020-05-14,0.7642877050905422,1.4277753026471434
2020-05-15,0.7645686606082414,1.4272504461740618
2020-05-18,0.764626118556093,1.427143187158708
2020-05-19,0.7644632230038847,1.4274472250040164
2020-05-20,0.7648151740297076,1.4267900429447227
2020-05-21,0.7646586903566034,1.4270819688298908
2020-05-22,0.7647214825728297,1.4269647797615006
2020-05-25,0.7645935877643979,1.4272034305530703
2020-05-26,0.7647764474472754,1.4268621015504614
2020-05-27,0.7651839994317012,1.4261017218565917
2020-05-28,0.7649874488057623,1.4264680405280379
2020-05-29,0.7660146063478415,1.4245527053043678
2020-06-01,0.7654718340163896,1.4255620957085804
2020-06-02,0.7653534760672875,1.4257825174125123
2020-06-03,0.7656282296721889,1.4252706769378634
2020-06-04,0.76622242836003,1.4241645343829874
2020-06-05,0.7662924754965598,1.424034338967285
2020-06-08,0.766499213533235,1.4236501487620952
2020-06-09,0.7667048122373122,1.4232682819310833
2020-06-10,0.7667745296339499,1.4231388624234065
2020-06-11,0.7674161590105981,1.4219479938357182
2020-06-12,0.7679308061013329,1.4209944025025005
2020-06-15,0.7682505621542182,1.4204027195569717
2020-06-16,0.7682769086501573,1.420354008060585
2020-06-17,0.7686576137345607,1.4196501785084625
2020-06-18,0.7683627688599531,1.4201947338103158
2020-06-22,0.7689459622063934,1.4187230821083352
2020-06-23,0.768920151737565,1.4187707030201893
2020-06-24,0.7696790431394622,1.417370436834744
2020-06-25,0.7694901186987563,1.417718342782605
2020-06-26,0.7701759574903975,1.4164547447045088
2020-06-29,0.7699309112561548,1.4169054169149167
2020-06-30,0.7702822622016597,1.4162588250575876
2020-07-01,0.7710064549007976,1.4149273075716926
2020-07-02,0.7712208915574489,1.4145337800216808
2020-07-03,0.7715887780645774,1.4138590214703448
2020-07-06,0.7717310680249763,1.413598289394019
2020-07-07,0.7723826159651642,1.4124048334196926
2020-07-08,0.7728902693308722,1.411476521398413
2020-07-09,0.7729679740012213,1.4113346146851928
2020-07-10,0.7732485999952933,1.410822229706079
2020-07-13,0.7738772638526892,1.4096752079784842
2020-07-14,0.7737459222085122,1.4099144565883346
2020-07-15,0.7738736319398117,1.409681744801121
2020-07-16,0.7739556410059443,1.4095323577711671
2020-07-17,0.774001635403544,1.4094485925160822
2020-07-20,0.7749179943771881,1.4077799127529333
2020-07-21,0.7750432921249854,1.4075522865347503
2020-07-22,0.7758413713977396,1.406102898717818
2020-07-23,0.7764023636929233,1.405086179422487
2020-07-24,0.7763953205308707,1.4050989257124549
2020-07-27,0.776765888882587,1.4044282812879834
2020-07-28,0.7772296893741143,1.4035897087701898
2020-07-29,0.7777384904733463,1.4026708710103148
2020-07-30,0.7785518446207255,1.401203966408937
2020-07-31,0.7790737661550267,1.4002646345852825
2020-08-03,0.7796381835079428,1.3992501816634042
2020-08-04,0.7799105356847299,1.398761379497339
2020-08-05,0.7797190243672856,1.3991048530399068
2020-08-06,0.7796487913378766,1.399230877119375
2020-08-07,0.7801577892177692,1.3983173817637138
2020-08-10,0.7804698626069501,1.3977580363972915
2020-08-11,0.7801070501013466,1.3984078040817458
2020-08-12,0.780498996614522,1.3977052068385392
2020-08-13,0.7809688518481492,1.3968637975486495
2020-08-14,0.7810429223585039,1.3967313128610268
2020-08-17,0.7818270809580202,1.395329009813601
2020-08-19,0.78260778303847,1.3933968346323553
2020-08-20,0.782707299460674,1.393219650261463
2020-08-21,0.7834298801755452,1.3919334559822578
2020-08-24,0.7840312768957082,1.3908649439988685
2020-08-25,0.7846828522681321,1.389709054724316
2020-08-26,0.7842570414232578,1.390463185115991
2020-08-27,0.7843667803426277,1.3902686214470674
2020-08-28,0.7844409364895177,1.3901371817090615
2020-08-31,0.7844691418593723,1.3900871979161016
2020-09-01,0.7847942846749836,1.3895110415813805
2020-09-02,0.7846813665796696,1.3897109677828032
2020-09-03,0.7851290189481653,1.388918152465977
2020-09-04,0.784810181866566,1.3894821853823833
2020-09-07,0.7854764533256031,1.3883025723442868
2020-09-08,0.78561518203774,1.3880573741246558
2020-09-09,0.7859435233428269,1.3874772471360537
2020-09-10,0.7862859171187973,1.386872797122013
2020-09-11,0.7868918780889854,1.3858039864421128
2020-09-14,0.7861743107710812,1.3870677021791555
2020-09-15,0.7864026168455162,1.3866648958578076
2020-09-16,0.7865123697398504,1.386471368417115
2020-09-17,0.7866272685389447,1.3862688237384313
2020-09-18,0.7877353311896714,1.3843160911433554
2020-09-21,0.7879583429772056,1.383924184377498
2020-09-22,0.7884129636718751,1.3831257150425653
2020-09-23,0.78879547590317,1.3824546675994105
2020-09-24,0.7892119827668861,1.3817246914833936
2020-09-25,0.789212342588669,1.3817240615200215
2020-09-28,0.7894944995833525,1.3812300713887957
2020-09-29,0.7903442796800737,1.3797433709440448
2020-09-30,0.7908503338502152,1.378859926975963
2020-10-01,0.7902894445303873,1.3798378462781071
2020-10-02,0.7902133664986242,1.3799706777972722
2020-10-05,0.7907343494587284,1.3790608713588395
2020-10-06,0.7913371529762965,1.3780095666510515
2020-10-07,0.7915851040574311,1.3775777924564747
2020-10-08,0.791111065287449,1.3784027514898667
2020-10-09,0.7914921187891049,1.3777388179182177
2020-10-12,0.7912863366247255,1.37809701993839
2020-10-13,0.7910383722495032,1.3785288724179896
2020-10-14,0.7902379054932388,1.3799238319719531
2020-10-16,0.7907166916418943,1.377820384629531
2020-10-19,0.7910517177345172,1.3772366031251337
2020-10-20,0.7921222562527079,1.3753727745040039
2020-10-21,0.7925597685834196,1.3746131158232628
2020-10-22,0.793294178525828,1.3733393575790993
2020-10-23,0.7930657198959962,1.3737348618402165
2020-10-26,0.7935568313531188,1.372884166982561
2020-10-27,0.7931600390172349,1.3735706331485524
2020-10-28,0.7937391253795281,1.3725677888520995
2020-10-29,0.7941466742512119,1.3718630378378558
2020-10-30,0.7946331920759819,1.3710225938207847
2020-11-02,0.7950497922644975,1.37030381152382
2020-11-03,0.7957463828311424,1.3691032065833086
2020-11-04,0.796065710961638,1.368553793884933
2020-11-05,0.7968890379100256,1.3671383740228435
2020-11-06,0.7968132545921255,1.367268387458947
2020-11-09,0.7966602055260289,1.3675310075253153
2020-11-10,0.7969936628428039,1.3669586013511235
2020-11-11,0.796693562671467,1.367473316247366
2020-11-12,0.7972445599422985,1.3665275648311492
2020-11-13,0.7973887675693081,1.3662803838439477
2020-11-16,0.7970052629487094,1.3669374972390045
2020-11-17,0.7971281211792814,1.3667267840479873
2020-11-18,0.7975891038906079,1.3659363999154834
2020-11-19,0.7975891038906079,1.3659737626436494
2020-11-20,0.7975891038906079,1.3660021662155344
2020-11-23,0.7975891038906079,1.364479018913692
2020-11-24,0.7975891038906079,1.3646964888751336
2020-11-25,0.7975891038906079,1.3642342527048779
2020-11-26,0.7975891038906079,1.362835788060389
2020-11-27,0.7975891038906079,1.3636522227121424
2020-11-30,0.7975891038906079,1.3627017534624006
2020-12-01,0.7975891038906079,1.3625301014362394
2020-12-02,0.7975891038906079,1.3618532221728894
2020-12-03,0.7976987672225997,1.362040468163712
2020-12-04,0.7972637753642917,1.3612977360213518
2020-12-07,0.7965882462399365,1.3601442955967182
2020-12-08,0.796091213485827,1.3592956309717783
2020-12-09,0.7957443716611289,1.3587034116770995
2020-12-10,0.7954753946342658,1.3582441435791062
2020-12-11,0.7955563724795696,1.3583824101865782
2020-12-15,0.7958685687662911,1.3577095129827752
2020-12-16,0.795634754478413,1.357310638224578
2020-12-17,0.7953301149832387,1.3567909394239712
2020-12-18,0.7952935447573842,1.356728552560759
2020-12-21,0.7952649639760134,1.3566797952655494
2020-12-22,0.7955416380592805,1.3571517865585714
2020-12-23,0.7952146551067287,1.3565939710062487
2020-12-24,0.7948145929170715,1.3559114861563641
2020-12-25,0.7944771499606144,1.355335826392867
2020-12-28,0.7937383778784389,1.3540755204538466
2020-12-29,0.7931559273746879,1.3530818908260172
2020-12-30,0.7928365091464719,1.3525369802916796
2020-12-31,0.7926824227954408,1.352274117159718
2021-01-01,0.7920379697153885,1.3511747144294224
2021-01-04,0.791467152301624,1.350200930235324
2021-01-05,0.7915409285478023,1.3503267885933488
2021-01-06,0.7914806742550101,1.350223997969705
2021-01-07,0.7916449969573615,1.3505043237734082
2021-01-08,0.7918987803141425,1.350937264702678
2021-01-11,0.791204952960094,1.3497536320830112
2021-01-12,0.7907679609274874,1.3490081468822481
2021-01-13,0.7903394415353041,1.3482771155561002
2021-01-14,0.7904139596045218,1.3484042394248348
2021-01-15,0.7897264952724502,1.3472314617827466
2021-01-18,0.7898783312085907,1.3474904858264154
2021-01-19,0.7893973479980668,1.3466699540123175
2021-01-20,0.7891314493160413,1.346216344981576
2021-01-21,0.7889429880586412,1.3458948400848598
2021-01-22,0.7885620512290091,1.3452449820835084
2021-01-25,0.7883312952762478,1.3448513246826048
2021-01-26,0.7879939394782474,1.344275813606806
2021-01-27,0.7876699888821573,1.3437231710935709
2021-01-28,0.7877044806003708,1.3437820121331285
2021-01-29,0.7866286652839648,1.341946728335502
2021-02-01,0.7859205292138483,1.3407386858061006
2021-02-02,0.7855654022061727,1.3401328579903524
2021-02-03,0.7854459503757967,1.3399290795113303
2021-02-04,0.7848879942688654,1.338977236023678
2021-02-05,0.7846139809530199,1.338509783858575
2021-02-08,0.784253141429788,1.3378942107946563
2021-02-09,0.7843189887020302,1.3380065427442216
2021-02-11,0.7851735196597212,1.3390124305110975
2021-02-12,0.7847372656637718,1.338268455442135
2021-02-15,0.7848684399721041,1.3384921563503072
2021-02-16,0.7840212378807361,1.3370473621703043
2021-02-17,0.7836695286106805,1.3364475672552458
2021-02-18,0.7841771216153675,1.3373132018263287
2021-02-19,0.7842156275362765,1.3373788687209125
2021-02-22,0.7844350986592028,1.3377531484875862
2021-02-23,0.7840708229801883,1.337131923178632
2021-02-24,0.7835637778647812,1.3362672229622337
2021-02-25,0.7831529817082918,1.3355666629634912
2021-02-26,0.7832442996681439,1.3357223939965803
2021-03-01,0.7828755548182187,1.3350935470915666
2021-03-02,0.7830961195879129,1.3354696919321127
2021-03-03,0.7824890882285109,1.3344344780391357
2021-03-04,0.7818064806882336,1.3332703786920408
2021-03-05,0.7816031642172301,1.3329236486060347
2021-03-08,0.7810839341407716,1.3320381685060763
2021-03-09,0.7810467287290352,1.3319747194625848
2021-03-10,0.7802570275822781,1.3306279857465075
2021-03-11,0.7802493718628021,1.3306149299017977
2021-03-12,0.7800969608959284,1.330355012604436
2021-03-15,0.7801115091672767,1.3303798228096837
2021-03-16,0.7801335462749994,1.3304174042619799
2021-03-17,0.7798217607537375,1.3298856941645685
2021-03-18,0.7798217607537375,1.3286604252936602
2021-03-19,0.7798217607537375,1.3287052528318226
2021-03-22,0.7798217607537375,1.3281223598724874
2021-03-23,0.7798217607537375,1.327994213177175
2021-03-24,0.7798217607537375,1.3274071127398273
2021-03-25,0.7794890719331684,1.326840812170931
2021-03-26,0.7797517795722961,1.3272879912653077
2021-03-29,0.7793162776772669,1.3265466830046677
2021-03-30,0.7791810545169482,1.3263165070928788
2021-03-31,0.7786346745124513,1.3253864628946674
2021-04-01,0.7787640899915568,1.3256067530123699
2021-04-02,0.7785097418961201,1.3251738034744291
2021-04-05,0.7779299081562057,1.3241868145632387
2021-04-06,0.7775945858567993,1.3236160313052003
2021-04-07,0.7776467901949976,1.3237048931622653
2021-04-08,0.7772752082385779,1.3230723889712557
2021-04-12,0.7772357944258238,1.3232390074513765
2021-04-13,0.7768244586846392,1.322538710962463
2021-04-14,0.7760879833894053,1.321284866446208
2021-04-15,0.7760879833894053,1.3210916190508217
2021-04-16,0.7760879833894053,1.321577956327904
2021-04-19,0.7760879833894053,1.3208548699808427
2021-04-20,0.7760879833894053,1.3207466130072223
2021-04-21,0.7760879833894053,1.3213097279131198
2021-04-22,0.7760879833894053,1.3204636077947376
2021-04-23,0.7760879833894053,1.320323113167108
2021-04-26,0.7760879833894053,1.3190033333888338
2021-04-27,0.7760879833894053,1.318873374995287
2021-04-28,0.7760879833894053,1.3204885824729378
2021-04-29,0.7760879833894053,1.3195789207437374
2021-04-30,0.7760879833894053,1.3186600858749564
2021-05-03,0.7760879833894053,1.318544629764553
2021-05-04,0.7760879833894053,1.3183105065454188
2021-05-05,0.7760879833894053,1.3159038816885862
2021-05-06,0.7760879833894053,1.3151041905287328
2021-05-07,0.7760879833894053,1.314037102052556
2021-05-10,0.7760879833894053,1.3142581541057523
2021-05-11,0.7760879833894053,1.3150295329742239
2021-05-12,0.7760879833894053,1.3140975868027494
2021-05-13,0.7760879833894053,1.31376098146371
2021-05-14,0.7760879833894053,1.3135905772303877
2021-05-17,0.7760879833894053,1.3130922392615645
2021-05-18,0.7760879833894053,1.3123576592613349
2021-05-19,0.7760879833894053,1.3116871123696612
2021-05-20,0.7760879833894053,1.311961025702966
2021-05-21,0.7760879833894053,1.3112449356199538
2021-05-24,0.7760879833894053,1.311852596947592
2021-05-25,0.7760879833894053,1.3128062472252275
2021-05-26,0.7760879833894053,1.3116007100317237
2021-05-27,0.7760879833894053,1.3103119864797412
2021-05-28,0.7760879833894053,1.310172922418154
2021-05-31,0.7760879833894053,1.3098618825113386
2021-06-01,0.7760879833894053,1.3094988136249839
2021-06-02,0.7760879833894053,1.3087359629457977
2021-06-03,0.7762092250586996,1.3089404157091558
2021-06-04,0.7760042397301047,1.3085947439848793
2021-06-07,0.7752071798925463,1.307250642676318
2021-06-09,0.7749942739088933,1.3057162535658098
2021-06-10,0.7749942739088933,1.305050108927966
2021-06-11,0.7749942739088933,1.3053003553479585
2021-06-14,0.7749942739088933,1.304049662496118
2021-06-15,0.7749942739088933,1.3036606523381367
2021-06-16,0.7749942739088933,1.3030489471717046
2021-06-17,0.7750241943327925,1.303099254352252
2021-06-18,0.7742196300017805,1.3017464873193174
2021-06-21,0.7738786954424693,1.3011732515761367
2021-06-22,0.7734495262491933,1.3004516611279437
2021-06-23,0.7733745739997491,1.3003256389713749
2021-06-24,0.7729905573795985,1.299679966520068
2021-06-25,0.7728607921755735,1.2994617837306244
2021-06-28,0.7729840909029028,1.2996690940066393
2021-06-29,0.7723683257965419,1.2986337675525463
2021-06-30,0.7722638469147796,1.2984581003231674
2021-07-01,0.7722638469147796,1.2981371798928532
2021-07-02,0.7722638469147796,1.2975393609027308
2021-07-05,0.7722638469147796,1.2968072841531841
2021-07-06,0.7722638469147796,1.2964018545583882
2021-07-07,0.7722638469147796,1.2964532347789568
2021-07-08,0.7722638469147796,1.2958556644016301
2021-07-09,0.7722638469147796,1.2962028645076107
2021-07-12,0.7722638469147796,1.29514506803422
2021-07-13,0.7722638469147796,1.293930211245147
2021-07-14,0.7722638469147796,1.2948006657519662
2021-07-15,0.7722638469147796,1.2939346867265527
2021-07-16,0.7722638469147796,1.2939794936392557
2021-07-19,0.7722638469147796,1.2933487678257278
2021-07-20,0.7722638469147796,1.2921286904786262
2021-07-21,0.7722638469147796,1.2919752724897815
2021-07-22,0.7722638469147796,1.292388815318488
2021-07-23,0.7722638469147796,1.2919047896795697
2021-07-26,0.7722638469147796,1.2912003102646845
2021-07-27,0.7722638469147796,1.290727532012258
2021-07-28,0.7722638469147796,1.2895987977299477
2021-07-29,0.7722638469147796,1.2892054916434768
2021-07-30,0.7722638469147796,1.2900563431803869
2021-08-02,0.7722638469147796,1.2896373426646328
2021-08-03,0.7722638469147796,1.289745768305054
2021-08-04,0.7722638469147796,1.2894025224956993
2021-08-06,0.7712592013734277,1.2890724717593316
2021-08-09,0.7707714675190799,1.2882572798185867
2021-08-10,0.7703223453205549,1.287506622890872
2021-08-11,0.7695098699997968,1.2861486623399858
2021-08-12,0.7683390783568104,1.284191816607122
2021-08-13,0.7679111376173856,1.2834765620911894
2021-08-16,0.7677623779077813,1.2832279270717093
2021-08-17,0.7673731824158846,1.2825774308522238
2021-08-18,0.767319264073731,1.282487312445248
2021-08-19,0.767319264073731,1.2824628421400657
2021-08-20,0.767319264073731,1.2823646813354772
2021-08-23,0.767319264073731,1.2823672622602083
2021-08-24,0.767319264073731,1.283080553122332
2021-08-25,0.767319264073731,1.2827484244421732
2021-08-26,0.7677065551256813,1.2833958693975525
2021-08-27,0.7674970791153543,1.2830456826698287
2021-08-30,0.7672709964710679,1.2826677341817216
2021-08-31,0.7668742217434164,1.2820044351084632
2021-09-01,0.7668742217434164,1.2818436888448563
2021-09-02,0.7654128124978479,1.279400917703074
2021-09-03,0.7647920076586125,1.2783632315446203
2021-09-06,0.7650678306289327,1.278824274468895
2021-09-07,0.7649968666785155,1.2787056569832649
2021-09-08,0.7649518393361805,1.278630392992168
2021-09-09,0.7649518393361805,1.2787359324085423
2021-09-10,0.7649518393361805,1.2786551844311447
2021-09-13,0.7649518393361805,1.278094975754272
2021-09-14,0.7649518393361805,1.2776322683719947
2021-09-15,0.7649518393361805,1.2764917408169938
2021-09-16,0.7642652628945145,1.2753460358037387
2021-09-17,0.7637351689508979,1.2744614565320935
2021-09-20,0.7639100265096379,1.274753245136386
2021-09-21,0.7636538952721353,1.2743258333799532
2021-09-22,0.7633964466442629,1.2738962232656104
2021-09-23,0.7633964466442629,1.2736903891332405
2021-09-24,0.7633964466442629,1.2735525139798238
2021-09-27,0.7633964466442629,1.2718706616370952
2021-09-28,0.7633964466442629,1.2714856064718671
2021-09-29,0.7633964466442629,1.270651452666713
2021-09-30,0.7632209713377188,1.2709435262729598
2021-10-01,0.7628424063359768,1.2715739265846733
2021-10-05,0.7630392913124381,1.2713940779033637
2021-10-06,0.7629396375623502,1.2715601233339795
2021-10-07,0.7629396375623502,1.271080815279796
2021-10-08,0.7629396375623502,1.272059776754385
2021-10-11,0.7629396375623502,1.2719602963940948
2021-10-12,0.7629396375623502,1.2710168784732543
2021-10-13,0.7629396375623502,1.2701021318282237
2021-10-14,0.7626506759691584,1.269621083633242
2021-10-15,0.7626200094767551,1.2695700316555238
2021-10-18,0.7626285214846621,1.2695842020025034
2021-10-19,0.762216344329795,1.2688980309644378
2021-10-20,0.7619067243116877,1.2683825917007088
2021-10-21,0.7613978362822804,1.2675354214408476
2021-10-22,0.7614450233726461,1.267613976048732
2021-10-25,0.7615027325238882,1.2677100472349832
2021-10-26,0.7610460514515346,1.2669497883953518
2021-10-27,0.7609757837864872,1.2668328104500712
2021-10-28,0.7609757837864872,1.266397096950935
2021-10-29,0.7609757837864872,1.265462591708731
2021-11-01,0.7609757837864872,1.2649097082081482
2021-11-02,0.7609757837864872,1.2645549589540472
2021-11-03,0.7609757837864872,1.2652706527724116
2021-11-04,0.7609927516884676,1.2652988652186843
2021-11-05,0.7606626798021392,1.264750056334125
2021-11-08,0.7604838296949216,1.264452683149946
2021-11-09,0.759438188376323,1.2627141005275584
2021-11-10,0.7589379531751095,1.261882361945248
2021-11-11,0.7589379531751095,1.2608367229199424
2021-11-12,0.7589379531751095,1.2605173955269053
2021-11-15,0.7589379531751095,1.2599583314934533
2021-11-16,0.7589379531751095,1.2593678819629286
2021-11-17,0.7589379531751095,1.2586207399952947
2021-11-18,0.7589379531751095,1.2591543884058092
2021-11-19,0.7589379531751095,1.2596580696958644
2021-11-22,0.7589379531751095,1.2593504415133476
2021-11-23,0.7589379531751095,1.2598915318318482
2021-11-24,0.7589379531751095,1.2593627023325802
2021-11-25,0.7593328263684896,1.258707459608437
2021-11-26,0.7585943921310394,1.259931524538639
2021-11-29,0.7592125500818061,1.2589048405855356
2021-11-30,0.7599514357518338,1.2576796412042335
2021-12-02,0.760341887676954,1.256616024145758
2021-12-03,0.7604963905781069,1.2563606774069915
2021-12-06,0.7609111502643345,1.2556754831486021
2021-12-07,0.7614028381692814,1.2548640869068886
2021-12-08,0.7609023888222792,1.255688874892154
2021-12-09,0.7610917535803476,1.2553763732841996
2021-12-10,0.7611110468980127,1.2553445500841123
2021-12-13,0.7611771673614826,1.2552354937725474
2021-12-14,0.7611795036169617,1.2552316411204636
2021-12-15,0.7621226552264843,1.253676326326751
2021-12-16,0.7621226552264843,1.252733220866662
2021-12-17,0.7621226552264843,1.2527150590845741
2021-12-20,0.7621226552264843,1.2534688516560872
2021-12-21,0.7621226552264843,1.253547533311408
2021-12-22,0.7621226552264843,1.2524402981091347
2021-12-23,0.7623823506879757,1.2520135255168527
2021-12-24,0.7632640331244936,1.2505655928165025
2021-12-27,0.7638508327169812,1.2496041543779064
2021-12-28,0.7641842957067869,1.249058633289829
2021-12-29,0.7646763953776621,1.2482542967628958
2021-12-30,0.7646763953776621,1.2484511246388557
2021-12-31,0.7646763953776621,1.2480083350574744
2022-01-03,0.7646763953776621,1.2467407488480513
2022-01-04,0.7646763953776621,1.2461541331900967
2022-01-05,0.7646763953776621,1.2456001245669215
2022-01-06,0.7646763953776621,1.245092707429457
2022-01-07,0.7646763953776621,1.245290654809431
2022-01-10,0.7646763953776621,1.2450097251170467
2022-01-11,0.7646763953776621,1.2446762902646058
2022-01-12,0.7646763953776621,1.244912366185319
2022-01-13,0.7650437275756204,1.2443143401464605
2022-01-14,0.7651815235876722,1.244090220207128
2022-01-17,0.7660267815938496,1.2427159355614317
2022-01-18,0.7660395796669379,1.2426951734030405
2022-01-19,0.7666988253988432,1.2416257228017005
2022-01-20,0.7674418310466047,1.2404224668504895
2022-01-21,0.7677428732513853,1.2399358898889876
2022-01-24,0.7675458013099637,1.240254169070172
2022-01-25,0.7668511191159939,1.2413766851282098
2022-01-26,0.7664387536096352,1.2420442213847063
2022-01-27,0.7664387536096352,1.2418987481397399
2022-01-31,0.7664387536096352,1.2399715051945908
2022-02-01,0.7664387536096352,1.2392120816286525
2022-02-02,0.7664387536096352,1.2398274360053663
2022-02-03,0.7665376988024463,1.2399874944107252
2022-02-04,0.7657343403600394,1.2386879439467753
2022-02-07,0.7653388184667256,1.2380481290984762
2022-02-08,0.7649218965062297,1.2373736964933117
2022-02-09,0.7644679378043683,1.236639351510454
2022-02-10,0.7644679378043683,1.235015657760451
2022-02-11,0.7644679378043683,1.2346892463490842
2022-02-14,0.7644679378043683,1.2342960942840122
2022-02-15,0.7644679378043683,1.233778849548924
2022-02-16,0.7644679378043683,1.2323875667076047
2022-02-17,0.7642683513378901,1.2327093171272199
2022-02-18,0.7646779111858439,1.2320487268520763
2022-02-21,0.7649607409481494,1.2315930316587578
2022-02-22,0.7652548785252009,1.2311194677608293
2022-02-23,0.7652208278805241,1.2311742474332337
2022-02-24,0.7652485236207012,1.2311296873783748
2022-02-25,0.7657289192004577,1.2303568283114596
2022-02-28,0.7667444925045501,1.2287250268762395
2022-03-01,0.7670771842994605,1.2281918809082688
2022-03-02,0.7670793257413585,1.2281884521769673
2022-03-03,0.7670793257413585,1.2280137739370323
2022-03-04,0.7670793257413585,1.2278712372775231
2022-03-07,0.7670793257413585,1.2285647330446354
2022-03-08,0.7670793257413585,1.2285831331245012
2022-03-09,0.7670793257413585,1.2279596186801438
2022-03-10,0.7673781597431418,1.2284379995653592
2022-03-11,0.7666606202460191,1.2272893445335953
2022-03-14,0.7664139754373319,1.2268945094036925
2022-03-15,0.7664618954215,1.2269712209034183
2022-03-16,0.7663967956797935,1.2268670076215324
2022-03-17,0.7654129395856548,1.2252920263729803
2022-03-18,0.7650607245996962,1.2247281918837205
2022-03-21,0.764801361908165,1.2243129976513838
2022-03-22,0.7645161377930592,1.2238564038104727
2022-03-23,0.7644079827590942,1.223683266548381
2022-03-24,0.7643245323755015,1.2235496771036176
2022-03-25,0.764884430152638,1.2244459753583619
2022-03-28,0.7637951621606618,1.222702248128098
2022-03-30,0.763447108399304,1.2222350401082438
2022-03-31,0.7632044526462233,1.2218465621628352
2022-04-01,0.7633990608648298,1.222158118760872
2022-04-04,0.7632245232884382,1.2218786941100555
2022-04-05,0.7639985210751851,1.2231178201811617
2022-04-06,0.7631572280097182,1.2217709582279224
2022-04-07,0.7631572280097182,1.221976289276774
2022-04-08,0.7631572280097182,1.2221423630470707
2022-04-11,0.7631572280097182,1.2219484908486633
2022-04-12,0.7631572280097182,1.2205682810523246
2022-04-13,0.7631572280097182,1.2204986893311403
2022-04-14,0.7631572280097182,1.2206624530004104
2022-04-15,0.7631572280097182,1.219516184823431
2022-04-18,0.7631572280097182,1.2188290820676388
2022-04-19,0.7631572280097182,1.2180041730623457
2022-04-20,0.7631572280097182,1.2173876378866693
2022-04-21,0.7621372651893281,1.2157605942276775
2022-04-22,0.7612630072548986,1.214365978855332
2022-04-25,0.7614250078130945,1.2146244019818389
2022-04-26,0.7607112774823698,1.2134858600804863
2022-04-27,0.7603114530957705,1.2128480606235632
2022-04-28,0.7601650821300697,1.2126145698071893
2022-04-29,0.7603796018035957,1.2129567713733265
2022-05-02,0.7600614048717733,1.2124491839496652
2022-05-03,0.7603077861027745,1.2128422110400465
2022-05-04,0.7599754825632654,1.2123121207700778
2022-05-05,0.7596725530063241,1.2118288878473777
2022-05-06,0.7604914363075236,1.213135169660828
2022-05-09,0.7601841368634928,1.2126449658986647
2022-05-10,0.7597254009414386,1.211913190819996
2022-05-11,0.7597615845543165,1.211970910882645
2022-05-12,0.7597615845543165,1.2117408634659952
2022-05-13,0.7597615845543165,1.2117317967724701
2022-05-16,0.7597615845543165,1.2115969942024263
2022-05-17,0.7597615845543165,1.211906603022324
2022-05-18,0.7597615845543165,1.2126117473382128
2022-05-19,0.7600375985378847,1.2130522773751462
2022-05-20,0.759837828285075,1.2127334355697028
2022-05-23,0.7595581644761517,1.2122870802565362
2022-05-24,0.7596980795171175,1.21251039060251
2022-05-25,0.7601073041867858,1.2131635305503945
2022-05-27,0.7601263044032331,1.2133441958835018
2022-05-30,0.7604098241737651,1.2137967615505503
2022-05-31,0.7611395878938538,1.214961639767508
2022-06-01,0.7609915138492777,1.2147252780188003
2022-06-02,0.7609915138492777,1.215068148502238
2022-06-03,0.7609915138492777,1.2151856924578064
2022-06-06,0.7609915138492777,1.2140812069343694
2022-06-07,0.7609915138492777,1.2138102483111977
2022-06-08,0.7609915138492777,1.2137937367625806
2022-06-09,0.7609915138492777,1.2144588093043152
2022-06-10,0.7609915138492777,1.2145717325547187
2022-06-13,0.7609915138492777,1.2140791482580016
2022-06-14,0.7609915138492777,1.2153151853203727
2022-06-15,0.7609915138492777,1.2150444558740783
2022-06-16,0.7609915138492777,1.2148279796791261
2022-06-17,0.7609915138492777,1.2149292263777143
2022-06-20,0.7609915138492777,1.2147773590301691
2022-06-21,0.7609915138492777,1.2149891971367042
2022-06-22,0.7609915138492777,1.2142622487198564
2022-06-23,0.7614480158002497,1.2149906577434058
2022-06-24,0.7617824751006383,1.2155243316343811
2022-06-27,0.7620539203041113,1.2159574582293233
2022-06-28,0.7626640536168886,1.2169310063371652
2022-06-29,0.7625057745932761,1.21667845129596
2022-06-30,0.7631188438750344,1.2157002184626877
2022-07-01,0.7626081245621025,1.2165138290625148
2022-07-04,0.7624113388714804,1.2168277419442337
2022-07-05,0.7622239544224293,1.2171268122549557
2022-07-06,0.7616931078683159,1.2179744733268179
2022-07-07,0.7616931078683159,1.219108015304479
2022-07-08,0.7616931078683159,1.2192308381980452
2022-07-11,0.7616931078683159,1.219815852605701
2022-07-12,0.7616931078683159,1.218865642480901
2022-07-13,0.7616931078683159,1.218943511614626
2022-07-14,0.7616931078683159,1.219088349888171
2022-07-15,0.7616931078683159,1.2185884163128629
2022-07-18,0.7616931078683159,1.2196636442987456
2022-07-19,0.7616931078683159,1.220624961064297
2022-07-20,0.7616931078683159,1.2209915678260268
2022-07-21,0.7616931078683159,1.2200243365814318
2022-07-22,0.7616931078683159,1.2201813464450422
2022-07-26,0.7616931078683159,1.2205562504674423
2022-07-27,0.7616931078683159,1.2204208011233058
2022-07-28,0.7616931078683159,1.2204531554831184
2022-07-29,0.7616931078683159,1.2214462675826965
2022-08-01,0.7616931078683159,1.2216749094104549
2022-08-02,0.7616931078683159,1.2226917096401224
2022-08-03,0.7616931078683159,1.222954380920551
2022-08-04,0.7616931078683159,1.223672331640791
2022-08-05,0.7616931078683159,1.222602597616409
2022-08-08,0.7616931078683159,1.2225804264853408
2022-08-09,0.7616931078683159,1.2231448489927392
2022-08-10,0.7616931078683159,1.2235192755888202
2022-08-11,0.7617045373509842,1.223537634941439
2022-08-12,0.7611753218363472,1.2226875479754284
2022-08-15,0.7615640948377995,1.2233120399869641
2022-08-16,0.7621425297607323,1.2242411888404474
2022-08-17,0.7618834057209929,1.2238249539367643
2022-08-18,0.7622212866719962,1.2243676972701834
2022-08-19,0.7624330643744538,1.2247078790289785
2022-08-22,0.762491089458114,1.2248010856073135
2022-08-23,0.7626210900343747,1.225009907518986
2022-08-24,0.7621830370881929,1.2243062563793794
2022-08-25,0.762576216234766,1.2249378260491355
2022-08-26,0.7626463220940922,1.2250504381619816
2022-08-29,0.7625438241659791,1.224885794174188
2022-08-30,0.7624879544119715,1.2247960497348007
2022-08-31,0.7622812488862796,1.2244640154910322
2022-09-01,0.7621709147595944,1.2242867840977585
2022-09-02,0.7620086347766032,1.224026111281921
2022-09-05,0.7620130996306209,1.2240332832451395
2022-09-06,0.7620678007567399,1.2241211504996958
2022-09-07,0.7626371025785548,1.2250356287133268
2022-09-08,0.7628274848214486,1.2253414426185654
2022-09-09,0.7628032066868615,1.22530244428008
2022-09-12,0.7627986362284136,1.225295102682852
2022-09-13,0.763406650241683,1.226271764881024
2022-09-14,0.7634887457782216,1.2264036361955433
2022-09-15,0.7636997365356434,1.2267425538725052
2022-09-16,0.7634753486780181,1.2263821162288184
2022-09-19,0.7635535257757149,1.2265076932951637
2022-09-20,0.763899237306295,1.2270630150081854
2022-09-22,0.7641778864296499,1.2272792202339036
2022-09-23,0.7643567809479843,1.227566527062411
2022-09-26,0.7646259715087756,1.2279988504617256
2022-09-27,0.7644332432429276,1.227689326462108
2022-09-28,0.7642609951738274,1.2274126939139984
2022-09-29,0.7638077301240174,1.226684744588627
2022-09-30,0.7641559451101256,1.2272439822009864
2022-10-03,0.7642809641875624,1.2274447643992097
2022-10-04,0.7648067294950462,1.228289150042989
2022-10-05,0.7649083872621055,1.2284524136852677
2022-10-06,0.7646171052457493,1.228920216237854
2022-10-07,0.7644977480000446,1.229112051512261
2022-10-10,0.7654670256330881,1.2275537070656597
2022-10-11,0.7654531712299799,1.2275759249056515
2022-10-12,0.7648940436918609,1.2284726113791609
2022-10-13,0.7648549570152549,1.2285353872787463
2022-10-14,0.763854624309344,1.230142154832505
2022-10-17,0.7637296389464963,1.2303434362788472
2022-10-18,0.7638170244252676,1.2302026611344117
2022-10-19,0.7642259310896705,1.2295440766166303
2022-10-20,0.7644059344911396,1.2292544736248403
2022-10-21,0.764097373175105,1.2297506764419672
2022-10-24,0.7637231498728041,1.2303529574800929
2022-10-25,0.7634331866252293,1.2308200863595482
2022-10-26,0.762913334611769,1.2316582006979224
2022-10-27,0.762913334611769,1.2315510220907413
2022-10-28,0.762913334611769,1.2316637221863223
2022-10-31,0.762913334611769,1.232107052691115
2022-11-01,0.762913334611769,1.2325629737955142
2022-11-02,0.762913334611769,1.2324373348957327
2022-11-03,0.7634434538703118,1.2315809613909916
2022-11-04,0.7630776872037179,1.2321710132941217
2022-11-07,0.7624506640682347,1.2331834917680218
2022-11-08,0.7624176532109381,1.233236883346239
2022-11-09,0.76239083483694,1.2332802629923247
2022-11-10,0.7623693446238763,1.233315026599661
2022-11-11,0.7621898787717957,1.233605355603173
2022-11-14,0.7618358515797558,1.2341783490950746
2022-11-15,0.7618025553321947,1.2342322892027247
2022-11-16,0.7619435863507288,1.2340037981906697
2022-11-17,0.7619435863507288,1.2353686787394826
2022-11-21,0.7619435863507288,1.235715240726707
2022-11-22,0.7619435863507288,1.2365603072499722
2022-11-23,0.7619435863507288,1.235698817040899
2022-11-24,0.7623853357852933,1.2364152339298897
2022-11-25,0.7622579243726039,1.2362086016610994
2022-11-28,0.7623063984352418,1.236287215541355
2022-11-29,0.7624637447076749,1.2365423953291954
2022-11-30,0.762929179119002,1.2372972238516609
2022-12-01,0.7630352057440035,1.2374691748693427
2022-12-02,0.7627380055666351,1.2369871839264732
2022-12-05,0.7629465501327988,1.2373253956764312
2022-12-06,0.7634606904635416,1.2381592140979953
2022-12-07,0.7630965894401679,1.2375687252325123
2022-12-08,0.7630965894401679,1.2382460495589303
2022-12-09,0.7630965894401679,1.239008138894421
2022-12-12,0.7630965894401679,1.2390525821182332
2022-12-13,0.7630965894401679,1.2385265679767135
2022-12-14,0.7630965894401679,1.2380237090573947
2022-12-15,0.7630965894401679,1.2382782907615064
2022-12-16,0.7630965894401679,1.2380119863534307
2022-12-19,0.7630965894401679,1.2382862968715598
2022-12-20,0.7630965894401679,1.2392808792601397
2022-12-21,0.7630965894401679,1.2393351670737707
2022-12-22,0.7633367069721279,1.2397251388095993
2022-12-23,0.7638629146608245,1.240579745818477
2022-12-26,0.7637781725623983,1.240442117287352
2022-12-27,0.7635646839875558,1.240095393291685
2022-12-28,0.7634413929039287,1.2398951578590538
2022-12-29,0.7634413929039287,1.2402329162614558
2022-12-30,0.7634413929039287,1.2401390922880848
2023-01-02,0.7634413929039287,1.2400732666173042
2023-01-03,0.7634413929039287,1.2404918187381775
2023-01-04,0.7634413929039287,1.2412265144531305
2023-01-05,0.7634413929039287,1.2407836589571972
2023-01-06,0.7634413929039287,1.24135722223684
2023-01-09,0.7634413929039287,1.2413529546514173
2023-01-10,0.7634413929039287,1.2421272303510362
2023-01-11,0.7634413929039287,1.240909383032991
2023-01-12,0.7634413929039287,1.2417391034462189
2023-01-13,0.7634413929039287,1.2422334733610096
2023-01-16,0.7634413929039287,1.2424846882067577
2023-01-18,0.7634413929039287,1.2423592603343898
2023-01-19,0.7636372034566355,1.2420406149797
2023-01-20,0.7636420865377054,1.2420326727461533
2023-01-23,0.76294617273926,1.2431645481237963
2023-01-24,0.7627464309308135,1.2434900126767507
2023-01-25,0.7625148790722194,1.2438675069683034
2023-01-26,0.7625148790722194,1.2428987584162856
2023-01-27,0.7625148790722194,1.2441227768064977
2023-01-30,0.7625148790722194,1.2437127793873932
2023-01-31,0.7625148790722194,1.244098641542459
2023-02-01,0.7625148790722194,1.2437732173709497
2023-02-02,0.7627239032783193,1.2441141664021944
2023-02-03,0.7631925154507866,1.2448785413481076
2023-02-06,0.762951187843718,1.2444849007483998
2023-02-07,0.7628304505432322,1.2442879605642756
2023-02-08,0.7624623379283776,1.2436875150859006
2023-02-09,0.7627433795365524,1.2441459350260333
2023-02-10,0.7632662695600763,1.2449988450803011
2023-02-13,0.7637368396385287,1.2457664136570445
2023-02-14,0.7634111515783609,1.2452351688281607
2023-02-15,0.7632715516158042,1.2450074608852213
2023-02-16,0.7635444997133684,1.245452679126596
2023-02-17,0.7638977776916738,1.2460289271445204
2023-02-20,0.7640420456602003,1.2462642492874747
2023-02-21,0.7646455903697067,1.2472487189231143
2023-02-22,0.7648344477670908,1.2475567729417512
2023-02-23,0.7651683258734621,1.248101376933055
2023-02-24,0.7654503478376175,1.2485613959770814
2023-02-27,0.7655006032424003,1.2486433698876405
2023-02-28,0.7659181849723484,1.2493245067231666
2023-03-01,0.7652580009642087,1.2482476501130244
2023-03-02,0.7648192095960001,1.2475319172574828
2023-03-03,0.7651681077289738,1.2481010211075105
2023-03-06,0.7651249498858634,1.2480306243574228
2023-03-07,0.7648186298463362,1.2475309716010443
2023-03-08,0.7647233797935805,1.2473756048431985
2023-03-09,0.7650935093364061,1.2479793402258894
2023-03-10,0.7650734506225559,1.247946621531807
2023-03-13,0.7654312410746195,1.2485302300539765
2023-03-14,0.766174932271079,1.249743299093726
2023-03-15,0.7661594692609665,1.24971807666415
2023-03-17,0.7654176714587009,1.2482791636294648
2023-03-20,0.7662979527928387,1.2497147678603446
2023-03-21,0.7661642175848549,1.2494966661888065
2023-03-22,0.76653608870474,1.2501031311135364
2023-03-23,0.7665748707460014,1.2501663786917343
2023-03-24,0.7677221537049246,1.2520374217389658
2023-03-27,0.768428295417526,1.2531890308790188
2023-03-28,0.7686835389994832,1.2536052941257245
2023-03-29,0.7687585948751767,1.2537276987803725
2023-03-30,0.7688276952615378,1.2538403909427167
2023-03-31,0.7688878634062909,1.2539385159850436
2023-04-03,0.7681481856132182,1.2527322146265547
2023-04-04,0.7680389636674214,1.2525540903367283
2023-04-05,0.767979721142522,1.252457474838824
2023-04-06,0.7681428057812502,1.252723440943375
2023-04-07,0.7688032353532033,1.253800500572979
2023-04-10,0.7683143331222664,1.25300317580418
2023-04-11,0.7688974407539123,1.2539541351743102
2023-04-12,0.7686129991598178,1.2534902544351825
2023-04-13,0.7681382609057504,1.2527160289465016
2023-04-14,0.7684161745595091,1.2531692636132865
2023-04-17,0.7689916296675211,1.2541077428877023
2023-04-18,0.7692439602464919,1.2545192554720348
2023-04-19,0.7688095687479216,1.2538108293711718
2023-04-20,0.7690860753440315,1.254261769342119
2023-04-21,0.7691674095459291,1.254394412986635
2023-04-24,0.7693848388749106,1.2547490069698288
2023-04-25,0.7693718957777098,1.2547278987577362
2023-04-26,0.7693184382664395,1.2546407177323347
2023-04-27,0.7693312177453173,1.2546615591079653
2023-04-28,0.769790859781161,1.2554111649734512
2023-05-01,0.7697603614232449,1.2553614268159312
2023-05-02,0.769901951857677,1.2555923391604737
2023-05-03,0.770161778120156,1.2560160760582622
2023-05-04,0.7700571049328567,1.2558453700978847
2023-05-05,0.7705384596802011,1.2566303860752124
2023-05-08,0.7710614310488488,1.2574832723972822
2023-05-09,0.7713412857717635,1.257939672651005
2023-05-10,0.77195314811763,1.2589375265624507
2023-05-11,0.7721352927824462,1.259234576654622
2023-05-12,0.7720198202504037,1.259046258614557
2023-05-16,0.7722471916785111,1.2601544684903945
2023-05-17,0.772704742609809,1.260901100989483
2023-05-18,0.7731336965428331,1.261601068851201
2023-05-19,0.7739157019205133,1.262877146746577
2023-05-22,0.7738767291902506,1.2628135509695784
2023-05-23,0.7737417152066991,1.262593234888776
2023-05-24,0.773644948061404,1.2624353300729856
2023-05-25,0.773783016262668,1.2626606300321876
2023-05-26,0.7741958606580803,1.2633343103191166
2023-05-29,0.7740035976283133,1.263020575133418
2023-05-30,0.7741354292112432,1.2632356981667001
2023-05-31,0.7742074422447334,1.2633532091747297
2023-06-01,0.7742697925350225,1.2634549524996213
2023-06-02,0.774440775023411,1.2637339620565329
2023-06-05,0.7748954811409208,1.264475952382952
2023-06-06,0.7745625378950872,1.2639326549472192
2023-06-07,0.7751154107281171,1.2648348339108424
2023-06-08,0.7758079174667505,1.2659648677530526
2023-06-09,0.7758315637813333,1.2660034538551532
2023-06-12,0.7757581820244978,1.265883709361708
2023-06-13,0.7755842815637812,1.2655999382518794
2023-06-14,0.7760725236390413,1.2663966526193435
2023-06-15,0.7764405506669271,1.2669971998388256
2023-06-16,0.7769639128901612,1.267851223332021
2023-06-19,0.7771895514346031,1.268219420747442
2023-06-20,0.7774207562260956,1.26859670117562
2023-06-21,0.7772437762058607,1.2683079048345833
2023-06-22,0.7775754321773619,1.2688491016935584
2023-06-23,0.7775405268613447,1.2687921431310318
2023-06-26,0.7783025596818995,1.2700356297688677
2023-06-27,0.7786408799393686,1.2705877014226394
2023-06-28,0.7789703179980859,1.2711252790872225
2023-06-29,0.7784641686020647,1.2702993435189318
2023-06-30,0.7785199110644128,1.2703903041773446
2023-07-03,0.7791501467929988,1.271418724064316
2023-07-04,0.779789686742044,1.2724623265963184
2023-07-05,0.7795624708000227,1.2720915551804615
2023-07-06,0.7792618743428757,1.2716010412973837
2023-07-07,0.7790029771564771,1.271178572365369
2023-07-10,0.7789196958920411,1.2710426738361784
2023-07-11,0.7789021261645235,1.2710140035206627
2023-07-13,0.7789725182976547,1.2716114245932713
2023-07-14,0.7797341250272001,1.2728546877323272
2023-07-17,0.7800401916076849,1.2733543173743092
2023-07-18,0.780699744343747,1.274430985388389
2023-07-19,0.7805621001399946,1.2742062920418213
2023-07-20,0.7805594835807229,1.2742020207144191
2023-07-21,0.7803626591403817,1.273880720281993
2023-07-24,0.7804975575340187,1.2741009313093126
2023-07-25,0.780812293334244,1.2746147127712948
2023-07-26,0.7808814186324526,1.2747275543887664
2023-07-27,0.7813718446246448,1.2755281362834292
2023-07-28,0.7810795589213482,1.2750510028405582
2023-07-31,0.7811219326215482,1.2751201745764167
2023-08-01,0.7812140267918921,1.275270511072759
2023-08-02,0.7808118149145274,1.2746139317887017
2023-08-03,0.7815282765561596,1.2757834991192327
2023-08-04,0.78205052949572,1.2766360360045181
2023-08-07,0.7828233479085455,1.2778976013355166
2023-08-08,0.7827397138556905,1.2777610753161803
2023-08-09,0.782307652437445,1.277055769002207
2023-08-10,0.7822149886932144,1.2769045027212518
2023-08-11,0.7814469069197347,1.275650669581781
2023-08-14,0.7824701240419426,1.2773209911295584
2023-08-15,0.7825258595245663,1.2774119749252568
2023-08-16,0.7826212632735843,1.2775677140487183
2023-08-17,0.7829034637420951,1.2780283841382976
2023-08-18,0.7833175752214259,1.2787043885874958
2023-08-21,0.7837611226992278,1.2794284449911224
2023-08-22,0.7832497864450451,1.2785937287368847
2023-08-23,0.7832279230784945,1.2785580385090105
2023-08-24,0.7835502017733065,1.2790841331536862
2023-08-25,0.782953061088959,1.278109347909702
2023-08-28,0.7839218175620617,1.2796907667273238
2023-08-29,0.7843369363316991,1.2803684154987949
2023-08-30,0.7852761062150234,1.2819015365335127
2023-08-31,0.7855093138700392,1.2822822297049081
2023-09-01,0.7856924949417062,1.282581258410067
2023-09-04,0.7858299704686262,1.2828056764049607
2023-09-05,0.7859457488034287,1.2829946754386838
2023-09-06,0.7865397573802506,1.283964347763253
2023-09-07,0.786235363586608,1.2834674488143436
2023-09-11,0.785877141369843,1.282640995012102
2023-09-12,0.7865463069134465,1.2837331493877584
2023-09-13,0.7866610347032066,1.2839203982065204
2023-09-14,0.7869959145036102,1.284466960178854
2023-09-15,0.7873822808611566,1.2850975540760359
2023-09-18,0.7871025275950364,1.2846409648857857
2023-09-19,0.7871357529268095,1.284695192411135
2023-09-20,0.7875922934088185,1.2854403184712806
2023-09-21,0.7878309712396764,1.2858298678732714
2023-09-22,0.7883744609760696,1.2867169050188627
2023-09-25,0.7881100692641471,1.286285387634527
2023-09-26,0.7883087634423104,1.2866096791617474
2023-09-27,0.78799171808452,1.2860922250308493
2023-09-28,0.788146135180621,1.2863442513176107
2023-09-29,0.7885178387948358,1.2869509139477961
2023-10-02,0.7888920970280323,1.2875617460070947
2023-10-03,0.7886415093560598,1.2871527583880424
2023-10-04,0.7890279162626443,1.2877834184658725
2023-10-05,0.7890123660987526,1.2877580388274574
2023-10-06,0.7890137184785723,1.2877602460653401
2023-10-09,0.7897185741473054,1.288910650789809
2023-10-10,0.7898221529899915,1.2890797032572385
2023-10-11,0.7901329576812081,1.2895869719095645
2023-10-12,0.7900253331174749,1.2894113163646357
2023-10-13,0.7906422302075639,1.2904181626715183
2023-10-16,0.7904000151021294,1.290022840034573
2023-10-17,0.7903197325744099,1.2898918098062897
2023-10-18,0.7904792248222319,1.2901521193186474
2023-10-19,0.7904009646992102,1.2900243898851542
2023-10-20,0.7901264753624567,1.2895763920271177
2023-10-23,0.7900745317857277,1.289491614194257
2023-10-24,0.7903079002080787,1.289872498036898
2023-10-25,0.790775695919821,1.2906359939137797
2023-10-26,0.7914121440184246,1.2916747496931418
2023-10-27,0.791400624341986,1.2916559482692656
2023-10-30,0.791211217247197,1.2913468143197795
2023-10-31,0.7913846068882046,1.2916298059605327
2023-11-01,0.7909243330470322,1.2908785866330559
2023-11-02,0.7910416378255185,1.2910700413909013
2023-11-03,0.7911603561114335,1.2912638031538493
2023-11-06,0.7908826396856368,1.290810538318974
2023-11-08,0.7911670872658936,1.2914154200659937
2023-11-09,0.7915141506763114,1.2919819287683503
2023-11-10,0.7917506513017405,1.292367966761399
2023-11-13,0.7922240042176171,1.2931406167673651
2023-11-14,0.7927178914373805,1.2939467847458386
2023-11-15,0.7926423632283812,1.2938235006819265
2023-11-16,0.7926957010194328,1.2939105635121995
2023-11-17,0.793361460645419,1.294997277381993
2023-11-20,0.7929276569895505,1.2942891833023904
2023-11-21,0.7927669918236908,1.29402693089579
2023-11-22,0.7933609503898366,1.2949964444960733
2023-11-23,0.7937104299455451,1.2955668970521819
2023-11-24,0.7939590079998808,1.2959726489314323
2023-11-27,0.7933933222757972,1.2950492848548028
2023-11-28,0.7937113330366926,1.2955683711603094
2023-11-29,0.7936005159508226,1.2953874853577998
2023-11-30,0.7932629954178084,1.2948365534144226
2023-12-01,0.7937337052164999,1.2956048890823115
2023-12-04,0.7940518494263072,1.2961241932153609
2023-12-05,0.7946076124443131,1.2970313605418424
2023-12-06,0.7947566882215182,1.2972746956862635
2023-12-07,0.7950548574742651,1.2977613948639524
2023-12-08,0.794840229175319,1.297411058886505
2023-12-11,0.794682409038233,1.297153450396579
2023-12-12,0.7952023799368186,1.298002194545858
2023-12-13,0.7960123599494636,1.2993243181466891
2023-12-14,0.7962545330812373,1.2997196153244053
2023-12-15,0.7961951865345747,1.2996227444525992
2023-12-18,0.7966061047523773,1.3002934828230364
2023-12-19,0.7968965707731677,1.3007676080796244
2023-12-20,0.7971858226975046,1.301239751576725
2023-12-21,0.7969559895233098,1.3008645968085664
2023-12-22,0.7972500019418212,1.301344510820496
2023-12-25,0.7975973528177529,1.3019114887504069
2023-12-26,0.7981372673152384,1.3027927866693831
2023-12-27,0.7985988730494848,1.3035462618490152
2023-12-28,0.7982549505086014,1.3029848799617327
2023-12-29,0.7984273601330095,1.303266302749804
2024-01-01,0.7989367755179944,1.3040978172225075
2024-01-02,0.799309624040408,1.3047064147475358
2024-01-03,0.7991348839575891,1.3044211879716905
2024-01-05,0.7991403178208866,1.303776186379724
2024-01-08,0.7994542773184684,1.3042884029545943
2024-01-09,0.7997762546904079,1.304813700478354
2024-01-10,0.8008541787224158,1.3065723048840114
2024-01-11,0.8007678920616991,1.3064315304906589
2024-01-12,0.8008893639588024,1.3066297086619085
2024-01-15,0.8008868213382514,1.3066255604440655
2024-01-16,0.8014607655689853,1.3075619352003554
2024-01-17,0.8018247865346324,1.308155825729678
2024-01-18,0.8018247865346324,1.3089082750488528
2024-01-19,0.8018247865346324,1.3084605973927161
2024-01-22,0.8018247865346324,1.3092828637354252
2024-01-23,0.8018247865346324,1.3086487748525797
2024-01-24,0.8018247865346324,1.308751554045227
2024-01-25,0.8018247865346324,1.3097040298970786
2024-01-26,0.8018247865346324,1.310263680050999
2024-01-29,0.8018247865346324,1.3105305330068493
2024-01-30,0.8018247865346324,1.3119223600043162
2024-01-31,0.8018247865346324,1.3112588062218618
2024-02-01,0.8017187398350942,1.3110853834604612
2024-02-02,0.8015482086550413,1.310806506434788
2024-02-05,0.8017060341852125,1.3110646053608364
2024-02-06,0.8022191053144386,1.3119036528032628
2024-02-07,0.8022191053144386,1.3124901400029942
2024-02-08,0.8022191053144386,1.3121424765524121
2024-02-09,0.8022191053144386,1.3129692391114822
2024-02-12,0.8022191053144386,1.3143843640209574
2024-02-13,0.8022191053144386,1.3147972258691762
2024-02-14,0.8022191053144386,1.3149276215920225
2024-02-15,0.8022191053144386,1.314758408394153
2024-02-16,0.8022191053144386,1.314445677889637
2024-02-19,0.8022191053144386,1.314727970306504
2024-02-20,0.8022191053144386,1.3148995179036276
2024-02-21,0.8022191053144386,1.3147616304806662
2024-02-22,0.8022191053144386,1.3155040372984281
2024-02-23,0.8022191053144386,1.3153984879987088
2024-02-26,0.8022191053144386,1.3150469192748384
2024-02-27,0.8022191053144386,1.3159016255324065
2024-02-28,0.8022191053144386,1.3167676167938398
2024-02-29,0.8022191053144386,1.3176730699272727
2024-03-01,0.8022191053144386,1.3183522568797894
2024-03-05,0.8022191053144386,1.3182104172777287
2024-03-06,0.8022191053144386,1.3189228504953072
2024-03-07,0.8022191053144386,1.3196033019575597
2024-03-08,0.8022191053144386,1.3193361752434798
2024-03-11,0.8022191053144386,1.319664241709683
2024-03-12,0.8022191053144386,1.320423294108656
2024-03-13,0.8022191053144386,1.3207775142691898
2024-03-14,0.8022191053144386,1.3201182064989943
2024-03-15,0.8022191053144386,1.3205892467098022
2024-03-18,0.8022191053144386,1.3197905819647855
2024-03-19,0.8022191053144386,1.319657221608655
2024-03-20,0.8022191053144386,1.3202387647439633
2024-03-21,0.802633463757071,1.3195568412210277
2024-03-22,0.8019891446824864,1.3206161237966847
2024-03-25,0.8013541933889726,1.3216616827317398
2024-03-26,0.8007261856603666,1.3226974466401407
2024-03-27,0.8007949555207723,1.3225838476091694
2024-03-28,0.8014313940448072,1.3215327129759131
2024-03-29,0.8016224208286754,1.321217716401269
2024-04-01,0.8018445762072766,1.3208515644394785
2024-04-02,0.8013179318412678,1.3217190879663396
2024-04-03,0.8006844719484493,1.3227639367068083
2024-04-04,0.8006844719484493,1.324242154431084
2024-04-05,0.8006844719484493,1.323557464493552
2024-04-08,0.8006844719484493,1.3237795701192157
2024-04-09,0.8006844719484493,1.3246893143627154
2024-04-10,0.8006844719484493,1.3248556795772886
2024-04-11,0.8000618745177116,1.3258858628406103
2024-04-12,0.7999296777964026,1.3261049431011254
2024-04-15,0.7999053174080099,1.3261453271903274
2024-04-16,0.7998188009521396,1.3262887609082694
2024-04-17,0.7996711581422501,1.3265335876104578
2024-04-18,0.7989691997542362,1.3276980304809105
2024-04-19,0.7987348384071811,1.3280874836650902
2024-04-22,0.79916435151207,1.3273733155191125
2024-04-23,0.7988610250310307,1.3278771261258546
2024-04-24,0.7988712748368291,1.3278600887661134
2024-04-25,0.7981693554392207,1.32902679832618
2024-04-26,0.7980702083944473,1.3291918874499116
2024-04-29,0.7974920260224542,1.3301548545049857
2024-04-30,0.797531388266687,1.3300892013341175
2024-05-02,0.7977943841453967,1.3297618341042634
2024-05-03,0.7980387345723274,1.3293545513778657
2024-05-06,0.7978905553188338,1.329601384966911
2024-05-07,0.7976524824594983,1.329998108554357
2024-05-08,0.7973967220247852,1.3304245610532732
2024-05-09,0.7972323794286245,1.3306987601066682
2024-05-10,0.7968204336940443,1.331386358468679
2024-05-13,0.7962108766456486,1.3324048513494149
2024-05-14,0.7957045014010277,1.3332522359460417
2024-05-15,0.7952405047522975,1.3340296911047114
2024-05-16,0.7944218131454305,1.335403060424926
2024-05-17,0.794347054107045,1.3355287284856496
2024-05-20,0.7947766182390537,1.3348065060816534
2024-05-21,0.7943133761462343,1.3355845090389575
2024-05-22,0.7941247897107999,1.335901604444052
2024-05-23,0.7946891831186976,1.3349521641685218
2024-05-24,0.7950292106822664,1.3343809716299726
2024-05-27,0.7952761219078253,1.3339665546039805
2024-05-28,0.7949036569422706,1.3345913134683856
2024-05-29,0.7953074807798817,1.3339133196245527
2024-05-30,0.7948101960835668,1.334747380281708
2024-05-31,0.794450515691336,1.3353514017998447
2024-06-03,0.7933198958726569,1.337251803058269
2024-06-04,0.7936898191673396,1.3366282455307428
2024-06-05,0.7936171152021039,1.3367506840087844
2024-06-06,0.7932464648030242,1.3373749991413677
2024-06-07,0.7929327806308862,1.3379038554149947
2024-06-10,0.7924817649199603,1.33866484761161
2024-06-11,0.7926648349106098,1.338355604709144
2024-06-12,0.7928519824612081,1.3380396199925024
2024-06-13,0.7922997864301542,1.3389715217647087
2024-06-14,0.7920157250436499,1.33945158008793
2024-06-17,0.7916263905225721,1.340110019968542
2024-06-18,0.7916109200539804,1.340136209254576
2024-06-19,0.7916409058469669,1.3400854456206668
2024-06-20,0.7912472584394734,1.340751809823921
2024-06-21,0.7910080095539382,1.3411572120200843
2024-06-24,0.7910390522637187,1.3411045789827447
2024-06-25,0.7911866609250715,1.3408543275557496
2024-06-26,0.7909694826511465,1.3412223878919831
2024-06-27,0.7912145673148328,1.340806805438962
2024-07-01,0.7910630514599793,1.3421686075259849
2024-07-02,0.7910202033815368,1.3422413063401595
2024-07-03,0.7909276263192394,1.3423983955731578
2024-07-04,0.7910600300539752,1.3421736739233343
2024-07-05,0.7913245462511529,1.341724875270021
2024-07-08,0.7915608688820926,1.3413241800634548
2024-07-09,0.7912976343201341,1.3417702391056128
2024-07-10,0.790808370782242,1.342599862784176
2024-07-11,0.7897358252707998,1.3444207836414852
2024-07-12,0.7897345950984983,1.344422877847113
2024-07-15,0.7896165463478687,1.3446238408567528
2024-07-16,0.7896310029614114,1.3445992229490893
2024-07-17,0.7897252897758623,1.344438669504544
2024-07-18,0.7894549567005272,1.3448988880702046
2024-07-19,0.7887593118669398,1.3460839740022679
2024-07-22,0.7882711872530812,1.3469169996289014
2024-07-23,0.7882691628574632,1.346920458708614
2024-07-24,0.7889351507987371,1.3457824809395695
2024-07-25,0.7888328838341656,1.3459569301185164
2024-07-26,0.7889395815759039,1.3457748756328785
2024-07-29,0.789179816873052,1.345365081733964
2024-07-30,0.7887529702865085,1.3460927542878167
2024-07-31,0.7885350713989553,1.346464622445215
2024-08-01,0.7882042768385432,1.3470294713518107
2024-08-02,0.7882037522888578,1.3470303677994782
2024-08-05,0.7880323133491137,1.3473233548061854
2024-08-06,0.7877291567306297,1.3478416711053125
2024-08-07,0.7873300455035843,1.3485245692037533
2024-08-08,0.7875311325594686,1.3481801509550693
2024-08-09,0.7880186174854311,1.3473456220407183
2024-08-12,0.7876790680714763,1.3479261799186761
2024-08-13,0.7873282999631992,1.3485264364640033
2024-08-14,0.7871209659354057,1.348881555691486
2024-08-15,0.7870109428205325,1.3490701012350235
2024-08-16,0.7865369380816657,1.3498826256692549
2024-08-19,0.7854142605395673,1.3518094047370046
2024-08-20,0.7854635044589994,1.3517246489631933
2024-08-21,0.785567198411808,1.3515461993329252
2024-08-22,0.7849732970530787,1.3525679898631204
2024-08-23,0.7846577268688372,1.3531117410090037
2024-08-26,0.7852891416051215,1.3520228908468805
2024-08-28,0.7853543821123274,1.3510228256586612
2024-08-29,0.7852669169658333,1.3511732894646251
2024-08-30,0.7851677333545148,1.3513439502214593
2024-09-02,0.7850870574718881,1.3514828006368356
2024-09-03,0.7852307781140752,1.351235393710223
2024-09-04,0.7848063802289809,1.3519657031419707
2024-09-05,0.7842475252025992,1.3529284282774061
2024-09-06,0.7843383163573497,1.35277180179106
2024-09-09,0.7843202786526449,1.3528029119609764
2024-09-10,0.7844334370292286,1.352607735340504
2024-09-11,0.7839922971151436,1.353368398045575
2024-09-12,0.7839527246602177,1.3534367100814546
2024-09-13,0.7833802037183535,1.3544251253718607
2024-09-16,0.7829353718499104,1.355194217386601
2024-09-17,0.782303118577428,1.3562885937675881
2024-09-18,0.7822781577184087,1.3563318687176358
2024-09-19,0.7815475608273945,1.3575985944170452
2024-09-20,0.7814655988673097,1.357740967635751
2024-09-23,0.7817733982810174,1.3572061880185662
2024-09-24,0.7811933840163062,1.35821312807426
2024-09-25,0.7815558049091172,1.3575830090479395
2024-09-26,0.7825593532403536,1.355839819176292
2024-09-27,0.7820334480722556,1.3567509873388925
2024-09-30,0.7816167030032176,1.3574739989764122
2024-10-01,0.7823633021178316,1.3561773418273861
2024-10-02,0.7815912041739077,1.357515724819516
2024-10-03,0.7814164511823488,1.3578192465745378
2024-10-04,0.7813400267716218,1.357952044566743
2024-10-07,0.7817165273644944,1.3572976946904358
2024-10-08,0.7817634728167274,1.3572161831042513
2024-10-09,0.7812747821520166,1.3580645968530898
2024-10-10,0.7805146304835915,1.3593859438269207
2024-10-11,0.7800589850912981,1.3601795201642013
2024-10-14,0.779590886254755,1.3609957385054385
2024-10-15,0.7794927057413141,1.361167140278796
2024-10-16,0.7789059813680687,1.3621916911583363
2024-10-17,0.7784056755695561,1.3630666522166337
2024-10-18,0.7789970863021125,1.36203103252293
2024-10-21,0.7786597716866579,1.36262080748108
2024-10-22,0.7779877283861335,1.3637968540910634
2024-10-23,0.7782376123828211,1.3633588124663234
2024-10-25,0.7777411503703502,1.364445298339543
2024-10-28,0.7780281687291927,1.36394176210506
2024-10-29,0.7776606550396706,1.364586041180589
2024-10-30,0.7783645899280665,1.3633508241018029
2024-10-31,0.778703345606964,1.3627574738389954
2024-11-01,0.7784214406237493,1.3632508171962001
2024-11-04,0.7780593904938239,1.363884876215812
2024-11-05,0.778190266105807,1.3636554602225983
2024-11-06,0.7785075523914385,1.3630994661492974
2024-11-07,0.7782962849382252,1.3634693772077133
2024-11-08,0.7780096964480254,1.363971441315958
2024-11-11,0.7783124716019142,1.3634406295986623
2024-11-12,0.7781754948990017,1.3636805841270472
2024-11-13,0.7779579919281148,1.3640617379674504
2024-11-14,0.7770923185316082,1.365579598790275
2024-11-15,0.7773039847334317,1.365207639062878
2024-11-18,0.7772189198529701,1.3653570416478422
2024-11-19,0.7769682506316793,1.3657973976114857
2024-11-20,0.7774807304826994,1.3648965324264766
2024-11-21,0.7774134250178972,1.3650146896899562
2024-11-22,0.7769976642911642,1.3657446995934688
2024-11-25,0.777389314676646,1.3650562876938614
2024-11-26,0.7773161885798598,1.3651846934184164
2024-11-27,0.7775309046367228,1.3648075919524145
2024-11-28,0.7773882131047881,1.3650580597922528
2024-11-29,0.777262601078435,1.3652786287513514
2024-12-02,0.7770199864976499,1.3657047865282854
2024-12-03,0.7768689914758719,1.3659701781881755
2024-12-04,0.7761037698631708,1.367315668758817
2024-12-05,0.7759242339053075,1.36763196966834
2024-12-06,0.7762021047921202,1.3671421987710808
2024-12-09,0.7758370127367401,1.3677852436072961
2024-12-10,0.7754468732954255,1.368473051693297
2024-12-11,0.7751956846401069,1.368916337903523
2024-12-12,0.7751956846401069,1.369862587940653
2024-12-13,0.7751956846401069,1.371230863749478
2024-12-16,0.7751956846401069,1.3716346654658773
2024-12-17,0.7751956846401069,1.3716151307730404
2024-12-18,0.7751956846401069,1.3716281237709396
2024-12-19,0.7750568574559243,1.3718737640317689
2024-12-20,0.7752530695749851,1.3715264627264065
2024-12-24,0.7753108995110121,1.3712292681808096
2024-12-25,0.775113173100967,1.3715789707849098
2024-12-26,0.7749930132787488,1.3717915961033884
2024-12-27,0.7750505336576279,1.3716897810276405
2024-12-30,0.7751438161658494,1.371524689001096
2024-12-31,0.7746054267485041,1.372477304970915
2025-01-01,0.7747162380953853,1.372280964933167
2025-01-02,0.7748104631218973,1.3721140609702134
2025-01-03,0.7745340602886868,1.3726035435365846
2025-01-06,0.7746090479100669,1.37247065296391
2025-01-07,0.7746090479100669,1.3734060747027819
2025-01-08,0.7746090479100669,1.3749596663678707
2025-01-09,0.7746090479100669,1.3747479704135315
2025-01-10,0.7746090479100669,1.3750537402146634
2025-01-13,0.7746090479100669,1.3751071463580167
2025-01-14,0.7746090479100669,1.3749977992041966
2025-01-15,0.7746090479100669,1.3757018144112432
2025-01-16,0.7744943758945804,1.3759054713401064
2025-01-17,0.773637388867216,1.3774279267336091
2025-01-20,0.7739132518379018,1.376936764639788
2025-01-21,0.7731157157574868,1.3783557308451637
2025-01-22,0.7729883393143174,1.3785828249875265
2025-01-23,0.7725018144872324,1.379450515658183
2025-01-24,0.7726107953413509,1.3792559093898333
2025-01-27,0.7727091471684389,1.3790803328388348
2025-01-28,0.772851894523206,1.3788255667729152
2025-01-29,0.7732462101250913,1.3781220782557624
2025-01-30,0.7729653377333123,1.3786226645363215
2025-01-31,0.7730906025004396,1.3783992485063923
2025-02-03,0.7725193736644309,1.3794177337857798
2025-02-04,0.7717572490692627,1.380778590507007
2025-02-05,0.771931186561326,1.380467392697829
2025-02-06,0.7715256248247953,1.3811926707572642
2025-02-07,0.7718389174450464,1.380631811264112
2025-02-10,0.771743395286277,1.3808026771379323
2025-02-11,0.7718728668903388,1.3805710266455617
2025-02-12,0.7711867838634532,1.38179815405141
2025-02-13,0.771762950172889,1.3807657899608112
2025-02-14,0.7714465337031494,1.3813318925920641
2025-02-17,0.7713849077035217,1.3814422384877025
2025-02-18,0.770705298844099,1.3826593226887043
2025-02-20,0.7700058607313364,1.384182004370945
2025-02-21,0.770117200486971,1.3839818572110598
2025-02-24,0.7699018308355582,1.3843688991963063
2025-02-25,0.7697448358160269,1.3846511936573183
2025-02-26,0.7700402840775911,1.3841197282040878
2025-02-27,0.7693130339886892,1.385426934094742
2025-02-28,0.7689983453847121,1.3859936449764516
2025-03-03,0.7690240726782238,1.385947275741038
2025-03-04,0.7698277602750481,1.3844988573170394
2025-03-05,0.7696492992134318,1.3848198111051895
2025-03-06,0.7695281517252828,1.3850377901793287
2025-03-07,0.7692292847011445,1.3855757069816468
2025-03-10,0.7695446337328348,1.3850076839406362
2025-03-11,0.7687724850410463,1.3863973783448247
2025-03-12,0.7685975859432681,1.3867127898031595
2025-03-13,0.7678958469331788,1.3879788755653213
2025-03-14,0.7668451394761382,1.3898780390529162
2025-03-17,0.7668505857174388,1.389868167944932
2025-03-18,0.7668827160116694,1.3898099338195242
2025-03-19,0.7670971309852567,1.389421352809639
2025-03-20,0.7669526681850473,1.3896830141966916
2025-03-21,0.7681386583859064,1.3875340544166337
2025-03-24,0.7677639653337701,1.3882108845229129
2025-03-25,0.7676355406249816,1.3884430920588633
2025-03-26,0.7675977763022978,1.388511397407146
2025-03-27,0.7675977763022978,1.3886868570456334
2025-03-28,0.7675977763022978,1.389178243852163
2025-03-31,0.7675977763022978,1.3897753756323112
2025-04-01,0.7675977763022978,1.388576771777311
2025-04-02,0.7675977763022978,1.388336201495693
2025-04-03,0.7675977763022978,1.3882826446883345
2025-04-04,0.7675977763022978,1.3901983044139672
2025-04-07,0.7675977763022978,1.3907411496167752
2025-04-08,0.7675977763022978,1.389235443354379
2025-04-09,0.7675977763022978,1.389832727000464
2025-04-10,0.7675977763022978,1.3892305845627781
2025-04-11,0.7675977763022978,1.3885884180399666
2025-04-14,0.7675977763022978,1.389213034983202
2025-04-15,0.7675977763022978,1.3904402829211424
2025-04-16,0.7675977763022978,1.391917913873592
2025-04-17,0.7673800794960223,1.3915231549336853
2025-04-21,0.7674252978852268,1.3921544801120762
2025-04-22,0.7679116882632842,1.3930368207721533
2025-04-23,0.7682546132814888,1.3936589068589054
2025-04-24,0.7685323616324321,1.394162758650311
2025-04-25,0.7687803577698266,1.394612638182137
2025-04-28,0.7695474206969103,1.3960041353003716
2025-04-29,0.7689495495621884,1.3949195620122268
2025-04-30,0.7691976628126662,1.3953696539940519
2025-05-01,0.7697021603794021,1.3962848421559124
2025-05-02,0.7696118922356048,1.39612109045116
2025-05-05,0.7698345209471354,1.3965249519853224
2025-05-06,0.7698727905659362,1.3965943753173553
2025-05-07,0.7692205751718448,1.395411218356822
2025-05-08,0.7697856257511312,1.3964362532333254
2025-05-09,0.7696270734079221,1.3961486299877288
2025-05-12,0.7700127415581657,1.3968482546217844
2025-05-13,0.7698023808679553,1.3964666479975005
2025-05-14,0.7696445740690266,1.3961803772129355
2025-05-15,0.769951244255653,1.3967366949097917
2025-05-16,0.7705512105560516,1.3978250689513014
2025-05-19,0.7702166455888849,1.397218148487234
2025-05-20,0.7707473439411766,1.3981808664100948
2025-05-21,0.7705848564702443,1.3978861046121143
2025-05-22,0.7702454490005202,1.3972703995645193
2025-05-23,0.7708044772014763,1.3982845094936742
2025-05-26,0.7713591026749801,1.399290632617124
2025-05-27,0.7718601132528343,1.4001994951767311
2025-05-28,0.7714266526194443,1.3994131721764482
2025-05-29,0.7715408275980531,1.3996202922810694
2025-05-30,0.7702141333597591,1.3972135911563222
2025-06-02,0.7709462925478084,1.3985417708457422
2025-06-03,0.7711249928612894,1.3988659436905724
2025-06-04,0.7713193561143018,1.3992185300259408
2025-06-05,0.7714921987199279,1.399532076645318
2025-06-06,0.7716307646774314,1.3997834434155576
2025-06-09,0.7714854672912661,1.3995198654391006
2025-06-10,0.771693795088698,1.399897784276707
2025-06-11,0.7720711598133793,1.4005823460100106
2025-06-12,0.7724903530155129,1.4013427870535768
2025-06-13,0.7733433698660269,1.4028902096278997
2025-06-16,0.7732793768616596,1.402774122566434
2025-06-18,0.7732405810498647,1.40244725207013
2025-06-19,0.7727779888913126,1.4016082362224234
2025-06-20,0.7724132736502527,1.4009467423741335
2025-06-23,0.7722187964687446,1.4005940138760689
2025-06-24,0.7728204249036343,1.4016852035600516
2025-06-25,0.7730057299136271,1.4020212962437884
2025-06-26,0.7730057299136271,1.4026791112456616
2025-06-27,0.7730057299136271,1.402624572749509
2025-06-30,0.7730057299136271,1.4026113196613041
2025-07-01,0.7730057299136271,1.4030531311349865
2025-07-02,0.7730057299136271,1.4031299143273976
2025-07-03,0.773356911949631,1.4037673662905887
2025-07-04,0.7733837726493398,1.403816122787239
2025-07-07,0.7732575477435116,1.4035870042510536
2025-07-08,0.77352227484137,1.4040675265754867
2025-07-09,0.773037651932984,1.4031878579344783
2025-07-10,0.7733681299651894,1.4037877287958072
2025-07-11,0.7738982611551163,1.4047500022982138
2025-07-14,0.773939470470501,1.4048248038435682
2025-07-15,0.7738670183213158,1.4046932915223198
2025-07-16,0.773655772991747,1.4043098472220907
2025-07-17,0.773655772991747,1.405772391013455
2025-07-18,0.773655772991747,1.4046175864643269
2025-07-21,0.773655772991747,1.4040990084976608
2025-07-22,0.773655772991747,1.4048953656640597
2025-07-23,0.773655772991747,1.4060943008858056
2025-07-24,0.773655772991747,1.4048599265506814
2025-07-25,0.773655772991747,1.4051110820240318
2025-07-28,0.773655772991747,1.4058141775464708
2025-07-29,0.773655772991747,1.406972179267126
2025-07-30,0.773655772991747,1.4069753155989613
2025-07-31,0.7734786629863415,1.4066532222152492
2025-08-01,0.7731100390337229,1.4059828403475263
2025-08-04,0.7735341467757497,1.406754125388002
2025-08-05,0.7737745986184132,1.4071914126403282
2025-08-06,0.7735129030418368,1.4067154913982227
2025-08-07,0.7735129030418368,1.4061424662552007
2025-08-08,0.7735129030418368,1.4064957001001857
2025-08-11,0.7735129030418368,1.4055656920953343
2025-08-12,0.7735129030418368,1.4062535754901457
2025-08-13,0.7735129030418368,1.405556180207681
2025-08-15,0.774391645872125,1.4076098766455747
2025-08-18,0.7743655160768924,1.407562380578126
2025-08-19,0.7741430852976283,1.4071580686728633
2025-08-20,0.7741430852976283,1.4080811887201339
2025-08-21,0.7741430852976283,1.4080725654150124
2025-08-22,0.7741430852976283,1.4078726743640286
2025-08-25,0.7741430852976283,1.409232609982121
2025-08-26,0.7741430852976283,1.407836282779075
2025-08-27,0.7741430852976283,1.4086807539208177
2025-08-28,0.7739540269769583,1.408336731190712
2025-08-29,0.7741671037902672,1.408724459521192
2025-09-01,0.7736012915567533,1.4076948710396548
2025-09-02,0.773370985323143,1.4072757909432796
2025-09-03,0.7734628797170221,1.40744300791713
2025-09-04,0.7738723931762923,1.4081881850549245
2025-09-05,0.7736313228111326,1.4077495178496098
2025-09-08,0.7744302161794971,1.4092032358170286
2025-09-09,0.7742971896256746,1.408961172108537
2025-09-10,0.7747793595613582,1.4098385596631333
2025-09-11,0.7744870918765747,1.4093067305085925
2025-09-12,0.7746676287793743,1.4096352471164086
2025-09-15,0.7741468510595473,1.408687606344407
2025-09-16,0.7742139710078756,1.4088097421371433
2025-09-17,0.7750196337797937,1.4102757781484514
2025-09-18,0.7757349681647212,1.4115774467931796
2025-09-19,0.7755154381561129,1.411177975811771
2025-09-22,0.775167369749612,1.4105446080602562
2025-09-23,0.7750573648886528,1.4103444361108919
2025-09-24,0.7748367332011104,1.4099429604433458
2025-09-25,0.7753402092819497,1.4108591180356662
2025-09-26,0.7757659790267605,1.411633876160498
2025-09-29,0.7758070654104517,1.4117086395977143
2025-09-30,0.7763022067352489,1.412609630729663
2025-10-01,0.7756836619264849,1.4114840866486118
2025-10-02,0.7753507101924735,1.4108782261706279
2025-10-03,0.7750916123816267,1.4104067550608879
2025-10-06,0.7755926295664042,1.411318438287133
2025-10-07,0.7749159351737402,1.410087081467786
2025-10-08,0.774398814632966,1.4091460955349777
2025-10-09,0.7748175270107349,1.4099080116189593
2025-10-10,0.77471272483788,1.409717306816871
2025-10-14,0.7755011245576307,1.4112179414548789
2025-10-15,0.7755564341629675,1.4113185910927897
2025-10-16,0.7754251492803255,1.4110796854665315
2025-10-17,0.7757398797735685,1.4116524161882837
2025-10-20,0.7753966428795124,1.411027810952105
2025-10-21,0.7759060377824964,1.4119547821757596
2025-10-22,0.7763944920624669,1.4128436467068948
2025-10-23,0.7764622213017314,1.4129668969699625
2025-10-24,0.7768061697810842,1.413592797113274
2025-10-27,0.7771859169678115,1.414283841943715
2025-10-28,0.7770646061754304,1.4140630866652517
2025-10-29,0.7769406597591979,1.4138375352110664
2025-10-30,0.7768275944609091,1.4136317846680324
2025-10-31,0.7766522905856921,1.413312775493089
2025-11-03,0.7764528831593099,1.4129499038880602
2025-11-04,0.776839328859262,1.4136531383359554
2025-11-05,0.7763855454932128,1.4128273661901476
2025-11-06,0.7767481025723594,1.4134871293274156
2025-11-07,0.7759937090648402,1.4121143219658074
2025-11-10,0.7761800416148805,1.4124534005684901
2025-11-11,0.7767652478524496,1.4135183294457756
2025-11-12,0.7766030017759475,1.4132230821961718
2025-11-13,0.7768547969249953,1.4136812863439867
2025-11-14,0.7769940463737095,1.413934685486993
2025-11-17,0.7769619700694733,1.4138763146418707
2025-11-18,0.7770375465615604,1.4140138449409356
2025-11-19,0.7775149653561011,1.4148826276507322
2025-11-20,0.7777042689683752,1.4152271128430338
2025-11-21,0.7778598830321707,1.4155102914894815
2025-11-24,0.7778666825929835,1.4155226649882542
2025-11-25,0.7787964715297594,1.4172146481302423
2025-11-26,0.7787860173159796,1.4171956240778167
2025-11-27,0.7790071028390309,1.4175979443928308
2025-11-28,0.7787834437710638,1.4171909408702192
2025-12-01,0.7786068947679556,1.4168696658741653
2025-12-02,0.7790026397810225,1.4175898227443438
2025-12-03,0.7792818465154158,1.418097909116463
2025-12-04,0.7798440138427715,1.4191209129437192
2025-12-05,0.7794567500935841,1.4184161898509704
2025-12-08,0.7788744823859799,1.4173566083627172
2025-12-09,0.7790100266360858,1.4176032649716546
2025-12-11,0.779381186121246,1.418085115460566
2025-12-12,0.780124917476401,1.4194383356606781
2025-12-15,0.7804802555554745,1.420084873773047
2025-12-16,0.7805186314290159,1.4201546987265241
2025-12-17,0.780977206909669,1.4209890774297949
2025-12-18,0.7808363760085181,1.4207328354159057
2025-12-19,0.7809082878406062,1.4208636790910234
2025-12-22,0.7817763980289056,1.422443206745179
2025-12-23,0.7819388787022816,1.4227388405487242
2025-12-24,0.7818902690991633,1.42265039531053
2025-12-25,0.7820269954639474,1.4228991691149842
2025-12-26,0.7818123433945097,1.4225086093861983
2025-12-29,0.7824223629028891,1.4236185407014237
2025-12-30,0.7823040340331548,1.4234032411639348
2025-12-31,0.7829629284872909,1.4246021005086411
2026-01-01,0.7836189002245685,1.4257956419660962
2026-01-02,0.7838716546278959,1.4262555289425956
2026-01-05,0.7843212592854081,1.4270735852211065
2026-01-06,0.784424257263813,1.4272609901812203
2026-01-07,0.7845076081262671,1.4274126471874602
2026-01-08,0.7841184345993303,1.4267045454322371
2026-01-09,0.7842481251775211,1.4269405176135301
2026-01-12,0.7848467009386786,1.4280296270153074
2026-01-13,0.7845642018739508,1.4275156195874201
2026-01-14,0.784797537737102,1.4279401745039746
2026-01-15,0.7849188347201322,1.4281608745275938
2026-01-16,0.7846518610714629,1.4276751156150873
2026-01-19,0.7846886103787255,1.4277419810290344
2026-01-20,0.7847351923922997,1.4278267370653284
2026-01-21,0.7846217634795881,1.4276203530062266
2026-01-22,0.7848194478236329,1.4279800399358593
2026-01-23,0.7843221695425885,1.4270752414352688
2026-01-26,0.7844646505552606,1.427334485829288
2026-01-27,0.7847481713214428,1.4278503522443446
2026-01-28,0.7847773372773098,1.4279034197402372
2026-01-29,0.7847606436450342,1.427873045653879
2026-01-30,0.7846991532804625,1.4277611638529117
2026-02-02,0.7841374052591369,1.426739062573247
2026-02-03,0.7846507729751725,1.4276731358224244
2026-02-04,0.7850273775675087,1.428358368384252
2026-02-05,0.7850273775675087,1.4286480160372643
