date,strategy,buy_and_hold
2004-06-15,1.0,1.0000579062333643
2004-06-16,1.000967856842784,1.0010258191210926
2004-06-17,1.000967856842784,1.001826951161879
2004-06-18,1.000967856842784,1.0025722169661166
2004-06-21,1.000967856842784,1.004009127267857
2004-06-22,1.000967856842784,1.0041230014973839
2004-06-23,1.000967856842784,1.0047894369836166
2004-06-24,1.000967856842784,1.0050820735195327
2004-06-25,1.000967856842784,1.00496013580188
2004-06-28,1.000967856842784,1.0042745963511301
2004-06-29,1.000967856842784,1.003958881531189
2004-06-30,1.000967856842784,1.0045486909724408
2004-07-01,1.000967856842784,1.0052584057214402
2004-07-02,1.000967856842784,1.0052913433876614
2004-07-05,1.000967856842784,1.005925057717464
2004-07-06,1.000967856842784,1.0055818105455807
2004-07-07,1.00059395605153,1.0052061862614807
2004-07-08,1.0011935450315474,1.005808539042329
2004-07-09,1.0023401520649244,1.0069604313520826
2004-07-12,1.0023401520649244,1.0062169369874996
2004-07-14,1.0022936888295133,1.006526651802059
2004-07-15,1.0022936888295133,1.0074857986565815
2004-07-16,1.0022936888295133,1.008126511668693
2004-07-19,1.0022936888295133,1.0081637169406599
2004-07-20,1.0022936888295133,1.008534247328191
2004-07-21,1.0022936888295133,1.0086793979290163
2004-07-22,1.0022936888295133,1.0085715331555556
2004-07-23,1.0022936888295133,1.0094715642035712
2004-07-26,1.0022936888295133,1.0099182415476928
2004-07-27,1.0022936888295133,1.0097499127604699
2004-07-28,1.0022936888295133,1.0096412584375087
2004-07-29,1.0022936888295133,1.009395949994364
2004-07-30,1.0022936888295133,1.0103295600654663
2004-08-02,1.0022936888295133,1.0111357721126688
2004-08-03,1.0022936888295133,1.01071615736398
2004-08-04,1.0022936888295133,1.0108347556915458
2004-08-05,1.0022936888295133,1.011092183014852
2004-08-06,1.0022936888295133,1.0106363509092025
2004-08-09,1.0022936888295133,1.010604063095126
2004-08-10,1.0022936888295133,1.0102224699971625
2004-08-12,1.0022936888295133,1.0098550131830164
2004-08-13,1.0022936888295133,1.0092895428544335
2004-08-16,1.0022936888295133,1.0097086754571751
2004-08-17,1.0022936888295133,1.0097331355096029
2004-08-18,1.0022936888295133,1.0101355971840131
2004-08-19,1.0022936888295133,1.0100436351926152
2004-08-20,1.0022936888295133,1.0111307922129642
2004-08-23,1.0022936888295133,1.0107846150639541
2004-08-24,1.0022936888295133,1.0110092680744251
2004-08-25,1.0022936888295133,1.0120070051983303
2004-08-26,1.0022936888295133,1.012710338922182
2004-08-27,1.0022936888295133,1.0142354358070984
2004-08-30,1.0022936888295133,1.014546525983023
2004-08-31,1.0022936888295133,1.0142374170987363
2004-09-01,1.0022936888295133,1.0136533638889231
2004-09-02,1.0022936888295133,1.0135945087532872
2004-09-03,1.0022936888295133,1.0131469509738564
2004-09-06,1.0022936888295133,1.013988740944594
2004-09-07,1.0022936888295133,1.0151025338624768
2004-09-08,1.0022936888295133,1.015640905355436
2004-09-10,1.0022936888295133,1.0157072310759732
2004-09-13,1.0022936888295133,1.0164731018670978
2004-09-14,1.0022936888295133,1.0166964491999917
2004-09-15,1.0022936888295133,1.017123978675784
2004-09-16,1.0022936888295133,1.0166157315716566
2004-09-17,1.0022936888295133,1.0170741287228278
2004-09-20,1.0022936888295133,1.018040991658754
2004-09-21,1.0022936888295133,1.0182092905327895
2004-09-22,1.0022936888295133,1.0191331392938967
2004-09-23,1.0022936888295133,1.0191962909227636
2004-09-24,1.0022936888295133,1.018559691693669
2004-09-27,1.0022936888295133,1.0192307042480384
2004-09-28,1.0022936888295133,1.019283473807609
2004-09-29,1.0022936888295133,1.0197779070767596
2004-09-30,1.0022936888295133,1.0198735927351454
2004-10-01,1.0022936888295133,1.0197588483943925
2004-10-04,1.0022936888295133,1.0204782139709512
2004-10-05,1.0022936888295133,1.02052916737355
2004-10-06,1.0022936888295133,1.0212935974643276
2004-10-07,1.0022936888295133,1.0203673722798987
2004-10-11,1.0022936888295133,1.0202728068975058
2004-10-12,1.0022936888295133,1.0203661456902418
2004-10-13,1.0022936888295133,1.020630113247052
2004-10-14,1.0022936888295133,1.021160678105598
2004-10-15,1.0022936888295133,1.0210123191989595
2004-10-18,1.0022936888295133,1.0207916820182747
2004-10-19,1.0022936888295133,1.0215752793744166
2004-10-20,1.0022936888295133,1.0218180639665688
2004-10-21,1.0022936888295133,1.022021755561112
2004-10-22,1.0022936888295133,1.023254042530658
2004-10-25,1.0022936888295133,1.0237707093199933
2004-10-26,1.0022936888295133,1.023257803336354
2004-10-27,1.0022936888295133,1.0226141975071144
2004-10-28,1.0022936888295133,1.0231096332737522
2004-10-29,1.0022936888295133,1.0229218256792278
2004-11-01,1.0022936888295133,1.022834014156665
2004-11-02,1.0022936888295133,1.0220815051667138
2004-11-03,1.0022936888295133,1.022096945682612
2004-11-04,1.0022936888295133,1.0227378104307285
2004-11-05,1.0022936888295133,1.023664926944041
2004-11-09,1.0022936888295133,1.0244311383290716
2004-11-10,1.0022936888295133,1.0247796196920962
2004-11-11,1.0022936888295133,1.0254598043393763
2004-11-12,1.0022936888295133,1.0261058697810528
2004-11-15,1.0022936888295133,1.0266697646861944
2004-11-16,1.0022936888295133,1.0261865703268347
2004-11-17,1.0022936888295133,1.026118796059934
2004-11-18,1.0022936888295133,1.026642381277168
2004-11-19,1.0022936888295133,1.0263529502471127
2004-11-22,1.0022936888295133,1.0266201403855013
2004-11-23,1.0022936888295133,1.0269836797324248
2004-11-24,1.0022936888295133,1.0269286044101278
2004-11-25,1.0022936888295133,1.027188320142554
2004-11-26,1.0022936888295133,1.0280202144736152
2004-11-29,1.0022936888295133,1.0283839185162462
2004-11-30,1.0022936888295133,1.0286248944003544
2004-12-01,1.0022936888295133,1.029499542154884
2004-12-02,1.0022936888295133,1.029108895113536
2004-12-03,1.0013188490673508,1.0281079746430866
2004-12-06,1.002068096301077,1.0288772671183963
2004-12-08,1.0026301542334097,1.0294480179509664
2004-12-09,1.0027817625486841,1.0296036814117202
2004-12-10,1.0029214006627738,1.02974705449817
2004-12-13,1.0033671382313605,1.0302047144384483
2004-12-14,1.0035675068991077,1.0304104424698672
2004-12-15,1.0038796365072522,1.0307309207689603
2004-12-16,1.0037639465120964,1.0306121363540823
2004-12-17,1.0039338009780128,1.030786534004641
2004-12-20,1.0039338009780128,1.030841907577787
2004-12-21,1.0039338009780128,1.0309428385947859
2004-12-22,1.0039338009780128,1.0313446670957724
2004-12-23,1.003329894119022,1.0307242714901699
2004-12-24,1.003296335768691,1.0306897968807716
2004-12-27,1.0038118333243153,1.0312193693031524
2004-12-28,1.003829339111707,1.0312373530591052
2004-12-29,1.0034058870970801,1.0308023393394445
2004-12-30,1.0042093640281593,1.0316277539705645
2004-12-31,1.0038909686429,1.031300665289722
2005-01-03,1.004868836643718,1.0323052324701325
2005-01-04,1.0045655394541757,1.031993654217986
2005-01-06,1.0053307645740184,1.033468519784474
2005-01-07,1.0061144205832273,1.034274109192852
2005-01-10,1.0060802348005045,1.0342389665994756
2005-01-11,1.0059437039228882,1.0340986144199074
2005-01-12,1.00632824977407,1.0344939231537233
2005-01-13,1.00611904105806,1.0342788589880978
2005-01-14,1.0071658104189314,1.0353549259106034
2005-01-17,1.0069673635136873,1.0351509247632742
2005-01-18,1.0071472695343282,1.0353358660934353
2005-01-19,1.0071472695343282,1.0354334613686356
2005-01-20,1.0071472695343282,1.0354145399181434
2005-01-21,1.0071472695343282,1.0357319697279312
2005-01-24,1.0071472695343282,1.036202614546128
2005-01-25,1.0071472695343282,1.0360402734212861
2005-01-26,1.0071472695343282,1.0362523143108933
2005-01-27,1.0071408756905056,1.0362457356945787
2005-01-28,1.0071408756905056,1.0369247077727877
2005-01-31,1.0071408756905056,1.0365949423098213
2005-02-01,1.0071408756905056,1.0360279570983082
2005-02-02,1.0071408756905056,1.0372434835117317
2005-02-04,1.0071408756905056,1.0371571348650324
2005-02-07,1.0071408756905056,1.0374210734240823
2005-02-08,1.0071408756905056,1.0372582543506141
2005-02-09,1.0071408756905056,1.0375775730881143
2005-02-10,1.0071408756905056,1.0375900283218746
2005-02-11,1.0071408756905056,1.0377317186643429
2005-02-14,1.0071408756905056,1.0375178110944772
2005-02-15,1.0071408756905056,1.037404688608129
2005-02-16,1.0071408756905056,1.0374882970720822
2005-02-17,1.0071408756905056,1.037556962521189
2005-02-18,1.0071408756905056,1.0378463537359315
2005-02-21,1.0071408756905056,1.0379285551276296
2005-02-22,1.0071408756905056,1.0382378692836762
2005-02-23,1.0071408756905056,1.038621440699207
2005-02-24,1.0071408756905056,1.0385591950953919
2005-02-25,1.0071408756905056,1.0374538882814939
2005-02-28,1.0071408756905056,1.0370578976910474
2005-03-01,1.0071408756905056,1.0376757271660664
2005-03-02,1.0071408756905056,1.0374927066088973
2005-03-03,1.0071408756905056,1.0376922992107809
2005-03-07,1.0071408756905056,1.0395998380714206
2005-03-08,1.0071408756905056,1.0408540264030097
2005-03-09,1.0071408756905056,1.0411391021869754
2005-03-10,1.0071408756905056,1.0412205972283908
2005-03-11,1.0071408756905056,1.0405235228318077
2005-03-14,1.0071408756905056,1.0402831547790725
2005-03-15,1.0071408756905056,1.0407424393252458
2005-03-16,1.0071408756905056,1.0405099907468136
2005-03-17,1.0071408756905056,1.0418537393515395
2005-03-18,1.0070689607829122,1.0417793457714557
2005-03-21,1.0069406768193279,1.0416466402777307
2005-03-22,1.0076446437793112,1.0423748706845601
2005-03-23,1.0076446437793112,1.0419931532080935
2005-03-24,1.0076446437793112,1.0421795106009748
2005-03-25,1.0078965038601444,1.0424400026478517
2005-03-28,1.008197583227907,1.0427514008675358
2005-03-29,1.0073032338985541,1.0418263996261503
2005-03-30,1.0075452854642235,1.042076746991967
2005-03-31,1.0080075462978613,1.042554850827823
2005-04-01,1.0087875416525547,1.0433615788564428
2005-04-05,1.0087875416525547,1.0440193830611313
2005-04-06,1.0087875416525547,1.044673366551765
2005-04-07,1.0087875416525547,1.0451406389863132
2005-04-08,1.0087875416525547,1.0457699093780304
2005-04-11,1.0087875416525547,1.0459790334676706
2005-04-12,1.0087875416525547,1.0463889105415272
2005-04-13,1.0087875416525547,1.046252983820638
2005-04-14,1.0087875416525547,1.0466676083954833
2005-04-15,1.0087875416525547,1.0471041765700968
2005-04-18,1.0087875416525547,1.0477784150504557
2005-04-19,1.0087875416525547,1.0481171252295747
2005-04-20,1.0087875416525547,1.0480265763457652
2005-04-21,1.0087875416525547,1.047987006989539
2005-04-22,1.0087875416525547,1.0487497219348016
2005-04-25,1.0087875416525547,1.0483913363745465
2005-04-26,1.0087875416525547,1.048070034366518
2005-04-27,1.0087875416525547,1.0485014707973888
2005-04-28,1.0087875416525547,1.0477949462986935
2005-04-29,1.0087875416525547,1.04878778390768
2005-05-02,1.0087875416525547,1.0494700127191845
2005-05-04,1.0087875416525547,1.0497014904300015
2005-05-05,1.0087875416525547,1.0497747417842744
2005-05-06,1.0087875416525547,1.0500103404698715
2005-05-09,1.0087875416525547,1.0497678737333014
2005-05-10,1.0087875416525547,1.0504276852400063
2005-05-11,1.0087875416525547,1.0499073762134075
2005-05-12,1.0087875416525547,1.050279212313493
2005-05-13,1.0087875416525547,1.0505586131889715
2005-05-16,1.0087875416525547,1.0506448509874802
2005-05-17,1.0087875416525547,1.050963755082968
2005-05-18,1.0087875416525547,1.0515147772208615
2005-05-19,1.0087875416525547,1.0521347278171327
2005-05-20,1.0087875416525547,1.0523282939070122
2005-05-23,1.0087875416525547,1.0518795107529342
2005-05-24,1.0087875416525547,1.051668434055868
2005-05-25,1.0087875416525547,1.0513283069279762
2005-05-26,1.0087875416525547,1.052355212263517
2005-05-27,1.0087875416525547,1.0532654455106518
2005-05-30,1.0087875416525547,1.0534118704374884
2005-05-31,1.0087875416525547,1.0531010694001657
2005-06-02,1.0087875416525547,1.0541489365795822
2005-06-03,1.0087875416525547,1.0536942084613903
2005-06-06,1.0087875416525547,1.0541758969581116
2005-06-07,1.0087875416525547,1.0551917428190933
2005-06-08,1.0087875416525547,1.056207498874433
2005-06-09,1.0087875416525547,1.0571255308388101
2005-06-10,1.0087875416525547,1.057056697442801
2005-06-13,1.0087875416525547,1.0570853106935112
2005-06-14,1.0087875416525547,1.0580218395758907
2005-06-15,1.0087875416525547,1.0585663388188578
2005-06-16,1.0087875416525547,1.0588405493954967
2005-06-17,1.0087875416525547,1.0582161919536897
2005-06-20,1.0087875416525547,1.0582787120976642
2005-06-21,1.0087875416525547,1.058990078656298
2005-06-22,1.0087875416525547,1.0587360724781856
2005-06-23,1.0087875416525547,1.0588737621070912
2005-06-24,1.0087875416525547,1.060417263568216
2005-06-27,1.0087875416525547,1.0608480783510565
2005-06-28,1.0087875416525547,1.0612703341749978
2005-06-29,1.008421987088515,1.0608857614098524
2005-07-01,1.008076374720878,1.0597491308287215
2005-07-04,1.0083531472456404,1.0600400903729676
2005-07-05,1.0092148237600735,1.060945935366586
2005-07-06,1.0081433681139642,1.0598195582208065
2005-07-07,1.0086697920806729,1.0603729660331078
2005-07-08,1.008946533736413,1.0606638931260235
2005-07-11,1.0089705923849932,1.0606891849913633
2005-07-12,1.0089705923849932,1.0608336545856087
2005-07-13,1.0089705923849932,1.0612585922453264
2005-07-14,1.0089705923849932,1.0619707476444786
2005-07-15,1.0089705923849932,1.0625934442648082
2005-07-18,1.0089705923849932,1.0627304294700288
2005-07-19,1.0089705923849932,1.0630546238467573
2005-07-20,1.0089705923849932,1.0639101197263343
2005-07-21,1.0089705923849932,1.064004501227444
2005-07-22,1.0089705923849932,1.0640266547319754
2005-07-25,1.0089705923849932,1.0633639404533852
2005-07-26,1.0089705923849932,1.0643608944556162
2005-07-27,1.0089705923849932,1.0636147195975427
2005-07-28,1.0089705923849932,1.0630931719855996
2005-08-01,1.0089705923849932,1.0642056333107306
2005-08-02,1.0089705923849932,1.064650556993415
2005-08-03,1.0089705923849932,1.065578654509504
2005-08-04,1.0089705923849932,1.0657334900675433
2005-08-05,1.0089705923849932,1.066669983991103
2005-08-08,1.0089705923849932,1.0658937527225152
2005-08-09,1.0089705923849932,1.0655685735950224
2005-08-10,1.0089705923849932,1.0649739083894465
2005-08-11,1.0089705923849932,1.064796070309899
2005-08-12,1.0089705923849932,1.0659833677826707
2005-08-15,1.0089705923849932,1.0661795301600738
2005-08-16,1.0089705923849932,1.0661813437535392
2005-08-17,1.0089705923849932,1.0668117369994012
2005-08-18,1.0089705923849932,1.0662400575340962
2005-08-19,1.0089705923849932,1.0661979037062534
2005-08-22,1.0094137070562792,1.066666151182634
2005-08-23,1.008907239629791,1.0661309576770028
2005-08-24,1.008907239629791,1.0658581643380076
2005-08-25,1.008907239629791,1.066409830753694
2005-08-26,1.008907239629791,1.0662294924351414
2005-08-30,1.008907239629791,1.0666452228631604
2005-08-31,1.008907239629791,1.0663480473679448
2005-09-01,1.008907239629791,1.0664542088886932
2005-09-02,1.008907239629791,1.0665074578008196
2005-09-05,1.008907239629791,1.0674528636018528
2005-09-06,1.008907239629791,1.0671239613875305
2005-09-07,1.0093777847929788,1.0676216583004172
2005-09-08,1.0093777847929788,1.0684168850170332
2005-09-09,1.0091855376694625,1.0682133932462063
2005-09-12,1.0091855376694625,1.0685035997678571
2005-09-13,1.0091855376694625,1.0693638992095864
2005-09-14,1.010256587242828,1.0704988161354332
2005-09-15,1.0099379727615596,1.0701612024744005
2005-09-16,1.0104619398790995,1.0707164140771788
2005-09-19,1.0099991672418775,1.070226046019656
2005-09-20,1.0107517185884975,1.0710234724713226
2005-09-21,1.0101264781272024,1.0703609485322871
2005-09-22,1.0100602002526513,1.0702907184668375
2005-09-23,1.010176740609543,1.0704142081977237
2005-09-26,1.0109159532222474,1.0711975005184717
2005-09-28,1.0109159532222474,1.0712776443805574
2005-09-29,1.0109159532222474,1.0711702029792989
2005-09-30,1.0109159532222474,1.071070645677072
2005-10-03,1.0109159532222474,1.0714111141842395
2005-10-04,1.0109159532222474,1.071714438338941
2005-10-05,1.0109159532222474,1.0716798890624697
2005-10-06,1.0109159532222474,1.0716441842019433
2005-10-07,1.0109159532222474,1.072659643977237
2005-10-10,1.0109159532222474,1.0734688389034541
2005-10-11,1.0109159532222474,1.0730563327047187
2005-10-12,1.0109159532222474,1.0730648766241935
2005-10-13,1.0109159532222474,1.0729976698151715
2005-10-14,1.0109159532222474,1.0729821704042402
2005-10-17,1.0109159532222474,1.0726827358372313
2005-10-18,1.0109159532222474,1.073084323399577
2005-10-19,1.0109159532222474,1.0734103701014102
2005-10-20,1.0109159532222474,1.0738867794160138
2005-10-21,1.0109159532222474,1.074552793049484
2005-10-24,1.0105048043930627,1.0741157625314164
2005-10-25,1.011205386493509,1.0748604460537168
2005-10-27,1.0111634571013628,1.0745538251333375
2005-10-28,1.0108755108114658,1.074247827339342
2005-10-31,1.0104501886366786,1.0737958414941042
2005-11-01,1.0100667259441425,1.073388339324038
2005-11-02,1.0099785462132034,1.073294631559468
2005-11-03,1.011192995980714,1.0745852158205447
2005-11-04,1.0119032320930355,1.0753399770076533
2005-11-07,1.0121576963409988,1.0756103937529264
2005-11-08,1.0120234400391297,1.0754677208530026
2005-11-09,1.0121349984606385,1.075586272930529
2005-11-10,1.0121349984606385,1.0765160765516035
2005-11-11,1.0121349984606385,1.0766393078141767
2005-11-14,1.0121349984606385,1.0773493798346157
2005-11-15,1.0121349984606385,1.0775894465142104
2005-11-16,1.0121349984606385,1.0783402896563505
2005-11-17,1.0121349984606385,1.0788054429003366
2005-11-18,1.0121349984606385,1.079536210038345
2005-11-21,1.0121349984606385,1.079983941968671
2005-11-22,1.0121349984606385,1.0800605267633017
2005-11-23,1.0121349984606385,1.0807027968205059
2005-11-25,1.0121349984606385,1.0797616925176126
2005-11-28,1.0121349984606385,1.079393925876701
2005-11-29,1.0121349984606385,1.0800717025270348
2005-11-30,1.0121349984606385,1.0801361205759765
2005-12-01,1.0121349984606385,1.0808885637454675
2005-12-02,1.0121349984606385,1.0809801773455343
2005-12-05,1.0121349984606385,1.0796656863684595
2005-12-06,1.0121349984606385,1.0799402512205591
2005-12-07,1.0121349984606385,1.079379364483862
2005-12-08,1.0121349984606385,1.0803048422547241
2005-12-09,1.0121349984606385,1.0806997169190888
2005-12-12,1.0121349984606385,1.0800473159850383
2005-12-13,1.0121349984606385,1.0808417992476567
2005-12-14,1.0121349984606385,1.0806302629745217
2005-12-15,1.0121349984606385,1.0808516276220965
2005-12-16,1.0121349984606385,1.0819346384324444
2005-12-19,1.0121349984606385,1.0818004073949625
2005-12-20,1.0121349984606385,1.0819267748718064
2005-12-21,1.0121349984606385,1.0817173907020363
2005-12-22,1.0121349984606385,1.083251221120612
2005-12-26,1.0121349984606385,1.0843534390707856
2005-12-27,1.0121349984606385,1.084385754140572
2005-12-28,1.0121349984606385,1.0842233114051865
2005-12-29,1.0121349984606385,1.0843509908179212
2005-12-30,1.0121349984606385,1.085281260687254
2006-01-02,1.0121349984606385,1.0853022777998476
2006-01-03,1.011947668433165,1.085101405677229
2006-01-04,1.011947668433165,1.0853397500958637
2006-01-05,1.011947668433165,1.084739576532086
2006-01-06,1.011947668433165,1.084790404553598
2006-01-09,1.011947668433165,1.0849577117465095
2006-01-10,1.011947668433165,1.0853352035243868
2006-01-11,1.011947668433165,1.0865674911071754
2006-01-12,1.011947668433165,1.0864641724208548
2006-01-13,1.011947668433165,1.0864574801223907
2006-01-16,1.011947668433165,1.0865300720949511
2006-01-17,1.011947668433165,1.087272901294045
2006-01-18,1.011947668433165,1.0879227601699106
2006-01-19,1.011947668433165,1.0877443288469273
2006-01-20,1.011947668433165,1.0879925391806935
2006-01-24,1.011947668433165,1.088161035461343
2006-01-25,1.0120853630561468,1.088309100354613
2006-01-26,1.0120853630561468,1.0883036414903626
2006-01-27,1.0120853630561468,1.088937938731596
2006-01-30,1.0120853630561468,1.0891366130983364
2006-01-31,1.0120853630561468,1.0893467063028843
2006-02-01,1.0120853630561468,1.0900507860083717
2006-02-02,1.0120853630561468,1.0905351012800066
2006-02-03,1.0120853630561468,1.0907386630665548
2006-02-06,1.0120853630561468,1.0915264985135633
2006-02-07,1.0120853630561468,1.0912698427593892
2006-02-08,1.0120853630561468,1.0919097939340847
2006-02-09,1.0120853630561468,1.0920759077463853
2006-02-10,1.0120853630561468,1.0923436324310207
2006-02-13,1.0120853630561468,1.0918975778646618
2006-02-14,1.0120853630561468,1.0922545683717695
2006-02-15,1.0120853630561468,1.0922321974590548
2006-02-16,1.0120853630561468,1.0929076895949248
2006-02-17,1.0120853630561468,1.0931958758503593
2006-02-20,1.0120853630561468,1.0929399868297938
2006-02-22,1.0120853630561468,1.0928810638606217
2006-02-23,1.0120853630561468,1.093597951194297
2006-02-24,1.0120853630561468,1.0929436018738874
2006-02-27,1.0120853630561468,1.0922528512513343
2006-02-28,1.0120853630561468,1.0924911018527803
2006-03-01,1.0120853630561468,1.093256496041725
2006-03-02,1.0120853630561468,1.0926853912058352
2006-03-03,1.0120853630561468,1.0923939282626929
2006-03-06,1.0120853630561468,1.0930108969440262
2006-03-07,1.0120853630561468,1.0934865606544486
2006-03-08,1.0120853630561468,1.0935459276102362
2006-03-09,1.0120853630561468,1.0942014295345484
2006-03-10,1.0120853630561468,1.0948730812338687
2006-03-13,1.0120853630561468,1.0953491679743015
2006-03-14,1.0120853630561468,1.0958018558899913
2006-03-15,1.0120642770845785,1.0957790257536992
2006-03-16,1.0120355563620633,1.0957479293440648
2006-03-17,1.0112700665374583,1.0949191206278375
2006-03-20,1.0118187688250468,1.0955132098292215
2006-03-21,1.011511464675725,1.0951804864548487
2006-03-23,1.0113660652118037,1.095361331645329
2006-03-24,1.011285366901342,1.0952739312352802
2006-03-27,1.0117703152872752,1.0957991552150703
2006-03-28,1.0115046651004433,1.0955114424348922
2006-03-29,1.0118753768875532,1.0959129423178255
2006-03-30,1.0120112647836446,1.0960601158803336
2006-03-31,1.0122184823264968,1.0962845431094908
2006-04-03,1.0113470878645199,1.095340778204684
2006-04-04,1.0118348257188698,1.0958690233218689
2006-04-05,1.0126533587783597,1.0967555366159951
2006-04-06,1.0132052163334602,1.0973532266584296
2006-04-07,1.0134849436716078,1.0976561857156397
2006-04-10,1.0137532216087246,1.09794674448418
2006-04-11,1.0134709610634425,1.0976410418336897
2006-04-12,1.0130091749340828,1.0971409037659914
2006-04-13,1.013742798047952,1.0979354552331353
2006-04-14,1.0143612252378282,1.0986052436050504
2006-04-17,1.014117959512175,1.0983417743446502
2006-04-18,1.0149556550400662,1.0992490415750888
2006-04-19,1.0146704298168776,1.098940128026338
2006-04-21,1.015534284564322,1.0997524164061274
2006-04-24,1.0151185673810454,1.0993022238485752
2006-04-25,1.014388929005352,1.0985120766531846
2006-04-26,1.0150957163430228,1.099277477776813
2006-04-27,1.0154263659752016,1.0996355481418412
2006-04-28,1.016038890024846,1.1002988687346977
2006-05-01,1.0162089778426913,1.1004830619141106
2006-05-02,1.0159592148366763,1.1002125860930883
2006-05-03,1.01522533998446,1.099417851090704
2006-05-04,1.0157570270879528,1.0999936309395244
2006-05-05,1.0162676204584975,1.1005465677547481
2006-05-08,1.0171300441529074,1.101480512138812
2006-05-09,1.0180599269712225,1.1024875100235316
2006-05-10,1.0183835587565235,1.1028379805525137
2006-05-11,1.0179065748795806,1.1023214404620136
2006-05-12,1.0187918611883002,1.1032801434541468
2006-05-15,1.0187685774709263,1.1032549288209885
2006-05-16,1.019006474890863,1.1035125550443556
2006-05-17,1.0186590616216418,1.1031363308359516
2006-05-18,1.0177143461000007,1.102113270173665
2006-05-22,1.018168806204302,1.1032068699162296
2006-05-23,1.0178824849575794,1.1028966349488427
2006-05-24,1.0178611333140275,1.1028735000033338
2006-05-25,1.0172777795114323,1.1022414241445044
2006-05-26,1.0175042048916019,1.1024867607069726
2006-05-29,1.017881067245128,1.1028950988282047
2006-05-30,1.0182101202341143,1.1032516345183614
2006-05-31,1.0182627778384679,1.1033086901171207
2006-06-01,1.0184122312218555,1.1034706259358975
2006-06-02,1.0185261151005196,1.1035940214637798
2006-06-05,1.0184983865590835,1.103563977018086
2006-06-06,1.0184145339461015,1.1034731209850406
2006-06-07,1.01829436962273,1.1033429204659768
2006-06-08,1.018245065245728,1.10328949815811
2006-06-09,1.0188394383692823,1.1039335136781327
2006-06-12,1.019304535367119,1.1044374558535994
2006-06-13,1.0195180485548787,1.1046688017896749
2006-06-14,1.0201357981056722,1.105338146150031
2006-06-15,1.0201397012212985,1.1053423752561937
2006-06-16,1.0209109333029842,1.1061780210996244
2006-06-20,1.0209995558640343,1.1063182335720483
2006-06-21,1.0215443704934166,1.1069085750221894
2006-06-22,1.0220180386804147,1.1074218247576366
2006-06-23,1.0226573190716508,1.1081145258946032
2006-06-26,1.0225829188810964,1.1080339085359385
2006-06-27,1.0225977311604646,1.1080499585867458
2006-06-28,1.0220395059417946,1.1074450859065301
2006-06-29,1.0226900109602524,1.1081499496440477
2006-06-30,1.0228104905891315,1.1082804970173912
2006-07-03,1.0232799365520189,1.1087891717033265
2006-07-04,1.0230550859092524,1.1085455316698962
2006-07-05,1.0236081655123992,1.109144828747024
2006-07-06,1.0238227001245965,1.1093772907024118
2006-07-07,1.024012476508147,1.1095829255356666
2006-07-10,1.0238754073161658,1.1094344023110687
2006-07-11,1.0245230403633245,1.110136154084241
2006-07-12,1.0251127297621965,1.110775120213432
2006-07-13,1.0251336460446951,1.110797784341515
2006-07-14,1.026078782736228,1.1118219003159593
2006-07-17,1.0264795286721342,1.1122561341345507
2006-07-19,1.0261715899266353,1.1128419127705786
2006-07-20,1.0261715899266353,1.114106935340292
2006-07-21,1.0267317451752516,1.1147150917670305
2006-07-24,1.0267317451752516,1.1147623887510292
2006-07-25,1.0267317451752516,1.1145509194796348
2006-07-26,1.0267317451752516,1.1147302954694505
2006-07-27,1.0267317451752516,1.1151372531049621
2006-07-28,1.0267317451752516,1.113974022249982
2006-07-31,1.0267317451752516,1.114791115156879
2006-08-01,1.0267317451752516,1.115991278778803
2006-08-02,1.0267317451752516,1.1159186155285423
2006-08-03,1.0267317451752516,1.1164308381996992
2006-08-04,1.0267317451752516,1.1172652993935144
2006-08-07,1.0267317451752516,1.1167416300807425
2006-08-08,1.0267317451752516,1.1168038136323999
2006-08-09,1.0267317451752516,1.1170224024681348
2006-08-10,1.0267317451752516,1.1174803686325994
2006-08-11,1.0267317451752516,1.117230823720056
2006-08-14,1.0267317451752516,1.1170899905732494
2006-08-15,1.0267317451752516,1.1174299577190088
2006-08-17,1.0267317451752516,1.1175339489066158
2006-08-18,1.0267317451752516,1.118716760539808
2006-08-21,1.0267317451752516,1.118980490216049
2006-08-22,1.0267317451752516,1.1188797795299876
2006-08-23,1.0267317451752516,1.1189741978380296
2006-08-24,1.0267317451752516,1.1192780479119004
2006-08-25,1.0267317451752516,1.1190655641267153
2006-08-28,1.0267317451752516,1.1196343633756023
2006-08-29,1.0267317451752516,1.1191372748556523
2006-08-30,1.0267317451752516,1.119416388450319
2006-08-31,1.0267317451752516,1.118834866958201
2006-09-01,1.0267317451752516,1.1187664411191272
2006-09-04,1.0267317451752516,1.1185971611430607
2006-09-05,1.0267317451752516,1.1181212304470616
2006-09-06,1.0267317451752516,1.1185035671868875
2006-09-07,1.0267317451752516,1.118554418419372
2006-09-08,1.0267317451752516,1.1185057486114864
2006-09-11,1.0267317451752516,1.1187198695346552
2006-09-12,1.0267317451752516,1.118533780306716
2006-09-13,1.0267317451752516,1.1187669067472543
2006-09-15,1.0267317451752516,1.1188721712243337
2006-09-18,1.0267317451752516,1.1180327395217438
2006-09-19,1.0267317451752516,1.1183986407807653
2006-09-20,1.0267317451752516,1.1193589597281701
2006-09-21,1.0267317451752516,1.1198140231616494
2006-09-22,1.0267317451752516,1.120573835782481
2006-09-25,1.0267317451752516,1.1203597257145304
2006-09-26,1.0267317451752516,1.1210828228507574
2006-09-27,1.0267317451752516,1.1213144811379043
2006-09-28,1.0267317451752516,1.1221693131808597
2006-09-29,1.0267317451752516,1.1225077040512106
2006-10-02,1.0267317451752516,1.1238153832256816
2006-10-03,1.0267317451752516,1.1245603712760006
2006-10-04,1.0267317451752516,1.1244646762172597
2006-10-05,1.0267317451752516,1.1242671522295205
2006-10-06,1.0267317451752516,1.1243759519735526
2006-10-09,1.0267317451752516,1.1248258988099515
2006-10-10,1.0267317451752516,1.1249988232894175
2006-10-11,1.0267317451752516,1.1248518870476276
2006-10-12,1.0267317451752516,1.1253393192887278
2006-10-16,1.0267317451752516,1.1242688961473004
2006-10-17,1.0267317451752516,1.1243853500023968
2006-10-18,1.0267317451752516,1.124649295463548
2006-10-19,1.0267317451752516,1.1245616398456721
2006-10-20,1.0267317451752516,1.1259496494513341
2006-10-23,1.0267317451752516,1.126118445221364
2006-10-24,1.0267317451752516,1.1265035543441042
2006-10-25,1.0267317451752516,1.1271154560242929
2006-10-26,1.0267317451752516,1.127260402649745
2006-10-27,1.0267317451752516,1.12650548120754
2006-10-30,1.0267317451752516,1.1261379185797535
2006-10-31,1.0267317451752516,1.1259814285633676
2006-11-01,1.0267317451752516,1.1255470331310224
2006-11-02,1.0267317451752516,1.1249651619796723
2006-11-03,1.0267317451752516,1.1248921759295325
2006-11-06,1.0267317451752516,1.1256472376056919
2006-11-07,1.0267317451752516,1.1261149903643792
2006-11-08,1.0267317451752516,1.125885916364199
2006-11-09,1.0267317451752516,1.1260545317424038
2006-11-10,1.0267317451752516,1.1259683831890714
2006-11-14,1.0267317451752516,1.1258337444988478
2006-11-15,1.0267317451752516,1.1260247564173365
2006-11-16,1.0267317451752516,1.1257764274542206
2006-11-17,1.0267317451752516,1.1260587803998912
2006-11-20,1.0267317451752516,1.1250865333366615
2006-11-21,1.0267317451752516,1.1260075352788623
2006-11-22,1.0267317451752516,1.1257431831725593
2006-11-23,1.0267317451752516,1.1262396109151995
2006-11-24,1.0267317451752516,1.1269088853980331
2006-11-27,1.0267317451752516,1.1275837673867242
2006-11-28,1.0267317451752516,1.1278861576229051
2006-11-29,1.0267317451752516,1.1276915657314237
2006-11-30,1.0267317451752516,1.1277484955485475
2006-12-01,1.0267317451752516,1.1280272258607829
2006-12-04,1.0267317451752516,1.1283098924019923
2006-12-05,1.0267317451752516,1.127561075621722
2006-12-06,1.0267317451752516,1.1269337530840917
2006-12-07,1.0267317451752516,1.127611705303738
2006-12-08,1.0267317451752516,1.127904807867473
2006-12-11,1.0267317451752516,1.1283191346340262
2006-12-13,1.0267317451752516,1.1295087874789094
2006-12-14,1.0267317451752516,1.1299031094169092
2006-12-15,1.0267317451752516,1.130737638031488
2006-12-18,1.0267317451752516,1.1308673616079004
2006-12-19,1.0267317451752516,1.1304612398472875
2006-12-20,1.0267317451752516,1.13077346117291
2006-12-21,1.0267317451752516,1.13014326960207
2006-12-22,1.0267317451752516,1.1309387085403342
2006-12-25,1.0267317451752516,1.131807571106931
2006-12-26,1.0267317451752516,1.1317720483151756
2006-12-27,1.0267317451752516,1.1314798710809326
2006-12-28,1.0267317451752516,1.1307522478262737
2006-12-29,1.0267317451752516,1.1313848378229872
2007-01-01,1.0267317451752516,1.1309565144891347
2007-01-02,1.0267317451752516,1.1310131403910124
2007-01-03,1.0267317451752516,1.131151012040337
2007-01-04,1.0267317451752516,1.1309248613942375
2007-01-05,1.0267317451752516,1.1311565050281809
2007-01-08,1.0267317451752516,1.1322531983636714
2007-01-09,1.0267317451752516,1.1316932546271181
2007-01-11,1.0267317451752516,1.1317440246156394
2007-01-12,1.0267317451752516,1.1314961936051735
2007-01-15,1.0267317451752516,1.1313701559142935
2007-01-16,1.0267317451752516,1.13135325047484
2007-01-17,1.0267317451752516,1.1325048786139813
2007-01-18,1.0267317451752516,1.133567210966851
2007-01-19,1.0267317451752516,1.134274538786387
2007-01-22,1.0267317451752516,1.1336878976086642
2007-01-23,1.0267317451752516,1.1341298784278104
2007-01-24,1.0267317451752516,1.1344690159568993
2007-01-25,1.0267317451752516,1.134762158907454
2007-01-26,1.0267317451752516,1.136556182264584
2007-01-29,1.0267317451752516,1.1359466598097876
2007-01-30,1.0267317451752516,1.1373927776540542
2007-01-31,1.0267317451752516,1.1380785554347816
2007-02-01,1.0267317451752516,1.1385100501776138
2007-02-02,1.0267317451752516,1.1392950424865105
2007-02-05,1.0267317451752516,1.1383247287846723
2007-02-06,1.0267317451752516,1.1385678257841776
2007-02-07,1.0267317451752516,1.1384051896291718
2007-02-09,1.0267317451752516,1.1387195213548138
2007-02-12,1.0267317451752516,1.1385363382127183
2007-02-13,1.0267317451752516,1.1392726323197655
2007-02-14,1.0267317451752516,1.1390701167885682
2007-02-15,1.0267317451752516,1.139175403505668
2007-02-16,1.0267317451752516,1.1398733268251984
2007-02-19,1.0267317451752516,1.1404106341165163
2007-02-20,1.0267317451752516,1.1400576592153882
2007-02-21,1.0267317451752516,1.1397012555987047
2007-02-22,1.0267317451752516,1.140266106255369
2007-02-23,1.0267317451752516,1.140974247092138
2007-02-26,1.0267317451752516,1.1412061539777274
2007-02-27,1.0267317451752516,1.1405362726283377
2007-02-28,1.0267317451752516,1.140517215066412
2007-03-01,1.0267317451752516,1.1402752880141271
2007-03-02,1.0267317451752516,1.1400657693819232
2007-03-05,1.0267317451752516,1.1402251890559194
2007-03-06,1.0267317451752516,1.1404690461774385
2007-03-07,1.0267317451752516,1.14079126438419
2007-03-08,1.0267317451752516,1.14105909805935
2007-03-12,1.0267317451752516,1.1415629400473923
2007-03-13,1.0267317451752516,1.1420691592090833
2007-03-14,1.0267317451752516,1.1419810081587622
2007-03-15,1.0267317451752516,1.1422099878460248
2007-03-16,1.0267317451752516,1.1427777383007107
2007-03-19,1.0267317451752516,1.1440195183461295
2007-03-20,1.0267317451752516,1.14362505461496
2007-03-21,1.0267317451752516,1.143729535035564
2007-03-22,1.0267317451752516,1.14307457104188
2007-03-23,1.0267317451752516,1.1446664832182236
2007-03-26,1.0267317451752516,1.1436699071232148
2007-03-27,1.0267317451752516,1.1438076929136949
2007-03-28,1.0267317451752516,1.143594900568583
2007-03-29,1.0267317451752516,1.1446366911805232
2007-03-30,1.0267317451752516,1.1449568124530078
2007-04-02,1.0267317451752516,1.145614091803458
2007-04-03,1.0267317451752516,1.1460543286796483
2007-04-04,1.0267317451752516,1.1451373062973553
2007-04-05,1.0271653227700153,1.1456208852665182
2007-04-06,1.0269128366479683,1.1453392817424848
2007-04-10,1.0270210706772536,1.145205369442268
2007-04-11,1.027105507533687,1.1452995228575455
2007-04-12,1.027133183865417,1.1453303840390816
2007-04-13,1.0265695468821343,1.1447018866127865
2007-04-16,1.0265695468821343,1.1451372693964934
2007-04-17,1.0265695468821343,1.1457090763559037
2007-04-18,1.0265695468821343,1.1459593033700517
2007-04-19,1.0265695468821343,1.1459620031977913
2007-04-20,1.0265695468821343,1.1457692261294754
2007-04-23,1.0265695468821343,1.1463060147835564
2007-04-24,1.0265695468821343,1.1467722632145174
2007-04-25,1.0265695468821343,1.146024328396134
2007-04-26,1.0276430847695341,1.1472227864452273
2007-04-27,1.028361656917092,1.1480249738521207
2007-04-30,1.02917122510245,1.1489287458749065
2007-05-01,1.0295280808423104,1.1493271264433247
2007-05-02,1.0295652055868412,1.1493685711370105
2007-05-03,1.0298209258591047,1.1496540478045856
2007-05-04,1.03016087532836,1.1500335548368905
2007-05-07,1.03016087532836,1.149745426510619
2007-05-09,1.0308376261340058,1.1506887799534382
2007-05-10,1.0308071789539541,1.1506547928078603
2007-05-11,1.0308071789539541,1.150588628077811
2007-05-14,1.0308071789539541,1.1518494627529516
2007-05-15,1.0306693149529345,1.15169541010494
2007-05-16,1.0306866106752293,1.151714736773244
2007-05-17,1.031185496390178,1.152272204022669
2007-05-18,1.0306505137674193,1.1516744011947606
2007-05-21,1.03085433657089,1.1519021578416562
2007-05-22,1.03085433657089,1.1520740812066697
2007-05-23,1.0314726057834471,1.1527650536454765
2007-05-24,1.0317312196043207,1.1530540782627288
2007-05-25,1.032532997630874,1.1539501385988047
2007-05-28,1.033463535037043,1.1549900993276956
2007-05-29,1.033059947931932,1.1545390537950608
2007-05-30,1.0337734904064002,1.155336502824969
2007-05-31,1.034418408057736,1.1560572573333976
2007-06-01,1.0354866289149847,1.1572510919218364
2007-06-04,1.0360529923285915,1.157884054879077
2007-06-05,1.0365762893062382,1.158468887152011
2007-06-07,1.0365762893062382,1.1574448161973416
2007-06-08,1.0365762893062382,1.1578782159857055
2007-06-11,1.0365762893062382,1.1570645032105256
2007-06-12,1.0365762893062382,1.1573783977578262
2007-06-13,1.0365762893062382,1.1573833989028277
2007-06-14,1.0365762893062382,1.1590818858174605
2007-06-15,1.0365762893062382,1.158201891841288
2007-06-18,1.0365762893062382,1.15903950375841
2007-06-19,1.0365762893062382,1.1601177750674103
2007-06-20,1.0365762893062382,1.1594399434412224
2007-06-21,1.0365762893062382,1.1582195252807153
2007-06-22,1.0365762893062382,1.1579274014977845
2007-06-25,1.0365762893062382,1.1577661604471525
2007-06-26,1.0365762893062382,1.1578715197523604
2007-06-27,1.0365762893062382,1.1576744260076641
2007-06-28,1.0365762893062382,1.1575974095873134
2007-06-29,1.0365762893062382,1.1581270640692864
2007-07-02,1.0365762893062382,1.1582175149002636
2007-07-03,1.0365762893062382,1.1586365321564396
2007-07-04,1.0365762893062382,1.1594925725605287
2007-07-06,1.0365762893062382,1.1610027022472416
2007-07-09,1.0365762893062382,1.1613380384430214
2007-07-10,1.0365762893062382,1.1617842377301026
2007-07-11,1.0365762893062382,1.162365065271233
2007-07-12,1.0365762893062382,1.1627458563832263
2007-07-13,1.0365762893062382,1.1623261200571822
2007-07-16,1.0365762893062382,1.162070113446237
2007-07-17,1.0365762893062382,1.1631935741465247
2007-07-18,1.0365762893062382,1.1636569572635513
2007-07-19,1.0365762893062382,1.1633742276864183
2007-07-20,1.0365762893062382,1.1639275161148546
2007-07-23,1.0365762893062382,1.1640309062653311
2007-07-24,1.0365762893062382,1.1638540530896382
2007-07-25,1.0365762893062382,1.1643528402322696
2007-07-26,1.0365762893062382,1.1644500767897645
2007-07-27,1.0365762893062382,1.1653380554098347
2007-07-30,1.0365762893062382,1.165644138395065
2007-07-31,1.0365762893062382,1.164876126325607
2007-08-01,1.0365762893062382,1.1655483565924938
2007-08-02,1.0365762893062382,1.1650968025548982
2007-08-06,1.0365762893062382,1.164882377595351
2007-08-07,1.0365762893062382,1.164768831637427
2007-08-08,1.0365762893062382,1.1644235311793791
2007-08-09,1.0365762893062382,1.1643890780977029
2007-08-10,1.0365762893062382,1.164864011348615
2007-08-13,1.0365762893062382,1.1648523850563204
2007-08-14,1.0365762893062382,1.1646737416866562
2007-08-15,1.0365762893062382,1.1646063922332675
2007-08-16,1.0365762893062382,1.1646933841941611
2007-08-17,1.0365762893062382,1.1653873110846222
2007-08-20,1.0365762893062382,1.1656819079897027
2007-08-21,1.0365762893062382,1.1663695940545347
2007-08-22,1.0365762893062382,1.166107743194719
2007-08-23,1.0365762893062382,1.166976787695775
2007-08-24,1.0365762893062382,1.1675316674651206
2007-08-27,1.0365762893062382,1.1678472095629329
2007-08-28,1.0365762893062382,1.167726128318936
2007-08-29,1.0365762893062382,1.1682909178503407
2007-08-30,1.0365762893062382,1.1676592200742988
2007-08-31,1.0365762893062382,1.1684420931775785
2007-09-04,1.0365762893062382,1.1688987017088066
2007-09-05,1.0365762893062382,1.168178706466672
2007-09-06,1.0365762893062382,1.1688473079842576
2007-09-07,1.0365762893062382,1.1691967076993266
2007-09-10,1.0365762893062382,1.1689048533477218
2007-09-11,1.0365762893062382,1.1690826215996089
2007-09-12,1.0365762893062382,1.1690217673034218
2007-09-13,1.0365762893062382,1.169591407557194
2007-09-14,1.0365762893062382,1.169821313645693
2007-09-17,1.0365762893062382,1.170430600356484
2007-09-18,1.0365762893062382,1.170007453334697
2007-09-19,1.0365762893062382,1.1692286835889714
2007-09-20,1.0365762893062382,1.1702353177833926
2007-09-21,1.0365762893062382,1.1712406222143015
2007-09-24,1.0365762893062382,1.1716348827258205
2007-09-25,1.0365762893062382,1.170755035495186
2007-09-26,1.0365762893062382,1.1711578837738943
2007-09-27,1.0365762893062382,1.1705307122628077
2007-09-28,1.0365762893062382,1.1703448320180294
2007-10-01,1.0365762893062382,1.1705896923381718
2007-10-03,1.0365762893062382,1.1704238220959093
2007-10-04,1.0365762893062382,1.171561347888001
2007-10-05,1.0365762893062382,1.1721879864530902
2007-10-08,1.0365762893062382,1.1726814507917962
2007-10-09,1.0365762893062382,1.1737607431004204
2007-10-10,1.0365762893062382,1.1747007790010215
2007-10-11,1.0365762893062382,1.1756938419396958
2007-10-12,1.0365762893062382,1.1757475910287163
2007-10-15,1.0365762893062382,1.1766511407684463
2007-10-16,1.0365762893062382,1.1764603616313076
2007-10-17,1.0365762893062382,1.1776530142435901
2007-10-18,1.0365762893062382,1.177009208740597
2007-10-19,1.0365762893062382,1.1767374438298506
2007-10-22,1.0365762893062382,1.1777714835377024
2007-10-23,1.0365762893062382,1.1773329492886968
2007-10-24,1.0365762893062382,1.1771304794113386
2007-10-25,1.0365762893062382,1.1774066391524836
2007-10-26,1.0365762893062382,1.177014647309681
2007-10-29,1.0365762893062382,1.1766559782589936
2007-10-30,1.0365762893062382,1.17748869169338
2007-11-01,1.0365762893062382,1.1769357693798246
2007-11-02,1.0365762893062382,1.176927976583023
2007-11-05,1.0365762893062382,1.1768936623031547
2007-11-06,1.0365762893062382,1.177237369584536
2007-11-07,1.0365762893062382,1.177228402265312
2007-11-08,1.0365762893062382,1.1780953752329764
2007-11-09,1.0365762893062382,1.1784049235210508
2007-11-12,1.0365762893062382,1.1787545771653665
2007-11-13,1.0365762893062382,1.179221570556127
2007-11-14,1.0365762893062382,1.1785820862304335
2007-11-15,1.0365762893062382,1.1778533764270274
2007-11-16,1.0365762893062382,1.177704918364275
2007-11-19,1.0365762893062382,1.178366152028842
2007-11-20,1.0365762893062382,1.178319668637726
2007-11-21,1.0365762893062382,1.177690952583606
2007-11-22,1.0365762893062382,1.1775505031693123
2007-11-23,1.0365762893062382,1.1763814545249773
2007-11-26,1.0365762893062382,1.1765962759895001
2007-11-27,1.0365762893062382,1.176278155371575
2007-11-28,1.0365762893062382,1.176448581845824
2007-11-30,1.0365762893062382,1.176481899532016
2007-12-03,1.0365762893062382,1.1759097037958772
2007-12-04,1.0365762893062382,1.1752092617787449
2007-12-05,1.0365762893062382,1.1755303098884917
2007-12-06,1.0365762893062382,1.1761928126118326
2007-12-07,1.0365762893062382,1.1768092281477955
2007-12-10,1.0365762893062382,1.175639512741255
2007-12-11,1.0365762893062382,1.1757068532640074
2007-12-12,1.0365762893062382,1.1768018057486604
2007-12-13,1.0365762893062382,1.176557155753885
2007-12-14,1.0365762893062382,1.1748164867290842
2007-12-17,1.0365762893062382,1.1750036632820682
2007-12-18,1.0365762893062382,1.174269364184711
2007-12-19,1.0365762893062382,1.1736708649605947
2007-12-20,1.0365762893062382,1.173451152404381
2007-12-21,1.0365762893062382,1.1729564325231938
2007-12-24,1.0365762893062382,1.1728043250747509
2007-12-25,1.0365762893062382,1.1726260239866277
2007-12-26,1.0365762893062382,1.1723495548074536
2007-12-27,1.0365762893062382,1.1724464562022192
2007-12-31,1.0365762893062382,1.1721371895381825
2008-01-01,1.0365762893062382,1.1723774944010315
2008-01-02,1.0365762893062382,1.1720256518849956
2008-01-03,1.0365762893062382,1.1719343777606033
2008-01-04,1.0365762893062382,1.1720000057467996
2008-01-07,1.0365762893062382,1.1716353794101015
2008-01-08,1.0357032382203442,1.1706485754953115
2008-01-09,1.0355106330229382,1.1704308751042576
2008-01-10,1.0352912502489384,1.1701829081940525
2008-01-11,1.0346297683977197,1.1694352395972294
2008-01-14,1.033830674017266,1.1685320284614105
2008-01-15,1.033830674017266,1.1678872402444163
2008-01-16,1.033830674017266,1.1676463614214307
2008-01-17,1.0345411913677653,1.1684488458319713
2008-01-18,1.0345411913677653,1.1690820966019868
2008-01-21,1.0345411913677653,1.1690205213314195
2008-01-22,1.0345411913677653,1.1689198271688415
2008-01-23,1.0345411913677653,1.168835140218746
2008-01-24,1.0345411913677653,1.1680838255779222
2008-01-25,1.0345411913677653,1.167821744653653
2008-01-29,1.0345411913677653,1.166869705165222
2008-01-30,1.0345411913677653,1.1669645727960045
2008-01-31,1.0345411913677653,1.1677356943707018
2008-02-01,1.0345411913677653,1.167783284424023
2008-02-04,1.0345411913677653,1.1679757587784778
2008-02-05,1.0345411913677653,1.1681009258806272
2008-02-06,1.0340768181323572,1.1675766018510374
2008-02-07,1.0332332686745775,1.1666241497777123
2008-02-08,1.0322867344281283,1.1655554175330414
2008-02-11,1.0321719072229643,1.1654257660838891
2008-02-12,1.0312741078697272,1.1644120604291295
2008-02-13,1.030717106732865,1.1637831501942215
2008-02-14,1.0303309729136045,1.1633471663247
2008-02-15,1.0299993794521842,1.1629727639978202
2008-02-18,1.0298548057184989,1.1628095257298952
2008-02-19,1.0296200923865346,1.1625445108008892
2008-02-20,1.0291356914510663,1.1619975734861265
2008-02-21,1.0287693589458835,1.1615839472892628
2008-02-22,1.0285665555261605,1.1613549618565637
2008-02-25,1.0281087040070618,1.1608380014998012
2008-02-27,1.0279571683916262,1.1597085721940013
2008-02-28,1.0284653564721224,1.1602818938180532
2008-02-29,1.0296116277503375,1.161575080604703
2008-03-03,1.0286570325436555,1.1604981366636469
2008-03-04,1.029287788021363,1.1612097349256643
2008-03-05,1.0289750095040435,1.1608568681536946
2008-03-06,1.0297641872598033,1.1617471933894934
2008-03-07,1.0299411036974995,1.1619467848857803
2008-03-10,1.0290768399472556,1.1609717500199186
2008-03-11,1.0283424582707417,1.1601432439773487
2008-03-12,1.028207231736637,1.1599906857039
2008-03-13,1.0287696782313531,1.160625219944605
2008-03-14,1.0288811416538735,1.1607509694316047
2008-03-17,1.028559022480358,1.1603875648284943
2008-03-18,1.0287428373989587,1.1605949389714578
2008-03-19,1.028431617027131,1.1602438300496583
2008-03-20,1.0283232218673923,1.1601215420791098
2008-03-21,1.027680003860803,1.1593958839885121
2008-03-24,1.02714593979322,1.1587933698990918
2008-03-25,1.0275090821730746,1.1592030555784114
2008-03-27,1.0270323217173327,1.1579358095647325
2008-03-28,1.0270323217173327,1.1579535388721858
2008-03-31,1.0269498761450484,1.157860583528744
2008-04-01,1.026907570693509,1.1578128851785676
2008-04-02,1.0268036847526878,1.1576957563499328
2008-04-03,1.0265630685098384,1.1574244674878142
2008-04-04,1.025497284350825,1.1562228222109256
2008-04-07,1.0262994485081653,1.1571272424566248
2008-04-08,1.026361395046922,1.157197085646812
2008-04-09,1.0251920214145007,1.155878645800964
2008-04-10,1.0248995016425522,1.155548836993631
2008-04-11,1.0249692857769093,1.1556275168789933
2008-04-14,1.0241423036953832,1.1546951150376512
2008-04-15,1.0237015695553482,1.154198198196415
2008-04-16,1.0227826847034616,1.153162178254726
2008-04-17,1.0225727960007513,1.152925533934062
2008-04-18,1.022713557814762,1.1530842393975855
2008-04-21,1.0214969306601605,1.1517125223743052
2008-04-22,1.0217084328076302,1.1519509858140267
2008-04-23,1.0210067968711167,1.1511599086507225
2008-04-25,1.0204413098590823,1.150501062842857
2008-04-28,1.0195995963098592,1.1495520691833154
2008-04-29,1.01959970360649,1.1495521901553758
2008-04-30,1.0201151224498108,1.150133301407263
2008-05-01,1.0200808066485303,1.150094611905511
2008-05-02,1.0200808066485303,1.1503349856815694
2008-05-05,1.0200808066485303,1.1497218268118186
2008-05-06,1.0200808066485303,1.1499350651885318
2008-05-07,1.0200808066485303,1.150187516240529
2008-05-08,1.0200808066485303,1.1499226397285387
2008-05-09,1.0200808066485303,1.1504079422686542
2008-05-12,1.0200808066485303,1.150760024674208
2008-05-13,1.0200808066485303,1.1499244693531934
2008-05-14,1.0200808066485303,1.150471843781406
2008-05-15,1.0200808066485303,1.1505648308553165
2008-05-16,1.0200808066485303,1.1501614396555808
2008-05-19,1.0200808066485303,1.1488934654555667
2008-05-20,1.0200808066485303,1.148459600347947
2008-05-21,1.0200808066485303,1.1480335265806465
2008-05-22,1.0200808066485303,1.1486332153584125
2008-05-26,1.0200808066485303,1.14791629404405
2008-05-27,1.0200808066485303,1.1481543792782736
2008-05-28,1.0200808066485303,1.1483737904467732
2008-05-29,1.0200808066485303,1.1474784683506123
2008-05-30,1.0200808066485303,1.1466244868405482
2008-06-02,1.0200808066485303,1.1460444212869785
2008-06-03,1.0200808066485303,1.1448648633078604
2008-06-04,1.0200808066485303,1.1448429218340561
2008-06-05,1.0200808066485303,1.1444948450470478
2008-06-06,1.0200808066485303,1.1442558581320803
2008-06-09,1.0200808066485303,1.1440579208623822
2008-06-10,1.0200808066485303,1.143510233966389
2008-06-11,1.0200808066485303,1.143350004887209
2008-06-12,1.0200808066485303,1.1435374215429914
2008-06-13,1.0200808066485303,1.1433437093793586
2008-06-16,1.0200808066485303,1.1433205114401952
2008-06-17,1.0200808066485303,1.1438571034525273
2008-06-18,1.0200808066485303,1.1443301770867842
2008-06-19,1.0200808066485303,1.1454216046441483
2008-06-20,1.0200808066485303,1.144298526249603
2008-06-24,1.0200808066485303,1.1445946788921117
2008-06-25,1.0200808066485303,1.1444290893158002
2008-06-26,1.0200808066485303,1.143901320825671
2008-06-27,1.0200808066485303,1.143264616505358
2008-06-30,1.0200808066485303,1.1427277289555593
2008-07-01,1.0200808066485303,1.1431695675346498
2008-07-02,1.0200808066485303,1.142961571544255
2008-07-03,1.0200808066485303,1.142197750851966
2008-07-04,1.0200808066485303,1.1420955381572702
2008-07-07,1.0200808066485303,1.1411794586322483
2008-07-08,1.0200808066485303,1.1408642657417585
2008-07-09,1.0200808066485303,1.1403447193189133
2008-07-10,1.0200808066485303,1.140158775060249
2008-07-11,1.0200808066485303,1.1395982285563324
2008-07-14,1.0200808066485303,1.1396259226955678
2008-07-15,1.0200808066485303,1.1398018377065804
2008-07-16,1.0200808066485303,1.1394529672866411
2008-07-17,1.0200808066485303,1.1396294639917341
2008-07-18,1.0200808066485303,1.1401187480476418
2008-07-21,1.0200808066485303,1.1396267360290113
2008-07-23,1.0200808066485303,1.1384389055031794
2008-07-24,1.0200808066485303,1.1383970214929127
2008-07-25,1.0200808066485303,1.1373300403798237
2008-07-28,1.0200808066485303,1.136980172391082
2008-07-29,1.0200808066485303,1.135885499018151
2008-07-30,1.0200808066485303,1.1357640628510963
2008-07-31,1.0200808066485303,1.136621860453369
2008-08-01,1.0200808066485303,1.1359040734352235
2008-08-04,1.0200808066485303,1.1358136920614534
2008-08-05,1.0200808066485303,1.1353461306855732
2008-08-06,1.0200808066485303,1.134815739961672
2008-08-07,1.0200808066485303,1.1349856547846038
2008-08-08,1.0200808066485303,1.1355430928767123
2008-08-11,1.0200808066485303,1.1353524151050125
2008-08-12,1.0200808066485303,1.1355478769418144
2008-08-13,1.0200808066485303,1.1356513892840787
2008-08-14,1.0200808066485303,1.1348681845373807
2008-08-15,1.0200808066485303,1.1340192388650507
2008-08-18,1.0200808066485303,1.1335709701673058
2008-08-19,1.0200808066485303,1.1339048593858707
2008-08-21,1.0200808066485303,1.1328198295362881
2008-08-22,1.0200808066485303,1.1329701164201513
2008-08-25,1.0200808066485303,1.1328741818708856
2008-08-26,1.0200808066485303,1.1325400085175632
2008-08-27,1.0200808066485303,1.1326430547843163
2008-08-28,1.0200808066485303,1.1321251461752064
2008-08-29,1.0200808066485303,1.132007399834476
2008-09-01,1.0200808066485303,1.1317417704885604
2008-09-02,1.0200808066485303,1.1321316932193806
2008-09-03,1.0200808066485303,1.1324034558061244
2008-09-04,1.0200808066485303,1.131478366043541
2008-09-05,1.0200808066485303,1.13166485918961
2008-09-08,1.0200808066485303,1.1305376962870473
2008-09-09,1.0200808066485303,1.1307426010721815
2008-09-10,1.0200808066485303,1.130547730406094
2008-09-11,1.0200808066485303,1.1298106890134454
2008-09-12,1.0200808066485303,1.1307158425446413
2008-09-15,1.0200808066485303,1.1315364835489357
2008-09-16,1.0200808066485303,1.1320800382109248
2008-09-17,1.0200808066485303,1.1316158938626577
2008-09-19,1.0200808066485303,1.1298600393475835
2008-09-22,1.0200808066485303,1.130091352801378
2008-09-23,1.0200808066485303,1.1295624666672657
2008-09-24,1.0200808066485303,1.1284801753566767
2008-09-25,1.0200808066485303,1.127622639036569
2008-09-26,1.0200808066485303,1.1264891876896244
2008-09-29,1.0200808066485303,1.1261545052178392
2008-09-30,1.0200808066485303,1.1256012215314273
2008-10-01,1.0200808066485303,1.1258710018779217
2008-10-02,1.0200808066485303,1.1250664743549839
2008-10-03,1.0200808066485303,1.1256586027779185
2008-10-06,1.0200808066485303,1.1261497663317335
2008-10-07,1.0200808066485303,1.1257844062119247
2008-10-08,1.0200808066485303,1.1257738175394205
2008-10-09,1.0200808066485303,1.1254892277831343
2008-10-10,1.0200808066485303,1.125131021998843
2008-10-13,1.0200808066485303,1.1244574721621738
2008-10-14,1.0200808066485303,1.1239265929298101
2008-10-15,1.0200808066485303,1.1231955857576161
2008-10-16,1.0200808066485303,1.1237659282181673
2008-10-20,1.0200808066485303,1.1246721187693545
2008-10-21,1.0200808066485303,1.1248759069157397
2008-10-22,1.0200808066485303,1.1245490482448788
2008-10-23,1.0200808066485303,1.1246076817277333
2008-10-24,1.0200808066485303,1.1232674457282035
2008-10-27,1.0200808066485303,1.1226182346119986
2008-10-28,1.0200808066485303,1.1229587273828432
2008-10-29,1.0200808066485303,1.1217507615827829
2008-10-30,1.0200808066485303,1.1214088140756218
2008-10-31,1.0200808066485303,1.1211038504816926
2008-11-03,1.0200808066485303,1.1211635757935008
2008-11-04,1.0200808066485303,1.1213325407748924
2008-11-05,1.0200808066485303,1.1211206612028226
2008-11-06,1.0200808066485303,1.1204579048804926
2008-11-07,1.0200808066485303,1.1194226376615484
2008-11-10,1.0200808066485303,1.1183765519715563
2008-11-11,1.0200808066485303,1.1186781863558695
2008-11-12,1.0200808066485303,1.1191936032364749
2008-11-13,1.0200808066485303,1.1189558416141532
2008-11-14,1.0200808066485303,1.119957190087878
2008-11-18,1.0200808066485303,1.1194274467373626
2008-11-19,1.0200808066485303,1.1197048764178181
2008-11-20,1.0200808066485303,1.1202080612690084
2008-11-21,1.0200808066485303,1.119575976139768
2008-11-24,1.0200808066485303,1.1193024483905774
2008-11-25,1.0200808066485303,1.1195873175761342
2008-11-26,1.0200808066485303,1.1208285986562156
2008-11-27,1.0200808066485303,1.1202884986315864
2008-11-28,1.0200808066485303,1.1187103411370174
2008-12-01,1.0200808066485303,1.1178174178676945
2008-12-02,1.0200808066485303,1.1180312078856465
2008-12-03,1.0200808066485303,1.1181906023281454
2008-12-04,1.0200808066485303,1.1177073641297426
2008-12-05,1.0200808066485303,1.1180228807483
2008-12-08,1.019363253563113,1.1172364324959463
2008-12-09,1.0186628963207358,1.1164688311289055
2008-12-10,1.018058592790821,1.1158065059788211
2008-12-11,1.0180153864893888,1.1157591512660583
2008-12-12,1.0181236296117426,1.115877787247332
2008-12-15,1.0186403605759686,1.1164441316363554
2008-12-17,1.0186403605759686,1.1162667394030639
2008-12-18,1.0186403605759686,1.1157571554159134
2008-12-19,1.0179224320595177,1.114970779860507
2008-12-22,1.0185853197816654,1.1156968670526595
2008-12-23,1.0173959011260214,1.114394049662752
2008-12-24,1.017321019700932,1.1143120290703183
2008-12-25,1.0171117628650752,1.1140828217652055
2008-12-26,1.017270772434692,1.1142569912483187
2008-12-29,1.017270772434692,1.1147375882880672
2008-12-30,1.017270772434692,1.1137586302233926
2008-12-31,1.017270772434692,1.1131347186610987
2009-01-01,1.016886222281425,1.1127139298816828
2009-01-02,1.0168195352871254,1.1126409585444053
2009-01-05,1.0164897162934445,1.1122800585926045
2009-01-06,1.0166429019584426,1.112447679924831
2009-01-07,1.0165583496601929,1.1123551597214842
2009-01-08,1.0160098921818734,1.1117550175790283
2009-01-09,1.0160337867523213,1.1117811638880284
2009-01-12,1.0152983382075247,1.110976409312172
2009-01-13,1.01542352931978,1.1111133979854881
2009-01-15,1.01542352931978,1.1110917287420756
2009-01-16,1.01542352931978,1.1114161033423617
2009-01-19,1.01542352931978,1.110199528247726
2009-01-20,1.01542352931978,1.1100642388738755
2009-01-21,1.01578547563626,1.1104599197407408
2009-01-22,1.0157902119208164,1.1104650974621146
2009-01-23,1.0148294835861713,1.1094148261843977
2009-01-26,1.0150919149794098,1.1097017170199754
2009-01-27,1.014733952985817,1.1093103918275904
2009-01-28,1.0145403867959466,1.1090987846518396
2009-01-29,1.0137792036763886,1.1082666568392985
2009-01-30,1.0137792036763886,1.1081764810861274
2009-02-02,1.0137792036763886,1.1078380972874726
2009-02-03,1.0137792036763886,1.108206660592065
2009-02-04,1.0137792036763886,1.1077093853782276
2009-02-05,1.0139412836597241,1.1078864826377408
2009-02-06,1.0147912000204014,1.1088151467157712
2009-02-09,1.014604983572081,1.1086116766635465
2009-02-10,1.0140604239922832,1.1080166617379572
2009-02-11,1.0146949021061833,1.108709926463684
2009-02-13,1.0142786539791713,1.1081196056578027
2009-02-16,1.0123361751816045,1.1059974089313767
2009-02-17,1.0121652035482416,1.1058106190209338
2009-02-18,1.0120329315210368,1.1056661092000373
2009-02-19,1.0120329315210368,1.1059484869336267
2009-02-20,1.0120329315210368,1.1056049878254492
2009-02-23,1.0120329315210368,1.1056883393836485
2009-02-24,1.0120329315210368,1.1057276569400454
2009-02-25,1.0120329315210368,1.1056813731762778
2009-02-26,1.0120329315210368,1.1056890254973337
2009-02-27,1.0120329315210368,1.1051171721727373
2009-03-02,1.0120329315210368,1.1040865476156014
2009-03-03,1.0120329315210368,1.1038414748580048
2009-03-04,1.0120329315210368,1.1037759551683335
2009-03-05,1.0120329315210368,1.1037521837894908
2009-03-06,1.0120329315210368,1.1041090587282298
2009-03-09,1.0120329315210368,1.1031809617332842
2009-03-10,1.0120329315210368,1.10275385688983
2009-03-11,1.0120329315210368,1.1027547756611777
2009-03-12,1.0120329315210368,1.1010183483401326
2009-03-16,1.0120329315210368,1.1011502155081105
2009-03-17,1.0120329315210368,1.101193153570063
2009-03-18,1.0120329315210368,1.1005093557924774
2009-03-19,1.0120329315210368,1.1006217079419316
2009-03-20,1.0120329315210368,1.1013425905722938
2009-03-23,1.0120329315210368,1.1006756269754898
2009-03-24,1.0120329315210368,1.1007283636358258
2009-03-25,1.0120329315210368,1.0998859703558521
2009-03-26,1.0120329315210368,1.0993490514467608
2009-03-27,1.0120329315210368,1.0994261079712664
2009-03-30,1.0120329315210368,1.0984441178293507
2009-03-31,1.0120329315210368,1.0987347524057698
2009-04-01,1.0120329315210368,1.098026937916413
2009-04-02,1.0120329315210368,1.0978268438785097
2009-04-03,1.0120329315210368,1.098592312211644
2009-04-06,1.0120329315210368,1.0987304508780913
2009-04-07,1.0120329315210368,1.098109888357069
2009-04-08,1.0120329315210368,1.0983649412072665
2009-04-09,1.0120329315210368,1.0981753775507588
2009-04-10,1.0120329315210368,1.0981107826017864
2009-04-14,1.0120329315210368,1.0965193704804874
2009-04-15,1.0120329315210368,1.0969500347184993
2009-04-16,1.0120329315210368,1.0971053390779875
2009-04-17,1.0120329315210368,1.096089978546737
2009-04-20,1.0120329315210368,1.0960070693839759
2009-04-21,1.0120329315210368,1.0960231825912787
2009-04-22,1.0120329315210368,1.0963645734427037
2009-04-23,1.0120329315210368,1.0964471521310368
2009-04-24,1.0120329315210368,1.0963444046487951
2009-04-27,1.0120329315210368,1.0955788964448947
2009-04-28,1.0120329315210368,1.0949048424144896
2009-04-29,1.0120329315210368,1.0936906089643745
2009-04-30,1.0120329315210368,1.0933719540436098
2009-05-01,1.0120329315210368,1.0933509530125454
2009-05-04,1.0120329315210368,1.0932617654198262
2009-05-05,1.0120329315210368,1.0937225269420834
2009-05-06,1.0120329315210368,1.093656943767186
2009-05-07,1.0120329315210368,1.0937748252967663
2009-05-08,1.0120329315210368,1.0935734348569808
2009-05-11,1.0120329315210368,1.0930758571627766
2009-05-13,1.0120329315210368,1.0928286827446518
2009-05-14,1.0120329315210368,1.0920205483175238
2009-05-15,1.0120329315210368,1.092235015691994
2009-05-18,1.0120329315210368,1.0930974765789558
2009-05-19,1.0120329315210368,1.0931775548441565
2009-05-20,1.0120329315210368,1.0925242591664064
2009-05-21,1.0120329315210368,1.0926550160924529
2009-05-22,1.0120329315210368,1.0931255085361842
2009-05-25,1.0120329315210368,1.0933682334297905
2009-05-26,1.0120329315210368,1.0929281252074021
2009-05-27,1.0120329315210368,1.0925108807594264
2009-05-28,1.0120329315210368,1.092564705525214
2009-05-29,1.0120329315210368,1.0929735897706057
2009-06-01,1.0120329315210368,1.0929309244988263
2009-06-02,1.0120329315210368,1.0929183631275297
2009-06-03,1.0120329315210368,1.0913707209246983
2009-06-04,1.0120329315210368,1.0917776182060615
2009-06-05,1.0120329315210368,1.0914615114755064
2009-06-08,1.0120329315210368,1.0904108346842198
2009-06-09,1.0120329315210368,1.0901635866671375
2009-06-11,1.0120329315210368,1.0904406025524576
2009-06-12,1.0120329315210368,1.0904982298828831
2009-06-15,1.0120329315210368,1.090676347127881
2009-06-16,1.0120329315210368,1.0904213819577908
2009-06-17,1.0120329315210368,1.0909189403011752
2009-06-18,1.0120329315210368,1.0901961146414951
2009-06-19,1.0120329315210368,1.0902663965980401
2009-06-22,1.0120329315210368,1.090295582075256
2009-06-23,1.0120329315210368,1.0902302916640492
2009-06-24,1.0120329315210368,1.0903940028122223
2009-06-25,1.0120329315210368,1.0901614126254342
2009-06-26,1.0120329315210368,1.0902912115289516
2009-06-29,1.0120329315210368,1.089973497344839
2009-06-30,1.0120329315210368,1.090204996778511
2009-07-01,1.0120329315210368,1.089961106240248
2009-07-02,1.0120329315210368,1.0890227763781748
2009-07-03,1.0120329315210368,1.089499317402287
2009-07-06,1.0120329315210368,1.0897340326695388
2009-07-07,1.0118172569712365,1.0895017992218141
2009-07-08,1.0118712896963078,1.0895599804307
2009-07-10,1.0115787247059413,1.0886838727996333
2009-07-13,1.0110340058117127,1.088097634021699
2009-07-14,1.0106693204565087,1.0877051514050127
2009-07-15,1.0105753148093257,1.0876039804041397
2009-07-16,1.0104239866441662,1.0874411176146348
2009-07-17,1.0100519460294333,1.0870407191015048
2009-07-20,1.0088695806756107,1.085768230800767
2009-07-21,1.0088695806756107,1.086042205066681
2009-07-22,1.0088695806756107,1.0863554790037184
2009-07-23,1.0088695806756107,1.085515800455791
2009-07-24,1.0088114877426824,1.085453294064681
2009-07-27,1.0088114877426824,1.086518378862996
2009-07-28,1.0088114877426824,1.0860112601606051
2009-07-29,1.0088114877426824,1.0860113659944226
2009-07-30,1.0088114877426824,1.0858590214310788
2009-07-31,1.0088114877426824,1.085464056678388
2009-08-03,1.0088114877426824,1.0850086275997712
2009-08-04,1.0088114877426824,1.0841176857674852
2009-08-05,1.0088114877426824,1.0841869879535773
2009-08-06,1.0088114877426824,1.0839203312705092
2009-08-10,1.0088114877426824,1.0838477481991293
2009-08-11,1.0088114877426824,1.0833095692816361
2009-08-12,1.0088114877426824,1.0836272260387334
2009-08-13,1.0088114877426824,1.083075964850216
2009-08-14,1.0088114877426824,1.083307998630158
2009-08-17,1.0088114877426824,1.082736580914721
2009-08-18,1.0088114877426824,1.082443930343754
2009-08-19,1.0088114877426824,1.0814769432235392
2009-08-20,1.0088114877426824,1.0816998821391342
2009-08-21,1.0088114877426824,1.0816556205847305
2009-08-24,1.0088114877426824,1.0810530692734288
2009-08-25,1.0088114877426824,1.0810211604464663
2009-08-26,1.0088114877426824,1.0808975340618707
2009-08-27,1.0088114877426824,1.0817218623087552
2009-08-28,1.0088114877426824,1.0816902103135937
2009-08-31,1.0088114877426824,1.0820998871181444
2009-09-01,1.0088114877426824,1.0814345190865722
2009-09-02,1.0088114877426824,1.0803454863077422
2009-09-03,1.0088114877426824,1.0800206890993376
2009-09-04,1.0088114877426824,1.0797722763898614
2009-09-08,1.0088114877426824,1.079157455173741
2009-09-09,1.0088114877426824,1.0796085504677777
2009-09-10,1.0088114877426824,1.0791824820723708
2009-09-11,1.0088114877426824,1.0784625641656223
2009-09-14,1.0088114877426824,1.078110116392055
2009-09-15,1.0088114877426824,1.0778302214265714
2009-09-16,1.0088114877426824,1.077274770731897
2009-09-17,1.0088114877426824,1.0784174872167211
2009-09-18,1.0088114877426824,1.0779267900064107
2009-09-21,1.0088114877426824,1.07762643130903
2009-09-22,1.0088114877426824,1.0784354933451106
2009-09-23,1.0088114877426824,1.0777949090697514
2009-09-24,1.0088114877426824,1.0771086111129902
2009-09-25,1.0088114877426824,1.0774611934358742
2009-09-28,1.0088114877426824,1.0765211853046952
2009-09-29,1.0080025246677702,1.0756579260150723
2009-09-30,1.0072821052651846,1.0748891532972642
2009-10-01,1.0072821052651846,1.0741959909759828
2009-10-02,1.0072821052651846,1.0734343117384886
2009-10-05,1.0072166177632271,1.073364523412831
2009-10-07,1.0075812009747305,1.074330027983176
2009-10-08,1.0075812009747305,1.0750179978587486
2009-10-09,1.0075812009747305,1.073819726315571
2009-10-12,1.0073784121016913,1.0736036060744074
2009-10-13,1.0070887580421075,1.0732949101175082
2009-10-14,1.0070887580421075,1.0729730287452426
2009-10-15,1.0070887580421075,1.0725877178030776
2009-10-16,1.0070887580421075,1.0718512147611676
2009-10-19,1.0070887580421075,1.0720837794644131
2009-10-20,1.0070887580421075,1.0720156546559492
2009-10-21,1.0070887580421075,1.072378041701062
2009-10-22,1.0078304597154548,1.0731678276872911
2009-10-23,1.008054853791322,1.073406769168592
2009-10-26,1.0079362373041338,1.07328046280758
2009-10-27,1.0079766393244474,1.0733234840796164
2009-10-28,1.0076638507251585,1.0729904174825629
2009-10-29,1.0080649265644521,1.073417494956798
2009-10-30,1.0079319250738983,1.0732758710166592
2009-11-02,1.0082676044546157,1.073633312398125
2009-11-03,1.0079387980426413,1.0732831895580515
2009-11-05,1.0079387980426413,1.072830434958347
2009-11-06,1.0079387980426413,1.072485174465455
2009-11-09,1.0079387980426413,1.0724816944890443
2009-11-10,1.0079387980426413,1.0718304475672158
2009-11-11,1.0079387980426413,1.0706192597266084
2009-11-12,1.0079387980426413,1.0711378184263582
2009-11-13,1.0079387980426413,1.070965308951912
2009-11-16,1.0079387980426413,1.0708821843908598
2009-11-17,1.0079387980426413,1.0701155339979513
2009-11-18,1.0079387980426413,1.0696695272885004
2009-11-19,1.0079387980426413,1.0695935292811203
2009-11-20,1.0075573581736788,1.069188757070303
2009-11-23,1.007715233924608,1.0693562899422913
2009-11-24,1.0067021511872989,1.0682812378234954
2009-11-25,1.0067021511872989,1.0681627308901398
2009-11-26,1.0067021511872989,1.0674448055468229
2009-11-27,1.0067021511872989,1.0674013731628718
2009-11-30,1.0069821056563417,1.06769820751882
2009-12-01,1.0075675642232846,1.0683189663773838
2009-12-02,1.0079943985888038,1.0687715367700574
2009-12-04,1.0075708711840479,1.0687840990550932
2009-12-07,1.0068859647530413,1.0680575823169303
2009-12-08,1.006753317077378,1.0679168758608582
2009-12-09,1.006753317077378,1.0669070844153195
2009-12-10,1.0064688288786239,1.066605597974168
2009-12-11,1.0061971589594352,1.0663176957080533
2009-12-14,1.0049200322714078,1.06496426037485
2009-12-15,1.0047034858239758,1.0647347752219816
2009-12-16,1.0049777804003948,1.065025458969265
2009-12-17,1.0053895931904542,1.0654618776785103
2009-12-18,1.0059881159022284,1.066096162274889
2009-12-21,1.0055705532770274,1.065653650176387
2009-12-22,1.0055034254094473,1.0655825114016064
2009-12-23,1.0054559509427592,1.0655322003234313
2009-12-24,1.0053230620019045,1.0653913712344845
2009-12-25,1.005075313971426,1.0651288201960287
2009-12-28,1.0047663744021638,1.064801421408748
2009-12-29,1.0044867933512358,1.064505135318756
2009-12-30,1.004126032229718,1.064122818628262
2009-12-31,1.003318273389561,1.0632667959914908
2010-01-04,1.0025016632132238,1.0626653063101523
2010-01-05,1.002176013343256,1.062320113048617
2010-01-06,1.0016328830286674,1.06174438757773
2010-01-07,1.0014305368054846,1.0615298978475582
2010-01-08,1.0010323142770186,1.0611077765875938
2010-01-11,1.000405129629226,1.0604429523879777
2010-01-12,1.0003624166706078,1.0603976760748113
2010-01-13,1.0003786910353063,1.0604149271212502
2010-01-14,0.9999114306648357,1.0599196248160938
2010-01-15,1.0006524501037126,1.0607051154321114
2010-01-18,1.0002607877328886,1.060289948027872
2010-01-19,1.000326500870617,1.0603596048416164
2010-01-20,1.0002538786864075,1.0602826243452643
2010-01-21,1.0001358679583625,1.06015753137927
2010-01-22,1.0001358679583625,1.0606838744765428
2010-01-25,1.0001358679583625,1.0605920200142027
2010-01-26,1.0001358679583625,1.0606186313650667
2010-01-27,1.0001358679583625,1.060433890213695
2010-01-28,1.0001358679583625,1.0603322241875053
2010-01-29,1.0001358679583625,1.0592383488358095
2010-02-02,1.0001358679583625,1.0588882469500616
2010-02-03,1.0001358679583625,1.0586345021288286
2010-02-04,1.0001358679583625,1.05870830820144
2010-02-05,1.0001358679583625,1.0575014122570643
2010-02-08,1.0001358679583625,1.057722885930415
2010-02-09,1.0001358679583625,1.056621184658556
2010-02-10,1.0001358679583625,1.056358934871708
2010-02-11,1.0001358679583625,1.0559891773554
2010-02-12,1.0001358679583625,1.0551607532654683
2010-02-15,1.0001358679583625,1.0548063467501947
2010-02-16,1.0001358679583625,1.0544407571903993
2010-02-17,1.0001358679583625,1.0543387065154655
2010-02-18,1.0001358679583625,1.0538138336144867
2010-02-19,1.0001358679583625,1.0534078337455306
2010-02-22,1.0001358679583625,1.053149022640165
2010-02-23,1.0001358679583625,1.0537826020536123
2010-02-24,1.0001358679583625,1.0536238521170753
2010-02-25,1.0001358679583625,1.053798947291339
2010-02-26,1.0001358679583625,1.052795682686649
2010-03-01,1.0001358679583625,1.052094196036121
2010-03-03,1.0001358679583625,1.0524966556541664
2010-03-04,1.0001358679583625,1.053018272298915
2010-03-05,1.0001358679583625,1.0526299722934975
2010-03-08,1.0001358679583625,1.052255952293338
2010-03-09,1.0001358679583625,1.0515257369182118
2010-03-10,1.0001358679583625,1.0509619605094171
2010-03-11,1.0001358679583625,1.05037405238566
2010-03-12,1.0001358679583625,1.050533808959902
2010-03-15,1.0001358679583625,1.050408031770265
2010-03-16,1.0001358679583625,1.050999198949304
2010-03-17,1.0001358679583625,1.0512262459205814
2010-03-18,1.0001358679583625,1.0505735999243526
2010-03-19,1.0001358679583625,1.0493633429797258
2010-03-22,1.0001358679583625,1.049484346123049
2010-03-23,1.0001358679583625,1.0495137893272661
2010-03-24,1.0001358679583625,1.0494706372191314
2010-03-25,1.0001358679583625,1.0489173046569993
2010-03-26,1.0001358679583625,1.0491730288970282
2010-03-29,1.0001358679583625,1.0483824857397401
2010-03-30,1.0001358679583625,1.0484058540920767
2010-04-01,1.0001358679583625,1.0471269031151798
2010-04-02,1.0001358679583625,1.0468195919038876
2010-04-05,1.0001358679583625,1.0465603747555
2010-04-06,1.0001358679583625,1.0463438726302439
2010-04-07,1.0001358679583625,1.0462600122558021
2010-04-08,1.0001358679583625,1.046309719323335
2010-04-09,1.0001358679583625,1.0457870793599073
2010-04-12,1.0001358679583625,1.0449658075578387
2010-04-13,1.0001358679583625,1.0446484322947496
2010-04-14,1.0001358679583625,1.0445590568753196
2010-04-15,1.0001358679583625,1.0438345280007337
2010-04-16,1.0001358679583625,1.0437757843223472
2010-04-19,1.0001358679583625,1.0434495678693831
2010-04-20,1.0001358679583625,1.0433164230094367
2010-04-21,1.0001358679583625,1.0434811404759583
2010-04-22,1.0001358679583625,1.042976103897461
2010-04-23,1.0001358679583625,1.0434732647268812
2010-04-26,1.0001358679583625,1.0435352123004276
2010-04-27,1.0001358679583625,1.0437070779785167
2010-04-28,1.0001358679583625,1.0436592085978962
2010-04-30,1.0001358679583625,1.0412440510472005
2010-05-03,1.0001358679583625,1.0409418772150119
2010-05-04,1.0001358679583625,1.0405488542294228
2010-05-05,1.0001358679583625,1.0413225591656794
2010-05-06,1.0001358679583625,1.0413083583148268
2010-05-07,1.0001358679583625,1.0415321350803344
2010-05-10,1.0001358679583625,1.04152671583252
2010-05-11,1.0001358679583625,1.0411419691402783
2010-05-12,1.0001358679583625,1.0413412664470776
2010-05-13,1.0001358679583625,1.0423509210113762
2010-05-14,1.0001358679583625,1.0417967968288584
2010-05-17,1.0001358679583625,1.0416805237612494
2010-05-18,1.0001358679583625,1.0412108694214073
2010-05-19,1.0001358679583625,1.040052419356658
2010-05-20,1.0001358679583625,1.039920452779173
2010-05-21,1.0001358679583625,1.0406992512183106
2010-05-24,1.0001358679583625,1.0401978766596574
2010-05-25,1.0001358679583625,1.0391647138509155
2010-05-26,1.0001358679583625,1.0381028049672438
2010-05-27,1.0001358679583625,1.038463411675599
2010-05-31,1.0001358679583625,1.037781666564939
2010-06-01,1.0001358679583625,1.0375350789898887
2010-06-02,1.0001358679583625,1.036333636845365
2010-06-03,1.0001358679583625,1.0364686572845336
2010-06-04,0.9997142288994431,1.036031700983637
2010-06-07,0.9997142288994431,1.0359792912092998
2010-06-08,0.9988833493109864,1.0351182711075082
2010-06-09,0.9988833493109864,1.034754161886517
2010-06-10,0.9988833493109864,1.0344108616405328
2010-06-11,0.9988833493109864,1.034751093215581
2010-06-14,0.9988833493109864,1.0345960519421584
2010-06-15,0.9988833493109864,1.0344134751891936
2010-06-16,0.9988833493109864,1.0339877251938305
2010-06-17,0.9988833493109864,1.0339659210455656
2010-06-18,0.9988833493109864,1.033758974026098
2010-06-21,0.9988833493109864,1.0336414513538568
2010-06-22,0.9988833493109864,1.0330590306196283
2010-06-23,0.9988833493109864,1.032931934339146
2010-06-24,0.9988833493109864,1.0338887533158108
2010-06-25,0.9988833493109864,1.0331442581851047
2010-06-29,0.9988833493109864,1.0336245225272676
2010-06-30,0.9988833493109864,1.0338092903920542
2010-07-01,0.9988833493109864,1.0327944145817884
2010-07-02,0.9988833493109864,1.0327605065324221
2010-07-05,0.9988833493109864,1.031241481293679
2010-07-06,0.9988833493109864,1.030581674440734
2010-07-07,0.9988833493109864,1.0304251597194913
2010-07-08,0.9988833493109864,1.0306244341346644
2010-07-09,0.9988833493109864,1.0302214127377622
2010-07-12,0.9988833493109864,1.0296832502202922
2010-07-13,0.9988833493109864,1.0290485324987235
2010-07-14,0.9988833493109864,1.0292115588708108
2010-07-15,0.9988833493109864,1.0293816791284094
2010-07-16,0.9988833493109864,1.0295605823127436
2010-07-19,0.9984974506114782,1.029162832074887
2010-07-20,0.9982140085351977,1.0288706850596137
2010-07-21,0.9982140085351977,1.0284177906663106
2010-07-22,0.9982140085351977,1.0281817037871654
2010-07-23,0.9993638812253248,1.029366097165303
2010-07-26,0.9986335965819815,1.0286138884180582
2010-07-28,0.9986335965819815,1.0288165059137586
2010-07-29,0.9986335965819815,1.028923971477972
2010-07-30,0.997838543756603,1.0281048032530864
2010-08-02,0.997838543756603,1.027881389907678
2010-08-03,0.997838543756603,1.0281675992364456
2010-08-04,0.997838543756603,1.028195980178311
2010-08-05,0.997838543756603,1.0284315253800436
2010-08-06,0.997838543756603,1.0292947057900452
2010-08-09,0.997838543756603,1.0292508671933323
2010-08-10,0.997838543756603,1.0284897390864254
2010-08-11,0.997838543756603,1.0280416013646838
2010-08-12,0.997838543756603,1.0276449446939622
2010-08-13,0.997838543756603,1.0272713512402252
2010-08-16,0.997838543756603,1.0267285867956866
2010-08-17,0.997838543756603,1.0267110911239685
2010-08-18,0.997838543756603,1.0263162327527504
2010-08-19,0.997838543756603,1.025926972222486
2010-08-20,0.997838543756603,1.0253540517317408
2010-08-23,0.997838543756603,1.0249952027251168
2010-08-24,0.997838543756603,1.02464539122133
2010-08-26,0.9971696477468583,1.0241515084978503
2010-08-27,0.9972733132575082,1.0242579790360893
2010-08-30,0.9977427253678158,1.0247400927084869
2010-08-31,0.9978155098517246,1.0248148466274
2010-09-01,0.9980527621544291,1.0250585186086505
2010-09-02,0.9980527621544291,1.0254127522752277
2010-09-03,0.9980527621544291,1.0250733774331058
2010-09-06,0.9980527621544291,1.025319014331241
2010-09-07,0.9980527621544291,1.025057329812999
2010-09-08,0.9980527621544291,1.025558738691216
2010-09-09,0.9980527621544291,1.0252364851133664
2010-09-10,0.9980527621544291,1.0251668245204217
2010-09-13,0.9980527621544291,1.0249872001771148
2010-09-14,0.9980527621544291,1.02475713371543
2010-09-15,0.9980527621544291,1.0243129811195384
2010-09-16,0.9980527621544291,1.0248289282884795
2010-09-17,0.9980527621544291,1.0246813124417458
2010-09-20,0.9984062570056146,1.0250442387135716
2010-09-21,0.9985979014032944,1.0252409962802886
2010-09-22,0.9985979014032944,1.024639448645619
2010-09-24,0.9985115916789998,1.0242143865459432
2010-09-27,0.9985115916789998,1.0247469225078636
2010-09-28,0.9982320878613079,1.024460074884465
2010-09-29,0.9988237097452071,1.0250672413008253
2010-09-30,0.998569640473026,1.0248064965013246
2010-10-01,0.9981777333929828,1.024404292283036
2010-10-04,0.9981777333929828,1.0238597209525924
2010-10-05,0.99883906413436,1.024538066988245
2010-10-06,0.9998288516795049,1.0255533206508662
2010-10-07,0.9995285984154701,1.025245342208906
2010-10-08,0.9990809821383007,1.024786209269646
2010-10-11,0.9985394674038802,1.0242307619717077
2010-10-12,0.99855609810624,1.0242478205632868
2010-10-13,0.9989537513551366,1.0246557049818936
2010-10-14,0.9985693397010386,1.0242614028493888
2010-10-15,0.9992514724160257,1.0249610860699765
2010-10-18,0.9992056600674983,1.0249140950213784
2010-10-19,0.9993273056522948,1.0250388704099072
2010-10-20,0.9993273056522948,1.0243752491563958
2010-10-21,0.9993273056522948,1.0234406103483644
2010-10-25,0.9995715883645097,1.0238773451605818
2010-10-26,0.999806271954287,1.0241177353573931
2010-10-27,1.000903166773575,1.025241302462107
2010-10-28,1.0013916274971508,1.025741640681692
2010-10-29,1.0017140541613045,1.0260719075287548
2010-11-01,1.002073189518358,1.026439775683686
2010-11-02,1.0020360313403767,1.0264017139609785
2010-11-03,1.0029218037035792,1.0273090249192023
2010-11-04,1.0029218037035792,1.0269930286465994
2010-11-05,1.0029218037035792,1.0272199296873787
2010-11-08,1.0029218037035792,1.0271168316178174
2010-11-09,1.0029218037035792,1.027362777032254
2010-11-10,1.0029218037035792,1.027341822368162
2010-11-11,1.0029218037035792,1.0271408491248546
2010-11-12,1.0029218037035792,1.0276572177095402
2010-11-15,1.0029218037035792,1.02798220737588
2010-11-16,1.0029218037035792,1.0282057837974146
2010-11-17,1.0029218037035792,1.0287010720298426
2010-11-18,1.0029218037035792,1.0292581883498095
2010-11-19,1.0029218037035792,1.0296837913723726
2010-11-23,1.0029218037035792,1.0296068919570143
2010-11-24,1.0029218037035792,1.0298020186446182
2010-11-25,1.0029218037035792,1.0292986678632554
2010-11-26,1.0029218037035792,1.0298422608601563
2010-11-29,1.0029218037035792,1.0300219503253207
2010-11-30,1.0029218037035792,1.0298642309716948
2010-12-01,1.0029218037035792,1.0297771416730752
2010-12-02,1.0029218037035792,1.0299758304751276
2010-12-03,1.0029218037035792,1.031303562948263
2010-12-06,1.0029218037035792,1.0313175704536472
2010-12-07,1.0029218037035792,1.0307707848087295
2010-12-08,1.0029218037035792,1.0308685971417375
2010-12-09,1.0029218037035792,1.0309341516070487
2010-12-10,1.0029218037035792,1.0304280153023222
2010-12-13,1.0029218037035792,1.030766067291093
2010-12-14,1.0029218037035792,1.0313333770232163
2010-12-15,1.0029218037035792,1.031692338752966
2010-12-16,1.0029218037035792,1.0322717885568473
2010-12-17,1.0029218037035792,1.0321890375984464
2010-12-20,1.0029218037035792,1.031712529367651
2010-12-22,1.0029218037035792,1.0327644193885375
2010-12-23,1.0029218037035792,1.0329808837487753
2010-12-24,1.0029218037035792,1.0328855505137573
2010-12-27,1.0029218037035792,1.033999800810357
2010-12-28,1.0029218037035792,1.0354041906564802
2010-12-29,1.0029218037035792,1.0355833483171957
2010-12-30,1.0029218037035792,1.0362204738592167
2010-12-31,1.0029218037035792,1.0365540139205052
2011-01-03,1.0029218037035792,1.0368475104292463
2011-01-04,1.0029218037035792,1.0369574580721708
2011-01-05,1.0029218037035792,1.036635625473878
2011-01-06,1.0029218037035792,1.0367719932008903
2011-01-07,1.0029218037035792,1.036576249969184
2011-01-10,1.0029218037035792,1.0365554018920884
2011-01-11,1.0029218037035792,1.0373426011631344
2011-01-12,1.0029218037035792,1.0368719316653479
2011-01-13,1.0029218037035792,1.0371797541448886
2011-01-14,1.0029218037035792,1.0370677389157033
2011-01-17,1.0029218037035792,1.0374359466728702
2011-01-18,1.0029218037035792,1.037621525529978
2011-01-20,1.0029218037035792,1.037735109514924
2011-01-21,1.0029218037035792,1.0383197389704348
2011-01-24,1.0029218037035792,1.0386174385186968
2011-01-25,1.0029218037035792,1.0380913014534605
2011-01-26,1.0029218037035792,1.0392203418739516
2011-01-27,1.0029218037035792,1.0391026434511619
2011-01-28,1.0029218037035792,1.0393011840449982
2011-01-31,1.0029218037035792,1.039177717998127
2011-02-01,1.0029218037035792,1.0398904517200345
2011-02-02,1.0029218037035792,1.0398308135133836
2011-02-03,1.0029218037035792,1.0404088369877078
2011-02-04,1.0029218037035792,1.0406162382954876
2011-02-07,1.0029218037035792,1.040870995566957
2011-02-08,1.0029218037035792,1.0417851232716093
2011-02-09,1.0029218037035792,1.0416932466107278
2011-02-10,1.0029218037035792,1.0418338940366638
2011-02-11,1.0029218037035792,1.0419501479679503
2011-02-14,1.0029218037035792,1.0426922071798543
2011-02-15,1.0029218037035792,1.0439149433682553
2011-02-16,1.0029218037035792,1.0438822092453162
2011-02-18,1.0029218037035792,1.0421692696939238
2011-02-21,1.0029218037035792,1.0422025116267974
2011-02-22,1.0029218037035792,1.0425887164228511
2011-02-23,1.0029218037035792,1.0426352843274638
2011-02-24,1.0029218037035792,1.042597781057699
2011-02-25,1.0029218037035792,1.0433483492444704
2011-02-28,1.0029218037035792,1.0431562194468418
2011-03-01,1.0029218037035792,1.0428636379649516
2011-03-02,1.0031583172910885,1.0431095708177296
2011-03-03,1.0028641469757709,1.0428036850307414
2011-03-04,1.0030485741734299,1.042995457128606
2011-03-07,1.002927993391252,1.042870074159858
2011-03-08,1.0027906291963622,1.042727239371064
2011-03-09,1.002788901661085,1.042725443035879
2011-03-10,1.0035401349488926,1.0435065945439932
2011-03-11,1.0038938953257017,1.043874443594801
2011-03-14,1.0035634834553337,1.0435308729157249
2011-03-15,1.004238058449912,1.0442323131778952
2011-03-16,1.004238058449912,1.0450150723648717
2011-03-17,1.004238058449912,1.0450384919649909
2011-03-21,1.004238058449912,1.0454111533686432
2011-03-22,1.004238058449912,1.045387804493081
2011-03-23,1.004238058449912,1.0455070158620705
2011-03-24,1.004238058449912,1.045063637918798
2011-03-25,1.004238058449912,1.0460377922878659
2011-03-28,1.004238058449912,1.0466878762493992
2011-03-29,1.004238058449912,1.0471652750986162
2011-03-30,1.004238058449912,1.0479523623149216
2011-03-31,1.004238058449912,1.0482982247314763
2011-04-01,1.004238058449912,1.0476638566643912
2011-04-04,1.004238058449912,1.0480309089919495
2011-04-05,1.004238058449912,1.0483517236714632
2011-04-06,1.004238058449912,1.0489326615350045
2011-04-07,1.0050163327739519,1.0497455737237533
2011-04-08,1.0053107893939797,1.050053135425437
2011-04-11,1.0053059932886241,1.0500481258646925
2011-04-12,1.0053059932886241,1.0493262313711182
2011-04-13,1.0053059932886241,1.0495433811812007
2011-04-14,1.0053059932886241,1.0504999777241932
2011-04-15,1.0053059932886241,1.0507557808287096
2011-04-19,1.0053059932886241,1.050162248791871
2011-04-20,1.0053059932886241,1.0493560833624425
2011-04-21,1.0053059932886241,1.0500445121620536
2011-04-22,1.0053059932886241,1.0506832499357717
2011-04-25,1.0063357076272383,1.0517594432689692
2011-04-26,1.0065165025730098,1.051948398892892
2011-04-27,1.0063805365889462,1.051806295709413
2011-04-28,1.0061726111136025,1.0515889849446936
2011-04-29,1.0065774523225863,1.052012099777394
2011-05-02,1.0072228518951105,1.052686631238356
2011-05-03,1.0071977709909758,1.05266041823849
2011-05-04,1.007708101675598,1.0531937841050425
2011-05-05,1.0069916881725394,1.0524450333040758
2011-05-06,1.007869968708962,1.0533629574530656
2011-05-09,1.0078343803394407,1.053325762704404
2011-05-10,1.0070937678142389,1.0525517205917367
2011-05-11,1.007110973766541,1.0525697031821157
2011-05-12,1.007327631734819,1.0527961406049051
2011-05-13,1.007473809692724,1.052948916707809
2011-05-16,1.007773575272778,1.053262213033478
2011-05-18,1.008875681493555,1.053934285390893
2011-05-19,1.00838293258716,1.0534195292360318
2011-05-20,1.0087237679491454,1.053775587053917
2011-05-23,1.0089374743530313,1.0539988380551994
2011-05-24,1.0093145652920978,1.0543927707038723
2011-05-25,1.0093968874541375,1.0544787695544866
2011-05-26,1.0103731234814224,1.05549860642702
2011-05-27,1.0105317812935064,1.0556643502454781
2011-05-30,1.0095012770184106,1.0545878213859883
2011-05-31,1.0095012770184106,1.0556506251250686
2011-06-01,1.0095012770184106,1.0557943419510822
2011-06-02,1.0095012770184106,1.0561546093716208
2011-06-03,1.0095012770184106,1.0561345425590527
2011-06-06,1.0095012770184106,1.0569579652117767
2011-06-07,1.0095012770184106,1.0574514529042105
2011-06-08,1.0094485627077336,1.0573962347230321
2011-06-09,1.009013124065216,1.0569401132344682
2011-06-10,1.009013124065216,1.0572354391361571
2011-06-13,1.009013124065216,1.056985151789475
2011-06-14,1.009013124065216,1.058131077906375
2011-06-16,1.009013124065216,1.0584129597211964
2011-06-17,1.009013124065216,1.0579139205218635
2011-06-20,1.009013124065216,1.0578274538335752
2011-06-21,1.009013124065216,1.0579488547120477
2011-06-22,1.009013124065216,1.0581604232022666
2011-06-23,1.009013124065216,1.0590336001408418
2011-06-24,1.009013124065216,1.0591559553908012
2011-06-27,1.009013124065216,1.0587972157504044
2011-06-28,1.009013124065216,1.0590748029456893
2011-06-29,1.0097271030818107,1.0598242056722476
2011-06-30,1.0097005279901816,1.0597963120708076
2011-07-01,1.0100139141162578,1.060125246691978
2011-07-04,1.0104616891609601,1.060595237870409
2011-07-05,1.0093984845535906,1.0594792829009592
2011-07-06,1.0095241855529133,1.0596112204921686
2011-07-07,1.0102025158403225,1.0603232057957648
2011-07-08,1.010580956925255,1.0607204230448692
2011-07-11,1.0103432748757666,1.0604709485199872
2011-07-12,1.0105512287813878,1.0606892199540894
2011-07-13,1.0109746514400002,1.0611336505150377
2011-07-15,1.0106291318138008,1.060265155255236
2011-07-18,1.0114313804767128,1.061106805546485
2011-07-19,1.0123254510758084,1.0620447875150614
2011-07-20,1.0119388133126805,1.0616391604308564
2011-07-21,1.0124509154681478,1.0621764139636123
2011-07-22,1.012607488783883,1.062340677218738
2011-07-25,1.012607488783883,1.0633906157378954
2011-07-26,1.012165809429086,1.0629267857877334
2011-07-27,1.012165809429086,1.063221523580733
2011-07-28,1.012165809429086,1.0628527420657237
2011-07-29,1.012165809429086,1.0628249018293368
2011-08-01,1.012165809429086,1.0631687226607254
2011-08-02,1.012165809429086,1.0634931885538146
2011-08-03,1.0119253432998494,1.0632405282800346
2011-08-04,1.0123133154481234,1.0636481746687925
2011-08-05,1.0122583581988192,1.063590430512892
2011-08-08,1.0117930566446893,1.0631015333096565
2011-08-09,1.0117930566446893,1.064051563455507
2011-08-10,1.0117930566446893,1.0633332284180332
2011-08-11,1.0117930566446893,1.0636902821117185
2011-08-15,1.0117930566446893,1.0651936728478597
2011-08-16,1.0117930566446893,1.0652772243961919
2011-08-17,1.0117930566446893,1.0651695250263005
2011-08-18,1.0117930566446893,1.065504746711977
2011-08-19,1.0117930566446893,1.064804038504098
2011-08-22,1.0117930566446893,1.0659775928830924
2011-08-23,1.0117930566446893,1.0665787285449446
2011-08-24,1.0117930566446893,1.0671727461378937
2011-08-25,1.0117930566446893,1.0669979326967294
2011-08-26,1.0117930566446893,1.0667629629648008
2011-08-29,1.0117930566446893,1.067335798005519
2011-08-30,1.0117930566446893,1.0689556756597645
2011-08-31,1.0117930566446893,1.068848672905533
2011-09-01,1.0117930566446893,1.0687619002805329
2011-09-02,1.0117930566446893,1.0686158759859328
2011-09-05,1.0117930566446893,1.0681053750934586
2011-09-06,1.0117930566446893,1.0686783454396318
2011-09-07,1.0117930566446893,1.0682282372445768
2011-09-08,1.0117930566446893,1.0680566061225554
2011-09-09,1.0117930566446893,1.069126223373149
2011-09-13,1.0117930566446893,1.0700402556444846
2011-09-14,1.0117930566446893,1.0701433762924095
2011-09-15,1.0115561064108296,1.0698927610884301
2011-09-16,1.012305686444344,1.0706855695610704
2011-09-19,1.012305686444344,1.0707809724204833
2011-09-20,1.012305686444344,1.07081670749637
2011-09-21,1.012305686444344,1.071374283112926
2011-09-22,1.012305686444344,1.0718187901027714
2011-09-23,1.012305686444344,1.071376086960012
2011-09-26,1.012305686444344,1.071731945317522
2011-09-27,1.0119208494049743,1.071324516855589
2011-09-28,1.0118023057631664,1.071199014243541
2011-09-29,1.0127260660157613,1.072177002795594
2011-09-30,1.0127260660157613,1.0724271618005132
2011-10-03,1.0127260660157613,1.071805543724984
2011-10-04,1.013037609788718,1.0721352620507714
2011-10-05,1.0133374164969542,1.072452558605799
2011-10-06,1.0133374164969542,1.0723127519351794
2011-10-07,1.0131665722751375,1.0721319647317604
2011-10-10,1.0132975845799677,1.072270601836088
2011-10-12,1.0127868547999541,1.0719406593814371
2011-10-13,1.0123184331164625,1.0714448786099047
2011-10-14,1.0123184331164625,1.071073894257157
2011-10-17,1.0123184331164625,1.0712025352693766
2011-10-18,1.0123184331164625,1.0716025262342992
2011-10-19,1.0123184331164625,1.0719764937013305
2011-10-20,1.0123184331164625,1.071824454261236
2011-10-21,1.0123184331164625,1.0716794317855864
2011-10-24,1.0123184331164625,1.0714540185889927
2011-10-25,1.0123184331164625,1.071464562583061
2011-10-26,1.0123184331164625,1.072739009588044
2011-10-27,1.0123184331164625,1.0727705693283878
2011-10-28,1.0123184331164625,1.0735099917205821
2011-10-31,1.0123184331164625,1.0734813442145916
2011-11-01,1.0123184331164625,1.073657724830921
2011-11-02,1.0123184331164625,1.0732077440204553
2011-11-03,1.0123184331164625,1.0722286707545237
2011-11-04,1.0123184331164625,1.0724615422493313
2011-11-07,1.0123184331164625,1.072929722928413
2011-11-08,1.0123184331164625,1.0728382347261813
2011-11-10,1.0123184331164625,1.0735057872009635
2011-11-11,1.0123184331164625,1.0731417065884197
2011-11-14,1.0123184331164625,1.0733612279467926
2011-11-15,1.0123184331164625,1.0739985839059805
2011-11-16,1.0123184331164625,1.0741793742251584
2011-11-17,1.0123184331164625,1.074345116954565
2011-11-18,1.0123184331164625,1.0741520026459412
2011-11-21,1.0123184331164625,1.0745810615202445
2011-11-22,1.0123184331164625,1.0753631574636915
2011-11-23,1.0123184331164625,1.0760888477369626
2011-11-24,1.0123184331164625,1.0760732416780874
2011-11-25,1.0123184331164625,1.0758933078556505
2011-11-28,1.0123184331164625,1.075767718463924
2011-11-29,1.0123184331164625,1.075266542366571
2011-11-30,1.0123184331164625,1.0756712900479344
2011-12-01,1.0123184331164625,1.0755190565663377
2011-12-02,1.0132156447423275,1.076472282517603
2011-12-05,1.013429711809198,1.0766997141263446
2011-12-06,1.013307886679191,1.076570283262888
2011-12-07,1.0133044856426707,1.0765666698943375
2011-12-09,1.0132906044147794,1.0770171390532155
2011-12-12,1.0136535091624146,1.077402867127022
2011-12-13,1.0141212239985116,1.0778999968669714
2011-12-14,1.0140593360561148,1.0778342167498247
2011-12-15,1.0141202746607247,1.077898987824686
2011-12-16,1.014099257246627,1.0778766486111344
2011-12-19,1.0142841905555007,1.0780732125014647
2011-12-20,1.0145107205066168,1.0783139890751328
2011-12-21,1.015158527705918,1.0790025373093803
2011-12-22,1.0150393017267443,1.0788758131273626
2011-12-23,1.0151703885245464,1.0790151440629514
2011-12-26,1.015474295746358,1.0793381642164463
2011-12-27,1.015768575103522,1.079650951002344
2011-12-28,1.0168931774147172,1.080846280317053
2011-12-29,1.0163783270368085,1.080299050649039
2011-12-30,1.0166914277125223,1.0806318424389991
2012-01-02,1.017208398409154,1.0811813257740215
2012-01-03,1.016858508954216,1.080809431533514
2012-01-04,1.0168617494800796,1.080812875858251
2012-01-05,1.0162869325824802,1.0802019083353758
2012-01-09,1.0160787835459437,1.0800034838300283
2012-01-10,1.0168724713670414,1.0808471050390722
2012-01-11,1.0165410125469028,1.0804947931058906
2012-01-12,1.0165410125469028,1.080819818650794
2012-01-13,1.0165410125469028,1.0811834191665533
2012-01-16,1.0165410125469028,1.0814027388755985
2012-01-17,1.0165410125469028,1.0822086794082824
2012-01-18,1.0165410125469028,1.0821340765322764
2012-01-19,1.0165410125469028,1.0825673668661029
2012-01-20,1.0165410125469028,1.083284823412014
2012-01-23,1.0165410125469028,1.0840831609300543
2012-01-24,1.0165410125469028,1.0835312021790127
2012-01-25,1.0165410125469028,1.083810219615455
2012-01-26,1.0159921835621637,1.0832250720856067
2012-01-27,1.01627904901835,1.083530920752047
2012-01-30,1.0170506857193793,1.0843536202123576
2012-01-31,1.0173698719951394,1.084693928516066
2012-02-01,1.016953549907248,1.084250056475549
2012-02-02,1.0170976308952804,1.0844036719670584
2012-02-03,1.0173253013497954,1.0846464084255605
2012-02-07,1.0176749780583276,1.0847983755055912
2012-02-08,1.0166995400064487,1.0837585999024772
2012-02-09,1.0160953323680575,1.083114540179357
2012-02-10,1.0163917021063837,1.083430457753845
2012-02-13,1.0173691275070482,1.0844723517864974
2012-02-14,1.0176402989784028,1.0847614090768418
2012-02-15,1.0177054023475038,1.084830806507813
2012-02-16,1.0181883393656743,1.0853455968918533
2012-02-17,1.0190943209720442,1.086311334869123
2012-02-20,1.019106912647552,1.0863247570613064
2012-02-21,1.0191014571098422,1.0863189416894314
2012-02-22,1.0193420821168822,1.0865754377440373
2012-02-23,1.0197399701816048,1.0869995695499188
2012-02-24,1.0203051281714413,1.0876020040034495
2012-02-27,1.0210730960610905,1.0884206252107052
2012-02-28,1.0208067679123742,1.0881367306969283
2012-02-29,1.020420067880785,1.087724524859976
2012-03-01,1.0212539118568082,1.088613367182051
2012-03-02,1.0219214729986394,1.0893249590535452
2012-03-05,1.0229211822526592,1.0903906067290021
2012-03-07,1.0230398808538232,1.0907554839534015
2012-03-08,1.023779563643716,1.0915441267761896
2012-03-09,1.024322920084326,1.0921234482947626
2012-03-12,1.0245421610133936,1.0923572009080897
2012-03-13,1.0244646780188913,1.0922745892692396
2012-03-14,1.024850922914524,1.0926863999385448
2012-03-15,1.0251670251458906,1.093023425159952
2012-03-16,1.0251535267087386,1.0930090332534155
2012-03-19,1.0254687895245533,1.0933451634978686
2012-03-20,1.0256946667089601,1.0935859916241253
2012-03-21,1.0247287402094734,1.0925561298893787
2012-03-22,1.024657182675276,1.0924798359204877
2012-03-23,1.0254039848875938,1.0932760694044006
2012-03-26,1.0252595738535077,1.093122099720207
2012-03-27,1.0250735804960192,1.092923795354506
2012-03-28,1.0259557300226665,1.0938643348699884
2012-03-29,1.0256334010945338,1.0935206708031449
2012-03-30,1.0248727689326735,1.0927096919573076
2012-04-02,1.0255830690509926,1.0934670072524482
2012-04-03,1.0262715258070032,1.0942010333604593
2012-04-05,1.0262126035556596,1.093748255296149
2012-04-06,1.0262511664688807,1.0937893560572471
2012-04-09,1.0261412952834956,1.0936722541848807
2012-04-10,1.0264111690035693,1.0939598884523396
2012-04-11,1.027176654231978,1.0947757507114135
2012-04-12,1.027007603718454,1.0945955748847054
2012-04-13,1.026490187174446,1.0940441068552649
2012-04-16,1.027145880077056,1.0947429512913545
2012-04-17,1.0275193855634959,1.0951410373923454
2012-04-18,1.0285630337066347,1.0962533686302838
2012-04-19,1.028247656676374,1.0959172364531764
2012-04-20,1.0280416912903858,1.0956977163646533
2012-04-23,1.028331547798238,1.0960066484988435
2012-04-24,1.0278324428612837,1.0954746971740283
2012-04-25,1.0281101693515426,1.0957707010070719
2012-04-26,1.028257222791407,1.0959274321198351
2012-04-27,1.0288361320212727,1.0965444397047608
2012-04-30,1.0291291558542723,1.0968567476076196
2012-05-01,1.029237357955233,1.096972070552139
2012-05-02,1.029455097277191,1.0972041394262455
2012-05-04,1.0298179839908839,1.097731838154869
2012-05-07,1.0300795418252344,1.0980106450573983
2012-05-08,1.0303747528298037,1.098325324470389
2012-05-09,1.0311338261289702,1.09913445670632
2012-05-10,1.0307224413177758,1.098695942122188
2012-05-11,1.0303342958901331,1.098282199499335
2012-05-14,1.0309215412247017,1.0989081721572076
2012-05-15,1.0308870915633939,1.098871450629113
2012-05-16,1.031378630861429,1.0993954056828659
2012-05-17,1.031332875671445,1.0993466330554822
2012-05-18,1.0312755517778562,1.099285528798169
2012-05-21,1.0317776972192207,1.0998207894431948
2012-05-22,1.0321237649178998,1.1001896794188046
2012-05-23,1.0323134506934804,1.1003918744846677
2012-05-24,1.0326959389135684,1.1007995868216407
2012-05-25,1.0333444120843838,1.1014908251344877
2012-05-28,1.0333444120843838,1.1015456272811364
2012-05-29,1.0333444120843838,1.1018457291670047
2012-05-30,1.0333444120843838,1.101577572690056
2012-05-31,1.0333444120843838,1.1010999960645436
2012-06-04,1.0333444120843838,1.1020271170865164
2012-06-05,1.0333444120843838,1.102402813418543
2012-06-06,1.0333444120843838,1.102545861900442
2012-06-07,1.0333444120843838,1.1026691644912605
2012-06-08,1.0333444120843838,1.1027428992883828
2012-06-11,1.0333444120843838,1.1029148457083404
2012-06-12,1.0333444120843838,1.1040255490873465
2012-06-13,1.0333444120843838,1.1039885423369267
2012-06-14,1.0333444120843838,1.1038454649086198
2012-06-15,1.0333444120843838,1.1043822672884385
2012-06-18,1.0333444120843838,1.1046345148173695
2012-06-19,1.0333444120843838,1.1042239831052207
2012-06-20,1.0333444120843838,1.1045520955169565
2012-06-21,1.0333444120843838,1.1040372243191174
2012-06-22,1.0333444120843838,1.1033240685462553
2012-06-25,1.0333444120843838,1.1042730166732486
2012-06-26,1.0333444120843838,1.1053306575498347
2012-06-27,1.0333444120843838,1.1054123047670366
2012-06-28,1.0333444120843838,1.1052782687702587
2012-06-29,1.0333444120843838,1.1059469230120298
2012-07-03,1.0333444120843838,1.1064853835939912
2012-07-04,1.0333444120843838,1.106473780502776
2012-07-05,1.0333444120843838,1.1071149856819313
2012-07-06,1.0333444120843838,1.1065076726052643
2012-07-09,1.0333444120843838,1.105591294999704
2012-07-10,1.0333444120843838,1.1059011197481456
2012-07-11,1.0333444120843838,1.106544258666537
2012-07-12,1.0333444120843838,1.1060708532412964
2012-07-13,1.0333444120843838,1.1064723253862736
2012-07-16,1.0333444120843838,1.1069484424835052
2012-07-17,1.0333444120843838,1.1073191453530928
2012-07-18,1.0333444120843838,1.1083727524571607
2012-07-19,1.0333444120843838,1.1087606961277667
2012-07-20,1.0333444120843838,1.1093860001593332
2012-07-23,1.0333444120843838,1.109662297308732
2012-07-24,1.0333444120843838,1.1094520912194803
2012-07-25,1.0333444120843838,1.110360258891644
2012-07-26,1.0333444120843838,1.1099503553312795
2012-07-27,1.0333444120843838,1.10981652775186
2012-07-30,1.0333444120843838,1.1101757362350724
2012-08-01,1.0333444120843838,1.109907525162809
2012-08-02,1.0333444120843838,1.1098072930110456
2012-08-03,1.0333444120843838,1.1091089015124582
2012-08-06,1.0333444120843838,1.1094872406293572
2012-08-07,1.0333444120843838,1.1097934267431757
2012-08-08,1.0333444120843838,1.1104191625403859
2012-08-09,1.0333444120843838,1.1108524020297799
2012-08-10,1.0333444120843838,1.1096100244113538
2012-08-13,1.0333444120843838,1.1093708187696067
2012-08-14,1.0333444120843838,1.1104417807301732
2012-08-15,1.0333444120843838,1.1107876203308265
2012-08-16,1.0333444120843838,1.1110614763475164
2012-08-17,1.0333444120843838,1.1106498782437715
2012-08-20,1.0333444120843838,1.110621683475043
2012-08-21,1.0333444120843838,1.1108138691181617
2012-08-22,1.0333444120843838,1.1111763358355342
2012-08-23,1.0333444120843838,1.1108425532548796
2012-08-24,1.0333444120843838,1.1113859671308117
2012-08-27,1.0333444120843838,1.11259379929063
2012-08-28,1.0333444120843838,1.112943458376234
2012-08-30,1.0333444120843838,1.1136726009571476
2012-08-31,1.0333444120843838,1.1120649823820867
2012-09-03,1.0333444120843838,1.1115668994515058
2012-09-04,1.0333444120843838,1.11228959382021
2012-09-05,1.0333444120843838,1.1118414148037055
2012-09-06,1.0333444120843838,1.1118853963519355
2012-09-07,1.0333444120843838,1.1123346025073413
2012-09-10,1.0333444120843838,1.1122680804948801
2012-09-11,1.0333444120843838,1.1116817045659837
2012-09-12,1.0333444120843838,1.1128094432644204
2012-09-13,1.0333444120843838,1.1129291958338245
2012-09-14,1.0333444120843838,1.114002320244199
2012-09-17,1.0333444120843838,1.114183169569054
2012-09-18,1.0333444120843838,1.1147229006682657
2012-09-19,1.0333444120843838,1.1153331543914111
2012-09-20,1.0333444120843838,1.1156893930061347
2012-09-21,1.0333444120843838,1.1154271109922296
2012-09-24,1.0333444120843838,1.1153181828847143
2012-09-25,1.0333444120843838,1.1164044472574068
2012-09-26,1.0333444120843838,1.1163849039602465
2012-09-28,1.0333444120843838,1.1182956252384806
2012-10-01,1.0333444120843838,1.1183841518688749
2012-10-02,1.0333444120843838,1.1190478717529408
2012-10-03,1.0333444120843838,1.1179710435099566
2012-10-04,1.0333444120843838,1.118131703948127
2012-10-05,1.0333444120843838,1.1189389290353562
2012-10-08,1.0333444120843838,1.1195753348266653
2012-10-09,1.0333444120843838,1.1191482079942714
2012-10-10,1.0333444120843838,1.1184015305713801
2012-10-11,1.0333444120843838,1.11887840301791
2012-10-12,1.0333444120843838,1.1198884690364665
2012-10-15,1.0333444120843838,1.119000997013514
2012-10-16,1.0333444120843838,1.1186178207807014
2012-10-17,1.0333444120843838,1.1194437515353801
2012-10-18,1.0333444120843838,1.1192985275871985
2012-10-19,1.0333444120843838,1.120366244504587
2012-10-22,1.0333444120843838,1.1205917556656657
2012-10-23,1.0333444120843838,1.120782802206761
2012-10-24,1.0333444120843838,1.1204405945444782
2012-10-25,1.0333444120843838,1.1207642551648718
2012-10-29,1.0333444120843838,1.1207418458085447
2012-10-30,1.0333444120843838,1.1205372736834214
2012-10-31,1.0333444120843838,1.1214713263714258
2012-11-01,1.0333444120843838,1.1217087107261088
2012-11-02,1.0333444120843838,1.1219777868723895
2012-11-05,1.0333444120843838,1.121573147369401
2012-11-06,1.0333444120843838,1.12149444079501
2012-11-07,1.0333444120843838,1.1218726855810246
2012-11-08,1.0333444120843838,1.1220007678020514
2012-11-09,1.0333444120843838,1.1227973795064827
2012-11-12,1.0333444120843838,1.1230204778862136
2012-11-13,1.0333444120843838,1.1231556414685835
2012-11-14,1.0333444120843838,1.1219465274195066
2012-11-15,1.0333444120843838,1.1227215142663356
2012-11-16,1.0333444120843838,1.12212143770296
2012-11-19,1.0333444120843838,1.121692783222424
2012-11-20,1.0333444120843838,1.1217820781633294
2012-11-21,1.0333444120843838,1.1213045039145206
2012-11-22,1.0333444120843838,1.1213258684502503
2012-11-23,1.0333444120843838,1.1215979508755687
2012-11-27,1.0333444120843838,1.1220129351452761
2012-11-28,1.0333444120843838,1.1217528700791664
2012-11-29,1.0333444120843838,1.1224945276441958
2012-11-30,1.0333444120843838,1.1235277823355194
2012-12-03,1.0333444120843838,1.1239586179606689
2012-12-04,1.0333444120843838,1.124945682630685
2012-12-05,1.0333444120843838,1.1249396411306907
2012-12-06,1.0333444120843838,1.1246126912194887
2012-12-07,1.0333444120843838,1.1250163787899865
2012-12-10,1.0333444120843838,1.1250015085583176
2012-12-11,1.0333444120843838,1.124928389883653
2012-12-12,1.0333444120843838,1.124956496105729
2012-12-13,1.0333444120843838,1.1259875976399354
2012-12-14,1.0333444120843838,1.12650211468888
2012-12-17,1.0333444120843838,1.1265622679704483
2012-12-18,1.0333444120843838,1.1259423269811029
2012-12-19,1.0333444120843838,1.1265757029862633
2012-12-20,1.0333444120843838,1.1273924548032241
2012-12-21,1.0333444120843838,1.1270669756117897
2012-12-24,1.0333444120843838,1.1272602644150618
2012-12-26,1.0333444120843838,1.1287409400228745
2012-12-27,1.0333444120843838,1.128930732322943
2012-12-28,1.0333444120843838,1.1298453880106483
2012-12-31,1.0333444120843838,1.1310415909459994
2013-01-01,1.0333444120843838,1.1306990501328293
2013-01-02,1.0333444120843838,1.1303279763913427
2013-01-03,1.0333444120843838,1.129956540639039
2013-01-04,1.0333444120843838,1.130730067447315
2013-01-07,1.0333444120843838,1.1306946394327597
2013-01-08,1.0333444120843838,1.1304873999052452
2013-01-09,1.0333444120843838,1.1305448523545314
2013-01-10,1.0333444120843838,1.1301683762836914
2013-01-11,1.0333444120843838,1.1307375915232545
2013-01-14,1.0333444120843838,1.131209101972163
2013-01-15,1.0333444120843838,1.1307307377854463
2013-01-16,1.0333444120843838,1.1303559645180714
2013-01-17,1.0333444120843838,1.1302626147511485
2013-01-18,1.0333444120843838,1.1301463104194271
2013-01-21,1.0333444120843838,1.1304279381647222
2013-01-22,1.0333444120843838,1.1300557010786132
2013-01-24,1.0333444120843838,1.1308744092835032
2013-01-25,1.0333444120843838,1.1306176781840758
2013-01-28,1.0333444120843838,1.1303883690132124
2013-01-29,1.0333444120843838,1.1314548494961718
2013-01-30,1.0333444120843838,1.132000346535007
2013-01-31,1.0333444120843838,1.1322000532536742
2013-02-01,1.0333444120843838,1.1326837807878898
2013-02-04,1.0333444120843838,1.13273076051299
2013-02-05,1.0333444120843838,1.132893224857639
2013-02-06,1.0333444120843838,1.1320734287480692
2013-02-07,1.0333444120843838,1.1317262392334113
2013-02-08,1.0333444120843838,1.1317329102410323
2013-02-11,1.0333444120843838,1.1318683671864183
2013-02-12,1.0333444120843838,1.1329259099632336
2013-02-13,1.0333444120843838,1.1329942534770567
2013-02-14,1.0333444120843838,1.132370370918905
2013-02-15,1.0333444120843838,1.1331283707914097
2013-02-18,1.0333444120843838,1.133934732584783
2013-02-19,1.0333444120843838,1.1343908517353767
2013-02-20,1.0333444120843838,1.1354526505095266
2013-02-22,1.0333444120843838,1.136552062436816
2013-02-25,1.0333444120843838,1.1374196010670958
2013-02-26,1.0333444120843838,1.1379912857127108
2013-02-27,1.0333444120843838,1.137624341104721
2013-02-28,1.0333444120843838,1.1377750121249877
2013-03-01,1.0333444120843838,1.1371163779601505
2013-03-04,1.0333444120843838,1.1371385637898292
2013-03-05,1.0333444120843838,1.1369770782505946
2013-03-06,1.0333444120843838,1.137757827124468
2013-03-07,1.0333444120843838,1.137451504482972
2013-03-08,1.0333444120843838,1.1386115035681832
2013-03-11,1.0333444120843838,1.138616283862124
2013-03-12,1.0333444120843838,1.1388204892288065
2013-03-13,1.0333444120843838,1.138654879681944
2013-03-14,1.0333444120843838,1.1399441217495108
2013-03-15,1.0333444120843838,1.1407603424088153
2013-03-18,1.0333444120843838,1.140529559452715
2013-03-19,1.0333444120843838,1.1415120969716144
2013-03-20,1.0333444120843838,1.1414941611948417
2013-03-21,1.0333444120843838,1.1426856863021424
2013-03-25,1.0333444120843838,1.14292039663995
2013-03-26,1.0333444120843838,1.143079639113859
2013-03-27,1.0333444120843838,1.1427703430539584
2013-03-28,1.0333444120843838,1.1432340792738243
2013-03-29,1.0333444120843838,1.1424761109014745
2013-04-01,1.0333444120843838,1.1426280926209553
2013-04-02,1.0339989544243327,1.1433518575696882
2013-04-03,1.034407406217982,1.1438035061085947
2013-04-04,1.034407406217982,1.14498596091776
2013-04-05,1.0341755880392458,1.1447293612854073
2013-04-08,1.0341755880392458,1.145215533952414
2013-04-09,1.0341755880392458,1.1451015252234613
2013-04-10,1.0341755880392458,1.1451290756272259
2013-04-11,1.0341755880392458,1.1448628584957092
2013-04-12,1.0341755880392458,1.1450242892299511
2013-04-15,1.0341755880392458,1.145572255349324
2013-04-16,1.0341755880392458,1.1451654962407536
2013-04-17,1.0341755880392458,1.1450982717434104
2013-04-18,1.0341755880392458,1.1451486983986578
2013-04-19,1.0341755880392458,1.1450787126165043
2013-04-23,1.0341755880392458,1.1456644815781187
2013-04-24,1.0341755880392458,1.145653083604012
2013-04-25,1.0341755880392458,1.1465537470090403
2013-04-26,1.0341755880392458,1.146337372578531
2013-04-29,1.0341755880392458,1.146616299118813
2013-04-30,1.0341755880392458,1.1466745687377176
2013-05-01,1.0341755880392458,1.1469235075731143
2013-05-02,1.0341755880392458,1.1466073191715112
2013-05-03,1.0341086861053899,1.1465331439077424
2013-05-06,1.0348261433685992,1.1473286004614485
2013-05-07,1.03446017378009,1.1469228440177341
2013-05-08,1.0343606441771402,1.1468124939257998
2013-05-09,1.0347086838469057,1.1471983711765592
2013-05-10,1.0340979638773802,1.1465212559989038
2013-05-13,1.0338193187622426,1.1462123176211627
2013-05-14,1.0338193187622426,1.14623412317565
2013-05-15,1.0338193187622426,1.146608099513794
2013-05-16,1.0338193187622426,1.1463614114030742
2013-05-17,1.0338193187622426,1.1470001919818742
2013-05-20,1.0338193187622426,1.1473394315353265
2013-05-22,1.0338193187622426,1.1469753698616494
2013-05-23,1.0338193187622426,1.147652812560092
2013-05-24,1.0338193187622426,1.1470621212300542
2013-05-27,1.0338193187622426,1.146782846742891
2013-05-28,1.0338193187622426,1.1482637847860033
2013-05-29,1.0338193187622426,1.1484049649903276
2013-05-30,1.0338193187622426,1.14945477991989
2013-05-31,1.0338193187622426,1.1491621255457907
2013-06-03,1.0338193187622426,1.1488579929174583
2013-06-04,1.0338193187622426,1.1493089585980292
2013-06-05,1.0338193187622426,1.149692482281005
2013-06-06,1.0338193187622426,1.148935980278258
2013-06-07,1.0338193187622426,1.1495555192123619
2013-06-10,1.0338193187622426,1.1503220612273666
2013-06-11,1.0338193187622426,1.1501124157151645
2013-06-12,1.0338193187622426,1.1497849926214971
2013-06-13,1.0338193187622426,1.1501520046025886
2013-06-14,1.0338193187622426,1.1498200280818687
2013-06-17,1.0338193187622426,1.1495506263986641
2013-06-18,1.0338193187622426,1.1496540424084098
2013-06-20,1.0338193187622426,1.1497929471722617
2013-06-21,1.0338193187622426,1.14931431224414
2013-06-24,1.0338193187622426,1.1496062720655342
2013-06-25,1.0338193187622426,1.1503654622578978
2013-06-26,1.0338193187622426,1.1496846883709269
2013-06-27,1.0338193187622426,1.150473129973581
2013-06-28,1.0338193187622426,1.1509254932567545
2013-07-01,1.0338193187622426,1.1513499486464818
2013-07-02,1.0338193187622426,1.1511455468209184
2013-07-03,1.0338193187622426,1.1512948957863742
2013-07-04,1.0338193187622426,1.151401596093299
2013-07-05,1.0338193187622426,1.151756646566501
2013-07-08,1.0338193187622426,1.1520117457899173
2013-07-09,1.0338193187622426,1.1521433259440104
2013-07-10,1.0338193187622426,1.1532044532050791
2013-07-11,1.0338193187622426,1.153899286688706
2013-07-12,1.0338193187622426,1.1544393975132918
2013-07-15,1.0338193187622426,1.1553221952683392
2013-07-16,1.0338193187622426,1.1549699783936556
2013-07-17,1.0338193187622426,1.1552416873813933
2013-07-19,1.0338193187622426,1.1541320437894653
2013-07-22,1.0338193187622426,1.1553096399339886
2013-07-23,1.0338193187622426,1.1556508901351397
2013-07-24,1.0338193187622426,1.1558576495872324
2013-07-25,1.0338193187622426,1.1564072629354138
2013-07-26,1.0338193187622426,1.1565372855748022
2013-07-29,1.0338193187622426,1.1569993404691703
2013-07-30,1.0338193187622426,1.1573665498330752
2013-07-31,1.0338193187622426,1.1573910912310332
2013-08-01,1.0338193187622426,1.157077354347034
2013-08-02,1.0338193187622426,1.1574674423894105
2013-08-05,1.0338193187622426,1.1570247422478663
2013-08-06,1.0338193187622426,1.157228285688429
2013-08-07,1.0338193187622426,1.1574526481037595
2013-08-08,1.0338193187622426,1.157380160959977
2013-08-09,1.0338193187622426,1.1576903967786947
2013-08-12,1.0338193187622426,1.1578740032121158
2013-08-13,1.0338193187622426,1.1584892139250615
2013-08-14,1.0338193187622426,1.1589521122236877
2013-08-15,1.0338193187622426,1.1596937035496337
2013-08-19,1.0338193187622426,1.1607910573054314
2013-08-20,1.0338193187622426,1.1615014595410504
2013-08-21,1.0338193187622426,1.1614633451714391
2013-08-22,1.0336492390807959,1.1612722660223327
2013-08-23,1.0336492390807959,1.161693768161826
2013-08-26,1.0336492390807959,1.1617587597605146
2013-08-27,1.0336492390807959,1.1618838360436468
2013-08-28,1.0333176642177901,1.1615111259799242
2013-08-29,1.0333176642177901,1.1617123401286478
2013-08-30,1.0333176642177901,1.161787999683157
2013-09-02,1.0333176642177901,1.1625568468635357
2013-09-03,1.0333176642177901,1.1630771670528786
2013-09-04,1.0333176642177901,1.1633707144168985
2013-09-05,1.0333176642177901,1.1635099302365637
2013-09-06,1.0333176642177901,1.1637216892249052
2013-09-09,1.0333176642177901,1.1641190312663041
2013-09-10,1.0333176642177901,1.1647922828500945
2013-09-11,1.0333176642177901,1.164604224288136
2013-09-12,1.0333176642177901,1.1643928428137862
2013-09-13,1.0333176642177901,1.1643502421144225
2013-09-17,1.0333176642177901,1.1644379994813931
2013-09-18,1.0333176642177901,1.164663079432786
2013-09-19,1.0333176642177901,1.165113792210625
2013-09-20,1.0333176642177901,1.164703535964399
2013-09-23,1.0333176642177901,1.1657358559216076
2013-09-24,1.0333176642177901,1.1657605071532442
2013-09-25,1.0333176642177901,1.1659119628291477
2013-09-26,1.0333176642177901,1.1661684958875802
2013-09-27,1.0333176642177901,1.1647435794464542
2013-09-30,1.0333176642177901,1.1645839419494275
2013-10-01,1.0333176642177901,1.1652766270088066
2013-10-02,1.0333176642177901,1.1655851573592078
2013-10-03,1.0333176642177901,1.16656250951006
2013-10-04,1.0333176642177901,1.1669235616050813
2013-10-07,1.0333176642177901,1.167484292828463
2013-10-08,1.0333176642177901,1.1673399424472208
2013-10-09,1.0333176642177901,1.1674666008822137
2013-10-10,1.0333176642177901,1.167483524962863
2013-10-11,1.0333176642177901,1.168025409310655
2013-10-14,1.0333176642177901,1.1672550651343534
2013-10-16,1.0333176642177901,1.1666845205703922
2013-10-17,1.0333176642177901,1.1665612766572768
2013-10-18,1.0333176642177901,1.1669502592273133
2013-10-21,1.0330148633126366,1.1666082989502375
2013-10-22,1.0330917489125566,1.1666951276901927
2013-10-23,1.0330917489125566,1.1679509563044823
2013-10-24,1.0330917489125566,1.1680526705022671
2013-10-25,1.0330917489125566,1.1677985765932408
2013-10-28,1.0330917489125566,1.1676840100187318
2013-10-29,1.0330917489125566,1.1684823633845751
2013-10-30,1.0330917489125566,1.1686096747537984
2013-10-31,1.0330917489125566,1.167927351680268
2013-11-01,1.0330917489125566,1.1680004379381534
2013-11-04,1.0330917489125566,1.1681516354927073
2013-11-05,1.0330917489125566,1.1676673275995035
2013-11-06,1.0330917489125566,1.1684162827860434
2013-11-07,1.0330917489125566,1.1685234416046701
2013-11-08,1.0330917489125566,1.1690465774767902
2013-11-11,1.0330917489125566,1.1683557539060674
2013-11-12,1.0330917489125566,1.1685157105925283
2013-11-14,1.0330917489125566,1.169049323813912
2013-11-15,1.0330917489125566,1.1678920095364245
2013-11-18,1.0330917489125566,1.1675203932130143
2013-11-19,1.0330917489125566,1.1669359167740478
2013-11-20,1.0330917489125566,1.167241672159003
2013-11-21,1.0330917489125566,1.1673926842194375
2013-11-22,1.0330917489125566,1.1689947571875499
2013-11-25,1.0330917489125566,1.1686853690954158
2013-11-26,1.0330917489125566,1.1696465575190298
2013-11-27,1.0330917489125566,1.1702224017902378
2013-11-28,1.0330917489125566,1.1706946325006562
2013-11-29,1.0330917489125566,1.1707526688844048
2013-12-02,1.0330917489125566,1.1714159549785736
2013-12-03,1.0330917489125566,1.172080405971946
2013-12-04,1.0330917489125566,1.1720861700519893
2013-12-05,1.0330917489125566,1.1721720811148482
2013-12-06,1.0330917489125566,1.172041263908077
2013-12-09,1.0330917489125566,1.1724721588618536
2013-12-10,1.0330917489125566,1.1724023361418976
2013-12-11,1.0330917489125566,1.1719658757897988
2013-12-13,1.0330917489125566,1.1730866414155767
2013-12-16,1.0330917489125566,1.1734504781464357
2013-12-17,1.0330917489125566,1.1727000003472932
2013-12-18,1.0330917489125566,1.1729363065804246
2013-12-19,1.0330917489125566,1.173193299037407
2013-12-20,1.0330917489125566,1.1728065018323197
2013-12-23,1.0330917489125566,1.1740450146120822
2013-12-24,1.0330917489125566,1.1742839915678112
2013-12-25,1.0330917489125566,1.174303088488362
2013-12-26,1.0330917489125566,1.1750300686323947
2013-12-27,1.0330917489125566,1.1755659303732797
2013-12-30,1.0330917489125566,1.1761292217577437
2013-12-31,1.032919522087589,1.175933149141901
2014-01-01,1.032919522087589,1.1752527546041796
2014-01-02,1.032919522087589,1.175235558382658
2014-01-03,1.032919522087589,1.1751156052034533
2014-01-06,1.0342864099117703,1.1766706646039298
2014-01-07,1.0342864099117703,1.1771293175716782
2014-01-08,1.034540640823311,1.1774186597273324
2014-01-09,1.0351030991170902,1.1780587978372155
2014-01-13,1.035469825419468,1.1788030319805949
2014-01-14,1.0352800643165836,1.1785870035093242
2014-01-15,1.0351796858337738,1.1784727303002194
2014-01-16,1.0351796858337738,1.1798593565026547
2014-01-17,1.0351796858337738,1.1805660113777654
2014-01-20,1.0351796858337738,1.1805844786899675
2014-01-21,1.0351796858337738,1.1807502280393003
2014-01-22,1.0364700670748181,1.1822220671465307
2014-01-23,1.0365796855318075,1.182347100529487
2014-01-24,1.0362113860859314,1.1819270095436845
2014-01-27,1.0362113860859314,1.1810416877092587
2014-01-28,1.0360923253327925,1.1809059859453952
2014-01-29,1.0358652048395665,1.1806471210320821
2014-01-30,1.0357600981004116,1.1805273236217584
2014-01-31,1.0365414040898029,1.181417832022572
2014-02-03,1.0363881167893525,1.1812431198987146
2014-02-04,1.036490531828213,1.1813598493922974
2014-02-05,1.0360598920399102,1.180869019481334
2014-02-06,1.0347211452828855,1.1793431573352866
2014-02-07,1.0356481845818513,1.1803997680548028
2014-02-11,1.0359590874050808,1.180451804582471
2014-02-12,1.0359598130668861,1.180452631457584
2014-02-13,1.0365079414371434,1.181077211261632
2014-02-14,1.0368743400017275,1.1814947140877745
2014-02-17,1.0375442520821274,1.182258063658075
2014-02-18,1.0372931314346534,1.1819719173950782
2014-02-19,1.0381477822320517,1.1829457725292647
2014-02-20,1.0380276930200865,1.1828089336051228
2014-02-21,1.0386116408508534,1.1834743288692713
2014-02-24,1.0393944506024593,1.1843663227666776
2014-02-25,1.0396924790547817,1.1847059194058096
2014-02-26,1.0393139933976867,1.184274643612819
2014-02-27,1.0395429833639407,1.1845355724681979
2014-02-28,1.0396336833671602,1.1846389230577896
2014-03-03,1.0402003923733933,1.185284675073689
2014-03-04,1.0398186036988772,1.1848496355675144
2014-03-05,1.0398186036988772,1.184709881119541
2014-03-06,1.0393494151925016,1.184175314554148
2014-03-07,1.0393494151925016,1.1851480405824633
2014-03-10,1.039551646981148,1.185378641191416
2014-03-12,1.039551646981148,1.1854134216087913
2014-03-13,1.039551646981148,1.1861012011470269
2014-03-14,1.039551646981148,1.18605955625869
2014-03-17,1.0400920176834763,1.18667608342911
2014-03-18,1.0405492802671128,1.1871977897422272
2014-03-19,1.0405492802671128,1.1874279959444725
2014-03-20,1.0405492802671128,1.1873314427811472
2014-03-21,1.0405492802671128,1.1876345339293988
2014-03-24,1.0405492802671128,1.1876074334545978
2014-03-25,1.0405492802671128,1.1868048926769919
2014-03-26,1.0405492802671128,1.1868062403848108
2014-03-27,1.0405492802671128,1.1868382497527514
2014-03-28,1.0405492802671128,1.1872633685147573
2014-03-31,1.0405492802671128,1.188003862443921
2014-04-01,1.0405492802671128,1.1879012421491404
2014-04-02,1.0405492802671128,1.1878649072838812
2014-04-03,1.0405492802671128,1.187600274129396
2014-04-04,1.0405492802671128,1.188155588874241
2014-04-07,1.0405492802671128,1.1887344599222363
2014-04-08,1.0405492802671128,1.189899924040199
2014-04-10,1.0405492802671128,1.1905101082037564
2014-04-11,1.0405492802671128,1.1917411153625426
2014-04-14,1.0405492802671128,1.1919715597348333
2014-04-15,1.0405492802671128,1.1923694008513797
2014-04-16,1.0405492802671128,1.1924506652174804
2014-04-17,1.0405492802671128,1.1930746372126395
2014-04-18,1.0405492802671128,1.1930142432387443
2014-04-21,1.0405492802671128,1.1948004749877994
2014-04-22,1.0405492802671128,1.1950195547436722
2014-04-23,1.0405492802671128,1.1965443810565157
2014-04-24,1.0405492802671128,1.1957449530505306
2014-04-25,1.0405492802671128,1.1952218417305187
2014-04-28,1.0405492802671128,1.1951679023175086
2014-04-29,1.0405492802671128,1.1944296455729022
2014-04-30,1.0405492802671128,1.195240407897728
2014-05-01,1.0405492802671128,1.1944236895038938
2014-05-02,1.0405492802671128,1.1941570737305929
2014-05-05,1.0405492802671128,1.1946940249086497
2014-05-06,1.0405492802671128,1.1942727003095062
2014-05-07,1.0405492802671128,1.1950873564519644
2014-05-09,1.0405492802671128,1.1964414423450407
2014-05-12,1.0405492802671128,1.1967440579372548
2014-05-13,1.0405492802671128,1.1973269924475418
2014-05-14,1.0405492802671128,1.1970651297013382
2014-05-15,1.0405492802671128,1.197453570284069
2014-05-16,1.0405492802671128,1.1973586950474768
2014-05-19,1.0405492802671128,1.1980486438326232
2014-05-20,1.0405492802671128,1.199244248873996
2014-05-21,1.0405492802671128,1.1995062733580912
2014-05-22,1.0405492802671128,1.2007946161647127
2014-05-23,1.0405492802671128,1.2011227278972956
2014-05-26,1.0405492802671128,1.2017676863149178
2014-05-27,1.0405492802671128,1.2005140303566046
2014-05-28,1.0405492802671128,1.2003338182364536
2014-05-29,1.0405492802671128,1.2006238530491915
2014-05-30,1.0405492802671128,1.200120605704773
2014-06-02,1.0405492802671128,1.2005366149232104
2014-06-03,1.0405492802671128,1.2005210990692832
2014-06-04,1.0405492802671128,1.2007293795057827
2014-06-05,1.0405492802671128,1.2004943370707837
2014-06-09,1.0405492802671128,1.200372738231093
2014-06-10,1.0405492802671128,1.2002366281494006
2014-06-11,1.0405492802671128,1.2015365540509901
2014-06-12,1.0405492802671128,1.202572962642984
2014-06-13,1.0405492802671128,1.2031453197789643
2014-06-16,1.0405492802671128,1.2028221194256419
2014-06-17,1.0405492802671128,1.2038444553231888
2014-06-18,1.0405492802671128,1.2026619437212782
2014-06-19,1.0405492802671128,1.20204150691958
2014-06-20,1.0405492802671128,1.2026677541089326
2014-06-23,1.0405492802671128,1.203032138420103
2014-06-24,1.0405492802671128,1.2033858800042632
2014-06-25,1.0405492802671128,1.204378168871022
2014-06-26,1.0405492802671128,1.2049977192248438
2014-06-27,1.0405492802671128,1.205159718882403
2014-06-30,1.0405492802671128,1.2059274069928554
2014-07-01,1.0405492802671128,1.2059686961190144
2014-07-02,1.0405492802671128,1.206520449851528
2014-07-03,1.0405492802671128,1.2076244569975627
2014-07-04,1.0405492802671128,1.2084322450514848
2014-07-08,1.0405492802671128,1.207321500409674
2014-07-09,1.0405492802671128,1.207574726821461
2014-07-10,1.0405492802671128,1.2085448637231757
2014-07-11,1.0405492802671128,1.208684822049065
2014-07-14,1.0405492802671128,1.2097194517201348
2014-07-15,1.0405492802671128,1.2092623444834298
2014-07-16,1.0405492802671128,1.2098400963189229
2014-07-17,1.0405492802671128,1.2099885485662496
2014-07-18,1.0405492802671128,1.2098846448415035
2014-07-21,1.0405492802671128,1.210753034258676
2014-07-22,1.0405492802671128,1.212058833522314
2014-07-23,1.0405492802671128,1.2125857833325018
2014-07-24,1.0405492802671128,1.2115351430051844
2014-07-25,1.0405492802671128,1.2122072622144926
2014-07-28,1.0405492802671128,1.2139306546060809
2014-07-29,1.0405492802671128,1.2138665959838477
2014-07-30,1.0405492802671128,1.2131832804902574
2014-07-31,1.0405492802671128,1.2128625086444258
2014-08-01,1.0405492802671128,1.2127861750635047
2014-08-04,1.0405492802671128,1.2132463262831603
2014-08-06,1.0416313322603639,1.2138768524086667
2014-08-07,1.0418912742437725,1.2141797787386037
2014-08-08,1.0418912742437725,1.2136122745030613
2014-08-11,1.0418912742437725,1.2133650632724315
2014-08-12,1.0418912742437725,1.213667116696055
2014-08-13,1.0418912742437725,1.2138311600047564
2014-08-14,1.0418912742437725,1.2152882791742605
2014-08-15,1.0418912742437725,1.2155460032343404
2014-08-18,1.0418912742437725,1.2150017636313932
2014-08-19,1.0418912742437725,1.2156389572981037
2014-08-20,1.0418912742437725,1.2158013237119847
2014-08-21,1.0418912742437725,1.2156573699448627
2014-08-22,1.0418912742437725,1.2158302260001645
2014-08-25,1.0418912742437725,1.215698835775893
2014-08-26,1.0418912742437725,1.2160442905901103
2014-08-27,1.0418912742437725,1.2162461835618774
2014-08-28,1.0418912742437725,1.2160186193882172
2014-08-29,1.0418912742437725,1.216230052361096
2014-09-01,1.0418912742437725,1.2164903673235337
2014-09-02,1.0418912742437725,1.2164914666449158
2014-09-04,1.0418912742437725,1.2170470645160263
2014-09-05,1.0418912742437725,1.2163665976310583
2014-09-08,1.0418912742437725,1.2169284598997447
2014-09-09,1.0418912742437725,1.2172445652598136
2014-09-10,1.0418912742437725,1.2164906069111951
2014-09-11,1.0418912742437725,1.2176395375020224
2014-09-12,1.0418912742437725,1.2183187517753586
2014-09-15,1.0418912742437725,1.218449839633301
2014-09-16,1.0418912742437725,1.218781974903901
2014-09-17,1.0418912742437725,1.2177753525906791
2014-09-18,1.0418912742437725,1.2183080907273682
2014-09-19,1.0418912742437725,1.218647426107002
2014-09-22,1.0418912742437725,1.2186209976856373
2014-09-23,1.0418912742437725,1.2192555680946233
2014-09-24,1.0418912742437725,1.2197379309520242
2014-09-25,1.0418912742437725,1.219770239249352
2014-09-26,1.0418912742437725,1.220002618375488
2014-09-29,1.0418912742437725,1.22001442608991
2014-09-30,1.0418912742437725,1.2202518006641332
2014-10-01,1.0418912742437725,1.2212282010596722
2014-10-03,1.0418912742437725,1.220281741988672
2014-10-06,1.0418912742437725,1.2206406747078675
2014-10-07,1.0418912742437725,1.2206750583207278
2014-10-08,1.0418912742437725,1.2208305109572704
2014-10-09,1.0418912742437725,1.221218986895996
2014-10-10,1.0418912742437725,1.2201652003649397
2014-10-13,1.0418912742437725,1.2207471812304953
2014-10-14,1.0418912742437725,1.2200551310926786
2014-10-15,1.0418912742437725,1.2208395020453837
2014-10-16,1.0418912742437725,1.2204831176839162
2014-10-17,1.0418912742437725,1.2205325979497383
2014-10-20,1.0418912742437725,1.2208607711854689
2014-10-21,1.0418912742437725,1.221292197866873
2014-10-22,1.0418912742437725,1.2220566177562788
2014-10-23,1.0418912742437725,1.2219171655445362
2014-10-24,1.0418912742437725,1.2224332114287852
2014-10-27,1.0418912742437725,1.223710458663743
2014-10-28,1.0418912742437725,1.2246950159351946
2014-10-29,1.0418912742437725,1.2249921608771157
2014-10-30,1.0418912742437725,1.225009541393636
2014-11-03,1.0418912742437725,1.2243184117189663
2014-11-04,1.0418912742437725,1.225576363830129
2014-11-05,1.0418912742437725,1.2260497510015491
2014-11-06,1.0418912742437725,1.2271069974213182
2014-11-07,1.0418912742437725,1.226866421915434
2014-11-10,1.0418912742437725,1.2273911115958112
2014-11-11,1.0415664870030403,1.227008498762506
2014-11-12,1.0420123680089493,1.2275337650710074
2014-11-13,1.0420123680089493,1.22720958052845
2014-11-14,1.0422374306649822,1.2274746436468758
2014-11-17,1.0417837182691478,1.2269402927926374
2014-11-18,1.0420567329889932,1.227261830511484
2014-11-19,1.0421589015213402,1.2273821574918289
2014-11-20,1.0428959451027244,1.2282501960795762
2014-11-21,1.0431952433362803,1.228602688689963
2014-11-24,1.0425739094184205,1.2278709248835873
2014-11-25,1.0423617135424912,1.2276210153624683
2014-11-26,1.042690724790491,1.2280085018914608
2014-11-27,1.0428531100424578,1.2281997479294813
2014-11-28,1.043832759235087,1.229353510506262
2014-12-02,1.0442389208791112,1.2303183053298323
2014-12-03,1.0456484425008112,1.2319789983171
2014-12-04,1.0461904894189749,1.2326176359242893
2014-12-05,1.0465253333888587,1.2330121478097786
2014-12-08,1.046853391609869,1.2333986647518815
2014-12-09,1.0475950970285097,1.234272539241206
2014-12-10,1.0475950970285097,1.234127090090749
2014-12-11,1.0478080846126288,1.2343780016768762
2014-12-12,1.047928337161666,1.2345196660745428
2014-12-15,1.0484406585633876,1.2351232100606604
2014-12-16,1.0483579388785556,1.235025761529043
2014-12-17,1.048208510337991,1.2348497261404978
2014-12-18,1.0484649159596675,1.2351517866643205
2014-12-19,1.0490422713556868,1.2358319444245645
2014-12-22,1.0490793414904853,1.2358756151688413
2014-12-23,1.049679569848775,1.236582718590103
2014-12-24,1.0502525365853304,1.2372577062578667
2014-12-25,1.0500150823570649,1.2369779715620952
2014-12-26,1.0500150823570649,1.2381957447397864
2014-12-29,1.0500150823570649,1.23764977942367
2014-12-31,1.0500150823570649,1.2385700168292975
2015-01-01,1.0500150823570649,1.2387135643799174
2015-01-02,1.0500150823570649,1.239380388759598
2015-01-05,1.0500150823570649,1.2400263748803853
2015-01-06,1.0500150823570649,1.239040899003199
2015-01-07,1.0500150823570649,1.2393589134297838
2015-01-08,1.0500150823570649,1.2392783829063947
2015-01-09,1.0500150823570649,1.2388558256569262
2015-01-12,1.0500150823570649,1.239899608512042
2015-01-13,1.0500150823570649,1.2400600343274495
2015-01-14,1.0500150823570649,1.2407445455734012
2015-01-15,1.0500150823570649,1.2402583130395004
2015-01-16,1.0500150823570649,1.2418424435119908
2015-01-19,1.0500150823570649,1.2422372795894043
2015-01-20,1.0500150823570649,1.2424503900509196
2015-01-21,1.0500150823570649,1.2423516854878733
2015-01-22,1.0500150823570649,1.2424957347513914
2015-01-23,1.0500150823570649,1.243385226994141
2015-01-26,1.0500150823570649,1.2438724892014763
2015-01-27,1.0500150823570649,1.2437737122895118
2015-01-29,1.0500150823570649,1.2443941758825348
2015-01-30,1.0500150823570649,1.244257957806812
2015-02-02,1.0500150823570649,1.2458616057838483
2015-02-03,1.0500150823570649,1.2463221410102256
2015-02-04,1.0500150823570649,1.2465509681073685
2015-02-05,1.0500150823570649,1.247394477457801
2015-02-06,1.0500150823570649,1.2478579323916776
2015-02-09,1.0500150823570649,1.2476456876875073
2015-02-10,1.0500150823570649,1.2467289120228457
2015-02-11,1.0500150823570649,1.2466869520384913
2015-02-12,1.0500150823570649,1.246989220523689
2015-02-13,1.0499674875740668,1.2469326973533565
2015-02-16,1.0501492392176668,1.2471485441008843
2015-02-17,1.0507402772905523,1.2478504560240473
2015-02-18,1.0512863961822203,1.2484990222994057
2015-02-19,1.051806203947938,1.2491163416993702
2015-02-20,1.0517310676541987,1.2490271104588508
2015-02-23,1.0513543108883399,1.2485796772422433
2015-02-24,1.051134404088485,1.2483185177469687
2015-02-25,1.0510289730224667,1.2481933086856494
2015-02-27,1.0507182731166658,1.2480376096914556
2015-03-02,1.051472217464256,1.2489331408014417
2015-03-03,1.0508089918857877,1.2481453649657912
2015-03-04,1.0511109752473,1.2485040592060184
2015-03-05,1.0511109752473,1.249096422502321
2015-03-06,1.0511109752473,1.2498097448070373
2015-03-09,1.0509073214086488,1.2495675928762635
2015-03-10,1.0504140533516506,1.2489810789505635
2015-03-11,1.050262201489578,1.2488005214818902
2015-03-12,1.049934624757267,1.2484110206567105
2015-03-13,1.0502735687220892,1.248814037540897
2015-03-16,1.0507394944370065,1.2493680404126897
2015-03-17,1.0512051189474656,1.2499216851412644
2015-03-18,1.0516292268218468,1.2504259650572136
2015-03-19,1.0511881212902419,1.2499014742994623
2015-03-20,1.051712798029822,1.2505253343080085
2015-03-23,1.0512496452559343,1.249974628565446
2015-03-24,1.050715283387752,1.2493392525815255
2015-03-25,1.0497621971467526,1.2482059978637137
2015-03-26,1.0503408059101778,1.2488939850391776
2015-03-30,1.0501124852857502,1.2483825316979236
2015-03-31,1.0506386026276688,1.249007984407493
2015-04-01,1.0517703280064972,1.2503533890316691
2015-04-02,1.0528458293208591,1.2516319540163547
2015-04-03,1.0522768804956777,1.2509555828801777
2015-04-06,1.0522768804956777,1.2518227650985365
2015-04-07,1.0522768804956777,1.251745780521131
2015-04-08,1.0522768804956777,1.2519746370675031
2015-04-09,1.0522768804956777,1.252330010832964
2015-04-10,1.0522768804956777,1.252733038173144
2015-04-13,1.0522768804956777,1.2522340858898373
2015-04-14,1.0522768804956777,1.2514017193956801
2015-04-15,1.0522768804956777,1.2523207792975564
2015-04-16,1.0522768804956777,1.252694345571907
2015-04-17,1.0522768804956777,1.2534494005725902
2015-04-20,1.0522768804956777,1.2530281379843276
2015-04-21,1.0522768804956777,1.252596185167182
2015-04-22,1.0522768804956777,1.252136474761523
2015-04-23,1.0522768804956777,1.2516190235723184
2015-04-24,1.0522768804956777,1.2526537967194178
2015-04-28,1.0522768804956777,1.2512965746869686
2015-04-29,1.0522768804956777,1.2510413356153038
2015-04-30,1.0522768804956777,1.2503183639456494
2015-05-01,1.0522768804956777,1.251514577958367
2015-05-04,1.0522768804956777,1.2522855305744642
2015-05-05,1.0522768804956777,1.2532231022245217
2015-05-06,1.0522768804956777,1.2535795424460205
2015-05-07,1.0522768804956777,1.2546461493253127
2015-05-08,1.0522768804956777,1.2545789137011576
2015-05-11,1.0522768804956777,1.2545756179123555
2015-05-12,1.0522768804956777,1.254622313370087
2015-05-13,1.0522768804956777,1.2549970230805179
2015-05-14,1.0522768804956777,1.2561351932085854
2015-05-15,1.0522768804956777,1.2569330465899844
2015-05-18,1.0522768804956777,1.2564959997598397
2015-05-19,1.0522768804956777,1.2563488049922236
2015-05-20,1.0522768804956777,1.2565684572867322
2015-05-21,1.0522768804956777,1.2569944637819153
2015-05-22,1.0522768804956777,1.2586371639636533
2015-05-25,1.0522768804956777,1.2591107661381604
2015-05-27,1.0522768804956777,1.2591584416119648
2015-05-28,1.0522768804956777,1.2588613619878606
2015-05-29,1.0522768804956777,1.258711718054203
2015-06-01,1.0522768804956777,1.2592823241464843
2015-06-02,1.0522768804956777,1.2591616592451038
2015-06-03,1.0522768804956777,1.2588184497438115
2015-06-04,1.0522768804956777,1.2594205524801096
2015-06-05,1.0522768804956777,1.258248564182476
2015-06-08,1.0522768804956777,1.2596031690070408
2015-06-09,1.0522768804956777,1.2596542122955712
2015-06-10,1.0522768804956777,1.2600077204543525
2015-06-11,1.0522768804956777,1.260404489113708
2015-06-12,1.0522768804956777,1.2606336842391677
2015-06-15,1.0522768804956777,1.2614098807394736
2015-06-16,1.0522768804956777,1.2611306026362057
2015-06-17,1.0522768804956777,1.2626731782939888
2015-06-18,1.0522768804956777,1.2626771476584124
2015-06-19,1.0522768804956777,1.2626872243479572
2015-06-22,1.0522768804956777,1.2624580787407946
2015-06-23,1.0522768804956777,1.2626715463587985
2015-06-25,1.0522768804956777,1.262938077946535
2015-06-26,1.0522768804956777,1.2637484309198066
2015-06-29,1.0522768804956777,1.2645747368954734
2015-06-30,1.0522768804956777,1.2636766179104075
2015-07-01,1.0522768804956777,1.2633637731520246
2015-07-02,1.0522768804956777,1.2642544291933702
2015-07-03,1.0522768804956777,1.2640801827274313
2015-07-06,1.0522768804956777,1.264648725463316
2015-07-07,1.0522768804956777,1.2644239553804963
2015-07-08,1.0522768804956777,1.2643536007196556
2015-07-09,1.0522768804956777,1.2638284666154245
2015-07-10,1.0522768804956777,1.264925941137071
2015-07-13,1.0522768804956777,1.2655539571830863
2015-07-14,1.0522768804956777,1.266207765944068
2015-07-15,1.0522768804956777,1.2663835315630347
2015-07-16,1.0522768804956777,1.2665195050362812
2015-07-17,1.0522768804956777,1.2674967565431758
2015-07-20,1.0522768804956777,1.267284975026814
2015-07-21,1.0522768804956777,1.267348600657759
2015-07-22,1.0522768804956777,1.2684804322013892
2015-07-24,1.0522768804956777,1.2681773729662613
2015-07-27,1.0522768804956777,1.2687149447951254
2015-07-28,1.0522768804956777,1.26878436090783
2015-07-29,1.0522768804956777,1.2687412587127003
2015-07-30,1.0522768804956777,1.2694506038555344
2015-07-31,1.0522768804956777,1.270020406064726
2015-08-03,1.0522768804956777,1.2719354949471937
2015-08-04,1.0522768804956777,1.2724612614792978
2015-08-05,1.0522768804956777,1.2737637353099902
2015-08-06,1.0522768804956777,1.2733876510036215
2015-08-07,1.0522768804956777,1.2733651262762424
2015-08-10,1.0522768804956777,1.273243552082547
2015-08-11,1.0522768804956777,1.2735693258646348
2015-08-12,1.0522768804956777,1.273579756289734
2015-08-13,1.0522768804956777,1.273104817228268
2015-08-14,1.0522768804956777,1.2751379708334258
2015-08-17,1.051796406822585,1.2745557379288524
2015-08-18,1.051796406822585,1.2743923176059913
2015-08-19,1.052571821606746,1.2753318365447164
2015-08-20,1.0530194971120144,1.275874255420645
2015-08-24,1.053562840736498,1.2755761377808355
2015-08-25,1.054281556115499,1.2764463053226869
2015-08-26,1.0534946757125556,1.2754936086002207
2015-08-27,1.0530509378605901,1.2749563635555858
2015-08-28,1.0534447162357607,1.2754331213525774
2015-08-31,1.0535729976476471,1.2755884350193054
2015-09-01,1.0535729976476471,1.2759805173245347
2015-09-02,1.0535729976476471,1.2759601143628596
2015-09-03,1.0535729976476471,1.2757809552566273
2015-09-04,1.0535729976476471,1.2759038913276752
2015-09-07,1.0535729976476471,1.276193005100308
2015-09-08,1.0535729976476471,1.2756279651086282
2015-09-09,1.0535729976476471,1.2761282395727649
2015-09-10,1.0535729976476471,1.2774411828659766
2015-09-11,1.0535729976476471,1.2777294021092165
2015-09-14,1.0535729976476471,1.2769684859728643
2015-09-15,1.0535729976476471,1.2784112896571476
2015-09-16,1.0535729976476471,1.2789548759781246
2015-09-17,1.0535729976476471,1.278908762718915
2015-09-18,1.0535729976476471,1.278870197654256
2015-09-22,1.0535729976476471,1.279453301832957
2015-09-23,1.0535729976476471,1.278479339412989
2015-09-24,1.0535729976476471,1.27891062909004
2015-09-25,1.0535729976476471,1.2798289591731111
2015-09-28,1.0535729976476471,1.2807019192980327
2015-09-29,1.0535729976476471,1.2807293951192573
2015-09-30,1.0535729976476471,1.2801677190608487
2015-10-01,1.0535729976476471,1.2801068653824699
2015-10-02,1.0535729976476471,1.2802067001449067
2015-10-05,1.0535729976476471,1.280965442287511
2015-10-06,1.0535729976476471,1.282041118989216
2015-10-07,1.0535729976476471,1.281803006025531
2015-10-08,1.0535729976476471,1.2810492637155295
2015-10-09,1.0535729976476471,1.2818446564083574
2015-10-12,1.0535729976476471,1.281351386583708
2015-10-13,1.0535729976476471,1.2811399958327272
2015-10-14,1.0535729976476471,1.2805027502719855
2015-10-15,1.0535729976476471,1.2816349898814878
2015-10-16,1.0535729976476471,1.2824715712728487
2015-10-19,1.0535729976476471,1.2822203098112495
2015-10-21,1.0535729976476471,1.281063950257586
2015-10-22,1.0535729976476471,1.2808666834740035
2015-10-23,1.0535729976476471,1.2815351476270935
2015-10-26,1.0535729976476471,1.2824465809416046
2015-10-27,1.0535729976476471,1.2820429867119962
2015-10-28,1.0535729976476471,1.283190136906062
2015-10-29,1.0535729976476471,1.282163108609229
2015-10-30,1.0535729976476471,1.283064938014115
2015-11-02,1.0535729976476471,1.2829391184502077
2015-11-03,1.0535729976476471,1.2829337578359754
2015-11-04,1.0535729976476471,1.2833214880139816
2015-11-05,1.0535729976476471,1.2843360821750285
2015-11-06,1.053950143726956,1.2847958341988452
2015-11-09,1.0540872563097816,1.2849629784193561
2015-11-10,1.0543772598511902,1.2853165011586645
2015-11-11,1.0543772598511902,1.2860843433687121
2015-11-12,1.0543772598511902,1.2861671293859334
2015-11-13,1.0543772598511902,1.2864973849531103
2015-11-16,1.0543772598511902,1.2876948134583328
2015-11-17,1.0543772598511902,1.287429152492729
2015-11-19,1.0543772598511902,1.2890011573033882
2015-11-20,1.0543772598511902,1.2898301291312317
2015-11-23,1.0543772598511902,1.290857104126893
2015-11-24,1.0543772598511902,1.2918632750571264
2015-11-25,1.0543772598511902,1.292744339920632
2015-11-26,1.0543772598511902,1.2918325998295102
2015-11-27,1.0543772598511902,1.292421808890299
2015-11-30,1.0543772598511902,1.2923188443840157
2015-12-01,1.0543772598511902,1.2927926182599088
2015-12-02,1.0543772598511902,1.2928449395509933
2015-12-03,1.0543772598511902,1.2929729151023583
2015-12-04,1.0543772598511902,1.2938312612097849
2015-12-07,1.0543772598511902,1.293149661418672
2015-12-08,1.0543772598511902,1.2919614337490395
2015-12-09,1.0543772598511902,1.2929568704612437
2015-12-10,1.0543772598511902,1.2937734793371067
2015-12-11,1.0543772598511902,1.293827896381317
2015-12-14,1.0543772598511902,1.2946264105594025
2015-12-15,1.0543772598511902,1.2944165578184392
2015-12-16,1.0543772598511902,1.29516274894844
2015-12-18,1.0543772598511902,1.2936912866009704
2015-12-21,1.0543772598511902,1.293380576054809
2015-12-22,1.0543772598511902,1.2926806975987566
2015-12-23,1.0543772598511902,1.292196536530566
2015-12-24,1.0543772598511902,1.29296725997689
2015-12-25,1.0543772598511902,1.2935471431946812
2015-12-28,1.0543772598511902,1.2939693251613968
2015-12-29,1.054296963383778,1.2938707824768125
2015-12-30,1.054296963383778,1.2939927919938479
2015-12-31,1.054296963383778,1.2952327706462037
2016-01-01,1.054296963383778,1.2957778993365423
2016-01-04,1.054296963383778,1.296074135098808
2016-01-05,1.054296963383778,1.2961579193413475
2016-01-06,1.054296963383778,1.2953486797122713
2016-01-07,1.054296963383778,1.2967520693936134
2016-01-08,1.054296963383778,1.2963573336575722
2016-01-11,1.054296963383778,1.2955907454832414
2016-01-12,1.054296963383778,1.2944851416458736
2016-01-13,1.054296963383778,1.2952179877433945
2016-01-14,1.054296963383778,1.295550924524771
2016-01-18,1.054296963383778,1.2954387216923868
2016-01-19,1.054296963383778,1.2959026849974662
2016-01-20,1.054296963383778,1.2962693073342006
2016-01-21,1.054296963383778,1.2978185211943567
2016-01-22,1.054296963383778,1.2978608483574805
2016-01-25,1.054296963383778,1.2981332771268568
2016-01-26,1.054296963383778,1.2989847290208256
2016-01-27,1.054296963383778,1.298675542530556
2016-01-28,1.054296963383778,1.29961573100929
2016-01-29,1.054673927888813,1.3000804093852985
2016-02-01,1.054673927888813,1.2993861633202703
2016-02-02,1.054673927888813,1.3003796389766953
2016-02-03,1.054673927888813,1.3011413329039974
2016-02-04,1.054673927888813,1.3016118735536364
2016-02-05,1.054673927888813,1.3015515148782382
2016-02-08,1.054673927888813,1.3020174226922865
2016-02-09,1.054673927888813,1.303615446213023
2016-02-10,1.054673927888813,1.3036681681877356
2016-02-11,1.054673927888813,1.3045421831190207
2016-02-12,1.054673927888813,1.3047886294177857
2016-02-16,1.054673927888813,1.3041258344226674
2016-02-17,1.054673927888813,1.305411267142107
2016-02-18,1.054673927888813,1.30495277658888
2016-02-19,1.0544879562360454,1.3047226730296388
2016-02-22,1.0540292030655636,1.3041550556762946
2016-02-23,1.054279847358568,1.3044651789830752
2016-02-24,1.0543594130941722,1.3045636260242437
2016-02-25,1.054465858615403,1.3046953315446064
2016-02-26,1.054187289699004,1.3043506569761794
2016-02-29,1.0544316156066256,1.3046529625164154
2016-03-01,1.0550747527253879,1.3054487189551247
2016-03-02,1.0544263423089717,1.3046464378416007
2016-03-03,1.0544263423089717,1.3047627262370096
2016-03-04,1.054519310605441,1.3048777665798839
2016-03-07,1.0554927788881054,1.3060823506076438
2016-03-08,1.056288439133743,1.3070669123447711
2016-03-09,1.056214911923499,1.30697592868907
2016-03-10,1.0561749120465034,1.3069264322506147
2016-03-11,1.0565450529515248,1.307384450072201
2016-03-14,1.0565240994757095,1.307358521931816
2016-03-16,1.0566113156191836,1.3069579625664183
2016-03-17,1.0573583143408447,1.3078819503307646
2016-03-18,1.0574884061346064,1.3080428652322125
2016-03-21,1.0585498487625251,1.3093557992069473
2016-03-22,1.058832658161724,1.3097056156349072
2016-03-23,1.058832658161724,1.310005541967748
2016-03-24,1.058832658161724,1.3100607421675254
2016-03-25,1.058832658161724,1.3110714489948228
2016-03-28,1.058832658161724,1.3117301625944806
2016-03-29,1.058832658161724,1.3121077339042921
2016-03-30,1.058832658161724,1.3137433874373385
2016-03-31,1.058832658161724,1.3126111496067023
2016-04-01,1.058832658161724,1.3121689273668364
2016-04-04,1.058832658161724,1.311882909433861
2016-04-05,1.058832658161724,1.3121859345911588
2016-04-06,1.0598800795991894,1.3134839788734514
2016-04-07,1.0598800795991894,1.31264560467983
2016-04-08,1.0598800795991894,1.311759496832633
2016-04-11,1.0598800795991894,1.3121892214372142
2016-04-12,1.0598800795991894,1.3121046267501293
2016-04-14,1.0598800795991894,1.3137112674728821
2016-04-15,1.0598800795991894,1.314421805321639
2016-04-18,1.0598800795991894,1.3142771704652445
2016-04-19,1.0598800795991894,1.3144723132653722
2016-04-20,1.0598800795991894,1.3144703331528738
2016-04-21,1.0598800795991894,1.3143271205213285
2016-04-22,1.0598800795991894,1.314785680638689
2016-04-25,1.0598800795991894,1.3151680988209415
2016-04-26,1.0598800795991894,1.3160813869479404
2016-04-27,1.0598800795991894,1.3170648634124242
2016-04-28,1.0598800795991894,1.3178152455758652
2016-04-29,1.0598800795991894,1.3171369262129546
2016-05-02,1.0598800795991894,1.3184706523182217
2016-05-03,1.0598800795991894,1.3181397541919266
2016-05-04,1.0592106680843445,1.3173072279971096
2016-05-05,1.0599106266309029,1.3181777445812632
2016-05-06,1.0612096192108866,1.3197932610845309
2016-05-09,1.0615087909602583,1.3201653316458788
2016-05-10,1.0615983975988994,1.3202767726238778
2016-05-11,1.0620086437167788,1.3207869829084076
2016-05-13,1.0620086437167788,1.3195472756672326
2016-05-16,1.0620086437167788,1.3191934121928233
2016-05-17,1.0620086437167788,1.320078501612706
2016-05-18,1.0620086437167788,1.3207026711915866
2016-05-19,1.0620086437167788,1.3207331101147648
2016-05-20,1.0620086437167788,1.3207552182378977
2016-05-23,1.0620086437167788,1.3204290291714957
2016-05-24,1.0620086437167788,1.3206561360386608
2016-05-25,1.0620086437167788,1.3201691377171856
2016-05-26,1.0620086437167788,1.319177844021888
2016-05-27,1.0620086437167788,1.3191662869906902
2016-05-30,1.0620086437167788,1.319572033488276
2016-05-31,1.0620086437167788,1.3202154191670636
2016-06-01,1.0620086437167788,1.3206171067824601
2016-06-02,1.0620086437167788,1.3205182638219886
2016-06-03,1.0620086437167788,1.3208300160789268
2016-06-06,1.0620086437167788,1.321404712497189
2016-06-07,1.0620086437167788,1.321917799488867
2016-06-08,1.0620086437167788,1.322035626435425
2016-06-09,1.0620086437167788,1.3231521162589654
2016-06-13,1.0620086437167788,1.3232575069820156
2016-06-14,1.0620086437167788,1.3231655146783732
2016-06-15,1.0620086437167788,1.3235068202372946
2016-06-16,1.0620086437167788,1.3232452572513014
2016-06-17,1.0620086437167788,1.3239900839587275
2016-06-20,1.0620086437167788,1.3229271880130256
2016-06-21,1.0620086437167788,1.3241972125702188
2016-06-22,1.0620086437167788,1.324018318696821
2016-06-23,1.0620086437167788,1.3241330417588786
2016-06-24,1.0620086437167788,1.3244786660788392
2016-06-27,1.0620086437167788,1.3249689942260099
2016-06-28,1.0620086437167788,1.324505566308307
2016-06-29,1.0620086437167788,1.3257231151435516
2016-06-30,1.0620086437167788,1.3255507529371124
2016-07-01,1.0620086437167788,1.3270260729701988
2016-07-04,1.0620086437167788,1.3274194524877485
2016-07-05,1.0620086437167788,1.326633892922569
2016-07-06,1.0620086437167788,1.3276868060750868
2016-07-07,1.0620086437167788,1.328954539748918
2016-07-08,1.0620086437167788,1.3291737447889544
2016-07-12,1.0620086437167788,1.32915902424506
2016-07-13,1.0620086437167788,1.33004124190094
2016-07-14,1.0620086437167788,1.3292943110728366
2016-07-15,1.0620086437167788,1.328590949709276
2016-07-18,1.0620086437167788,1.3290280172417204
2016-07-19,1.0620086437167788,1.3300544385415156
2016-07-20,1.0620086437167788,1.3287237427465368
2016-07-21,1.0620086437167788,1.3280893162342562
2016-07-22,1.0620086437167788,1.3285965795818497
2016-07-25,1.0620086437167788,1.3295905785831916
2016-07-26,1.0620086437167788,1.3302700980749318
2016-07-27,1.0620086437167788,1.3312228044558114
2016-07-28,1.0620086437167788,1.3310289242496205
2016-07-29,1.0620086437167788,1.3312175690202275
2016-08-01,1.0620086437167788,1.3313693450561466
2016-08-02,1.0620086437167788,1.3327114000500475
2016-08-03,1.0620086437167788,1.332094676453346
2016-08-04,1.0620086437167788,1.332518580769304
2016-08-05,1.0620086437167788,1.3323232844155968
2016-08-08,1.0620086437167788,1.3319606152108525
2016-08-10,1.0620086437167788,1.3335276734855959
2016-08-11,1.0620086437167788,1.3345168158059058
2016-08-12,1.0620086437167788,1.3356022751146495
2016-08-15,1.0620086437167788,1.3351022105699277
2016-08-16,1.0620086437167788,1.3338647050550674
2016-08-17,1.0620086437167788,1.3356345540064816
2016-08-18,1.0620086437167788,1.336579778496114
2016-08-19,1.0620086437167788,1.3368318213625054
2016-08-22,1.0620086437167788,1.3373434032309217
2016-08-23,1.0620086437167788,1.3376022566575367
2016-08-24,1.0620086437167788,1.3392390673757935
2016-08-25,1.0620086437167788,1.3394915911769245
2016-08-26,1.0620086437167788,1.3403333200050427
2016-08-29,1.0620086437167788,1.3419236807872514
2016-08-30,1.0620086437167788,1.3409856082979132
2016-08-31,1.0620086437167788,1.3406819241966481
2016-09-01,1.0620086437167788,1.3404652761531735
2016-09-02,1.0620086437167788,1.3407641870331075
2016-09-05,1.0620086437167788,1.3404644496849125
2016-09-06,1.0620086437167788,1.3404511326914204
2016-09-08,1.0620086437167788,1.3409382125615712
2016-09-09,1.0620086437167788,1.3404082240732194
2016-09-12,1.0620086437167788,1.340742169554
2016-09-13,1.0620086437167788,1.341004347402419
2016-09-14,1.0620086437167788,1.3421634706948475
2016-09-15,1.0620086437167788,1.342562247137695
2016-09-16,1.0620086437167788,1.3431340932333986
2016-09-19,1.0620086437167788,1.3435177368868418
2016-09-20,1.0620086437167788,1.3441230810219733
2016-09-21,1.0620086437167788,1.3448731072887998
2016-09-22,1.0620086437167788,1.3439346135767103
2016-09-23,1.0620086437167788,1.34393291866205
2016-09-26,1.0620086437167788,1.3431364270251303
2016-09-27,1.0620086437167788,1.3442568674565043
2016-09-28,1.0620086437167788,1.3443646876313886
2016-09-29,1.0620086437167788,1.345213784675168
2016-09-30,1.0620086437167788,1.3460280573654326
2016-10-03,1.0620086437167788,1.3467569839766589
2016-10-04,1.0620086437167788,1.346526663994447
2016-10-05,1.0620086437167788,1.3472822214074167
2016-10-07,1.0620086437167788,1.346628092316824
2016-10-10,1.0620086437167788,1.345787041194105
2016-10-11,1.0620086437167788,1.3467995097473535
2016-10-12,1.0620086437167788,1.345884715021468
2016-10-13,1.0620086437167788,1.3456651681287009
2016-10-14,1.0620086437167788,1.347014335615566
2016-10-17,1.0620086437167788,1.3469803704955328
2016-10-18,1.0620086437167788,1.3469465121786133
2016-10-19,1.0620086437167788,1.3482280606044792
2016-10-20,1.0620086437167788,1.349288242428982
2016-10-21,1.0620086437167788,1.3497794899592068
2016-10-24,1.0620086437167788,1.3483075672943123
2016-10-25,1.0620086437167788,1.3486224441285675
2016-10-26,1.0620086437167788,1.3479999204945818
2016-10-27,1.0620086437167788,1.3485622847920582
2016-10-28,1.0620086437167788,1.3488758063504283
2016-10-31,1.0620086437167788,1.3483215771454653
2016-11-01,1.0620086437167788,1.3492778673786372
2016-11-02,1.0620086437167788,1.3495189443847309
2016-11-03,1.0620086437167788,1.3503334668413753
2016-11-07,1.0620086437167788,1.3511202186092637
2016-11-08,1.0620086437167788,1.351259529608157
2016-11-09,1.0620086437167788,1.3510420584842981
2016-11-10,1.0620086437167788,1.3507662170272954
2016-11-11,1.0620086437167788,1.352008928542526
2016-11-14,1.0620086437167788,1.3521379922039471
2016-11-15,1.0620086437167788,1.3515089785869576
2016-11-16,1.0620086437167788,1.3511172737260653
2016-11-17,1.0620086437167788,1.3522658138968158
2016-11-18,1.0620086437167788,1.3520669259615201
2016-11-21,1.0620086437167788,1.3537231807302135
2016-11-22,1.0620086437167788,1.3541346124238338
2016-11-23,1.0620086437167788,1.353005676579051
2016-11-24,1.0620086437167788,1.353966713922313
2016-11-25,1.0620086437167788,1.3544330165246348
2016-11-28,1.0620086437167788,1.3542081953209644
2016-11-29,1.0620086437167788,1.3556290488357354
2016-11-30,1.0620086437167788,1.3561492688104355
2016-12-01,1.0620086437167788,1.3558775088262986
2016-12-02,1.0620086437167788,1.3570108944023487
2016-12-06,1.0620086437167788,1.3568214755337524
2016-12-07,1.0620086437167788,1.3564983071625345
2016-12-08,1.0620086437167788,1.3571625750974188
2016-12-09,1.0620086437167788,1.3573746613048827
2016-12-12,1.0620086437167788,1.3571690285897258
2016-12-13,1.0620086437167788,1.3574697010322527
2016-12-14,1.0620086437167788,1.357619518235066
2016-12-15,1.0620086437167788,1.35781189151665
2016-12-16,1.0620086437167788,1.3580536449430922
2016-12-19,1.0620086437167788,1.35846291840949
2016-12-20,1.0620086437167788,1.3585885395622512
2016-12-21,1.0620086437167788,1.359432748713825
2016-12-22,1.0620086437167788,1.3601209011067643
2016-12-23,1.0620086437167788,1.3605662590907277
2016-12-26,1.0620086437167788,1.3603033303263203
2016-12-27,1.0617925042719472,1.360026482102571
2016-12-28,1.0623996072319484,1.3608041068264625
2016-12-29,1.0623996072319484,1.360995542192162
2016-12-30,1.0623996072319484,1.3615797748517715
2017-01-02,1.0623996072319484,1.3616295063856447
2017-01-04,1.0623996072319484,1.362239827348836
2017-01-05,1.0623996072319484,1.3620067057282934
2017-01-06,1.0623996072319484,1.3622641037231438
2017-01-09,1.0623996072319484,1.364036426845906
2017-01-10,1.0625579771261182,1.3642397611685968
2017-01-11,1.061635542314264,1.3630554283844025
2017-01-12,1.0618584683740113,1.3633416476788363
2017-01-13,1.0624426685398096,1.3640917141333924
2017-01-16,1.0625389750814238,1.3642153640575931
2017-01-17,1.0623028045246174,1.3639121398844671
2017-01-18,1.0617335869090834,1.363181309830403
2017-01-19,1.062478167167236,1.3641372915419143
2017-01-20,1.0620397947575566,1.3635744563043477
2017-01-23,1.0615962577004006,1.3630049900710224
2017-01-24,1.061672471861386,1.3631028429797751
2017-01-25,1.0618193717437145,1.363291450721374
2017-01-26,1.061605892232769,1.363017360042751
2017-01-27,1.061605892232769,1.3627378524942413
2017-01-30,1.061605892232769,1.36352959754599
2017-01-31,1.061549623318993,1.3634573255946787
2017-02-02,1.062034706993528,1.3645463842688366
2017-02-03,1.0617173250491623,1.3641385987400165
2017-02-06,1.0616586428430714,1.3640632013997838
2017-02-07,1.0616586428430714,1.3639239346137833
2017-02-08,1.0620751133301927,1.364458978593573
2017-02-09,1.0620751133301927,1.365701748394851
2017-02-10,1.0620751133301927,1.3659481208793498
2017-02-13,1.0620751133301927,1.3659728360750356
2017-02-14,1.0620751133301927,1.3651540325944103
2017-02-15,1.0620751133301927,1.3644796617634884
2017-02-16,1.0620751133301927,1.3653501700747714
2017-02-17,1.0620751133301927,1.364572417990423
2017-02-20,1.0620751133301927,1.364790081381131
2017-02-21,1.0620751133301927,1.36426743122287
2017-02-22,1.0620751133301927,1.3645176446038232
2017-02-23,1.0620751133301927,1.3649466253247513
2017-02-24,1.0620751133301927,1.3649258308156043
2017-02-27,1.0620751133301927,1.3647225712619029
2017-02-28,1.0620751133301927,1.3642312183605538
2017-03-01,1.0620751133301927,1.3640232518152406
2017-03-03,1.0620751133301927,1.3656736898890662
2017-03-06,1.0620751133301927,1.3657536313553564
2017-03-07,1.0620751133301927,1.366344803521024
2017-03-08,1.0620751133301927,1.366972577545178
2017-03-09,1.0620751133301927,1.3667472339943996
2017-03-10,1.0620751133301927,1.3663467215124325
2017-03-13,1.0620751133301927,1.3672325485425023
2017-03-14,1.0620751133301927,1.3681531045162112
2017-03-15,1.0620751133301927,1.3691478202965597
2017-03-16,1.0620751133301927,1.369439971861345
2017-03-17,1.0620751133301927,1.369670931212184
2017-03-20,1.0620751133301927,1.369081815451278
2017-03-21,1.0620751133301927,1.3692507369310787
2017-03-22,1.0620751133301927,1.3692105110883992
2017-03-23,1.0629186127572015,1.3702979372667006
2017-03-24,1.0629186127572015,1.3710814117401775
2017-03-27,1.0628606289486304,1.3710066171875566
2017-03-28,1.0640065115427344,1.3724847156101039
2017-03-29,1.063768631432795,1.37217786897759
2017-03-30,1.0637220624381418,1.3721177986371462
2017-04-03,1.0628857831024618,1.36928658549094
2017-04-04,1.063291822693149,1.3698096751526374
2017-04-05,1.0635085929274006,1.3700889342965767
2017-04-06,1.0633695507940384,1.3699098101319132
2017-04-07,1.063056198457331,1.3695061269158924
2017-04-10,1.0639108213665434,1.3706071141563292
2017-04-11,1.0653988398401821,1.3725240875200795
2017-04-12,1.0660988030863265,1.3734258309609266
2017-04-13,1.0656839113894145,1.3728913373737088
2017-04-14,1.065977353647689,1.373269370982079
2017-04-17,1.0660447084348321,1.373356142305931
2017-04-18,1.0660447084348321,1.3742689179934389
2017-04-19,1.0660447084348321,1.3759462607869861
2017-04-20,1.0660447084348321,1.3755975608174291
2017-04-21,1.0660447084348321,1.3758909812478584
2017-04-24,1.0660447084348321,1.3774972584482785
2017-04-25,1.0660447084348321,1.376926859565734
2017-04-26,1.0660447084348321,1.3766024400013337
2017-04-27,1.0660447084348321,1.3772284681162992
2017-04-28,1.065989797159403,1.3771575279660941
2017-05-02,1.065989797159403,1.3779216893180264
2017-05-03,1.065989797159403,1.3789229183634475
2017-05-04,1.0665178249408749,1.379605954553235
2017-05-05,1.0661438094942133,1.3791221427263323
2017-05-08,1.0658467282564514,1.3787378499981495
2017-05-09,1.0658041481937155,1.3786827700860074
2017-05-10,1.0658041481937155,1.3794598496856567
2017-05-11,1.0658041481937155,1.379804461470435
2017-05-12,1.0658041481937155,1.3812810009045744
2017-05-15,1.0658041481937155,1.3814102018498473
2017-05-16,1.0658041481937155,1.3806035453145804
2017-05-17,1.0658041481937155,1.3812857640055014
2017-05-18,1.0658041481937155,1.3812864984884816
2017-05-19,1.0658041481937155,1.381318330114535
2017-05-22,1.0658041481937155,1.3809164196362316
2017-05-23,1.0658041481937155,1.3818703567692423
2017-05-24,1.0658041481937155,1.3830747917070843
2017-05-25,1.066978127226777,1.3845982430929435
2017-05-26,1.066978127226777,1.384632259834868
2017-05-29,1.066978127226777,1.383336996604911
2017-05-31,1.066978127226777,1.383313877187523
2017-06-01,1.066978127226777,1.3832844910875746
2017-06-02,1.066978127226777,1.3840299331907586
2017-06-05,1.066978127226777,1.384882856261614
2017-06-06,1.066978127226777,1.384500492686794
2017-06-07,1.066978127226777,1.3843440971583132
2017-06-08,1.066978127226777,1.384716223093541
2017-06-09,1.066978127226777,1.3855632191472882
2017-06-12,1.066978127226777,1.3848467949633887
2017-06-13,1.066978127226777,1.3845237657361382
2017-06-14,1.066978127226777,1.385295542521835
2017-06-15,1.066978127226777,1.3848479688543618
2017-06-16,1.066978127226777,1.3853630180178198
2017-06-19,1.066978127226777,1.3859630896217818
2017-06-20,1.066978127226777,1.387419591552972
2017-06-21,1.066978127226777,1.3886868132021923
2017-06-22,1.066978127226777,1.3882588881308875
2017-06-23,1.066978127226777,1.3887467431793183
2017-06-26,1.066978127226777,1.3890396390319886
2017-06-27,1.066978127226777,1.390154780964899
2017-06-29,1.066978127226777,1.3911793810560573
2017-06-30,1.066978127226777,1.3912336008193809
2017-07-03,1.066978127226777,1.391889150497824
2017-07-04,1.066978127226777,1.392441183830962
2017-07-05,1.066978127226777,1.3921600859282193
2017-07-06,1.066978127226777,1.392349803289849
2017-07-07,1.066978127226777,1.3919351240726334
2017-07-10,1.066978127226777,1.3922526931660566
2017-07-11,1.066978127226777,1.3922923478606277
2017-07-12,1.066978127226777,1.3918716849355945
2017-07-13,1.066978127226777,1.3914892090681215
2017-07-14,1.066978127226777,1.3920732734274741
2017-07-17,1.066978127226777,1.3920873417015864
2017-07-18,1.066978127226777,1.392271289517152
2017-07-19,1.066978127226777,1.3925970570998607
2017-07-20,1.066978127226777,1.3933158471203855
2017-07-21,1.066978127226777,1.3933225801825608
2017-07-24,1.066978127226777,1.3932453129178564
2017-07-25,1.066978127226777,1.39440190599588
2017-07-26,1.066978127226777,1.395099847977924
2017-07-28,1.066978127226777,1.3967523134725217
2017-07-31,1.066978127226777,1.3973997317810196
2017-08-01,1.066978127226777,1.3974806899043444
2017-08-02,1.066978127226777,1.3979241371084883
2017-08-03,1.066978127226777,1.3975184559688465
2017-08-04,1.066978127226777,1.3974486836575954
2017-08-07,1.066978127226777,1.3986584728869003
2017-08-08,1.066978127226777,1.398593267463299
2017-08-09,1.066978127226777,1.398285985859299
2017-08-10,1.066978127226777,1.3986310996365348
2017-08-11,1.066978127226777,1.3984652396720103
2017-08-14,1.066978127226777,1.3991234396003465
2017-08-15,1.066978127226777,1.3991895151621243
2017-08-16,1.066978127226777,1.39957285390024
2017-08-17,1.066978127226777,1.4006683310133339
2017-08-18,1.066978127226777,1.4006417931055986
2017-08-21,1.066978127226777,1.4002103519234264
2017-08-22,1.067369602972101,1.4007240910312317
2017-08-23,1.0678034208609772,1.4012933963275203
2017-08-24,1.0678527108461002,1.4013580802658823
2017-08-28,1.068060355452738,1.4016277873616605
2017-08-29,1.0679112100458095,1.4014320621429115
2017-08-30,1.0682355183947485,1.4018576556884688
2017-08-31,1.0674871028615478,1.4008755014473981
2017-09-01,1.0678900591018823,1.4014043055179362
2017-09-04,1.0679731741887406,1.401513378394478
2017-09-05,1.0675106096075873,1.4009063496183571
2017-09-06,1.0676289027322858,1.4010615870352172
2017-09-07,1.067841338046851,1.4013403683216785
2017-09-08,1.0683195438444626,1.40196792324457
2017-09-11,1.0676038989296535,1.401028774259815
2017-09-12,1.0686125151238868,1.4023523927963548
2017-09-13,1.0691609234410826,1.4030720752864667
2017-09-14,1.0693173167173995,1.4032773119668875
2017-09-15,1.0689573075787726,1.4028048678677993
2017-09-18,1.0689573075787726,1.40303461251017
2017-09-19,1.0689573075787726,1.4037035006395362
2017-09-20,1.0689573075787726,1.4037028567950334
2017-09-21,1.0689573075787726,1.404676344592512
2017-09-22,1.0689573075787726,1.405151748009317
2017-09-26,1.0689573075787726,1.4049644438451243
2017-09-27,1.0689573075787726,1.4042108828946476
2017-09-28,1.0689573075787726,1.4038860089264187
2017-09-29,1.0689573075787726,1.4034446010337733
2017-10-02,1.0689573075787726,1.4039312274966473
2017-10-03,1.0689573075787726,1.4041762234209654
2017-10-04,1.0689573075787726,1.4049332806858967
2017-10-05,1.0689573075787726,1.4050532655469807
2017-10-06,1.0689573075787726,1.4050066323566788
2017-10-09,1.0689573075787726,1.4047626512429672
2017-10-10,1.0689573075787726,1.4056125591632747
2017-10-11,1.0689573075787726,1.4064171516496538
2017-10-12,1.0689573075787726,1.406994559204702
2017-10-13,1.0689573075787726,1.4079665199567468
2017-10-16,1.0689573075787726,1.4078887287554152
2017-10-17,1.0689573075787726,1.4086049494859108
2017-10-18,1.0689573075787726,1.4086899970167601
2017-10-19,1.0689573075787726,1.4084634971149539
2017-10-20,1.0694184309788877,1.4090710756142288
2017-10-23,1.0696190765302749,1.4093354471966895
2017-10-25,1.0696190765302749,1.4102581093491429
2017-10-26,1.0696190765302749,1.4110602506530807
2017-10-27,1.0696190765302749,1.4104993502374528
2017-10-30,1.0696190765302749,1.4095376785764175
2017-10-31,1.0696190765302749,1.4094161051755791
2017-11-01,1.0696190765302749,1.4089266982512756
2017-11-02,1.0696190765302749,1.4102162430305656
2017-11-03,1.0696190765302749,1.4102360080405878
2017-11-06,1.0696190765302749,1.4109325480181356
2017-11-07,1.0696190765302749,1.4119820821318914
2017-11-08,1.0696190765302749,1.4126983090905418
2017-11-09,1.0696190765302749,1.4122257307069126
2017-11-10,1.0696190765302749,1.4119530931355897
2017-11-13,1.0696190765302749,1.4123866039775939
2017-11-14,1.0696190765302749,1.4134924083486344
2017-11-15,1.0696190765302749,1.413629541990837
2017-11-16,1.0696190765302749,1.4135259220676697
2017-11-17,1.0696190765302749,1.4133430187567226
2017-11-20,1.0696190765302749,1.4143859738472184
2017-11-21,1.0696190765302749,1.4151963750175702
2017-11-23,1.0696190765302749,1.4144746713235412
2017-11-24,1.0696190765302749,1.4161592088936334
2017-11-27,1.0696190765302749,1.4161198544578506
2017-11-28,1.0696190765302749,1.4158501638389394
2017-11-29,1.0696190765302749,1.4152750394233136
2017-11-30,1.0696190765302749,1.4146019163039976
2017-12-01,1.0696190765302749,1.4143606123292278
2017-12-04,1.0696190765302749,1.415583188324501
2017-12-05,1.0696190765302749,1.4164487930724037
2017-12-06,1.0696190765302749,1.416909440690887
2017-12-07,1.0696190765302749,1.4166265683774522
2017-12-08,1.0696190765302749,1.416076654144009
2017-12-11,1.0696190765302749,1.4163035639440282
2017-12-12,1.0696190765302749,1.4165883982113372
2017-12-13,1.0696190765302749,1.4168388360529494
2017-12-14,1.0696190765302749,1.4177750224606664
2017-12-15,1.0696190765302749,1.4184019421251046
2017-12-18,1.0696190765302749,1.4175535081129393
2017-12-19,1.0696190765302749,1.4186565022669761
2017-12-20,1.0696190765302749,1.417893531483287
2017-12-22,1.0696190765302749,1.4181601363445904
2017-12-25,1.0696190765302749,1.4192686000854056
2017-12-26,1.0696190765302749,1.419541424923538
2017-12-27,1.0696190765302749,1.4204813223343973
2017-12-28,1.0696190765302749,1.4213700551962378
2017-12-29,1.0696190765302749,1.4212159178710724
2018-01-01,1.0696190765302749,1.4209356628259964
2018-01-02,1.0696190765302749,1.4218399216206803
2018-01-03,1.0696190765302749,1.4228646800959959
2018-01-04,1.0696190765302749,1.422606816870556
2018-01-05,1.0696190765302749,1.4230299437455924
2018-01-08,1.0696190765302749,1.4220132999780675
2018-01-09,1.0696190765302749,1.4217290615569473
2018-01-10,1.0696190765302749,1.422341136041648
2018-01-11,1.0696190765302749,1.4209435684405953
2018-01-12,1.0696190765302749,1.4212161477220102
2018-01-15,1.0696190765302749,1.4216812807939039
2018-01-16,1.0696190765302749,1.4230430592722831
2018-01-17,1.0696190765302749,1.4237070840005452
2018-01-18,1.0696190765302749,1.4237411077727142
2018-01-22,1.0696190765302749,1.4232279312406269
2018-01-23,1.0696190765302749,1.423674840789163
2018-01-24,1.0696190765302749,1.4239474498592182
2018-01-25,1.0696190765302749,1.424232941423522
2018-01-26,1.0696190765302749,1.4237704483167894
2018-01-29,1.0696190765302749,1.4236329463515527
2018-01-30,1.0696190765302749,1.4238307720206351
2018-01-31,1.0696190765302749,1.4240624739139913
2018-02-01,1.0696190765302749,1.423999405005666
2018-02-02,1.0696190765302749,1.4238195781999554
2018-02-05,1.0696190765302749,1.4251801687503232
2018-02-06,1.0696190765302749,1.4258666429586824
2018-02-07,1.0696190765302749,1.4264415133936004
2018-02-08,1.0696190765302749,1.4260778424404534
2018-02-09,1.0690738550105836,1.4253509216650915
2018-02-12,1.0694512443654398,1.4258540789186804
2018-02-13,1.0703533949196788,1.42705687806856
2018-02-14,1.0703533949196788,1.4276263224637322
2018-02-15,1.0697868353151099,1.426870651104566
2018-02-16,1.069428604242477,1.4263928461933633
2018-02-20,1.0695822040429612,1.426531004924803
2018-02-21,1.07003129363019,1.4271299679757485
2018-02-22,1.0696295473001656,1.4265941479202837
2018-02-23,1.0696295473001656,1.427486755729365
2018-02-26,1.0696295473001656,1.426252691439343
2018-02-27,1.0696295473001656,1.4258034990344797
2018-02-28,1.0696295473001656,1.4269275603228748
2018-03-01,1.0699901340520908,1.4274085971224921
2018-03-02,1.0703496754807778,1.427888239420114
2018-03-05,1.0706354589735427,1.4282694857526794
2018-03-06,1.0703377681184394,1.4278723545340484
2018-03-07,1.0704995170930562,1.428088133978733
2018-03-08,1.0704995170930562,1.4284678191471059
2018-03-09,1.0704995170930562,1.4282411572690208
2018-03-12,1.0706100945738792,1.4283886877504988
2018-03-13,1.070726431787163,1.4285439027631923
2018-03-14,1.0711503705225773,1.429109514181424
2018-03-15,1.0711503705225773,1.4289440073012507
2018-03-16,1.0711503705225773,1.4295306171874478
2018-03-19,1.0711503705225773,1.4315169109509787
2018-03-21,1.0711503705225773,1.430526159088158
2018-03-22,1.0711503705225773,1.4308690617026552
2018-03-23,1.0711503705225773,1.432146595662494
2018-03-26,1.0711503705225773,1.432459387663122
2018-03-27,1.0714699973637019,1.43288682762087
2018-03-28,1.0719246176386628,1.4334947955575958
2018-03-29,1.0716238642467897,1.4330925952396798
2018-03-30,1.0716333754418979,1.433105314649667
2018-04-02,1.0715870958658964,1.433043424540748
2018-04-03,1.0714436387780921,1.4328515780383266
2018-04-04,1.0724269507780795,1.434166570353268
2018-04-05,1.0720055242817992,1.4336029927665728
2018-04-06,1.071634923619899,1.4331073850425573
2018-04-09,1.070391969149943,1.4314451704292555
2018-04-10,1.0719307727047869,1.4335030267849695
2018-04-11,1.0720348409341913,1.433642198199432
2018-04-12,1.0734036124326631,1.435472669099232
2018-04-13,1.0734262428030672,1.4355029329047853
2018-04-16,1.07425253212306,1.43660793732426
2018-04-17,1.0736980172483603,1.4358663794069761
2018-04-19,1.0746674638046243,1.437702413392688
2018-04-20,1.0746670067459891,1.437701801934423
2018-04-23,1.0758102881402045,1.4392312968479761
2018-04-24,1.0759855882507123,1.4394658153389825
2018-04-25,1.0770668223288995,1.4409123026441335
2018-04-26,1.0772173091129598,1.4411136255834744
2018-04-27,1.0785117857967779,1.4428453912831793
2018-04-30,1.0785326925934215,1.4428733606346331
2018-05-01,1.0780465869567997,1.4422230429591907
2018-05-02,1.0784199121072562,1.4427224816114892
2018-05-03,1.078586926037283,1.442945914755561
2018-05-04,1.0789693778683522,1.4434575631854747
2018-05-07,1.0787746515344816,1.4431970560708682
2018-05-08,1.0785359113614181,1.44287766673924
2018-05-09,1.0795834258784571,1.4442790436301707
2018-05-10,1.0795021389403512,1.4441702970355
2018-05-11,1.0795021389403512,1.4459129769659753
2018-05-14,1.0803183862567531,1.4470062796511909
2018-05-15,1.0803183862567531,1.447259437794994
2018-05-16,1.0803183862567531,1.4472338576328083
2018-05-18,1.0803183862567531,1.4483808138061294
2018-05-21,1.0803183862567531,1.4492009094748322
2018-05-22,1.0803183862567531,1.4491390251647147
2018-05-23,1.0803183862567531,1.4488564071862364
2018-05-24,1.0803183862567531,1.4493944206070237
2018-05-25,1.0803183862567531,1.4496120246641013
2018-05-28,1.0803183862567531,1.4491353286773307
2018-05-29,1.0803183862567531,1.449780113848311
2018-05-30,1.0803183862567531,1.4501273688680285
2018-05-31,1.0803183862567531,1.4487269104125275
2018-06-01,1.0803183862567531,1.4499761106991513
2018-06-04,1.0803183862567531,1.4513487420702744
2018-06-05,1.0803183862567531,1.450739196367694
2018-06-06,1.0803183862567531,1.451120780194144
2018-06-07,1.0803183862567531,1.4512588187493762
2018-06-08,1.0803183862567531,1.4519060654976665
2018-06-11,1.0803183862567531,1.4521173043059543
2018-06-12,1.0803183862567531,1.4513368997693128
2018-06-13,1.0803183862567531,1.4508531922268253
2018-06-14,1.0801276115335265,1.4505969843165365
2018-06-18,1.0809453251305186,1.4529240642747798
2018-06-19,1.0809453251305186,1.455334639606479
2018-06-20,1.0809453251305186,1.4562162169617523
2018-06-21,1.080526049484578,1.4556513817376193
2018-06-22,1.0800488185893573,1.45500847098839
2018-06-25,1.080185729965435,1.4551929137733262
2018-06-26,1.0805437559283941,1.4556752353128468
2018-06-27,1.0810092556824331,1.4563023422303418
2018-06-28,1.0807848523488917,1.456000032977648
2018-06-29,1.0805537079228238,1.4556886423329272
2018-07-02,1.0814065040784973,1.456837503022532
2018-07-03,1.0816868007110392,1.4572151100044743
2018-07-04,1.0813055597730867,1.45670151396635
2018-07-05,1.0818136733940413,1.4573860289715876
2018-07-06,1.0818552217375328,1.4574420016190228
2018-07-09,1.0805479490581498,1.4556808841679818
2018-07-10,1.080823351975894,1.4560518984882198
2018-07-11,1.0809247721103794,1.4561885285666618
2018-07-12,1.0816781782511373,1.4572034940923215
2018-07-13,1.0818080749737204,1.4573784869523285
2018-07-17,1.0818080749737204,1.4572323586799134
2018-07-18,1.0818080749737204,1.4586299456212133
2018-07-19,1.0818080749737204,1.4595269604787293
2018-07-20,1.0818080749737204,1.4591414523686788
2018-07-23,1.0818080749737204,1.459699466321168
2018-07-24,1.0818080749737204,1.4597447890286288
2018-07-25,1.0818080749737204,1.4606819164510614
2018-07-26,1.0818080749737204,1.4609873287551796
2018-07-27,1.0818080749737204,1.4615998903659706
2018-07-30,1.0818080749737204,1.4628830907507666
2018-07-31,1.0818080749737204,1.4632398615911923
2018-08-01,1.0818080749737204,1.4642621902544906
2018-08-02,1.0818080749737204,1.465262325115099
2018-08-03,1.0818080749737204,1.4656460193927097
2018-08-06,1.0818080749737204,1.4656196813453002
2018-08-07,1.0818080749737204,1.4671529391472886
2018-08-08,1.0818080749737204,1.4671556944364792
2018-08-09,1.0818080749737204,1.4672971728148858
2018-08-10,1.0818080749737204,1.4685592011869486
2018-08-13,1.0818080749737204,1.470161715230361
2018-08-15,1.0818080749737204,1.4705377115555787
2018-08-16,1.0818080749737204,1.470241951400216
2018-08-17,1.0818080749737204,1.4711785489738372
2018-08-20,1.0818080749737204,1.472752171188125
2018-08-21,1.0818080749737204,1.4730992979382835
2018-08-22,1.0818080749737204,1.4733089045181222
2018-08-23,1.0818080749737204,1.4731484140307625
2018-08-24,1.0818080749737204,1.4741361534603055
2018-08-27,1.0818080749737204,1.473099943360653
2018-08-28,1.0818080749737204,1.4747048758200312
2018-08-29,1.0818080749737204,1.4749351465160006
2018-08-30,1.0818080749737204,1.4759811962389329
2018-08-31,1.0818080749737204,1.4751487160196157
2018-09-03,1.0818080749737204,1.4749925435857594
2018-09-04,1.0818080749737204,1.4752490584381954
2018-09-05,1.0818080749737204,1.4762695501536076
2018-09-06,1.0818080749737204,1.4774592217972056
2018-09-07,1.0818080749737204,1.4771381155470227
2018-09-10,1.0818080749737204,1.4776257346277206
2018-09-11,1.0818080749737204,1.4777891831089118
2018-09-13,1.0818080749737204,1.4789462902255428
2018-09-14,1.0818080749737204,1.4793379861661244
2018-09-17,1.0818080749737204,1.4800917084656766
2018-09-18,1.0818080749737204,1.4808877818205346
2018-09-19,1.0818080749737204,1.4814269311518393
2018-09-20,1.0818080749737204,1.4824724757782284
2018-09-21,1.0818080749737204,1.4838012360269515
2018-09-24,1.0818080749737204,1.482891917059383
2018-09-25,1.0818080749737204,1.4831870775180742
2018-09-26,1.0818080749737204,1.4838799191602245
2018-09-27,1.0818080749737204,1.484429068864997
2018-09-28,1.0818080749737204,1.4849946079550014
2018-10-01,1.0818080749737204,1.4845337025397058
2018-10-02,1.0818080749737204,1.48525137311575
2018-10-03,1.0818080749737204,1.485290803703798
2018-10-04,1.0818080749737204,1.485315071167227
2018-10-05,1.0818080749737204,1.486341344791173
2018-10-08,1.0818080749737204,1.4853058373297543
2018-10-09,1.0818080749737204,1.487503195967106
2018-10-10,1.0818080749737204,1.4871098360366175
2018-10-12,1.0818080749737204,1.488664427445695
2018-10-15,1.0818080749737204,1.4905514198434042
2018-10-16,1.0818080749737204,1.4915235078182991
2018-10-17,1.0818080749737204,1.4921897280419796
2018-10-18,1.0818080749737204,1.4931377158562416
2018-10-19,1.0818080749737204,1.4932662047382084
2018-10-22,1.0818080749737204,1.4926394169920856
2018-10-23,1.0818080749737204,1.4926863424230943
2018-10-24,1.0818080749737204,1.4935808452455297
2018-10-25,1.0818080749737204,1.494998595887839
2018-10-26,1.0818080749737204,1.495975282152785
2018-10-29,1.0818080749737204,1.4957178884321283
2018-10-30,1.0818080749737204,1.4964159863829138
2018-10-31,1.0818080749737204,1.4955173600487395
2018-11-01,1.0818080749737204,1.4959718096894048
2018-11-02,1.0818080749737204,1.49708635288599
2018-11-05,1.0818080749737204,1.4972179651208948
2018-11-06,1.0818080749737204,1.49678324361623
2018-11-07,1.0818080749737204,1.4973384206467921
2018-11-08,1.0818080749737204,1.4983396027873237
2018-11-12,1.0818080749737204,1.4990174241565268
2018-11-13,1.0818080749737204,1.4987844771730185
2018-11-14,1.0818080749737204,1.4994410811054095
2018-11-15,1.0818080749737204,1.4999573273175146
2018-11-16,1.0818080749737204,1.500129029740032
2018-11-19,1.0818080749737204,1.5001993025794447
2018-11-20,1.0818080749737204,1.5009637757804073
2018-11-21,1.0818080749737204,1.5029154649807164
2018-11-22,1.0818080749737204,1.5051853694538282
2018-11-23,1.0818080749737204,1.5052378105174775
2018-11-26,1.0818080749737204,1.505630450263695
2018-11-27,1.0818080749737204,1.5059100689204017
2018-11-28,1.0818080749737204,1.506467739820442
2018-11-29,1.0818080749737204,1.5067769250709504
2018-11-30,1.0818080749737204,1.5060530477335115
2018-12-03,1.0818080749737204,1.506673079879244
2018-12-04,1.0818080749737204,1.507826726666129
2018-12-05,1.0818080749737204,1.5079777180101355
2018-12-06,1.0818080749737204,1.5092605200643663
2018-12-07,1.0818080749737204,1.5095120777003719
2018-12-11,1.0818080749737204,1.51120734018272
2018-12-12,1.0818080749737204,1.5115922848335628
2018-12-13,1.0818080749737204,1.5118966357301873
2018-12-14,1.0818080749737204,1.5119949247050881
2018-12-17,1.0818080749737204,1.512519442314489
2018-12-18,1.0818080749737204,1.5139366083120183
2018-12-19,1.0818080749737204,1.5151736825868136
2018-12-20,1.0818080749737204,1.5154991582441806
2018-12-21,1.0818080749737204,1.5156078128378248
2018-12-24,1.0818080749737204,1.5163315731373734
2018-12-25,1.0818080749737204,1.5161368582336059
2018-12-26,1.0818080749737204,1.5171724773279551
2018-12-27,1.0818080749737204,1.518215680607868
2018-12-28,1.0817636514563405,1.5181533363878217
2018-12-31,1.0822593185053675,1.5188489583780826
2019-01-01,1.082896558506853,1.519743264664888
2019-01-02,1.083097924136909,1.5200258623494114
2019-01-03,1.0830731272098075,1.5199910621991561
2019-01-04,1.0834903932076352,1.5205766557027929
2019-01-07,1.0838331820570353,1.521057727547546
2019-01-09,1.0838331820570353,1.5205541427195886
2019-01-10,1.0838331820570353,1.5209655172212395
2019-01-11,1.0838331820570353,1.5222300450893924
2019-01-14,1.0838331820570353,1.5232408034925264
2019-01-15,1.0838331820570353,1.5241379461352167
2019-01-16,1.0838331820570353,1.5244753433728766
2019-01-17,1.0838331820570353,1.5239942161586524
2019-01-18,1.0838331820570353,1.5236331956441775
2019-01-21,1.0838331820570353,1.5247971968864216
2019-01-22,1.0838331820570353,1.5253182703280619
2019-01-23,1.0838331820570353,1.5252364067127446
2019-01-24,1.0838331820570353,1.5259470568226543
2019-01-25,1.0838331820570353,1.5260402564897273
2019-01-28,1.0838331820570353,1.5254856994008292
2019-01-29,1.0838331820570353,1.5274865346692061
2019-01-30,1.0838331820570353,1.529554709818393
2019-01-31,1.084431104522106,1.5303985252114773
2019-02-01,1.084431104522106,1.5299063998380238
2019-02-04,1.0852124130735799,1.5310086634563977
2019-02-05,1.0873209178029057,1.5339833244247458
2019-02-07,1.0873614738509214,1.5336547479381908
2019-02-08,1.0873614738509214,1.5341640017050096
2019-02-11,1.0873614738509214,1.535196838399453
2019-02-12,1.0873614738509214,1.5363423577837143
2019-02-13,1.0873614738509214,1.5361528547191312
2019-02-14,1.0873614738509214,1.5361863187984046
2019-02-15,1.0873614738509214,1.5359265570576317
2019-02-18,1.0873614738509214,1.5386167530895818
2019-02-19,1.0873614738509214,1.5390624576927758
2019-02-20,1.0873614738509214,1.5406463927191385
2019-02-21,1.0873614738509214,1.5406773646289282
2019-02-22,1.0873614738509214,1.540532015516792
2019-02-25,1.0873614738509214,1.5399242263750508
2019-02-26,1.0873614738509214,1.5407305988482645
2019-02-27,1.0873614738509214,1.5405544667378062
2019-02-28,1.0873614738509214,1.5404256118629
2019-03-01,1.0873614738509214,1.5392590446154932
2019-03-04,1.0873614738509214,1.5402557623117168
2019-03-05,1.0873614738509214,1.5402027701927592
2019-03-06,1.0873614738509214,1.5412845705824954
2019-03-08,1.0873614738509214,1.542667244643269
2019-03-11,1.0873614738509214,1.5428708855268718
2019-03-12,1.0873614738509214,1.541937518959721
2019-03-13,1.0873614738509214,1.5432525986112307
2019-03-14,1.0873614738509214,1.5435949131019935
2019-03-15,1.0873614738509214,1.542272080635528
2019-03-18,1.0873614738509214,1.5418533539606707
2019-03-19,1.0873614738509214,1.5416693183770989
2019-03-20,1.0873614738509214,1.5421433633983186
2019-03-21,1.0873614738509214,1.5431615650763428
2019-03-22,1.0873614738509214,1.542749989172264
2019-03-25,1.0873614738509214,1.5437320964675467
2019-03-26,1.0873614738509214,1.5439422808563104
2019-03-27,1.0873614738509214,1.5462283278272961
2019-03-28,1.0877502807657364,1.5467812113717287
2019-03-29,1.0869146967333096,1.5455930106378524
2019-04-01,1.0876285741980605,1.5466081445975706
2019-04-02,1.0873336908142592,1.5461888203411902
2019-04-03,1.087950746467759,1.5470662736575267
2019-04-04,1.0886819998454598,1.5481061161704457
2019-04-08,1.0894487984970262,1.548521604824437
2019-04-09,1.0893423553093458,1.5483703085211715
2019-04-10,1.0899051634010213,1.5491702731367936
2019-04-11,1.0908172966989902,1.5504667618936154
2019-04-12,1.0908172966989902,1.5505984107435233
2019-04-15,1.0905270590756246,1.5501858375299427
2019-04-16,1.0905270590756246,1.55001401618339
2019-04-17,1.0905270590756246,1.5507798325339601
2019-04-18,1.0905270590756246,1.5500672342037274
2019-04-19,1.0905270590756246,1.550201880326274
2019-04-22,1.0905270590756246,1.550830738218491
2019-04-23,1.0905270590756246,1.551646156441175
2019-04-24,1.0905270590756246,1.5522089249126112
2019-04-25,1.0905270590756246,1.5519086546806677
2019-04-26,1.0905270590756246,1.5526673386251053
2019-04-29,1.0905270590756246,1.5521326974990892
2019-04-30,1.0905270590756246,1.552534300079477
2019-05-01,1.0905270590756246,1.5533974261145835
2019-05-02,1.0905270590756246,1.5530082875681517
2019-05-03,1.0905270590756246,1.5532445062653928
2019-05-07,1.0905270590756246,1.5526553011812045
2019-05-08,1.0905270590756246,1.5532973780141945
2019-05-09,1.0905270590756246,1.5535345780698577
2019-05-10,1.0905270590756246,1.553545701127692
2019-05-13,1.0905270590756246,1.5552774301022556
2019-05-14,1.0905270590756246,1.5567564523225679
2019-05-15,1.0905270590756246,1.5561786265232036
2019-05-16,1.0905270590756246,1.5564823698546253
2019-05-17,1.0905270590756246,1.5577216871003317
2019-05-20,1.0905270590756246,1.5589962670802182
2019-05-21,1.0905270590756246,1.5601607989229507
2019-05-22,1.0905270590756246,1.5618289053434764
2019-05-23,1.0905270590756246,1.5620423585127394
2019-05-24,1.0905270590756246,1.5622229914617904
2019-05-27,1.0905270590756246,1.5625563039484598
2019-05-28,1.0905270590756246,1.5627698450960503
2019-05-29,1.090460645599411,1.562674671870342
2019-05-30,1.089565137732527,1.5613913724980193
2019-05-31,1.089565137732527,1.5626812554072487
2019-06-03,1.089565137732527,1.5617689602049443
2019-06-05,1.089565137732527,1.561494098848119
2019-06-06,1.089559940941385,1.5614866511440575
2019-06-07,1.0897966905646694,1.561825945351316
2019-06-10,1.0901857507010404,1.5623835211088373
2019-06-11,1.0899523858511468,1.562049077739306
2019-06-12,1.0900725763028491,1.5622213269005278
2019-06-13,1.090339201652216,1.5626034370610147
2019-06-14,1.0905070762999578,1.5628440241197568
2019-06-17,1.0915711179969414,1.5643689396784777
2019-06-18,1.0918026098842684,1.5647006988395173
2019-06-19,1.0912744040626918,1.5639437085093335
2019-06-20,1.0921093881788044,1.5651403535971666
2019-06-21,1.0926513559745135,1.5659170666962354
2019-06-24,1.0925733173238832,1.5658052267628333
2019-06-25,1.0929713649464226,1.5663756828027073
2019-06-26,1.0930803486089486,1.5665318711204241
2019-06-27,1.0929384262756887,1.5663284772358315
2019-06-28,1.0936567407841864,1.5673579190078675
2019-07-01,1.0934390868936357,1.5670459915664356
2019-07-02,1.093452845837515,1.5670657099925582
2019-07-04,1.0937218078630586,1.5680803509972292
2019-07-05,1.093992030027311,1.5684677713294577
2019-07-08,1.0934793887683174,1.5677327922154278
2019-07-09,1.0932786982589378,1.5674450601412135
2019-07-10,1.0932926581370375,1.5674650745638878
2019-07-11,1.0931709308333586,1.5672905528603738
2019-07-12,1.0941564685658898,1.5687035285754396
2019-07-15,1.093218143125808,1.5673582416159448
2019-07-16,1.093024679947092,1.5670808714410018
2019-07-17,1.0935239292288068,1.5677966503376812
2019-07-18,1.0928210100879587,1.5667888678420048
2019-07-19,1.0935108357121581,1.5677778780264455
2019-07-22,1.093090293945476,1.5671749429140915
2019-07-23,1.093450471739751,1.5676913335702967
2019-07-24,1.093690551778526,1.5680355388231892
2019-07-25,1.0938734658067066,1.5682977845711024
2019-07-26,1.094179421011087,1.568736435735251
2019-07-29,1.0937686286567503,1.568147478456952
2019-07-30,1.0941557334008847,1.5687024745617117
2019-07-31,1.0943794067361665,1.5690231573528712
2019-08-02,1.094894896879248,1.5691474213209298
2019-08-05,1.0945705037275755,1.5686825176311858
2019-08-06,1.0936181396905775,1.567317638155472
2019-08-07,1.093893394720941,1.5677121196005237
2019-08-08,1.0933861136458667,1.5669851102838244
2019-08-09,1.0941880481804809,1.5681344018830865
2019-08-12,1.0943437536009737,1.5683575509357932
2019-08-13,1.0944708248949118,1.5685396630214143
2019-08-14,1.0939289949901205,1.5677631400872758
2019-08-15,1.094372705063724,1.568399042692899
2019-08-16,1.0952229789597683,1.5696176117950085
2019-08-19,1.0948702265584491,1.5691120650777186
2019-08-20,1.0954061771219392,1.5698801620403158
2019-08-21,1.0955853227701378,1.5701369044296656
2019-08-22,1.0952753235849086,1.5696926294371523
2019-08-23,1.094966330976937,1.5692497970197323
2019-08-26,1.0938510443022054,1.567651425144334
2019-08-27,1.0933854693389766,1.5669841868961112
2019-08-28,1.0941911433365852,1.5681388377026646
2019-08-29,1.0941951522334046,1.568144583048747
2019-09-02,1.0949071896628921,1.569060695273823
2019-09-03,1.0954551133012496,1.5698458992190294
2019-09-04,1.0952144294770927,1.5695009863971592
2019-09-05,1.0960323074063232,1.570673049312083
2019-09-06,1.0957670060101974,1.5702928581899565
2019-09-09,1.0957107696293578,1.5702122684416626
2019-09-10,1.0961912727161778,1.5709008551224382
2019-09-11,1.095500531515942,1.5699109859553266
2019-09-12,1.0951996930902703,1.5694798683648987
2019-09-13,1.0945689355693615,1.568575959025687
2019-09-16,1.0949613852996252,1.5691383605264178
2019-09-17,1.0946546994588744,1.5686988632767311
2019-09-18,1.0944163793705386,1.5683573378150006
2019-09-19,1.0942533573065654,1.5681237184585313
2019-09-20,1.0948765894314367,1.5690168435018226
2019-09-23,1.0948082658227072,1.568918932108027
2019-09-24,1.0944970578649909,1.5684729544223208
2019-09-25,1.0949768217790885,1.5691604818289617
2019-09-26,1.0942302894969238,1.5680906610507657
2019-09-27,1.0943998893273585,1.5683337066991754
2019-10-01,1.0947560860600045,1.568769218607892
2019-10-02,1.094654322472246,1.5686233928974131
2019-10-03,1.095599189306633,1.569977373043625
2019-10-04,1.0956120610838391,1.5699958181092672
2019-10-07,1.0960206202593794,1.5705812773423593
2019-10-08,1.0959512121741097,1.5704818165865981
2019-10-09,1.0949414486750118,1.5690348404833092
2019-10-10,1.0948007394051729,1.5688332061885955
2019-10-11,1.0963141346173129,1.5710018790597722
2019-10-14,1.0950127659593187,1.5691370370929467
2019-10-15,1.0951568287528826,1.5693434769373718
2019-10-16,1.095539100552917,1.5698912667516252
2019-10-17,1.0952054219625047,1.5694131102853468
2019-10-18,1.0952478680234057,1.569473934860465
2019-10-21,1.0959355366471257,1.570459353789148
2019-10-22,1.0956761349769546,1.5700876350468622
2019-10-23,1.0956590093434615,1.5700630942683131
2019-10-24,1.0952645824587752,1.5694978863982074
2019-10-25,1.0952645824587752,1.5697559958543235
2019-10-28,1.0952645824587752,1.570570905359594
2019-10-30,1.0952645824587752,1.5707146638011547
2019-10-31,1.0952645824587752,1.5699730087509847
2019-11-01,1.0952645824587752,1.5695354751564297
2019-11-04,1.0952645824587752,1.5688755591393417
2019-11-05,1.0952645824587752,1.5691937616584346
2019-11-06,1.0952645824587752,1.5684955951754798
2019-11-07,1.0952645824587752,1.5690864892994154
2019-11-08,1.0952645824587752,1.56951480102528
2019-11-11,1.0952645824587752,1.570233228578951
2019-11-12,1.0952645824587752,1.5696134471180279
2019-11-13,1.0952645824587752,1.568784510772377
2019-11-14,1.0952645824587752,1.568348810443057
2019-11-15,1.0952645824587752,1.5670068433978124
2019-11-18,1.0952645824587752,1.5676962758373774
2019-11-19,1.0952645824587752,1.5673299970148649
2019-11-20,1.0952645824587752,1.5673548263434323
2019-11-21,1.0952645824587752,1.5665957091886424
2019-11-22,1.0952645824587752,1.566384224628532
2019-11-25,1.0952645824587752,1.5663593956943067
2019-11-26,1.0952645824587752,1.5657469851020895
2019-11-28,1.0952645824587752,1.565319417046058
2019-11-29,1.0952645824587752,1.5655215838899579
2019-12-02,1.0952645824587752,1.5661581355617582
2019-12-03,1.0952645824587752,1.5677751792854218
2019-12-04,1.0952645824587752,1.567303145315648
2019-12-05,1.0952645824587752,1.567021295089555
2019-12-06,1.0952645824587752,1.5666859486685019
2019-12-09,1.0952645824587752,1.5679203401686979
2019-12-10,1.0952645824587752,1.5681320834256431
2019-12-11,1.0952645824587752,1.569325509976681
2019-12-12,1.0952645824587752,1.5684429149460488
2019-12-13,1.0952645824587752,1.5686767532300898
2019-12-16,1.0952645824587752,1.56804720197478
2019-12-17,1.0952645824587752,1.5671312372051789
2019-12-18,1.0952645824587752,1.5673812649746761
2019-12-19,1.0952645824587752,1.5674455215388605
2019-12-20,1.0952645824587752,1.5672232753905435
2019-12-23,1.0952645824587752,1.5674510996070645
2019-12-24,1.0952645824587752,1.567165748570445
2019-12-25,1.0952645824587752,1.5673329428666336
2019-12-27,1.0952645824587752,1.5695846125702586
2019-12-30,1.0952645824587752,1.569101678245982
2019-12-31,1.0952645824587752,1.5687904611792474
2020-01-01,1.0952645824587752,1.5683163149085477
2020-01-02,1.0952645824587752,1.5676745957515554
2020-01-03,1.0952645824587752,1.5664769567055967
2020-01-06,1.0952645824587752,1.5666431338451186
2020-01-07,1.0952645824587752,1.5665560209072362
2020-01-08,1.0952645824587752,1.566047998277561
2020-01-09,1.0952645824587752,1.567013254607464
2020-01-10,1.0952645824587752,1.566125705253959
2020-01-13,1.0952645824587752,1.5660534869177396
2020-01-14,1.0952645824587752,1.5655395846559943
2020-01-15,1.0952645824587752,1.5660672543011207
2020-01-16,1.0952645824587752,1.5667519125882952
2020-01-17,1.0952645824587752,1.5673697510610571
2020-01-20,1.0952645824587752,1.5669304377483388
2020-01-21,1.0952645824587752,1.5667671139217347
2020-01-22,1.0952645824587752,1.5653449346947872
2020-01-23,1.0952645824587752,1.565526128183709
2020-01-27,1.0952645824587752,1.5656947366437288
2020-01-28,1.0952645824587752,1.565765284380523
2020-01-29,1.0952645824587752,1.5651284058930786
2020-01-30,1.0952645824587752,1.5645390199544358
2020-01-31,1.0952645824587752,1.5654497159685332
2020-02-03,1.0952645824587752,1.5663632000319476
2020-02-04,1.0952645824587752,1.5676401196141727
2020-02-05,1.0952645824587752,1.5674470262856304
2020-02-06,1.0952645824587752,1.5669002332040436
2020-02-07,1.0952645824587752,1.5654532252546378
2020-02-10,1.0952645824587752,1.5645025470062122
2020-02-11,1.0952645824587752,1.5639931738914605
2020-02-12,1.0952645824587752,1.5645229100869427
2020-02-13,1.0952645824587752,1.5650759585914784
2020-02-14,1.0952645824587752,1.564314594898258
2020-02-17,1.0952645824587752,1.5640921224776299
2020-02-18,1.0952645824587752,1.564193312252829
2020-02-19,1.0952645824587752,1.563849801128225
2020-02-20,1.0952645824587752,1.5637328700268902
2020-02-21,1.0952645824587752,1.5629689743354211
2020-02-25,1.0952645824587752,1.561964418488294
2020-02-26,1.0952645824587752,1.561446298794504
2020-02-27,1.0952645824587752,1.5618170709706796
2020-02-28,1.0952645824587752,1.5623370495260305
2020-03-02,1.0952645824587752,1.5622172788967312
2020-03-03,1.0952645824587752,1.563022527521655
2020-03-04,1.0952645824587752,1.56283457930787
2020-03-05,1.0952645824587752,1.5641847569255387
2020-03-06,1.0952645824587752,1.56418613176539
2020-03-09,1.0952645824587752,1.5646635097778478
2020-03-10,1.0952645824587752,1.5638868419674625
2020-03-11,1.0952645824587752,1.564694907712092
2020-03-12,1.0952645824587752,1.5656936959252783
2020-03-13,1.0952645824587752,1.5649179678441394
2020-03-16,1.0952645824587752,1.565102593478163
2020-03-17,1.0952645824587752,1.5645924564406661
2020-03-18,1.0952645824587752,1.5642171174073956
2020-03-19,1.0952645824587752,1.5637856658009004
2020-03-20,1.0952645824587752,1.56401459412207
2020-03-23,1.0952645824587752,1.5648346161745343
2020-03-25,1.0952645824587752,1.5639509305676933
2020-03-26,1.0952645824587752,1.5625421959798143
2020-03-27,1.0952645824587752,1.5629789242002863
2020-03-30,1.0952645824587752,1.5623134907542193
2020-03-31,1.0952645824587752,1.5635829961016374
2020-04-01,1.0952645824587752,1.5642234116242353
2020-04-02,1.0952645824587752,1.5645499877831082
2020-04-03,1.0952645824587752,1.564839297538545
2020-04-06,1.0952645824587752,1.5653751757704992
2020-04-07,1.0952645824587752,1.564549339340384
2020-04-08,1.0952645824587752,1.5640639866466084
2020-04-09,1.0952645824587752,1.5631290877066208
2020-04-10,1.0952645824587752,1.5623066020666054
2020-04-13,1.0952645824587752,1.5622913883223972
2020-04-14,1.0952645824587752,1.5617328797524883
2020-04-15,1.0952645824587752,1.560765793676258
2020-04-16,1.0952645824587752,1.5618523531912518
2020-04-17,1.0952645824587752,1.560845986403458
2020-04-20,1.0952645824587752,1.5616834986250974
2020-04-21,1.0952645824587752,1.562521274666417
2020-04-23,1.0952645824587752,1.562917185025361
2020-04-24,1.0952645824587752,1.562707554086136
2020-04-27,1.0952645824587752,1.5625443130926162
2020-04-28,1.0952645824587752,1.5627235492193665
2020-04-29,1.0952645824587752,1.5630378493227903
2020-04-30,1.0952645824587752,1.5630710628333682
2020-05-01,1.0952645824587752,1.5628573058735435
2020-05-04,1.0952645824587752,1.5625284879388652
2020-05-05,1.0952645824587752,1.560691519871422
2020-05-06,1.0952645824587752,1.559644437871605
2020-05-07,1.0952645824587752,1.5596494544463966
2020-05-08,1.0952645824587752,1.5610101066053044
2020-05-11,1.0952645824587752,1.5603557338801302
2020-05-12,1.0952645824587752,1.5607174864766507
2020-05-13,1.0952645824587752,1.5610275826215718
2020-05-14,1.0952645824587752,1.5604727204710735
2020-05-15,1.0952645824587752,1.559899083844296
2020-05-18,1.0952645824587752,1.559781856177468
2020-05-19,1.0952645824587752,1.5601141512961152
2020-05-20,1.0952645824587752,1.5593958907448857
2020-05-22,1.0952645824587752,1.5595868675991136
2020-05-25,1.0952645824587752,1.5598476985921088
2020-05-26,1.0952645824587752,1.5594746464764928
2020-05-27,1.0952645824587752,1.558643597103889
2020-05-28,1.0952645824587752,1.5590439614278349
2020-05-29,1.0952645824587752,1.5569506149737022
2020-06-01,1.0952645824587752,1.5580538181087884
2020-06-02,1.0952645824587752,1.5582947258029807
2020-06-03,1.0952645824587752,1.5577353148813589
2020-06-04,1.0952645824587752,1.5565263674520007
2020-06-05,1.0952645824587752,1.5563840716760775
2020-06-08,1.0952645824587752,1.5559641748382773
2020-06-09,1.0952645824587752,1.5555468173090206
2020-06-10,1.0952645824587752,1.5554053695540049
2020-06-11,1.0952645824587752,1.5541038216554608
2020-06-12,1.0952645824587752,1.5530616035562927
2020-06-15,1.0952645824587752,1.5524149296055991
2020-06-16,1.0952645824587752,1.5523616908633797
2020-06-17,1.0952645824587752,1.5515924474019525
2020-06-18,1.0952645824587752,1.5521876136663881
2020-06-22,1.0952645824587752,1.5505791866746073
2020-06-23,1.0952645824587752,1.5506312334733818
2020-06-24,1.0952645824587752,1.549100826567103
2020-06-25,1.0952645824587752,1.549481066889176
2020-06-26,1.0952645824587752,1.5481000300223435
2020-06-29,1.0952645824587752,1.5485925877020514
2020-06-30,1.0952645824587752,1.547885901606018
2020-07-01,1.0952645824587752,1.5464306329025204
2020-07-02,1.0952645824587752,1.5460005309071934
2020-07-03,1.0952645824587752,1.5452630603049828
2020-07-06,1.0952645824587752,1.5449780957929173
2020-07-07,1.0952645824587752,1.543673720036055
2020-07-08,1.0952645824587752,1.542659130707744
2020-07-09,1.0952645824587752,1.542504035186466
2020-07-10,1.0952645824587752,1.5419440291541415
2020-07-13,1.0952645824587752,1.5406904032422906
2020-07-14,1.0952645824587752,1.5409518876147894
2020-07-15,1.0952645824587752,1.5406975475971372
2020-07-16,1.0952645824587752,1.5405342765385868
2020-07-17,1.0952645824587752,1.5404427261417977
2020-07-21,1.0952645824587752,1.5383701775075356
2020-07-22,1.0952645824587752,1.5367860836059861
2020-07-23,1.0952645824587752,1.5356748704327374
2020-07-24,1.0952645824587752,1.535688801362727
2020-07-27,1.0952645824587752,1.5349558272542778
2020-07-28,1.0952645824587752,1.5340393178177247
2020-07-29,1.0952645824587752,1.5330350832885482
2020-07-30,1.0952645824587752,1.5314318445928377
2020-07-31,1.0952645824587752,1.5304052112818638
2020-08-03,1.0952645824587752,1.5292964751187867
2020-08-04,1.0952645824587752,1.5287622436858452
2020-08-05,1.0952645824587752,1.5291376396549359
2020-08-06,1.0952645824587752,1.5292753764106901
2020-08-07,1.0945495331229886,1.5282769808087047
2020-08-10,1.0945495331229886,1.5276656498912937
2020-08-11,1.0945495331229886,1.5283758069757838
2020-08-12,1.0945495331229886,1.527607910354047
2020-08-13,1.0945495331229886,1.5266883004958365
2020-08-14,1.0945495331229886,1.526543502683091
2020-08-17,1.0945495331229886,1.525010869608906
2020-08-19,1.0945495331229886,1.5228991180917626
2020-08-20,1.0945495331229886,1.5227054662077733
2020-08-21,1.0945495331229886,1.5212997330491982
2020-08-24,1.0945495331229886,1.5201319135761453
2020-08-25,1.0945495331229886,1.5188685959676391
2020-08-26,1.0945495331229886,1.5196928152279843
2020-08-27,1.0945495331229886,1.5194801688142334
2020-08-28,1.0945495331229886,1.5193365130687084
2020-08-31,1.0945495331229886,1.5192818837826891
2020-09-01,1.0945495331229886,1.5186521794858072
2020-09-02,1.0945495331229886,1.518870686825757
2020-09-03,1.0945495331229886,1.5180041872638266
2020-09-04,1.0945495331229886,1.518620641392055
2020-09-07,1.0945495331229886,1.5173313951337335
2020-09-08,1.0945495331229886,1.5170634081947993
2020-09-09,1.0945495331229886,1.516429364211517
2020-09-10,1.0945495331229886,1.5157687366211319
2020-09-11,1.0945495331229886,1.5146005906907183
2020-09-14,1.0945495331229886,1.5159817561517186
2020-09-15,1.0945495331229886,1.5155415130161696
2020-09-17,1.0945495331229886,1.515108629959235
2020-09-18,1.0945495331229886,1.5129744104224907
2020-09-21,1.0945495331229886,1.512546079846976
2020-09-22,1.0945495331229886,1.5116734007825707
2020-09-23,1.0945495331229886,1.510939986198887
2020-09-24,1.0945495331229886,1.5101421661122614
2020-09-25,1.0945495331229886,1.5101414776001019
2020-09-28,1.0945495331229886,1.509601576032586
2020-09-29,1.0945495331229886,1.50797670166808
2020-09-30,1.0945495331229886,1.5070111504292398
2020-10-01,1.0945495331229886,1.508079957538446
2020-10-02,1.0945495331229886,1.5082251344172528
2020-10-05,1.0945495331229886,1.5072307705804144
2020-10-06,1.0945495331229886,1.5060817576269305
2020-10-07,1.0945495331229886,1.5056098543443963
2020-10-08,1.0952050013874957,1.5065114850594867
2020-10-09,1.0946774753306352,1.505785845510433
2020-10-12,1.0949620834711629,1.5061773388216424
2020-10-13,1.095305210322156,1.5066493276650084
2020-10-14,1.0964135704720346,1.5081739347415453
2020-10-16,1.0957492798488047,1.5058749930308213
2020-10-19,1.0952850116683015,1.505236954881094
2020-10-20,1.0938027510687722,1.5031999020524631
2020-10-21,1.0931986117617634,1.5023696407039389
2020-10-22,1.0921856207403546,1.5009774993853384
2020-10-23,1.0925001563025591,1.501409761807275
2020-10-26,1.0918236179902756,1.5004800033807528
2020-10-27,1.0923695489515364,1.5012302697031705
2020-10-28,1.0915720096438752,1.500134221071013
2020-10-29,1.091011537157806,1.4993639705067872
2020-10-30,1.0903431511063786,1.4984454156338383
2020-11-02,1.0897715198596256,1.49765982971966
2020-11-03,1.0888167060002691,1.4963476405717897
2020-11-04,1.0883797705511347,1.495747165464463
2020-11-05,1.087254119260248,1.4942001964990324
2020-11-06,1.0873575159950986,1.494342293382175
2020-11-09,1.0875663717732589,1.494629321354053
2020-11-10,1.0875663717732589,1.4940037157575703
2020-11-11,1.0875663717732589,1.4945662682494907
2020-11-12,1.0875663717732589,1.4935326187091065
2020-11-16,1.0880894374919474,1.493980650229549
2020-11-17,1.0880894374919474,1.4937503533573337
2020-11-18,1.0880894374919474,1.4928865109339644
2020-11-19,1.0880894374919474,1.492927346153594
2020-11-20,1.0880894374919474,1.4929583895530758
2020-11-23,1.0880894374919474,1.4912936809610604
2020-11-24,1.0880894374919474,1.4915313625778543
2020-11-25,1.0880894374919474,1.4910261661840227
2020-11-26,1.0880894374919474,1.489497728253893
2020-11-27,1.0880894374919474,1.4903900423314278
2020-11-30,1.0880894374919474,1.4893512364821329
2020-12-01,1.0880894374919474,1.489163631118921
2020-12-02,1.0880894374919474,1.4884238427057497
2020-12-03,1.0880894374919474,1.4886284913364933
2020-12-04,1.0880894374919474,1.4878167296786042
2020-12-07,1.0880894374919474,1.4865560885160962
2020-12-08,1.0880894374919474,1.4856285490120913
2020-12-09,1.0880894374919474,1.4849812888639649
2020-12-10,1.0880894374919474,1.4844793363949926
2020-12-11,1.0880894374919474,1.4846304534991421
2020-12-15,1.0880894374919474,1.4838950172380796
2020-12-16,1.0880894374919474,1.483459071065109
2020-12-17,1.0880894374919474,1.4828910714648182
2020-12-18,1.0880894374919474,1.4828228863673607
2020-12-21,1.0880894374919474,1.4827695975697763
2020-12-22,1.0880894374919474,1.4832854557273554
2020-12-23,1.0880894374919474,1.4826757968049462
2020-12-24,1.0880894374919474,1.4819298818221018
2020-12-25,1.0880894374919474,1.4813007202477668
2020-12-28,1.0880894374919474,1.4799232814913725
2020-12-29,1.0880894374919474,1.478837303939019
2020-12-30,1.0880894374919474,1.4782417494267965
2020-12-31,1.0880894374919474,1.4779544557988122
2021-01-01,1.0880894374919474,1.4767528745932426
2021-01-04,1.0880894374919474,1.4756885869089698
2021-01-05,1.0880894374919474,1.4758261425411319
2021-01-06,1.0880066091034382,1.4757137985582804
2021-01-07,1.088232494828762,1.4760201778384878
2021-01-08,1.088581357382757,1.4764933562920222
2021-01-11,1.0876275896265295,1.4751997168722721
2021-01-13,1.0870382011628368,1.4735859729187961
2021-01-14,1.0871406938180928,1.4737249116782167
2021-01-15,1.086195150736696,1.4724431360975185
2021-01-18,1.0864039869078652,1.4727262338323945
2021-01-19,1.0857424393543966,1.471829441802301
2021-01-20,1.0853767205128326,1.4713336743542167
2021-01-21,1.0851175096276524,1.470982288796634
2021-01-22,1.0845935665415836,1.4702720330011958
2021-01-25,1.0842761832469956,1.4698417890866367
2021-01-26,1.0838121818059212,1.4692127900190328
2021-01-27,1.0833666179700139,1.468608784917896
2021-01-28,1.0834140581119975,1.4686730946428952
2021-01-29,1.081934374466123,1.4666672395932883
2021-02-01,1.0809603993367245,1.4653469216071144
2021-02-02,1.0804719552539415,1.4646847881621496
2021-02-03,1.0803076604003716,1.464462070513971
2021-02-04,1.0795402438057649,1.4634217627051123
2021-02-05,1.0795402438057649,1.462910865541941
2021-02-08,1.0795402438057649,1.4622380811255686
2021-02-09,1.0795402438057649,1.4623608532050472
2021-02-11,1.0795402438057649,1.463460228167729
2021-02-12,1.0795402438057649,1.4626471080656553
2021-02-15,1.0795402438057649,1.462891599733287
2021-02-16,1.0795402438057649,1.4613125264012228
2021-02-17,1.0795402438057649,1.4606569865546584
2021-02-18,1.0795402438057649,1.4616030731913772
2021-02-19,1.0795402438057649,1.4616748431662787
2021-02-22,1.0795402438057649,1.4620839084895376
2021-02-23,1.0795402438057649,1.4614049465085508
2021-02-24,1.0795402438057649,1.4604598810654286
2021-02-25,1.0795402438057649,1.4596942110296296
2021-02-26,1.0795402438057649,1.459864415702883
2021-03-01,1.0795402438057649,1.4591771237747995
2021-03-02,1.0795402438057649,1.459588227511872
2021-03-03,1.0795402438057649,1.4584568008533156
2021-03-04,1.0795402438057649,1.4571845101282332
2021-03-05,1.0795402438057649,1.4568055549526004
2021-03-08,1.0795402438057649,1.4558377783438137
2021-03-09,1.0795402438057649,1.4557684323470557
2021-03-10,1.0795402438057649,1.454296533217143
2021-03-12,1.0795402438057649,1.4539981899548424
2021-03-15,1.0795402438057649,1.454025306020239
2021-03-16,1.0795402438057649,1.4540663802922167
2021-03-17,1.0795402438057649,1.4534852530653546
2021-03-18,1.0795402438057649,1.452146107721721
2021-03-19,1.0795402438057649,1.45219510153069
2021-03-22,1.0795402438057649,1.4515580345073908
2021-03-23,1.0795402438057649,1.4514179778599037
2021-03-24,1.0795402438057649,1.4507763123156412
2021-03-25,1.0795402438057649,1.4501573797793301
2021-03-26,1.0795402438057649,1.4506461196928488
2021-03-29,1.0795402438057649,1.4498359142522281
2021-03-30,1.0795402438057649,1.4495843457942292
2021-03-31,1.0795402438057649,1.448567863300485
2021-04-01,1.0795402438057649,1.4488086271788254
2021-04-02,1.0795402438057649,1.4483354393165304
2021-04-05,1.0795402438057649,1.4472567196689328
2021-04-06,1.0795402438057649,1.4466328878224097
2021-04-07,1.0795402438057649,1.4467300084993
2021-04-08,1.0795402438057649,1.446038719377108
2021-04-12,1.0795402438057649,1.4462208233765768
2021-04-13,1.0795402438057649,1.4454554413412066
2021-04-14,1.0795402438057649,1.4440850645321246
2021-04-15,1.0795402438057649,1.443873856726356
2021-04-16,1.0795402438057649,1.4444053941835653
2021-04-19,1.0795402438057649,1.4436151042009313
2021-04-20,1.0795402438057649,1.4434967858256085
2021-04-21,1.0795402438057649,1.4441122366234438
2021-04-22,1.0795402438057649,1.4431874781124028
2021-04-23,1.0795402438057649,1.4430339259159315
2021-04-26,1.0795402438057649,1.4415914858224461
2021-04-27,1.0795402438057649,1.4414494490975145
2021-04-28,1.0795402438057649,1.4432147739368655
2021-04-29,1.0795402438057649,1.4422205682585336
2021-04-30,1.0795402438057649,1.4412163368891493
2021-05-03,1.0795402438057649,1.4410901502893654
2021-05-04,1.0795402438057649,1.4408342676613284
2021-05-05,1.0795402438057649,1.4382039711219976
2021-05-06,1.0795402438057649,1.4373299566762796
2021-05-07,1.0795402438057649,1.4361636930111807
2021-05-11,1.0795402438057649,1.4372483604496376
2021-05-12,1.0795402438057649,1.4362297992132602
2021-05-13,1.0795402438057649,1.4358619097784437
2021-05-14,1.0795402438057649,1.4356756681779208
2021-05-17,1.0795402438057649,1.4351310146848382
2021-05-18,1.0795402438057649,1.4343281628290618
2021-05-19,1.0795402438057649,1.4335952953181073
2021-05-20,1.0795402438057649,1.4338946661530019
2021-05-21,1.0795402438057649,1.4331120226671057
2021-05-24,1.0795402438057649,1.4337761600305317
2021-05-25,1.0795402438057649,1.4348184425524106
2021-05-26,1.0795402438057649,1.4335008627480197
2021-05-27,1.0795402438057649,1.4320923652460886
2021-05-28,1.0795402438057649,1.431940376572449
2021-05-31,1.0795402438057649,1.4316004286207906
2021-06-01,1.0795402438057649,1.43120361611692
2021-06-02,1.0795402438057649,1.4303698661056572
2021-06-03,1.0795402438057649,1.430593320706149
2021-06-04,1.0795402438057649,1.4302155222563708
2021-06-07,1.0795402438057649,1.4287465001898938
2021-06-09,1.0795402438057649,1.427069504975663
2021-06-10,1.0795402438057649,1.4263414488639514
2021-06-11,1.0795402438057649,1.4266149531829222
2021-06-14,1.0795402438057649,1.4252480209539033
2021-06-15,1.0795402438057649,1.4248228561969627
2021-06-16,1.0795402438057649,1.4241542991604188
2021-06-17,1.0795402438057649,1.4242092818896637
2021-06-18,1.0795402438057649,1.4227307887065044
2021-06-21,1.0795402438057649,1.4221042764409022
2021-06-22,1.0795402438057649,1.4213156213859577
2021-06-23,1.0795402438057649,1.4211778867318172
2021-06-24,1.0795402438057649,1.4204722054913894
2021-06-25,1.0795402438057649,1.4202337447963684
2021-06-28,1.0795402438057649,1.4204603224867058
2021-06-29,1.0795402438057649,1.4193287728056048
2021-06-30,1.0795402438057649,1.419136779066241
2021-07-01,1.0795402438057649,1.41878603229536
2021-07-02,1.0795402438057649,1.4181326520161692
2021-07-05,1.0795402438057649,1.4173325360631612
2021-07-06,1.0795402438057649,1.4168894258471645
2021-07-08,1.0795402438057649,1.4162924727844308
2021-07-09,1.0795402438057649,1.4166719416636884
2021-07-12,1.0795402438057649,1.4155158335999922
2021-07-13,1.0795402438057649,1.4141880680369427
2021-07-14,1.0795402438057649,1.4151394225741616
2021-07-15,1.078818233667098,1.4141929594695313
2021-07-16,1.0788555914370952,1.4142419307361107
2021-07-19,1.0788555914370952,1.4135525852737805
2021-07-20,1.077837855695081,1.412219113954108
2021-07-21,1.077837855695081,1.4120514372994006
2021-07-22,1.077837855695081,1.4125034147931605
2021-07-23,1.077837855695081,1.411974403817736
2021-07-26,1.077837855695081,1.4112044500953094
2021-07-27,1.077837855695081,1.410687731838329
2021-07-28,1.077837855695081,1.4094540930066866
2021-07-29,1.077837855695081,1.4090242330577187
2021-07-30,1.077837855695081,1.4099541627252632
2021-08-02,1.077837855695081,1.409496220307093
2021-08-03,1.077837855695081,1.4096147230251068
2021-08-04,1.077837855695081,1.4092395759547514
2021-08-06,1.077837855695081,1.4088788503072924
2021-08-09,1.077837855695081,1.407987894438311
2021-08-10,1.077837855695081,1.407167471465621
2021-08-11,1.077837855695081,1.40568330207902
2021-08-12,1.077837855695081,1.4035445871295158
2021-08-13,1.077837855695081,1.4027628568682926
2021-08-16,1.077837855695081,1.4024911137133766
2021-08-17,1.077837855695081,1.4017801603838194
2021-08-18,1.077837855695081,1.401681666373286
2021-08-19,1.077837855695081,1.4016549217982621
2021-08-20,1.077837855695081,1.401547637929788
2021-08-23,1.077837855695081,1.4015504587256296
2021-08-24,1.077837855695081,1.4023300428310848
2021-08-25,1.077837855695081,1.4019670461157663
2021-08-26,1.077837855695081,1.4026746645967716
2021-08-27,1.077837855695081,1.402291931519185
2021-08-30,1.077837855695081,1.4018788565035711
2021-08-31,1.077837855695081,1.4011539104231798
2021-09-01,1.077837855695081,1.4009782244039504
2021-09-02,1.077837855695081,1.3983084221444229
2021-09-06,1.077837855695081,1.3976781856956535
2021-09-07,1.077837855695081,1.397548543902471
2021-09-08,1.077837855695081,1.3974662848770332
2021-09-09,1.077837855695081,1.3975816331253752
2021-09-10,1.077837855695081,1.3974933804320218
2021-09-13,1.077837855695081,1.3968811059680983
2021-09-14,1.077837855695081,1.3963753945678063
2021-09-15,1.077837855695081,1.3951288663968646
2021-09-16,1.077837855695081,1.3938766795747668
2021-09-17,1.077837855695081,1.392909887517265
2021-09-20,1.077837855695081,1.3932287949505977
2021-09-21,1.077837855695081,1.3927616595511512
2021-09-22,1.077837855695081,1.3922921214784394
2021-09-23,1.077837855695081,1.392067157124518
2021-09-24,1.077837855695081,1.3919164678561586
2021-09-27,1.077837855695081,1.3900783041788471
2021-09-28,1.077837855695081,1.3896574619916342
2021-09-29,1.077837855695081,1.388745781942815
2021-09-30,1.077837855695081,1.3890650008661798
2021-10-01,1.077837855695081,1.3897539905745615
2021-10-05,1.077837855695081,1.3895574267591797
2021-10-06,1.077837855695081,1.38973890444993
2021-10-07,1.077837855695081,1.3892150495115032
2021-10-08,1.077837855695081,1.3902849956526473
2021-10-11,1.077837855695081,1.3901762695889819
2021-10-12,1.077837855695081,1.3891451704190036
2021-10-13,1.077837855695081,1.3881454072328312
2021-10-14,1.077837855695081,1.3876196504249434
2021-10-15,1.077837855695081,1.3875638536770885
2021-10-18,1.077837855695081,1.3875793410159298
2021-10-19,1.077837855695081,1.3868293972506234
2021-10-20,1.077837855695081,1.3862660530685118
2021-10-21,1.077837855695081,1.3853401468158566
2021-10-22,1.077837855695081,1.3854260022879632
2021-10-25,1.077837855695081,1.3855310023289993
2021-10-26,1.077837855695081,1.3847000850428253
2021-10-27,1.077837855695081,1.384572235168851
2021-10-28,1.077837855695081,1.3840960264628437
2021-10-29,1.077837855695081,1.3830746683157367
2021-11-01,1.077837855695081,1.3824703998298913
2021-11-03,1.077837855695081,1.3828648905772036
2021-11-04,1.077837855695081,1.3828957250878613
2021-11-05,1.077837855695081,1.382295909912799
2021-11-08,1.077837855695081,1.3819708988687989
2021-11-09,1.077837855695081,1.380070732400384
2021-11-10,1.077837855695081,1.379161692045188
2021-11-11,1.077837855695081,1.3780188713426418
2021-11-12,1.077837855695081,1.3776698656659014
2021-11-15,1.077837855695081,1.3770588422285432
2021-11-16,1.077837855695081,1.376413516326428
2021-11-17,1.077837855695081,1.3755969349941621
2021-11-18,1.077837855695081,1.3761801806809217
2021-11-19,1.077837855695081,1.376730674103441
2021-11-22,1.077837855695081,1.3763944549616927
2021-11-23,1.077837855695081,1.3769858342072685
2021-11-24,1.077837855695081,1.3764078553013035
2021-11-25,1.077837855695081,1.3756917143270082
2021-11-26,1.077837855695081,1.3770295438357019
2021-11-29,1.077837855695081,1.3759074398895188
2021-11-30,1.077837855695081,1.3745683704938545
2021-12-02,1.077837855695081,1.3734059008799724
2021-12-03,1.077837855695081,1.3731268222186679
2021-12-06,1.077837855695081,1.3723779460149277
2021-12-07,1.077837855695081,1.3714911386171955
2021-12-08,1.077837855695081,1.372392582386949
2021-12-09,1.077837855695081,1.3720510368836671
2021-12-10,1.077837855695081,1.372016256035783
2021-12-13,1.077837855695081,1.3718970640320576
2021-12-14,1.077837855695081,1.3718928533145398
2021-12-15,1.077837855695081,1.3701929875843835
2021-12-16,1.077837855695081,1.3691622299152548
2021-12-17,1.077837855695081,1.369142380177379
2021-12-20,1.077837855695081,1.3699662302205609
2021-12-21,1.077837855695081,1.3700522245478908
2021-12-22,1.077837855695081,1.368842082920501
2021-12-23,1.077837855695081,1.3683756460891132
2021-12-24,1.077837855695081,1.366793142542662
2021-12-27,1.077837855695081,1.3657423480282451
2021-12-28,1.077837855695081,1.3651461262174265
2021-12-29,1.077837855695081,1.3642670346642733
2021-12-31,1.077837855695081,1.3639982132811894
2022-01-03,1.077837855695081,1.362612817626157
2022-01-04,1.077837855695081,1.3619716819166778
2022-01-05,1.077837855695081,1.3613661837393611
2022-01-06,1.077837855695081,1.3608116072598238
2022-01-07,1.077837855695081,1.3610279518666852
2022-01-10,1.077837855695081,1.3607209125723907
2022-01-11,1.077837855695081,1.3603564882891552
2022-01-12,1.077837855695081,1.3606145051028302
2022-01-13,1.077837855695081,1.3599608985317964
2022-01-14,1.077837855695081,1.359715948888254
2022-01-17,1.077837855695081,1.3582139382456861
2022-01-18,1.077837855695081,1.3581912464525676
2022-01-19,1.077837855695081,1.3570224011264238
2022-01-20,1.077837855695081,1.3557073145829543
2022-01-21,1.077837855695081,1.3551755151650586
2022-01-24,1.077837855695081,1.3555233752091507
2022-01-25,1.077837855695081,1.3567502178948387
2022-01-26,1.077837855695081,1.3574797949622224
2022-01-27,1.077837855695081,1.3573208014357847
2022-01-31,1.077837855695081,1.3552144405566955
2022-02-01,1.077837855695081,1.3543844361745405
2022-02-02,1.077837855695081,1.3550569815789217
2022-02-03,1.077837855695081,1.3552319158103667
2022-02-04,1.077837855695081,1.3538115851434127
2022-02-07,1.077837855695081,1.3531123059115393
2022-02-08,1.0772506983981425,1.3523751915489333
2022-02-09,1.0766113817164555,1.35157259655304
2022-02-10,1.0751978029155385,1.3497979967272962
2022-02-11,1.0749136309456182,1.3494412486436558
2022-02-14,1.074571354931609,1.3490115570308339
2022-02-15,1.074121044525225,1.3484462395768786
2022-02-16,1.072909801376346,1.3469256509266108
2022-02-17,1.072909801376346,1.3472773048259874
2022-02-18,1.072909801376346,1.346555319299372
2022-02-21,1.072909801376346,1.346057271800788
2022-02-22,1.072909801376346,1.3455396948804228
2022-02-23,1.072909801376346,1.345599565774859
2022-02-24,1.072909801376346,1.3455508643090883
2022-02-25,1.0722362670797752,1.3447061757306726
2022-03-01,1.0722362670797752,1.342340018144342
2022-03-02,1.0722332737282405,1.3423362707467983
2022-03-03,1.0720807761040179,1.3421453579135443
2022-03-04,1.0719563387273425,1.3419895738987775
2022-03-07,1.0725617745099127,1.3427475231533517
2022-03-08,1.0725778381505018,1.3427676333363978
2022-03-09,1.072033497473218,1.3420861694677937
2022-03-10,1.0724511336281046,1.3426090110661806
2022-03-11,1.0724511336281046,1.3413536000508928
2022-03-14,1.0724511336281046,1.3409220689492167
2022-03-15,1.0724511336281046,1.3410059100147167
2022-03-16,1.0724511336281046,1.340892011151785
2022-03-17,1.0724511336281046,1.3391706511667352
2022-03-18,1.0724511336281046,1.3385544139074694
2022-03-21,1.0720875627328674,1.3381006315286477
2022-03-22,1.0720875627328674,1.3376016018621757
2022-03-23,1.0720875627328674,1.3374123732252254
2022-03-24,1.0720875627328674,1.3372663679792252
2022-03-25,1.0720875627328674,1.338245968181961
2022-03-28,1.0705608083361964,1.3363401789658818
2022-03-30,1.0705608083361964,1.3358295486388154
2022-03-31,1.0705608083361964,1.335404965558277
2022-04-01,1.0705608083361964,1.335745478222432
2022-04-04,1.0705608083361964,1.3354400838482487
2022-04-05,1.0705608083361964,1.336794374280084
2022-04-06,1.0705608083361964,1.335322334994649
2022-04-07,1.0705608083361964,1.3355467495084767
2022-04-08,1.0705608083361964,1.3357282581727974
2022-04-11,1.0703909819855872,1.3355163674948232
2022-04-12,1.0691819587490816,1.3340078810181906
2022-04-13,1.0691209984456527,1.333931821443356
2022-04-14,1.0692644506092066,1.3341108053058914
2022-04-15,1.0682603533589832,1.3328580029796402
2022-04-18,1.0676584715292619,1.332107040902774
2022-04-19,1.0669358754731781,1.331205464865393
2022-04-20,1.0663958087706424,1.330531628918609
2022-04-21,1.0649705663214522,1.3287533678433792
2022-04-22,1.0637489242235434,1.3272291369366955
2022-04-25,1.0639752952909174,1.3275115779051763
2022-04-26,1.0629779660311758,1.326267219934507
2022-04-28,1.062773327378459,1.3253149519546847
2022-04-29,1.062773327378459,1.3256889577298718
2022-05-02,1.062773327378459,1.3251341951377404
2022-05-03,1.0631178355971322,1.3255637501607256
2022-05-04,1.0631178355971322,1.3249843933080472
2022-05-05,1.0631178355971322,1.3244562487238756
2022-05-06,1.0631178355971322,1.3258839363518637
2022-05-09,1.0631178355971322,1.325348173058501
2022-05-10,1.0631178355971322,1.3245483868136585
2022-05-11,1.0631178355971322,1.3246114713781698
2022-05-12,1.0631178355971322,1.3243600433576461
2022-05-13,1.0631098809560973,1.3243501340057444
2022-05-16,1.0629916122562302,1.3242028028866162
2022-05-17,1.0632632467850436,1.3245411867461576
2022-05-18,1.063881903398428,1.3253118671654782
2022-05-19,1.0642684013316912,1.3257933400582422
2022-05-20,1.0639886662659517,1.3254448650996002
2022-05-23,1.06359705754106,1.3249570255295064
2022-05-24,1.063792978318213,1.3252010903360942
2022-05-25,1.063792978318213,1.325914933102133
2022-05-27,1.063792978318213,1.32611238946892
2022-05-30,1.0641897628254182,1.3266070165831034
2022-05-31,1.0652110635181644,1.3278801585662035
2022-06-01,1.0650038346300457,1.3276218293596838
2022-06-02,1.0653044444767745,1.3279965662213367
2022-06-03,1.0653044444767745,1.3281250347105875
2022-06-06,1.0653044444767745,1.3269178983171486
2022-06-07,1.0653044444767745,1.3266217568031078
2022-06-08,1.0653044444767745,1.3266037106713797
2022-06-09,1.0653044444767745,1.3273305950463838
2022-06-10,1.0653044444767745,1.3274540133821926
2022-06-13,1.0653044444767745,1.326915648307426
2022-06-14,1.0653044444767745,1.328266562638095
2022-06-15,1.0653044444767745,1.3279706716006274
2022-06-16,1.0653044444767745,1.3277340761109675
2022-06-17,1.0653932295227224,1.3278447326763891
2022-06-20,1.0652600543217745,1.3276787507795633
2022-06-21,1.0652600543217745,1.3279102771169298
2022-06-22,1.0652600543217745,1.3271157661237942
2022-06-23,1.0652600543217745,1.327911873472399
2022-06-27,1.0652600543217745,1.3289685283827446
2022-06-28,1.0652600543217745,1.3300325580389076
2022-06-29,1.0652600543217745,1.3297565305354992
2022-06-30,1.0652600543217745,1.3286873807555861
2022-07-01,1.0652600543217745,1.3295766083138456
2022-07-04,1.0652600543217745,1.3299196962546571
2022-07-05,1.0652600543217745,1.3302465621561188
2022-07-06,1.0652600543217745,1.331173004836836
2022-07-07,1.0652600543217745,1.332411898190972
2022-07-08,1.0652600543217745,1.3325461362426487
2022-07-11,1.0652600543217745,1.3331855218816473
2022-07-12,1.0652600543217745,1.3321469992403627
2022-07-13,1.0652600543217745,1.3322321055303508
2022-07-14,1.0652600543217745,1.3323904050711315
2022-07-15,1.0652600543217745,1.3318440076759184
2022-07-18,1.0652600543217745,1.3330191673366483
2022-07-19,1.0652600543217745,1.3340698288697292
2022-07-20,1.0652600543217745,1.334470508059066
2022-07-21,1.0652600543217745,1.333413382355337
2022-07-22,1.0652600543217745,1.3335849847136034
2022-07-26,1.0652600543217745,1.333994732310908
2022-07-27,1.0652600543217745,1.3338466943065115
2022-07-28,1.0652600543217745,1.333882055680099
2022-07-29,1.0652600543217745,1.3349674676051324
2022-08-01,1.0652600543217745,1.3352173594013514
2022-08-02,1.0652600543217745,1.3363286610309728
2022-08-03,1.0652600543217745,1.3366157449767448
2022-08-04,1.0652600543217745,1.3374004220274684
2022-08-05,1.0652600543217745,1.336231266936949
2022-08-08,1.0652600543217745,1.3362070352212512
2022-08-09,1.0657518475305208,1.3368239151490537
2022-08-10,1.066078093303347,1.3372331409480434
2022-08-11,1.066094090193649,1.3372532066186529
2022-08-12,1.0653533915304174,1.336324112581217
2022-08-15,1.0653533915304174,1.33700664487208
2022-08-16,1.0653533915304174,1.338022148807769
2022-08-17,1.0653533915304174,1.3375672290376195
2022-08-18,1.0653533915304174,1.3381604149292985
2022-08-19,1.0653533915304174,1.3385322131762758
2022-08-22,1.0653533915304174,1.3386340823727738
2022-08-24,1.0653533915304174,1.3380932637229126
2022-08-25,1.0653533915304174,1.3387835314694578
2022-08-26,1.0653533915304174,1.3389066097505888
2022-08-29,1.0653533915304174,1.3387266637527382
2022-08-30,1.0653533915304174,1.3386285784663363
2022-08-31,1.0653533915304174,1.3382656849643249
2022-09-01,1.0653533915304174,1.3380719816876945
2022-09-02,1.0653533915304174,1.3377870819437863
2022-09-05,1.0653533915304174,1.3377949204691717
2022-09-06,1.0653533915304174,1.3378909541052093
2022-09-07,1.0661492624832023,1.3388904239119712
2022-09-08,1.0664154125133607,1.3392246601575348
2022-09-09,1.0663814722353477,1.3391820373139842
2022-09-12,1.0663750828387566,1.3391740133888066
2022-09-13,1.0663750828387566,1.340241446558814
2022-09-14,1.0664897591184948,1.3403855739915678
2022-09-15,1.0667844844609484,1.340755990672963
2022-09-16,1.0664710451947494,1.340362053959419
2022-09-19,1.066580247949279,1.3404993021566567
2022-09-20,1.0670631598572955,1.3411062354623728
2022-09-22,1.0674523947190908,1.3413425347989216
2022-09-23,1.0677022859883742,1.3416565439202865
2022-09-26,1.0680783085269157,1.3421290474506395
2022-09-27,1.067809093397084,1.341790756294574
2022-09-28,1.0675684863118597,1.3414884135210863
2022-09-29,1.0669353367907153,1.3406928085950023
2022-09-30,1.0674217456850306,1.3413040217436891
2022-10-03,1.0675963803034425,1.3415234646367709
2022-10-04,1.0683308028070249,1.3424463274711622
2022-10-05,1.0684728048576158,1.342624764834204
2022-10-06,1.0688796861498115,1.3431360449498666
2022-10-07,1.0690465389895576,1.3433457093921504
2022-10-10,1.0676911355215475,1.3416425324332055
2022-10-11,1.0676911355215475,1.3416668151989535
2022-10-12,1.0676911355215475,1.3426468397015012
2022-10-13,1.0676911355215475,1.3427154499923672
2022-10-14,1.0676911355215475,1.3444715505014109
2022-10-17,1.0678658359943018,1.344691539042725
2022-10-18,1.0678658359943018,1.3445376802582196
2022-10-19,1.0678658359943018,1.3438178869040294
2022-10-21,1.0678658359943018,1.3440436881144124
2022-10-24,1.0678658359943018,1.3447019451442892
2022-10-25,1.0678658359943018,1.345212488975649
2022-10-26,1.0678658359943018,1.3461284976495935
2022-10-27,1.0678658359943018,1.3460113578640724
2022-10-28,1.0678658359943018,1.3461345323050524
2022-10-31,1.0678658359943018,1.346619065941122
2022-11-01,1.0678658359943018,1.3471173603469593
2022-11-02,1.0678658359943018,1.3469800445694868
2022-11-03,1.0678658359943018,1.3460440797224937
2022-11-04,1.0678658359943018,1.3466889710417298
2022-11-07,1.0678658359943018,1.3477955492516596
2022-11-08,1.0678658359943018,1.3478539030424532
2022-11-09,1.0678658359943018,1.347901314392275
2022-11-10,1.0678658359943018,1.3479393089288192
2022-11-11,1.0678658359943018,1.3482566211060936
2022-11-14,1.0678658359943018,1.348882868605586
2022-11-15,1.0678658359943018,1.3489418219061307
2022-11-16,1.0678658359943018,1.3486920949424246
2022-11-17,1.0678658359943018,1.3501838274714684
2022-11-21,1.0678658359943018,1.350562598925221
2022-11-22,1.0678658359943018,1.351486205920029
2022-11-23,1.0678658359943018,1.3505446488222703
2022-11-24,1.0678658359943018,1.3513276494874884
2022-11-25,1.0678658359943018,1.351101812818358
2022-11-28,1.0678658359943018,1.351187733071609
2022-11-29,1.0678658359943018,1.3514666292655706
2022-11-30,1.0678658359943018,1.3522916115409727
2022-12-01,1.0678658359943018,1.3524795436839732
2022-12-02,1.0678658359943018,1.3519527565092213
2022-12-05,1.0678658359943018,1.352322401654766
2022-12-06,1.0678658359943018,1.3532337151494487
2022-12-07,1.0678658359943018,1.3525883462565844
2022-12-08,1.0678658359943018,1.3533286210969793
2022-12-09,1.0685230633407052,1.3541615390052735
2022-12-12,1.0685230633407052,1.3542101127817214
2022-12-13,1.0685230633407052,1.3536352108928167
2022-12-14,1.0685230633407052,1.3530856162721592
2022-12-15,1.0685230633407052,1.353363858796498
2022-12-16,1.0682932665300682,1.353072804060243
2022-12-20,1.0691513117748663,1.3544596278569903
2022-12-21,1.0691981469097647,1.3545189611793051
2022-12-22,1.069534582983212,1.3549451768831258
2022-12-23,1.069534582983212,1.3558792110561533
2022-12-26,1.069415930011374,1.3557287913311582
2022-12-27,1.0691170106509973,1.3553498428119002
2022-12-28,1.0691170106509973,1.3551309975007975
2022-12-29,1.0691170106509973,1.3555001471646704
2022-12-30,1.0691170106509973,1.35539760319245
2023-01-02,1.0690602627065073,1.3553256596846939
2023-01-03,1.0694210941608597,1.3557831120341686
2023-01-04,1.0700544712484727,1.356586090359193
2023-01-05,1.0696726879897183,1.3561020758793
2023-01-06,1.0701671537014794,1.356728946122599
2023-01-09,1.0701634746398336,1.3567242819078433
2023-01-10,1.0708309734119827,1.3575705187807876
2023-01-11,1.0697810740158629,1.3562394847490424
2023-01-12,1.0704963713670894,1.357146319366548
2023-01-13,1.0709225649196867,1.3576866360147086
2023-01-16,1.0711391358403097,1.357961198764912
2023-01-18,1.0711391358403097,1.3578241136277382
2023-01-19,1.0711391358403097,1.3574758533779803
2023-01-20,1.0711391358403097,1.357467172993352
2023-01-23,1.0711391358403097,1.3587042448536861
2023-01-24,1.0711391358403097,1.3590599580779057
2023-01-25,1.0714643084634239,1.3594725366839437
2023-01-26,1.0706298309233742,1.3584137526542601
2023-01-27,1.0716841972531224,1.3597515312975381
2023-01-30,1.0713310265185614,1.3593034287237018
2023-01-31,1.0716634071980338,1.3597251529023775
2023-02-01,1.0713830876439572,1.359369483812654
2023-02-02,1.0716767802727438,1.359742120642372
2023-02-03,1.0716767802727438,1.3605775365856916
2023-02-06,1.0716767802727438,1.3601473110338311
2023-02-07,1.0716767802727438,1.3599320672315882
2023-02-08,1.0716767802727438,1.3592758163583611
2023-02-09,1.0716767802727438,1.3597768418416925
2023-02-10,1.0716767802727438,1.360709021345171
2023-02-13,1.0716767802727438,1.361547927735328
2023-02-14,1.0716767802727438,1.3609673090190442
2023-02-16,1.0716767802727438,1.3612050347217517
2023-02-17,1.0716767802727438,1.3618348392228727
2023-02-20,1.0716767802727438,1.362092032202694
2023-02-21,1.0716767802727438,1.363167998433304
2023-02-22,1.0716767802727438,1.363504682988376
2023-02-23,1.0716767802727438,1.3640999024674587
2023-02-24,1.0716767802727438,1.3646026756753784
2023-02-27,1.0716767802727438,1.3646922682401053
2023-02-28,1.0722613815675777,1.3654367099241547
2023-03-01,1.0722613815675777,1.3642597702748482
2023-03-02,1.0722613815675777,1.363477517217139
2023-03-03,1.0722613815675777,1.3640995135714928
2023-03-06,1.072200902715922,1.3640225741483791
2023-03-07,1.072200902715922,1.3634764836714033
2023-03-08,1.0720673714595392,1.3633066771291296
2023-03-09,1.0720673714595392,1.3639665236703364
2023-03-10,1.0720673714595392,1.3639307641012568
2023-03-13,1.0725687291646915,1.3645686131917907
2023-03-14,1.0725687291646915,1.3658944248521183
2023-03-15,1.0725687291646915,1.3658668582502698
2023-03-17,1.0725687291646915,1.3642942126570918
2023-03-20,1.0725687291646915,1.3658632419262824
2023-03-21,1.0725687291646915,1.365624869888264
2023-03-22,1.0725687291646915,1.3662876996551112
2023-03-23,1.072622994587185,1.366356825462394
2023-03-24,1.0742283199506963,1.368401763225793
2023-03-27,1.0752163823921854,1.3696604029041557
2023-03-28,1.0755735296790012,1.370115353651528
2023-03-29,1.0756785509381372,1.3702491345931669
2023-03-30,1.0757752390323785,1.3703723003635953
2023-03-31,1.0758594287678718,1.3704795451460636
2023-04-03,1.0748244412673513,1.369161130155204
2023-04-04,1.0746716134418564,1.368966450996227
2023-04-05,1.0745887188716199,1.36886085605522
2023-04-06,1.0748169135858472,1.3691515410460253
2023-04-07,1.0757410137255934,1.3703287025834199
2023-04-10,1.0750569216753314,1.3694572744611095
2023-04-11,1.075872829785408,1.3704966159825753
2023-04-12,1.075872829785408,1.3699896221736625
2023-04-13,1.075872829785408,1.3691434401782603
2023-04-17,1.075872829785408,1.370664499994827
2023-04-18,1.075872829785408,1.3711142585533278
2023-04-19,1.075872829785408,1.3703399913399807
2023-04-20,1.075872829785408,1.3708328416658888
2023-04-21,1.075872829785408,1.3709778132089792
2023-04-24,1.075872829785408,1.371365363152301
2023-04-25,1.075872829785408,1.3713422931432546
2023-04-26,1.075872829785408,1.3712470095145006
2023-04-27,1.075872829785408,1.371269787887308
2023-04-28,1.075872829785408,1.3720890621120594
2023-05-01,1.075872829785408,1.3720347012908345
2023-05-02,1.075872829785408,1.3722870746256377
2023-05-03,1.075872829785408,1.3727501936251258
2023-05-04,1.0757266072105913,1.372563622255039
2023-05-05,1.0763990328085222,1.3734215976069608
2023-05-08,1.0771295944934414,1.3743537511725712
2023-05-09,1.0775205358530684,1.374852569259864
2023-05-10,1.0775205358530684,1.3759431637006976
2023-05-11,1.0775205358530684,1.376267821624523
2023-05-12,1.0775205358530684,1.3760620013082945
2023-05-16,1.0775205358530684,1.377273208195397
2023-05-17,1.0775205358530684,1.3780892327091177
2023-05-18,1.0775205358530684,1.378854255574685
2023-05-19,1.0775205358530684,1.380248932132851
2023-05-22,1.0775205358530684,1.3801794257651758
2023-05-23,1.0775205358530684,1.3799386335107253
2023-05-24,1.0775205358530684,1.379766053023435
2023-05-25,1.0775205358530684,1.3800122923578781
2023-05-26,1.0775205358530684,1.3807485844818017
2023-05-29,1.0775205358530684,1.3804056907520763
2023-05-30,1.0775205358530684,1.3806408073172383
2023-05-31,1.0775205358530684,1.3807692397968065
2023-06-01,1.0775205358530684,1.3808804391449734
2023-06-02,1.0775205358530684,1.3811853798464298
2023-06-05,1.0775205358530684,1.3819963307440142
2023-06-06,1.0775205358530684,1.3814025392517597
2023-06-07,1.0775205358530684,1.3823885667163802
2023-06-08,1.0775205358530684,1.383623625889003
2023-06-09,1.0775205358530684,1.3836657981829246
2023-06-12,1.0775205358530684,1.3835349246378357
2023-06-14,1.0775205358530684,1.3840955408350804
2023-06-15,1.0775205358530684,1.3847519029052318
2023-06-16,1.0775205358530684,1.385685299330637
2023-06-19,1.0775205358530684,1.386087717008998
2023-06-20,1.0775205358530684,1.386500061875202
2023-06-21,1.0775205358530684,1.3861844248060329
2023-06-22,1.0775205358530684,1.3867759204939534
2023-06-23,1.0775205358530684,1.3867136682033758
2023-06-26,1.0775205358530684,1.3880727244729554
2023-06-27,1.0775205358530684,1.3886761056589576
2023-06-28,1.0775205358530684,1.389263645784607
2023-06-29,1.0775205358530684,1.3883609477754772
2023-06-30,1.0775205358530684,1.388460362316285
2023-07-03,1.0775205358530684,1.389584363534007
2023-07-04,1.0775205358530684,1.3907249584715893
2023-07-05,1.0775205358530684,1.3903197275652257
2023-07-06,1.0775205358530684,1.389783625328315
2023-07-07,1.0775205358530684,1.3893218921393227
2023-07-10,1.0775205358530684,1.389173363202619
2023-07-11,1.0775205358530684,1.3891420282683569
2023-07-13,1.0775205358530684,1.3897949736475852
2023-07-14,1.0775205358530684,1.391153785646411
2023-07-17,1.0775205358530684,1.3916998508607383
2023-07-18,1.0775205358530684,1.3928765843858668
2023-07-19,1.0775205358530684,1.3926310080426283
2023-07-20,1.0775205358530684,1.3926263397381136
2023-07-21,1.0775205358530684,1.3922751776477293
2023-07-24,1.0775205358530684,1.3925158550850278
2023-07-25,1.0775205358530684,1.39307738738932
2023-07-26,1.0775205358530684,1.3932007165052331
2023-07-27,1.0775205358530684,1.3940757044706422
2023-07-28,1.0775205358530684,1.3935542262518745
2023-07-31,1.0775205358530684,1.3936298268079526
2023-08-01,1.0775205358530684,1.3937941355762848
2023-08-02,1.0775205358530684,1.3930765338222149
2023-08-03,1.0775205358530684,1.394354800725042
2023-08-04,1.0775205358530684,1.3952865723772176
2023-08-07,1.0775205358530684,1.396665387573464
2023-08-08,1.0775205358530684,1.396516172827689
2023-08-09,1.0775205358530684,1.3957453153541841
2023-08-11,1.0775205358530684,1.394209626012129
2023-08-14,1.0775205358530684,1.3960351872225583
2023-08-15,1.0775205358530684,1.3961346270510306
2023-08-16,1.0775205358530684,1.3963048405665757
2023-08-17,1.0775205358530684,1.3968083253282133
2023-08-18,1.0775205358530684,1.3975471576220169
2023-08-21,1.0775205358530684,1.3983385078182604
2023-08-22,1.0775205358530684,1.3974262130463473
2023-08-23,1.0775205358530684,1.3973872057691645
2023-08-24,1.0775205358530684,1.3979621956431876
2023-08-25,1.0775205358530684,1.3968968138714657
2023-08-28,1.0775205358530684,1.3986252097331695
2023-08-29,1.0775205358530684,1.3993658391725363
2023-08-30,1.0775205358530684,1.4010414484560292
2023-08-31,1.0775205358530684,1.4014575232457605
2023-09-01,1.0775205358530684,1.4017843436748387
2023-09-04,1.0775205358530684,1.402029619075222
2023-09-05,1.0775205358530684,1.4022361836766504
2023-09-06,1.0775205358530684,1.4032959773342941
2023-09-07,1.0775205358530684,1.4027528966036176
2023-09-11,1.0775205358530684,1.40184963219588
2023-09-12,1.0775205358530684,1.403043291384826
2023-09-13,1.0775205358530684,1.4032479431063376
2023-09-14,1.0775205358530684,1.4038453025411817
2023-09-15,1.0775205358530684,1.4045345038268624
2023-09-18,1.0775205358530684,1.4040354792432836
2023-09-19,1.0775205358530684,1.4040947466741247
2023-09-20,1.0775205358530684,1.4049091247404868
2023-09-21,1.0775205358530684,1.405334878858768
2023-09-22,1.0775205358530684,1.4063043572249883
2023-09-25,1.0775205358530684,1.4058327346206356
2023-09-26,1.0775205358530684,1.4061871657981249
2023-09-27,1.0775205358530684,1.405621619487116
2023-09-28,1.0775205358530684,1.4058970690936496
2023-09-29,1.0775205358530684,1.4065601149406948
2023-10-02,1.0775205358530684,1.40722771772354
2023-10-03,1.0775205358530684,1.4067807188005592
2023-10-04,1.0775205358530684,1.407469992417717
2023-10-05,1.0774993000760016,1.4074422539960418
2023-10-06,1.0774993000760016,1.4074446663745843
2023-10-10,1.0774993000760016,1.40888675390052
2023-10-11,1.0774993000760016,1.4094411680947125
2023-10-12,1.0774993000760016,1.4092491871257513
2023-10-13,1.0774993000760016,1.4103496097151353
2023-10-16,1.0774993000760016,1.4099175457975188
2023-10-17,1.0774993000760016,1.4097743376215446
2023-10-18,1.0774993000760016,1.4100588402965526
2023-10-19,1.0774993000760016,1.4099192396911928
2023-10-20,1.0774993000760016,1.4094296049181305
2023-10-23,1.0774993000760016,1.4093369478346003
2023-10-24,1.0774993000760016,1.4097532310165601
2023-10-25,1.0774993000760016,1.4105876861901838
2023-10-26,1.0774993000760016,1.4117229839179992
2023-10-27,1.0774993000760016,1.4117024350900356
2023-10-30,1.0774993000760016,1.4113645702353557
2023-10-31,1.0774993000760016,1.4116738631154735
2023-11-01,1.0774993000760016,1.4108528254735946
2023-11-02,1.0774993000760016,1.4110620740341129
2023-11-03,1.0774993000760016,1.4112738440127572
2023-11-06,1.0774993000760016,1.4107784527500984
2023-11-08,1.0774993000760016,1.4114395521987195
2023-11-09,1.0774993000760016,1.412058712212412
2023-11-10,1.0774993000760016,1.4124806285714506
2023-11-13,1.0774993000760016,1.4133250886587951
2023-11-14,1.0774993000760016,1.4142061818785705
2023-11-15,1.0774993000760016,1.4140714397953822
2023-11-16,1.0774993000760016,1.414166594243954
2023-11-17,1.0774993000760016,1.415354307286494
2023-11-20,1.0774993000760016,1.4145804029524587
2023-11-21,1.0774993000760016,1.4142937768106427
2023-11-22,1.0774993000760016,1.4153533969921677
2023-11-23,1.0779739440277638,1.415976867401328
2023-11-24,1.0783115490982293,1.416420329854892
2023-11-27,1.0775432657948179,1.4154111483331415
2023-11-28,1.0779751705565952,1.4159784785130456
2023-11-29,1.0779751705565952,1.415780781186433
2023-11-30,1.0779751705565952,1.4151786456354942
2023-12-01,1.0779751705565952,1.4160183904102377
2023-12-04,1.0779751705565952,1.4165859586625733
2023-12-05,1.0779751705565952,1.4175774381084305
2023-12-07,1.0779751705565952,1.4183753218108226
2023-12-08,1.0779751705565952,1.4179924256122454
2023-12-11,1.0777611323348897,1.4177108749926581
2023-12-12,1.0784663252749462,1.418638501411993
2023-12-13,1.0784663252749462,1.4200835031628727
2023-12-14,1.0784663252749462,1.4205155392550797
2023-12-15,1.0784663252749462,1.4204096652057236
2023-12-18,1.0784663252749462,1.4211427419914755
2023-12-19,1.0784663252749462,1.4216609324431666
2023-12-20,1.0784663252749462,1.4221769569506693
2023-12-21,1.0784663252749462,1.4217669353032991
2023-12-22,1.0784663252749462,1.4222914525171768
2023-12-25,1.0784663252749462,1.4229111253684266
2023-12-26,1.0784663252749462,1.4238743311043855
2023-12-27,1.0784663252749462,1.4246978342572894
2023-12-28,1.0784663252749462,1.4240842775447964
2023-12-29,1.0784663252749462,1.4243918557630844
2024-01-01,1.0784663252749462,1.4253006511799298
2024-01-02,1.0784663252749462,1.4259658117509186
2024-01-03,1.0784663252749462,1.4256540760022827
2024-01-05,1.0784663252749462,1.4249491279708535
2024-01-08,1.0784663252749462,1.4255089499474463
2024-01-09,1.0784663252749462,1.426083068616146
2024-01-10,1.0784663252749462,1.428005117692104
2024-01-11,1.0784663252749462,1.4278512597284874
2024-01-12,1.0784663252749462,1.428067856576363
2024-01-15,1.0784663252749462,1.4280633228232082
2024-01-16,1.0784663252749462,1.4290867242370153
2024-01-17,1.0784663252749462,1.4297358109443115
2024-01-18,1.0784663252749462,1.4305581928933004
2024-01-19,1.0784663252749462,1.4300689080816984
2024-01-22,1.0784663252749462,1.4309675958474695
2024-01-23,1.0779440214043914,1.4302745747522034
2024-01-24,1.0780286814127664,1.4303869062416619
2024-01-25,1.0788132430688542,1.4314279051866403
2024-01-26,1.0792742311881183,1.4320395692184955
2024-01-29,1.0794940400122126,1.432331223484548
2024-01-30,1.0806404985728129,1.4338524068648288
2024-01-31,1.0800939242387195,1.4331271824025722
2024-02-01,1.0800939242387195,1.4329376417320112
2024-02-05,1.0800939242387195,1.4329149325160808
2024-02-06,1.0800939242387195,1.4338319610167558
2024-02-07,1.0800939242387195,1.434472956329106
2024-02-08,1.0798078198565162,1.4340929810420058
2024-02-09,1.0804881916091282,1.4349965829024274
2024-02-12,1.0816527472657214,1.4365432295023517
2024-02-13,1.0819925056838762,1.4369944627253064
2024-02-14,1.0820998128732413,1.4371369774249168
2024-02-15,1.0819605614294785,1.4369520375546658
2024-02-16,1.0817032045872768,1.4366102418811786
2024-02-19,1.0819355128652774,1.4369187705515516
2024-02-20,1.0820766853676251,1.4371062617800927
2024-02-21,1.081963212996877,1.4369555591018572
2024-02-22,1.0825741654671,1.4377669651994842
2024-02-23,1.0825741654671,1.437651606149239
2024-02-26,1.0825741654671,1.4372673626328025
2024-02-27,1.0825741654671,1.4382015052786923
2024-02-28,1.0825741654671,1.439147981756558
2024-02-29,1.0825741654671,1.440137587692287
2024-03-01,1.0825741654671,1.4408798982712256
2024-03-05,1.0825741654671,1.4407248760984177
2024-03-06,1.0825741654671,1.441503522849855
2024-03-07,1.0825741654671,1.4422472154620474
2024-03-08,1.0825741654671,1.441955261994679
2024-03-11,1.0825741654671,1.4423138189539306
2024-03-12,1.0825741654671,1.4431434176728672
2024-03-13,1.0825741654671,1.443530559050456
2024-03-14,1.0825741654671,1.4428099752247816
2024-03-15,1.0825741654671,1.4433247939065783
2024-03-18,1.0825741654671,1.4424519012706785
2024-03-19,1.0825741654671,1.4423061464048057
2024-03-20,1.0825741654671,1.4429417381514504
2024-03-21,1.0825741654671,1.4421964366652744
2024-03-22,1.0825741654671,1.4433541689495621
2024-03-25,1.0825741654671,1.444496902118271
2024-03-26,1.0825741654671,1.4456289299106775
2024-03-27,1.0825741654671,1.4455047729872639
2024-03-28,1.0825741654671,1.4443559459150364
2024-03-29,1.0825741654671,1.4440116735628934
2024-04-01,1.0825741654671,1.4436114914425962
2024-04-03,1.0834299647542183,1.4457015995632652
2024-04-04,1.0846407215132048,1.4473172028233667
2024-04-05,1.0840799157833974,1.446568877812058
2024-04-08,1.0842618347815698,1.4468116259316457
2024-04-09,1.0850069746710986,1.447805921793155
2024-04-10,1.0851432386359374,1.4479877489885795
2024-04-11,1.085987025940458,1.4491136774708266
2024-04-12,1.086166466967191,1.4493531190478686
2024-04-15,1.0861995441710115,1.4493972564337891
2024-04-16,1.0863170257439982,1.4495540208795876
2024-04-17,1.0863170257439982,1.449821601772253
2024-04-18,1.0872706044000484,1.4510942679477496
2024-04-19,1.0875895330940943,1.4515199169057378
2024-04-22,1.0870046907474962,1.4507393739816787
2024-04-23,1.0874172683444496,1.4512900087395761
2024-04-24,1.0874172683444496,1.451271387927845
2024-04-25,1.0874172683444496,1.4525465314590584
2024-04-26,1.0874172683444496,1.4527269639637754
2024-04-29,1.0874172683444496,1.4537794291642656
2024-04-30,1.0874172683444496,1.4537076741885617
2024-05-02,1.0874172683444496,1.4533498814526766
2024-05-03,1.0874172683444496,1.4529047458750515
2024-05-06,1.0874172683444496,1.4531745201746118
2024-05-07,1.0874172683444496,1.4536081152470501
2024-05-08,1.0874172683444496,1.454074202235599
2024-05-09,1.0874172683444496,1.4543738853454053
2024-05-10,1.0874172683444496,1.4551253890901257
2024-05-13,1.0874172683444496,1.4562385406857834
2024-05-14,1.0874172683444496,1.4571646811956604
2024-05-15,1.0874172683444496,1.4580143930265377
2024-05-16,1.0874172683444496,1.4595154032732855
2024-05-17,1.0874172683444496,1.4596527509219177
2024-05-20,1.0874172683444496,1.458863405177206
2024-05-21,1.0874172683444496,1.4597137157191156
2024-05-22,1.0874172683444496,1.4600602819669832
2024-05-23,1.0874172683444496,1.4590226007247498
2024-05-24,1.0874172683444496,1.4583983215591907
2024-05-27,1.0874172683444496,1.457945388620261
2024-05-28,1.0874172683444496,1.4586282125652956
2024-05-29,1.0874172683444496,1.4578872059825463
2024-05-31,1.087909364031601,1.45945894349627
2024-06-03,1.0894576189116802,1.4615359680226236
2024-06-04,1.0889496072584977,1.4608544570667017
2024-06-05,1.0890493577560818,1.46098827497528
2024-06-06,1.0895579866292973,1.4616706139480635
2024-06-07,1.0899888452718465,1.4622486221167963
2024-06-10,1.090608824803479,1.4630803409181428
2024-06-11,1.0903568849403842,1.4627423569843945
2024-06-12,1.0900994525284649,1.4623970046523498
2024-06-13,1.090858671909202,1.4634155173629915
2024-06-14,1.0912497749135572,1.4639401923004507
2024-06-17,1.0917862051826266,1.464659827574895
2024-06-18,1.09180754156605,1.464688450892828
2024-06-19,1.0917661844876,1.4646329692874516
2024-06-20,1.0923090706938816,1.4653612653709802
2024-06-21,1.0926393514310797,1.4658043456419156
2024-06-24,1.0925964713516474,1.465746820890779
2024-06-25,1.0923925917807544,1.4654733110994547
2024-06-26,1.092692450144461,1.46587557895849
2024-06-27,1.0923538755628492,1.4654213722777585
2024-07-01,1.0925630589349655,1.4669097402328142
2024-07-02,1.0926222378178199,1.4669891956738208
2024-07-03,1.092750112879096,1.467160884778065
2024-07-04,1.0925671831251416,1.4669152775010668
2024-07-05,1.0922018483775098,1.4664247675068254
2024-07-08,1.0918756711907303,1.465986831693038
2024-07-09,1.0922387758176997,1.4664743474566995
2024-07-10,1.0929141128647244,1.467381076349022
2024-07-11,1.094396393742689,1.4693712335668276
2024-07-12,1.0943980984850692,1.4693735224078988
2024-07-15,1.094561688036571,1.4695931629170078
2024-07-16,1.0945416483661818,1.4695662570213301
2024-07-17,1.0944109533391104,1.4693907817417635
2024-07-18,1.094785584217122,1.4698937730148556
2024-07-19,1.0957502775527994,1.471189000817837
2024-07-22,1.096428383881395,1.4720994478352387
2024-07-23,1.0964311996697325,1.4721032284017743
2024-07-24,1.0964311996697325,1.470859486993862
2024-07-25,1.0964311996697325,1.4710501494772026
2024-07-26,1.0964311996697325,1.4708511748500672
2024-07-30,1.0964311996697325,1.4711985971430088
2024-07-31,1.0964311996697325,1.4716050267220582
2024-08-01,1.096891158256068,1.472222372678594
2024-08-02,1.096891158256068,1.4722233524420958
2024-08-05,1.096891158256068,1.4725435696573477
2024-08-06,1.096891158256068,1.4731100582664893
2024-08-07,1.096891158256068,1.4738564249052053
2024-08-08,1.096891158256068,1.4734799964290246
2024-08-09,1.096891158256068,1.472567906408365
2024-08-12,1.096891158256068,1.4732024213278543
2024-08-13,1.096891158256068,1.4738584657085985
2024-08-14,1.096891158256068,1.4742465897124064
2024-08-15,1.096891158256068,1.4744526586762772
2024-08-16,1.096891158256068,1.475340699120725
2024-08-19,1.096891158256068,1.4774465530096552
2024-08-20,1.096891158256068,1.4773539200353423
2024-08-21,1.096891158256068,1.4771588852987871
2024-08-22,1.096891158256068,1.4782756410274016
2024-08-23,1.096891158256068,1.4788699283976219
2024-08-26,1.096891158256068,1.4776798805157714
2024-08-28,1.096800030374982,1.47658686928213
2024-08-29,1.0969221813141206,1.4767513171922386
2024-08-30,1.0970607287314733,1.4769378391575654
2024-09-02,1.0971734515788671,1.4770895943287181
2024-09-03,1.0969725993656625,1.4768191934056047
2024-09-04,1.097565486022876,1.4776173777863209
2024-09-05,1.098347054577999,1.4786695785831643
2024-09-06,1.098347054577999,1.4784983952332398
2024-09-09,1.098347054577999,1.4785323967819386
2024-09-10,1.098347054577999,1.47831908044893
2024-09-11,1.098347054577999,1.4791504391357921
2024-09-12,1.0984024942672284,1.4792251000913867
2024-09-13,1.0992046579829506,1.4803053786858655
2024-09-16,1.0998288265022609,1.4811459501023267
2024-09-17,1.1007169845798344,1.4823420378097496
2024-09-18,1.1007521050348341,1.4823893347330848
2024-09-19,1.1017801358673212,1.4837737899023142
2024-09-20,1.1018956810549008,1.4839293952860915
2024-09-23,1.1018956810549008,1.4833449132583287
2024-09-24,1.1018956810549008,1.4844454383095371
2024-09-26,1.1018956810549008,1.481851554113849
2024-09-27,1.1018956810549008,1.4828474062334815
2024-09-30,1.1018956810549008,1.48363761456307
2024-10-01,1.1018956810549008,1.482220446115691
2024-10-02,1.1018956810549008,1.4836832184054827
2024-10-03,1.1018956810549008,1.4840149494684187
2024-10-04,1.1020034491060848,1.4841600897042706
2024-10-07,1.1014724319589788,1.4834449245590775
2024-10-08,1.10140628378425,1.4833558372871465
2024-10-09,1.10140628378425,1.484283102598628
2024-10-10,1.10140628378425,1.4857272555428045
2024-10-11,1.10140628378425,1.4865945868544204
2024-10-14,1.1020672171365402,1.4874866645175424
2024-10-15,1.1020672171365402,1.4876739963694583
2024-10-16,1.1020672171365402,1.4887937689942496
2024-10-17,1.1020672171365402,1.4897500489217819
2024-10-18,1.1020672171365402,1.4886181787473847
2024-10-21,1.1020672171365402,1.4892627673823777
2024-10-22,1.1020672171365402,1.4905481157488043
2024-10-23,1.1020672171365402,1.49006936254123
2024-10-25,1.1020672171365402,1.4912568263971975
2024-10-28,1.1020672171365402,1.4907064915117134
2024-10-29,1.1020672171365402,1.4914106498760367
2024-10-30,1.1020672171365402,1.4900606317382163
2024-10-31,1.1020672171365402,1.489412135509798
2024-11-01,1.1020672171365402,1.489951330192124
2024-11-04,1.1020672171365402,1.4906443186486678
2024-11-05,1.1020672171365402,1.4903935807360662
2024-11-06,1.1020672171365402,1.4897859125809154
2024-11-07,1.1020672171365402,1.4901902031682286
2024-11-08,1.1020672171365402,1.4907389291080813
2024-11-11,1.1020672171365402,1.490158783756771
2024-11-12,1.1020672171365402,1.4904210396558635
2024-11-13,1.1020672171365402,1.490837617929174
2024-11-14,1.1020672171365402,1.4924965487168813
2024-11-15,1.1020672171365402,1.4920900190573188
2024-11-18,1.1020672171365402,1.4922533071165618
2024-11-19,1.1020672171365402,1.4927345897576667
2024-11-20,1.1020672171365402,1.4917499981742275
2024-11-21,1.1020672171365402,1.4918791369722186
2024-11-25,1.1020672171365402,1.491924601094059
2024-11-26,1.1020672171365402,1.4920649408449629
2024-11-27,1.1020672171365402,1.4916527915736773
2024-11-28,1.1020672171365402,1.4919265378912514
2024-11-29,1.1020672171365402,1.4921676065265037
2024-12-02,1.1020672171365402,1.4926333714016133
2024-12-03,1.1020672171365402,1.4929234285588782
2024-12-04,1.1020672171365402,1.4943939690054349
2024-12-05,1.1020672171365402,1.4947396669173234
2024-12-06,1.1020672171365402,1.4942043767193234
2024-12-09,1.1020672171365402,1.4949071861341476
2024-12-10,1.1020672171365402,1.495658919094603
2024-12-11,1.1020672171365402,1.4961434043193693
2024-12-12,1.1020672171365402,1.4971775988224878
2024-12-13,1.1020672171365402,1.4986730421669645
2024-12-16,1.1020672171365402,1.499114373209568
2024-12-17,1.1020672171365402,1.499093022962636
2024-12-18,1.1020672171365402,1.4991072235295888
2024-12-19,1.1020672171365402,1.4993756935930245
2024-12-20,1.1020672171365402,1.4989961141089156
2024-12-24,1.1020672171365402,1.498671298306165
2024-12-25,1.1020672171365402,1.4990535022656846
2024-12-26,1.1020672171365402,1.4992858889784624
2024-12-27,1.1020672171365402,1.4991746112109154
2024-12-30,1.1020672171365402,1.498994175533598
2024-12-31,1.1020672171365402,1.5000353276191059
2025-01-01,1.1020672171365402,1.4998207397408356
2025-01-02,1.1020672171365402,1.4996383237257631
2025-01-03,1.1020672171365402,1.5001732987954064
2025-01-06,1.1020672171365402,1.5000280573746574
2025-01-07,1.1020672171365402,1.5010504171976204
2025-01-08,1.1020672171365402,1.5027483996516016
2025-01-09,1.1020672171365402,1.502517028678054
2025-01-10,1.1020672171365402,1.502851216720476
2025-01-13,1.1020672171365402,1.5029095864300892
2025-01-14,1.1020672171365402,1.5027900765532332
2025-01-15,1.1020672171365402,1.5035595229243506
2025-01-16,1.1020672171365402,1.5037821077255002
2025-01-17,1.1020672171365402,1.505446060103224
2025-01-20,1.1020672171365402,1.504909249410872
2025-01-22,1.1020672171365402,1.5067082945856503
2025-01-23,1.1020672171365402,1.50765662841581
2025-01-24,1.1020672171365402,1.5074439354434428
2025-01-27,1.1020672171365402,1.5072520408101069
2025-01-28,1.1020672171365402,1.506973596789376
2025-01-29,1.1020672171365402,1.5062047260587041
2025-01-30,1.1020672171365402,1.5067518368215855
2025-01-31,1.1020672171365402,1.506507656508777
2025-02-03,1.1020672171365402,1.5076207997966171
2025-02-04,1.1020672171365402,1.5091081345235922
2025-02-05,1.1020672171365402,1.508768013994128
2025-02-06,1.1020672171365402,1.5095606993868549
2025-02-07,1.1020672171365402,1.508947713619796
2025-02-10,1.1020672171365402,1.5091344597656786
2025-02-11,1.1020672171365402,1.508881279679598
2025-02-12,1.1020672171365402,1.510222456290384
2025-02-13,1.1020672171365402,1.5090941442948014
2025-02-14,1.1020672171365402,1.5097128604971473
2025-02-17,1.1020672171365402,1.5098334619388731
2025-02-18,1.1020672171365402,1.5111636619294866
2025-02-20,1.1020672171365402,1.5128278616272208
2025-02-21,1.1020672171365402,1.5126091127929318
2025-02-24,1.1020672171365402,1.5130321264551896
2025-02-25,1.1020672171365402,1.5133406573596901
2025-02-26,1.1020672171365402,1.512759797514236
2025-02-27,1.1020672171365402,1.5141884951031515
2025-02-28,1.1020672171365402,1.5148078760867436
2025-03-03,1.1020672171365402,1.5147571972952014
2025-03-04,1.1020672171365402,1.5131741628819524
2025-03-05,1.1020672171365402,1.5135249461109461
2025-03-06,1.1020672171365402,1.5137631841573649
2025-03-07,1.1020672171365402,1.514351094940206
2025-03-10,1.1020672171365402,1.513730279845245
2025-03-11,1.1020672171365402,1.515249132429056
2025-03-12,1.1020672171365402,1.5155938582241746
2025-03-13,1.1020672171365402,1.516977613980397
2025-03-14,1.1020672171365402,1.5190532856975165
2025-03-17,1.1020672171365402,1.5190424971688863
2025-03-18,1.1020672171365402,1.51897885076463
2025-03-19,1.1020672171365402,1.518554155040804
2025-03-21,1.1020672171365402,1.516491451160009
2025-03-24,1.1020672171365402,1.5172311858474516
2025-03-25,1.1020672171365402,1.5174849747487351
2025-03-26,1.1020672171365402,1.5175596283951875
2025-03-27,1.1020672171365402,1.5177513952501653
2025-03-28,1.1020672171365402,1.518288451540022
2025-03-31,1.1020672171365402,1.5189410807399528
2025-04-01,1.1020672171365402,1.5176310786584548
2025-04-02,1.1020672171365402,1.5173681497780316
2025-04-03,1.1020672171365402,1.5173096154017027
2025-04-04,1.1020672171365402,1.519403316517006
2025-04-07,1.1020672171365402,1.5199966137458136
2025-04-08,1.1020672171365402,1.518350967163221
2025-04-09,1.1020672171365402,1.5190037623435066
2025-04-10,1.1020672171365402,1.5183456567955926
2025-04-11,1.1020672171365402,1.5176438073246086
2025-04-14,1.1020672171365402,1.518326476158322
2025-04-15,1.1020672171365402,1.5196677845034514
2025-04-16,1.1020672171365402,1.5212827464571608
2025-04-17,1.1020672171365402,1.520851298626578
2025-04-21,1.1020672171365402,1.5215412991587338
2025-04-22,1.1020672171365402,1.5225056445481377
2025-04-23,1.1020672171365402,1.5231855473075997
2025-04-24,1.1020672171365402,1.5237362270778627
2025-04-25,1.1020672171365402,1.5242279184074516
2025-04-28,1.1020672171365402,1.5257487412495285
2025-04-29,1.1020672171365402,1.5245633677342676
2025-04-30,1.1020672171365402,1.5250552912589557
2025-05-01,1.1020672171365402,1.5260555369965263
2025-05-02,1.1020672171365402,1.525876566210491
2025-05-05,1.1020672171365402,1.5263179626303196
2025-05-06,1.1020672171365402,1.5263938381659174
2025-05-07,1.1020672171365402,1.5251007186130545
2025-05-08,1.1020672171365402,1.5262210202174804
2025-05-09,1.1020672171365402,1.525906665271226
2025-05-12,1.1020672171365402,1.5266713130095568
2025-05-13,1.1020672171365402,1.526254239870638
2025-05-14,1.1020672171365402,1.5259413630831258
2025-05-15,1.1020672171365402,1.526549384939401
2025-05-16,1.1020672171365402,1.5277389124499945
2025-05-20,1.1020672171365402,1.5281277777199223
2025-05-21,1.1020672171365402,1.5278056207643194
2025-05-22,1.1020672171365402,1.5271326920977097
2025-05-23,1.1020672171365402,1.5282410533903243
2025-05-26,1.1020672171365402,1.5293406855836167
2025-05-27,1.1020672171365402,1.5303340178175437
2025-05-28,1.1020672171365402,1.5294746139679705
2025-05-29,1.1020672171365402,1.5297009838123874
2025-05-30,1.1020672171365402,1.527070603916803
2025-06-02,1.1020672171365402,1.528522224609065
2025-06-03,1.1020672171365402,1.5288765260738242
2025-06-04,1.1020672171365402,1.5292618817785582
2025-06-05,1.1020672171365402,1.529604569416611
2025-06-06,1.1020672171365402,1.529879298211166
2025-06-09,1.1020672171365402,1.5295912233010482
2025-06-10,1.1020672171365402,1.5300042659104447
2025-06-11,1.1020672171365402,1.5307524508022257
2025-06-12,1.1020672171365402,1.5315835672263658
2025-06-13,1.1020672171365402,1.5332748072343665
2025-06-16,1.1020672171365402,1.5331479310429372
2025-06-18,1.1020672171365402,1.5327906812070118
2025-06-19,1.1020672171365402,1.5318736872374694
2025-06-20,1.1020672171365402,1.5311507141596317
2025-06-23,1.1020672171365402,1.5307652030796024
2025-06-24,1.1020672171365402,1.531957807918443
2025-06-25,1.1020672171365402,1.5323251370517799
2025-06-26,1.1020672171365402,1.5330440893712636
2025-06-27,1.1020672171365402,1.5329844820679968
2025-06-30,1.1020672171365402,1.5329699972379485
2025-07-01,1.1020672171365402,1.5334528706641761
2025-07-02,1.1020672171365402,1.5335367900854786
2025-07-03,1.1020672171365402,1.5342334868257332
2025-07-04,1.1020672171365402,1.53428677475054
2025-07-07,1.1020672171365402,1.5340363619406192
2025-07-08,1.1024445132352187,1.5345615440035565
2025-07-09,1.1017538157805813,1.5336001189706383
2025-07-10,1.1022248218591384,1.5342557418219187
2025-07-11,1.1029803789266444,1.5353074490109655
2025-07-14,1.1030391115386424,1.53538920261096
2025-07-15,1.1029358508091982,1.5352454675363068
2025-07-17,1.1040845232222452,1.536424858519936
2025-07-18,1.1031775472151835,1.5351627264512209
2025-07-21,1.102770259441757,1.5345959518551626
2025-07-22,1.1033957131979972,1.5354663224461185
2025-07-23,1.1043373491492634,1.536776686691583
2025-07-24,1.103367879548078,1.5354275896220093
2025-07-25,1.1035651354287748,1.535702087481745
2025-07-28,1.1041173420944015,1.5364705286927798
2025-07-29,1.1041173420944015,1.5377361550781017
2025-07-30,1.1041173420944015,1.5377395829005764
2025-07-31,1.1041173420944015,1.5373875541620243
2025-08-01,1.1041173420944015,1.5366548670123443
2025-08-04,1.1041173420944015,1.5374978352743238
2025-08-05,1.1041173420944015,1.537975763998122
2025-08-06,1.1041173420944015,1.5374556106420432
2025-08-07,1.1041173420944015,1.5368293285497754
2025-08-08,1.1041173420944015,1.537215391943661
2025-08-11,1.1033872737647439,1.5361989490070873
2025-08-12,1.103927271139422,1.5369507642755529
2025-08-13,1.1033798068097342,1.5361885530847208
2025-08-15,1.1046332921627333,1.5384331200425048
2025-08-18,1.104596019237741,1.538381209691173
2025-08-19,1.1042787321837206,1.53793932104276
2025-08-20,1.1050031581442061,1.5389482358550663
2025-08-21,1.1049963909354192,1.5389388111000806
2025-08-22,1.1048395248083869,1.5387203421774511
2025-08-25,1.1059067453386395,1.5402066701939783
2025-08-26,1.1048109662162928,1.538680568359071
2025-08-27,1.1054736718088842,1.5396035246376054
2025-08-28,1.1052036971751165,1.5392275284394945
2025-08-29,1.10550797013403,1.539651292235903
2025-09-01,1.1046999922043472,1.5385260138144516
2025-09-02,1.104371115692311,1.5380679844194385
2025-09-03,1.1045023405717287,1.5382507425366363
2025-09-04,1.1050871243876308,1.5390651764278032
2025-09-05,1.1047428767326446,1.5385857394982039
2025-09-08,1.1058836937238217,1.5401745659943686
2025-09-09,1.1056937322610183,1.539910004887998
2025-09-10,1.1063822692761505,1.540868936830363
2025-09-11,1.1059649120242614,1.5402876794812033
2025-09-15,1.1052214165383325,1.5396110139253525
2025-09-16,1.1053172412572057,1.5397445010170574
2025-09-17,1.10646745681232,1.5413467903959486
2025-09-18,1.1074887138013862,1.5427694361073747
2025-09-19,1.107175298760358,1.542332838298215
2025-09-22,1.1066783741048374,1.541640605356216
2025-09-23,1.1065213241496654,1.541421829428514
2025-09-24,1.10620633628153,1.5409830406177136
2025-09-25,1.1069251308442112,1.5419843458845983
2025-09-26,1.1075329868857813,1.5428311100193484
2025-09-29,1.107591644427463,1.542912821969435
2025-09-30,1.1082985397608611,1.5438975512053208
2025-10-01,1.1074154657435749,1.5426673990722004
2025-10-02,1.1069401226137807,1.542005229929372
2025-10-03,1.1065702180548018,1.5414899403009021
2025-10-06,1.1072855021406467,1.5424863553541874
2025-10-07,1.106319410068839,1.5411405562482672
2025-10-08,1.105581135804966,1.5401121150952568
2025-10-09,1.1061789162992566,1.540944843650049
2025-10-10,1.1060292940334286,1.5407364147461662
2025-10-14,1.107154863754301,1.542376518347667
2025-10-15,1.1072338272743036,1.5424865223615998
2025-10-16,1.1070463966030233,1.5422254128495838
2025-10-17,1.1074957259274194,1.5428513731570728
2025-10-20,1.1074957259274194,1.5421687171184697
2025-10-21,1.1074957259274194,1.5431818410354423
2025-10-22,1.1074957259274194,1.5441533166243946
2025-10-23,1.1074957259274194,1.5442880217652886
2025-10-24,1.1074957259274194,1.5449720930596762
2025-10-27,1.1074957259274194,1.545727363587557
2025-10-28,1.1074957259274194,1.5454860913164208
2025-10-29,1.1074957259274194,1.545239577113054
2025-10-30,1.1074957259274194,1.5450147041172604
2025-10-31,1.1074957259274194,1.544666046233799
2025-11-03,1.1074957259274194,1.544269449346578
2025-11-04,1.1074957259274194,1.545038042394799
2025-11-05,1.1074957259274194,1.5441355229966351
2025-11-06,1.1074957259274194,1.5448566045111918
2025-11-07,1.1074957259274194,1.5433562084514758
2025-11-10,1.1074957259274194,1.5437268010150262
2025-11-12,1.1072643988478785,1.5445680168430478
2025-11-13,1.1076234031315415,1.545068806478326
2025-11-14,1.1078219420977415,1.5453457565343458
2025-11-17,1.1078219420977415,1.5452819607036465
2025-11-18,1.1078219420977415,1.5454322730668952
2025-11-19,1.1078219420977415,1.5463818004302983
2025-11-20,1.1078219420977415,1.5467583020718354
2025-11-21,1.1078219420977415,1.5470677993379542
2025-11-24,1.1078219420977415,1.5470813228295401
2025-11-25,1.1078219420977415,1.548930558862461
2025-11-26,1.1078219420977415,1.5489097667148533
2025-11-27,1.1078219420977415,1.549349478674646
2025-11-28,1.1078219420977415,1.548904648250003
2025-12-01,1.1078219420977415,1.548553513960047
2025-12-02,1.1078219420977415,1.5493406022002552
2025-12-03,1.1078219420977415,1.5498959101131076
2025-12-04,1.1078219420977415,1.551013991902596
2025-12-05,1.1078219420977415,1.5502437718548885
2025-12-08,1.1078219420977415,1.5490857128770719
2025-12-09,1.1078219420977415,1.5493552937479953
2025-12-11,1.1078219420977415,1.5498819274150004
2025-12-12,1.1078219420977415,1.5513609158826889
2025-12-15,1.1078219420977415,1.552067543238706
2025-12-16,1.1078219420977415,1.5521438577224398
2025-12-17,1.1078219420977415,1.5530557835714034
2025-12-18,1.1078219420977415,1.5527757264281181
2025-12-19,1.1078219420977415,1.552918730712678
2025-12-22,1.1078219420977415,1.5546450596462082
2025-12-23,1.1078219420977415,1.5549681696515611
2025-12-24,1.1078219420977415,1.5548715043140942
2025-12-25,1.1078219420977415,1.5551433991526578
2025-12-26,1.1078219420977415,1.554716540807822
2025-12-29,1.1078219420977415,1.5559296291248665
2025-12-30,1.1078219420977415,1.555694319651199
2025-12-31,1.1078219420977415,1.557004600967613
2026-01-01,1.1078219420977415,1.5583090701524047
2026-01-02,1.1078219420977415,1.558811699018443
2026-01-05,1.1078219420977415,1.559705785436705
2026-01-06,1.1078219420977415,1.5599106078113436
2026-01-07,1.1078219420977415,1.560076359817746
2026-01-09,1.1078219420977415,1.559560350527433
2026-01-12,1.1078219420977415,1.5607506817426675
2026-01-13,1.1078219420977415,1.560188902471202
2026-01-14,1.1078219420977415,1.5606529155161095
2026-01-15,1.1078219420977415,1.5608941273970172
2026-01-16,1.1078219420977415,1.5603632220575798
2026-01-19,1.1078219420977415,1.5604363019422185
2026-01-20,1.1078219420977415,1.5605289352034095
2026-01-21,1.1078219420977415,1.560303369812573
2026-01-22,1.1078219420977415,1.5606964860407087
2026-01-23,1.1078219420977415,1.5597075955793895
2026-01-26,1.1078219420977415,1.5599909341439746
2026-01-27,1.1078219420977415,1.5605547451768527
2026-01-28,1.1078219420977415,1.5606127447651146
2026-01-29,1.1078219420977415,1.5605795477115705
2026-01-30,1.1078219420977415,1.5604572676174948
2026-02-02,1.1078219420977415,1.5593401722583593
2026-02-03,1.1078219420977415,1.5603610582630134
2026-02-04,1.1078219420977415,1.5611099763301126
2026-02-05,1.1078219420977415,1.5614265438321813
2026-02-09,1.1078219420977415,1.5628999884019457
2026-02-10,1.1078219420977415,1.5640799604808495
2026-02-11,1.1078219420977415,1.564343107585623
2026-02-12,1.1078219420977415,1.5655460750459742
2026-02-13,1.1078219420977415,1.5660854927659746
2026-02-16,1.1078219420977415,1.5664589223855325
2026-02-17,1.1078219420977415,1.567094323633572
2026-02-18,1.1078219420977415,1.5681517424912226
2026-02-19,1.1078219420977415,1.5678477940894455
2026-02-20,1.1078219420977415,1.5674591280788635
2026-02-23,1.1078219420977415,1.568303085834069
2026-02-24,1.1078219420977415,1.5677117646468255
2026-02-25,1.1078219420977415,1.5669069494501449
2026-02-26,1.1078219420977415,1.5657176125265981
2026-02-27,1.1078219420977415,1.565930383462738
2026-03-02,1.1078219420977415,1.5649791341531936
2026-03-03,1.1078219420977415,1.5658723127516827
2026-03-04,1.1078219420977415,1.5664430953020196
2026-03-05,1.1078219420977415,1.567516777698612
2026-03-06,1.1078219420977415,1.5678732849701142
