date,strategy,buy_and_hold
2004-04-02,0.99965360512229,1.0003981819425658
2004-04-05,0.9996384461993322,1.0003830117287142
2004-04-06,0.9996317437937351,1.0003763043309322
2004-04-07,0.9999195682930747,1.000664343211983
2004-04-08,1.0004171083586706,1.0011622538627478
2004-04-09,1.0012639168146944,1.0020096930512017
2004-04-12,1.0014183812984434,1.0021642725854778
2004-04-13,1.0021142779989534,1.0028606876140864
2004-04-14,1.0020292771707549,1.0027756234743106
2004-04-15,1.0021158051256729,1.002862215878263
2004-04-16,1.0026719911800421,1.003418816199376
2004-04-19,1.0029875069896352,1.0037345670161326
2004-04-20,1.0033087892032604,1.0040560885319398
2004-04-21,1.003679558232666,1.0044271337230315
2004-04-22,1.0043154637319744,1.0050635128669025
2004-04-23,1.0046263214275464,1.0053746021001126
2004-04-26,1.0045043227970658,1.0052525126008032
2004-04-27,1.0049579395485646,1.0057064672218565
2004-04-28,1.0057285486215894,1.006477650271357
2004-04-29,1.0054577705839443,1.006206670548799
2004-05-03,1.0062145866950265,1.0076207517401823
2004-05-04,1.0066443219267562,1.0080510875184252
2004-05-05,1.0068001399632196,1.0082071233075223
2004-05-06,1.0068166737119484,1.008223680161839
2004-05-07,1.0065077216930143,1.0079142963885501
2004-05-10,1.0062961280541647,1.0077024070517622
2004-05-11,1.006535773751865,1.0079423876495999
2004-05-12,1.0068438193314733,1.008250863716832
2004-05-13,1.007853995856678,1.0092624519438127
2004-05-14,1.0081219128146257,1.0095307433104268
2004-05-17,1.0085988958189502,1.010008392889095
2004-05-18,1.0082798731741414,1.0096889244164304
2004-05-19,1.0087543319325865,1.0101640462216355
2004-05-20,1.0084113179472485,1.0098205528810162
2004-05-21,1.007911364908942,1.0093199011681964
2004-05-24,1.0084692973407392,1.009878613299566
2004-05-25,1.0082524552732612,1.0096614681995744
2004-05-26,1.008538063582596,1.0099474756408902
2004-05-27,1.008966465592766,1.0103764763344223
2004-05-28,1.0092843829104645,1.0106948379353038
2004-06-01,1.0098808359728877,1.011734769576015
2004-06-02,1.010565635627642,1.012420826382154
2004-06-03,1.0105772884321005,1.0124325005787658
2004-06-04,1.0107667161755884,1.012622276072648
2004-06-07,1.0098231270818472,1.011676954743314
2004-06-08,1.0095076985538245,1.0113609471533598
2004-06-09,1.0087790006852997,1.0106309115453544
2004-06-10,1.0090765086182,1.0109289656416578
2004-06-11,1.0093822435481343,1.0112352618380702
2004-06-14,1.0099351301612396,1.0117891634373344
2004-06-15,1.0094406930718829,1.0112938186631282
2004-06-16,1.010417687154057,1.0122726063055865
2004-06-17,1.0112263356107645,1.013082739274618
2004-06-18,1.0119785936802856,1.0138363783353053
2004-06-21,1.0134289854244338,1.0152894327005237
2004-06-22,1.013543928049716,1.015404586336836
2004-06-23,1.0142166161959898,1.0160785094002547
2004-06-24,1.0145119983191568,1.0163744337842753
2004-06-25,1.0143889165521394,1.016251126064437
2004-06-28,1.0136969452033007,1.0155578843984576
2004-06-30,1.0142924755978695,1.0158350585446072
2004-07-01,1.0150090743413651,1.016552747124642
2004-07-02,1.0150423314918766,1.0165860548541676
2004-07-05,1.0156821926376567,1.0172268891303964
2004-07-06,1.0153356160835878,1.0168797854866616
2004-07-07,1.0149563483701973,1.016499940965377
2004-07-08,1.0155645437705403,1.0171090613374372
2004-07-09,1.016727609048492,1.0182738954589
2004-07-12,1.0159769030384969,1.0175220477404558
2004-07-13,1.0163367340262315,1.0178824259758126
2004-07-14,1.0162896219826476,1.017835242282052
2004-07-15,1.0172580722392437,1.0188051654026262
2004-07-16,1.0179049999521985,1.019453076993192
2004-07-19,1.0179425661027968,1.019490700276131
2004-07-20,1.0183166905105339,1.0198653936695852
2004-07-21,1.018463249023395,1.0200121750754165
2004-07-22,1.01835433799789,1.0199030984129829
2004-07-23,1.0192630990445277,1.0208132415454851
2004-07-26,1.0197141090087378,1.0212649374265252
2004-07-27,1.0195441474888622,1.021094717421303
2004-07-29,1.0192964329809144,1.0207367777908392
2004-07-30,1.0202392002025134,1.0216808772155448
2004-08-02,1.0210533198390586,1.0224961472661946
2004-08-03,1.0206295893727662,1.0220718180359332
2004-08-04,1.0207493509512093,1.0221917488467627
2004-08-05,1.0210093032052276,1.0224520684334506
2004-08-06,1.0205490001503863,1.0219911149347398
2004-08-09,1.0205163956469532,1.0219584643586181
2004-08-10,1.0201310597600728,1.0215725839622833
2004-08-11,1.0202855056467899,1.021727248093001
2004-08-12,1.0197599988102684,1.0212009986746162
2004-08-13,1.01918898216523,1.0206291751388301
2004-08-16,1.0196122257565312,1.0210530168061083
2004-08-17,1.0196369257210893,1.0210777516736296
2004-08-18,1.020043334870185,1.0214847351103316
2004-08-19,1.0199504708857374,1.021391739901881
2004-08-20,1.0210482910948815,1.022491111416013
2004-08-23,1.0206987185280731,1.0221410448760913
2004-08-24,1.0209255750081618,1.0223682219219576
2004-08-25,1.0219330982615045,1.0233771688836955
2004-08-27,1.0234720842132135,1.0256306364938412
2004-08-30,1.0237860074893002,1.0259452218493477
2004-08-31,1.0234740835484866,1.0256326400458093
2004-09-01,1.0228847113624682,1.0250420248452565
2004-09-02,1.0228253202327469,1.0249825084567612
2004-09-03,1.0223736865418422,1.024529922248491
2004-09-06,1.0232231426990657,1.0253811699499622
2004-09-07,1.0243470789359617,1.026507476622911
2004-09-08,1.0248903533814473,1.0270518968605598
2004-09-09,1.024633761535609,1.0267947638500696
2004-09-10,1.024957283130733,1.027118967767934
2004-09-13,1.0257301287119038,1.027893443317931
2004-09-14,1.025955510070344,1.0281193000165907
2004-09-15,1.0263869330597246,1.028551632897987
2004-09-16,1.025874057346067,1.0280376755045664
2004-09-17,1.0263366291229377,1.0285012228677568
2004-09-20,1.0273122972856197,1.0294789487619298
2004-09-21,1.027482128858545,1.029649138517882
2004-09-22,1.028414391116051,1.030583366961719
2004-09-23,1.0284781178671938,1.0306472281156718
2004-09-27,1.029155664538843,1.030682028083667
2004-09-28,1.0292089479524225,1.0307353905230565
2004-09-29,1.0297081958631868,1.0312353788794475
2004-09-30,1.02980481327957,1.0313321395912594
2004-10-01,1.0296889515931358,1.0312161060677936
2004-10-04,1.030415322134078,1.0319435539049622
2004-10-05,1.0304667717054983,1.0319950797823807
2004-10-06,1.0312386455852676,1.0327680984453853
2004-10-07,1.0303034011001668,1.0318314668784885
2004-10-08,1.0300559714157838,1.031583670225664
2004-10-11,1.0302079148686851,1.0317358390292635
2004-10-12,1.0303021625663509,1.0318302265077754
2004-10-13,1.0305687005593818,1.0320971598092032
2004-10-14,1.0311044318980294,1.0326336857028569
2004-10-15,1.030954628317235,1.0324836599450562
2004-10-18,1.0307318426384253,1.0322605438478754
2004-10-19,1.0315230704285907,1.033052945125489
2004-10-20,1.0317682191836612,1.0332984574661044
2004-10-21,1.0319738942653374,1.0335044375890465
2004-10-22,1.0332181808726384,1.0347505696253552
2004-10-26,1.0327005417347435,1.0347543726846877
2004-10-27,1.0320509966383347,1.0341035357754362
2004-10-28,1.0325510043420956,1.034604537892636
2004-10-29,1.0323614636379106,1.0344146202306121
2004-11-01,1.0322728417807154,1.0343258221226008
2004-11-02,1.031513388552947,1.033564858497112
2004-11-03,1.031528971555667,1.033580472491249
2004-11-04,1.0321757502759474,1.0342285375226137
2004-11-05,1.0331114223249924,1.0351660704327077
2004-11-08,1.0339647466335413,1.0360210918294293
2004-11-09,1.0338847043950872,1.0359408904032725
2004-11-10,1.0342364015834267,1.0362932870456565
2004-11-11,1.0349228630513339,1.0369811137455471
2004-11-12,1.0355748904577606,1.0376344379016254
2004-11-15,1.0361439890486754,1.0382046683136754
2004-11-16,1.0356563357172794,1.0377160451391698
2004-11-17,1.0355879360218012,1.0376475094106348
2004-11-18,1.0361163529424626,1.0381769772448788
2004-11-19,1.035824251010224,1.037884294381417
2004-11-22,1.0360939068093398,1.0381544864709709
2004-11-24,1.0360383429216427,1.0384664161696817
2004-11-25,1.0363003625556249,1.0387290498763653
2004-11-26,1.0371396365037233,1.0395702907580577
2004-11-29,1.0375065669135133,1.0399380811108392
2004-11-30,1.0377496804606319,1.040181764422102
2004-12-01,1.038632087091776,1.04106623907317
2004-12-02,1.0382379746757353,1.0406712030100262
2004-12-03,1.0372281751812549,1.0396590369360121
2004-12-06,1.0380042919413872,1.040436972613712
2004-12-07,1.0379978949415034,1.0404305606217341
2004-12-08,1.0385801058239277,1.0410141359813303
2004-12-09,1.0387371501532416,1.0411715483618242
2004-12-10,1.038881795082078,1.0413165322824407
2004-12-13,1.0393435148590042,1.041779334151981
2004-12-14,1.039551067874714,1.0419873735917005
2004-12-15,1.0398743890915043,1.0423114525483972
2004-12-16,1.03975455095687,1.0421913335595157
2004-12-17,1.0399304956643387,1.0423676906133423
2004-12-20,1.0399863604486261,1.0424236863230818
2004-12-21,1.040088186810412,1.042525751326484
2004-12-23,1.0394625316234283,1.0423047285632185
2004-12-24,1.039427764745658,1.042269866622557
2004-12-27,1.0399618267698791,1.0428053889297655
2004-12-28,1.0399799629882722,1.0428235747379253
2004-12-29,1.0395412613152482,1.0423836735252212
2004-12-30,1.0403736736352398,1.0432183619058466
2004-12-31,1.0400438119664521,1.0428875982980306
2005-01-03,1.0410568956527666,1.0439034520537467
2005-01-04,1.040742675906775,1.0435883731383544
2005-01-05,1.0414367334149106,1.0442843284042884
2005-01-06,1.042230045068393,1.0450798092056577
2005-01-07,1.0430424640916405,1.0458944496219726
2005-01-10,1.0430070235668665,1.045858912192358
2005-01-11,1.0428654815115097,1.045716983119303
2005-01-12,1.0432641415883033,1.0461167332502501
2005-01-13,1.0430472541546354,1.0458992527824116
2005-01-14,1.044132443742581,1.046987409598547
2005-01-17,1.0439267131171146,1.0467811164449123
2005-01-18,1.0441132223403553,1.0469681356393423
2005-01-19,1.044211645007445,1.0470668274230137
2005-01-21,1.044531771769311,1.0473686896018868
2005-01-24,1.045006415287319,1.0478446222378488
2005-01-25,1.044842694877292,1.0476804571679623
2005-01-26,1.0450565373119975,1.0478948803924846
2005-01-27,1.0450499028023408,1.0478882278636932
2005-01-28,1.045734643573662,1.0485748283709817
2005-01-31,1.0454020763522494,1.0482413579066936
2005-02-01,1.0448302739121795,1.0476680024678708
2005-02-02,1.0460561276999882,1.04889718563882
2005-02-03,1.0463181622834654,1.0491599319005849
2005-02-04,1.0459690454165762,1.0488098668424657
2005-02-07,1.0462352264545092,1.0490767708203357
2005-02-08,1.0460710240351012,1.0489121224319449
2005-02-09,1.0463930557734165,1.0492350287990706
2005-02-10,1.0464056168295273,1.0492476239706434
2005-02-11,1.046548511003683,1.0493909062412092
2005-02-14,1.0463327860290013,1.049174595363787
2005-02-15,1.0462187024296283,1.0490602019166848
2005-02-16,1.0463030212491111,1.0491447497436224
2005-02-17,1.0463722700946725,1.049214186667029
2005-02-21,1.0464551467714818,1.0495899542137002
2005-02-22,1.0467670019458724,1.0499027435952801
2005-02-23,1.0471537244037463,1.050290624536098
2005-02-24,1.0470909674517823,1.0502276795866257
2005-02-25,1.0459765805332888,1.049109954361262
2005-02-28,1.0455773368768748,1.0487095147128467
2005-03-01,1.0462002418261285,1.0493342856637888
2005-03-02,1.0460157177535723,1.0491492088227383
2005-03-03,1.0462169500103273,1.049351043899765
2005-03-04,1.0471135393103908,1.0502503190624946
2005-03-07,1.0481401593184456,1.0512800144589705
2005-03-08,1.0494046508175265,1.0525482939248594
2005-03-09,1.0496920685014093,1.0528365726099014
2005-03-10,1.0497742330252624,1.0529189832694457
2005-03-11,1.0490714321567602,1.0522140770594963
2005-03-14,1.0488290894784886,1.051971008408751
2005-03-15,1.0492921470509982,1.0524354531370588
2005-03-16,1.0490577889055763,1.0522003929379842
2005-03-17,1.0504125764161767,1.0535592389101287
2005-03-18,1.0503375716922188,1.0534840094986937
2005-03-22,1.0510718780563593,1.054086225290128
2005-03-23,1.0506869757374715,1.053700219117865
2005-03-24,1.050874887994793,1.053888670284851
2005-03-25,1.051137553445227,1.054152089028081
2005-03-28,1.0514515498018082,1.0544669858882993
2005-03-29,1.0505188308545939,1.0535315920157664
2005-03-30,1.0507712669822824,1.0537847520997885
2005-03-31,1.0512533598557696,1.0542682275574262
2005-04-01,1.0520668187830413,1.0550840193866795
2005-04-04,1.0528178008171005,1.0558371551465346
2005-04-05,1.0527301113472234,1.055749214193846
2005-04-06,1.0533895513193963,1.0564105453602346
2005-04-07,1.053860722420271,1.0568830677229346
2005-04-08,1.0544952431009098,1.0575194081322696
2005-04-11,1.05470611200789,1.0577308817858135
2005-04-12,1.055119408872489,1.0581453639359162
2005-04-13,1.05498234805318,1.0580079100427269
2005-04-14,1.0554004320293264,1.0584271930332352
2005-04-15,1.0558406426906688,1.0588686661656006
2005-04-18,1.0565205066491534,1.0595504798918276
2005-04-20,1.0564292317808244,1.0598014293442681
2005-04-21,1.0563893451734199,1.059761415415964
2005-04-22,1.0571581752602495,1.0605326996633446
2005-04-25,1.056796916308762,1.060170287547481
2005-04-26,1.056473038230503,1.059845375627263
2005-04-27,1.0569079337450962,1.060281659359401
2005-04-28,1.0561957446172274,1.059567196872968
2005-04-29,1.057196542398713,1.0605711892724543
2005-05-02,1.057884241046346,1.0612610831032896
2005-05-03,1.0590067601424684,1.0623871853605429
2005-05-04,1.0581175746523177,1.0614951615267973
2005-05-05,1.058191413306478,1.0615692358792155
2005-05-06,1.0584289009275474,1.0618074815777339
2005-05-09,1.0581844901902355,1.0615622906638913
2005-05-10,1.0588495918001384,1.0622295153256378
2005-05-11,1.0583251111451009,1.0617033604908883
2005-05-12,1.0586999284774354,1.062079374266919
2005-05-13,1.0589815694767217,1.0623619142843914
2005-05-16,1.0590684986952028,1.0624491209871467
2005-05-17,1.059389959635423,1.0627716080536487
2005-05-19,1.0600145532706124,1.063955736973087
2005-05-20,1.060209569048409,1.0641514778286694
2005-05-23,1.059757424791587,1.0636976524783468
2005-05-24,1.0595447672632012,1.063484204279321
2005-05-25,1.0592020927976644,1.0631402557340892
2005-05-26,1.0602366890064243,1.0641786986199575
2005-05-27,1.06115373932643,1.0650991585759577
2005-05-30,1.0613012608836077,1.0652472286251868
2005-05-31,1.0609881321425603,1.0649329356568302
2005-06-01,1.0610155611290477,1.0649604666255728
2005-06-02,1.0620438471861844,1.0659925758983788
2005-06-03,1.0615857134412174,1.0655327387907139
2005-06-06,1.0620710094809431,1.0660198391838203
2005-06-07,1.0630944633866557,1.0670470983390372
2005-06-08,1.0641178268141387,1.0680742666796221
2005-06-09,1.0650427342588595,1.0690026129734949
2005-06-10,1.0649733853441326,1.0689330062162585
2005-06-13,1.065002212890042,1.0689619409443323
2005-06-14,1.0659457557830136,1.0699089919739242
2005-06-15,1.0664943329818553,1.0704596088084566
2005-06-17,1.0658654623990065,1.0701055279515765
2005-06-20,1.0659284344671656,1.070168750525739
2005-06-21,1.0666449431085177,1.0708881094739218
2005-06-22,1.0663891008576198,1.0706312494698897
2005-06-23,1.066527785770114,1.0707704860778284
2005-06-24,1.0680824443654793,1.0723313291820165
2005-06-27,1.068516373274536,1.072766984281746
2005-06-28,1.0689416813566253,1.0731939842604319
2005-06-29,1.068554328723709,1.072805090719574
2005-06-30,1.0677754363910767,1.0720230999147002
2005-07-01,1.0674094820570772,1.0716556897962513
2005-07-04,1.067702544789934,1.0719499183471612
2005-07-05,1.0686149376453131,1.0728659407464678
2005-07-06,1.0674804185305513,1.071726908458527
2005-07-07,1.0680378266275345,1.0722865339525027
2005-07-08,1.068330856674488,1.0725807296874832
2005-07-11,1.0683563313609938,1.0726063057135524
2005-07-12,1.068501845247517,1.0727523984615168
2005-07-13,1.0689298545509178,1.0731821104071062
2005-07-14,1.0696471577348883,1.0739022670586373
2005-07-18,1.069785052276029,1.0746704841084112
2005-07-19,1.0701113987215987,1.0749983208938487
2005-07-20,1.070972573558487,1.0758634284936341
2005-07-21,1.0710675815833808,1.0759588703956215
2005-07-22,1.0710898821474242,1.075981272800577
2005-07-25,1.0704227686353747,1.075311112753543
2005-07-26,1.0714263406229814,1.0763192677950295
2005-07-27,1.0706752125029846,1.0755647094670484
2005-07-28,1.0701502027509018,1.0750373021311241
2005-07-29,1.0711400064415233,1.0760316259993719
2005-08-01,1.0712700488227356,1.0761622622505278
2005-08-02,1.071717926000184,1.0766121847672852
2005-08-03,1.0726521844181551,1.0775507097019787
2005-08-04,1.0728080478064217,1.0777072848780542
2005-08-05,1.0737507583689405,1.078654300556055
2005-08-08,1.0729693743178048,1.0778693481259176
2005-08-09,1.0726420365844933,1.0775405155257833
2005-08-10,1.0720434238691776,1.076939169100917
2005-08-11,1.0718644052639419,1.076759332963981
2005-08-12,1.0730595842611308,1.0779599700347389
2005-08-16,1.073061409557711,1.078160170317478
2005-08-17,1.0736958707297652,1.078797646196518
2005-08-18,1.0731205022181611,1.0782195437627329
2005-08-19,1.0730780763717624,1.078176916325597
2005-08-22,1.0735493454480511,1.07865042468498
2005-08-23,1.0730106983399363,1.078109218140179
2005-08-24,1.0727361446661403,1.0778333598965923
2005-08-25,1.0732913709839618,1.0783912244289062
2005-08-26,1.0731098689426466,1.0782088599621251
2005-08-29,1.0738659892692135,1.0789685730715621
2005-08-30,1.0735282820781793,1.0786292612303572
2005-08-31,1.073229188910164,1.0783287468906408
2005-09-01,1.073336035490966,1.078436101163872
2005-09-02,1.073389628018202,1.0784899483414687
2005-09-05,1.074341134520735,1.0794459760242199
2005-09-06,1.074010109901166,1.0791133785074005
2005-09-07,1.074511018451108,1.0796166671754195
2005-09-08,1.0753113767639308,1.0804208284724173
2005-09-09,1.0751065718611663,1.0802150504182633
2005-09-12,1.0753986510848461,1.080508517486172
2005-09-14,1.076539972698612,1.0825261506320614
2005-09-15,1.076200453779065,1.0821847437931469
2005-09-16,1.0767587986129759,1.082746193343658
2005-09-19,1.076265663256541,1.0822503158726118
2005-09-20,1.077067589832794,1.0830567016192594
2005-09-21,1.0764013270658568,1.082386734050295
2005-09-22,1.076330700670384,1.0823157149316713
2005-09-23,1.0764548872920905,1.0824405921020184
2005-09-26,1.077242599974144,1.083232684917086
2005-09-27,1.0771062334338275,1.0830955601008156
2005-09-28,1.0773231961128797,1.0833137292164468
2005-09-29,1.0772151483864982,1.0832050806829128
2005-09-30,1.0771150292515623,1.0831044048283274
2005-10-03,1.0774574191280257,1.0834486985883205
2005-10-04,1.0777624550349312,1.0837554306693218
2005-10-05,1.077727710786186,1.083720493222683
2005-10-06,1.077691804432067,1.0836843872086996
2005-10-07,1.0787129947615597,1.0847112559404546
2005-10-10,1.079526756225512,1.0855295423835458
2005-10-11,1.079111922126463,1.0851124015696576
2005-10-13,1.079044336586722,1.085053079587186
2005-10-14,1.0790287498319169,1.0850374060363146
2005-10-17,1.0787276278604545,1.084734607243542
2005-10-18,1.0791314784903143,1.0851407067473018
2005-10-19,1.0794593625640387,1.0854704166692015
2005-10-20,1.0799384565893861,1.0859521785671968
2005-10-21,1.080608223411349,1.0866256750382268
2005-10-24,1.08016873009398,1.0861837343678575
2005-10-25,1.0809176101334175,1.0869367846045175
2005-10-26,1.0806540703767027,1.0866717773060024
2005-10-27,1.0806092613113074,1.086626718717813
2005-10-28,1.0803015391270872,1.0863172829584802
2005-10-31,1.0798470062047507,1.085860218933924
2005-11-01,1.079437207636565,1.0854481383702774
2005-11-02,1.079342971800367,1.0853533777744362
2005-11-03,1.080640828894542,1.08665846208761
2005-11-04,1.0813998433894805,1.0874217032142812
2005-11-07,1.0816717840149952,1.087695158162493
2005-11-08,1.0815283071100792,1.0875508822951812
2005-11-09,1.08164752726446,1.08767076633634
2005-11-11,1.081771345935957,1.08873563234263
2005-11-14,1.0824848026708975,1.0894536822081424
2005-11-15,1.0827260136811354,1.089696446099741
2005-11-16,1.0834804358822985,1.0904557251611824
2005-11-17,1.083947806381556,1.0909261045236593
2005-11-18,1.0846820568818967,1.091665082021806
2005-11-21,1.0851319230249699,1.0921178443376025
2005-11-22,1.0852088728778728,1.0921952895824538
2005-11-23,1.0858542044566044,1.0928447757119215
2005-11-24,1.084928562897142,1.0919131750068833
2005-11-25,1.084908614173008,1.0918930978557682
2005-11-28,1.0845390944914937,1.0915211992603506
2005-11-29,1.0852201019133425,1.0922065909088188
2005-11-30,1.0852848270250866,1.0922717327114075
2005-12-01,1.0860408568804827,1.093032629776926
2005-12-02,1.0861329071769295,1.0931252726797775
2005-12-05,1.084812150389424,1.0917960130523914
2005-12-06,1.0850880240152954,1.0920736627124958
2005-12-07,1.0845244636885725,1.0915064742664504
2005-12-08,1.0854543529528349,1.0924423500223934
2005-12-12,1.084799081721938,1.0921819303776377
2005-12-13,1.085597060385443,1.0929853398677376
2005-12-14,1.0853845934393644,1.0927714269291857
2005-12-15,1.0856069320007042,1.0929952786665378
2005-12-16,1.0866947076149502,1.0940904573869135
2005-12-19,1.0865598860158927,1.0939547182285787
2005-12-20,1.086686809457867,1.0940825054771128
2005-12-21,1.0864765040835265,1.0938707688213705
2005-12-22,1.0880170827275932,1.095421832226314
2005-12-23,1.0888236201552635,1.0962338587292093
2005-12-26,1.0891241499852118,1.0965364338837604
2005-12-27,1.089156607228067,1.096569112021817
2005-12-28,1.0889934498111922,1.0964048441997658
2005-12-29,1.0891216909610377,1.096533958124134
2005-12-30,1.0900560536367,1.0974746798190287
2006-01-02,1.0900771632159791,1.0974959330643854
2006-01-03,1.0898754073383106,1.0972928040908734
2006-01-04,1.0901148003747467,1.0975338263714591
2006-01-05,1.0895119862931562,1.096926909700544
2006-01-06,1.0895630379371406,1.0969783087881866
2006-01-10,1.089942132056522,1.0975292287180614
2006-01-11,1.0911796503374456,1.0987753613745024
2006-01-12,1.0910758930937077,1.0986708818756883
2006-01-13,1.091069172388406,1.0986641143874987
2006-01-16,1.0911420724925265,1.098737521949878
2006-01-17,1.091888054782961,1.0994886970295248
2006-01-18,1.0925406721185058,1.1001458572400187
2006-01-19,1.0923614834070674,1.0999654211944014
2006-01-20,1.0926107473206539,1.1002164202362585
2006-01-23,1.092505904762103,1.1001108478677457
2006-01-24,1.0927799588184275,1.1003868096167397
2006-01-25,1.092928652203595,1.1005365380578547
2006-01-26,1.0929231701680724,1.100531017861835
2006-01-27,1.0935601598144256,1.101172441598657
2006-01-30,1.0937596774953842,1.1013733481239283
2006-01-31,1.0939706624837564,1.1015858017806397
2006-02-01,1.0946777308003877,1.102297792005973
2006-02-02,1.09516410184782,1.102787548686497
2006-02-03,1.0953685276942453,1.1029933975430173
2006-02-06,1.0961597072708718,1.1037900845275583
2006-02-08,1.0968025259989584,1.1041776863724906
2006-02-09,1.096969384149647,1.1043456665169673
2006-02-10,1.0972383084802206,1.1046163991585352
2006-02-13,1.0967902551906232,1.1041653330523291
2006-02-14,1.097148845334359,1.104526334441258
2006-02-15,1.0971263741799553,1.1045037121854813
2006-02-16,1.0978048931244968,1.1051867936523674
2006-02-17,1.0980943707119994,1.1054782177558398
2006-02-20,1.097837335079852,1.1052194537551268
2006-02-21,1.0979332826751822,1.105316046524849
2006-02-22,1.0977781480830997,1.1051598687709676
2006-02-23,1.0984982477129406,1.105884810521545
2006-02-24,1.0978409663225748,1.1052231094151872
2006-02-27,1.0971471205196885,1.104524598028525
2006-02-28,1.0973864386968295,1.1047655254378612
2006-03-01,1.0981552625360176,1.105539519030928
2006-03-02,1.0975815986398842,1.10496199768267
2006-03-03,1.0972888296821832,1.1046672600770453
2006-03-06,1.0979085629347907,1.1052911605630593
2006-03-07,1.0983863580438882,1.1057721684798152
2006-03-09,1.0990447614571854,1.1064950690989628
2006-03-10,1.0997193861302457,1.107174266980989
2006-03-13,1.1001975802030632,1.1076557026806082
2006-03-14,1.100652271879463,1.1081134766635619
2006-03-15,1.1006293406887169,1.1080903900247108
2006-03-16,1.1005981066351083,1.108058944238772
2006-03-17,1.099765629311251,1.1072208236396042
2006-03-20,1.1003623481666607,1.107821587588721
2006-03-21,1.1000281520380975,1.1074851259801175
2006-03-22,1.1003679698350621,1.107827247365815
2006-03-23,1.1002097977149057,1.1076680030136652
2006-03-24,1.1001220104389795,1.1075796206371247
2006-03-27,1.1006495592503767,1.1081107456458512
2006-03-28,1.1003605729492039,1.1078198003372537
2006-03-29,1.1007638500160701,1.1082258111764998
2006-03-30,1.1009116750220824,1.1083746382725184
2006-03-31,1.1011370956474589,1.1086015870003587
2006-04-03,1.1001891532972863,1.1076472186497328
2006-04-04,1.1007197366187267,1.108181398739124
2006-04-05,1.1016101739418493,1.1090778722422328
2006-04-07,1.1019143082639644,1.109988640370336
2006-04-10,1.1022059941931401,1.1102824636427202
2006-04-11,1.1018991056345613,1.109973326342907
2006-04-12,1.101397027388134,1.1094675690930629
2006-04-13,1.1021946611478592,1.110271047553984
2006-04-14,1.1028670478205957,1.1109483611736337
2006-04-17,1.1026025564875164,1.1106819317671066
2006-04-18,1.103513343267247,1.1115993923824363
2006-04-19,1.103203231354414,1.1112870081090798
2006-04-20,1.103079547669744,1.1111624181260353
2006-04-21,1.1040186708333461,1.1121084227615041
2006-04-24,1.1035667318499955,1.11165317217269
2006-04-25,1.1027735194474546,1.1108541474666687
2006-04-26,1.1035418897811375,1.1116281480723322
2006-04-27,1.1039013492036094,1.111990241451668
2006-04-28,1.104567243006921,1.112661014625068
2006-05-01,1.104752150724402,1.1128472772630802
2006-05-02,1.1044806256502464,1.112573762575388
2006-05-03,1.1036828076432952,1.1117700985171601
2006-05-04,1.104260821106966,1.112352347403343
2006-05-08,1.1051979174758353,1.1138559341022267
2006-05-09,1.1062083138948637,1.1148742458718517
2006-05-10,1.1065599672328021,1.1152286540289935
2006-05-11,1.1060416838623548,1.1147063104753268
2006-05-12,1.1070036223975415,1.1156757847466017
2006-05-15,1.1069783226670884,1.1156502868204377
2006-05-16,1.1072368183575838,1.1159108075418807
2006-05-17,1.1068593244236922,1.1155303563559853
2006-05-18,1.1058328110165552,1.1144958013392816
2006-05-19,1.1064360228191301,1.115103738646432
2006-05-22,1.1069301015675137,1.1156016879613
2006-05-23,1.1066188195828524,1.115287967422823
2006-05-24,1.1065956065588218,1.1152645725501438
2006-05-25,1.105961397496413,1.114625395153539
2006-05-26,1.1062075620494236,1.114873488136525
2006-05-29,1.1066172782779344,1.1152864140434677
2006-05-30,1.1069750172464632,1.115646955505458
2006-05-31,1.1070322654031344,1.1157046521388088
2006-06-01,1.1071947477418633,1.1158684073489105
2006-06-02,1.107318559719414,1.115993189257858
2006-06-06,1.1072273945728988,1.1158709304305838
2006-06-07,1.1070967510812237,1.115739267074597
2006-06-08,1.1070431470181736,1.1156852445531131
2006-06-09,1.1076893536295886,1.116336495756131
2006-06-12,1.1081950103341753,1.1168460998538903
2006-06-13,1.108427143363222,1.1170800450221328
2006-06-14,1.1090987649896078,1.117756909641637
2006-06-15,1.1091030084841786,1.1177611862629149
2006-06-16,1.1099414973901716,1.1186062208062004
2006-06-19,1.1099858319822742,1.118650901494903
2006-06-20,1.1100821868982134,1.1187480086024653
2006-06-21,1.1106745368280102,1.1193449826933728
2006-06-22,1.111189532759073,1.119863998923986
2006-06-23,1.1118845906272854,1.1205644827396022
2006-06-26,1.1118036989895155,1.1204829596238042
2006-06-27,1.1118198036463487,1.1204991900011347
2006-06-28,1.1112128730478348,1.1198875214179782
2006-06-29,1.1119201348966088,1.1206003044841468
2006-06-30,1.112051126422643,1.1207323185914122
2006-07-03,1.1125615317388056,1.1212467083706343
2006-07-05,1.1131629999284716,1.1216063613143425
2006-07-06,1.1133963040389194,1.1218414350406665
2006-07-07,1.1136026838388724,1.122049380235116
2006-07-10,1.1134536225495193,1.1218991883132006
2006-07-11,1.1141579166045275,1.1226088244512897
2006-07-12,1.1147991975579143,1.1232549695322478
2006-07-13,1.1148219437928097,1.123277888297744
2006-07-14,1.1158497698988692,1.1243135104833137
2006-07-17,1.1162855768445858,1.124752623032556
2006-07-18,1.1172086346443661,1.125682682242358
2006-07-19,1.1168734776190155,1.125344983044939
2006-07-20,1.1181430830683508,1.1266242184744542
2006-07-21,1.1187534427029704,1.1272392076978859
2006-07-24,1.118800911032832,1.1272870360758838
2006-07-25,1.1185886756579406,1.1270731908918545
2006-07-26,1.1187687014848327,1.1272545822178832
2006-07-27,1.119177133432265,1.1276661121289868
2006-07-28,1.1180096884651352,1.126489812070773
2006-07-31,1.1188297415077022,1.127316085230425
2006-08-01,1.1200342530405154,1.1285297330048898
2006-08-03,1.1205483648483985,1.128974230990973
2006-08-04,1.121385903632052,1.1298180675747944
2006-08-07,1.1208603029660098,1.129288514700177
2006-08-08,1.120922715857831,1.1293513969003195
2006-08-09,1.1211421108745898,1.1295724416388588
2006-08-10,1.1216017660714799,1.1300355531730941
2006-08-11,1.1213513008083045,1.129783204558118
2006-08-14,1.121209948252489,1.1296407891140314
2006-08-15,1.1215511692365825,1.1299845758796896
2006-08-16,1.1209820100553047,1.1294111369553632
2006-08-17,1.121655543955772,1.1300897354355184
2006-08-18,1.1228427179356975,1.1312858362671145
2006-08-21,1.1231074202776268,1.1315525290153223
2006-08-22,1.1230063381588538,1.1314506868183332
2006-08-23,1.1231011046925863,1.1315461659407884
2006-08-24,1.1234060754008335,1.1318534298497986
2006-08-25,1.1231928079507603,1.1316385587536506
2006-08-28,1.1237637049973654,1.132213748611032
2006-08-29,1.1232647831571974,1.1317110751714037
2006-08-30,1.1235449261552313,1.131993324680389
2006-09-01,1.1234762122577835,1.1313360750207504
2006-09-04,1.1233062196486632,1.131164893139829
2006-09-05,1.1228282853846505,1.1306836152378437
2006-09-06,1.1232122316816424,1.1310702476310517
2006-09-07,1.123263296987108,1.131121670190448
2006-09-08,1.1232144222895795,1.1310724535645271
2006-09-11,1.1234294446167474,1.1312889801923327
2006-09-12,1.1232425719923433,1.1311008002031924
2006-09-13,1.123476679846107,1.1313365458803317
2006-09-14,1.122957815436298,1.1308140514844052
2006-09-15,1.1235823874644697,1.1314429930313734
2006-09-18,1.1227394219311708,1.1305941300938096
2006-09-19,1.123106863557445,1.130964142349283
2006-09-20,1.1240712252454041,1.1319352507315101
2006-09-21,1.1245282044001157,1.1323954269218175
2006-09-22,1.1252912156720873,1.133163776236392
2006-09-25,1.1250762042458358,1.1329472605857658
2006-09-26,1.125802345468744,1.1336784819076529
2006-09-27,1.1260349789884996,1.1339127429363127
2006-09-28,1.126893409694354,1.134777179241098
2006-10-02,1.1282061980506277,1.1364417433138776
2006-10-03,1.1289540968144185,1.1371951015000081
2006-10-04,1.1288580278692824,1.1370983312822256
2006-10-05,1.1286597321433496,1.1368985880607647
2006-10-06,1.1287689569745767,1.137008610198409
2006-10-09,1.12922066178054,1.137463612305328
2006-10-10,1.1293942618864294,1.137638479636599
2006-10-11,1.129246751555836,1.137489892527659
2006-10-12,1.1297360882242489,1.1379828011976163
2006-10-13,1.129142365033845,1.1373847440173648
2006-10-16,1.1286614828747217,1.1369003515719174
2006-10-17,1.128778391722089,1.1370181138165678
2006-10-18,1.1290433684341568,1.137285024774086
2006-10-19,1.1289553703404682,1.1371963843223916
2006-10-20,1.1303488029837971,1.1385999885794071
2006-10-23,1.1305182582491324,1.1387706808141103
2006-10-24,1.1309048720165595,1.1391601167386807
2006-10-25,1.1315191644337044,1.1397788932944652
2006-10-26,1.1316646773744086,1.139925468433207
2006-10-27,1.1309068064083674,1.1391620652509316
2006-10-31,1.13074965369932,1.1386321247380848
2006-11-01,1.130313418720454,1.138192848759316
2006-11-02,1.1297290835030196,1.1376044401332244
2006-11-03,1.1296557883768061,1.1375306340657005
2006-11-06,1.1304140475338227,1.1382941790574954
2006-11-07,1.1308837810982364,1.1387671871409022
2006-11-08,1.1306537370319627,1.1385355394343497
2006-11-09,1.1308230664504388,1.1387060492504786
2006-11-10,1.1307365530814115,1.1386189327955927
2006-11-13,1.1308171915483511,1.1387001333943694
2006-11-14,1.1306013442329503,1.1384827814044307
2006-11-15,1.1307931650349676,1.1386759393918378
2006-11-16,1.1305437844662267,1.1384248203877994
2006-11-17,1.1308273330998355,1.1387103456427452
2006-11-20,1.1298509688346987,1.137727175129189
2006-11-21,1.1307758709696554,1.138658524769364
2006-11-22,1.1305103994040735,1.138391202597929
2006-11-23,1.1310089293831989,1.1388932078362417
2006-11-24,1.131681038061456,1.1395700017931314
2006-11-27,1.132358777991833,1.1402524662576752
2006-11-29,1.1321634144483088,1.1403614757450031
2006-11-30,1.132220570020007,1.1404190451835285
2006-12-01,1.1325004056342833,1.1407009071038041
2006-12-04,1.1327841930866072,1.140986749477617
2006-12-05,1.132032406881487,1.1402295195447516
2006-12-06,1.1314025967031134,1.139595148874154
2006-12-07,1.1320832373349599,1.1402807180645016
2006-12-08,1.1323775021937437,1.1405771137122853
2006-12-11,1.132793471968612,1.1409960955485472
2006-12-12,1.1328641278565477,1.1410672630598873
2006-12-13,1.1339878423689946,1.142199114454639
2006-12-14,1.1343837279863782,1.142597866702861
2006-12-15,1.1352215659151594,1.1434417714649359
2006-12-18,1.1353518039090122,1.1435729525196958
2006-12-19,1.1349440716769468,1.1431622678747644
2006-12-20,1.1352575311128619,1.1434779970887317
2006-12-21,1.134624840524158,1.1428407251505848
2006-12-22,1.1354234337669356,1.1436451010535968
2006-12-25,1.1362957417986503,1.1445237255186307
2006-12-26,1.136260078141648,1.1444878036190087
2006-12-28,1.1355293808686984,1.1434565454045913
2006-12-29,1.1361646433929982,1.144096242715554
2007-01-01,1.1357345105048824,1.1436631070568946
2007-01-02,1.1357913756364124,1.1437203691656068
2007-01-03,1.1359298297574614,1.1438597898390117
2007-01-04,1.135702723683923,1.1436310983311884
2007-01-05,1.1359353459517447,1.1438653445420122
2007-01-08,1.1370366725302647,1.144974359514283
2007-01-09,1.1364743631776086,1.144408124663235
2007-01-10,1.1361208690213085,1.1440521627536677
2007-01-11,1.136525347656077,1.1444594650658708
2007-01-12,1.1362764696242929,1.1442088496091107
2007-01-15,1.1361498994570733,1.1440813958517722
2007-01-16,1.1361329225965517,1.14406430047528
2007-01-17,1.1372894160639262,1.1452288674581046
2007-01-18,1.1383562364936446,1.146303135393118
2007-01-19,1.1390665525885566,1.1470184102259116
2007-01-22,1.1384774330050118,1.146425177980952
2007-01-23,1.1389212810777314,1.1468721245703288
2007-01-24,1.1392618513743424,1.1472150723983563
2007-01-26,1.1410629886040335,1.1493256885660073
2007-01-29,1.1404510491990625,1.148709317966835
2007-01-30,1.1419029013600042,1.1501716833237308
2007-01-31,1.1425913984674994,1.1508651659973872
2007-02-01,1.14302460422407,1.1513015086966367
2007-02-02,1.1438127092768586,1.152095320599665
2007-02-05,1.1428385479729302,1.1511141051693214
2007-02-06,1.143082608929269,1.1513599334272684
2007-02-07,1.14291932787024,1.1511954700124767
2007-02-08,1.1429703735386474,1.151246885314328
2007-02-09,1.1432349060210354,1.1515133333373602
2007-02-12,1.1430509964995854,1.1513280920846989
2007-02-13,1.1437902102466833,1.1520726586488286
2007-02-14,1.1435868916770668,1.151867867802612
2007-02-15,1.143692595889449,1.1519743374435465
2007-02-16,1.144393286696667,1.1526801021143145
2007-02-19,1.1449327245820944,1.153223446193738
2007-02-20,1.1445783500233453,1.1528665055271734
2007-02-21,1.1442205331530946,1.1525060976225365
2007-02-22,1.144787623622062,1.1530772945242278
2007-02-26,1.145020305589365,1.1540279039288872
2007-02-27,1.1443481853552484,1.1533504962871366
2007-02-28,1.144329064098932,1.1533312246085128
2007-03-01,1.1440863284754237,1.1530865794424499
2007-03-02,1.1438761095877699,1.1528747068135532
2007-03-05,1.1440360620759331,1.1530359176093288
2007-03-06,1.1442807342193744,1.1532825145294594
2007-03-07,1.1446040293473185,1.1536083529421326
2007-03-08,1.1448727581790987,1.1538791957987622
2007-03-09,1.1452288128885666,1.1542380515046788
2007-03-12,1.14537828411331,1.1543886985834653
2007-03-13,1.1458861951661852,1.154900605249985
2007-03-14,1.1457977494964655,1.1548114637995324
2007-03-15,1.1460274944821276,1.1550430161335368
2007-03-16,1.1465971424785542,1.1556171454132398
2007-03-19,1.1478430728147377,1.1568728771826142
2007-03-20,1.1474472907025983,1.1564739815481393
2007-03-21,1.1475521203187997,1.1565796358336258
2007-03-22,1.1468949672973372,1.155917313147978
2007-03-23,1.1484921999798592,1.1575271108744463
2007-03-27,1.1486305667451722,1.1566586718359821
2007-03-28,1.1484168771595196,1.1564434887131558
2007-03-29,1.149463060489494,1.1574969841154017
2007-03-30,1.1497845315557573,1.1578207020342026
2007-04-02,1.150444582329585,1.158485366090256
2007-04-03,1.15088667546791,1.158930549143021
2007-04-04,1.1499657864537713,1.1580032237741515
2007-04-05,1.1504514044373335,1.1584922358796523
2007-04-06,1.1501686135299005,1.1582074684662917
2007-04-09,1.1499129386568814,1.157950006609007
2007-04-10,1.150034136587452,1.1580720516263185
2007-04-11,1.1501286870013208,1.1581672628798696
2007-04-12,1.1501596783092634,1.158198470794861
2007-04-13,1.149528530818793,1.157562912035417
2007-04-16,1.149965749397317,1.1580031864586986
2007-04-17,1.150539967385118,1.1585814178190186
2007-04-18,1.1507912494833732,1.1588344561991895
2007-04-19,1.1507939606949569,1.1588371863602007
2007-04-20,1.1506003707806671,1.158642243391046
2007-04-23,1.1511394228081882,1.159185063006207
2007-04-25,1.1503886396904324,1.1589002117984657
2007-04-26,1.1515916617298965,1.1601121348375427
2007-04-27,1.1523969040418849,1.1609233350299957
2007-04-30,1.1533041178262011,1.1618372611680994
2007-05-01,1.1537040155149554,1.162240117646515
2007-05-02,1.1537456180390995,1.1622820279821862
2007-05-03,1.1540321818642625,1.16257071205487
2007-05-04,1.15441313414235,1.1629544829480525
2007-05-07,1.1541239085603943,1.1626631174245923
2007-05-08,1.1543125438678388,1.1628531484195168
2007-05-09,1.1550708544994484,1.1636170696903474
2007-05-10,1.1550367379233868,1.16358270069029
2007-05-11,1.1549703212235742,1.1635157925821742
2007-05-14,1.1562359574329202,1.1647907930650245
2007-05-15,1.1560813181187313,1.1646350095951756
2007-05-16,1.1561007183872154,1.1646545534036588
2007-05-17,1.156660308593852,1.165218283943597
2007-05-18,1.156060229202027,1.1646137646443895
2007-05-21,1.1562888531960476,1.1648440801968483
2007-05-22,1.156461431282837,1.1650179351658836
2007-05-24,1.156751382666674,1.1660089427454683
2007-05-25,1.157650316248584,1.1669150705540428
2007-05-28,1.158693611644474,1.167966715514024
2007-05-29,1.1582411198200602,1.1675106023667292
2007-05-30,1.1590411258955273,1.1683170109452907
2007-05-31,1.159764191526104,1.1690458633193426
2007-06-01,1.1609618541829436,1.1702531109519738
2007-06-04,1.161596846755944,1.1708931854137727
2007-06-05,1.162183554312075,1.1714845884304246
2007-06-06,1.1616869098209657,1.1709839692596362
2007-06-07,1.1611561996414705,1.1704490117704385
2007-06-08,1.1615909891399758,1.1708872809189053
2007-06-11,1.1607746671690227,1.1700644258676351
2007-06-12,1.1610895682291262,1.1703818471023644
2007-06-13,1.1610945854104573,1.1703869044365394
2007-06-14,1.1627985185771506,1.1721044742963866
2007-06-15,1.1619157028724356,1.171214593357476
2007-06-18,1.1627560006186861,1.1720616160638058
2007-06-19,1.1638377294387734,1.1731520020332953
2007-06-20,1.163157724324018,1.172466554791305
2007-06-22,1.1628643550385258,1.1709370190430914
2007-06-25,1.162702426518563,1.1707739664070367
2007-06-26,1.162808235035003,1.1708805094516255
2007-06-27,1.1626103009589879,1.170681201307101
2007-06-28,1.162532956170478,1.170603319587102
2007-06-29,1.1630648688938285,1.1711389248758637
2007-07-02,1.1631557053720836,1.1712303919456104
2007-07-03,1.1635765091553976,1.1716541169703742
2007-07-04,1.1644361993839045,1.1725197752125474
2007-07-05,1.164956560227425,1.1730437484277367
2007-07-06,1.1659527676781622,1.1740468716016998
2007-07-09,1.1662895336174794,1.174385975387443
2007-07-10,1.1667376353253405,1.1748371878403465
2007-07-11,1.167320939289934,1.175424541130984
2007-07-12,1.1677033539476056,1.1758096105308262
2007-07-13,1.1672818280285884,1.175385158357256
2007-07-16,1.1670247299047014,1.1751262754450047
2007-07-17,1.1681529806058777,1.1762623585204248
2007-07-18,1.1686183394088734,1.1767309478681027
2007-07-19,1.1683344043824306,1.1764450417501413
2007-07-23,1.168438185990996,1.1771090982848316
2007-07-24,1.168260663209873,1.176930258117403
2007-07-25,1.1687613388714857,1.1774346492641834
2007-07-26,1.1688589435881989,1.177532978299862
2007-07-27,1.1697502842926846,1.1784309335922354
2007-07-30,1.1700575261761264,1.1787404554999492
2007-07-31,1.169286606242277,1.177963814613796
2007-08-01,1.1699613817223624,1.1786435975637466
2007-08-02,1.1695081180008193,1.1781869701983045
2007-08-03,1.1696644467864377,1.1783444590908119
2007-08-06,1.1692928811807177,1.1779701361181922
2007-08-07,1.1691789053125605,1.1778553144417003
2007-08-08,1.168832297470233,1.1775061344425937
2007-08-09,1.168797713941532,1.1774712942715235
2007-08-10,1.1692744453952897,1.1779515635218654
2007-08-13,1.1692627750832683,1.1779398066051325
2007-08-14,1.1690834553301017,1.1777591561304344
2007-08-15,1.1690158508767137,1.1776910499883022
2007-08-16,1.169103172208506,1.1777790193266544
2007-08-17,1.1697997264604048,1.1784807426674264
2007-08-21,1.170489841804065,1.1794740618437047
2007-08-22,1.1702270659455,1.1792092690209166
2007-08-23,1.1710991803813933,1.1800880774644908
2007-08-24,1.171656020285959,1.1806491914533337
2007-08-27,1.1719726770489896,1.1809682787492357
2007-08-28,1.1718511680806027,1.1808458371257589
2007-08-29,1.1724179527538627,1.1814169722154324
2007-08-30,1.1717840234798864,1.1807781771494743
2007-08-31,1.1725696621140564,1.1815698460370554
2007-09-03,1.1729119528708758,1.1819147640832086
2007-09-04,1.1730278836333827,1.1820315846846894
2007-09-05,1.1723053449789445,1.1813035001074872
2007-09-06,1.1729763083584237,1.1819796135381881
2007-09-07,1.173326942342113,1.1823329388505421
2007-09-10,1.1730340570032112,1.1820378054388785
2007-09-11,1.1732124532286354,1.182217570963622
2007-09-12,1.1731513839621868,1.1821560329534833
2007-09-13,1.1737230364931872,1.1827320732646602
2007-09-14,1.1739537547342394,1.1829645624082616
2007-09-17,1.1745651937749708,1.1835806946147829
2007-09-19,1.1737833903474055,1.1823652739976798
2007-09-20,1.1747939458650316,1.1833832179908506
2007-09-21,1.1758031664390782,1.1843998172802674
2007-09-24,1.1761989627844693,1.1847985074118659
2007-09-25,1.1753156881266906,1.1839087748672177
2007-09-26,1.1757201056927449,1.1843161492518184
2007-09-27,1.1750904910476843,1.1836819313045874
2007-09-28,1.1749038867101609,1.1834939626465886
2007-10-01,1.1751497008787424,1.1837415740365413
2007-10-02,1.1755269167023372,1.1841215477985563
2007-10-03,1.1749831844922962,1.183573840198676
2007-10-04,1.1761251414931717,1.1847241463908893
2007-10-05,1.1767542211161546,1.1853578254043353
2007-10-08,1.177249607735241,1.1858568339440945
2007-10-09,1.1783331044052887,1.186948252384406
2007-10-10,1.179276802196784,1.1878988498344876
2007-10-11,1.18027373359211,1.1889030700952994
2007-10-12,1.180327692059623,1.1889574230694087
2007-10-15,1.1812347615591434,1.1898711244270483
2007-10-16,1.181043239245723,1.1896782018363505
2007-10-18,1.1803975803568119,1.1902332153866217
2007-10-19,1.1801250330898163,1.1899583971259446
2007-10-22,1.1811620495889883,1.1910040545406653
2007-10-23,1.180722252888516,1.190560593244547
2007-10-24,1.1805192001413038,1.1903558485651025
2007-10-25,1.1807961548905264,1.1906351110332483
2007-10-26,1.1804030345824374,1.1902387150594536
2007-10-29,1.180043332996047,1.1898760162680686
2007-10-30,1.1808784436441038,1.1907180854559263
2007-10-31,1.18091721286889,1.1907571777243648
2007-11-01,1.1803239295789636,1.190158950915402
2007-11-02,1.180316114348275,1.1901510705644878
2007-11-05,1.1802817012845306,1.1901163707547004
2007-11-06,1.1806263980297051,1.1904639396773837
2007-11-07,1.1806174048953815,1.1904548716079801
2007-11-08,1.1814868737029882,1.1913315852439428
2007-11-09,1.1817973131180186,1.1916446113880854
2007-11-12,1.1821479733445048,1.1919981934826478
2007-11-13,1.1826163111148493,1.1924704336664302
2007-11-14,1.1819749858430337,1.191823764566896
2007-11-16,1.1818260082876504,1.1909367414900855
2007-11-19,1.1824895557774802,1.1916054042880102
2007-11-20,1.1824429097291216,1.1915583986438238
2007-11-21,1.1818119936371525,1.1909226188002138
2007-11-22,1.181671052754532,1.1907805913999756
2007-11-23,1.1804979133107845,1.18959840818802
2007-11-26,1.1807134864904092,1.1898156432279452
2007-11-27,1.1803942526872946,1.1894939484415818
2007-11-28,1.18056527552725,1.189666289701893
2007-11-29,1.1804256339840349,1.189525571657708
2007-11-30,1.180598709800525,1.1896999817210134
2007-12-03,1.1800245118055472,1.1891213572159562
2007-12-04,1.1793216187631252,1.1884130455493591
2007-12-05,1.1796437903021024,1.1887377007186815
2007-12-06,1.1803086112914662,1.1894076468335875
2007-12-07,1.1809271838226274,1.190030987959498
2007-12-10,1.1797533752835034,1.188848130494089
2007-12-11,1.1798209514479223,1.1889162276052467
2007-12-12,1.1809197354506242,1.190023482167765
2007-12-13,1.1806742293631107,1.1897760834662396
2007-12-17,1.1808623391955362,1.1882051370997384
2007-12-18,1.1801243788156066,1.1874625879597551
2007-12-19,1.1795228954195272,1.186857364440146
2007-12-20,1.179302087356379,1.186635183355834
2007-12-21,1.1788049007565404,1.1861349051672452
2007-12-24,1.1786520348864242,1.1859810887517914
2007-12-25,1.1786520348864242,1.1858007844042573
2007-12-26,1.1786520348864242,1.185521209021465
2007-12-27,1.1786520348864242,1.1856191991287732
2007-12-28,1.1786520348864242,1.185091554246503
2007-12-31,1.1786520348864242,1.1853064577727883
2008-01-01,1.1786520348864242,1.1855494625236924
2008-01-02,1.1786520348864242,1.1851936669648633
2008-01-03,1.1786520348864242,1.1851013673517843
2008-01-04,1.1786520348864242,1.1851677326855894
2008-01-07,1.1786520348864242,1.1847990096765255
2008-01-08,1.1786520348864242,1.18380111876137
2008-01-09,1.1786520348864242,1.1835809724494204
2008-01-10,1.1786520348864242,1.183330219566052
2008-01-11,1.1786520348864242,1.1825741507167755
2008-01-15,1.1786520348864242,1.1810087591859084
2008-01-16,1.1786520348864242,1.1807651740262755
2008-01-17,1.1786520348864242,1.1815766745592893
2008-01-18,1.1786520348864242,1.1822170400675152
2008-01-21,1.1786520348864242,1.1821547729826603
2008-01-22,1.1786520348864242,1.1820529474948
2008-01-23,1.1786520348864242,1.181967309064646
2008-01-24,1.1786520348864242,1.18120755320711
2008-01-25,1.1786520348864242,1.1809425277350338
2008-01-28,1.1786520348864242,1.1807162962611542
2008-01-29,1.1786520348864242,1.1799797918336703
2008-01-30,1.1786520348864242,1.1800757253271246
2008-01-31,1.1786520348864242,1.1808555106546226
2008-02-01,1.1786520348864242,1.1809036353946536
2008-02-04,1.1786520348864242,1.1810982722488776
2008-02-05,1.1786520348864242,1.1812248456361931
2008-02-06,1.1786520348864242,1.180694630688843
2008-02-07,1.1786520348864242,1.179731477567086
2008-02-08,1.1786520348864242,1.1786507378358113
2008-02-11,1.1786520348864242,1.1785196297186802
2008-02-13,1.1786520348864242,1.176858558609393
2008-02-14,1.1786520348864242,1.17641767634694
2008-02-15,1.1786520348864242,1.176039067511885
2008-02-18,1.1786520348864242,1.1758739952192778
2008-02-19,1.1786520348864242,1.1756060027781536
2008-02-20,1.1786520348864242,1.1750529204794506
2008-02-21,1.1786520348864242,1.1746346470839621
2008-02-22,1.1786520348864242,1.1744030889399697
2008-02-25,1.1786520348864242,1.173880320398239
2008-02-26,1.1786520348864242,1.1729110800726572
2008-02-27,1.1786520348864242,1.1727382016584609
2008-02-28,1.1786520348864242,1.1733179647010765
2008-02-29,1.1786520348864242,1.1746256807798798
2008-03-03,1.1786520348864242,1.173536637091661
2008-03-04,1.1786520348864242,1.1742562303464754
2008-03-05,1.1786520348864242,1.1738993990239288
2008-03-06,1.1786520348864242,1.1747997272968729
2008-03-07,1.1786520348864242,1.1750015612558813
2008-03-10,1.1786520348864242,1.1740155716180005
2008-03-11,1.1786520348864242,1.173177757093108
2008-03-13,1.1786520348864242,1.1736651481865559
2008-03-14,1.1786520348864242,1.173792310501968
2008-03-17,1.1786520348864242,1.1734248229529884
2008-03-18,1.1786520348864242,1.1736345269987467
2008-03-19,1.1786520348864242,1.1732794732762772
2008-03-20,1.1786520348864242,1.17315581136836
2008-03-21,1.1786520348864242,1.1724220003191097
2008-03-24,1.1786520348864242,1.1718127168261334
2008-03-25,1.1786520348864242,1.1722270054313315
2008-03-26,1.1786520348864242,1.1714890882287825
2008-03-27,1.1786520348864242,1.1709455215768758
2008-03-28,1.1786520348864242,1.1709634500777404
2008-03-31,1.1786520348864242,1.170869450356676
2008-04-01,1.1786520348864242,1.1708212161030458
2008-04-02,1.1786520348864242,1.1707027713013525
2008-04-03,1.1786520348864242,1.1704284344378342
2008-04-04,1.1786520348864242,1.1692132883616233
2008-04-07,1.1786520348864242,1.1701278700055946
2008-04-08,1.1786520348864242,1.170198497902311
2008-04-09,1.1786520348864242,1.1688652450395771
2008-04-11,1.1786520348864242,1.1686112946184128
2008-04-14,1.1786520348864242,1.167668416998245
2008-04-15,1.1786520348864242,1.1671659171661857
2008-04-16,1.1786520348864242,1.1661182572691824
2008-04-17,1.1786520348864242,1.1658789541876136
2008-04-18,1.1786520348864242,1.1660394427485747
2008-04-21,1.1786520348864242,1.1646523141253702
2008-04-22,1.1786520348864242,1.1648934567642757
2008-04-23,1.1786520348864242,1.1640934916419077
2008-04-24,1.1786520348864242,1.1640719675216329
2008-04-25,1.1786520348864242,1.1634272435288797
2008-04-28,1.1786520348864242,1.1624675876770907
2008-04-29,1.1786520348864242,1.1624677100083038
2008-04-30,1.1786520348864242,1.1630553501972631
2008-05-01,1.1786520348864242,1.1630162260088286
2008-05-02,1.1786520348864242,1.1632593004472
2008-05-05,1.1786520348864242,1.1626392525769993
2008-05-06,1.1786520348864242,1.1628548867427089
2008-05-07,1.1786520348864242,1.1631101741483767
2008-05-08,1.1786520348864242,1.1628423216794193
2008-05-12,1.1786520348864242,1.1636891148642123
2008-05-13,1.1786520348864242,1.1628441718603857
2008-05-14,1.1786520348864242,1.163397696183623
2008-05-15,1.1786520348864242,1.1634917279916563
2008-05-16,1.1786520348864242,1.1630838045861684
2008-05-19,1.1786520348864242,1.1618015843640133
2008-05-20,1.1786520348864242,1.161362844668307
2008-05-21,1.1786520348864242,1.1609319838506686
2008-05-22,1.1786520348864242,1.1615384102888742
2008-05-23,1.1786520348864242,1.1619508211714509
2008-05-26,1.1786520348864242,1.1608134341758276
2008-05-27,1.1786520348864242,1.1610541943599975
2008-05-28,1.1786520348864242,1.1612760706704253
2008-05-29,1.1786520348864242,1.1603706893960846
2008-05-30,1.1786520348864242,1.15950711318015
2008-06-02,1.1786520348864242,1.1589205304382026
2008-06-03,1.1786520348864242,1.157727719816336
2008-06-04,1.1786520348864242,1.1577055318243286
2008-06-05,1.1786520348864242,1.1573535443034784
2008-06-06,1.1786520348864242,1.1571118723079454
2008-06-10,1.1786520348864242,1.1563578708595197
2008-06-11,1.1786520348864242,1.1561958415646811
2008-06-12,1.1786520348864242,1.1563853638956643
2008-06-13,1.1786520348864242,1.1561894753251518
2008-06-16,1.1786520348864242,1.1561660167510677
2008-06-17,1.1786520348864242,1.1567086375151585
2008-06-18,1.1786520348864242,1.1571870262555648
2008-06-19,1.1786520348864242,1.1582907162873133
2008-06-20,1.1786520348864242,1.1571550198129408
2008-06-23,1.1786520348864242,1.1574403512096023
2008-06-24,1.1786520348864242,1.1574544998079324
2008-06-25,1.1786520348864242,1.1572870497893732
2008-06-26,1.1786520348864242,1.1567533516820676
2008-06-27,1.1786520348864242,1.1561094938220025
2008-06-30,1.1786520348864242,1.1555665742000043
2008-07-01,1.1786520348864242,1.156013376951221
2008-07-02,1.1786520348864242,1.1558030440714129
2008-07-03,1.1786520348864242,1.1550306416536487
2008-07-04,1.1786520348864242,1.1549272805725646
2008-07-07,1.1786520348864242,1.1540009086542147
2008-07-09,1.1786520348864242,1.153156790826128
2008-07-10,1.1786520348864242,1.1529687574350305
2008-07-11,1.1786520348864242,1.15240191304437
2008-07-14,1.1786520348864242,1.152429918334511
2008-07-15,1.1786520348864242,1.1526078097967336
2008-07-16,1.1786520348864242,1.1522550197262789
2008-07-17,1.1786520348864242,1.1524334994180672
2008-07-18,1.1786520348864242,1.1529282807084562
2008-07-21,1.1786520348864242,1.1524307408059689
2008-07-22,1.1786520348864242,1.1515113848346343
2008-07-23,1.1786520348864242,1.1512295646931598
2008-07-24,1.1786520348864242,1.1511872101050709
2008-07-25,1.1786520348864242,1.1501082411798
2008-07-28,1.1786520348864242,1.149754442332596
2008-07-29,1.1786520348864242,1.1486474700176932
2008-07-30,1.1786520348864242,1.148524669483505
2008-07-31,1.1786520348864242,1.1493921046664435
2008-08-01,1.1786520348864242,1.148666253123205
2008-08-04,1.1786520348864242,1.1485748562910354
2008-08-05,1.1786520348864242,1.1481020417406718
2008-08-07,1.1786520348864242,1.1477375157985685
2008-08-08,1.1786520348864242,1.1483012168536004
2008-08-11,1.1786520348864242,1.1481083967672088
2008-08-12,1.1786520348864242,1.1483060546689265
2008-08-13,1.1786520348864242,1.1484107299994597
2008-08-14,1.1786520348864242,1.1476187257423598
2008-08-15,1.1786520348864242,1.1467602419431149
2008-08-18,1.1786520348864242,1.146306936829177
2008-08-19,1.1786520348864242,1.1466445773805374
2008-08-20,1.1786520348864242,1.1463809228199622
2008-08-21,1.1786520348864242,1.1455473569364925
2008-08-22,1.1786520348864242,1.1456993323328466
2008-08-25,1.1786520348864242,1.1456023199338006
2008-08-26,1.1786520348864242,1.1452643920553542
2008-08-27,1.1786520348864242,1.1453685960738957
2008-08-28,1.1786520348864242,1.1448448686259545
2008-08-29,1.1786520348864242,1.1447257993742552
2008-09-01,1.1786520348864242,1.1444571856130865
2008-09-02,1.1786520348864242,1.144851489227884
2008-09-03,1.1786520348864242,1.1451263051384477
2008-09-05,1.1786520348864242,1.144379410195554
2008-09-08,1.1786520348864242,1.1432395833226467
2008-09-09,1.1786520348864242,1.1434467902666938
2008-09-10,1.1786520348864242,1.1432497301776483
2008-09-11,1.1786520348864242,1.1425044079319677
2008-09-12,1.1786520348864242,1.1434197311000902
2008-09-15,1.1786520348864242,1.1442495922209428
2008-09-16,1.1786520348864242,1.1447992538618827
2008-09-17,1.1786520348864242,1.1443298947303322
2008-09-18,1.1786520348864242,1.1440942494331514
2008-09-19,1.1786520348864242,1.1425543127300315
2008-09-22,1.1786520348864242,1.1427882250510462
2008-09-23,1.1786520348864242,1.1422533967427344
2008-09-24,1.1786520348864242,1.141158945605886
2008-09-25,1.1786520348864242,1.140291774640686
2008-09-26,1.1786520348864242,1.1391455886710777
2008-09-29,1.1786520348864242,1.1388071459540894
2008-09-30,1.1786520348864242,1.13824764598059
2008-10-01,1.1786520348864242,1.138520457379916
2008-10-02,1.1786520348864242,1.137706890779602
2008-10-06,1.1786520348864242,1.1388023538253573
2008-10-07,1.1786520348864242,1.1384328887889372
2008-10-08,1.1786520348864242,1.1384221811499249
2008-10-09,1.1786520348864242,1.1381343939532103
2008-10-10,1.1786520348864242,1.1377721636331406
2008-10-13,1.1786520348864242,1.1370910462876955
2008-10-14,1.1786520348864242,1.1365542024881519
2008-10-15,1.1786520348864242,1.1358149822589727
2008-10-16,1.1786520348864242,1.1363917326664055
2008-10-17,1.1786520348864242,1.1368803515528827
2008-10-20,1.1786520348864242,1.1373081045057103
2008-10-21,1.1786520348864242,1.1375141822652797
2008-10-22,1.1786520348864242,1.1371836512516675
2008-10-23,1.1786520348864242,1.1372429434970543
2008-10-24,1.1786520348864242,1.1358876495951449
2008-10-27,1.1786520348864242,1.1352311444220613
2008-10-28,1.1786520348864242,1.1355754627183403
2008-10-29,1.1786520348864242,1.1343539251062247
2008-10-30,1.1786520348864242,1.1340081357292857
2008-10-31,1.1786520348864242,1.1336997457895277
2008-11-04,1.1786520348864242,1.1339310054780516
2008-11-05,1.1786520348864242,1.1337167453835115
2008-11-06,1.1786520348864242,1.1330465428203653
2008-11-07,1.1786520348864242,1.131999644103144
2008-11-10,1.1786520348864242,1.1309418053665197
2008-11-11,1.1786520348864242,1.1312468286921198
2008-11-12,1.1786520348864242,1.1317680364163345
2008-11-13,1.1786520348864242,1.1315276034799309
2008-11-14,1.1786520348864242,1.1325402023659492
2008-11-17,1.1786520348864242,1.1321774294533484
2008-11-18,1.1786520348864242,1.132004507210184
2008-11-19,1.1786520348864242,1.1322850538857412
2008-11-20,1.1786520348864242,1.1327938921504874
2008-11-21,1.1786520348864242,1.132154705379316
2008-11-24,1.1786520348864242,1.1318781044742432
2008-11-25,1.1786520348864242,1.1321661742396893
2008-11-26,1.1786520348864242,1.1334214014377202
2008-11-27,1.1786520348864242,1.1328752332478955
2008-11-28,1.1786520348864242,1.1312793447406533
2008-12-01,1.1786520348864242,1.1303763892445982
2008-12-03,1.1786520348864242,1.130753766530176
2008-12-04,1.1786520348864242,1.1302650990240837
2008-12-05,1.1786520348864242,1.1305841605544646
2008-12-08,1.1786520348864242,1.1297888763500739
2008-12-09,1.1786520348864242,1.129012650780687
2008-12-10,1.1786520348864242,1.1283428842341194
2008-12-11,1.1786520348864242,1.1282949974787593
2008-12-12,1.1786520348864242,1.128414966366346
2008-12-15,1.1786520348864242,1.1289876737828706
2008-12-16,1.1786520348864242,1.1288667433775403
2008-12-17,1.1786520348864242,1.1288082885013901
2008-12-18,1.1786520348864242,1.1282929792047154
2008-12-19,1.1786520348864242,1.127497768514041
2008-12-22,1.1786520348864242,1.1282320134859145
2008-12-23,1.1786520348864242,1.1269145586015044
2008-12-24,1.1786520348864242,1.1268316164862386
2008-12-25,1.1786520348864242,1.1265998339770376
2008-12-26,1.1786520348864242,1.1267759602998977
2008-12-29,1.1786520348864242,1.1272619569732263
2008-12-30,1.1786520348864242,1.1262720000583664
2009-01-01,1.1786520348864242,1.1252155622347753
2009-01-02,1.1786520348864242,1.1251417710454166
2009-01-05,1.1786520348864242,1.12477681628816
2009-01-06,1.1786520348864242,1.1249463208899437
2009-01-07,1.1786520348864242,1.1248527611978871
2009-01-08,1.1786520348864242,1.1242458763013206
2009-01-09,1.1786520348864242,1.1242723163709485
2009-01-12,1.1786520348864242,1.1234585201667169
2009-01-13,1.1786520348864242,1.1235970479436466
2009-01-14,1.1786520348864242,1.1236271856409485
2009-01-15,1.1786520348864242,1.1235751352406103
2009-01-16,1.1786520348864242,1.1239031542744642
2009-01-19,1.1786520348864242,1.1226729106400943
2009-01-20,1.1786520348864242,1.1225361012547048
2009-01-21,1.1786520348864242,1.1229362276997137
2009-01-22,1.1786520348864242,1.1229414635941428
2009-01-23,1.1786520348864242,1.1218793922436199
2009-01-26,1.1786520348864242,1.1221695063728543
2009-01-27,1.1786520348864242,1.121773784539469
2009-01-28,1.1786520348864242,1.121559799901692
2009-01-30,1.1786520348864242,1.1206271340139247
2009-02-02,1.1786520348864242,1.1202849483846902
2009-02-03,1.1786520348864242,1.1206576525945136
2009-02-04,1.1786520348864242,1.120154790363443
2009-02-05,1.1786520348864242,1.1203338773570377
2009-02-06,1.1786520348864242,1.1212729752191444
2009-02-09,1.1786520348864242,1.1210672191276068
2009-02-10,1.1786520348864242,1.1204655190535309
2009-02-11,1.1786520348864242,1.1211665727899742
2009-02-12,1.1786520348864242,1.121029488274572
2009-02-13,1.1786520348864242,1.1205696195752703
2009-02-16,1.1786520348864242,1.118423579412951
2009-02-17,1.1786520348864242,1.1182346908689555
2009-02-18,1.1786520348864242,1.1180885574423831
2009-02-19,1.1786520348864242,1.1183741077637466
2009-02-20,1.1786520348864242,1.1180267493531475
2009-02-23,1.1786520348864242,1.1181110373879277
2009-02-24,1.1786520348864242,1.1181507966873656
2009-02-25,1.1786520348864242,1.1181039929133931
2009-02-26,1.1786520348864242,1.1181117312102797
2009-03-02,1.1786520348864242,1.1164912490699566
2009-03-03,1.1786520348864242,1.116243422855759
2009-03-04,1.1786520348864242,1.1161771670352187
2009-03-05,1.1786520348864242,1.1161531285787105
2009-03-06,1.1786520348864242,1.1165140131008298
2009-03-09,1.1786520348864242,1.1155754886931346
2009-03-10,1.1786520348864242,1.115143585214932
2009-03-11,1.1786520348864242,1.1151445143089165
2009-03-12,1.1786520348864242,1.1133885777722565
2009-03-13,1.1786520348864242,1.1131892469462308
2009-03-16,1.1786520348864242,1.1135219265023948
2009-03-17,1.1786520348864242,1.1135653469847162
2009-03-18,1.1786520348864242,1.1128738665600553
2009-03-19,1.1786520348864242,1.1129874810153266
2009-03-20,1.1786520348864242,1.1137164629507954
2009-03-23,1.1786520348864242,1.1130420058433448
2009-03-24,1.1786520348864242,1.1130953350138681
2009-03-25,1.1786520348864242,1.1122434772248233
2009-03-26,1.1786520348864242,1.1117005258912025
2009-03-27,1.1786520348864242,1.1117784481659372
2009-03-31,1.1786520348864242,1.1110793250396391
2009-04-01,1.1786520348864242,1.1103635580691615
2009-04-02,1.1786520348864242,1.1101612159223502
2009-04-03,1.1786520348864242,1.110935284492636
2009-04-06,1.1786520348864242,1.1110749751831706
2009-04-07,1.1786520348864242,1.1104474404797378
2009-04-08,1.1786520348864242,1.1107053589154896
2009-04-09,1.1786520348864242,1.110513665461666
2009-04-10,1.1786520348864242,1.1104483447715285
2009-04-13,1.1786520348864242,1.1099721338364679
2009-04-14,1.1786520348864242,1.1088390527183545
2009-04-15,1.1786520348864242,1.1092745555818448
2009-04-16,1.1786520348864242,1.1094316048264763
2009-04-17,1.1786520348864242,1.1084048364537973
2009-04-20,1.1786520348864242,1.1083209957848836
2009-04-21,1.1786520348864242,1.1083372900282897
2009-04-22,1.1786520348864242,1.1086825164953196
2009-04-23,1.1786520348864242,1.1087660229768384
2009-04-24,1.1786520348864242,1.1086621210997305
2009-04-27,1.1786520348864242,1.10788801221072
2009-04-29,1.1786520348864242,1.1059785093259304
2009-04-30,1.1786520348864242,1.105656274233695
2009-05-01,1.1786520348864242,1.1056350372505477
2009-05-04,1.1786520348864242,1.1055448476118717
2009-05-05,1.1786520348864242,1.1060107859104762
2009-05-06,1.1786520348864242,1.1059444658914366
2009-05-07,1.1786520348864242,1.1060636718508678
2009-05-08,1.1786520348864242,1.1058600187367595
2009-05-11,1.1786520348864242,1.1053568506268763
2009-05-12,1.1786520348864242,1.1058230002557097
2009-05-13,1.1786520348864242,1.1051068991394444
2009-05-14,1.1786520348864242,1.1042896851104271
2009-05-15,1.1786520348864242,1.1045065620820051
2009-05-18,1.1786520348864242,1.1053787129428572
2009-05-19,1.1786520348864242,1.1054596909083347
2009-05-20,1.1786520348864242,1.1047990552825875
2009-05-21,1.1786520348864242,1.1049312812969354
2009-05-22,1.1786520348864242,1.105407059846465
2009-05-25,1.1786520348864242,1.1056525118178056
2009-05-26,1.1786520348864242,1.1052074588643015
2009-05-28,1.1786520348864242,1.104839956066827
2009-05-29,1.1786520348864242,1.1052534342337772
2009-06-01,1.1786520348864242,1.1052102896064981
2009-06-02,1.1786520348864242,1.1051975871049058
2009-06-03,1.1786520348864242,1.1036325567366938
2009-06-04,1.1786520348864242,1.1040440256155541
2009-06-05,1.1786520348864242,1.1037243673431125
2009-06-08,1.1786520348864242,1.1026618859229687
2009-06-09,1.1786520348864242,1.1024118600096755
2009-06-10,1.1786520348864242,1.102809536876791
2009-06-11,1.1786520348864242,1.1026919882410002
2009-06-12,1.1786520348864242,1.1027502630295722
2009-06-15,1.1786520348864242,1.1029303814684555
2009-06-16,1.1786520348864242,1.1026725516979194
2009-06-17,1.1786520348864242,1.1031757002395717
2009-06-18,1.1786520348864242,1.1024447534443418
2009-06-19,1.1786520348864242,1.102515825037071
2009-06-22,1.1786520348864242,1.1025453384207653
2009-06-23,1.1786520348864242,1.102479314454693
2009-06-24,1.1786520348864242,1.1026448649404816
2009-06-26,1.1786520348864242,1.1025409187702289
2009-06-29,1.1786520348864242,1.102219634984068
2009-06-30,1.1786520348864242,1.1024537353744928
2009-07-01,1.1786520348864242,1.1022071046621724
2009-07-02,1.1786520348864242,1.1012582324184086
2009-07-03,1.1786520348864242,1.101740127505703
2009-07-06,1.1786520348864242,1.1019774798604398
2009-07-07,1.1786520348864242,1.1017426372091224
2009-07-08,1.1786520348864242,1.101801472099124
2009-07-09,1.1786520348864242,1.1012339238117284
2009-07-10,1.1786520348864242,1.1009155211694241
2009-07-13,1.1786520348864242,1.10032269584532
2009-07-14,1.1786520348864242,1.0999258035836683
2009-07-15,1.1786520348864242,1.09982349590011
2009-07-16,1.1786520348864242,1.0996588033045214
2009-07-17,1.1786520348864242,1.0992539062092568
2009-07-20,1.1786520348864242,1.0979671211692743
2009-07-21,1.1786520348864242,1.0982441736078026
2009-07-22,1.1786520348864242,1.0985609672595498
2009-07-23,1.1786520348864242,1.0977118547032765
2009-07-27,1.1786520348864242,1.0987256973414
2009-07-28,1.1786520348864242,1.0982128810276048
2009-07-29,1.1786520348864242,1.098212988050493
2009-07-30,1.1786520348864242,1.0980589318560905
2009-07-31,1.1786520348864242,1.0976595295709863
2009-08-03,1.1786520348864242,1.0971989836274227
2009-08-04,1.1786520348864242,1.0962980318303686
2009-08-05,1.1786520348864242,1.0963681126446674
2009-08-06,1.1786520348864242,1.096098460003944
2009-08-07,1.1786520348864242,1.0960770766945556
2009-08-10,1.1786520348864242,1.096025061442752
2009-08-11,1.1786520348864242,1.0954808359442052
2009-08-12,1.1786520348864242,1.095802061658143
2009-08-13,1.1786520348864242,1.0952446069058313
2009-08-14,1.1786520348864242,1.095479247646046
2009-08-17,1.1786520348864242,1.0949014099029573
2009-08-18,1.1786520348864242,1.0946054713261986
2009-08-19,1.1786520348864242,1.0936276198524941
2009-08-20,1.1786520348864242,1.0938530635451797
2009-08-21,1.1786520348864242,1.093808304700623
2009-08-25,1.1786520348864242,1.0931667162365795
2009-08-26,1.1786520348864242,1.0930417008771827
2009-08-27,1.1786520348864242,1.0938752906677613
2009-08-28,1.1786520348864242,1.0938432830541465
2009-08-31,1.1786520348864242,1.0942575626848652
2009-09-01,1.1786520348864242,1.0935847190692396
2009-09-02,1.1786520348864242,1.0924834507219892
2009-09-03,1.1786520348864242,1.092155004331904
2009-09-04,1.1786520348864242,1.091903800640593
2009-09-07,1.1786520348864242,1.0915848091073428
2009-09-08,1.1786520348864242,1.091282071747126
2009-09-09,1.1786520348864242,1.091738235214905
2009-09-10,1.1786520348864242,1.0913073798295148
2009-09-11,1.1786520348864242,1.090579373456582
2009-09-14,1.1786520348864242,1.0902229658399945
2009-09-15,1.1786520348864242,1.0899399261812863
2009-09-16,1.1786520348864242,1.089378234852619
2009-09-17,1.1786520348864242,1.090533790056357
2009-09-18,1.1786520348864242,1.0900375797344055
2009-09-21,1.1786520348864242,1.0897338464284145
2009-09-23,1.1786520348864242,1.0899042170808915
2009-09-24,1.1786520348864242,1.089210208386887
2009-09-25,1.1786520348864242,1.0895667520644883
2009-09-28,1.1786520348864242,1.0886161826958256
2009-09-29,1.1786520348864242,1.0877432244620497
2009-09-30,1.1786520348864242,1.0869658143814631
2009-10-01,1.1786520348864242,1.086264864200006
2009-10-02,1.1786520348864242,1.0854946272968418
2009-10-05,1.1786520348864242,1.0854240548810723
2009-10-06,1.1786520348864242,1.086007303992679
2009-10-07,1.1786520348864242,1.0864004071480708
2009-10-08,1.1786520348864242,1.0870961065453322
2009-10-09,1.1786520348864242,1.085884372107614
2009-10-12,1.1786520348864242,1.085665823698952
2009-10-13,1.1786520348864242,1.085353659462149
2009-10-14,1.1786520348864242,1.0850281616683852
2009-10-15,1.1786520348864242,1.084638521656896
2009-10-16,1.1786520348864242,1.0838937438104657
2009-10-19,1.1786520348864242,1.0841289214390466
2009-10-20,1.1786520348864242,1.084060031230522
2009-10-22,1.1786520348864242,1.085225149227554
2009-10-23,1.1786520348864242,1.085466775278961
2009-10-26,1.1786520348864242,1.0853390498329114
2009-10-27,1.1786520348864242,1.0853825544602038
2009-10-28,1.1786520348864242,1.085045745772723
2009-10-29,1.1786520348864242,1.0854776215742064
2009-10-30,1.1786520348864242,1.0853344064520174
2009-11-02,1.1786520348864242,1.0856958637809957
2009-11-03,1.1786520348864242,1.0853418072191383
2009-11-04,1.1786520348864242,1.0846691425880362
2009-11-05,1.1786520348864242,1.0848839658029577
2009-11-06,1.1786520348864242,1.0845348262180257
2009-11-09,1.1786520348864242,1.0845313071431686
2009-11-10,1.1786520348864242,1.0838727432916522
2009-11-11,1.1786520348864242,1.0826479474385204
2009-11-12,1.1786520348864242,1.0831723322810405
2009-11-13,1.1786520348864242,1.0829978846174793
2009-11-16,1.1786520348864242,1.0829138261302185
2009-11-17,1.1786520348864242,1.0821385622194075
2009-11-18,1.1786520348864242,1.0816875445077943
2009-11-20,1.1786520348864242,1.0812013727103114
2009-11-23,1.1786520348864242,1.0813707878579828
2009-11-24,1.1786520348864242,1.0802836572471426
2009-11-25,1.1786520348864242,1.080163818857361
2009-11-26,1.1786520348864242,1.0794378274348315
2009-11-27,1.1786520348864242,1.0793939070766745
2009-11-30,1.1786520348864242,1.0796940764443343
2009-12-01,1.1786520348864242,1.0803218096912124
2009-12-02,1.1786520348864242,1.0807794648307478
2009-12-03,1.1786520348864242,1.0812464738691745
2009-12-04,1.1786520348864242,1.0807921682563453
2009-12-07,1.1786520348864242,1.0800574889123995
2009-12-08,1.1786520348864242,1.0799152015824511
2009-12-09,1.1786520348864242,1.07889406486562
2009-12-10,1.1786520348864242,1.0785891911453616
2009-12-11,1.1786520348864242,1.0782980542219034
2009-12-14,1.1786520348864242,1.0769294126883504
2009-12-15,1.1786520348864242,1.0766973492097016
2009-12-16,1.1786520348864242,1.076991298864998
2009-12-17,1.1786520348864242,1.0774326208527125
2009-12-21,1.1786520348864242,1.077626547964816
2009-12-22,1.1786520348864242,1.077554609927274
2009-12-23,1.1786520348864242,1.0775037335909623
2009-12-24,1.1786520348864242,1.0773613222503267
2009-12-25,1.1786520348864242,1.077095821382208
2009-12-28,1.1786520348864242,1.0767647441838266
2009-12-29,1.1786520348864242,1.0764651292420346
2009-12-30,1.1786520348864242,1.0760785171234177
2009-12-31,1.1786520348864242,1.075212876848183
2010-01-01,1.1786520348864242,1.0754799725345483
2010-01-04,1.1786520348864242,1.074604629272782
2010-01-05,1.1786520348864242,1.0742555576745687
2010-01-06,1.1786520348864242,1.0736733637772693
2010-01-07,1.1786520348864242,1.0734564641988174
2010-01-08,1.1786520348864242,1.0730296002959698
2010-01-11,1.1786520348864242,1.0723573066223948
2010-01-12,1.1786520348864242,1.0723115216179948
2010-01-13,1.1786520348864242,1.0723289664844575
2010-01-14,1.1786520348864242,1.0718280993282137
2010-01-15,1.1786520348864242,1.0726224151369734
2010-01-19,1.1786520348864242,1.0722730226445263
2010-01-20,1.1786520348864242,1.0721951772521412
2010-01-21,1.1786520348864242,1.0720686788339198
2010-01-22,1.1786520348864242,1.0726009355337072
2010-01-25,1.1786520348864242,1.0725080490624317
2010-01-26,1.1786520348864242,1.0725349593987905
2010-01-27,1.1786520348864242,1.0723481426322108
2010-01-28,1.1786520348864242,1.0722453343615967
2010-01-29,1.1786520348864242,1.0711391690339065
2010-02-01,1.1786520348864242,1.0713696706197928
2010-02-02,1.1786520348864242,1.0707851336618022
2010-02-03,1.1786520348864242,1.0705285379510627
2010-02-04,1.1786520348864242,1.0706031732542252
2010-02-05,1.1786520348864242,1.0693827175179031
2010-02-08,1.1786520348864242,1.0696066795059642
2010-02-09,1.1786520348864242,1.0684926003318485
2010-02-10,1.1786520348864242,1.0682274040999782
2010-02-11,1.1786520348864242,1.067853492261158
2010-02-12,1.1786520348864242,1.067015760609663
2010-02-15,1.1786520348864242,1.0666573722443933
2010-02-17,1.1786520348864242,1.066184477949181
2010-02-18,1.1786520348864242,1.065653707963728
2010-02-19,1.1786520348864242,1.065243146579938
2010-02-22,1.1786520348864242,1.0649814276640368
2010-02-23,1.1786520348864242,1.0656221255080893
2010-02-24,1.1786520348864242,1.0654615919744486
2010-02-25,1.1786520348864242,1.0656386543888416
2010-02-26,1.1786520348864242,1.064624117843625
2010-03-01,1.1786520348864242,1.0639147498069026
2010-03-02,1.1786520348864242,1.0642593473109028
2010-03-03,1.1786520348864242,1.064321731164136
2010-03-04,1.1786520348864242,1.0648492083084673
2010-03-05,1.1786520348864242,1.0644565456508173
2010-03-08,1.1786520348864242,1.064078323438023
2010-03-09,1.1786520348864242,1.0633399039019593
2010-03-10,1.1786520348864242,1.0627697933175937
2010-03-11,1.1786520348864242,1.0621752798921293
2010-03-12,1.1786520348864242,1.0623368313733133
2010-03-15,1.1786520348864242,1.0622096410440176
2010-03-16,1.1786520348864242,1.062807450141103
2010-03-18,1.1786520348864242,1.0623770693996681
2010-03-19,1.1786520348864242,1.0611532149013772
2010-03-22,1.1786520348864242,1.0612755775466989
2010-03-23,1.1786520348864242,1.0613053515530249
2010-03-24,1.1786520348864242,1.0612617146196563
2010-03-25,1.1786520348864242,1.0607021652213051
2010-03-26,1.1786520348864242,1.0609607625901292
2010-03-29,1.1786520348864242,1.0601613374734746
2010-03-30,1.1786520348864242,1.0601849683753684
2010-03-31,1.1786520348864242,1.0598014704635506
2010-04-01,1.1786520348864242,1.058891648049368
2010-04-02,1.1786520348864242,1.0585808841161513
2010-04-05,1.1786520348864242,1.0583187545952286
2010-04-06,1.1786520348864242,1.0580998200119067
2010-04-07,1.1786520348864242,1.0580150174442002
2010-04-08,1.1786520348864242,1.058065282983652
2010-04-09,1.1786520348864242,1.057536771023388
2010-04-12,1.1786520348864242,1.0567062720175828
2010-04-13,1.1786520348864242,1.0563853309603117
2010-04-14,1.1786520348864242,1.0562949513846427
2010-04-16,1.1786520348864242,1.0555028785594471
2010-04-19,1.1786520348864242,1.055172996979218
2010-04-20,1.1786520348864242,1.055038356201908
2010-04-21,1.1786520348864242,1.0552049243122952
2010-04-22,1.1786520348864242,1.0546942135156006
2010-04-23,1.1786520348864242,1.055196960077115
2010-04-26,1.1786520348864242,1.0552596036478703
2010-04-27,1.1786520348864242,1.0554334002818537
2010-04-28,1.1786520348864242,1.055384993076208
2010-04-29,1.1786520348864242,1.0542576391297729
2010-04-30,1.1786520348864242,1.05294270059805
2010-05-03,1.1786520348864242,1.052637131763736
2010-05-04,1.1786520348864242,1.0522396930619955
2010-05-05,1.1786520348864242,1.0530220907757966
2010-05-06,1.1786520348864242,1.0530077303746663
2010-05-07,1.1786520348864242,1.0532340213307276
2010-05-10,1.1786520348864242,1.0532285411962452
2010-05-11,1.1786520348864242,1.052839471774175
2010-05-12,1.1786520348864242,1.0530410082383996
2010-05-13,1.1786520348864242,1.054062006536094
2010-05-17,1.1786520348864242,1.0533840771973264
2010-05-18,1.1786520348864242,1.0529091461680027
2010-05-19,1.1786520348864242,1.0517376806134497
2010-05-20,1.1786520348864242,1.0516042313569127
2010-05-21,1.1786520348864242,1.0523917798004332
2010-05-24,1.1786520348864242,1.0518847721673343
2010-05-25,1.1786520348864242,1.0508400015039148
2010-05-26,1.1786520348864242,1.0497661617958869
2010-05-27,1.1786520348864242,1.050130820015031
2010-05-28,1.1786520348864242,1.049449930347664
2010-05-31,1.1786520348864242,1.0494414153195457
2010-06-01,1.1786520348864242,1.0491920572685236
2010-06-02,1.1786520348864242,1.0479771166069227
2010-06-03,1.1786520348864242,1.048113654036079
2010-06-04,1.1786520348864242,1.0476717884167301
2010-06-07,1.1786520348864242,1.0476187898048552
2010-06-08,1.1786520348864242,1.046748095916772
2010-06-09,1.1786520348864242,1.0463798958333455
2010-06-10,1.1786520348864242,1.0460327385192083
2010-06-11,1.1786520348864242,1.0463767926850878
2010-06-15,1.1786520348864242,1.0460353814317727
2010-06-16,1.1786520348864242,1.045604848023734
2010-06-17,1.1786520348864242,1.0455827989001545
2010-06-18,1.1786520348864242,1.0453735267767366
2010-06-21,1.1786520348864242,1.0452546837065009
2010-06-22,1.1786520348864242,1.0446657193228235
2010-06-23,1.1786520348864242,1.0445371950823514
2010-06-24,1.1786520348864242,1.0455047641707507
2010-06-25,1.1786520348864242,1.044751904442314
2010-06-28,1.1786520348864242,1.0448971431241323
2010-06-29,1.1786520348864242,1.0452375646801124
2010-06-30,1.1786520348864242,1.0454244084602393
2010-07-01,1.1786520348864242,1.044398130254512
2010-07-02,1.1786520348864242,1.0443638412393328
2010-07-05,1.1786520348864242,1.0428277493542937
2010-07-06,1.1786520348864242,1.0421605293985932
2010-07-07,1.1786520348864242,1.042002256193476
2010-07-08,1.1786520348864242,1.0422037695088813
2010-07-09,1.1786520348864242,1.0417962200610584
2010-07-12,1.1786520348864242,1.041252011146793
2010-07-14,1.1786520348864242,1.0407750202214936
2010-07-15,1.1786520348864242,1.0409470518247301
2010-07-16,1.1786520348864242,1.0411279650331842
2010-07-19,1.1786520348864242,1.040725745967259
2010-07-20,1.1786520348864242,1.040430316603774
2010-07-21,1.1786520348864242,1.039972333823377
2010-07-22,1.1786520348864242,1.0397335944463282
2010-07-23,1.1786520348864242,1.0409312947941884
2010-07-26,1.1786520348864242,1.0401706347847115
2010-07-27,1.1786520348864242,1.0401457615135974
2010-07-28,1.1786520348864242,1.040375528741029
2010-07-29,1.1786520348864242,1.040484201708995
2010-07-30,1.1786520348864242,1.0396558299146132
2010-08-02,1.1786520348864242,1.0394299064617711
2010-08-03,1.1786520348864242,1.039719331427288
2010-08-04,1.1786520348864242,1.0397480312364662
2010-08-05,1.1786520348864242,1.0399862228502148
2010-08-06,1.1786520348864242,1.0408591013181363
2010-08-09,1.1786520348864242,1.0408147701833106
2010-08-10,1.1786520348864242,1.0400450906028302
2010-08-12,1.1786520348864242,1.0391908047241682
2010-08-13,1.1786520348864242,1.0388130138501577
2010-08-16,1.1786520348864242,1.0382641513049682
2010-08-17,1.1786520348864242,1.0382464590647973
2010-08-18,1.1786520348864242,1.0378471643563896
2010-08-19,1.1786520348864242,1.0374535303821444
2010-08-20,1.1786520348864242,1.0368741729796733
2010-08-23,1.1786520348864242,1.0365112922104995
2010-08-24,1.1786520348864242,1.0361575504828737
2010-08-25,1.1786520348864242,1.036352832725804
2010-08-26,1.1786520348864242,1.0356581188576786
2010-08-27,1.1786520348864242,1.0357657856202929
2010-08-30,1.1786520348864242,1.0362533159660356
2010-08-31,1.1786520348864242,1.0363289097648014
2010-09-01,1.1786520348864242,1.0365753194645637
2010-09-02,1.1786520348864242,1.0369335330391367
2010-09-03,1.1786520348864242,1.0365903452318022
2010-09-06,1.1786520348864242,1.0368387419248049
2010-09-07,1.1786520348864242,1.0365741173124816
2010-09-08,1.1786520348864242,1.0370811596507334
2010-09-10,1.1786520348864242,1.0366848422216124
2010-09-13,1.1786520348864242,1.0365031997517757
2010-09-14,1.1786520348864242,1.0362705484331538
2010-09-15,1.1786520348864242,1.0358214056665513
2010-09-16,1.1786520348864242,1.0363431496370301
2010-09-17,1.1786520348864242,1.036193875287607
2010-09-20,1.1786520348864242,1.0365608791311247
2010-09-21,1.1786520348864242,1.0367598473206223
2010-09-22,1.1786520348864242,1.0361515411407691
2010-09-23,1.1786520348864242,1.03581122946317
2010-09-24,1.1786520348864242,1.0357217033571062
2010-09-27,1.1786520348864242,1.0362602224999968
2010-09-28,1.1786520348864242,1.0359701520684417
2010-09-29,1.1786520348864242,1.036584140158469
2010-09-30,1.1786520348864242,1.036320465822873
2010-10-01,1.1786520348864242,1.0359137427348797
2010-10-04,1.1786520348864242,1.035363053002949
2010-10-05,1.1786520348864242,1.036049020433929
2010-10-06,1.1786520348864242,1.037075680737282
2010-10-07,1.1786520348864242,1.0367642420768861
2010-10-11,1.1786520348864242,1.035738262765067
2010-10-12,1.1786520348864242,1.0357555130143892
2010-10-13,1.1786520348864242,1.0361679801212387
2010-10-14,1.1786520348864242,1.0357692479010319
2010-10-15,1.1786520348864242,1.0364767922458067
2010-10-18,1.1786520348864242,1.0364292732404734
2010-10-19,1.1786520348864242,1.0365554505131631
2010-10-20,1.1786520348864242,1.0358843733011074
2010-10-21,1.1786520348864242,1.0349392335813439
2010-10-22,1.1786520348864242,1.0351278411724236
2010-10-25,1.1786520348864242,1.0353808752235303
2010-10-26,1.1786520348864242,1.035623966267146
2010-10-27,1.1786520348864242,1.036760156942474
2010-10-28,1.1786520348864242,1.0372661165929635
2010-10-29,1.1786520348864242,1.0376000940745294
2010-11-01,1.1786520348864242,1.037972095324503
2010-11-02,1.1786520348864242,1.037933605968375
2010-11-03,1.1786520348864242,1.0388511108027831
2010-11-04,1.1782894860907984,1.0385315642293176
2010-11-05,1.1782894860907984,1.0387610145627015
2010-11-09,1.1785716301342628,1.0389054668348996
2010-11-10,1.178547591330084,1.0388842767396698
2010-11-11,1.1783170385319162,1.0386810455093511
2010-11-12,1.1789094070488688,1.0392032156302906
2010-11-15,1.1792822292003011,1.0395318566406262
2010-11-16,1.1795387119476601,1.0397579450017975
2010-11-17,1.1801068974732885,1.0402587979272022
2010-11-18,1.1807460110406445,1.0408221735948984
2010-11-19,1.1812342549787218,1.0412525583788592
2010-11-22,1.1809640179572192,1.0410143456883432
2010-11-23,1.1811460373876803,1.041174794978434
2010-11-24,1.181369883124973,1.0413721139654646
2010-11-25,1.1807924483919046,1.040863107906277
2010-11-26,1.18141604825245,1.0414128083128313
2010-11-29,1.1816221846928694,1.0415945166361864
2010-11-30,1.1814412519592117,1.0414350252643256
2010-12-01,1.1813413447220256,1.0413469574946328
2010-12-02,1.1815692768513175,1.0415478786174006
2010-12-03,1.1830924270570955,1.0428905285125225
2010-12-06,1.1831084962089315,1.0429046933958974
2010-12-08,1.18322076423585,1.0424506757512702
2010-12-09,1.1832960070017657,1.0425169667381637
2010-12-10,1.1827150687648784,1.0420051438595277
2010-12-13,1.183103081488919,1.0423469939509071
2010-12-14,1.1837542339798013,1.042920677556414
2010-12-15,1.18416624669741,1.0432836723151873
2010-12-16,1.1848313334423997,1.0438696323893373
2010-12-17,1.1847363527120602,1.0437859517022512
2010-12-20,1.1841894212849418,1.043304089776715
2010-12-21,1.1849543869895545,1.0439780460153167
2010-12-22,1.1853967702311181,1.0443677980574109
2010-12-23,1.1856452258795496,1.0445866944514146
2010-12-24,1.1855358033367465,1.0444902901225392
2010-12-27,1.1868147287896589,1.0456170593129743
2010-12-28,1.188426673543454,1.0470372278467415
2010-12-29,1.1886323089317261,1.0472183983906855
2010-12-30,1.1893635953176287,1.0478626822049948
2010-12-31,1.1897464292959992,1.0481999696762052
2011-01-03,1.1900833016814187,1.0484967636950706
2011-01-04,1.1902094984968496,1.0486079466285518
2011-01-06,1.1903660686165618,1.0484203980108806
2011-01-07,1.1901413267227678,1.048222455552713
2011-01-10,1.1901173900773596,1.0482013732420126
2011-01-11,1.1910212101145885,1.0489974169029874
2011-01-12,1.190480812608317,1.0485214593101542
2011-01-13,1.1908342378910268,1.0488327402558522
2011-01-14,1.1907056280048949,1.0487194665062372
2011-01-17,1.1911283844288796,1.0490918111739667
2011-01-18,1.1913414561322073,1.0492794750581258
2011-01-19,1.191527639630324,1.0494434570316924
2011-01-20,1.1914718671796745,1.0493943351888833
2011-01-21,1.1921431074052182,1.0499855331094048
2011-01-24,1.1924849100804615,1.0502865773900405
2011-01-25,1.1918808276843262,1.0497545290371135
2011-01-26,1.1931771314188626,1.0508962545223546
2011-01-27,1.1930419963942502,1.050777233726967
2011-01-28,1.193269950069403,1.0509780049763604
2011-01-31,1.193128192967759,1.0508531517561244
2011-02-01,1.193946515650163,1.0515738932280183
2011-02-02,1.1938780422557658,1.0515135849705002
2011-02-04,1.1941160370309833,1.0523078342056853
2011-02-07,1.194408373179716,1.0525654537418048
2011-02-08,1.1954573425421462,1.0534898519105722
2011-02-09,1.1953519132876813,1.0533969429913488
2011-02-10,1.1955133074123323,1.053539170627942
2011-02-11,1.1956467097931605,1.0536567307025861
2011-02-14,1.196498229087932,1.0544071271440352
2011-02-15,1.1979013293259404,1.0556436010936718
2011-02-16,1.1978637666397924,1.0556104991942905
2011-02-17,1.1963828481297307,1.0543054483435934
2011-02-18,1.1958981538485367,1.0538783143185255
2011-02-21,1.1959362992509297,1.0539119297332191
2011-02-22,1.196379472558797,1.0543024736412796
2011-02-23,1.1964329096277784,1.054349564748494
2011-02-24,1.1963898743048427,1.0543116401196735
2011-02-25,1.1972511577210778,1.0550706411365505
2011-02-28,1.1970306871344225,1.0548763527103384
2011-03-01,1.1966949473806057,1.0545804839988904
2011-03-02,1.1969771574333874,1.054829179971664
2011-03-03,1.1966261508756377,1.0545198574777666
2011-03-07,1.1964822993005872,1.054586992506132
2011-03-08,1.1963184252948498,1.0544425529310864
2011-03-09,1.1963163643638615,1.054440736413605
2011-03-10,1.1972125775889686,1.055230664363448
2011-03-11,1.1976346099101673,1.0556026462946586
2011-03-14,1.1972404321057994,1.055255215509043
2011-03-15,1.1980451928123328,1.0559645366362227
2011-03-16,1.1989432505234878,1.056756090327621
2011-03-17,1.1989701197737364,1.0567797730530797
2011-03-18,1.1990891805694726,1.0568847139841526
2011-03-21,1.1993976732956475,1.0571566214051793
2011-03-22,1.1993708851875113,1.0571330101988867
2011-03-23,1.199507656101171,1.057253560938821
2011-03-24,1.1989989696653722,1.0568052015282627
2011-03-25,1.200116614603372,1.0577903007767377
2011-03-28,1.2008624543511088,1.0584476886017955
2011-03-29,1.201410172889542,1.0589304511520847
2011-03-30,1.2023131961382185,1.0597263814993547
2011-03-31,1.2027100032474207,1.0600761297707193
2011-04-01,1.2019821943071554,1.059434634412299
2011-04-05,1.2023501352992954,1.0601302297853052
2011-04-06,1.203016410465404,1.0607176946378551
2011-04-07,1.2039487359989622,1.0615397401078959
2011-04-08,1.2043014772071676,1.0618507573458291
2011-04-11,1.2042957317632457,1.061845691501358
2011-04-12,1.2034677940373637,1.061115686334129
2011-04-13,1.203716842231436,1.0613352758791856
2011-04-14,1.2048139587400688,1.062302620034812
2011-04-15,1.2051073382332107,1.0625612971541867
2011-04-18,1.2048961912413443,1.0623751256701621
2011-04-19,1.2044266188632855,1.0619610966295048
2011-04-20,1.2035020311593112,1.061145873720392
2011-04-21,1.2042915872230506,1.0618420371978239
2011-04-22,1.2050241528604313,1.0624879513576755
2011-04-25,1.2062584344193403,1.0635762360047598
2011-04-26,1.2064751468211603,1.063767314594593
2011-04-27,1.2063121692841139,1.0636236148446396
2011-04-28,1.2060629364918527,1.0634038625365783
2011-04-29,1.206548205094801,1.0638317311752117
2011-05-02,1.2073218223599218,1.0645138411737556
2011-05-04,1.2079335526376387,1.065026692035691
2011-05-05,1.2070747921429394,1.0642695288234238
2011-05-06,1.2081275816628505,1.0651977660905751
2011-05-09,1.2080849221014587,1.0651601534491733
2011-05-10,1.2071971543865743,1.0643774147706966
2011-05-11,1.2072177790566112,1.064395599400187
2011-05-12,1.207477485641181,1.0646245809067114
2011-05-13,1.207652708267372,1.064779073489134
2011-05-16,1.208012035439071,1.0650958897810547
2011-05-17,1.2074623646835978,1.064611248862577
2011-05-18,1.2087828515629164,1.0657755130473796
2011-05-19,1.2081924652159137,1.0652549734723358
2011-05-20,1.208600836582507,1.0656150316930344
2011-05-23,1.208856888582793,1.0658407909777718
2011-05-24,1.2093086995135,1.0662391495628991
2011-05-25,1.2094073336857798,1.0663261146331178
2011-05-26,1.2105770093856767,1.067357409639946
2011-05-27,1.2107671050000637,1.0675250156336027
2011-05-30,1.2095324078822245,1.0664363916905002
2011-05-31,1.2107513633258276,1.0675111363078715
2011-06-02,1.2111645065425005,1.068020782949396
2011-06-03,1.211141494560234,1.0680004906809346
2011-06-06,1.212085769462803,1.0688331647027653
2011-06-07,1.2126516854491445,1.0693321968586376
2011-06-08,1.2125883629956271,1.0692763582867353
2011-06-09,1.2120652973831514,1.0688151121538174
2011-06-10,1.2124039677319947,1.0691137561193393
2011-06-13,1.2121169461652201,1.0688606567287826
2011-06-14,1.213431057780692,1.070019457625653
2011-06-15,1.2138067059298958,1.070350709101616
2011-06-16,1.2137543108784128,1.0703045064564713
2011-06-17,1.21318202860057,1.0697998604210663
2011-06-20,1.213082871353209,1.069712422256895
2011-06-21,1.2132220900185107,1.0698351871060245
2011-06-22,1.2134647100324576,1.0700491326236277
2011-06-23,1.214466041567206,1.0709321199337387
2011-06-24,1.2146063546753674,1.0710558498769687
2011-06-27,1.2141949634683575,1.0706930797027805
2011-06-28,1.2145132916330188,1.0709737856628874
2011-06-29,1.2153726828390596,1.0717316081253005
2011-07-01,1.2157499045263376,1.0720360314197115
2011-07-04,1.2162888896435102,1.0725113030720939
2011-07-05,1.2150091143039472,1.0713828100563625
2011-07-06,1.2151604201184412,1.0715162300009555
2011-07-07,1.2159769237038167,1.0722362146458624
2011-07-08,1.2164324517974847,1.072637894734767
2011-07-11,1.216146354819082,1.072385617298276
2011-07-12,1.2163966681438507,1.072606341069092
2011-07-13,1.216906340386567,1.0730557649237615
2011-07-14,1.2163260537737866,1.0725440740281793
2011-07-15,1.2159103514385816,1.072177511892311
2011-07-18,1.2168755546203975,1.0730286183449582
2011-07-19,1.2179512308127178,1.0739771387865509
2011-07-20,1.2174860583338674,1.0735669543758461
2011-07-21,1.2181021798093181,1.074110244092716
2011-07-22,1.218290556642489,1.0742763528885235
2011-07-25,1.2194946244244869,1.0753380877418575
2011-07-26,1.2189627049938483,1.074869046540757
2011-07-27,1.2193007098143331,1.0751670957900348
2011-07-28,1.218877791774165,1.0747941709181432
2011-08-01,1.21927209527139,1.0751137016378653
2011-08-02,1.2196442019755083,1.0754418129902208
2011-08-03,1.2193544439955777,1.075186314012109
2011-08-04,1.2198219444552476,1.0755985404147819
2011-08-05,1.2197557218167767,1.0755401474881703
2011-08-08,1.2191950406147662,1.0750457573968444
2011-08-09,1.2202845621759377,1.0760064613801374
2011-08-10,1.2194607551474017,1.07528005566043
2011-08-11,1.2198702344670476,1.075641120945854
2011-08-12,1.2203690069065587,1.0760809219433487
2011-08-15,1.2215943656738792,1.077161402670561
2011-08-16,1.2216901849631667,1.0772458929424156
2011-08-17,1.2215666722660867,1.0771369835419036
2011-08-18,1.2219511140187111,1.0774759715309923
2011-08-19,1.2211475219391246,1.0767673906829258
2011-08-22,1.222493387441084,1.0779541302526492
2011-08-23,1.223182786896078,1.0785620198310626
2011-08-24,1.223864023147433,1.0791627113672049
2011-08-25,1.223663542126738,1.0789859338512562
2011-08-26,1.2233940721627823,1.0787483241728653
2011-08-30,1.2252507968444957,1.0809656725690926
2011-08-31,1.2251281489060715,1.0808574676109
2011-09-01,1.2250286890029656,1.0807697200727375
2011-09-02,1.2248613140711595,1.080622055156953
2011-09-05,1.224276171357073,1.0801058186532833
2011-09-06,1.2249329173655392,1.0806852264713211
2011-09-07,1.224416997540971,1.0802300611928393
2011-09-08,1.224220271732962,1.0800565017502224
2011-09-09,1.2254462808355375,1.0811381364306931
2011-09-12,1.2258310023626517,1.0814775532793741
2011-09-13,1.2264939564261126,1.0820624380939254
2011-09-14,1.2266121546441662,1.0821667173293308
2011-09-15,1.2263248962616446,1.081913286397914
2011-09-16,1.2272336235690215,1.0827150022813317
2011-09-19,1.2273429755582372,1.08281147701685
2011-09-20,1.227383935563598,1.082847613585671
2011-09-21,1.2280230359342141,1.0834114537102737
2011-09-22,1.228532535585053,1.0838609548525386
2011-09-23,1.2280251035270335,1.0834132778240537
2011-09-26,1.2284329929709377,1.0837731343433876
2011-09-28,1.22828908554894,1.083234215649249
2011-09-29,1.2294104949680167,1.0842231921587588
2011-09-30,1.229697339495792,1.0844761617655996
2011-10-03,1.2289845618630646,1.0838475596482287
2011-10-04,1.2293626329922245,1.0841809824457391
2011-10-05,1.229726460712602,1.0845018439106429
2011-10-06,1.2295661515587235,1.0843604664754722
2011-10-07,1.229358852125272,1.084177648080486
2011-10-10,1.229517820197342,1.0843178428089808
2011-10-11,1.2297593245061296,1.0845308266525915
2011-10-12,1.2291394920710852,1.0839841933644603
2011-10-13,1.2285710056344838,1.0834828423661456
2011-10-14,1.2281456168642082,1.0831076899070569
2011-10-17,1.2282931229290592,1.083237776234732
2011-10-18,1.228751772096954,1.0836422612028784
2011-10-19,1.2291805814517025,1.0840204302923209
2011-10-20,1.2290062456071416,1.0838666826493073
2011-10-21,1.2288399557565806,1.0837200308081714
2011-10-24,1.2285814859807187,1.083492085035292
2011-10-25,1.228593576239074,1.0835027474938945
2011-10-27,1.2286297211857085,1.0848234275669675
2011-10-28,1.2294765717179048,1.085571157563347
2011-10-31,1.2294437621141516,1.085542188195126
2011-11-01,1.2296457684644926,1.0857205504938627
2011-11-02,1.2291304114874202,1.0852655140311693
2011-11-03,1.228009092029062,1.0842754406207362
2011-11-04,1.228275796623612,1.0845109284877628
2011-11-07,1.2288119976657086,1.0849843692993613
2011-11-08,1.228707217456768,1.0848918532032226
2011-11-09,1.2288641443610484,1.085030412428385
2011-11-10,1.2294717563380704,1.0855669058048496
2011-11-11,1.2290547797036733,1.0851987346512937
2011-11-14,1.2293061945663133,1.0854207223896069
2011-11-15,1.230036149783973,1.0860652392098802
2011-11-16,1.2302432065077453,1.086248060755632
2011-11-17,1.2304330294291057,1.086415665648001
2011-11-18,1.2302118582057844,1.0862203816495553
2011-11-21,1.2307032535704403,1.086654261112655
2011-11-22,1.2315989775475993,1.0874451441088093
2011-11-23,1.2324301008684735,1.088178987702314
2011-11-25,1.2322240220902394,1.0879812508792357
2011-11-28,1.2320801841610738,1.087854250457809
2011-11-29,1.2315061855852423,1.0873474435157753
2011-11-30,1.231969744390023,1.0877567386433171
2011-12-01,1.2317953909001182,1.0876027947786941
2011-12-02,1.2328871236091634,1.0885667304731126
2011-12-05,1.2331476017528862,1.0887967173355286
2011-12-06,1.2329993641739494,1.0886658322824314
2011-12-07,1.2329952257714738,1.088662178316739
2011-12-08,1.233528047593536,1.0891326286099248
2011-12-09,1.2335111495296454,1.0891177086145671
2011-12-12,1.2339529251174925,1.089507770444281
2011-12-13,1.23452228938734,1.0900104855670263
2011-12-14,1.234446951210281,1.0899439663930397
2011-12-15,1.2345211337280064,1.0900094651878867
2011-12-16,1.2344955485557854,1.0899868749874215
2011-12-19,1.2347206738035883,1.0901856473245275
2011-12-20,1.2349964359780197,1.0904291290860453
2011-12-21,1.235785032457255,1.0911254133399928
2011-12-22,1.2356398948491654,1.0909972653786089
2011-12-26,1.2360098030851108,1.0914648111032397
2011-12-27,1.2363679925260684,1.0917811121305763
2011-12-28,1.2377368302081566,1.0929898712831188
2011-12-29,1.2371101672617062,1.092436493346499
2011-12-30,1.2374912655387929,1.0927730241393567
2012-01-02,1.2381205092839287,1.0933286810635237
2012-01-03,1.2376946326289398,1.092952608493848
2012-01-04,1.2376985769156157,1.092956091516475
2012-01-05,1.2369989242278145,1.0923382596135058
2012-01-06,1.237025056487437,1.0923613358397148
2012-01-09,1.2367716973568368,1.0921376057568857
2012-01-10,1.2377377746429354,1.0929907052711054
2012-01-11,1.2373343227706741,1.092634435021106
2012-01-12,1.2377065274911896,1.0929631123131105
2012-01-13,1.2381229065434503,1.0933307979758686
2012-01-16,1.2383740616673744,1.0935525817992713
2012-01-17,1.2392969887277958,1.0943675772848658
2012-01-18,1.2392115568500592,1.094292136226014
2012-01-19,1.2397077415657922,1.094730294690193
2012-01-20,1.2405293407211204,1.0954558120482547
2012-01-24,1.2398977277137315,1.095704958945212
2012-01-25,1.2402170107069133,1.0959871112156103
2012-01-26,1.2395474193825682,1.0953953894000503
2012-01-27,1.2398974056734853,1.095704674356341
2012-01-30,1.2408388305160547,1.0965366170605022
2012-01-31,1.241228249382481,1.0968807488171084
2012-02-01,1.2407203212920617,1.0964318897579937
2012-02-02,1.2408961053382257,1.0965872311597724
2012-02-03,1.24117387157396,1.0968326948259435
2012-02-06,1.2409212378553465,1.0966094409138711
2012-02-07,1.241347769323133,1.0969863692959092
2012-02-08,1.2401579416513127,1.0959349115416412
2012-02-09,1.239420936398854,1.0952836156388923
2012-02-10,1.2397824446618044,1.095603082630049
2012-02-13,1.2409746964779094,1.0966566826149657
2012-02-14,1.2413054681961178,1.0969489875396534
2012-02-15,1.2413848805072696,1.0970191646689325
2012-02-16,1.2419739613072842,1.0975397388577293
2012-02-17,1.2430790668374023,1.0985163271540406
2012-02-20,1.243094426012621,1.0985299001480677
2012-02-22,1.2433879390901699,1.098783397293907
2012-02-23,1.2438732807919042,1.0992122943316813
2012-02-24,1.2445626574404025,1.0998214972940379
2012-02-27,1.2454994205039025,1.1006493159249031
2012-02-28,1.245174554873646,1.1003622317819295
2012-02-29,1.2447028602740025,1.099945394704468
2012-03-01,1.2457199786301063,1.1008442234027642
2012-03-02,1.246534266087595,1.1015638101952565
2012-03-05,1.2477537060095334,1.1026414307013743
2012-03-06,1.2480264220661441,1.1028824302042315
2012-03-07,1.248171241621243,1.1030104074169287
2012-03-08,1.2490736998768248,1.1038079108483274
2012-03-09,1.249736627975535,1.10439374119585
2012-03-12,1.2500041153216004,1.1046301200809931
2012-03-13,1.249909581328095,1.1045465802787495
2012-03-14,1.2503808237302478,1.1049630177487522
2012-03-15,1.2507664877908462,1.1053038295367679
2012-03-16,1.2507500188717207,1.105289275933393
2012-03-19,1.2511346587939924,1.1056291826891542
2012-03-20,1.2514102427775609,1.1058727165824673
2012-03-22,1.2513228559133802,1.1047541329298656
2012-03-23,1.2522348591598513,1.1055593123054546
2012-03-26,1.2520585027836377,1.1054036127315439
2012-03-27,1.2518313656072155,1.1052030803643704
2012-03-28,1.25290865651357,1.1061541870875782
2012-03-29,1.2525150248075576,1.1058066618649594
2012-03-30,1.2515861322714281,1.1049865714594438
2012-04-02,1.2524535587508776,1.1057523953902193
2012-04-03,1.2532943098710276,1.1064946684737498
2012-04-04,1.2528476302159715,1.1061003088624894
2012-04-05,1.252775699346697,1.1060368033293324
2012-04-06,1.252822776024972,1.1060783658682432
2012-04-09,1.2526886479206862,1.105959948325679
2012-04-10,1.2530181032764567,1.1062508142394465
2012-04-11,1.253952589258247,1.107075842924625
2012-04-12,1.2537462164515096,1.1068936427753269
2012-04-13,1.2531145667616432,1.1063359788581804
2012-04-16,1.253915020909037,1.1070426749944935
2012-04-17,1.2543709874362101,1.107445233697063
2012-04-18,1.2556450480235215,1.1085700622677104
2012-04-20,1.2553935333078776,1.1080081671033848
2012-04-23,1.2557474917014209,1.1083205701709928
2012-04-24,1.2551380095027875,1.1077826422337582
2012-04-25,1.2554771553203676,1.108081971747371
2012-04-26,1.2556567296888204,1.1082404637752246
2012-04-27,1.2563636649325,1.108864403601923
2012-04-30,1.2567214911064477,1.1091802203658445
2012-05-01,1.2568536221464504,1.1092968389938416
2012-05-02,1.2571195146088365,1.109531515222513
2012-05-03,1.2572809282453472,1.1096739786196792
2012-05-04,1.2577241244036317,1.110065142784524
2012-05-07,1.2580435668714303,1.1103470821556054
2012-05-08,1.2584041101985115,1.110665297074196
2012-05-09,1.2593311718884352,1.1114835201226592
2012-05-10,1.2588287446542097,1.1110400787123547
2012-05-11,1.2583546998465716,1.1106216875828003
2012-05-14,1.2590719068051914,1.1112546932073875
2012-05-15,1.2590298331856022,1.1112175591033098
2012-05-16,1.2596301536721755,1.111747400929283
2012-05-17,1.25957427252895,1.11169808032866
2012-05-21,1.2601875804638856,1.1121775639875409
2012-05-22,1.260610258931399,1.1125505985386162
2012-05-23,1.26084193641311,1.1127550653189864
2012-05-24,1.2613090979983312,1.11316735841082
2012-05-25,1.262101126977372,1.1138663629671042
2012-05-28,1.2621639199207793,1.1139217808302198
2012-05-29,1.2625077801869928,1.114225254439354
2012-05-30,1.2622005233455917,1.1139540851541734
2012-05-31,1.2616533104378458,1.1134711428302255
2012-06-01,1.262568716850624,1.1142790340442046
2012-06-04,1.262715616595987,1.1144086802996358
2012-06-05,1.263146093866639,1.1147885976783243
2012-06-06,1.2633100004976316,1.114933253347373
2012-06-07,1.2634512820546635,1.1150579412750847
2012-06-08,1.2635357682513906,1.1151325045019593
2012-06-11,1.2637327864792836,1.1153063827849674
2012-06-12,1.2650054434587095,1.116429565207261
2012-06-13,1.264963040689349,1.1163921426763104
2012-06-14,1.264799100891222,1.1162474577356334
2012-06-15,1.2654141753639945,1.1167902912307448
2012-06-19,1.2649438907214081,1.1166302286832839
2012-06-20,1.2653197599264292,1.1169620275238779
2012-06-21,1.2647299491759114,1.1164413716133181
2012-06-22,1.2639129935112845,1.1157202033486164
2012-06-25,1.265000061130008,1.1166798131562872
2012-06-26,1.2662116417385478,1.1177493369050524
2012-06-27,1.2663051727161159,1.117831901450118
2012-06-28,1.266151627767034,1.1176963595238205
2012-06-29,1.2669176046984123,1.118372526271077
2012-07-02,1.2666990805894576,1.118179623939563
2012-07-03,1.2675344382701945,1.1189170365986665
2012-07-04,1.26752114634793,1.1189053031436835
2012-07-05,1.268255679002972,1.1195537124309185
2012-07-06,1.2675599714492158,1.1189395760328176
2012-07-09,1.2665102149944722,1.1180129026849162
2012-07-10,1.2668651347650368,1.1183262083955305
2012-07-11,1.267601882615248,1.1189765731480683
2012-07-12,1.2670595729845437,1.1184978488889197
2012-07-13,1.2675194794390798,1.1189038316785662
2012-07-16,1.2680648954258957,1.1193852980760508
2012-07-18,1.2692714510858845,1.1208256105451988
2012-07-19,1.2697157112182613,1.1212179128645225
2012-07-20,1.2704317885070224,1.121850242350612
2012-07-23,1.2707481947728485,1.1221296437708295
2012-07-24,1.2705074737813407,1.121917075961125
2012-07-25,1.2715474770622954,1.1228354471348783
2012-07-26,1.271078069197734,1.122420938200685
2012-07-27,1.270924814324273,1.1222856070333693
2012-07-30,1.2713361678799417,1.1226488513179453
2012-07-31,1.2709708219710252,1.122326233921114
2012-08-01,1.271029021519537,1.1223776268240573
2012-08-02,1.2709142390075778,1.1222762685378243
2012-08-03,1.2701144643930604,1.1215700304278848
2012-08-06,1.2705477257113709,1.121952620283826
2012-08-07,1.270898359820814,1.1222622464788043
2012-08-08,1.271614931553167,1.1228950125815376
2012-08-09,1.2721110629441201,1.1233331196300336
2012-08-10,1.2706883335969394,1.1220767835737626
2012-08-13,1.2704144032866398,1.1218348903939974
2012-08-14,1.2716408331485545,1.1229178848926094
2012-08-16,1.271954346269202,1.1235445429524735
2012-08-17,1.2714831446227408,1.123128320436261
2012-08-20,1.271450866968093,1.1230998088919235
2012-08-21,1.2716708830241432,1.1232941537910641
2012-08-22,1.2720858385656273,1.123660692916914
2012-08-23,1.2717037209121844,1.1233231602015687
2012-08-24,1.272325826579629,1.1238726794746836
2012-08-27,1.2737085649770532,1.1250940819450739
2012-08-28,1.2741088582129492,1.1254476695420588
2012-08-29,1.274509575211806,1.125801631457952
2012-08-30,1.2749435879687603,1.1261850042307862
2012-08-31,1.273103170064601,1.1245593236400988
2012-09-03,1.2725329597190513,1.1240556446173757
2012-09-04,1.2733603074967095,1.1247864586465413
2012-09-05,1.2728472276536178,1.124333244221436
2012-09-06,1.2728975781721243,1.1243777199138765
2012-09-07,1.2734118338941547,1.1248319730180574
2012-09-10,1.2733356788256245,1.124764703613368
2012-09-11,1.2726643897681016,1.1241717395973752
2012-09-12,1.2739554363658543,1.1253121487353737
2012-09-14,1.2751838277869898,1.1265184280003604
2012-09-17,1.275390843634381,1.1267013092147333
2012-09-18,1.276008666736327,1.1272471043341667
2012-09-19,1.2767072161598427,1.1278642144176794
2012-09-20,1.2771149978242733,1.1282244554665162
2012-09-21,1.276814767047036,1.1279592266455094
2012-09-24,1.2766900784727209,1.1278490747021845
2012-09-25,1.2779335110361782,1.1289475435395298
2012-09-26,1.2779111400805458,1.1289277806683087
2012-09-27,1.2788837591971831,1.1297870084395851
2012-09-28,1.2800983176376615,1.1308599694004033
2012-10-01,1.2801996529090123,1.1309494906506699
2012-10-02,1.2809594043448587,1.1316206676014207
2012-10-03,1.2797267731951705,1.1305317409111717
2012-10-04,1.2799106790890786,1.1306942064114323
2012-10-05,1.280834699046589,1.1315105008838786
2012-10-08,1.2815631843991235,1.1321540568608883
2012-10-09,1.2810742579227736,1.1317221311466943
2012-10-10,1.2802195460815669,1.1309670646074483
2012-10-11,1.280765415709198,1.1314492948407784
2012-10-15,1.2797504543931082,1.1315732662120226
2012-10-16,1.2793122331945899,1.1311857848939042
2012-10-17,1.2802568125662064,1.1320209951968718
2012-10-18,1.2800907265536199,1.1318741396196073
2012-10-19,1.2813118257428413,1.1329538526161316
2012-10-22,1.281569732582631,1.1331818974541525
2012-10-23,1.2817882238068832,1.1333750904531603
2012-10-24,1.2813968564957976,1.1330290379981889
2012-10-25,1.2817670124001472,1.1333563350303992
2012-10-26,1.2813884008958718,1.1330215614383699
2012-10-29,1.2817413838403704,1.133333673899086
2012-10-30,1.2815074240219417,1.133126803352572
2012-10-31,1.2825756575222613,1.1340713503670967
2012-11-01,1.282847143192589,1.134311401797161
2012-11-02,1.2831548733209697,1.1345835010843994
2012-11-05,1.2826921055582985,1.134174315350645
2012-11-06,1.282602092435335,1.1340947244872823
2012-11-07,1.2830346737628455,1.1344772189525065
2012-11-08,1.2831811555631265,1.1346067402108233
2012-11-09,1.2840922040728613,1.1354123020563371
2012-11-13,1.284246753794628,1.1357745891853888
2012-11-14,1.282864219856176,1.1345518904233785
2012-11-15,1.2837503609265017,1.1353355844503525
2012-11-16,1.2830642170386113,1.1347287658696645
2012-11-19,1.2825740818295603,1.1342952953438015
2012-11-20,1.2826761840972731,1.1343855935367488
2012-11-21,1.2821301126926663,1.1339026536162076
2012-11-22,1.2821545414847626,1.1339242581880902
2012-11-23,1.2824656479410528,1.1341993975306985
2012-11-26,1.2831247824918715,1.1347823293321315
2012-11-27,1.282940152258683,1.1346190442573347
2012-11-28,1.2826427867782495,1.1343560572921123
2012-11-29,1.2834908182399185,1.135106047574079
2012-11-30,1.284672269798529,1.136150911152405
2012-12-03,1.2851648989877427,1.1365865873286123
2012-12-04,1.2862935356178327,1.1375847419286471
2012-12-05,1.2862866276021763,1.1375786325508184
2012-12-06,1.2859127841680058,1.1372480092717563
2012-12-07,1.286374371532052,1.1376562323778094
2012-12-10,1.2863573685041152,1.1376411950751941
2012-12-12,1.2863895080128995,1.1375956768959148
2012-12-13,1.287568574225585,1.1386383631258397
2012-12-14,1.288156925273601,1.1391586609085493
2012-12-17,1.2882257106449018,1.1392194900279864
2012-12-18,1.2875168071565966,1.1385925838393016
2012-12-19,1.2882410736064425,1.139233075989722
2012-12-20,1.2891750305831131,1.1400590042272032
2012-12-21,1.2888028446200228,1.1397298681918302
2012-12-24,1.289023870668058,1.1399253286454174
2012-12-25,1.289998861817668,1.140787544723751
2012-12-26,1.2907170255351612,1.1414226400313812
2012-12-27,1.2909340533263292,1.1416145646976357
2012-12-28,1.2919799635319074,1.1425394967814841
2012-12-31,1.2933478234543283,1.1437491393700256
2013-01-01,1.2929561275001704,1.1434027500211295
2013-01-02,1.2925318040979765,1.143027507168996
2013-01-03,1.292107066735849,1.142651898238759
2013-01-04,1.2929915958476659,1.1434341158232648
2013-01-07,1.292951083857761,1.1433982897656896
2013-01-08,1.2927141051347943,1.1431887218478203
2013-01-10,1.2922836260379174,1.142866113912346
2013-01-11,1.292934491474621,1.1434417244341677
2013-01-14,1.293473637008523,1.1439185324264292
2013-01-15,1.2929266546130238,1.1434347936928209
2013-01-16,1.2924981225756138,1.1430558097496573
2013-01-17,1.2923913823961675,1.1429614111736603
2013-01-18,1.2922583949699795,1.1428438001323191
2013-01-21,1.2925804203703712,1.1431285920390735
2013-01-22,1.292154788312815,1.1427521727718364
2013-01-23,1.2924753479215614,1.1430356683659486
2013-01-24,1.2930909348462734,1.1435800793777773
2013-01-25,1.292797377352499,1.1433204638372259
2013-01-28,1.292535175283298,1.143088578317786
2013-01-29,1.293754635404939,1.1441670409882168
2013-01-30,1.2943783804204,1.1447186668291152
2013-01-31,1.2946067337595655,1.1449206173050575
2013-02-01,1.2951598488396263,1.1454097796447782
2013-02-04,1.2952135674985241,1.1454572871993909
2013-02-05,1.2953993362890963,1.1456215768734916
2013-02-06,1.2944619457981585,1.1447925701399768
2013-02-08,1.294469576058204,1.1444482258183528
2013-02-11,1.2946245109311594,1.1445852046579879
2013-02-12,1.295834122260458,1.1456546292048055
2013-02-13,1.2959122931774334,1.1457237405759013
2013-02-14,1.2951986999053346,1.1450928485338525
2013-02-15,1.2960656957881391,1.145859364733398
2013-02-18,1.2969880077571312,1.146674786212656
2013-02-19,1.2975097142111525,1.147136029981336
2013-02-20,1.2987241935256582,1.1482097583427329
2013-02-21,1.2993845643311563,1.1487935960865567
2013-02-22,1.2999816945478107,1.149321522450893
2013-02-25,1.3009739802300513,1.1501988081048389
2013-02-26,1.3016278698308146,1.1507769157771361
2013-02-27,1.3012081607043564,1.1504058484503956
2013-02-28,1.3013804973484213,1.1505582122990263
2013-03-01,1.3006271553890074,1.1498921782068916
2013-03-04,1.3006525314130488,1.1499146133001759
2013-03-05,1.3004678251845554,1.149751313428625
2013-03-06,1.3013608412439324,1.150540834220526
2013-03-07,1.3010104711731445,1.150231069963946
2013-03-11,1.3010159332754094,1.1514089359444064
2013-03-12,1.301249264239914,1.1516154356118522
2013-03-13,1.3010600339766336,1.1514479653983678
2013-03-14,1.3025331592915674,1.1527516924381362
2013-03-15,1.3034657966496261,1.1535770835502657
2013-03-18,1.3032020973619287,1.1533437076872257
2013-03-19,1.3043247731792753,1.1543372842724158
2013-03-20,1.304304279241425,1.154319146982495
2013-03-21,1.3056657503282758,1.1555240591863627
2013-03-22,1.3051106085875879,1.1550327545492745
2013-03-25,1.3059339371560246,1.1557614065562716
2013-03-26,1.306115892217397,1.1559224381610707
2013-03-27,1.3057624815840403,1.1556096670789517
2013-03-28,1.3062923600158118,1.1560786134966716
2013-03-29,1.3054262834074561,1.1553121291511934
2013-04-01,1.305599942120592,1.1554658184250872
2013-04-02,1.3064269369068018,1.1561977150625282
2013-04-03,1.3069430036043241,1.1566544379910282
2013-04-04,1.3082941107059054,1.157850177989586
2013-04-05,1.3080009125364298,1.1575906953931763
2013-04-09,1.3078706981644745,1.1579670406905211
2013-04-10,1.3079021646895053,1.1579949006302857
2013-04-11,1.3075981064221895,1.1577256924795907
2013-04-12,1.3077824835472283,1.1578889369304004
2013-04-15,1.3084083396965114,1.1584430595926027
2013-04-16,1.307943762270325,1.1580317304389427
2013-04-17,1.307866982222148,1.15796375065677
2013-04-18,1.3079245767177905,1.1580147438686927
2013-04-19,1.3078446428850687,1.1579439717779518
2013-04-22,1.3087821498061016,1.1587740248684437
2013-04-23,1.3085136753192368,1.1585363220072264
2013-04-24,1.3085006571928748,1.1585247959738962
2013-04-25,1.3095293443882008,1.159435578568108
2013-04-26,1.3092822136567663,1.159216773114217
2013-04-29,1.3096007878975122,1.1594988334672125
2013-04-30,1.309667340186091,1.1595577577605427
2013-05-01,1.3099516641532494,1.159809493488937
2013-05-02,1.3095905315056655,1.1594897526278516
2013-05-03,1.3095058126821595,1.1594147439855724
2013-05-06,1.3104143385161915,1.1602191377019402
2013-05-08,1.3102882582454203,1.159697232574227
2013-05-09,1.3107291415053013,1.160087445256936
2013-05-10,1.3099555049505367,1.159402722512965
2013-05-13,1.3096025280419143,1.1590903131316583
2013-05-14,1.3096274419333838,1.15911236367726
2013-05-15,1.3100547278300119,1.1594905417374841
2013-05-16,1.3097728748360509,1.159241082021248
2013-05-17,1.3105027122736705,1.159887039467108
2013-05-20,1.3108903097283333,1.1602300904657692
2013-05-21,1.3114580694747133,1.1607325977594893
2013-05-22,1.310474351811217,1.159861938463863
2013-05-23,1.3112483625741838,1.1605469924084029
2013-05-24,1.3105734694089146,1.1599496645066067
2013-05-27,1.310254384917513,1.1596672522974556
2013-05-28,1.3119464276353563,1.161164829067248
2013-05-29,1.312107732787683,1.1613075954681342
2013-05-30,1.3133071966780938,1.1623692053433117
2013-05-31,1.3129728250243686,1.1620732629206914
2013-06-03,1.3126253389148572,1.1617657132826462
2013-06-04,1.3131405888264631,1.1622217456807185
2013-06-06,1.312276537351268,1.1618445768518648
2013-06-07,1.3129841541559948,1.1624710764681123
2013-06-10,1.313859672999909,1.1632462307833655
2013-06-11,1.3136202228551264,1.163034229848941
2013-06-12,1.313246251066461,1.1627031280710844
2013-06-13,1.3136654399681758,1.1630742635278812
2013-06-14,1.3132862674062835,1.162738557164027
2013-06-17,1.3129785657466082,1.1624661286823719
2013-06-18,1.31309668408001,1.1625707065980655
2013-06-19,1.3138995298875502,1.1632815187028231
2013-06-20,1.3132553364902906,1.1627111719933096
2013-06-21,1.31270865556384,1.1622271594764457
2013-06-24,1.3130421223801305,1.1625223995428795
2013-06-25,1.3139092442162703,1.1632901194358392
2013-06-26,1.3131316868810938,1.1626016968759953
2013-06-27,1.314032218707057,1.1633989968264993
2013-06-28,1.314548893032744,1.1638564425296052
2013-07-01,1.3150336918889487,1.1642856667867747
2013-07-02,1.3148002309089786,1.164078968453181
2013-07-03,1.3149708123396324,1.164229995393369
2013-07-05,1.315376301623955,1.1646969340644142
2013-07-08,1.3156676404879806,1.1649548993944003
2013-07-09,1.3158179130450993,1.1650879578859774
2013-07-10,1.317029785063705,1.1661610071896678
2013-07-11,1.3178233272591522,1.166863647309417
2013-07-12,1.3184401667460601,1.1674098264205386
2013-07-15,1.319448375597798,1.168302542639514
2013-07-16,1.3190461224557197,1.1679463685160194
2013-07-17,1.3193564306831338,1.168221130225378
2013-07-18,1.3186299453020385,1.1675778654083369
2013-07-19,1.3180891500571248,1.1670990194971478
2013-07-22,1.319434036640595,1.1682898462426945
2013-07-23,1.3198237651729692,1.1686349304792079
2013-07-24,1.320059897071344,1.1688440129278823
2013-07-25,1.3206875890194734,1.1693998013259403
2013-07-26,1.320836082799853,1.1695312848037271
2013-07-29,1.321363777656152,1.169998531005817
2013-07-30,1.3217831531348652,1.1703698660630748
2013-07-31,1.3218111809073803,1.170394683190065
2013-08-01,1.321452874260409,1.1700774213900256
2013-08-05,1.3209474541051163,1.170024218180148
2013-08-06,1.3211798347792656,1.1702300484845607
2013-08-07,1.321435983978592,1.1704569316703741
2013-08-08,1.3213532271415611,1.1703836301145512
2013-08-09,1.3217074159501006,1.1706973515139236
2013-08-12,1.3219170350204013,1.1708830208136993
2013-08-13,1.3226194063659138,1.1715051435800905
2013-08-14,1.3231478862736914,1.171973242662306
2013-08-15,1.3239945433400666,1.172723165960976
2013-08-16,1.324909230064282,1.1735333462721262
2013-08-19,1.3252473658572044,1.1738328487735492
2013-08-20,1.3260584150856838,1.1745512325642957
2013-08-21,1.32601490082219,1.174512689969762
2013-08-22,1.3257967503312555,1.1743194639963834
2013-08-23,1.3262779692349946,1.1747457018227792
2013-08-26,1.3263521685876023,1.1748114236190963
2013-08-27,1.3264949651862745,1.1749379051670192
2013-08-28,1.3260694510275737,1.174561007608141
2013-08-29,1.3262991724049833,1.1747644824505108
2013-08-30,1.3263855511074072,1.1748409920599256
2013-09-03,1.3269791953519496,1.1761446435625988
2013-09-04,1.3273141097118386,1.1764414890081156
2013-09-05,1.3274729439677182,1.1765822689539667
2013-09-06,1.3277145442500708,1.1767964071099888
2013-09-09,1.328167880139822,1.1771982133932621
2013-09-10,1.3289360070279042,1.1778790291348795
2013-09-11,1.3287214470603492,1.1776888576857365
2013-09-12,1.3284802774916473,1.1774751012851745
2013-09-13,1.328431673457999,1.177432021955799
2013-09-16,1.3281479845205795,1.1771805792614805
2013-09-17,1.3285317976832076,1.177520765299766
2013-09-18,1.3287885961323989,1.177748374083347
2013-09-19,1.329302823817555,1.1782041507372587
2013-09-20,1.328834753839976,1.1777892851546856
2013-09-23,1.3300125493852482,1.1788332034969142
2013-09-24,1.3300406744937519,1.178858131691593
2013-09-25,1.3302134734589754,1.179011289011672
2013-09-26,1.3305061574193378,1.179270704286186
2013-09-27,1.328880440290628,1.1778297785357466
2013-09-30,1.3286983065136497,1.1776683474696417
2013-10-02,1.3290501060302489,1.178680811796707
2013-10-03,1.3301645248022431,1.179669144754882
2013-10-04,1.3305762118610056,1.180034253364728
2013-10-07,1.3312155816120572,1.1806012845502252
2013-10-08,1.331050987126374,1.1804553123546533
2013-10-09,1.3311954084973858,1.1805833938303272
2013-10-10,1.3312147060588204,1.180600508057454
2013-10-11,1.3318325857953133,1.1811484806177794
2013-10-14,1.3309542063798503,1.1803694814229515
2013-10-15,1.3312900684268176,1.1806673438950848
2013-10-16,1.3303036470376692,1.1797925266414238
2013-10-17,1.3301631190507097,1.1796678980506745
2013-10-18,1.3306066536330496,1.1800612509417356
2013-10-21,1.330216735882608,1.1797154486514088
2013-10-22,1.330315741729856,1.1798032529349924
2013-10-23,1.331747691289645,1.1810731911125874
2013-10-24,1.331863670173296,1.1811760480960167
2013-10-25,1.3315739414180858,1.180919099375391
2013-10-28,1.3314433077041634,1.1808032456154196
2013-10-29,1.3323536243968774,1.1816105686903675
2013-10-31,1.331575695170663,1.1810493212842392
2013-11-01,1.331659022172562,1.1811232286853688
2013-11-04,1.3318314053165334,1.1812761249840373
2013-11-05,1.331279236880165,1.1807863757648434
2013-11-06,1.3321331346176686,1.181543745659009
2013-11-07,1.3322553083797621,1.1816521084350213
2013-11-08,1.3328517453170294,1.1821811218756415
2013-11-11,1.3320641245158706,1.1814825367212176
2013-11-12,1.332246494109035,1.1816442905629336
2013-11-13,1.3326165779933172,1.1819725387593636
2013-11-14,1.3328548764670594,1.1821838990685798
2013-11-15,1.3315354009351617,1.181013582062156
2013-11-18,1.3311117142533917,1.1806377905320489
2013-11-19,1.3304453417950295,1.1800467473472525
2013-11-20,1.3307939391959622,1.180355937974016
2013-11-21,1.3309661108546385,1.1805086466944903
2013-11-22,1.3327926640414949,1.182128719371883
2013-11-25,1.3324399249235452,1.1818158552235243
2013-11-26,1.333535793721825,1.1827878428507534
2013-11-27,1.3341923244851819,1.1833701568831265
2013-11-29,1.3342584661549124,1.1839063816669404
2013-12-02,1.335014385923578,1.1845771199540507
2013-12-03,1.335771633279757,1.1852490362283123
2013-12-04,1.335778202363733,1.1852548650693042
2013-12-05,1.3358761116540572,1.185341741365449
2013-12-06,1.3357270246860817,1.1852094543931069
2013-12-09,1.336218097869496,1.1856451905645138
2013-12-10,1.33613852379915,1.1855745833680167
2013-12-11,1.3356411079611117,1.18513321926958
2013-12-12,1.3364040518414606,1.1858101901501934
2013-12-13,1.3369183982586383,1.1862665769906227
2013-12-16,1.3373330479548116,1.1866345015224191
2013-12-17,1.3364777594008923,1.1858755919086996
2013-12-18,1.3367470678556501,1.1861145531042343
2013-12-19,1.3370399515454165,1.1863744329387613
2013-12-20,1.3365991347450035,1.1859832899657967
2013-12-23,1.3380106166111212,1.1872357177609298
2013-12-24,1.338282968778126,1.1874773796853295
2013-12-25,1.3383047327497994,1.187496691164783
2013-12-26,1.3391332419966127,1.1882318391210849
2013-12-30,1.3397749092977622,1.1893433415195973
2013-12-31,1.3395515552935875,1.1891450659765763
2014-01-01,1.3387764911992697,1.1884570270280703
2014-01-02,1.338756902309118,1.1884396376024973
2014-01-03,1.3386202589396516,1.188318336717916
2014-01-06,1.3403916880723385,1.1898908676179307
2014-01-07,1.3409141576504227,1.1903546736718644
2014-01-08,1.3412437586442387,1.1906472666623982
2014-01-09,1.341972965063262,1.1912945968915583
2014-01-10,1.3423451723700417,1.1916250123060517
2014-01-13,1.3428207513553603,1.1920471927004073
2014-01-14,1.3425746648538532,1.1918287370926974
2014-01-15,1.3424444917610237,1.1917131799941674
2014-01-16,1.3440240520340192,1.1931153853050585
2014-01-17,1.3448290303082526,1.19382997963272
2014-01-20,1.3448500671476347,1.1938486544300104
2014-01-21,1.3450388787300358,1.1940162660166824
2014-01-22,1.3467155083638471,1.1955046416216661
2014-01-23,1.346857938792588,1.1956310797874186
2014-01-24,1.3463793966800477,1.1952062689693945
2014-01-28,1.3462246976030716,1.1941737739036358
2014-01-29,1.3459295933832671,1.193912000575241
2014-01-30,1.345793025159881,1.193790857209645
2014-01-31,1.3468081986087974,1.1946913707055105
2014-02-03,1.346609027989877,1.1945146956451953
2014-02-04,1.3467420988092904,1.1946327366252028
2014-02-05,1.3461825560884257,1.1941363921116719
2014-02-06,1.3444430837421135,1.1925933865048848
2014-02-07,1.3456476126913222,1.1936618685224958
2014-02-10,1.3453030723840056,1.1933562427233386
2014-02-11,1.345706933974776,1.1937144896941776
2014-02-12,1.345707876606715,1.193715325859449
2014-02-13,1.3464198932852993,1.194346922981134
2014-02-14,1.3468958436340668,1.1947691165608465
2014-02-17,1.3477660568912386,1.1955410425634434
2014-02-18,1.3474398521205306,1.1952516813722578
2014-02-19,1.3485500402719437,1.1962364780238692
2014-02-20,1.3483940448400757,1.1960981016785852
2014-02-21,1.3491525908623043,1.1967709728327522
2014-02-24,1.350169457767114,1.1976729885151538
2014-02-26,1.3496779472630875,1.1975802793219965
2014-02-27,1.349975319096394,1.1978441397813866
2014-02-28,1.3500931042844504,1.1979486515419135
2014-03-03,1.3508290461202066,1.198601658750794
2014-03-04,1.3503332462389555,1.1981617314618578
2014-03-05,1.3501739727988973,1.1980204068360683
2014-03-06,1.3495647452784516,1.1974798342753432
2014-03-07,1.3506733283898325,1.1984634891352832
2014-03-10,1.350936136141571,1.1986966806024575
2014-03-11,1.3512954665656847,1.1990155174261246
2014-03-12,1.3509757742125044,1.1987318517869288
2014-03-13,1.351759613400772,1.1994273587083635
2014-03-14,1.35171215212335,1.199385245928802
2014-03-17,1.3524147873864556,1.2000086999434116
2014-03-18,1.353009358510274,1.2005362677635596
2014-03-19,1.3532717167699642,1.2007690603927637
2014-03-20,1.3531616783798144,1.2006714224293673
2014-03-21,1.353507101159076,1.2009779188860303
2014-03-24,1.353476215660179,1.2009505139302992
2014-03-25,1.3525615869503977,1.2001389563969211
2014-03-27,1.3525980669081414,1.2001726882481611
2014-03-28,1.3530825599010285,1.2006025833307705
2014-03-31,1.353926474947879,1.201351396903118
2014-04-01,1.3538095221850448,1.2012476236424556
2014-04-02,1.3537681126092063,1.2012108805454713
2014-04-03,1.3534665194533815,1.2009432741682045
2014-04-04,1.3540993922568652,1.2015048280196101
2014-04-07,1.3547591113556308,1.2020902028354001
2014-04-08,1.356087350071678,1.2032687612478912
2014-04-09,1.3568085530726108,1.2039086912947978
2014-04-10,1.356782755633689,1.2038858009902957
2014-04-11,1.3581856914622834,1.2051306388368355
2014-04-14,1.3584483208581215,1.2053636723119878
2014-04-15,1.3589017264719778,1.2057659832776486
2014-04-16,1.3589943406293994,1.2058481606701807
2014-04-17,1.3597054597011287,1.206479143154085
2014-04-18,1.3596366308001722,1.2064180706380796
2014-04-21,1.3616723366862313,1.2082243711685388
2014-04-22,1.361922014225992,1.2084459123428322
2014-04-23,1.363659805473917,1.209987870478558
2014-04-25,1.3630632352111123,1.2086504720769422
2014-04-28,1.3630017212492382,1.2085959266405035
2014-04-29,1.3621597933396357,1.2078493753880677
2014-04-30,1.3630844085691098,1.2086692468399012
2014-05-01,1.3621530008778446,1.2078433524010643
2014-05-02,1.3618489450567197,1.2075737411297403
2014-05-05,1.3624612986670361,1.208116725094877
2014-05-06,1.3619808087268999,1.2076906668035432
2014-05-07,1.3629098645710567,1.20851447582107
2014-05-08,1.3638380221478559,1.209337488330234
2014-05-09,1.3644541006565503,1.2098837752237064
2014-05-12,1.3647992116424335,1.2101897907813353
2014-05-13,1.3654640058854481,1.2107792747134798
2014-05-14,1.365165370544661,1.210514469870757
2014-05-15,1.3656083586652743,1.2109072746851433
2014-05-16,1.3655001603857453,1.210811333500426
2014-05-19,1.3662869965950384,1.2115090340408283
2014-05-20,1.3676504968414605,1.212718072017896
2014-05-21,1.367949316632503,1.212983040415678
2014-05-22,1.369418577528465,1.2142858580910691
2014-05-26,1.3701539045839872,1.2152698609391985
2014-05-27,1.368724592058906,1.2140021198279387
2014-05-28,1.3685191294367287,1.2138198829774314
2014-05-29,1.368849802607312,1.2141131764072326
2014-05-30,1.3682760425355622,1.2136042749471303
2014-06-02,1.3687503410721893,1.2140249581380638
2014-06-03,1.3687326512074314,1.214009267959455
2014-06-04,1.368970114950689,1.2142198884811943
2014-06-05,1.3687021394395114,1.213982205282895
2014-06-06,1.3683341963925462,1.2136558550137588
2014-06-09,1.3685635027238696,1.2138592402484012
2014-06-10,1.368408321517046,1.2137216009343021
2014-06-11,1.369890387119254,1.2150361318437661
2014-06-12,1.3710720125658653,1.2160841847576622
2014-06-13,1.371724565778612,1.2166629724759301
2014-06-16,1.371356080062853,1.216336140882012
2014-06-17,1.3725216610131243,1.2173699629910542
2014-06-18,1.371173461267846,1.2161741655616696
2014-06-19,1.3704660916854592,1.2155467579900503
2014-06-20,1.371180085780572,1.2161800412305506
2014-06-24,1.371583269868696,1.216906235458348
2014-06-25,1.3727142510702692,1.2179096729503438
2014-06-26,1.3734203960519107,1.2185361841146127
2014-06-27,1.3736050384211829,1.2187000038807423
2014-06-30,1.3744800263916002,1.2194763171681255
2014-07-01,1.3745270865039119,1.219518070188428
2014-07-02,1.3751559589222924,1.2200760230185967
2014-07-03,1.3764142732805356,1.2211924339739881
2014-07-04,1.377334965968367,1.2220092977382058
2014-07-07,1.3776162327075567,1.2222588452912173
2014-07-08,1.3760689724137485,1.2208860735895088
2014-07-09,1.3763575923117106,1.2211421450663367
2014-07-10,1.3774633253654087,1.222123181710161
2014-07-11,1.37762284568342,1.222264712504488
2014-07-14,1.3788020856686392,1.223310966510818
2014-07-15,1.3782810884982235,1.2228487235546206
2014-07-16,1.3789395927775785,1.2234329665832628
2014-07-17,1.3791087942134528,1.2235830867304587
2014-07-18,1.3789903678525433,1.223478015620159
2014-07-21,1.3799801321634897,1.224356161619811
2014-07-23,1.3805800867602425,1.2262095021093646
2014-07-24,1.3793838884094294,1.2251470575628722
2014-07-25,1.380149124493387,1.2258267282074835
2014-07-28,1.3821112794602397,1.227569483363841
2014-07-29,1.382038346015484,1.227504705026214
2014-07-30,1.3812603624893758,1.2268137123041352
2014-07-31,1.3808951502059765,1.2264893365026253
2014-08-01,1.3808082412027378,1.2264121452939354
2014-08-04,1.3813321427851966,1.2268774664330289
2014-08-05,1.3806143427049284,1.2262399277002307
2014-08-06,1.3820500233879724,1.227515076684651
2014-08-07,1.3823949177984256,1.2278214064712225
2014-08-08,1.3817487902769658,1.2272475261769995
2014-08-11,1.3814673298583116,1.2269975374634643
2014-08-12,1.3818112304280892,1.2273029845363912
2014-08-13,1.3819980006578512,1.2274688709146184
2014-08-14,1.3836569923243422,1.2289423611995212
2014-08-15,1.3839504220429781,1.229202980856898
2014-08-18,1.383330782287521,1.2286526265795092
2014-08-19,1.3840562541673351,1.2292969792839068
2014-08-21,1.383892378616445,1.2293155988015732
2014-08-22,1.3840891562475803,1.2294903969399167
2014-08-25,1.3839395829101504,1.2293575305120725
2014-08-26,1.3843328452687484,1.2297068666015807
2014-08-27,1.3845626782396434,1.2299110278937488
2014-08-28,1.3843036214253135,1.2296809069770125
2014-08-29,1.3845443146395278,1.2298947154547029
2014-09-01,1.3848406546292846,1.230157955123904
2014-09-02,1.3848419060859203,1.2301590667964495
2014-09-03,1.3841832364526467,1.22957396865793
2014-09-04,1.385474393231077,1.2307209069551184
2014-09-05,1.3846997564302068,1.2300327948465255
2014-09-08,1.385339374903875,1.2306009697849176
2014-09-09,1.3856992261328926,1.2309206266714752
2014-09-10,1.3848409273735187,1.230158197403395
2014-09-11,1.3861488586438875,1.231320036530244
2014-09-12,1.386922069484011,1.2320068819537853
2014-09-15,1.3870712986105895,1.2321394426181356
2014-09-16,1.3874493981318996,1.2324753095154666
2014-09-17,1.3863034692033591,1.2314573775369835
2014-09-19,1.3866895963394998,1.2323392490276042
2014-09-22,1.3866595236407282,1.2323125236760055
2014-09-23,1.387381596461328,1.2329542236496913
2014-09-24,1.387930473471765,1.2334420059800961
2014-09-25,1.3879672368364757,1.233474677269604
2014-09-26,1.388231659268851,1.2337096672360677
2014-09-29,1.388245095176887,1.233721607613253
2014-09-30,1.3885152018914781,1.2339616491529712
2014-10-01,1.3896262404423747,1.234949019662613
2014-10-02,1.3894710147583318,1.23481107191756
2014-10-03,1.388549271895935,1.233991926876131
2014-10-06,1.3889576986950496,1.234354892298409
2014-10-07,1.3889968235454506,1.2343896622201627
2014-10-08,1.3891737119129957,1.2345468614077801
2014-10-09,1.389615755715919,1.2349397019753952
2014-10-10,1.388416660072607,1.233874075876741
2014-10-13,1.3890788916534937,1.234462595449706
2014-10-14,1.3882914130885724,1.2337627699473859
2014-10-15,1.3891839428034725,1.2345559535131228
2014-10-16,1.3887784157611482,1.2341955650800391
2014-10-20,1.3891518264403704,1.234577461617566
2014-10-21,1.3896427236635367,1.2350137354906996
2014-10-22,1.390512515953205,1.2357867438377172
2014-10-23,1.390353840779741,1.2356457248438617
2014-10-24,1.3909410216438909,1.2361675686387408
2014-10-27,1.392394332595585,1.2374591660808152
2014-10-28,1.3935146073756028,1.2384547851110062
2014-10-29,1.3938527126276754,1.2387552685541536
2014-10-30,1.3938724889828817,1.2387728443453279
2014-10-31,1.3936839578399292,1.2386052915296657
2014-11-03,1.3930860896877826,1.2380739496477993
2014-11-04,1.3945174457555998,1.2393460351803107
2014-11-05,1.39505608756416,1.2398247409805525
2014-11-06,1.3962590714175882,1.2408938658406752
2014-11-07,1.3959853334850707,1.2406505874059905
2014-11-10,1.3965823496600624,1.2411811721123107
2014-11-11,1.396146995089951,1.2407942605236408
2014-11-12,1.3967446673790802,1.241325428336653
2014-11-13,1.3963757952193496,1.2409976014958761
2014-11-14,1.396677396289491,1.241265642667841
2014-11-18,1.3970434161085528,1.2410504385211505
2014-11-19,1.3971803893374857,1.241172117406626
2014-11-20,1.3981685139281732,1.2420499086351922
2014-11-21,1.3985697709935565,1.2424063615923528
2014-11-24,1.3977367736800024,1.241666376228009
2014-11-25,1.3974522912310072,1.2414136589079843
2014-11-26,1.397893383335969,1.2418054989495888
2014-11-27,1.3981110866912196,1.241998893686922
2014-11-28,1.3994244628360413,1.2431656190883518
2014-12-01,1.3999779891839645,1.2436573390369965
2014-12-02,1.4005227290923972,1.244141253634385
2014-12-03,1.4024131653027965,1.2458206049421972
2014-12-04,1.403140153173047,1.2464664178101228
2014-12-05,1.4035892425348253,1.2468653621399437
2014-12-08,1.4040292309185218,1.2472562217010958
2014-12-09,1.405023998759796,1.2481399143991214
2014-12-10,1.404858427915032,1.247992831089375
2014-12-11,1.4051440510564916,1.2482465617328706
2014-12-12,1.4053053135590292,1.2483898177671382
2014-12-15,1.4059923528942184,1.2490001427279707
2014-12-17,1.4057919486453005,1.2487235861443566
2014-12-18,1.4061358238905264,1.2490290403972555
2014-12-19,1.4069101369773083,1.249716839908027
2014-12-22,1.4069598531325587,1.2497610013045504
2014-12-23,1.4077648420113078,1.2504760492178968
2014-12-24,1.4085332693014385,1.2511586205488452
2014-12-25,1.408214810484347,1.2508757429605215
2014-12-26,1.4096011619506303,1.2521071981387235
2014-12-29,1.4089796177826328,1.2515550987593262
2014-12-30,1.4093069291488218,1.251845839806298
2014-12-31,1.4100272451240716,1.252485675273159
2015-01-01,1.410190664191702,1.2526308356180964
2015-01-02,1.4109497981367247,1.2533051519442828
2015-01-05,1.4116852091493488,1.253958395888281
2015-01-06,1.410563312270396,1.2529618479315794
2015-01-07,1.4109253499426586,1.2532834353335154
2015-01-08,1.410833671450123,1.25320200002861
2015-01-09,1.410352618924808,1.252774695237802
2015-01-12,1.4115408943098962,1.253830205266597
2015-01-13,1.4117235281275022,1.2539924335080463
2015-01-15,1.411170291032326,1.2541929399333442
2015-01-16,1.4129727202814548,1.2557948685264788
2015-01-19,1.4134219661654903,1.2561941406906052
2015-01-20,1.4136644440016286,1.256409645503956
2015-01-21,1.4135521376010218,1.2563098319692994
2015-01-22,1.4137160373620512,1.2564554996640107
2015-01-23,1.414728104778875,1.2573549855850106
2015-01-26,1.4152825134401232,1.257847722310829
2015-01-27,1.4151701247206614,1.257747835614395
2015-01-28,1.4162794507560799,1.2587337611901723
2015-01-29,1.4158760903892127,1.2583752702783466
2015-01-30,1.4157211009813284,1.258237521756876
2015-02-02,1.4175457373160947,1.2598591871388303
2015-02-03,1.4180697359239691,1.2603248965990617
2015-02-04,1.4183300962036596,1.2605562946285567
2015-02-05,1.419289844123124,1.261409281027404
2015-02-06,1.4198171647845081,1.261877942998813
2015-02-09,1.419575672010136,1.2616633136698177
2015-02-10,1.418532561419455,1.260736237790517
2015-02-11,1.4184848192009907,1.2606938063747515
2015-02-13,1.4184205225272664,1.2609423127025747
2015-02-16,1.4186660541883287,1.2611605845448277
2015-02-17,1.4194644984659823,1.2618703826322348
2015-02-18,1.4202022605899045,1.2625262357195162
2015-02-19,1.4209044785265441,1.263150490864577
2015-02-20,1.420802975515939,1.263060257087706
2015-02-23,1.4202940078240631,1.262607796841755
2015-02-24,1.4199969316558492,1.2623437031511695
2015-02-25,1.419854502876366,1.2622170873332617
2015-02-26,1.4200971929518944,1.2624328330731507
2015-02-27,1.4196773909527074,1.2620596390201
2015-03-02,1.4206960824247188,1.262965231656591
2015-03-03,1.4197999655654774,1.2621686049531573
2015-03-04,1.4202079902108578,1.2625313292170934
2015-03-05,1.420881819887512,1.263130347870133
2015-03-06,1.4216932437906094,1.263851684537718
2015-03-09,1.4214177892541229,1.2636068119665973
2015-03-10,1.4207506133987406,1.2630137084033706
2015-03-11,1.420545224270999,1.2628311223242599
2015-03-12,1.420102156280923,1.262437245355323
2015-03-16,1.4207321465350107,1.2634050174788447
2015-03-17,1.4213617295227312,1.2639648825509102
2015-03-18,1.4219351767890822,1.2644748281837548
2015-03-19,1.4213387465491574,1.2639444446350085
2015-03-20,1.4220481755888073,1.2645753138741012
2015-03-23,1.4214219347002683,1.2640184208083252
2015-03-24,1.4206994101468196,1.2633759062088594
2015-03-25,1.4194107174992345,1.2622299190775639
2015-03-26,1.4201930694283447,1.2629256359690852
2015-03-27,1.4199201237361225,1.2626829153704884
2015-03-30,1.419611464825163,1.2624084363156243
2015-03-31,1.42032270502171,1.263040916150153
2015-04-01,1.4218526461902325,1.2644014367475598
2015-04-02,1.4233065799522784,1.2656943667446254
2015-04-03,1.4225374373257087,1.2650103964016337
2015-04-06,1.423523562802489,1.2658873216392772
2015-04-07,1.4234360189720325,1.265809472119987
2015-04-08,1.4236962656262278,1.2660408999295811
2015-04-09,1.4241003826808458,1.2664002664123473
2015-04-10,1.4245586895044597,1.2668078218702221
2015-04-14,1.4236117779521669,1.2654615453777036
2015-04-15,1.4246573131153968,1.2663909311582224
2015-04-16,1.4250822872382294,1.2667686945474794
2015-04-17,1.4259412481740457,1.2675322327887975
2015-04-20,1.4254620140696281,1.2671062372050532
2015-04-21,1.4249706186140547,1.2666694312849054
2015-04-22,1.4244476457446715,1.266204555912469
2015-04-23,1.423858986167136,1.2656812910236654
2015-04-24,1.4250361583068953,1.2667276901180156
2015-04-27,1.4240207897215957,1.2658251196848533
2015-04-28,1.423492163887882,1.2653552193406596
2015-04-29,1.4232018004154783,1.2650971125911934
2015-04-30,1.4223793379175502,1.264366018145529
2015-05-01,1.4237401674026482,1.2655756719358937
2015-05-04,1.4246172136840367,1.2663552864064975
2015-05-05,1.4256838080661671,1.2673033919195353
2015-05-06,1.4260892993561316,1.2676638368402524
2015-05-07,1.427302685986716,1.2687424273271117
2015-05-08,1.42722619781752,1.2686744362931144
2015-05-11,1.427222448482927,1.268671103475262
2015-05-13,1.4276487075289301,1.2690972432408285
2015-05-14,1.428943457303153,1.2702482010083012
2015-05-15,1.429851072482953,1.2710550184813485
2015-05-18,1.4293539005130513,1.2706130613156317
2015-05-19,1.4291864559567078,1.2704642127762602
2015-05-20,1.4294363261226075,1.2706863329218108
2015-05-21,1.429920938923325,1.271117125711512
2015-05-22,1.4317896276518125,1.2727782820599134
2015-05-25,1.4323283839355991,1.2732572052788582
2015-05-26,1.4313439290880834,1.2723820817792966
2015-05-27,1.4323826181905863,1.2733054163990942
2015-05-28,1.432044668909763,1.2730049990076264
2015-05-29,1.4318744382522022,1.2728536737851917
2015-06-01,1.432523543417531,1.2734306907863264
2015-06-02,1.4323862784779877,1.2733086701831842
2015-06-03,1.4319958531686678,1.2729616046332795
2015-06-04,1.4326807880150996,1.2735704721514733
2015-06-05,1.4313475676587288,1.2723853162584446
2015-06-08,1.4328885273514103,1.2737551404229004
2015-06-09,1.4329465927360752,1.2738067571961424
2015-06-11,1.433397818779613,1.274565463570782
2015-06-12,1.4336584714476623,1.274797233763488
2015-06-15,1.4345412026502982,1.2755821510347127
2015-06-16,1.4342235930039389,1.2752997351688289
2015-06-17,1.4359778906141638,1.2768596420680323
2015-06-18,1.4359824047827152,1.2768636560293045
2015-06-19,1.4359938645203938,1.2768738459330948
2015-06-22,1.4357332681671384,1.2766421258150367
2015-06-23,1.4359760346922261,1.2768579917976228
2015-06-24,1.435891097082258,1.2767824659786176
2015-06-25,1.4362791483353439,1.2771275179375354
2015-06-26,1.4372007240631057,1.277946975438643
2015-06-29,1.4381404423784523,1.2787825651783047
2015-06-30,1.437119054557862,1.2778743555912797
2015-07-01,1.436763271158044,1.2775579959401218
2015-07-02,1.437776171729229,1.2784586587352995
2015-07-03,1.4375780095468789,1.2782824545646916
2015-07-06,1.4382245860423921,1.2788573850270801
2015-07-07,1.437968965763963,1.2786300895935265
2015-07-08,1.4378889547688727,1.2785589444796497
2015-07-10,1.439137578719433,1.279137715291515
2015-07-13,1.4398520881325665,1.2797727872622457
2015-07-14,1.4405959425564698,1.2804339417358492
2015-07-15,1.4407959154553374,1.2806116821275673
2015-07-16,1.4409506158442644,1.2807491832983886
2015-07-17,1.4420624590927065,1.281737414481845
2015-07-20,1.4418215100151657,1.2815232535446943
2015-07-21,1.4418938984716634,1.2815875940262627
2015-07-22,1.4431816112572466,1.282732141993642
2015-07-23,1.4431354085403256,1.2826910759839452
2015-07-24,1.4428368132578806,1.2824256778086551
2015-07-27,1.443448422044624,1.2829692893977733
2015-07-28,1.4435273984756647,1.28303948541868
2015-07-29,1.4434783600405128,1.2829958989591022
2015-07-30,1.4442853995818294,1.2837132137803495
2015-07-31,1.4449336776707014,1.2842894178665571
2015-08-03,1.4471125217339906,1.2862260232740625
2015-08-04,1.4477106993421625,1.2867576969308205
2015-08-05,1.4491925560849872,1.288074804396038
2015-08-06,1.4487646756530503,1.2876944946840139
2015-08-10,1.4486263552344505,1.2875487767738305
2015-08-11,1.448997002692908,1.28787821070966
2015-08-12,1.449008869855848,1.2878887583233163
2015-08-13,1.448468510361826,1.2874084831971375
2015-08-14,1.4507817205028506,1.2894644798154065
2015-08-17,1.4501192879862514,1.2888757053716995
2015-08-18,1.4499333573476942,1.2887104489787213
2015-08-19,1.4510022902267599,1.2896605236587249
2015-08-20,1.4516194245354015,1.2902090367527506
2015-08-21,1.4505317881946005,1.2892423383110765
2015-08-24,1.4512802427117182,1.2899075696831992
2015-08-25,1.4522702713928246,1.2907875137852263
2015-08-26,1.4511863455575413,1.2898241132656307
2015-08-27,1.450575097749057,1.2892808321322482
2015-08-28,1.451117526500144,1.2897629464279223
2015-08-31,1.4512942338320463,1.289920005084363
2015-09-01,1.4517403234743986,1.2903164925369537
2015-09-02,1.4517171101088497,1.290295860342662
2015-09-03,1.451513272749812,1.2901146883369605
2015-09-04,1.4516531426374213,1.2902390056269561
2015-09-08,1.4510104169083509,1.2899599793045902
2015-09-09,1.4515794726821585,1.2904658744833222
2015-09-10,1.453072928805236,1.2917935690382116
2015-09-11,1.4534007744904462,1.292085026500116
2015-09-14,1.4525352421640625,1.2913155612717353
2015-09-15,1.4541764128131165,1.2927745752331925
2015-09-16,1.4547947352674688,1.2933242688888174
2015-09-17,1.4547422820277307,1.2932776375350665
2015-09-18,1.4546984147622901,1.2932386391818083
2015-09-21,1.455435676654638,1.2938940709583915
2015-09-22,1.45536168827195,1.293828294688636
2015-09-23,1.4542538185358624,1.292843389545859
2015-09-24,1.4547444050009004,1.29327952487536
2015-09-25,1.4557889936687123,1.294208172637368
2015-09-28,1.4567819745921893,1.2950909406978672
2015-09-29,1.456813227985734,1.2951187252171377
2015-09-30,1.4561743286875286,1.2945507385811446
2015-10-01,1.456105108410418,1.2944892011957554
2015-10-02,1.4562186691696892,1.2945901576278889
2015-10-05,1.4570817286061233,1.2953574244371329
2015-10-07,1.4568111054228332,1.2962043984230558
2015-10-08,1.45595445259656,1.295442187620843
2015-10-09,1.4568584424472912,1.296246516758839
2015-10-12,1.456297825133132,1.2957477049185528
2015-10-13,1.4560575726199416,1.2955339391371345
2015-10-14,1.455333322165382,1.2948895339556628
2015-10-15,1.456620149571285,1.2960344945736413
2015-10-16,1.457570951727151,1.2968804751759828
2015-10-19,1.4572853848452652,1.2966263907260727
2015-10-20,1.4569363617199325,1.2963158457909583
2015-10-21,1.4559711443327061,1.2954570391700448
2015-10-22,1.4557469441711344,1.2952575560424968
2015-10-23,1.456506675578551,1.295933530565376
2015-10-26,1.457542549397063,1.2968552040718235
2015-10-27,1.4570838513342452,1.2964470753553692
2015-10-28,1.458387625107943,1.2976071140822332
2015-10-29,1.4572203738053822,1.2965685468535701
2015-10-30,1.4582453324660023,1.2974805085479533
2015-11-02,1.4581023344100468,1.297353275368301
2015-11-03,1.4580962418963699,1.2973478545261643
2015-11-05,1.4592490130040694,1.2987659343463485
2015-11-06,1.4597713783695625,1.2992308518045335
2015-11-09,1.459961285857326,1.2993998739341266
2015-11-10,1.4603629546382393,1.2997573685939767
2015-11-11,1.4612353688004711,1.3005338377123046
2015-11-12,1.461329429393798,1.3006175538521059
2015-11-13,1.4617046622609038,1.3009515199270536
2015-11-16,1.4630651678081976,1.3021624018550646
2015-11-17,1.4627633266412077,1.301893756118952
2015-11-18,1.4638396113681977,1.302851674833726
2015-11-19,1.464549421807597,1.3034834228152696
2015-11-20,1.4654912907921855,1.3043217083586554
2015-11-23,1.4666581288726517,1.305360221687294
2015-11-24,1.4678013295949812,1.3063776972113823
2015-11-25,1.4688023861333024,1.3072686610693256
2015-11-26,1.467766476727228,1.3063466773395518
2015-11-27,1.4684359298029006,1.306942506318416
2015-11-30,1.4683189426246583,1.3068383849789444
2015-12-01,1.4688572394695256,1.3073174818283853
2015-12-02,1.4689166863646443,1.3073703909628749
2015-12-04,1.4698918335662199,1.3083677942037595
2015-12-07,1.469117483775212,1.3076785364605246
2015-12-08,1.4677675657446512,1.3064769587419005
2015-12-09,1.4688984584181928,1.3074835794462096
2015-12-10,1.4698261889143058,1.3083093631366123
2015-12-11,1.4698880108622598,1.3083643915705627
2015-12-14,1.470795184389863,1.3091718772645204
2015-12-15,1.4705567755343643,1.308959666773065
2015-12-16,1.4714045060546812,1.3097142415557927
2015-12-17,1.4700986443057398,1.3085518788451622
2015-12-18,1.4697328116438326,1.3082262469435644
2015-12-21,1.4693798205636985,1.307912045483061
2015-12-22,1.468584704803334,1.3072043037093002
2015-12-23,1.4680346605884504,1.3067147029647368
2015-12-24,1.4689102617071235,1.3074940856907848
2015-12-25,1.4695690536468518,1.3080804840483635
2015-12-28,1.4700486848350593,1.3085074093400184
2015-12-29,1.4699367327655193,1.3084077595025707
2015-12-30,1.4700753449617803,1.3085311398284767
2015-12-31,1.4714840560893736,1.3097850499656654
2016-01-04,1.4718204611177668,1.310635867368196
2016-01-05,1.4719156064178305,1.3107205929486383
2016-01-06,1.4709966347234136,1.3099022613004396
2016-01-07,1.4725903226089938,1.3113214184323123
2016-01-08,1.4721420611112088,1.3109222477369198
2016-01-11,1.4712715243651415,1.3101470467437284
2016-01-12,1.470016001779156,1.3090290211577587
2016-01-13,1.4708482210573373,1.3097701009730722
2016-01-14,1.4712263037254643,1.310106778386363
2016-01-15,1.4708088892964175,1.309735076581205
2016-01-18,1.4710988863038632,1.309993314925778
2016-01-19,1.4716257625581846,1.3104624909800733
2016-01-20,1.4720420985084945,1.3108332324147567
2016-01-21,1.473801384182266,1.3123998520982747
2016-01-22,1.473849450865382,1.3124426548181591
2016-01-25,1.4741588206970195,1.3127181443960916
2016-01-26,1.4751257285962387,1.3135791625750317
2016-01-27,1.4747746167343811,1.3132665022935872
2016-01-28,1.4758422938084261,1.3142172540360568
2016-01-29,1.4763699820965626,1.3146871531952902
2016-02-02,1.4774987748130723,1.3149897447094963
2016-02-03,1.4783642158047947,1.3157599964675122
2016-02-04,1.4788988467790911,1.3162358237645553
2016-02-05,1.4788302669072775,1.3161747869436347
2016-02-08,1.4793596340273085,1.316645929353966
2016-02-09,1.4811753174810025,1.3182619070873813
2016-02-10,1.481235220489869,1.3183152214072844
2016-02-11,1.4822282812480017,1.319199056125173
2016-02-12,1.4825082949405946,1.3194482713126336
2016-02-15,1.482196178685657,1.3191704845006265
2016-02-16,1.4817552234806244,1.3187780296422003
2016-02-17,1.4832157394800682,1.3200779045348179
2016-02-18,1.4826947998941569,1.3196142627201752
2016-02-19,1.4824333549155764,1.3193815738871961
2016-02-22,1.4817884248359354,1.3188075792042633
2016-02-23,1.4821407887088194,1.3191211868275976
2016-02-24,1.4822526447994184,1.3192207399470508
2016-02-25,1.4824022893640818,1.31935392521342
2016-02-26,1.4820106681503256,1.319005378135968
2016-02-29,1.482354149432199,1.3193110801581036
2016-03-02,1.4814431487008985,1.319304482176859
2016-03-03,1.4815751956997292,1.319422077102839
2016-03-04,1.4817058255185307,1.3195384099540874
2016-03-07,1.4830736464876446,1.3207565277988051
2016-03-08,1.484191629258788,1.321752151344845
2016-03-09,1.4840883161239244,1.3216601454639492
2016-03-10,1.4840321122686053,1.3216100929200476
2016-03-11,1.4845521975147618,1.3220732566917859
2016-03-14,1.4845227557711462,1.3220470372419548
2016-03-15,1.4839454155508147,1.321532884848667
2016-03-16,1.4840679153559162,1.321641977487205
2016-03-17,1.485117115586163,1.322576346496019
2016-03-18,1.4852998365681542,1.3227390693185181
2016-03-21,1.48679069032374,1.3240667544502354
2016-03-22,1.487187911467701,1.3244205011573584
2016-03-23,1.4875284817540364,1.324723797241081
2016-03-24,1.4875911623051765,1.3247796176295563
2016-03-25,1.488738833169263,1.3258016800127
2016-03-28,1.4894868111047899,1.3264677944321264
2016-03-29,1.489915548281271,1.3268496078544663
2016-03-31,1.4886314780706433,1.3273586795641066
2016-04-01,1.4881299541069284,1.3269114888415852
2016-04-04,1.4878055813492785,1.3266222574222424
2016-04-05,1.488149241989321,1.3269286871465258
2016-04-06,1.4896213531923448,1.3282413152962071
2016-04-07,1.488670553547377,1.327393521749002
2016-04-08,1.4876656191959523,1.326497458248125
2016-04-11,1.4881529695993623,1.326932010921157
2016-04-12,1.488057030818018,1.3268464657906127
2016-04-13,1.4884028354159131,1.3271548072043278
2016-04-14,1.4898791210498104,1.3284711575425652
2016-04-15,1.4906849415765802,1.3291896784700985
2016-04-18,1.490520911277036,1.3290434186032214
2016-04-19,1.4907422226037574,1.3292407538838042
2016-04-20,1.49073997695942,1.3292387515242234
2016-04-21,1.4905775596041817,1.3290939298612643
2016-04-22,1.4910976123444737,1.329557642021612
2016-04-25,1.4915313125641145,1.3299443567722737
2016-04-26,1.492567072053744,1.330867905930513
2016-04-27,1.4936824320927098,1.331862432010587
2016-04-29,1.4929135885699707,1.33193530445555
2016-05-02,1.4944253052232335,1.3332840153228298
2016-05-03,1.4940502475512885,1.3329493994694441
2016-05-04,1.493106617740031,1.3321075196248413
2016-05-05,1.4940933078947858,1.3329878166907523
2016-05-06,1.4959244208886502,1.3346214839449377
2016-05-09,1.4963461456052596,1.3349977348164646
2016-05-10,1.4964724587827791,1.335110427863031
2016-05-11,1.4970507584657078,1.3356263704937
2016-05-12,1.4976604033677268,1.336170278442825
2016-05-13,1.4956456078322653,1.3343727348170678
2016-05-16,1.4952445200038622,1.3340148955938687
2016-05-17,1.4962477277917126,1.3349099292251336
2016-05-18,1.4969551950468916,1.3355411115126643
2016-05-19,1.4969896961538987,1.3355718924251145
2016-05-20,1.4970147546856167,1.3355942489387995
2016-05-23,1.4966450345145526,1.3352643950528278
2016-05-24,1.4969024496103567,1.3354940535251107
2016-05-25,1.4963504596104775,1.335001583649979
2016-05-26,1.495226874204495,1.3339991525104562
2016-05-30,1.4956867730612864,1.334397770798713
2016-05-31,1.49641602726289,1.3350483850840646
2016-06-01,1.4968713255247534,1.335454585764997
2016-06-02,1.4967592906340192,1.3353546322779837
2016-06-03,1.4971126504471566,1.3356698871531572
2016-06-06,1.4977640478771614,1.336251040436156
2016-06-07,1.498345613269127,1.3367698920945312
2016-06-08,1.498479165815714,1.3368890428576854
2016-06-09,1.4997446663105316,1.338018076736733
2016-06-10,1.4996643399525516,1.3379464124585194
2016-06-13,1.4998641228513412,1.3381246515521519
2016-06-14,1.4997598529302685,1.3380316256908908
2016-06-15,1.5001467103333477,1.3383767659071337
2016-06-16,1.4998502382283438,1.3381122641925056
2016-06-17,1.500694472136193,1.3388654592230138
2016-06-20,1.4994897183472509,1.3377906213630553
2016-06-21,1.5009292448630074,1.3390749149786896
2016-06-22,1.500726475182056,1.338894011185783
2016-06-23,1.500856509588765,1.3390100231914817
2016-06-24,1.5012482621499699,1.3393595306911747
2016-06-28,1.5007231778958363,1.3393867331517637
2016-06-29,1.502102714383829,1.340617961466973
2016-06-30,1.5019074204078908,1.3404436627260135
2016-07-01,1.5035790230230748,1.3419355583659665
2016-07-04,1.5040247393527855,1.3423333576053975
2016-07-05,1.5031346657456441,1.3415389720728137
2016-07-06,1.5043276627495745,1.342603714980293
2016-07-07,1.5057640608713434,1.3438856919738906
2016-07-08,1.5060124298421218,1.3441073598399482
2016-07-11,1.5045213156992898,1.3427765491148653
2016-07-12,1.5059957508171513,1.3440924739068885
2016-07-13,1.5069953423008007,1.3449846035091304
2016-07-14,1.5061490367551442,1.3442292807175984
2016-07-15,1.5053520973329313,1.3435180169049517
2016-07-18,1.5058473141088586,1.3439599950055638
2016-07-19,1.507010294676152,1.3449979484174184
2016-07-20,1.5055025576963679,1.3436523019067563
2016-07-21,1.50478372449863,1.3430107474464932
2016-07-22,1.5053584762266672,1.3435237100306177
2016-07-25,1.5064847209009549,1.3445288768710064
2016-07-27,1.5075636278149545,1.3461794412286838
2016-07-28,1.5073440652097854,1.345983382727611
2016-07-29,1.507557698865844,1.3461741469716102
2016-08-01,1.5077295799593466,1.3463276282510337
2016-08-02,1.509249410665792,1.347684761584192
2016-08-03,1.50855099259506,1.3470611089363997
2016-08-04,1.5090310495218744,1.347489775928342
2016-08-05,1.5088098831787884,1.3472922853689646
2016-08-08,1.5083991728903448,1.3469255414807446
2016-08-09,1.5097690380354254,1.3481487630161673
2016-08-10,1.5101738120039192,1.3485102060655203
2016-08-11,1.5112939813548651,1.3495104616587938
2016-08-12,1.5125232263526656,1.350608116387086
2016-08-15,1.5119569206098111,1.3501024334862683
2016-08-16,1.510555488560135,1.3488510242729224
2016-08-17,1.5125597810774716,1.3506407579407196
2016-08-18,1.5136302150092822,1.3515966022749888
2016-08-19,1.5139156448086741,1.3518514769089784
2016-08-22,1.5144949935209202,1.3523688065336381
2016-08-23,1.5147881360434146,1.352630568246279
2016-08-25,1.5150737609682992,1.3545411299336916
2016-08-26,1.516025824624191,1.3553923158055903
2016-08-29,1.517824651811662,1.3570005447076043
2016-08-30,1.5167636156514919,1.3560519327282252
2016-08-31,1.5164201242727622,1.3557448366565663
2016-09-01,1.5161750777430223,1.3555257545155965
2016-09-02,1.5165131702208245,1.355828023737533
2016-09-05,1.5161741429403073,1.3555249187617484
2016-09-06,1.5161590803392817,1.3555114521483476
2016-09-07,1.5162468938478708,1.355589961203294
2016-09-08,1.5167100072249913,1.3560040044883754
2016-09-09,1.5161105472077683,1.3554680614405858
2016-09-12,1.5164882666640587,1.3558057588862829
2016-09-13,1.516784811100368,1.3560708823714767
2016-09-14,1.5180958736689225,1.3572430287175983
2016-09-15,1.5185469222078085,1.3576462855181959
2016-09-16,1.519193726577929,1.358224556454516
2016-09-19,1.519627658703164,1.358612510444858
2016-09-20,1.5203123520760338,1.3592246557798497
2016-09-21,1.52116069268854,1.3599831087881695
2016-09-23,1.5211587742636903,1.359032356896021
2016-09-26,1.520257248432078,1.3582269164670087
2016-09-27,1.5215254425283438,1.3593599453400032
2016-09-28,1.5216474810637426,1.3594689769027837
2016-09-29,1.5226085494328634,1.3603276137741758
2016-09-30,1.523530201124134,1.3611510350313232
2016-10-03,1.524355252058644,1.3618881513238872
2016-10-04,1.5240945595367446,1.3616552436363687
2016-10-05,1.524949753104994,1.3624192899347067
2016-10-06,1.5247484239535822,1.3622394186183233
2016-10-07,1.5242093633192844,1.361757811532505
2016-10-10,1.5232574018953453,1.3609073109802035
2016-10-11,1.524403385747704,1.3619311548827504
2016-10-12,1.5233679560736424,1.3610060821985914
2016-10-13,1.5231194572998885,1.3607840686389983
2016-10-14,1.5246465409304013,1.3621483943758417
2016-10-17,1.524608096794061,1.3621140476487916
2016-10-18,1.5245697735450738,1.362079808924816
2016-10-19,1.5260203211174859,1.3633757558828048
2016-10-20,1.5272203102406505,1.364447849127702
2016-10-24,1.525554889921515,1.3634561558511162
2016-10-25,1.5259111601864552,1.363774570409051
2016-10-26,1.5252068001450558,1.363145052559037
2016-10-27,1.525843092356672,1.363713735166644
2016-10-28,1.5261978291823557,1.3640307792218143
2016-10-31,1.525570741495334,1.3634703231066152
2016-11-01,1.5266527447984282,1.3644373575109499
2016-11-02,1.526925513574941,1.36468114308033
2016-11-03,1.527847112434746,1.3655048169100479
2016-11-04,1.5279624474393836,1.3656078969257832
2016-11-07,1.5287372898955647,1.36630040804005
2016-11-08,1.528894914595401,1.366441284234493
2016-11-09,1.528648854909564,1.3662213697656154
2016-11-10,1.5283367515781126,1.3659424291576174
2016-11-11,1.5297428288521773,1.3671991028621109
2016-11-14,1.5298888591086026,1.367329616587562
2016-11-15,1.5291771559167626,1.3666935358378858
2016-11-16,1.5287339578806205,1.3662974300703181
2016-11-17,1.5300334841283858,1.3674588743906184
2016-11-18,1.529808450560677,1.3672577518972933
2016-11-22,1.5302733991489028,1.36934866935841
2016-11-23,1.528997617201697,1.3682070496238126
2016-11-24,1.530083661283644,1.3691788844732622
2016-11-25,1.5306106181029588,1.369650426107417
2016-11-28,1.5303565533265437,1.3694230789786566
2016-11-29,1.5319622240758124,1.3708598961546996
2016-11-30,1.5325501115588482,1.371385960937029
2016-12-01,1.5322430024495601,1.371111147658313
2016-12-02,1.5335238129259308,1.3722572671180735
2016-12-05,1.533922542627704,1.3726140660971713
2016-12-06,1.5333097554361879,1.3720657200788915
2016-12-07,1.5329445510042328,1.371738920826405
2016-12-08,1.5336952234568344,1.3724106519854682
2016-12-09,1.5339348967349786,1.372625121037005
2016-12-12,1.533702516385852,1.3724171779844507
2016-12-13,1.5340422987357267,1.372721228560597
2016-12-14,1.5342116033809938,1.3728727289989118
2016-12-15,1.5344289995783982,1.3730672636446848
2016-12-16,1.5347021990330487,1.3733117332341733
2016-12-19,1.5351647086630809,1.3737256049951294
2016-12-21,1.536118639936963,1.374706331596872
2016-12-22,1.5368962317074362,1.3754022155621306
2016-12-23,1.5373994730051452,1.3758525772596555
2016-12-26,1.5371023713086,1.3755866944217352
2016-12-27,1.536789541036314,1.3753067357357025
2016-12-28,1.53766823388403,1.3760930972769787
2016-12-29,1.5378845501629135,1.3762866834691367
2016-12-30,1.5385447157204486,1.3768774801356514
2017-01-02,1.5386009108770295,1.3769277704163292
2017-01-03,1.5391422040595881,1.377412185581908
2017-01-04,1.539290555442963,1.3775449484953475
2017-01-05,1.539027134933911,1.3773092076923579
2017-01-06,1.5393179870250837,1.3775694976210768
2017-01-09,1.5413206595275977,1.379361733258185
2017-01-10,1.5415504212745614,1.3795673520952318
2017-01-11,1.5402121603952275,1.3783697130221038
2017-01-12,1.5405355796991282,1.3786591480652535
2017-01-13,1.5413831325207923,1.3794176417128223
2017-01-16,1.541522853263559,1.3795426808762978
2017-01-17,1.5411802189516675,1.379236049900191
2017-01-19,1.5422610290338157,1.379463731195463
2017-01-20,1.541624700961819,1.3788945723566306
2017-01-23,1.5409808760444488,1.378318708021066
2017-01-24,1.5410915062051245,1.3784176603328702
2017-01-25,1.5413047416114474,1.3786083871318306
2017-01-26,1.5409948612389346,1.378331216972666
2017-01-27,1.5406788566827507,1.3780485690836628
2017-01-30,1.541573984721412,1.378849209598377
2017-01-31,1.541492275780024,1.378776125652769
2017-02-01,1.542018901504623,1.3792471620553772
2017-02-02,1.5427235394965861,1.379877420186288
2017-02-03,1.5422625069207578,1.379465053080278
2017-02-06,1.542177264489329,1.3793888086311858
2017-02-07,1.542019812788522,1.3792479771463793
2017-02-08,1.5426247207284818,1.3797890324853768
2017-02-09,1.5440297665728078,1.3810457651307766
2017-02-10,1.5443083094173033,1.3812949056746482
2017-02-13,1.5443362518270356,1.381319898552029
2017-02-14,1.5434105321751828,1.3804918955999048
2017-02-15,1.5426481046262135,1.3798099480361217
2017-02-17,1.54176935732381,1.379903746403553
2017-02-20,1.5420152854560074,1.3801238552994481
2017-02-21,1.541424766412838,1.3795953330298094
2017-02-22,1.5417074713235193,1.379848357623613
2017-02-23,1.5421921574579376,1.380282158055264
2017-02-24,1.5421686626718927,1.380261129914362
2017-02-27,1.5419390087910516,1.3800555866863535
2017-02-28,1.5413838511189892,1.379558713306503
2017-03-01,1.5411488790188022,1.3793484102025997
2017-03-02,1.542221053641863,1.380308020517938
2017-03-03,1.543013635197981,1.3810173913803323
2017-03-06,1.5431039574861065,1.381098231009928
2017-03-07,1.5437718964814375,1.3816960451496683
2017-03-08,1.544481190279996,1.3823308723793588
2017-03-09,1.5442265846783583,1.382102997034784
2017-03-10,1.5437740635341657,1.3816979846902127
2017-03-13,1.5447749198850964,1.3825937642189083
2017-03-14,1.545815014916517,1.3835246628800184
2017-03-15,1.546938899797355,1.3845305545526136
2017-03-16,1.5472689887866542,1.3848259885167258
2017-03-20,1.5466034854698478,1.3844638081256129
2017-03-21,1.5467943101134023,1.384634627482469
2017-03-22,1.546748868396339,1.3845939496919144
2017-03-23,1.547977295433037,1.3856935933880585
2017-03-24,1.5488623589389434,1.3864858704023884
2017-03-27,1.5487778661683345,1.3864102355133847
2017-03-28,1.5504476218734935,1.3879049407587318
2017-03-29,1.550100988044898,1.3875946466239577
2017-03-30,1.550033128697958,1.3875339013775103
2017-03-31,1.5480518577609144,1.385760338901932
2017-04-03,1.546834806968305,1.384670878810287
2017-04-04,1.5474257229273547,1.3851998455212986
2017-04-05,1.5477411921421902,1.3854822422148407
2017-04-06,1.5475388418850513,1.3853011055432856
2017-04-07,1.5470828151802356,1.3848928868406332
2017-04-10,1.5483265616709858,1.3860062439609968
2017-04-11,1.550492098932871,1.3879447550224253
2017-04-12,1.5515107667238488,1.3888566297869411
2017-04-13,1.5509069681519718,1.3883161310243202
2017-04-14,1.5513340193988232,1.3886984119392638
2017-04-18,1.5523650847812764,1.389709189123016
2017-04-19,1.5542598001123298,1.391405377302041
2017-04-20,1.5538659109318955,1.391052759597023
2017-04-21,1.5541973567103717,1.391349476682817
2017-04-24,1.5560117968172276,1.3929738008281685
2017-04-25,1.5553674780102846,1.3923969933648266
2017-04-26,1.5550010158150032,1.3920689288616748
2017-04-27,1.5557081730351365,1.39270199056643
2017-04-28,1.5556280395104343,1.3926302533850625
2017-05-01,1.555765725981945,1.3927535131495035
2017-05-02,1.5564912311218773,1.3934030002898703
2017-05-03,1.5576222128326838,1.3944154784057765
2017-05-04,1.5583937659972686,1.3951061886860012
2017-05-05,1.5578472553559708,1.3946169411065428
2017-05-08,1.5574131608306887,1.3942283307489363
2017-05-09,1.557350942926054,1.3941726319995593
2017-05-10,1.5582287269047186,1.3949584422919796
2017-05-11,1.558617998098653,1.3953069258803925
2017-05-12,1.5602858872823853,1.3968000546216888
2017-05-15,1.560431831816047,1.3969307071734116
2017-05-17,1.5612029118014532,1.396804871237302
2017-05-18,1.5612037419533284,1.3968056139723908
2017-05-19,1.5612397197564574,1.3968378032350977
2017-05-22,1.560785459077486,1.3964313771873351
2017-05-23,1.561863649752103,1.3973960320538124
2017-05-24,1.563224966418816,1.3986139991335478
2017-05-25,1.5649468525060906,1.4001545668946247
2017-05-26,1.5649853000438314,1.4001889658235516
2017-05-29,1.5635213243924104,1.3988791499720568
2017-05-30,1.563248794619346,1.3986353181730664
2017-05-31,1.5634951935926256,1.398855770801961
2017-06-01,1.5634619798536573,1.3988260545414852
2017-06-02,1.5643045183148485,1.3995798718818837
2017-06-05,1.5652685375036808,1.400442377766768
2017-06-06,1.5648363697785574,1.4000557182370676
2017-06-07,1.5646596032029365,1.399897565563874
2017-06-08,1.5650801998012462,1.4002738724314208
2017-06-09,1.5660375199589232,1.4011303847076075
2017-06-12,1.5652277790992581,1.4004059113104148
2017-06-13,1.5648626742213811,1.4000792527652148
2017-06-15,1.5643570843997912,1.4004070983903605
2017-06-16,1.5649388961407118,1.4009279342660295
2017-06-19,1.5656167512453278,1.4015347478315836
2017-06-20,1.5672620503436714,1.4030076139433383
2017-06-21,1.5686935339498485,1.4042890731595945
2017-06-22,1.5682101396481318,1.4038563402380666
2017-06-23,1.568761232272259,1.4043496764657057
2017-06-26,1.5690920943686195,1.4046458630799719
2017-06-27,1.570351785123196,1.4057735339244852
2017-06-28,1.5707989267986702,1.406173813619297
2017-06-29,1.5715091976676256,1.4068096456659467
2017-06-30,1.5715704455972015,1.4068644746025079
2017-07-03,1.572310970049497,1.407527389553236
2017-07-04,1.5729345599849567,1.4080856251254152
2017-07-05,1.5726170251324276,1.407801369014133
2017-07-06,1.5728313343601363,1.4079932178999959
2017-07-07,1.5723629028891057,1.4075738796531962
2017-07-10,1.5727216364629393,1.4078950167185358
2017-07-11,1.5727664313456824,1.4079351169439835
2017-07-12,1.5722912405364962,1.4075097277608422
2017-07-14,1.5729511948287287,1.4077135811522112
2017-07-17,1.5729670910527254,1.407727807487067
2017-07-18,1.573174939979792,1.4079138220045049
2017-07-19,1.5735430359114064,1.4082432496713035
2017-07-20,1.574355221335261,1.4089701154859153
2017-07-21,1.5743628292524559,1.4089769241958072
2017-07-24,1.5742755223278435,1.4088987888131523
2017-07-25,1.575582396397431,1.4100683765172477
2017-07-26,1.5763710249096887,1.4107741600602075
2017-07-27,1.5771185727559431,1.4114431784373784
2017-07-28,1.5782382021795611,1.4124451914373153
2017-07-31,1.5789697422653775,1.413099883660028
2017-08-01,1.5790612196173572,1.4131817513690663
2017-08-02,1.5795622857773908,1.41363018081866
2017-08-03,1.5791038927850822,1.4132199417451916
2017-08-04,1.5790250546646734,1.4131493855237545
2017-08-07,1.5803920368846829,1.4143727670518194
2017-08-08,1.5803183590467984,1.4143068290282106
2017-08-09,1.5799711510546712,1.4139960950349317
2017-08-10,1.5803611069130423,1.4143450862558187
2017-08-14,1.581104917726359,1.4148429577880373
2017-08-15,1.5811795876180295,1.414909775726053
2017-08-16,1.5816127865387501,1.415297421375264
2017-08-17,1.5828507503965097,1.4164052064605612
2017-08-18,1.5828207607506795,1.416378370392484
2017-08-21,1.5823332027872183,1.4159420818556623
2017-08-22,1.5829137630199963,1.4164615929568602
2017-08-23,1.5835571168358014,1.4170372945472183
2017-08-24,1.5836302140980925,1.4171027052265646
2017-08-25,1.5836270642702506,1.4170998866206073
2017-08-28,1.58393500151242,1.4173754425521836
2017-08-29,1.5837138186652686,1.4171775183093536
2017-08-30,1.584194768400501,1.417607893509832
2017-08-31,1.5830848671176192,1.4166147045086976
2017-09-01,1.5836824517858312,1.417149449831429
2017-09-04,1.5838057115759323,1.4172597481702982
2017-09-05,1.583119727654885,1.4166458992669344
2017-09-06,1.5832951565243225,1.41680288081682
2017-09-07,1.5836101983930513,1.4170847942840303
2017-09-08,1.5843193782599905,1.4177193999507984
2017-09-12,1.5858161601501213,1.4181081891186664
2017-09-13,1.586629995623187,1.418835957429995
2017-09-14,1.5868620825409538,1.419043499998259
2017-09-15,1.5863278306004642,1.4185657478660139
2017-09-18,1.5865876317520513,1.4187980737495975
2017-09-19,1.5873440276553423,1.4194744770122374
2017-09-20,1.5873432995794163,1.419473825933973
2017-09-21,1.5884441446229878,1.4204582511217523
2017-09-22,1.5889817430360775,1.420938995820424
2017-09-25,1.5878028393393142,1.419884767071485
2017-09-26,1.5887699346689608,1.420749587244903
2017-09-27,1.5879177885614184,1.4199875598398366
2017-09-28,1.5875504127210265,1.4196590358275103
2017-09-29,1.5870512573211637,1.4192126686016135
2017-10-02,1.5876015470434521,1.4197047624402155
2017-10-03,1.5878785947369922,1.4199525109578925
2017-10-04,1.5887346945668597,1.4207180739594218
2017-10-05,1.5888703765342864,1.4208394068818366
2017-10-06,1.588817642523092,1.4207922497554313
2017-10-09,1.5885417424034909,1.4205455274500236
2017-10-11,1.5894510461386526,1.4222186166019906
2017-10-12,1.5901035986486554,1.422802511482107
2017-10-13,1.591202052284784,1.4237853924676973
2017-10-16,1.5911141371834985,1.42370672726185
2017-10-17,1.591923568288642,1.4244309949197866
2017-10-18,1.5920196840724414,1.424516997981914
2017-10-19,1.5917637070278967,1.4242879532944046
2017-10-20,1.592450356988153,1.424902358097206
2017-10-23,1.5927491344083646,1.425169699963618
2017-10-24,1.5928084952375718,1.425222815205261
2017-10-25,1.5937918736281824,1.4261027284669423
2017-10-26,1.5946984071791985,1.426913882038461
2017-10-27,1.5940645100802093,1.4263466797597983
2017-10-30,1.5929776845776327,1.4253742034658492
2017-10-31,1.5928402893752784,1.4252512641560198
2017-11-01,1.5922871900711997,1.4247563586167762
2017-11-02,1.593744558744556,1.4260603917693133
2017-11-03,1.5937668960118596,1.4260803788443983
2017-11-06,1.5945540850721553,1.4267847446309745
2017-11-07,1.5957402076198721,1.4278460705353062
2017-11-09,1.5952063977305584,1.428092456565864
2017-11-10,1.594898434783432,1.4278167558400403
2017-11-13,1.5953881151890599,1.428255137289864
2017-11-14,1.5966371975198563,1.4293733656625547
2017-11-15,1.5967920994301026,1.4295120400371342
2017-11-16,1.5966750535777472,1.4294072559169986
2017-11-17,1.596468451668828,1.429222297639462
2017-11-20,1.597646541401035,1.4302769706034848
2017-11-21,1.5985619454356481,1.4310964768431793
2017-11-22,1.5989044030011057,1.431403058528546
2017-11-23,1.5977467313201223,1.4303666646191784
2017-11-24,1.5996495327282823,1.4320701284099466
2017-11-27,1.5996050791778513,1.4320303318167733
2017-11-28,1.5993004450167956,1.4317576111531432
2017-11-29,1.5986508023092958,1.4311760250641183
2017-11-30,1.5978904633046696,1.4304953392303077
2017-12-01,1.5976178938166758,1.430251324142199
2017-12-04,1.5989988777535675,1.431487636098896
2017-12-05,1.599976638037732,1.4323629661427897
2017-12-06,1.600496971304664,1.432828789257882
2017-12-08,1.5998756812027064,1.4319866461360944
2017-12-11,1.6001320426573034,1.4322161053271303
2017-12-12,1.6004538468591503,1.432504139782013
2017-12-13,1.6007367901668275,1.4327573913583498
2017-12-14,1.6017944884647242,1.433704096065487
2017-12-15,1.602502778882667,1.4343380593365067
2017-12-18,1.6015442227627024,1.4334800929460623
2017-12-19,1.602790379542696,1.4345954795282256
2017-12-20,1.601928379312186,1.433823936568007
2017-12-21,1.602150775378963,1.4340229946582823
2017-12-22,1.6022295880305426,1.4340935368047345
2017-12-25,1.6034819243198497,1.4352144544259158
2017-12-26,1.6037901603341072,1.4354903445225407
2017-12-27,1.6048520513031155,1.4364408019269117
2017-12-28,1.6058561368436712,1.437339519935159
2017-12-29,1.6056819933342954,1.4371836508367863
2018-01-01,1.6053653627127542,1.4369002470528973
2018-01-02,1.6063869893675646,1.4378146654319088
2018-01-03,1.6075447559044014,1.4388509373370153
2018-01-04,1.60725342343857,1.438590176950719
2018-01-08,1.6061051663811878,1.437989991740538
2018-01-09,1.6057841308489238,1.4377025598263322
2018-01-10,1.606475443646141,1.438321511128133
2018-01-11,1.604896948884909,1.436908241489146
2018-01-12,1.605204815901438,1.4371838832701593
2018-01-15,1.6057301644546722,1.4376542422339051
2018-01-16,1.6072682368831266,1.4390313206500545
2018-01-17,1.608018225330269,1.4397028058700054
2018-01-18,1.6080566537727183,1.4397372119081633
2018-01-19,1.607551298330098,1.4392847533245219
2018-01-22,1.6074770421196742,1.4392182697033686
2018-01-23,1.6079818079575325,1.4396702003977007
2018-01-24,1.6082897086190977,1.4399458723020373
2018-01-25,1.6086121595247211,1.4402345714388185
2018-01-26,1.6080897927028706,1.4397668821009335
2018-01-29,1.6079344899242274,1.4396278352651142
2018-01-30,1.6081579258296166,1.439827883557387
2018-01-31,1.6084196235282144,1.4400621886821834
2018-02-01,1.6083483898066302,1.439998411178159
2018-02-02,1.6081452828724618,1.4398165639712008
2018-02-06,1.6089198868728491,1.4418866280384914
2018-02-07,1.6095685593694549,1.4424679572932686
2018-02-08,1.6091582002158233,1.4421002004017403
2018-02-09,1.608337957104424,1.4413651124811315
2018-02-12,1.6089057098571244,1.4418739228382103
2018-02-13,1.6102629247703926,1.4430902357514772
2018-02-14,1.6109054746304272,1.4436660780035315
2018-02-15,1.6100527899255097,1.4429019164787815
2018-02-16,1.609513644257522,1.442418743304294
2018-02-19,1.6094383795753275,1.4423512923766841
2018-02-20,1.6096695398538292,1.442558454285257
2018-02-21,1.610345397984691,1.443164146842911
2018-02-22,1.6097407891685158,1.4426223067088249
2018-02-23,1.6107479902712984,1.4435249432003598
2018-02-26,1.6093554963885774,1.4422770138749144
2018-02-27,1.608848636510211,1.4418227746757668
2018-02-28,1.6101170051685942,1.4429594650870592
2018-03-01,1.610659797635929,1.4434459064610738
2018-03-02,1.6112010165746284,1.443930937665498
2018-03-05,1.6116312074408576,1.4443164674004347
2018-03-07,1.6118747564428912,1.4441330780918231
2018-03-08,1.6123033048802982,1.4445170291224787
2018-03-09,1.6120474729390892,1.4442878206388448
2018-03-12,1.6122139897339858,1.4444370086639111
2018-03-13,1.6123891800144936,1.4445939675579134
2018-03-14,1.613027582326866,1.4451659337685276
2018-03-15,1.6128407756754966,1.4449985673752195
2018-03-16,1.6135028788363195,1.4455917679770849
2018-03-19,1.6157447970346,1.4476003782711364
2018-03-20,1.6148092115673498,1.4467621556268289
2018-03-21,1.6146265411793888,1.4465984950517203
2018-03-22,1.6150135733625401,1.4469452502668763
2018-03-23,1.6164555184997955,1.448237137655261
2018-03-26,1.6168085650085045,1.4485534439559171
2018-03-27,1.6172910139984484,1.4489856863135104
2018-03-28,1.617977223866466,1.4496004849291946
2018-03-29,1.6175232627109482,1.4491937657853953
2018-03-30,1.6175376190348945,1.449206628101284
2018-04-02,1.6174677640295438,1.4491440426407862
2018-04-03,1.617251228000004,1.4489500406926774
2018-04-05,1.6166157045099177,1.4497098977621445
2018-04-06,1.616056827865573,1.449208721755581
2018-04-09,1.6141824161479021,1.4475278317258675
2018-04-10,1.6165029769440629,1.449608808636563
2018-04-11,1.6166599148797216,1.4497495436783074
2018-04-12,1.6187240623586234,1.4516005803979537
2018-04-13,1.6187581896195053,1.4516311842252865
2018-04-16,1.6200042580966842,1.4527486036587463
2018-04-17,1.6191680334369052,1.4519987141440938
2018-04-18,1.619775951510171,1.4525438683482645
2018-04-19,1.6212384541812062,1.4538553764523787
2018-04-20,1.6212377646646254,1.4538547581242203
2018-04-23,1.622962513782543,1.4554014373136073
2018-04-24,1.6232269707329483,1.455638590681266
2018-04-25,1.6248581155517579,1.457101329650036
2018-04-26,1.6250851392305998,1.4573049145053143
2018-04-27,1.6270379808756024,1.4590561370460977
2018-04-30,1.6270695207740493,1.4590844206405384
2018-05-01,1.6263361840187933,1.4584267964757345
2018-05-02,1.6268993806449297,1.4589318464520635
2018-05-04,1.6274762563997465,1.4596751868600049
2018-05-07,1.6271825386248302,1.4594117528797552
2018-05-08,1.6268224320536155,1.4590887751253578
2018-05-09,1.6284024629976661,1.460505896852592
2018-05-10,1.6282798528806077,1.460395928461456
2018-05-11,1.63024469776534,1.4621581878572503
2018-05-14,1.631477379769042,1.4632637740844023
2018-05-15,1.6317628116921288,1.4635197765262378
2018-05-16,1.631733970451725,1.4634939089642318
2018-05-17,1.6317475715119463,1.4635061076860516
2018-05-18,1.6330271459400931,1.464653751490477
2018-05-21,1.6339517912243262,1.4654830611487497
2018-05-22,1.6338820176141222,1.4654204815522045
2018-05-23,1.6335633701794237,1.4651346882867378
2018-05-24,1.6341699720569487,1.46567874642918
2018-05-25,1.634415317292737,1.465898795324816
2018-05-28,1.6338778498813098,1.4654167435338168
2018-05-29,1.6346048352690432,1.4660687730350224
2018-05-30,1.634996359976052,1.466419929555811
2018-05-31,1.6334173645538574,1.4650037365828692
2018-06-04,1.634963652041065,1.4676550252057863
2018-06-05,1.634276990703863,1.4670386310976353
2018-06-06,1.6347068499570996,1.4674245021182883
2018-06-07,1.6348623522246408,1.4675640915728325
2018-06-08,1.6355914842910297,1.4682186103078139
2018-06-11,1.6358294476167554,1.468432222439423
2018-06-12,1.6349503115316015,1.4676430498534727
2018-06-13,1.6344054085546251,1.4671539077300924
2018-06-14,1.63411678693768,1.4668948212568464
2018-06-15,1.6355001135602814,1.4681365897002165
2018-06-18,1.6367382734466316,1.4692480465677387
2018-06-19,1.639453818603761,1.4716857053444699
2018-06-20,1.640446927214086,1.4725771874521603
2018-06-21,1.639810632825232,1.4720060061563889
2018-06-22,1.6390863853194277,1.4713558721365534
2018-06-25,1.6392941625686241,1.4715423871844726
2018-06-26,1.639837504194833,1.4720301277327799
2018-06-27,1.6405439484740938,1.4726642803606933
2018-06-28,1.640203393082062,1.4723585745843892
2018-06-29,1.639852607381185,1.4720436853842411
2018-07-03,1.6402776512125106,1.4735873033197655
2018-07-04,1.6396995347098042,1.4730679368956738
2018-07-05,1.6404700418623188,1.4737601426062275
2018-07-06,1.6405330460694787,1.4738167441210124
2018-07-09,1.638550688367949,1.4720358400542815
2018-07-10,1.6389683113349278,1.472411022817553
2018-07-11,1.639122105556943,1.4725491879707013
2018-07-12,1.6402645760522465,1.4735755568997984
2018-07-13,1.6404615523774442,1.4737525158504072
2018-07-16,1.6402138296944435,1.4735299675518652
2018-07-17,1.6402970667515353,1.4736047457885897
2018-07-18,1.6418702254497275,1.4750180349851165
2018-07-19,1.6428799277328616,1.4759251280394294
2018-07-20,1.6424459901947894,1.4755352886448219
2018-07-23,1.6430741046090915,1.4760995720301766
2018-07-24,1.6431251209783495,1.476145403950123
2018-07-25,1.644179974964423,1.4770930602445222
2018-07-26,1.6445237546668232,1.4774019039358457
2018-07-27,1.6452132692849968,1.478021347836726
2018-07-30,1.6466576716239223,1.4793189653138359
2018-08-01,1.6478081496696135,1.4807135593615848
2018-08-02,1.6489336519089308,1.4817249309992253
2018-08-03,1.6493654424460606,1.482112936182511
2018-08-06,1.6493358029119276,1.4820863022202424
2018-08-07,1.6510612553059567,1.4836367865751015
2018-08-08,1.6510643559719531,1.4836395728206875
2018-08-09,1.651223568732135,1.4837826407457197
2018-08-10,1.6526437929586706,1.4850588483369898
2018-08-13,1.6544471828968046,1.4866793670452791
2018-08-14,1.6547793379855582,1.4869778402284752
2018-08-15,1.6548703105395608,1.4870595877876607
2018-08-16,1.6545374767085723,1.4867605046895114
2018-08-17,1.65559147723187,1.4877076251821089
2018-08-20,1.657362353736408,1.4892989274540085
2018-08-21,1.657752992989191,1.489649954264096
2018-08-22,1.6579888738531383,1.489861915828742
2018-08-23,1.6578082658071367,1.4896996221887342
2018-08-24,1.6589198188422307,1.490698459129396
2018-08-27,1.6577537193155603,1.4896506069379547
2018-08-28,1.6595598308192472,1.4912735712337464
2018-08-30,1.6607368195874102,1.4925642314467438
2018-08-31,1.6598001338387562,1.4917223980941876
2018-09-03,1.6596244125546569,1.4915644710221452
2018-09-04,1.6599130365976307,1.4918238678861138
2018-09-05,1.6610612681402732,1.492855825093152
2018-09-06,1.6623998566716018,1.4940588630091671
2018-09-07,1.6620385560167987,1.4937341490461857
2018-09-10,1.6625872127092498,1.4942272466549327
2018-09-11,1.6627711208183176,1.4943925315226072
2018-09-12,1.66271669797726,1.4943436197474371
2018-09-13,1.6640730685651404,1.4955626390406682
2018-09-14,1.6645137949593956,1.4959587357877033
2018-09-17,1.6653618642829073,1.4967209263546442
2018-09-18,1.666257585945808,1.4975259438020863
2018-09-19,1.6668642231767126,1.498071150617298
2018-09-20,1.6680406436229829,1.4991284422113278
2018-09-21,1.6695357311451557,1.5004721314293654
2018-09-24,1.6685125883747476,1.499552596025102
2018-09-25,1.6688446954792853,1.4998510726888308
2018-09-26,1.6696242634224234,1.500551698588243
2018-09-28,1.670260358340254,1.5016789112034972
2018-10-01,1.669741951041003,1.5012128273951784
2018-10-02,1.6705491571460571,1.5019385611880578
2018-10-03,1.6705935070364675,1.501978434789087
2018-10-04,1.6706208020730593,1.5020029749038217
2018-10-05,1.6717751120898803,1.5030407789806504
2018-10-08,1.67061041623556,1.5019936373217673
2018-10-09,1.6730819141153261,1.5042156838587617
2018-10-10,1.6726394791765495,1.5038179044264577
2018-10-11,1.6737512978150426,1.504817505832413
2018-10-12,1.674388019130896,1.5053899620770674
2018-10-15,1.676510429933938,1.5072981553284512
2018-10-16,1.6776037941795645,1.5082811649662737
2018-10-17,1.6783531310617168,1.508954870348609
2018-10-18,1.679419388445999,1.5099135090541835
2018-10-19,1.6795639074125237,1.5100434415423825
2018-10-22,1.6788589225460238,1.509409611671815
2018-10-23,1.6789117023250155,1.509457064322328
2018-10-24,1.6799178020082963,1.5103616171181882
2018-10-25,1.681512429142412,1.5117952965601849
2018-10-29,1.6812231123698484,1.5125226705445476
2018-10-30,1.6820077913648885,1.5132286118085987
2018-10-31,1.6809977136128722,1.5123198891722653
2018-11-01,1.681508526009517,1.5127794446736358
2018-11-02,1.682761299541428,1.5139065100548643
2018-11-05,1.6829092348793042,1.5140396009876893
2018-11-06,1.682420597385069,1.5135999952730932
2018-11-07,1.6830446298061936,1.51416140986296
2018-11-08,1.6841699827670504,1.5151738405469881
2018-11-09,1.684538110070337,1.5155050285301714
2018-11-12,1.6849318703935714,1.5158592774167534
2018-11-13,1.6846700323453272,1.515623713212891
2018-11-14,1.6854080710592758,1.5162876942623862
2018-11-15,1.6859883442980843,1.5168097406358572
2018-11-16,1.6861813419772715,1.5169833721800496
2018-11-19,1.6862603303498158,1.5170544345532133
2018-11-20,1.6871196167327531,1.5178274968107568
2018-11-21,1.6893133626370438,1.5198011137502578
2018-11-22,1.6918647902107742,1.5220965211944726
2018-11-23,1.6919237352357193,1.522149551447203
2018-11-27,1.6922379514114176,1.5228293628493068
2018-11-28,1.6928646235354194,1.5233932993279287
2018-11-29,1.693212064611567,1.523705958355683
2018-11-30,1.6923986211478022,1.5229739480668192
2018-12-03,1.6930953705419116,1.523600946436057
2018-12-04,1.6943917592941895,1.524767554746661
2018-12-05,1.6945614329605896,1.5249202425179529
2018-12-06,1.6960029575012112,1.5262174571891494
2018-12-07,1.69628564063575,1.526471841141063
2018-12-10,1.6972119537727426,1.5273054218103943
2018-12-11,1.6981906597796155,1.5281861503412844
2018-12-12,1.6986232340486858,1.5285754199460724
2018-12-13,1.6989652426111117,1.528883190304711
2018-12-14,1.6990756929872433,1.5289825835819806
2018-12-17,1.699665109728077,1.5295129942840617
2018-12-18,1.7012576232081071,1.5309460825126413
2018-12-19,1.702647762021658,1.532197055640827
2018-12-20,1.7030135091343337,1.5325261881024264
2018-12-21,1.703135607678433,1.53263606345888
2018-12-24,1.7039489196230826,1.5333679553949022
2018-12-26,1.7051128264480993,1.5342183073642461
2018-12-27,1.7062852569527078,1.535273231306159
2018-12-28,1.706215189817399,1.5352101866324763
2018-12-31,1.706996982260696,1.535913624117938
2019-01-01,1.7080020710974582,1.5368179781700393
2019-01-02,1.708319675683493,1.537103750913543
2019-01-03,1.7082805646506678,1.5370685597744878
2019-01-04,1.708938698784431,1.5376607325744684
2019-01-07,1.7094793635968963,1.5381472093873605
2019-01-08,1.7083258835728983,1.5371093366187396
2019-01-09,1.7089133969964032,1.5376379666520033
2019-01-10,1.7093757306794357,1.5380539630538936
2019-01-11,1.7107969024444192,1.5393326982237467
2019-01-14,1.7119328689501254,1.540354812762195
2019-01-15,1.7129411454974952,1.5412620350373822
2019-01-16,1.71332033795329,1.5416032230213508
2019-01-17,1.7127796109124385,1.5411166902168973
2019-01-18,1.712373868836939,1.5407516135424135
2019-01-21,1.713682061199911,1.5419286926433942
2019-01-22,1.7142676828231211,1.5424556204815882
2019-01-24,1.7150664078678755,1.5430914715570876
2019-01-25,1.7151711583030276,1.5431857183468234
2019-01-28,1.714547871780627,1.5426249306638273
2019-01-29,1.716796682013674,1.5446482458403392
2019-01-30,1.7191211779443147,1.5467396574788541
2019-01-31,1.7200695722078314,1.5475929533588229
2019-02-01,1.7195164549206385,1.5470952988279414
2019-02-04,1.7207553283769854,1.5482099466666823
2019-02-05,1.7240986561017575,1.5512180287298891
2019-02-06,1.7236650661644255,1.5508279161771734
2019-02-07,1.7237293572509316,1.5508857606004736
2019-02-08,1.7243017257512971,1.5514007359667046
2019-02-11,1.7254625678077322,1.552445176851846
2019-02-12,1.7267500579645658,1.5536035664463301
2019-02-13,1.72653706870075,1.5534119342651973
2019-02-14,1.7265746801748671,1.5534457743221635
2019-02-15,1.7262827246750634,1.5531830940902176
2019-02-18,1.7293063320960078,1.5559035151789824
2019-02-19,1.7298072754212381,1.5563542273900959
2019-02-20,1.7315875165795498,1.5579559583412144
2019-02-22,1.7314241568042334,1.5578402960810513
2019-02-25,1.7307410546085928,1.5572256782691603
2019-02-26,1.7316473472175367,1.5580411105482495
2019-02-27,1.7314493900262777,1.5578629995474123
2019-02-28,1.7313045683407253,1.5577326969542473
2019-03-01,1.729993448096321,1.5565530230183642
2019-03-04,1.7311136722003146,1.5575609390988836
2019-03-05,1.7310541136621218,1.5575073515995943
2019-03-06,1.7322699633223453,1.5586013062999657
2019-03-07,1.7343664301860693,1.5604875919607457
2019-03-08,1.7338239688514074,1.559999515065849
2019-03-11,1.734052843513947,1.5602054439081001
2019-03-12,1.733003820575611,1.5592615907231766
2019-03-13,1.7344818558607014,1.5605914456389087
2019-03-14,1.7348665876108769,1.5609376061226063
2019-03-15,1.7333798388352761,1.5595999112870123
2019-03-18,1.732909226428235,1.5591764801083245
2019-03-19,1.7327023864197846,1.5589903768367839
2019-03-20,1.7332351718425383,1.5594697478779402
2019-03-21,1.734379542075726,1.5604993893184211
2019-03-25,1.735483639831692,1.561076330779192
2019-03-26,1.7357199318469205,1.5612888766445976
2019-03-27,1.7382899354939985,1.5636006079518767
2019-03-28,1.7389114943436788,1.564159703287697
2019-03-29,1.7375757036717112,1.5629581528074594
2019-04-01,1.7387169304320798,1.5639846920630158
2019-04-02,1.7382455206658398,1.56356065658882
2019-04-03,1.7392319650616666,1.5644479683229162
2019-04-04,1.7404009694979299,1.5654994937387383
2019-04-05,1.7396427730371025,1.564817492179108
2019-04-08,1.740868067230229,1.565919650516548
2019-04-09,1.7406979779642968,1.5657666543597002
2019-04-10,1.741597308558014,1.56657560678724
2019-04-11,1.7430548380295066,1.567886661934715
2019-04-12,1.7432028393736134,1.5680197898939223
2019-04-15,1.7427390192172272,1.5676025813122596
2019-04-16,1.742545855431491,1.5674288295078889
2019-04-17,1.7434067961028494,1.5682032500056777
2019-04-18,1.7426056838200121,1.5674826454466193
2019-04-19,1.7427570547368838,1.5676188043536081
2019-04-23,1.7436733867550227,1.5690793072888265
2019-04-24,1.744305801821096,1.5696483986113934
2019-04-25,1.743968371015689,1.5693447547647719
2019-04-26,1.7448209474857705,1.5701119627219775
2019-04-29,1.7442201407238493,1.5695713147629213
2019-04-30,1.7446714444753955,1.5699774294534545
2019-05-01,1.7456413884865243,1.570850252935565
2019-05-02,1.7452040912816447,1.5704567423156726
2019-05-03,1.7454695437200909,1.570695614991828
2019-05-06,1.7447909910176076,1.5700850057960585
2019-05-07,1.7448074203227073,1.5700997900342426
2019-05-08,1.7455289587232563,1.5707490807685713
2019-05-09,1.7457955139701982,1.5709889458289679
2019-05-10,1.745808013585426,1.5710001938572695
2019-05-13,1.7477540563178389,1.5727513792602947
2019-05-14,1.7494161180406564,1.5742470186825166
2019-05-15,1.7487667821953998,1.5736627008589996
2019-05-16,1.7491081159210082,1.5739698568262812
2019-05-17,1.7505008074764343,1.5752230981257436
2019-05-20,1.7519331257798008,1.5765119983454376
2019-05-22,1.753806273020433,1.5793764620412762
2019-05-23,1.7540459634922692,1.579592313412786
2019-05-24,1.7542487995379308,1.5797749758203161
2019-05-27,1.754623082231763,1.5801120331600471
2019-05-28,1.7548628714960743,1.5803279734983442
2019-05-29,1.754755999738419,1.580231730976525
2019-05-30,1.7533149593775688,1.5789340133997378
2019-05-31,1.7547633925125483,1.5802383884811928
2019-06-03,1.7537389595268518,1.579315843403417
2019-06-04,1.752814627146773,1.578483443139684
2019-06-05,1.7534303126768915,1.5790378939072787
2019-06-06,1.7534219495136425,1.579030362526312
2019-06-07,1.753802949191042,1.5793734687928291
2019-06-10,1.754429061217705,1.5799373090599809
2019-06-11,1.754053508634802,1.5795991081316227
2019-06-12,1.7542469303716133,1.5797732925572725
2019-06-13,1.7546760088668016,1.5801596958254633
2019-06-14,1.754946168479923,1.5804029859428053
2019-06-17,1.756658524080182,1.5819450343271093
2019-06-18,1.757031062516225,1.5822805208891906
2019-06-20,1.758375447597792,1.5827251152831605
2019-06-21,1.7592480551183196,1.5835105549572703
2019-06-24,1.7591224072219485,1.5833974584729325
2019-06-25,1.7597632928090736,1.5839743237357815
2019-06-26,1.759938764422494,1.584132266870144
2019-06-27,1.7597102591564726,1.5839265878020017
2019-06-28,1.7608667976947063,1.5849675956218936
2019-07-01,1.7605163591201816,1.5846521635939828
2019-07-02,1.7605385120192998,1.584672103561786
2019-07-03,1.7612452002337475,1.5853081981951642
2019-07-04,1.7616784224603275,1.5856981443238158
2019-07-05,1.7621136744161825,1.5860899174249183
2019-07-08,1.7612879534349064,1.585346680628097
2019-07-09,1.7609646974319404,1.5850557158086895
2019-07-10,1.7609871828718866,1.585075955098643
2019-07-11,1.7607911143992883,1.5848994725980936
2019-07-12,1.7623785386834512,1.586328323465289
2019-07-15,1.7608671601325676,1.584967921854557
2019-07-16,1.7605555453279307,1.5846874353530724
2019-07-17,1.7613596955978645,1.5854112562130742
2019-07-19,1.762471525476902,1.5853922729900065
2019-07-22,1.7617937151938714,1.5847825637437938
2019-07-23,1.7623742335442958,1.5853047561842322
2019-07-24,1.7627611837402677,1.585652828673267
2019-07-25,1.763055996334483,1.5859180208208237
2019-07-26,1.7635491211560952,1.586361600345657
2019-07-29,1.7628870245368784,1.585766025978125
2019-07-30,1.7635109425325968,1.586327257609441
2019-07-31,1.7638714491426533,1.586651543355726
2019-08-01,1.7631806263648133,1.586030129007658
2019-08-02,1.7640111447643452,1.5867772034620027
2019-08-05,1.763488507261452,1.5863070764575748
2019-08-06,1.7619541309665896,1.5849268622035741
2019-08-07,1.7623976008764393,1.5853257757509511
2019-08-08,1.7615803083011339,1.5845905982942199
2019-08-09,1.7628723240557629,1.5857528024855279
2019-08-12,1.763123184752833,1.5859784586762706
2019-08-13,1.7633279123292653,1.5861626168388576
2019-08-14,1.7624549573147312,1.5853773694662308
2019-08-15,1.7631698291413438,1.5860204166041316
2019-08-19,1.7626019425985013,1.586741449982141
2019-08-20,1.7634647549039504,1.58751817671523
2019-08-21,1.7637531566340032,1.587777803672549
2019-08-22,1.7632540973365316,1.5873285371341668
2019-08-23,1.7627566585005419,1.5868807293785867
2019-08-26,1.7609611886706467,1.5852643993766538
2019-08-27,1.7602116721391838,1.5845896645320037
2019-08-28,1.7615087049005456,1.5857572881427002
2019-08-29,1.761515158715025,1.58576309803925
2019-08-30,1.7613980247357466,1.5856576508956661
2019-09-02,1.7625442382967162,1.5866895030250476
2019-09-03,1.7634262670758958,1.5874835289421745
2019-09-04,1.7630388224673263,1.5871347409344392
2019-09-05,1.7643554144537565,1.588319972283103
2019-09-06,1.763928341317724,1.5879355096141707
2019-09-09,1.7638378139104995,1.5878540144189535
2019-09-10,1.7646113113860429,1.5885503375513856
2019-09-11,1.7634993797683463,1.5875493469449962
2019-09-12,1.7630151003345895,1.5871133856355568
2019-09-13,1.7619997283973732,1.5861993206382412
2019-09-17,1.7615062129406995,1.586323605750727
2019-09-18,1.7611227108952787,1.5859782431610097
2019-09-19,1.760860377596315,1.5857419990298998
2019-09-20,1.7618632758258734,1.5866451585669066
2019-09-23,1.7617533302317723,1.5865461471129647
2019-09-24,1.7612525378345856,1.5860951587511856
2019-09-25,1.7620245686090805,1.5867904107082609
2019-09-26,1.7608232571326452,1.5857085702135019
2019-09-27,1.761096175300513,1.58595434654341
2019-09-30,1.7610120551250619,1.5858785921582947
2019-10-01,1.7615852155815848,1.5863947515424546
2019-10-02,1.7614214665657422,1.5862472874419358
2019-10-03,1.762941863179512,1.587616479909614
2019-10-04,1.762962575311386,1.5876351322103983
2019-10-07,1.7636199928060101,1.5882271692312695
2019-10-08,1.7635083074192743,1.5881265910078748
2019-10-09,1.7618834847999758,1.5866633577491922
2019-10-10,1.7616570678175996,1.586459458040382
2019-10-11,1.7640922902977345,1.5886524965191073
2019-10-14,1.761998242301898,1.586766702564498
2019-10-16,1.762613279547759,1.5875294061908778
2019-10-17,1.7620764239355178,1.587045877511501
2019-10-18,1.7621447154192,1.5871073854666469
2019-10-21,1.7632511057319564,1.588103875835014
2019-10-22,1.7628337542852122,1.5877279807353284
2019-10-23,1.762806200846909,1.5877031642347066
2019-10-24,1.7621716072806841,1.5871316061061873
2019-10-25,1.7624614026089098,1.5873926154896256
2019-10-28,1.7633763515267362,1.588216680716562
2019-10-29,1.7635966922703104,1.5884151345770117
2019-10-30,1.7635377579524603,1.588362054321855
2019-10-31,1.7627050563074742,1.587612066583003
2019-11-01,1.762213810486605,1.5871696171839502
2019-11-04,1.7614728822709125,1.586502286837619
2019-11-05,1.7618301477692417,1.5868240644453315
2019-11-06,1.7610462734078425,1.5861180538791342
2019-11-07,1.7610462734078425,1.586715586853271
2019-11-08,1.7615269841741608,1.587148710773524
2019-11-11,1.7623333031213535,1.5878752100488724
2019-11-12,1.761637698488002,1.5872484651809535
2019-11-14,1.761637698488002,1.5859696199818092
2019-11-15,1.761637698488002,1.5846125755854332
2019-11-18,1.761637698488002,1.5853097539789764
2019-11-19,1.761637698488002,1.5849393599179873
2019-11-20,1.761637698488002,1.5849644682105624
2019-11-21,1.761637698488002,1.5841968221757727
2019-11-22,1.761637698488002,1.5839829615312548
2019-11-25,1.761637698488002,1.5839578536374523
2019-11-26,1.761637698488002,1.5833385624518792
2019-11-27,1.761637698488002,1.5823207535760386
2019-11-28,1.761637698488002,1.5829061905567845
2019-11-29,1.761637698488002,1.5831106287981105
2019-12-02,1.761637698488002,1.583754332294617
2019-12-03,1.761637698488002,1.5853895439279198
2019-12-04,1.761637698488002,1.584912206532899
2019-12-05,1.761637698488002,1.584627189645717
2019-12-06,1.761637698488002,1.5842880755198168
2019-12-09,1.761637698488002,1.5855363357317283
2019-12-10,1.761637698488002,1.5857504579796078
2019-12-11,1.761637698488002,1.586957292990431
2019-12-13,1.761637698488002,1.5863012472919227
2019-12-16,1.761637698488002,1.585664622863419
2019-12-17,1.761637698488002,1.5847383669897972
2019-12-18,1.761637698488002,1.5849912038867515
2019-12-19,1.761637698488002,1.5850561823902594
2019-12-20,1.761637698488002,1.5848314392482736
2019-12-23,1.761637698488002,1.5850618231295204
2019-12-24,1.761637698488002,1.5847732660992888
2019-12-25,1.761637698488002,1.5849423388671728
2019-12-26,1.761637698488002,1.5857327561601973
2019-12-27,1.761637698488002,1.5872193066694908
2019-12-30,1.7610956727158797,1.5867309464516304
2019-12-31,1.7607463753841006,1.5864162327796627
2020-01-01,1.7602142129645835,1.5859367593514622
2020-01-02,1.7602142129645835,1.5852878303117146
2020-01-03,1.7602142129645835,1.5840767354774872
2020-01-06,1.7602142129645835,1.5842447796606831
2020-01-07,1.7602142129645835,1.5841566879861342
2020-01-08,1.7602142129645835,1.5836429575891948
2020-01-09,1.7602142129645835,1.584619058826705
2020-01-13,1.7602142129645835,1.5836485078956828
2020-01-14,1.7602142129645835,1.5831288318074674
2020-01-15,1.7602142129645835,1.5836624299592208
2020-01-16,1.7602142129645835,1.5843547805615212
2020-01-17,1.7602142129645835,1.5849795606112984
2020-01-20,1.7602142129645835,1.5845353114984828
2020-01-21,1.7602142129645835,1.5843701526859224
2020-01-22,1.7602142129645835,1.5829319949029796
2020-01-23,1.7602142129645835,1.5831152241481927
2020-01-24,1.7602142129645835,1.5840561484146964
2020-01-27,1.7602142129645835,1.5832857269684089
2020-01-28,1.7602142129645835,1.583357067327498
2020-01-29,1.7602142129645835,1.582713033343488
2020-01-30,1.7602142129645835,1.582117025499501
2020-01-31,1.7602142129645835,1.5830379534217716
2020-02-03,1.7602142129645835,1.5839617007178233
2020-02-04,1.7602142129645835,1.5852529668259008
2020-02-05,1.7602142129645835,1.585057704043253
2020-02-06,1.7602142129645835,1.5845047675982233
2020-02-07,1.7602142129645835,1.5830415021356241
2020-02-11,1.7602142129645835,1.5815650467130846
2020-02-12,1.7602142129645835,1.582100734633428
2020-02-13,1.7602142129645835,1.5826599967827213
2020-02-14,1.7602142129645835,1.5818900789690535
2020-02-17,1.7602142129645835,1.5816651070125278
2020-02-18,1.7602142129645835,1.581767433681347
2020-02-19,1.7602142129645835,1.5814200631193136
2020-02-20,1.7602142129645835,1.5813018182664385
2020-02-21,1.7602142129645835,1.5805293400068587
2020-02-24,1.7602142129645835,1.5799330186243177
2020-02-25,1.7602142129645835,1.579513497711758
2020-02-26,1.7602142129645835,1.5789895568075447
2020-02-27,1.7602142129645835,1.579364494706202
2020-02-28,1.7602142129645835,1.5798903153567725
2020-03-02,1.7602142129645835,1.5797691990730927
2020-03-03,1.7602142129645835,1.5805834948771622
2020-03-04,1.7602142129645835,1.5803934350159834
2020-03-05,1.7602142129645835,1.5817587822327146
2020-03-06,1.7602142129645835,1.5817601725192516
2020-03-09,1.7602142129645835,1.5822429139986751
2020-03-11,1.7602142129645835,1.5822746646969317
2020-03-12,1.7602142129645835,1.5832846745572138
2020-03-13,1.7602142129645835,1.5825002309679683
2020-03-16,1.7602142129645835,1.5826869309193323
2020-03-17,1.7602142129645835,1.5821710623586458
2020-03-18,1.7602142129645835,1.5817915062930583
2020-03-19,1.7602142129645835,1.5813552072147938
2020-03-20,1.7602142129645835,1.5815867076055938
2020-03-23,1.7602142129645835,1.5824159428205307
2020-03-24,1.7602142129645835,1.5826394470397993
2020-03-25,1.7602142129645835,1.5815223287745144
2020-03-26,1.7602142129645835,1.58009776668468
2020-03-27,1.7602142129645835,1.5805394016610612
2020-03-30,1.7602142129645835,1.579866491895992
2020-03-31,1.7602142129645835,1.5811502604683931
2020-04-01,1.7602142129645835,1.5817978712270726
2020-04-02,1.7602142129645835,1.5821281165546006
2020-04-03,1.7602142129645835,1.5824206767808922
2020-04-06,1.7602142129645835,1.5829625757450958
2020-04-07,1.7602142129645835,1.5821274608264528
2020-04-09,1.7602142129645835,1.5806912522937084
2020-04-10,1.7602142129645835,1.5798595258121693
2020-04-13,1.7602142129645835,1.5798441411375614
2020-04-14,1.7602142129645835,1.5792793575776307
2020-04-15,1.7602142129645835,1.578301406036114
2020-04-16,1.7602142129645835,1.5794001733317615
2020-04-17,1.7602142129645835,1.5783824997496019
2020-04-20,1.7602142129645835,1.579229421640344
2020-04-21,1.7602142129645835,1.5800766103148494
2020-04-22,1.7602142129645835,1.580010564764583
2020-04-23,1.7602142129645835,1.5804769688303406
2020-04-24,1.7602142129645835,1.580264982632624
2020-04-27,1.7602142129645835,1.5800999075837994
2020-04-28,1.7602142129645835,1.5802811574753646
2020-04-29,1.7602142129645835,1.5805989888227463
2020-04-30,1.7602142129645835,1.5806325754958122
2020-05-01,1.7602142129645835,1.580416416920574
2020-05-04,1.7602142129645835,1.5800839046303026
2020-05-05,1.7602142129645835,1.5782262977456334
2020-05-06,1.7602142129645835,1.5771674515053826
2020-05-08,1.7602142129645835,1.5785484638848892
2020-05-11,1.7602142129645835,1.577886739110808
2020-05-12,1.7602142129645835,1.578252556092471
2020-05-13,1.7602142129645835,1.5785661362487753
2020-05-14,1.7602142129645835,1.5780050400767323
2020-05-15,1.7602142129645835,1.577424958492253
2020-05-18,1.7602142129645835,1.5773064137418933
2020-05-19,1.7602142129645835,1.577642442283206
2020-05-20,1.7602142129645835,1.5769161118866155
2020-05-21,1.7602142129645835,1.5772387540539579
2020-05-22,1.7602142129645835,1.5771092344158055
2020-05-25,1.7602142129645835,1.5773729959133025
2020-05-26,1.7602142129645835,1.5769957524594884
2020-05-27,1.7602142129645835,1.576155366029583
2020-05-28,1.7602142129645835,1.576560228551539
2020-05-29,1.7602142129645835,1.5744433628018764
2020-06-01,1.7602142129645835,1.5755589607130458
2020-06-02,1.7602142129645835,1.5758025750682612
2020-06-03,1.7602142129645835,1.5752368790184599
2020-06-04,1.7602142129645835,1.5740143487481844
2020-06-08,1.7602142129645835,1.5734458397532423
2020-06-09,1.7602142129645835,1.5730237931028643
2020-06-10,1.7602142129645835,1.5728807561452844
2020-06-11,1.7602142129645835,1.5715645850153055
2020-06-12,1.7602142129645835,1.5705106573229008
2020-06-15,1.7602142129645835,1.5698567178210472
2020-06-16,1.7602142129645835,1.569802880927619
2020-06-17,1.7602142129645835,1.5690249948144854
2020-06-18,1.7602142129645835,1.569626847927739
2020-06-19,1.7602142129645835,1.5691913783572082
2020-06-22,1.7602142129645835,1.5680003498375583
2020-06-23,1.7602142129645835,1.5680529813957451
2020-06-24,1.7602142129645835,1.5665053799671553
2020-06-25,1.7602142129645835,1.5668898923888084
2020-06-26,1.7602142129645835,1.565493339211169
2020-06-29,1.7602142129645835,1.5659914309053786
2020-06-30,1.7602142129645835,1.5652768050060188
2020-07-01,1.7602142129645835,1.5638051859775925
2020-07-02,1.7602142129645835,1.563370251673731
2020-07-03,1.7602142129645835,1.5626244953962067
2020-07-07,1.7602142129645835,1.5610172984732076
2020-07-08,1.7602142129645835,1.5599913099681348
2020-07-09,1.7602142129645835,1.5598344719080655
2020-07-10,1.7602142129645835,1.559268174061337
2020-07-13,1.7602142129645835,1.5580004633341193
2020-07-14,1.7602142129645835,1.5582648855520098
2020-07-15,1.7602142129645835,1.5580076879576632
2020-07-16,1.7602142129645835,1.5578425825060196
2020-07-17,1.7602142129645835,1.557750003516551
2020-07-20,1.7602142129645835,1.5559057461802315
2020-07-21,1.7602142129645835,1.5556541692557109
2020-07-22,1.7602142129645835,1.5540522776444015
2020-07-23,1.7602142129645835,1.5529285797001935
2020-07-24,1.7602142129645835,1.5529426671478292
2020-07-27,1.7602142129645835,1.552201457883351
2020-07-28,1.7602142129645835,1.5512746512233013
2020-07-29,1.7602142129645835,1.5502591338562426
2020-07-30,1.7602142129645835,1.5486378823539968
2020-07-31,1.7602142129645835,1.5475997145489626
2020-08-03,1.7602142129645835,1.546478521444784
2020-08-05,1.7602142129645835,1.5463179014229076
2020-08-06,1.7602142129645835,1.5464571856871774
2020-08-07,1.7602142129645835,1.5454475728491857
2020-08-10,1.7602142129645835,1.5448293734688479
2020-08-11,1.7602142129645835,1.5455475093541282
2020-08-12,1.7602142129645835,1.5447709852127816
2020-08-13,1.7602142129645835,1.543841043297025
2020-08-14,1.7602142129645835,1.5436946186429397
2020-08-17,1.7602142129645835,1.5421447660348646
2020-08-18,1.7602142129645835,1.541548618862836
2020-08-19,1.7602142129645835,1.5400092884364889
2020-08-20,1.7602142129645835,1.5398134608228773
2020-08-21,1.7602142129645835,1.5383919338841912
2020-08-24,1.7602142129645835,1.5372109936535787
2020-08-25,1.7602142129645835,1.5359334823409563
2020-08-26,1.7602142129645835,1.5367669619205033
2020-08-27,1.7602142129645835,1.5365519263686152
2020-08-28,1.7602142129645835,1.5364066566131747
2020-08-31,1.7602142129645835,1.536351413552823
2020-09-01,1.7602142129645835,1.5357146343632848
2020-09-03,1.7602142129645835,1.5350593617790211
2020-09-04,1.7602142129645835,1.5356827419307917
2020-09-07,1.7602142129645835,1.534379010653184
2020-09-08,1.7602142129645835,1.5341080128108218
2020-09-09,1.7602142129645835,1.5334668451773705
2020-09-10,1.7602142129645835,1.53279879526303
2020-09-11,1.7602142129645835,1.531617524907223
2020-09-14,1.7602142129645835,1.5330142081238192
2020-09-15,1.7602142129645835,1.5325690187413699
2020-09-16,1.7602142129645835,1.5323551284490808
2020-09-17,1.7602142129645835,1.532131272129945
2020-09-18,1.7602142129645835,1.5299730740778854
2020-09-21,1.7602142129645835,1.5295399310962017
2020-09-22,1.7602142129645835,1.528657447254007
2020-09-23,1.7602142129645835,1.5279157925654399
2020-09-24,1.7602142129645835,1.5271090087612413
2020-09-25,1.7602142129645835,1.5271083125134675
2020-09-28,1.7602142129645835,1.5265623450104737
2020-09-29,1.7602142129645835,1.5249192147570285
2020-09-30,1.7602142129645835,1.5239428152972019
2020-10-02,1.7602142129645835,1.5251704387131872
2020-10-05,1.7602142129645835,1.5241649029382798
2020-10-06,1.7602142129645835,1.5230029805234082
2020-10-07,1.7602142129645835,1.5225257752839325
2020-10-08,1.7602142129645835,1.5234375360561883
2020-10-09,1.7602142129645835,1.5227037437568007
2020-10-12,1.7602142129645835,1.5230996355978694
2020-10-13,1.7602142129645835,1.5235769273594753
2020-10-14,1.7602142129645835,1.5251186637957173
2020-10-15,1.7602142129645835,1.5237170764175076
2020-10-16,1.7602142129645835,1.5227938928729228
2020-10-19,1.7602142129645835,1.5221486861975206
2020-10-20,1.7602142129645835,1.5200887465469823
2020-10-21,1.7602142129645835,1.5192491569948134
2020-10-22,1.7602142129645835,1.517841374603983
2020-10-23,1.7602142129645835,1.5182784936074127
2020-10-26,1.7602142129645835,1.5173382891015224
2020-10-27,1.7602142129645835,1.5180969848625205
2020-10-28,1.7602142129645835,1.5169886218369935
2020-10-29,1.7602142129645835,1.5162097173059976
2020-11-02,1.7602142129645835,1.5144864300509182
2020-11-03,1.7602142129645835,1.5131594981143908
2020-11-04,1.7602142129645835,1.5125522765120059
2020-11-05,1.7602142129645835,1.5109879269451931
2020-11-06,1.7602142129645835,1.5111316203240244
2020-11-09,1.7602142129645835,1.511421873130321
2020-11-10,1.7602142129645835,1.5107892386911546
2020-11-11,1.7602142129645835,1.5113581116076193
2020-11-12,1.7602142129645835,1.5103128487440003
2020-11-13,1.7602142129645835,1.5100396595083467
2020-11-16,1.7602142129645835,1.5107659140158864
2020-11-17,1.7602142129645835,1.5105330296980115
2020-11-18,1.7602142129645835,1.5096594817788287
2020-11-19,1.7602142129645835,1.5097007757928431
2020-11-20,1.7602142129645835,1.5097321679730467
2020-11-23,1.7602142129645835,1.5080487559441158
2020-11-24,1.7602142129645835,1.5082891079761085
2020-11-25,1.7602142129645835,1.5077782355685125
2020-11-26,1.7602142129645835,1.5062326252380347
2020-11-27,1.7602142129645835,1.5071349646978722
2020-12-01,1.7602142129645835,1.5058947744342719
2020-12-02,1.7602142129645835,1.505146674304574
2020-12-03,1.7602142129645835,1.505353622216269
2020-12-04,1.7602142129645835,1.5045327402036033
2020-12-07,1.7602142129645835,1.5032579354075506
2020-12-08,1.7602142129645835,1.5023199747543532
2020-12-09,1.7602142129645835,1.501665442468985
2020-12-10,1.7602142129645835,1.5011578504325938
2020-12-11,1.7602142129645835,1.5013106653769765
2020-12-14,1.7602142129645835,1.4999783371523456
2020-12-15,1.7602142129645835,1.5005669662969556
2020-12-16,1.7602142129645835,1.5001261221545843
2020-12-17,1.7602142129645835,1.4995517409300605
2020-12-18,1.7602142129645835,1.4994827897551797
2020-12-21,1.7602142129645835,1.4994289022440013
2020-12-22,1.7602142129645835,1.4999505562030522
2020-12-23,1.7602142129645835,1.499334047603018
2020-12-24,1.7602142129645835,1.4985797520700324
2020-12-25,1.7602142129645835,1.4979435217006714
2020-12-28,1.7602142129645835,1.496550607059183
2020-12-30,1.7602142129645835,1.4948501825415723
2020-12-31,1.7602142129645835,1.4945596610944532
2021-01-01,1.7602142129645835,1.4933445798094191
2021-01-04,1.7602142129645835,1.4922683345743424
2021-01-05,1.7602142129645835,1.492407435680049
2021-01-06,1.7602142129645835,1.4922938294831343
2021-01-07,1.7602142129645835,1.4926036510147764
2021-01-08,1.7602142129645835,1.4930821457521324
2021-01-11,1.7602142129645835,1.4917739719547776
2021-01-12,1.7602142129645835,1.4909500472084076
2021-01-13,1.7602142129645835,1.4901420971654444
2021-01-14,1.7602142129645835,1.4902825969382065
2021-01-15,1.7602142129645835,1.4889864202732417
2021-01-18,1.7602142129645835,1.4892726986852947
2021-01-19,1.7602142129645835,1.4883658309619288
2021-01-20,1.7602142129645835,1.4878644934367544
2021-01-21,1.7602142129645835,1.4875091599704262
2021-01-22,1.7602142129645835,1.4867909242651542
2021-01-25,1.7602142129645835,1.4863558464475608
2021-01-26,1.7602142129645835,1.4857197804107365
2021-01-28,1.7602142129645835,1.4851740214157352
2021-01-29,1.7602142129645835,1.4831456300594368
2021-02-01,1.7602142129645835,1.4818104779549788
2021-02-02,1.7602142129645835,1.481140905267388
2021-02-03,1.7602142129645835,1.4809156853281162
2021-02-04,1.7602142129645835,1.4798636893886328
2021-02-05,1.7602142129645835,1.479347052162061
2021-02-08,1.7602142129645835,1.4786667088366103
2021-02-09,1.7602142129645835,1.4787908602925481
2021-02-10,1.7602142129645835,1.4782919588687844
2021-02-11,1.7602142129645835,1.4799025870207938
2021-02-12,1.7602142129645835,1.4790803313014675
2021-02-15,1.7602142129645835,1.4793275698970023
2021-02-16,1.7602142129645835,1.477730755262591
2021-02-17,1.7602142129645835,1.477067850254205
2021-02-18,1.7602142129645835,1.4780245664220086
2021-02-19,1.7602142129645835,1.4780971427513705
2021-02-22,1.7602142129645835,1.4785108040306452
2021-02-23,1.7602142129645835,1.4778242137340238
2021-02-24,1.7602142129645835,1.476868530233194
2021-02-26,1.7602142129645835,1.4762663746613847
2021-03-01,1.7602142129645835,1.4755713608285297
2021-03-02,1.7602142129645835,1.4759870834237308
2021-03-03,1.7602142129645835,1.474842944890415
2021-03-04,1.7602142129645835,1.473556359645902
2021-03-05,1.7602142129645835,1.473173146809646
2021-03-08,1.7602142129645835,1.472194496977259
2021-03-09,1.7602142129645835,1.47212437186007
2021-03-10,1.7602142129645835,1.4706359355580336
2021-03-11,1.7602142129645835,1.4706215059844752
2021-03-12,1.7602142129645835,1.4703342403310635
2021-03-15,1.7602142129645835,1.470361661052555
2021-03-16,1.7602142129645835,1.470403196804733
2021-03-17,1.7602142129645835,1.469815540461316
2021-03-18,1.7602142129645835,1.4684613494691077
2021-03-19,1.7602142129645835,1.4685108937363487
2021-03-22,1.7602142129645835,1.4678666690982345
2021-03-23,1.7602142129645835,1.4677250388776406
2021-03-24,1.7602142129645835,1.467076164052976
2021-03-25,1.7602142129645835,1.4664502776475592
2021-03-29,1.7602142129645835,1.4661252003710883
2021-03-30,1.7602142129645835,1.4658708054755936
2021-03-31,1.7602142129645835,1.4648429025348781
2021-04-01,1.7602142129645835,1.4650863714584328
2021-04-02,1.7602142129645835,1.4646078672066063
2021-04-05,1.7602142129645835,1.463517027861318
2021-04-06,1.7602142129645835,1.4628861871006564
2021-04-07,1.7602142129645835,1.4629843989537814
2021-04-08,1.7602142129645835,1.462285343017296
2021-04-09,1.7602142129645835,1.4625436551801365
2021-04-12,1.7602142129645835,1.4624694930028805
2021-04-13,1.7602142129645835,1.4616955116999368
2021-04-14,1.7602142129645835,1.460309738348588
2021-04-15,1.7602142129645835,1.4600961575678193
2021-04-16,1.7602142129645835,1.4606336669875368
2021-04-19,1.7602142129645835,1.45983449789002
2021-04-20,1.7602142129645835,1.45971485017677
2021-04-21,1.7602142129645835,1.4603372157254675
2021-04-22,1.7602142129645835,1.4594020673104178
2021-04-23,1.7602142129645835,1.4592467899148134
2021-04-27,1.7602142129645835,1.4576445110844651
2021-04-28,1.7602142129645835,1.4594296698106155
2021-04-29,1.7602142129645835,1.4584242939711667
2021-04-30,1.7602142129645835,1.4574087797994013
2021-05-03,1.7602142129645835,1.4572811754601283
2021-05-04,1.7602142129645835,1.4570224179237654
2021-05-05,1.7602142129645835,1.4543625693141033
2021-05-06,1.7602142129645835,1.4534787350872374
2021-05-07,1.7602142129645835,1.452299368144489
2021-05-10,1.7602142129645835,1.4525436791739739
2021-05-11,1.7602142129645835,1.4533962221056242
2021-05-12,1.7602142129645835,1.452366217067058
2021-05-13,1.7602142129645835,1.4519941942981138
2021-05-14,1.7602142129645835,1.451805860224444
2021-05-17,1.7602142129645835,1.4512550874067556
2021-05-18,1.7602142129645835,1.4504432153001623
2021-05-19,1.7602142129645835,1.4497021138308295
2021-05-20,1.7602142129645835,1.4500048481754408
2021-05-21,1.7602142129645835,1.4492134114850546
2021-05-24,1.7602142129645835,1.449885010605655
2021-05-26,1.7602142129645835,1.4496066202860909
2021-05-27,1.7602142129645835,1.4481822979459273
2021-05-28,1.7602142129645835,1.448028601639743
2021-05-31,1.7602142129645835,1.4476848342838364
2021-06-01,1.7602142129645835,1.447283563487584
2021-06-02,1.7602142129645835,1.4464404460766371
2021-06-03,1.7602142129645835,1.4466664112480745
2021-06-04,1.7602142129645835,1.4462843681337911
2021-06-07,1.7602142129645835,1.4447988412197514
2021-06-08,1.7602142129645835,1.4434994529571759
2021-06-09,1.7602142129645835,1.4431030045251876
2021-06-10,1.7602142129645835,1.442366768512428
2021-06-11,1.7602142129645835,1.4426433457240362
2021-06-14,1.7602142129645835,1.4412610556535095
2021-06-15,1.7602142129645835,1.4408311140592003
2021-06-16,1.7602142129645835,1.440155045609297
2021-06-17,1.7602142129645835,1.4402106460839017
2021-06-18,1.7602142129645835,1.438715541642704
2021-06-21,1.7602142129645835,1.438081990347753
2021-06-22,1.7602142129645835,1.4372844745467663
2021-06-24,1.7602142129645835,1.4364315826537841
2021-06-25,1.7602142129645835,1.4361904427904164
2021-06-28,1.7602142129645835,1.4364195661404315
2021-06-29,1.7602142129645835,1.4352753032023806
2021-06-30,1.7602142129645835,1.4350811523630838
2021-07-01,1.7602142129645835,1.434726464860393
2021-07-02,1.7602142129645835,1.4340657436826856
2021-07-05,1.7602142129645835,1.4332566382174448
2021-07-06,1.7602142129645835,1.432808549542148
2021-07-07,1.7602142129645835,1.4328653359614587
2021-07-08,1.7602142129645835,1.4322048895554496
2021-07-09,1.7602142129645835,1.432588621866925
2021-07-12,1.7602142129645835,1.43141952462642
2021-07-13,1.7602142129645835,1.43007684126961
2021-07-14,1.7602142129645835,1.4310388845241555
2021-07-15,1.7602142129645835,1.4300817876587246
2021-07-16,1.7602142129645835,1.4301313091303067
2021-07-19,1.7602142129645835,1.4294342186912103
2021-07-20,1.7602142129645835,1.4280857654721077
2021-07-21,1.7602142129645835,1.4279162049262806
2021-07-23,1.7602142129645835,1.4278383059532793
2021-07-26,1.7602142129645835,1.4270597015991782
2021-07-27,1.7602142129645835,1.4265371778772842
2021-07-28,1.7602142129645835,1.4252896787903544
2021-07-29,1.7602142129645835,1.4248549892523064
2021-07-30,1.7602142129645835,1.4257953669231567
2021-08-02,1.7602142129645835,1.4253322794020118
2021-08-03,1.7602142129645835,1.425452113529091
2021-08-04,1.7602142129645835,1.4250727515831723
2021-08-05,1.7602142129645835,1.4265638038007038
2021-08-06,1.7602142129645835,1.4247079730886125
2021-08-09,1.7602142129645835,1.423807007097157
2021-08-10,1.7602142129645835,1.4229773664575507
2021-08-11,1.7602142129645835,1.421476522039279
2021-08-12,1.7602142129645835,1.4193137780673202
2021-08-13,1.7602142129645835,1.4185232648619253
2021-08-16,1.7602142129645835,1.418248468601511
2021-08-17,1.7602142129645835,1.4175295275251416
2021-08-18,1.7602142129645835,1.4174299269086106
2021-08-19,1.7602142129645835,1.4174028818512836
2021-08-23,1.7602142129645835,1.4172972451086776
2021-08-24,1.7602142129645835,1.4180855880456824
2021-08-25,1.7602142129645835,1.417718512967221
2021-08-26,1.7602142129645835,1.4184340817271417
2021-08-27,1.7602142129645835,1.4180470485432144
2021-08-30,1.7602142129645835,1.4176293325216411
2021-08-31,1.7602142129645835,1.4168962414822182
2021-09-01,1.7602142129645835,1.4167185815845615
2021-09-02,1.7602142129645835,1.4140187833975923
2021-09-03,1.7602142129645835,1.4128719124683768
2021-09-06,1.7602142129645835,1.4133814660773012
2021-09-07,1.7602142129645835,1.4132503677246273
2021-09-08,1.7602142129645835,1.4131671844975
2021-09-09,1.7602142129645835,1.4132838287136147
2021-09-10,1.7602142129645835,1.4131945844781435
2021-09-13,1.7602142129645835,1.4125754309503011
2021-09-14,1.7602142129645835,1.4120640377500124
2021-09-15,1.7602142129645835,1.4108035045086815
2021-09-16,1.7602142129645835,1.409537249039767
2021-09-17,1.7602142129645835,1.4085595948203562
2021-09-21,1.7602142129645835,1.4084097014742314
2021-09-22,1.7602142129645835,1.4079348880183298
2021-09-23,1.7602142129645835,1.4077073961309878
2021-09-24,1.7602142129645835,1.407555013829242
2021-09-27,1.7602142129645835,1.4056961979017146
2021-09-28,1.7602142129645835,1.4052706274423359
2021-09-29,1.7602142129645835,1.4043487044294558
2021-09-30,1.7602142129645835,1.4046715098610083
2021-10-01,1.7602142129645835,1.4053682405491674
2021-10-04,1.7602142129645835,1.4055322275907516
2021-10-05,1.7602142129645835,1.4051694682878517
2021-10-06,1.7602142129645835,1.4053529849279753
2021-10-07,1.7602142129645835,1.4048232443421502
2021-10-08,1.7602142129645835,1.4059052116083428
2021-10-11,1.7602142129645835,1.4057952639788835
2021-10-12,1.7602142129645835,1.4047525801397496
2021-10-13,1.7602142129645835,1.4037415843524046
2021-10-14,1.7602142129645835,1.403209920529117
2021-10-15,1.7602142129645835,1.4031534968901904
2021-10-18,1.7602142129645835,1.4031691582333388
2021-10-20,1.7602142129645835,1.4018411151519627
2021-10-21,1.7602142129645835,1.4009048061001215
2021-10-22,1.7602142129645835,1.4009916261809374
2021-10-25,1.7602142129645835,1.4010978059249275
2021-10-26,1.7602142129645835,1.4002575530654775
2021-10-27,1.7602142129645835,1.400128266764693
2021-10-28,1.7602142129645835,1.399646707729184
2021-10-29,1.7602142129645835,1.398613874355864
2021-11-01,1.7602142129645835,1.3980028167553598
2021-11-02,1.7602142129645835,1.3976107409785221
2021-11-03,1.7602142129645835,1.3984017397095108
2021-11-04,1.7602142129645835,1.3984329206539694
2021-11-05,1.7602142129645835,1.3978263663983608
2021-11-08,1.7602142129645835,1.3974977037701812
2021-11-09,1.7602142129645835,1.395576188433958
2021-11-10,1.7602142129645835,1.3946569347723496
2021-11-11,1.7602142129645835,1.3935012741799764
2021-11-12,1.7602142129645835,1.393148347333075
2021-11-15,1.7602142129645835,1.3925304588874088
2021-11-16,1.7602142129645835,1.3918778825798124
2021-11-18,1.7602142129645835,1.3916419253472327
2021-11-19,1.7602142129645835,1.3921986037074943
2021-11-22,1.7602142129645835,1.3918586070556533
2021-11-23,1.7602142129645835,1.3924566306018988
2021-11-24,1.7602142129645835,1.3918721579515883
2021-11-25,1.7602142129645835,1.3911479709459338
2021-11-26,1.7602142129645835,1.3925008313194525
2021-11-29,1.7602142129645835,1.3913661202416243
2021-11-30,1.7602142129645835,1.3900120060506804
2021-12-01,1.7602142129645835,1.3895504064478272
2021-12-02,1.7602142129645835,1.3888364757863074
2021-12-03,1.7602142129645835,1.3885542616031696
2021-12-06,1.7602142129645835,1.3877969715791962
2021-12-07,1.7602142129645835,1.3869002006681506
2021-12-08,1.7602142129645835,1.3878117723946894
2021-12-09,1.7602142129645835,1.3874663895382486
2021-12-10,1.7602142129645835,1.3874312179184314
2021-12-13,1.7602142129645835,1.3873106867613352
2021-12-14,1.7602142129645835,1.3873064287353036
2021-12-15,1.7602142129645835,1.3855874645685795
2021-12-17,1.7602142129645835,1.3845250533122682
2021-12-20,1.7602142129645835,1.3853581595264006
2021-12-21,1.7602142129645835,1.3854451200225146
2021-12-22,1.7602142129645835,1.38422138213708
2021-12-23,1.7602142129645835,1.3837497047657605
2021-12-24,1.7602142129645835,1.3821494213776053
2021-12-27,1.7602142129645835,1.381086820911681
2021-12-28,1.7602142129645835,1.380483900392704
2021-12-29,1.7602142129645835,1.3795949320157717
2021-12-30,1.7602142129645835,1.3798124700133239
2021-12-31,1.7602142129645835,1.3793230903540612
2022-01-03,1.7602142129645835,1.377922129416095
2022-01-04,1.7602142129645835,1.3772737903790462
2022-01-05,1.7602142129645835,1.3766614892711648
2022-01-06,1.7602142129645835,1.3761006819796706
2022-01-07,1.7602142129645835,1.3763194572748376
2022-01-10,1.7602142129645835,1.3760089683136771
2022-01-11,1.7602142129645835,1.3756404496281995
2022-01-12,1.7602142129645835,1.375901365328335
2022-01-13,1.7602142129645835,1.3752404153163365
2022-01-17,1.7602142129645835,1.3734738274739913
2022-01-18,1.7602142129645835,1.3734508807326353
2022-01-19,1.7602142129645835,1.372268903123204
2022-01-20,1.7602142129645835,1.370939041238079
2022-01-21,1.7602142129645835,1.370401266914478
2022-01-24,1.7602142129645835,1.3707530352572486
2022-01-25,1.7602142129645835,1.3719936618417445
2022-01-26,1.7602142129645835,1.3727314358985112
2022-01-27,1.7602142129645835,1.3725706560381734
2022-01-28,1.7602142129645835,1.371436857527938
2022-01-31,1.7602142129645835,1.3704406296430824
2022-02-01,1.7602142129645835,1.3696012999443672
2022-02-02,1.7602142129645835,1.3702814015724647
2022-02-03,1.7602142129645835,1.3704583012358045
2022-02-04,1.7602142129645835,1.3690220127819106
2022-02-07,1.7602142129645835,1.368314876964769
2022-02-08,1.7602142129645835,1.3675694809292944
2022-02-09,1.7602142129645835,1.3667578685684723
2022-02-10,1.7602142129645835,1.3649633306490283
2022-02-11,1.7602142129645835,1.364602574407258
2022-02-15,1.7602142129645835,1.3635963861530844
2022-02-16,1.7602142129645835,1.3620587132911828
2022-02-17,1.7602142129645835,1.3624143181141952
2022-02-18,1.7602142129645835,1.361684220891145
2022-02-21,1.7602142129645835,1.3611805776985066
2022-02-22,1.7602142129645835,1.36065718566592
2022-02-23,1.7602142129645835,1.3607177292255317
2022-02-24,1.7602142129645835,1.3606684805860412
2022-02-25,1.7602142129645835,1.3598143017102755
2022-02-28,1.7602142129645835,1.358010803019405
2022-03-01,1.7602142129645835,1.3574215597239125
2022-03-02,1.7602142129645835,1.3574177702233763
2022-03-03,1.7602142129645835,1.3572247124344523
2022-03-04,1.7602142129645835,1.3570671781454895
2022-03-07,1.7602142129645835,1.3578336431583988
2022-03-08,1.7602142129645835,1.3578539792846172
2022-03-09,1.7602142129645835,1.3571648589910161
2022-03-10,1.7602142129645835,1.3576935748516608
2022-03-11,1.7602142129645835,1.3564240589649017
2022-03-14,1.7602142129645835,1.3559876794983072
2022-03-16,1.7602142129645835,1.3559572839936511
2022-03-17,1.7602142129645835,1.3542165840784517
2022-03-18,1.7602142129645835,1.3535934232322235
2022-03-21,1.7602142129645835,1.353134542489558
2022-03-22,1.7602142129645835,1.3526299060941183
2022-03-23,1.7602142129645835,1.3524385514238846
2022-03-24,1.7602142129645835,1.3522909057707158
2022-03-25,1.7602142129645835,1.353281512038226
2022-03-28,1.7602142129645835,1.351354310781296
2022-03-29,1.7602142129645835,1.3514537872658816
2022-03-30,1.7602142129645835,1.3508379433888027
2022-03-31,1.7602142129645835,1.3504085900061822
2022-04-01,1.7602142129645835,1.3507529284192783
2022-04-04,1.7602142129645835,1.350444102859337
2022-04-05,1.7602142129645835,1.3518136090987787
2022-04-06,1.7602142129645835,1.3503250310665358
2022-04-07,1.7602142129645835,1.3505519669361867
2022-04-08,1.7602142129645835,1.350735514897877
2022-04-11,1.7602142129645835,1.3505212435726548
2022-04-12,1.7602142129645835,1.348995808855478
2022-04-14,1.7602142129645835,1.3490998895245006
2022-04-15,1.7602142129645835,1.3478330116360826
2022-04-18,1.7602142129645835,1.3470736123036524
2022-04-19,1.7602142129645835,1.3461619068234245
2022-04-20,1.7602142129645835,1.3454805001533425
2022-04-21,1.7602142129645835,1.3436822598493159
2022-04-22,1.7602142129645835,1.342140903809294
2022-04-25,1.7602142129645835,1.3424265180760095
2022-04-26,1.7602142129645835,1.3411681794177195
2022-04-27,1.7602142129645835,1.3404632710503335
2022-04-28,1.7602142129645835,1.3402052124578039
2022-04-29,1.7602142129645835,1.3405834202858042
2022-05-02,1.7602142129645835,1.3400224247906922
2022-05-03,1.7602142129645835,1.3404568059768343
2022-05-04,1.7602142129645835,1.3398709398982185
2022-05-05,1.7602142129645835,1.3393368614713554
2022-05-06,1.7602142129645835,1.340780589543667
2022-05-09,1.7602142129645835,1.3402388068094202
2022-05-10,1.7602142129645835,1.3394300347567023
2022-05-11,1.7602142129645835,1.339493828092814
2022-05-13,1.7602142129645835,1.3392295545265813
2022-05-16,1.7602142129645835,1.3390805681037528
2022-05-17,1.7602142129645835,1.339422753794558
2022-05-18,1.7602142129645835,1.340202093010183
2022-05-19,1.7602142129645835,1.3406889753769653
2022-05-20,1.7602142129645835,1.3403365852109188
2022-05-23,1.7602142129645835,1.33984326463552
2022-05-24,1.7602142129645835,1.3400900715741153
2022-05-25,1.7602142129645835,1.3408119345505418
2022-05-26,1.7602142129645835,1.3409780892898633
2022-05-27,1.7602142129645835,1.3410116093913111
2022-05-30,1.7602142129645835,1.3415117937706347
2022-05-31,1.7602142129645835,1.342799239837272
2022-06-01,1.7602142129645835,1.3425380082344767
2022-06-02,1.7602142129645835,1.3429169553628906
2022-06-03,1.7602142129645835,1.3430468672292561
2022-06-06,1.7602142129645835,1.3418261683423627
2022-06-07,1.7602142129645835,1.3415266996008706
2022-06-08,1.7602142129645835,1.3415084507161275
2022-06-09,1.7602142129645835,1.3422435018274108
2022-06-13,1.7602142129645835,1.341823893053192
2022-06-14,1.7602142129645835,1.343189985260087
2022-06-15,1.7602142129645835,1.342890769809338
2022-06-16,1.7602142129645835,1.342651516107402
2022-06-17,1.7602142129645835,1.3427634159283102
2022-06-20,1.7602142129645835,1.342595569181413
2022-06-21,1.7602142129645835,1.3428296967778022
2022-06-22,1.7602142129645835,1.3420262592456256
2022-06-23,1.7602142129645835,1.342831311068743
2022-06-24,1.7602142129645835,1.3434211378350103
2022-06-27,1.7602142129645835,1.343899837773679
2022-06-28,1.7602142129645835,1.3449758220816326
2022-06-29,1.7602142129645835,1.3446966933369489
2022-06-30,1.7602142129645835,1.3436155313793143
2022-07-01,1.7602142129645835,1.3445147496420244
2022-07-04,1.7602142129645835,1.3448616922656846
2022-07-05,1.7602142129645835,1.3451922305911352
2022-07-06,1.7602142129645835,1.3461290820979481
2022-07-07,1.7602142129645835,1.3473818947433074
2022-07-08,1.760391551313785,1.3475176409946432
2022-07-12,1.7590202444299652,1.3471140195836273
2022-07-13,1.759132622183398,1.3472000820650674
2022-07-14,1.759341647236246,1.3473601601426377
2022-07-15,1.7586201622347921,1.3468076238296216
2022-07-18,1.7601718901107997,1.3479959867168412
2022-07-19,1.761559225673457,1.3490584527073495
2022-07-20,1.7620882985204978,1.3494636336322914
2022-07-21,1.760692427408055,1.3483946308444852
2022-07-22,1.7609190180338306,1.348568161200179
2022-07-25,1.7612541834866977,1.348824841634567
2022-07-26,1.7614600651699022,1.348982512419027
2022-07-27,1.7612645898606254,1.348832811168889
2022-07-28,1.761311282434378,1.3488685698367677
2022-07-29,1.7627445038061698,1.349966176648981
2022-08-01,1.7630744709409656,1.3502188760449616
2022-08-02,1.7645418781154643,1.3513426634393728
2022-08-03,1.764920955253912,1.351632972848445
2022-08-04,1.765957074254555,1.352426465951292
2022-08-05,1.7644132750535098,1.351244175097201
2022-08-08,1.7643812785257287,1.3512196711318327
2022-08-10,1.7649213873091254,1.3522573054251388
2022-08-11,1.7649478705977344,1.3522775965388114
2022-08-12,1.763721623739741,1.3513380638865928
2022-08-15,1.76462245082874,1.3520282646064565
2022-08-16,1.7659627441254822,1.3530551779947606
2022-08-17,1.7653623270349534,1.3525951470818782
2022-08-18,1.7661452320010478,1.353194997572369
2022-08-19,1.7666359427512983,1.353570973070002
2022-08-22,1.7667703928468739,1.3536739867935959
2022-08-23,1.7670716175724688,1.3539047808327465
2022-08-24,1.7660566037755687,1.3531270919045963
2022-08-25,1.766967640356657,1.3538251149900125
2022-08-26,1.7671300828538024,1.3539495760878584
2022-08-29,1.7668925845968102,1.353767608349605
2022-08-30,1.766763128622044,1.353668421049328
2022-08-31,1.7662841706278072,1.3533014503438021
2022-09-01,1.7660285150915747,1.3531055707601398
2022-09-02,1.7656524956557222,1.3528174700930111
2022-09-05,1.765662841182373,1.3528253966862818
2022-09-06,1.7657895893259492,1.3529225092853656
2022-09-08,1.7662303952890446,1.3542711998744041
2022-09-09,1.766174182344307,1.354228098152046
2022-09-12,1.7661636000268213,1.3542199840759679
2022-09-13,1.7675713794426997,1.3552994101371347
2022-09-14,1.767761461256527,1.3554451568793335
2022-09-15,1.7682499836240326,1.3558197352891332
2022-09-16,1.7677304419683406,1.355421372593465
2022-09-19,1.7679114511334728,1.3555601628101352
2022-09-20,1.7687119023828868,1.3561739151704593
2022-09-21,1.768378489573585,1.3559182682477753
2022-09-22,1.7690235446957983,1.3564128693919266
2022-09-23,1.769437674207487,1.3567304064879897
2022-09-26,1.7700608333547305,1.3572082187192258
2022-09-27,1.769614679591231,1.3568661267734443
2022-09-28,1.7692159361897564,1.3565603870997316
2022-09-29,1.768166656225836,1.3557558433439834
2022-09-30,1.7689727519268246,1.3563739236324346
2022-10-03,1.7692621631953906,1.3565958320238787
2022-10-04,1.7704792766770026,1.357529063463855
2022-10-05,1.7707146079874507,1.3577095056173922
2022-10-07,1.7709910177317378,1.358438550176218
2022-10-10,1.7687456455428738,1.356716237578183
2022-10-11,1.7687776585680577,1.3567407931671622
2022-10-12,1.770069667452319,1.3577318285016038
2022-10-13,1.7701601193799192,1.3578012096470526
2022-10-14,1.7724752629844331,1.3595770404051295
2022-10-17,1.7727652834370593,1.3597995005753067
2022-10-18,1.7725624447162052,1.3596439131470714
2022-10-19,1.7716135098619965,1.3589160327260776
2022-10-20,1.7711962295200316,1.3585959578656857
2022-10-21,1.7719111934088194,1.3591443708721824
2022-10-24,1.772779002252902,1.3598100235921466
2022-10-25,1.7734520743691673,1.3603263035171316
2022-10-26,1.7746596884050616,1.3612526037883739
2022-10-27,1.7745052579360272,1.361134147906691
2022-10-28,1.7746676441535618,1.361258706244767
2022-10-31,1.77530642589922,1.361748683743107
2022-11-01,1.7759633490655755,1.3622525766170663
2022-11-02,1.7757823197096945,1.3621137180608793
2022-11-03,1.7745483965837645,1.361167237403759
2022-11-07,1.7760065481171556,1.362938385151686
2022-11-08,1.7760834416152937,1.3629973945625984
2022-11-09,1.7761459161261979,1.3630453385913492
2022-11-10,1.776195981987992,1.36308376000646
2022-11-11,1.7766141080939506,1.3634046372691306
2022-11-14,1.777439322022323,1.3640379208232554
2022-11-15,1.777517005501734,1.364097536479568
2022-11-16,1.7771879372517092,1.3638450037680367
2022-11-17,1.7791536113044928,1.3653534963026368
2022-11-18,1.7795116546248402,1.3656282649882399
2022-11-21,1.779652723044755,1.3657365233528491
2022-11-22,1.7808697711879815,1.3666705073140792
2022-11-23,1.7796290699763073,1.3657183715757917
2022-11-24,1.78066083945305,1.366510169458503
2022-11-25,1.78036325173405,1.3662817954552624
2022-11-28,1.7804764698942335,1.366368681045056
2022-11-29,1.7808439747928775,1.3666507107107821
2022-11-30,1.7819310639467245,1.3674849618780602
2022-12-01,1.782178704411746,1.3676750054878952
2022-12-02,1.7814845505600416,1.367142299721302
2022-12-06,1.782685071167781,1.3684376502672562
2022-12-07,1.7818348931993893,1.3677850304858985
2022-12-08,1.7828100957026667,1.3685336225079574
2022-12-09,1.7839073417319384,1.369375898467041
2022-12-12,1.7839713304909788,1.3694250179825858
2022-12-13,1.7832139823675444,1.3688436569204279
2022-12-14,1.7824899728232417,1.3682878874603024
2022-12-15,1.7828565161547816,1.3685692561122567
2022-12-16,1.782473094630912,1.3682749312998306
2022-12-19,1.782868043244923,1.3685781046208365
2022-12-20,1.7843000296615161,1.3696773364250574
2022-12-21,1.7843781925292672,1.3697373363727843
2022-12-22,1.7849396686170946,1.3701683407216367
2022-12-23,1.7861701203547182,1.3711128690131638
2022-12-26,1.7859719646369319,1.3709607592831727
2022-12-27,1.785472756066779,1.3705775531780777
2022-12-28,1.7851844597698199,1.3703562490826027
2022-12-29,1.78567075979874,1.3707295462396067
2022-12-30,1.7855356732971481,1.3706258501590085
2023-01-02,1.7854408983770376,1.3705530983471053
2023-01-04,1.7864983465258482,1.3718276902902613
2023-01-05,1.785860944245102,1.3713382377809533
2023-01-06,1.7866864743468027,1.3719721510755742
2023-01-09,1.7866803320075821,1.3719674344571444
2023-01-10,1.7877947476609843,1.3728231790229333
2023-01-11,1.7860418990111409,1.371477190475326
2023-01-12,1.787236116286594,1.3723942136172032
2023-01-13,1.7879476633129119,1.3729406008643812
2023-01-16,1.7883092370477025,1.373218248398974
2023-01-17,1.7882677196739294,1.373186367774466
2023-01-18,1.788128708607499,1.37307962307439
2023-01-19,1.7876700820855445,1.372727450029538
2023-01-20,1.7876586508222465,1.3727186721185158
2023-01-23,1.7892877599873238,1.3739696428051134
2023-01-24,1.789756201386968,1.3743293525605462
2023-01-25,1.790299529232312,1.3747465665952519
2023-01-26,1.7889052086419712,1.3736758868497647
2023-01-27,1.7906669393210768,1.3750286957863813
2023-01-30,1.7900768296974254,1.3745755586627977
2023-01-31,1.7906322014156293,1.3750020210230443
2023-02-02,1.791123058033107,1.3750191794000406
2023-02-03,1.7922235113737899,1.375863981460227
2023-02-06,1.7916567958956167,1.375428922211642
2023-02-07,1.7913732655618546,1.375211260088922
2023-02-08,1.7905088177720514,1.3745476360653026
2023-02-09,1.7911687946031234,1.3750542907011267
2023-02-10,1.7923967099390972,1.375996943485407
2023-02-13,1.793501761077935,1.376845275208515
2023-02-14,1.7927369398998059,1.3762581330889256
2023-02-15,1.7924091139187905,1.3760064658406146
2023-02-16,1.7930500845624169,1.3764985297021486
2023-02-17,1.7938796958150844,1.3771354102217466
2023-02-20,1.7942184837878394,1.377395492832039
2023-02-21,1.7956358024808872,1.378483547824979
2023-02-22,1.7960793008918858,1.3788240151191842
2023-02-23,1.7968633549543371,1.3794259220449656
2023-02-24,1.7975256339791577,1.3799343440415215
2023-02-27,1.7976436499662145,1.3800249432021718
2023-02-28,1.798624267279909,1.3807777488834647
2023-03-01,1.7970739411468992,1.3795875860090308
2023-03-03,1.7978937371653765,1.379425528779652
2023-03-06,1.7977923304090653,1.3793477249219739
2023-03-07,1.797072578925605,1.378795498975502
2023-03-08,1.7968487725860773,1.378623784612264
2023-03-09,1.7977184554443462,1.3792910447021343
2023-03-10,1.797671324054992,1.379254883364933
2023-03-13,1.7985120141026887,1.3798998988570121
2023-03-14,1.8002594441523652,1.3812406063584914
2023-03-15,1.8002231111573561,1.3812127300386532
2023-03-16,1.799893013663897,1.3809594642865952
2023-03-17,1.7981503520700426,1.3796224153604575
2023-03-20,1.800218344814297,1.381209073084319
2023-03-21,1.7999041686196684,1.3809680228740386
2023-03-22,1.8007777833924654,1.3816382997068704
2023-03-23,1.8008688917425186,1.3817082021606975
2023-03-24,1.803564135572701,1.383776115335311
2023-03-27,1.8052230324292442,1.3850488961600198
2023-03-28,1.8058226610423194,1.3855089583981623
2023-03-29,1.8059989853608398,1.3856442424037094
2023-03-30,1.8061613188013868,1.3857687919738182
2023-04-03,1.804423773599014,1.384544013951005
2023-04-04,1.8041672050367423,1.3843471475207025
2023-04-05,1.8040280409765537,1.3842403661928846
2023-04-06,1.8044111360677633,1.3845343171056739
2023-04-07,1.8059625226917762,1.3857247043611667
2023-04-10,1.804814063546795,1.3848434855157292
2023-04-11,1.8061838165356263,1.385894504311328
2023-04-12,1.8055156470545324,1.3853818142942218
2023-04-13,1.8044004598967416,1.3845261252225385
2023-04-14,1.805053294874734,1.3850270489933856
2023-04-17,1.80640507165034,1.3860642745444158
2023-04-18,1.806997810530713,1.3865190862580852
2023-04-19,1.8059774001961577,1.3857361199498637
2023-04-20,1.8066269299157123,1.3862345075782303
2023-04-21,1.8068179885815525,1.3863811079145665
2023-04-24,1.8073287424408209,1.386773012082977
2023-04-25,1.8072983383694052,1.3867496828763384
2023-04-26,1.8071727636352326,1.3866533287110663
2023-04-27,1.8072027833579023,1.3866763630048562
2023-04-28,1.8082825086405439,1.38750484199004
2023-05-02,1.8086151258014236,1.3877050792260557
2023-05-03,1.8092254966509405,1.3881734014887652
2023-05-04,1.8089796036390338,1.387984733940484
2023-05-05,1.810110378115995,1.3888523488701352
2023-05-08,1.8113389162764908,1.3897949754251284
2023-05-09,1.811996336982685,1.3902993978642417
2023-05-10,1.8134336933771875,1.391402245419177
2023-05-11,1.813861578506035,1.3917305509597844
2023-05-12,1.8135903162140474,1.3915224181984116
2023-05-15,1.814652192290492,1.392337169111289
2023-05-16,1.8151866346061638,1.3927472333120308
2023-05-17,1.8162621196892996,1.3935724260748295
2023-05-18,1.817270386801796,1.3943460441726037
2023-05-19,1.8191085103003999,1.39575639028708
2023-05-22,1.8190169039082378,1.3956861029971646
2023-05-23,1.8186995501113337,1.3954426053786868
2023-05-24,1.8184720964789975,1.3952680859044335
2023-05-25,1.8187966292921938,1.395517091802274
2023-05-26,1.8197670305274456,1.396261656360999
2023-05-29,1.8193151113936208,1.3959149101304376
2023-05-31,1.819484351031935,1.3962825437438762
2023-06-01,1.8196308820148126,1.3963949924458359
2023-06-02,1.8200327122542914,1.3967033592359182
2023-06-05,1.8211013285191116,1.3975234213791747
2023-06-06,1.8203188702365878,1.3969229584840275
2023-06-07,1.821618190564602,1.3979200642253926
2023-06-08,1.8232456680405023,1.399168999611205
2023-06-09,1.8233012398381827,1.3992116457218913
2023-06-12,1.8231287835287646,1.3990793017782557
2023-06-13,1.822720095689245,1.3987656724272597
2023-06-14,1.8238675256504908,1.3996462166452672
2023-06-15,1.8247324352101992,1.4003099531151375
2023-06-16,1.825962401913096,1.401253836493781
2023-06-19,1.8264926807223663,1.4016607754401267
2023-06-20,1.8270360409086035,1.40207775310887
2023-06-21,1.8266201157189292,1.401758569774583
2023-06-22,1.8273995487457197,1.4023567110714332
2023-06-23,1.8273175168860452,1.4022937593600708
2023-06-26,1.8291083893529285,1.4036680849826917
2023-06-27,1.8299034842855184,1.404278245314307
2023-06-29,1.8287144729433038,1.4039595465494854
2023-06-30,1.8288454193012285,1.4040600780386896
2023-07-03,1.8303259257197846,1.405196707704399
2023-07-04,1.8318282889729893,1.4063501175247561
2023-07-05,1.8312945289125826,1.4059403337430547
2023-07-06,1.8305883883940186,1.4053982082571401
2023-07-07,1.8299802049337297,1.4049312873748703
2023-07-10,1.829784566316383,1.4047810896766721
2023-07-11,1.8297432927211514,1.4047494026862188
2023-07-12,1.8304379129855755,1.405282683723742
2023-07-13,1.830603336117611,1.405409684077749
2023-07-14,1.8323931294507085,1.4067837626851702
2023-07-17,1.833112392955067,1.4073359630851612
2023-07-18,1.8346623570560079,1.4085259175195581
2023-07-19,1.8343388900110638,1.408277582061802
2023-07-20,1.8343327410365884,1.4082728613076638
2023-07-21,1.8338701990743822,1.4079177538192467
2023-07-24,1.8341872134023953,1.4081611353305716
2023-07-25,1.8349268497725553,1.4087289765973332
2023-07-26,1.8350892958133829,1.408853691348156
2023-07-28,1.8344028488046649,1.4092111728693633
2023-07-31,1.8345023654742199,1.409287622817484
2023-08-01,1.8347186530553088,1.4094537776378508
2023-08-02,1.833774039148526,1.4087281134401783
2023-08-03,1.8354566837158532,1.4100207420063577
2023-08-04,1.8366832198211498,1.410962982357019
2023-08-07,1.8384982209716774,1.4123572889030214
2023-08-08,1.838301802382736,1.4122063976905073
2023-08-09,1.8372870853959253,1.4114268794314477
2023-08-10,1.8370694601432145,1.4112596969950386
2023-08-11,1.8352655832176274,1.4098739362175328
2023-08-14,1.8376686577603998,1.4117200080861627
2023-08-15,1.8377995552175623,1.4118205651471452
2023-08-16,1.8380236155030816,1.4119926910561056
2023-08-17,1.8386863768536477,1.4125018326008716
2023-08-18,1.8396589375470247,1.4132489658689504
2023-08-21,1.8407006300962239,1.4140492070918544
2023-08-22,1.8394997323507172,1.4131266624493053
2023-08-23,1.8394483851845718,1.4130872169151498
2023-08-24,1.8402052721740207,1.4136686669509617
2023-08-28,1.8424821784891667,1.4143391301778472
2023-08-29,1.843457848406598,1.4150880807828903
2023-08-30,1.8456652161999583,1.4167825159754215
2023-08-31,1.8462133332935609,1.4172032654743596
2023-09-01,1.8466438709472168,1.4175337578165326
2023-09-04,1.846966985067342,1.4177817889502615
2023-09-05,1.8472391034262776,1.4179906743590733
2023-09-06,1.848635225070229,1.419062375075955
2023-09-07,1.8479197964044296,1.41851319269107
2023-09-08,1.847571664036285,1.4182459568738137
2023-09-11,1.8467298789325164,1.4175997798712026
2023-09-12,1.848302348646002,1.418806850133682
2023-09-13,1.8485719470681226,1.4190138011708702
2023-09-14,1.8493588799113125,1.4196178720953763
2023-09-15,1.8502668008306709,1.420314816737961
2023-09-18,1.849609409632891,1.419810185482522
2023-09-19,1.8496874857209877,1.419870118798467
2023-09-20,1.8507603085640072,1.42069364661564
2023-09-21,1.851321176743626,1.4211241841929187
2023-09-22,1.8525983213280084,1.4221045549024298
2023-09-26,1.8530653887025779,1.4219860467992005
2023-09-27,1.8523201150148862,1.4214141464273058
2023-09-28,1.8526831009278673,1.421692690782292
2023-09-29,1.8535568589454103,1.4223631861230392
2023-10-02,1.8544366220668362,1.4230382895979534
2023-10-03,1.853847569447733,1.4225862685250317
2023-10-04,1.854755890270428,1.4232832863117562
2023-10-05,1.8547193367373038,1.4232552362416504
2023-10-06,1.8547225157559226,1.4232576757238975
2023-10-09,1.8563794092275323,1.424529125405072
2023-10-10,1.8566228904334818,1.4247159654807806
2023-10-11,1.8573534942814272,1.4252766086636115
2023-10-12,1.8571005028607086,1.4250824707381962
2023-10-13,1.8585506334428468,1.4261952568635043
2023-10-16,1.8579812620882248,1.4257583385946426
2023-10-17,1.857792543174604,1.425613521437314
2023-10-18,1.8581674591693402,1.4259012205743693
2023-10-19,1.8579834942916014,1.4257600515196556
2023-10-20,1.8573382563935923,1.425264915571713
2023-10-23,1.8572161534199028,1.425171217461588
2023-10-25,1.8583154689551764,1.4264360081900875
2023-10-26,1.8598111160178323,1.4275840612851391
2023-10-27,1.8597840448862413,1.4275632815857129
2023-10-30,1.8593389399898816,1.4272216207309247
2023-10-31,1.8597464040200782,1.4275343885975353
2023-11-01,1.8586647648100985,1.426704126382771
2023-11-02,1.8589404299393737,1.426915725905656
2023-11-03,1.8592194167978497,1.4271298751754598
2023-11-06,1.8585667858018493,1.4266289180622527
2023-11-07,1.8587691996681666,1.4267842901894805
2023-11-08,1.8594377216138644,1.4272974451362803
2023-11-09,1.8602534061987135,1.4279235615748462
2023-11-10,1.8608092409789845,1.4283502182746524
2023-11-13,1.8619217370390246,1.4292041660921901
2023-11-14,1.8630824937760428,1.4300951586249935
2023-11-15,1.8629049838630047,1.4299589026792199
2023-11-16,1.8630303408226976,1.4300551262129366
2023-11-17,1.864595040090414,1.431256183522498
2023-11-20,1.8635754945424776,1.4304735841706322
2023-11-21,1.8631978917898389,1.4301837377090632
2023-11-23,1.8640186399891294,1.431885738263232
2023-11-24,1.8646024223224495,1.4323341831335772
2023-11-27,1.8632739167437335,1.4313136631931878
2023-11-28,1.8640207608869648,1.4318873674762116
2023-11-29,1.8637605083995366,1.4316874489683697
2023-11-30,1.8629678458097798,1.4310785482668542
2023-12-01,1.864073301660784,1.431927727794019
2023-12-04,1.864820459207052,1.4325016728242808
2023-12-05,1.8661256614393709,1.4335042918013192
2023-12-06,1.8664757639666871,1.4337732305367157
2023-12-07,1.8671760105856334,1.434311139936024
2023-12-08,1.8666719588120766,1.4339239417983989
2023-12-11,1.8663013202691079,1.4336392278838799
2023-12-12,1.867522465173657,1.434577276428924
2023-12-13,1.8694246927173879,1.4360385131528313
2023-12-14,1.8699934331732257,1.4364754032836577
2023-12-15,1.8698540585788845,1.4363683397116354
2023-12-18,1.870819094678445,1.4371096528070226
2023-12-19,1.8715012503571529,1.4376336652641204
2023-12-20,1.8721805547461021,1.4381554874420797
2023-12-22,1.8728712382217605,1.4382712693962563
2023-12-25,1.873687222497106,1.4388979044342436
2023-12-26,1.8749555703565937,1.43987193203885
2023-12-27,1.8760399580655465,1.4407046874653011
2023-12-28,1.8752320275124854,1.4400842372824907
2023-12-29,1.8756370460461451,1.440395271222597
2024-01-01,1.8768337464795373,1.4413142771939078
2024-01-02,1.8777096289155877,1.441986911018076
2024-01-03,1.8772991357522402,1.4416716728366799
2024-01-04,1.876358102609415,1.4409490065341313
2024-01-05,1.8763708612483272,1.4409588045295352
2024-01-08,1.8771080339822483,1.4415249162526176
2024-01-09,1.8778640325787603,1.4421054852948862
2024-01-10,1.8803949839013192,1.4440491290954782
2024-01-11,1.8801923839670236,1.4438935424973545
2024-01-12,1.8804775983694288,1.4441125728675293
2024-01-15,1.8804716283301168,1.4441079881764707
2024-01-16,1.8818192417673505,1.4451428877731274
2024-01-17,1.882673958163948,1.4457992671395357
2024-01-18,1.883756869473278,1.4466308887650525
2024-01-22,1.8849406650531382,1.447044891468609
2024-01-23,1.8840277836937016,1.4463440840998782
2024-01-24,1.884175752238245,1.4464576776630333
2024-01-25,1.8855470070796274,1.4475103725037317
2024-01-26,1.8863527209269149,1.4481289087411415
2024-01-29,1.8867369022234124,1.4484238398192393
2024-01-30,1.8887406795422106,1.4499621140931014
2024-01-31,1.8877853783291254,1.44922874154412
2024-02-01,1.8875357060663442,1.4490370713344964
2024-02-02,1.8871342140276104,1.4487288510205172
2024-02-05,1.8875057923738872,1.4490141069745792
2024-02-06,1.8887137472688487,1.4499414385305724
2024-02-07,1.88955809771666,1.4505896355930938
2024-02-08,1.8890575756416323,1.4502053911841508
2024-02-09,1.8902478443078612,1.4511191452480716
2024-02-12,1.8922851630278124,1.452683168827517
2024-02-13,1.8928795495490995,1.4531394717738817
2024-02-14,1.8930672768976733,1.453283587663458
2024-02-15,1.8928236650345975,1.4530965699453406
2024-02-16,1.8923734350182333,1.4527509341079667
2024-02-20,1.8926203546266769,1.4532525269203218
2024-02-21,1.8924218842950733,1.4531001310580367
2024-02-22,1.8934904786899893,1.4539206535156275
2024-02-23,1.893338554721393,1.4538039983762474
2024-02-26,1.892832519002475,1.453415437783294
2024-02-27,1.8940627532814254,1.4543600757664044
2024-02-28,1.89530923080005,1.4553171861553225
2024-02-29,1.896612508356367,1.456317910572856
2024-03-01,1.8975901062894618,1.4570685612055143
2024-03-04,1.8968377791555568,1.4564908852306442
2024-03-05,1.8973859473295587,1.456911797318004
2024-03-06,1.898411398773218,1.457699192369573
2024-03-07,1.8993908167973783,1.4584512405629906
2024-03-08,1.899006323952527,1.4581560069219717
2024-03-11,1.8994785313441587,1.4585185923625443
2024-03-12,1.9005710848062018,1.4593575118403088
2024-03-13,1.9010809369102732,1.4597490028526432
2024-03-14,1.900131952376592,1.4590203230790113
2024-03-15,1.900809951173218,1.459540925883497
2024-03-18,1.8996603810864092,1.4586582260702763
2024-03-20,1.9004975185156965,1.4591535663966615
2024-03-21,1.899515882467911,1.45839989125314
2024-03-22,1.901040730821257,1.45957063096278
2024-03-25,1.9025458238503343,1.4607262030378503
2024-03-26,1.9040368168360355,1.4618709494589124
2024-03-27,1.903873289842107,1.4617453975999553
2024-03-28,1.9023601705371176,1.4605836631547646
2024-03-29,1.9019067296713905,1.4602355228126016
2024-04-01,1.9013796500905105,1.4598308445413999
2024-04-02,1.9026284592863025,1.460789648419877
2024-04-03,1.9041325299828404,1.4619444355740745
2024-04-04,1.9062604398668963,1.46357819055983
2024-04-05,1.9052748215363478,1.4628214579210792
2024-04-08,1.9055945449088878,1.4630669333793511
2024-04-09,1.906904131268133,1.4640724004152088
2024-04-10,1.9071436157355695,1.4642562704867832
2024-04-11,1.9086265753242762,1.4653948490703392
2024-04-12,1.9089419436520236,1.4656369808361942
2024-04-15,1.9090000769710607,1.4656816141172024
2024-04-16,1.909206551309112,1.4658401398525964
2024-04-18,1.9108824696406623,1.4673976919998646
2024-04-19,1.911442988105938,1.467828123235347
2024-04-22,1.9104151253244965,1.4670388107071604
2024-04-23,1.911140232114098,1.4675956319907397
2024-04-24,1.911115711182899,1.467576801969313
2024-04-25,1.9127948918356608,1.4688662720719807
2024-04-26,1.9130324954964515,1.4690487317831322
2024-04-29,1.9144184408109264,1.4701130217057254
2024-04-30,1.9143239498269766,1.4700404605440813
2024-05-01,1.914484113157455,1.470163452567516
2024-05-02,1.9138527882478362,1.4696786479131247
2024-05-03,1.913266608706861,1.4692285111207315
2024-05-06,1.913621862663255,1.4695013164051844
2024-05-07,1.9141928450185344,1.4699397830317935
2024-05-08,1.9148066145546827,1.470411106629698
2024-05-09,1.9152012541129977,1.4707141567577116
2024-05-10,1.916190876471362,1.471474103843776
2024-05-13,1.917656737040988,1.4725997619890765
2024-05-14,1.9188763309046253,1.473536307930081
2024-05-15,1.9199952791891954,1.474395566495865
2024-05-17,1.9201759602812827,1.476052331771184
2024-05-20,1.9191375744580872,1.4752541175203497
2024-05-21,1.9202561595875416,1.4761139815238413
2024-05-22,1.92071206814345,1.476464441534248
2024-05-23,1.9193469965026004,1.4754151016715535
2024-05-24,1.9185257560771267,1.4747838085661094
2024-05-27,1.917929921937532,1.4743257868070156
2024-05-28,1.9188281781313645,1.475016282457862
2024-05-29,1.9178533825673465,1.474266950472132
2024-05-30,1.9190525654745552,1.4751887705360318
2024-05-31,1.919921006245525,1.475856346868363
2024-06-03,1.922653335946476,1.4779567073091142
2024-06-04,1.9217568069923099,1.477267539399157
2024-06-05,1.9219328447046664,1.477402860786977
2024-06-06,1.9228304629165829,1.4780928660167818
2024-06-07,1.9235908337580352,1.4786773682586347
2024-06-10,1.9246849614175423,1.47951843163849
2024-06-11,1.9242403429121238,1.479176650366749
2024-06-12,1.9237860312647814,1.4788274179108274
2024-06-13,1.9251258866659924,1.4798573738784586
2024-06-17,1.9260722289435506,1.4811156642414005
2024-06-18,1.9261098694773682,1.4811446091498053
2024-06-19,1.9260369094785201,1.4810885041940653
2024-06-20,1.9269946409834904,1.481824982874788
2024-06-21,1.9275773050184934,1.4822730412685827
2024-06-24,1.927501658220817,1.4822148702118048
2024-06-25,1.9271419845249214,1.4819382874663598
2024-06-26,1.927670978996742,1.4823450749101206
2024-06-27,1.927073683394386,1.4818857650984023
2024-06-28,1.9286615980648616,1.4831068435484094
2024-07-01,1.92903093253218,1.4833908552571444
2024-07-02,1.9291354188541778,1.4834712034008353
2024-07-03,1.9293611952491272,1.4836448214771205
2024-07-04,1.9290382142083784,1.4833964547380558
2024-07-05,1.9283931786443922,1.4829004337355949
2024-07-08,1.9278172797270359,1.4824575775982713
2024-07-09,1.9284583777867235,1.4829505707291877
2024-07-10,1.929650753863273,1.4838674869580317
2024-07-11,1.9322678711462629,1.4858800041132785
2024-07-12,1.9322708810418991,1.4858823186700785
2024-07-16,1.932235504258679,1.4860772187073568
2024-07-17,1.9320047834159277,1.485899771917078
2024-07-18,1.9326661333833464,1.4864084144288254
2024-07-19,1.9343691427815728,1.4877181944553133
2024-07-22,1.935566229366383,1.488638870583345
2024-07-23,1.935571200183351,1.4886426936255355
2024-07-24,1.9339358868417424,1.4873849784572466
2024-07-25,1.9341865763345643,1.4875777830835102
2024-07-26,1.933924957753462,1.4873765729243398
2024-07-29,1.9333360697730164,1.4869236607352292
2024-07-30,1.934381760355036,1.487727898597711
2024-07-31,1.934916147735576,1.4881388945194995
2024-08-01,1.9357278551151715,1.4887631765195015
2024-08-02,1.9357291433414188,1.4887641672909029
2024-08-05,1.9361501757851267,1.489087982230413
2024-08-06,1.9368950142013,1.4896608354874066
2024-08-07,1.9378763623451014,1.4904155877507357
2024-08-08,1.9373814214310627,1.4900349300020617
2024-08-09,1.9361821745699033,1.4891125924111999
2024-08-12,1.9370164562836818,1.4897542362719496
2024-08-14,1.93752654772051,1.4908101361617052
2024-08-15,1.9377973735721328,1.4910185203643418
2024-08-16,1.938964479501747,1.4919165381757056
2024-08-19,1.941732095071554,1.4940460518844707
2024-08-20,1.941610352312793,1.4939523781544364
2024-08-21,1.941354028179205,1.4937551521515486
2024-08-22,1.9428217228556646,1.4948844549231832
2024-08-23,1.9436027642125258,1.495485419267615
2024-08-26,1.942038745424737,1.494282000886212
2024-08-27,1.9407634922998986,1.493300770313182
2024-08-28,1.940602256918055,1.4931767093851689
2024-08-29,1.9408183823571614,1.4933430049106062
2024-08-30,1.9410635185929006,1.4935316224990518
2024-09-02,1.9412629626173359,1.4936850826792878
2024-09-03,1.9409075885769844,1.4934116437310019
2024-09-04,1.9419566012987401,1.4942187959222304
2024-09-05,1.943339454745133,1.4952828184705325
2024-09-06,1.9431144772635363,1.4951097118308494
2024-09-09,1.9431591637520296,1.4951440953958506
2024-09-10,1.9428788130555106,1.4949283823979862
2024-09-12,1.9429768809632426,1.4958445814083565
2024-09-13,1.944395837641264,1.4969369972157023
2024-09-16,1.9454999365568935,1.497787012672121
2024-09-17,1.9470710096565749,1.4989965387381181
2024-09-18,1.9471331346357785,1.499044367054771
2024-09-19,1.9489516302699972,1.50044437694033
2024-09-20,1.9491560194892,1.5006017305913375
2024-09-23,1.9483882965326254,1.5000106817549532
2024-09-24,1.9498338471329273,1.5011235714932714
2024-09-25,1.9489292561082594,1.5004271516872008
2024-09-26,1.9464267544437843,1.498500544329467
2024-09-27,1.947734816107411,1.4995075851084154
2024-09-30,1.9487727626075346,1.5003066716354934
2024-10-01,1.9469112977571084,1.4988735809295393
2024-10-02,1.9488326637081075,1.5003527878490162
2024-10-03,1.949268395758586,1.500688245997304
2024-10-04,1.9494590389019049,1.5008350169217088
2024-10-07,1.9485196623708447,1.5001118167088519
2024-10-08,1.9484026453531242,1.5000217285180943
2024-10-09,1.9496206175620983,1.5009594118981437
2024-10-11,1.9507587584968324,1.5032968662847845
2024-10-14,1.9519293724153703,1.5041989666740316
2024-10-15,1.9521751954891942,1.5043884032483543
2024-10-16,1.953644598293868,1.5055207568117843
2024-10-17,1.954899460554705,1.5064877807946928
2024-10-18,1.953414182943908,1.5053431937625195
2024-10-21,1.9542600335453157,1.5059950245196045
2024-10-22,1.955946710333795,1.5072948141114813
2024-10-23,1.9553184744844971,1.506810681986264
2024-10-24,1.9556291472250575,1.507050093115544
2024-10-25,1.9568767039694628,1.5080114873095765
2024-10-28,1.9561545362665411,1.5074549692675554
2024-10-29,1.9570785562439574,1.5081670390354773
2024-10-30,1.955307017634998,1.5068018530903924
2024-10-31,1.9544560393598005,1.5061460708370467
2024-11-01,1.9551635885183831,1.50669132351281
2024-11-04,1.9560729509720705,1.5073920978761142
2024-11-05,1.9557439243609016,1.5071385428574118
2024-11-06,1.9549465220385722,1.5065240473914272
2024-11-07,1.9554770455660713,1.5069328802893476
2024-11-11,1.9547160398021326,1.5069011078725754
2024-11-12,1.9550600540226821,1.507166310285363
2024-11-13,1.9556065006440415,1.50758756892465
2024-11-14,1.9577826033889303,1.5092651382341284
2024-11-15,1.9572493380383755,1.5088540411073958
2024-11-18,1.9574635311780528,1.5090191637507395
2024-11-19,1.958094853764948,1.5095058537283355
2024-11-20,1.9568033155867475,1.5085102000006527
2024-11-21,1.956972713427129,1.5086407897068528
2024-11-22,1.958019302502321,1.5094476108536488
2024-11-25,1.9570323509967396,1.5086867646300062
2024-11-26,1.9572164416890228,1.5088286811347578
2024-11-27,1.9566758048118278,1.508411901258493
2024-11-28,1.9570348915907883,1.508688723187622
2024-11-29,1.9573511134143666,1.5089325002921123
2024-12-02,1.95796208056906,1.5094034981575488
2024-12-03,1.9583425630947784,1.5096968141829237
2024-12-04,1.9602715447773984,1.511183876536441
2024-12-05,1.9607250140725234,1.5115334584548863
2024-12-06,1.9600228470636214,1.5109921541313522
2024-12-10,1.9610084693089687,1.5124630386710727
2024-12-11,1.9616436941031328,1.512952967214196
2024-12-12,1.9629996611312008,1.5139987811633484
2024-12-13,1.9649603869534127,1.5155110262053642
2024-12-16,1.96553903085495,1.5159573157177886
2024-12-17,1.9655110378315936,1.515935725595242
2024-12-18,1.9655296566702258,1.5159500857092827
2024-12-19,1.9658816567562294,1.5162215721041767
2024-12-20,1.9653839773898911,1.5158377279451756
2024-12-23,1.965104687334237,1.5156223204684327
2024-12-24,1.9649581005191505,1.5155092627518318
2024-12-25,1.9654592209230426,1.5158957608729122
2024-12-26,1.96576391092027,1.5161307585112558
2024-12-27,1.9656180109147143,1.5160182305088536
2024-12-30,1.9653814356589074,1.5158357675894567
2024-12-31,1.96674652500612,1.5168886172912586
2025-01-01,1.9664651716565515,1.5166716184619886
2025-01-02,1.966225999913631,1.5164871529552233
2025-01-03,1.966927423633335,1.517028138609851
2025-01-06,1.966736992745285,1.5168812653637103
2025-01-08,1.9689617580609708,1.519632171398425
2025-01-09,1.9686586064495994,1.519398200911408
2025-01-10,1.969096473144838,1.5197361436439898
2025-01-13,1.9691729515001528,1.519795169152574
2025-01-14,1.9690163648238372,1.5196743165509592
2025-01-15,1.9700245245929378,1.5204524078535264
2025-01-16,1.9703161642057239,1.5206774934531981
2025-01-17,1.972496341938558,1.5223601407715717
2025-01-20,1.9717929908487783,1.5218172988705336
2025-01-21,1.9738249705953157,1.5233855679249357
2025-01-22,1.9741501726304949,1.523636556788909
2025-01-23,1.9753927179866522,1.5245955453979605
2025-01-24,1.9751140390481843,1.5243804627643576
2025-01-27,1.9748626109350662,1.5241864121445707
2025-01-28,1.9744977823125855,1.5239048397323596
2025-01-29,1.9734903767708885,1.5231273305377089
2025-01-30,1.9742072234298413,1.5236805882332658
2025-01-31,1.9738872885038732,1.5234336644907072
2025-02-03,1.975345773880073,1.5245593142348495
2025-02-04,1.9772945400205186,1.5260633595569228
2025-02-06,1.978333382628829,1.526521009104923
2025-02-07,1.9775300428184182,1.525901136282268
2025-02-10,1.977774780333529,1.526089980569997
2025-02-11,1.9774429787595258,1.525833955939357
2025-02-12,1.9792006387610064,1.5271902010205365
2025-02-13,1.977721945464481,1.5260492121442484
2025-02-14,1.9785327952156513,1.526674879785131
2025-02-17,1.9786908477260645,1.5267968362156326
2025-02-18,1.9804341224735273,1.5281419813514376
2025-02-19,1.9808174647027617,1.52843777576695
2025-02-20,1.9826151158040541,1.5298248787685267
2025-02-21,1.9823284376191617,1.5296036722338078
2025-02-24,1.9828828121797162,1.5300314385653222
2025-02-25,1.9832871529844245,1.5303434358953198
2025-02-26,1.9825259153453172,1.5297560499374108
2025-02-27,1.984398274724427,1.5312007993178252
2025-02-28,1.985209995695239,1.5318271392089453
2025-03-03,1.9851435793231513,1.5317758910279105
2025-03-04,1.9830689560060148,1.5301750708085298
2025-03-05,1.983528669995831,1.5305297951789498
2025-03-07,1.9842990268821454,1.5313652260066235
2025-03-10,1.9834855545025099,1.5307374358915176
2025-03-11,1.9854757519633917,1.5322733531818011
2025-03-12,1.9859274563680573,1.53262195206149
2025-03-13,1.9877406324602391,1.5340212546759537
2025-03-14,1.9904604464995124,1.536120247108305
2025-03-17,1.9904463099713756,1.5361093373677308
2025-03-18,1.9903629122055257,1.5360449758794577
2025-03-19,1.9898064208381507,1.5356155085879728
2025-03-20,1.9901811491428438,1.53590470184324
2025-03-21,1.9871035989383394,1.5335296296889827
2025-03-24,1.9880728951770703,1.5342776754893295
2025-03-25,1.9884054422802704,1.5345343157753706
2025-03-26,1.9885032631611108,1.534609808175088
2025-03-27,1.9887545409427243,1.5348037295808934
2025-03-28,1.9894582616828513,1.5353468198387883
2025-03-31,1.9903134210251363,1.5360067814986635
2025-04-01,1.988596886554223,1.5346820612007714
2025-04-02,1.9882523630660398,1.534416178245532
2025-04-03,1.9881756637415722,1.5343569862201583
2025-04-07,1.9889520073883562,1.5370741736942237
2025-04-08,1.9867986393845727,1.5354100378413826
2025-04-09,1.9876528375271878,1.5360701673464456
2025-04-10,1.986791690641228,1.5354046678103839
2025-04-11,1.9858733037832743,1.5346949328768222
2025-04-14,1.986766592317549,1.535385271673631
2025-04-15,1.988521726441827,1.5367416499692235
2025-04-16,1.9906349428731258,1.5383747564433414
2025-04-17,1.9900703830438733,1.5379384611834126
2025-04-18,1.990855952750376,1.5385455542168374
2025-04-21,1.9909732652813201,1.5386362140522156
2025-04-22,1.9922351343412412,1.539611394114572
2025-04-23,1.993124803401048,1.540298935759561
2025-04-24,1.9938453810816743,1.5408558025612316
2025-04-25,1.9944887709735712,1.541353018171652
2025-04-28,1.9964788041205377,1.542890927856569
2025-04-29,1.9949277144593094,1.5416922363594883
2025-04-30,1.9955714081840599,1.5421896867737805
2025-05-01,1.9968802537101826,1.5432011705341153
2025-05-02,1.9966460661462566,1.5430201889644375
2025-05-06,1.9967453223912706,1.5435432726057245
2025-05-07,1.9950537337894885,1.5422356245160973
2025-05-08,1.9965192513593133,1.5433685130023864
2025-05-09,1.996108029332069,1.5430506261960009
2025-05-12,1.9971082998760221,1.5438238649518856
2025-05-13,1.9965627075011,1.5434021058870453
2025-05-14,1.9961534191206516,1.5430857138469025
2025-05-15,1.9969488002123938,1.5437005669879362
2025-05-16,1.9985048753440173,1.544903459151575
2025-05-19,1.9976371462316078,1.5442326788478056
2025-05-20,1.9990135677203582,1.5452966934246302
2025-05-21,1.9985921395292245,1.5449709169512782
2025-05-22,1.9977118508817218,1.544290427754901
2025-05-23,1.9991617487856643,1.5454112417768493
2025-05-26,2.0006002277570847,1.5465232286257589
2025-05-27,2.0018996509086207,1.5475277212074263
2025-05-28,2.0007754255784516,1.5466586617305784
2025-05-29,2.0010715502853706,1.5468875748994695
2025-05-30,1.997630630503533,1.5442276419970244
2025-06-02,1.999529561667094,1.5456955720278538
2025-06-04,2.0000335462009864,1.5464435394393166
2025-06-05,2.0004817276276867,1.5467900772627117
2025-06-06,2.000841029596672,1.547067892707208
2025-06-09,2.0004642730117346,1.546776581200046
2025-06-10,2.001004467653768,1.5471942644513093
2025-06-11,2.0019829755863547,1.5479508553962527
2025-06-12,2.0030699448941527,1.548791309631036
2025-06-13,2.005281820303448,1.5505015511633575
2025-06-16,2.0051158862393765,1.5503732494846965
2025-06-17,2.004749239021336,1.550089754628988
2025-06-18,2.004648659752704,1.5500119858533228
2025-06-19,2.0034493761488936,1.5490846892164285
2025-06-20,2.0025038412958347,1.5483535933467594
2025-06-23,2.0019996535555413,1.5479637509488045
2025-06-24,2.0035593927430955,1.549169755015279
2025-06-25,2.0040398013623935,1.5495412111876097
2025-06-26,2.004980077697153,1.5502682411246518
2025-06-27,2.0049021207379476,1.5502079641177253
2025-06-30,2.0048831768628976,1.550193316546819
2025-07-01,2.0055146992087636,1.5506816151824248
2025-07-03,2.0064258188913855,1.551471001770952
2025-07-04,2.0064955072856785,1.551524888399547
2025-07-07,2.0061680247144005,1.551271662136139
2025-07-08,2.0068548425030515,1.5518027447570661
2025-07-09,2.005597518878232,1.5508305178621653
2025-07-10,2.0064549233264857,1.5514935068078468
2025-07-11,2.0078303153226433,1.5525570302025395
2025-07-14,2.0079372302969447,1.5526397023256362
2025-07-15,2.007749257757341,1.552494352349784
2025-07-16,2.0072011950494013,1.5520705622497393
2025-07-17,2.0092916308970494,1.5536869940999238
2025-07-18,2.00764105137883,1.5524106816469425
2025-07-21,2.0068998400881184,1.5518375391898942
2025-07-22,2.008038085368705,1.5527176886223355
2025-07-23,2.0097517415213235,1.5540427751532013
2025-07-24,2.0079874317107067,1.552678520624806
2025-07-25,2.0083464120078607,1.55295610253987
2025-07-28,2.0093513570174433,1.5537331773891176
2025-07-29,2.0110065063010336,1.5550130234182677
2025-07-30,2.0110109891073176,1.5550164897532255
2025-08-01,2.0100525828124343,1.553919586797969
2025-08-04,2.0111552445542444,1.554772026029093
2025-08-05,2.011780408920228,1.555255324407243
2025-08-06,2.0111000117671067,1.5547293269920126
2025-08-07,2.0102807907668963,1.554096008456454
2025-08-08,2.0107857888238234,1.554486409373656
2025-08-11,2.009456210013512,1.5534585464345463
2025-08-12,2.010439637232348,1.5542188085444069
2025-08-13,2.0094426114162913,1.55344803371127
2025-08-14,2.0100951111240404,1.553952464334091
2025-08-15,2.0123786627754106,1.5557178189665375
2025-08-18,2.0123107603869115,1.5556653253888164
2025-08-19,2.011732738972913,1.5552184720057352
2025-08-20,2.0130524704675046,1.55623872224013
2025-08-21,2.0130401422254844,1.556229191595554
2025-08-22,2.0127543695177526,1.5560082681173752
2025-08-25,2.014698591042483,1.5575112954183454
2025-08-26,2.012702342567473,1.5559680474297313
2025-08-27,2.01390963425757,1.5569013733637203
2025-08-28,2.013417804800374,1.5565211527498735
2025-09-01,2.0119462666536956,1.555811756424335
2025-09-02,2.011347296910552,1.5553485809491394
2025-09-03,2.0115862915770673,1.555533392401637
2025-09-04,2.0126513351395787,1.556356976670821
2025-09-05,2.012024370543633,1.5558721531417827
2025-09-08,2.014102095267568,1.5574788305196472
2025-09-09,2.0137561259921153,1.5572112969999743
2025-09-10,2.01501013113996,1.5581810027937966
2025-09-11,2.01425001493581,1.5575932148661238
2025-09-12,2.014719546917653,1.5579562978119639
2025-09-15,2.0133651324400685,1.5569089467955761
2025-09-16,2.013539694880606,1.5570439336497082
2025-09-17,2.015635025154526,1.5586642251693115
2025-09-18,2.017495433559827,1.5601028546778082
2025-09-19,2.016924490121575,1.5596613515779447
2025-09-22,2.016019249995113,1.5589613412175893
2025-09-23,2.0157331544679518,1.558740107285056
2025-09-24,2.0151593458343555,1.5582963885670746
2025-09-25,2.016468763013786,1.5593089437608125
2025-09-26,2.017576085167815,1.5601652215123316
2025-09-30,2.018863757503153,1.5612436444442632
2025-10-01,2.017255160121913,1.5599996712298265
2025-10-02,2.016389280593346,1.5593300624432973
2025-10-03,2.015715466741693,1.558808983400929
2025-10-06,2.017018419931131,1.5598165934382375
2025-10-07,2.0152585978252526,1.5584556739269808
2025-10-08,2.0139137659943347,1.5574156779683312
2025-10-09,2.015002676005103,1.5582577624464766
2025-10-10,2.0147301258221346,1.5580469917892839
2025-10-13,2.0148243719049646,1.55811987491341
2025-10-14,2.016874792556683,1.5597055223841891
2025-10-15,2.017018638316873,1.5598167623220216
2025-10-16,2.016677200810131,1.5595527191762697
2025-10-17,2.017495732180582,1.5601857123117135
2025-10-20,2.0166030631468757,1.5594953864537715
2025-10-21,2.0179278655317483,1.5605198930832258
2025-10-22,2.0191982068547873,1.5615022834547894
2025-10-23,2.019374352821654,1.5616385020432124
2025-10-24,2.0202688725018683,1.5623302590577084
2025-10-27,2.0212564952198773,1.5630940152477284
2025-10-29,2.0209340928135933,1.5626007483644633
2025-10-30,2.0206399937557618,1.5623733488616816
2025-10-31,2.0201840032324467,1.5620207737156078
2025-11-03,2.0196653159153732,1.5616197209585145
2025-11-04,2.0206705166089454,1.562396949350879
2025-11-05,2.0194901609875973,1.5614842899109629
2025-11-06,2.0204332239521037,1.562213472965142
2025-11-07,2.01847093823621,1.5606962195628344
2025-11-10,2.0189556159245856,1.5610709758308716
2025-11-11,2.02047782128477,1.5622479559429132
2025-11-12,2.0200557959687955,1.5619216429389833
2025-11-13,2.0207107512665052,1.5624280590769395
2025-11-14,2.021072959055192,1.5627081207393547
2025-11-17,2.020989523987162,1.5626436081457935
2025-11-18,2.0211861092830343,1.5627956093078008
2025-11-19,2.0224279440439235,1.5637558048597542
2025-11-20,2.0229203498913093,1.5641365365958164
2025-11-21,2.0233251243910026,1.5644495111447583
2025-11-24,2.0233428110239395,1.564463186576313
2025-11-25,2.0257613254083373,1.5663331992602638
2025-11-27,2.0263364082837954,1.566756825746228
2025-11-28,2.025754631159026,1.5663069975352908
2025-12-01,2.025295395714907,1.5659519181596468
2025-12-02,2.0263247990739415,1.5667478495423235
2025-12-03,2.027051065585861,1.5673093964849776
2025-12-04,2.028513363065328,1.5684400402161274
2025-12-05,2.0275060209862543,1.567661166544511
2025-12-08,2.0259914388329126,1.5664900964708548
2025-12-09,2.0263440136013866,1.5667627061534497
2025-12-10,2.026067457885258,1.566548874158835
2025-12-11,2.027032778136418,1.5672952566875964
2025-12-12,2.0289670920021785,1.5687908619779747
2025-12-15,2.029891263571147,1.5695054284773586
2025-12-16,2.029991072438673,1.569582600374299
2025-12-17,2.031183746251034,1.5705047719489527
2025-12-18,2.0308174699565953,1.5702215682903329
2025-12-19,2.0310044999277754,1.5703661792654737
2025-12-22,2.033262301165543,1.5721119039565907
2025-12-23,2.0336848846928484,1.5724386441874563
2025-12-24,2.033558459702603,1.572340892789612
2025-12-26,2.0330002851968256,1.572184188227772
2025-12-29,2.0345865607845535,1.5734109059096912
2025-12-30,2.03427886210475,1.573172952672474
2025-12-31,2.0359922305677713,1.5744979553425595
2026-01-01,2.0376979988895867,1.575817080580202
2026-01-02,2.038355253508794,1.5763253566131576
2026-01-05,2.0395243913520003,1.5772294883264346
2026-01-06,2.039792224063061,1.5774366119340826
2026-01-07,2.0400089670303116,1.5776042262076773
2026-01-08,2.0389969724027797,1.5768216183725665
2026-01-09,2.0393342157127337,1.5770824194178767
2026-01-12,2.04089073333928,1.5782861243159887
2026-01-13,2.040156131635928,1.577718033307313
2026-01-14,2.0407628908925974,1.5781872596602764
2026-01-15,2.041078307761079,1.5784311816198247
2026-01-16,2.0403840778624716,1.5778943114198876
2026-01-19,2.0404796396079172,1.5779682123761654
2026-01-20,2.040600770014314,1.5780618863963007
2026-01-21,2.0403058130289957,1.5778337867192365
2026-01-22,2.040819865194093,1.578231319711128
2026-01-26,2.041190603256035,1.577517840754094
2026-01-27,2.0419283291986248,1.5780879863515536
2026-01-28,2.042004219520781,1.578146637580376
2026-01-29,2.0419607824005603,1.5781130675492432
2026-01-30,2.041800783407278,1.5779894136062929
2026-02-02,2.0403391053294757,1.5768597673882994
2026-02-03,2.041674897015239,1.5778921233145224
2026-02-04,2.042654828685169,1.5786494556722008
2026-02-05,2.0430690455862908,1.5789695798930448
2026-02-06,2.0427967245374283,1.578759118747325
2026-02-09,2.044996993463675,1.5804595789983542
2026-02-10,2.046540943410336,1.581652808372526
2026-02-11,2.046885261691796,1.5819189120039236
2026-02-12,2.0484593002469875,1.5831353951186746
2026-02-13,2.0491651084393276,1.5836808733379995
2026-02-16,2.0496537273240505,1.5840584985371111
2026-02-17,2.050485126422858,1.5847010386845444
2026-02-18,2.051868719999398,1.5857703379199333
2026-02-19,2.051471014725603,1.585462974578277
2026-02-20,2.050962459585159,1.5850699418032985
2026-02-24,2.0501891539865484,1.5853254168092517
2026-02-25,2.0491366496777794,1.584511559303105
2026-02-26,2.047581283623841,1.5833088598678084
2026-02-27,2.0478595367283945,1.5835240213411275
2026-03-02,2.0466155318920816,1.582562084496517
2026-03-03,2.0477835942339544,1.5834652981904282
2026-03-04,2.0485300402455078,1.5840424936321709
2026-03-05,2.0499341580520842,1.58512823913162
2026-03-06,2.0504003836414006,1.5854887518556646
2026-03-09,2.049807459468466,1.585030268422677
2026-03-10,2.051281951170732,1.5861704311086082
2026-03-11,2.052327055189355,1.5869785662802876
2026-03-12,2.050774682418994,1.5857781814258312
2026-03-13,2.0503662549297914,1.5854623615521881
2026-03-16,2.0509381637275097,1.5859045946755839
2026-03-17,2.050557875262011,1.5856105335305901
2026-03-18,2.0510783284907053,1.5860129782172694
2026-03-19,2.050380233680246,1.5854731707345249
2026-03-20,2.0513313115065857,1.5862085993892558
2026-03-23,2.0507611954207965,1.5857677524949212
