date,strategy,buy_and_hold
2005-03-07,1.0,1.001838250955597
2005-03-08,1.0,1.0030468831604837
2005-03-09,1.0,1.0033216040813022
2005-03-10,1.0,1.0034001389624778
2005-03-11,1.0,1.0027283845347799
2005-03-14,1.0,1.0024967474175746
2005-03-15,1.0,1.0029393492818484
2005-03-16,1.0,1.002715343978341
2005-03-17,1.0,1.0040102833411442
2005-03-18,1.0,1.003938591973539
2005-03-21,1.0,1.0038107067672732
2005-03-22,1.0,1.0045124855193976
2005-03-23,1.0,1.004144633241071
2005-03-24,1.0,1.0043242215381252
2005-03-25,1.0,1.0045752516817188
2005-03-28,1.0,1.0048753389233038
2005-03-29,1.0,1.0039839366819179
2005-03-30,1.0,1.0042251906316746
2005-03-31,1.0,1.0046859282089118
2005-04-01,1.0,1.005463353298443
2005-04-04,1.0,1.0061810690373592
2005-04-05,1.0,1.0060972639530648
2005-04-06,1.0,1.0067274926741712
2005-04-07,1.0,1.0071777922811969
2005-04-08,1.0,1.0077842055620854
2005-04-11,1.0,1.007985733596744
2005-04-12,1.0,1.0083807226259274
2005-04-13,1.0,1.0082497331977582
2005-04-14,1.0,1.0086492972835288
2005-04-15,1.0,1.0090700079074253
2005-04-18,1.0,1.0097197558923257
2005-04-19,1.0,1.010046163035731
2005-04-20,1.0,1.0099589031766394
2005-04-21,1.0,1.0099207711058353
2005-04-22,1.0,1.0106557818077966
2005-04-25,1.0,1.010310413955951
2005-04-26,1.0,1.0100007826632516
2005-04-27,1.0,1.0104165479447313
2005-04-28,1.0,1.009735686672818
2005-04-29,1.0,1.0106924612482309
2005-05-02,1.0,1.0113499093299247
2005-05-04,1.0,1.0115729790308305
2005-05-05,1.0,1.0116435696619153
2005-05-06,1.0,1.0118706106506326
2005-05-09,1.0,1.0116369510804937
2005-05-10,1.0,1.0122727961255102
2005-05-11,0.9995046693514366,1.0117713863848823
2005-05-12,0.9998586547854749,1.0121297162099838
2005-05-13,0.9998586547854749,1.01239896835312
2005-05-16,0.9999407307478497,1.0124820737193008
2005-05-17,0.9999407307478497,1.0127893941993027
2005-05-18,1.000465001424701,1.01332040145291
2005-05-19,1.000465001424701,1.0139178334630952
2005-05-20,1.0006490615961479,1.0141043686142444
2005-05-23,1.0002223179225354,1.0136718866979584
2005-05-24,1.0000216070796673,1.013468476980813
2005-05-25,0.9996981833978001,1.0131407043567409
2005-05-26,1.0006746580077734,1.0141303092100502
2005-05-27,1.0015401902279493,1.0150074798779132
2005-05-30,1.0016794243115348,1.0151485861836531
2005-05-31,1.001383886532934,1.0148490744328584
2005-06-01,1.0014097746124142,1.0148753106184538
2005-06-02,1.0023802935627852,1.0158588797289112
2005-06-03,1.0019478968787991,1.0154206687885992
2005-06-06,1.0024059299327583,1.0158848608203679
2005-06-07,1.0033718881925555,1.0168638079145635
2005-06-08,1.0043377610570137,1.0178426684651452
2005-06-09,1.0052107090039502,1.018727354575927
2005-06-10,1.0051452559761054,1.018661021428749
2005-06-13,1.0051724640466646,1.0186885953547884
2005-06-14,1.006063000538686,1.0195911065164225
2005-06-15,1.006580759739564,1.0201158278074844
2005-06-16,1.006841503993788,1.0203800781800154
2005-06-17,1.0062478083839084,1.019778399395002
2005-06-20,1.0063072581998653,1.0198386486076272
2005-06-21,1.0069836899592974,1.020524176060394
2005-06-22,1.0067421578773041,1.0202793961980923
2005-06-23,1.006873085648375,1.0204120844998272
2005-06-24,1.0083407866477585,1.0218995210571755
2005-06-27,1.008750444366426,1.0223146872708673
2005-06-28,1.0091519634517025,1.0227216054143886
2005-06-29,1.008786276832055,1.0223510015605892
2005-07-01,1.0084405396128755,1.0212556570331266
2005-07-04,1.0087174121209714,1.0215360479972568
2005-07-05,1.0095793999137388,1.0224089898069892
2005-07-06,1.0085075572071454,1.0213235262773512
2005-07-07,1.0090341713431028,1.021856832550051
2005-07-08,1.0093110129710252,1.0221371922415867
2005-07-11,1.0093350803107277,1.0221615654255827
2005-07-12,1.0094725552954578,1.0223007874226575
2005-07-13,1.0098769192627415,1.0227102899891127
2005-07-14,1.0105545950957453,1.0233965776291907
2005-07-15,1.0111471433673624,1.0239966559190683
2005-07-18,1.011277496325674,1.0241286653840367
2005-07-19,1.0115859945755872,1.024441083985365
2005-07-20,1.0124000709464378,1.025265505521718
2005-07-21,1.0124898828926236,1.025356458785206
2005-07-22,1.0125109638177352,1.0253778076036837
2005-07-25,1.0118803353743901,1.0247391652247297
2005-07-26,1.0128290210611552,1.0256999066728345
2005-07-27,1.0121189728482043,1.0249808352692584
2005-07-28,1.0116226763758398,1.0244782319326626
2005-07-29,1.0125583467667993,1.0254257926884536
2005-08-01,1.0126812770072329,1.0255502851087122
2005-08-02,1.0131046593583954,1.0259790477419348
2005-08-03,1.0139878223001817,1.026873433791436
2005-08-04,1.014135161372381,1.0270226452273856
2005-08-05,1.0150263142029383,1.027925122700016
2005-08-08,1.0142876647843284,1.0271770866307706
2005-08-09,1.0139782294611372,1.0268637190479717
2005-08-10,1.0134123554411878,1.0262906539823178
2005-08-11,1.0132431275327278,1.0261192755499227
2005-08-12,1.014372941060564,1.0272634465856667
2005-08-15,1.0145596060815254,1.0274524837188828
2005-08-16,1.0145613318684308,1.02745423143684
2005-08-17,1.015161204127376,1.028061726786224
2005-08-18,1.014617202974927,1.0275108125453263
2005-08-19,1.0145770900579547,1.0274701898791712
2005-08-22,1.0150226669629194,1.0279214291113952
2005-08-23,1.014513385273588,1.0274056755435619
2005-08-24,1.0142537994395668,1.027142790930076
2005-08-25,1.0147787564900022,1.0276744190592488
2005-08-26,1.014607149393583,1.027500631204516
2005-08-30,1.0142880778019236,1.0279012609753406
2005-08-31,1.0140054894066903,1.027614879843437
2005-09-01,1.0141064399031707,1.0277171852386193
2005-09-02,1.014157075049298,1.027768499980154
2005-09-05,1.0150560748405302,1.028679565622399
2005-09-06,1.0147433170579057,1.0283626101871775
2005-09-07,1.0152165841145422,1.0288422291582975
2005-09-08,1.015972776483405,1.0296085707002178
2005-09-09,1.0157792732710376,1.029412470400561
2005-09-12,1.0160552347704204,1.0296921356942819
2005-09-13,1.016873305716956,1.0305211863120647
2005-09-14,1.0179525143258805,1.0316148794296776
2005-09-15,1.0176314727049662,1.031289528975319
2005-09-16,1.0181594312963371,1.0318245735190634
2005-09-19,1.0176931333522605,1.0313520171958683
2005-09-20,1.0184514174803965,1.032120478571435
2005-09-21,1.0178214140657482,1.0314820196182952
2005-09-22,1.0177546312999683,1.0314143405331724
2005-09-23,1.017872059437351,1.0315333447225454
2005-09-26,1.0186169032198376,1.03228818536398
2005-09-27,1.0184879580193755,1.032157509536222
2005-09-28,1.0186931131555128,1.0323654181449755
2005-09-29,1.0185909456024942,1.0322618793586318
2005-09-30,1.0184962751511177,1.0321659382956572
2005-10-03,1.018820031485731,1.0324940398990192
2005-10-04,1.0191084667285168,1.0327863463514542
2005-10-05,1.0190756133312762,1.0327530520150718
2005-10-06,1.0190416610727602,1.0327186440691387
2005-10-07,1.0200072761821617,1.033697219101512
2005-10-10,1.0207767511197392,1.0344770214830392
2005-10-11,1.0203844931220203,1.034079498827191
2005-10-12,1.0203926176562845,1.034087732404217
2005-10-13,1.0203287097479408,1.0340229667611907
2005-10-14,1.0203139711381541,1.0340080303383772
2005-10-17,1.0200292345594972,1.0337194721913845
2005-10-18,1.020411109870941,1.0341064728105962
2005-10-19,1.0207211523062207,1.034420676454664
2005-10-20,1.0211741766835851,1.0348797810610737
2005-10-21,1.021807498498189,1.0355216029517988
2005-10-24,1.0213919199772243,1.0351004467782394
2005-10-25,1.0221000501054194,1.0358180810161217
2005-10-27,1.0220576689686234,1.0355225975470697
2005-10-28,1.021766620363402,1.0352277145704607
2005-10-31,1.0213367157940954,1.0347921462949887
2005-11-01,1.0209491216984847,1.034399445905503
2005-11-02,1.0208599919246377,1.0343091419062913
2005-11-03,1.0220875260980142,1.03555284802424
2005-11-04,1.0228054142498046,1.0362801938739516
2005-11-07,1.023062620079666,1.0365407882191915
2005-11-08,1.0229269173087945,1.0364032976547608
2005-11-09,1.0230396776537618,1.0365175435421172
2005-11-10,1.0239240567321537,1.0374135737254206
2005-11-11,1.0240412676656814,1.0375323288348755
2005-11-14,1.0247166498913411,1.0382166087712101
2005-11-15,1.0249449883749095,1.03844795546211
2005-11-16,1.0256591498935488,1.0391715255827625
2005-11-17,1.0261015785826864,1.039619782974997
2005-11-18,1.0267966448884984,1.0403240063161203
2005-11-21,1.0272225033632705,1.0407554751924593
2005-11-22,1.0272953466912156,1.0408292781826993
2005-11-23,1.0279062393446692,1.041448218939697
2005-11-24,1.0270299958025222,1.040560431472906
2005-11-25,1.027011111666954,1.0405412985514382
2005-11-28,1.0266613118645216,1.0401868903697533
2005-11-29,1.0273059764751897,1.0408400480069926
2005-11-30,1.027367247450548,1.0409021261866136
2005-12-01,1.0280829308289454,1.0416272382165124
2005-12-02,1.0281700687464141,1.0417155241179656
2005-12-05,1.0269197957935978,1.0404487796523136
2005-12-06,1.0271809470790467,1.0407133714318888
2005-12-07,1.0266474618526618,1.0401728578932188
2005-12-08,1.0275277264155394,1.0410647193550084
2005-12-09,1.0279033099084791,1.041445250910138
2005-12-12,1.0272827813111278,1.040816547262104
2005-12-13,1.028038450959715,1.041582172354651
2005-12-14,1.0278372490606886,1.041378319754708
2005-12-15,1.0280477991796315,1.0415916437311346
2005-12-16,1.0290779006770179,1.0426353161291775
2005-12-19,1.0289502273505982,1.0425059607917775
2005-12-20,1.029070421282066,1.042627738198182
2005-12-21,1.02887126634774,1.042425959530335
2005-12-22,1.030330163152661,1.0439040763282934
2005-12-26,1.0306145480089324,1.0449662582014863
2005-12-27,1.0306452615934905,1.0449973994847075
2005-12-28,1.0304908692705868,1.0448408571883938
2005-12-29,1.0306122210877198,1.0449638988769867
2005-12-30,1.0314963882110613,1.0458603783729223
2006-01-02,1.0315163637478333,1.0458806320768474
2006-01-03,1.031325446539107,1.0456870562714076
2006-01-04,1.0315519789744099,1.0459167432593672
2006-01-05,1.0309815490906906,1.0453383699166776
2006-01-06,1.0310298581535196,1.0453873517020786
2006-01-09,1.031188873858905,1.0455485817632815
2006-01-10,1.0315476577240326,1.0459123618338906
2006-01-11,1.0327188750267977,1.047099888795135
2006-01-12,1.0326206766558916,1.0470003229735527
2006-01-13,1.0326143160174612,1.0469938737607474
2006-01-16,1.0326833104433502,1.0470638289609695
2006-01-17,1.0333893261681937,1.0477796762305878
2006-01-18,1.0340069790362418,1.0484059301561108
2006-01-19,1.033837390495586,1.0482339800287763
2006-01-20,1.0340732999064186,1.0484731745703133
2006-01-23,1.0339740743672619,1.0483725672767612
2006-01-24,1.03423344577018,1.048635550527789
2006-01-25,1.0343741727947418,1.0487782372311427
2006-01-26,1.0343689844634196,1.0487729766502802
2006-01-27,1.034971846907548,1.0493842341894524
2006-01-30,1.035160675277802,1.0495756920685284
2006-01-31,1.0353603565857992,1.0497781540167452
2006-02-01,1.0360295431824267,1.05045665929815
2006-02-02,1.0364898565330236,1.0509233826919762
2006-02-03,1.036683330110066,1.0511195504641597
2006-02-06,1.0374321216422993,1.051878769210996
2006-02-07,1.0371881853531233,1.0516314360136991
2006-02-08,1.0377964215304547,1.0522481421174086
2006-02-09,1.0379543029973397,1.0524082221453965
2006-02-10,1.0382087596577831,1.0526662222142407
2006-02-13,1.0377848108706706,1.052236369774651
2006-02-14,1.0381241094765215,1.052580393246136
2006-02-15,1.038102847231883,1.0525588349164348
2006-02-16,1.0387448630149378,1.0532097910200733
2006-02-17,1.039018767202157,1.0534875094301006
2006-02-20,1.0387755596484496,1.0532409151161983
2006-02-22,1.038628783860472,1.0531841324174955
2006-02-23,1.039310083815391,1.0538749801131182
2006-02-24,1.0386882173915406,1.053244398850342
2006-02-27,1.0380317566816086,1.0525787384969998
2006-02-28,1.0382581801604451,1.0528083350755109
2006-03-01,1.0389855790164828,1.0535459277024648
2006-03-02,1.0384428246941948,1.0529955672186062
2006-03-03,1.0381658304153234,1.0527146911406358
2006-03-06,1.0387521718319361,1.0533092495485594
2006-03-07,1.039204222871541,1.0537676356335137
2006-03-08,1.0392606427612527,1.0538248461918196
2006-03-09,1.0398836045719932,1.0544565381922428
2006-03-10,1.0405219144583213,1.0551037933562555
2006-03-13,1.0409743675280827,1.0555625871054188
2006-03-14,1.0414045833263879,1.0559988319499014
2006-03-15,1.0413828865128218,1.05597683107709
2006-03-16,1.0413533337763083,1.055946864188391
2006-03-17,1.0405656683866755,1.0551481604523627
2006-03-20,1.0411302660955593,1.0557206704361373
2006-03-21,1.0408140596160855,1.055400032637605
2006-03-22,1.0411355851517121,1.0557260640335677
2006-03-23,1.0409859273759605,1.055574308953058
2006-03-24,1.0409028656553398,1.0554900832051024
2006-03-27,1.0414020167170819,1.0559962293721208
2006-03-28,1.0411285864373752,1.055718967239216
2006-03-29,1.0415101552548074,1.0561058833638117
2006-03-30,1.0416500228975902,1.0562477111123842
2006-03-31,1.0418633092173855,1.0564639864276466
2006-04-03,1.0409663942394032,1.0555545020790351
2006-04-04,1.0414684164646797,1.0560635596460872
2006-04-05,1.0423109218891051,1.056917871945408
2006-04-06,1.042878941687807,1.0574938519761832
2006-04-07,1.0431668613961402,1.057785806592634
2006-04-10,1.0434429963850134,1.0580658113385122
2006-04-11,1.0431524692795477,1.0577712127848535
2006-04-12,1.0426771588270263,1.0572892413294628
2006-04-13,1.0434322675495795,1.058054932149129
2006-04-14,1.0440688066069117,1.0587003916677402
2006-04-17,1.0438184163617488,1.0584464924525292
2006-04-18,1.0446806454654887,1.0593208048388971
2006-04-19,1.0443870668556408,1.0590231120170597
2006-04-21,1.0452762213035884,1.0598058954880436
2006-04-24,1.0448483290176547,1.0593720553623198
2006-04-25,1.0440973217342422,1.0586106088371876
2006-04-26,1.0448248087416383,1.0593482081469354
2006-04-27,1.0451651421044335,1.0596932722524517
2006-04-28,1.0457956051363582,1.060332498922401
2006-05-01,1.0459706743134696,1.0605100016171332
2006-05-02,1.0457135965021964,1.0602493503419643
2006-05-03,1.0449582286686392,1.0594834826536441
2006-05-04,1.0455054872840324,1.0600383483390292
2006-05-05,1.0460310343946497,1.06057120072277
2006-05-08,1.046918715878335,1.0614712212633233
2006-05-09,1.0478758321602344,1.0624416417680196
2006-05-10,1.0482089421445797,1.0627793820878124
2006-05-11,1.0477179888482786,1.0622816043834844
2006-05-12,1.0486292025233022,1.0632054842203709
2006-05-15,1.0486052368960608,1.063181185463237
2006-05-16,1.0488501016140215,1.0634294538791855
2006-05-17,1.048492513657808,1.0630668953358773
2006-05-18,1.047520130267432,1.0620809955050077
2006-05-19,1.0480915335570768,1.062660341483348
2006-05-22,1.0485595585873644,1.063134872211423
2006-05-23,1.048264691097565,1.0628359059690957
2006-05-24,1.0482427021407226,1.062813611358712
2006-05-25,1.0476419361360854,1.062204494514239
2006-05-26,1.0478751199610434,1.0624409196690319
2006-05-29,1.0482632310686057,1.0628344256452666
2006-05-30,1.0486021057765922,1.0631780108202054
2006-05-31,1.0486563351283862,1.063232993977354
2006-06-01,1.048810249462394,1.0633890477698895
2006-06-02,1.0489275325973855,1.0635079611780127
2006-06-05,1.0488989764021932,1.0634790080425633
2006-06-06,1.0488126209193704,1.0633914521908774
2006-06-07,1.0486888698781829,1.0632659809705909
2006-06-08,1.048638093842352,1.063214499131603
2006-06-09,1.0492502080775088,1.0638351219506337
2006-06-12,1.04972918749603,1.0643207593364463
2006-06-13,1.0499490737197539,1.06454370204909
2006-06-14,1.0505852621320786,1.0651887336840602
2006-06-15,1.0505892817496245,1.0651928091755771
2006-06-16,1.0513835339072362,1.0659981016925075
2006-06-20,1.0514748017136446,1.0661332212000252
2006-06-21,1.052035878210799,1.066702119562854
2006-06-22,1.0525236846551225,1.067196726428336
2006-06-23,1.0531820465699282,1.0678642664471774
2006-06-26,1.053105425649614,1.0677865773685111
2006-06-27,1.053120680052441,1.0678020444302012
2006-06-28,1.0525457926808046,1.0672191426579942
2006-06-29,1.0532157142604646,1.067898403492881
2006-06-30,1.0533397900185377,1.0680242089685916
2006-07-03,1.0538232482119398,1.0685144069649746
2006-07-04,1.053591686127843,1.0682796167158657
2006-07-05,1.0541612742953503,1.0688571454087004
2006-07-06,1.05438221243144,1.0690811636032698
2006-07-07,1.0545776533443352,1.0692793291224811
2006-07-10,1.0544364928505505,1.0691362007358574
2006-07-11,1.0551034567350435,1.069812462642885
2006-07-12,1.0557107474436342,1.0704282194810895
2006-07-13,1.0557322880445743,1.0704500603756402
2006-07-14,1.056705635593664,1.0714369771863586
2006-07-17,1.0571183431713258,1.0718554382455006
2006-07-18,1.0579924755189938,1.0727417567136708
2006-07-19,1.057675083046413,1.0724199395302008
2006-07-20,1.0588773947459662,1.0736390124390731
2006-07-21,1.0594554030792025,1.0742250786816396
2006-07-24,1.0595003554133162,1.0742706576880894
2006-07-25,1.059299369292451,1.0740668696561697
2006-07-26,1.0594698530896083,1.0742397301370195
2006-07-27,1.0598566366443942,1.0746319057711848
2006-07-28,1.0587510705464387,1.0735109271767935
2006-07-31,1.0595276577671762,1.0742983406591122
2006-08-01,1.0606683257667553,1.0754549105043707
2006-08-02,1.0605992646464182,1.0753848866154818
2006-08-03,1.0610860949410335,1.0758785037229293
2006-08-04,1.0618791894518882,1.0766826546205024
2006-08-07,1.0613814799591752,1.0761780066500297
2006-08-08,1.0614405808902319,1.076237931496446
2006-08-09,1.0616483336378018,1.076448580487386
2006-08-10,1.0620835970795126,1.0768899118577864
2006-08-11,1.0618464228384374,1.0766494312136368
2006-08-14,1.0617125712027873,1.076513713576613
2006-08-15,1.062035685182408,1.0768413320296146
2006-08-17,1.062673801611628,1.0769415459250884
2006-08-18,1.0637985485923032,1.0780813940612766
2006-08-21,1.0640493316829849,1.078335544233193
2006-08-22,1.0639535649210674,1.0782384916809693
2006-08-23,1.064043348200087,1.0783294804144443
2006-08-24,1.0643322821635126,1.0786222936829843
2006-08-25,1.0641302292844887,1.0784175279876558
2006-08-28,1.0646711059717338,1.0789656666307965
2006-08-29,1.0641984197077061,1.0784866339538381
2006-08-30,1.0641984197077061,1.0787556092511195
2006-08-31,1.0636455831945701,1.0781952104772627
2006-09-01,1.0635805326284353,1.0781292700832503
2006-09-04,1.0635805326284353,1.0779661388966788
2006-09-05,1.0635805326284353,1.0775074955239168
2006-09-06,1.0635805326284353,1.0778759445719792
2006-09-07,1.0635805326284353,1.0779249487252558
2006-09-08,1.0635805326284353,1.077878046760268
2006-09-11,1.0635805326284353,1.0780843901274988
2006-09-12,1.0635805326284353,1.0779050602547795
2006-09-13,1.0635805326284353,1.0781297187982761
2006-09-14,1.0635805326284353,1.077631797345809
2006-09-15,1.0635805326284353,1.0782311597332812
2006-09-18,1.0635805326284353,1.0774222188716902
2006-09-19,1.0635805326284353,1.0777748294281142
2006-09-20,1.0635805326284353,1.0787002665236147
2006-09-21,1.0635805326284353,1.079138800599492
2006-09-22,1.0635805326284353,1.079871014398717
2006-09-25,1.063377312373919,1.0796646814924078
2006-09-26,1.064063632197506,1.0803615134307167
2006-09-27,1.0642835081544166,1.0805847571488432
2006-09-28,1.0650948627394712,1.0814085389612411
2006-09-29,1.0654160427729789,1.0817346383941928
2006-10-02,1.0666572123135114,1.0829948184836717
2006-10-03,1.0673643096613687,1.0837127461881422
2006-10-04,1.0672734817316996,1.0836205270796322
2006-10-05,1.0670860039757692,1.083430177794117
2006-10-06,1.0671892700757015,1.0835350255838856
2006-10-09,1.0676163322474481,1.0839686289138333
2006-10-10,1.0677804616462454,1.0841352722237985
2006-10-11,1.067640998702069,1.0839936731756976
2006-10-12,1.0681036397401291,1.084463400320701
2006-10-16,1.067648752915977,1.0834318583672324
2006-10-17,1.0677593419517424,1.0835440822463003
2006-10-18,1.0680099946589388,1.08379844036513
2006-10-19,1.0679267535309203,1.0837139686793107
2006-10-20,1.0692448605510458,1.0850515613421046
2006-10-23,1.0694051554715824,1.0852142259105495
2006-10-24,1.0697708698269641,1.0855853466397225
2006-10-25,1.070351955070894,1.0861750220961695
2006-10-26,1.0704896019313859,1.086314703797154
2006-10-27,1.069772699650195,1.085587203513323
2006-10-30,1.0694236481176662,1.0852329919343549
2006-10-31,1.0692750392115489,1.0850821861352706
2006-11-01,1.0688625206911084,1.0846635693327025
2006-11-02,1.0683099535861875,1.0841028336003542
2006-11-03,1.0682406432408784,1.084032498636709
2006-11-06,1.0689576786935968,1.0847601340607491
2006-11-07,1.0694018746072231,1.085210896545007
2006-11-08,1.0691843371733798,1.0849901432442892
2006-11-09,1.0693444607869387,1.0851526339733166
2006-11-10,1.069262650825064,1.0850696146106424
2006-11-13,1.0693389052812265,1.0851469963402827
2006-11-14,1.0691347927741972,1.0849398664277503
2006-11-15,1.0693161849991937,1.0851239401831727
2006-11-16,1.0690803623159442,1.084884631321283
2006-11-17,1.0693484954746222,1.0851567283059915
2006-11-20,1.068425212469871,1.0842197963619373
2006-11-21,1.0692998311473008,1.0851073445714607
2006-11-22,1.069048792274312,1.0848525945781302
2006-11-23,1.069520219049667,1.0853309904793216
2006-11-24,1.0701557877017969,1.0859759547749444
2006-11-27,1.070796681456005,1.0866263228938986
2006-11-28,1.0710838427922822,1.086917729350717
2006-11-29,1.0708990508879792,1.0867302056583572
2006-11-30,1.0709531136201815,1.086785067602661
2006-12-01,1.0712178065875648,1.087053673539553
2006-12-04,1.0714862375485632,1.0873260727290088
2006-12-05,1.070775132487881,1.08660445536629
2006-12-06,1.0701794030077962,1.0859999191872054
2006-12-07,1.070823212370772,1.0866532460165188
2006-12-08,1.0711015537779924,1.086935702158824
2006-12-11,1.0714950143256659,1.0873349792536509
2006-12-13,1.0725578553743012,1.088481420106867
2006-12-14,1.0729322952165021,1.088861419012419
2006-12-15,1.073724746086317,1.0896656348818183
2006-12-18,1.0738479288737826,1.089790646483534
2006-12-19,1.0734622841675063,1.0893992763626208
2006-12-20,1.073758762990092,1.089700156812307
2006-12-21,1.0731603462914454,1.0890928558124637
2006-12-22,1.0739156784244608,1.089859401867464
2006-12-25,1.074740732095025,1.0906967045700646
2006-12-26,1.0747070003969945,1.090662472079583
2006-12-27,1.0744295550231977,1.0903809076558464
2006-12-28,1.073738619241034,1.0896797140021859
2006-12-29,1.0743393134345876,1.0902893263094129
2007-01-01,1.0739325865799971,1.0898765610473231
2007-01-02,1.0739863573488038,1.0899311301155534
2007-01-03,1.0741172773754168,1.0900639938261443
2007-01-04,1.0739025294649438,1.0898460576939484
2007-01-05,1.0741224934014688,1.0900692872911224
2007-01-08,1.0751638903918743,1.091126145221286
2007-01-09,1.074632179563357,1.0905865404299822
2007-01-10,1.0742979210811987,1.0902473194308355
2007-01-11,1.0746803896796568,1.090635466290336
2007-01-12,1.0744450545498843,1.0903966372938652
2007-01-15,1.0743253718020163,1.0902751776945447
2007-01-16,1.0743093187512696,1.0902588863146567
2007-01-17,1.0754028806790727,1.0913686836409133
2007-01-18,1.0764116492010354,1.092392428689111
2007-01-19,1.077083312863663,1.0930740641026857
2007-01-22,1.0765262507049371,1.0925087316065603
2007-01-23,1.0769459464211237,1.0929346582704493
2007-01-24,1.077267984306007,1.0932614772411084
2007-01-25,1.0775463467037592,1.093543972303255
2007-01-26,1.0792499136575937,1.0952728310010544
2007-01-29,1.0786711239180486,1.094685448348933
2007-01-30,1.080044327093499,1.0960790385734789
2007-01-31,1.0806955272912433,1.096739906714496
2007-02-01,1.0811052656492868,1.0971557281898605
2007-02-02,1.0818506778821522,1.0979122070704437
2007-02-05,1.0809292883412998,1.0969771382619191
2007-02-06,1.0811601281535508,1.0972114052018302
2007-02-07,1.0810056922717295,1.0970546765115148
2007-02-09,1.081255883462921,1.0973575907047501
2007-02-12,1.0810819443616517,1.0971810613595532
2007-02-13,1.081781082578108,1.0978906109125444
2007-02-14,1.081588786665468,1.0976954513923751
2007-02-15,1.0816887602587717,1.097796913759572
2007-02-16,1.0823514640074088,1.098469486274624
2007-02-19,1.0828616569557776,1.0989872768486957
2007-02-20,1.082526494361827,1.0986471231235533
2007-02-21,1.082188076076903,1.0983036652247578
2007-02-22,1.0827244224592583,1.098847998701159
2007-02-23,1.0833968281146613,1.099530417600584
2007-02-26,1.0836170321945569,1.0997539008872634
2007-02-27,1.0829809553234164,1.0991083517684164
2007-02-28,1.0829628594705132,1.0990899864380193
2007-03-01,1.082733140875419,1.0988568469491082
2007-03-02,1.082534195261932,1.0986549387029323
2007-03-05,1.0826855700800637,1.0988085677451034
2007-03-06,1.0829171213465716,1.0990435671969685
2007-03-07,1.0832230793329547,1.099354081409126
2007-03-08,1.0834773972151244,1.0996121865096107
2007-03-09,1.0838143580058535,1.099954165209687
2007-03-12,1.0839558136325915,1.1000977273471264
2007-03-13,1.084436487263486,1.1005855590117497
2007-03-14,1.084436487263486,1.1005006098891743
2007-03-15,1.084436487263486,1.1007212723027209
2007-03-16,1.084436487263486,1.1012684002472164
2007-03-19,1.084436487263486,1.1024650748745248
2007-03-20,1.084436487263486,1.102084939326184
2007-03-21,1.084436487263486,1.1021856246841495
2007-03-22,1.084436487263486,1.1015544510749957
2007-03-23,1.084436487263486,1.1030885399157382
2007-03-26,1.084436487263486,1.102128162648058
2007-03-27,1.084436487263486,1.1022609436184718
2007-03-28,1.084436487263486,1.1020558805710985
2007-03-29,1.084436487263486,1.1030598300200176
2007-03-30,1.084436487263486,1.1033683234652596
2007-04-02,1.084436487263486,1.1040017283300256
2007-04-03,1.0848532147941572,1.104425974396538
2007-04-04,1.0848532147941572,1.1035422611965937
2007-04-05,1.0848532147941572,1.1040082750328057
2007-04-06,1.0848532147941572,1.1037369002483464
2007-04-10,1.0848532147941572,1.1036078520706554
2007-04-11,1.0848532147941572,1.1036985855331174
2007-04-12,1.0848532147941572,1.1037283257379542
2007-04-13,1.0848532147941572,1.1031226573459143
2007-04-16,1.0848532147941572,1.1035422256360887
2007-04-17,1.0848532147941572,1.1040932627400983
2007-04-18,1.0848532147941572,1.1043344007097435
2007-04-19,1.0848532147941572,1.104337002471115
2007-04-20,1.0848532147941572,1.1041512276817458
2007-04-23,1.0848532147941572,1.1046685184571414
2007-04-24,1.0848532147941572,1.1051178312556613
2007-04-25,1.0848532147941572,1.104397063819156
2007-04-26,1.0848532147941572,1.1055519900434374
2007-04-27,1.0848532147941572,1.1063250394411281
2007-04-30,1.0848532147941572,1.1071959835769505
2007-05-01,1.0848532147941572,1.1075798936904988
2007-05-02,1.0848532147941572,1.1076198329805151
2007-05-03,1.0848532147941572,1.10789494022357
2007-05-04,1.0848532147941572,1.1082606623481281
2007-05-07,1.0848532147941572,1.1079829997630914
2007-05-08,1.0848532147941572,1.1081640935886794
2007-05-09,1.0848532147941572,1.108892087595329
2007-05-10,1.084821172190819,1.1088593349714504
2007-05-11,1.084821172190819,1.1087955735557595
2007-05-14,1.084821172190819,1.1100106106877683
2007-05-15,1.0846760841566623,1.1098621537240527
2007-05-16,1.0846760841566623,1.1098807783860252
2007-05-17,1.0852011025260946,1.1104179966441243
2007-05-18,1.084638096418966,1.109841907924604
2007-05-21,1.084638096418966,1.1100613917225168
2007-05-22,1.0847999805078954,1.1102270702817045
2007-05-23,1.0854506043700034,1.1108929443942255
2007-05-24,1.0857227517121546,1.1111714707140914
2007-05-25,1.08656648758901,1.1120349832763003
2007-05-28,1.0875457209532813,1.113037169309368
2007-05-29,1.087121013729161,1.1126025071913415
2007-05-30,1.0878718965987713,1.1133709903250357
2007-05-31,1.0885505634392538,1.1140655647272713
2007-06-01,1.089674685368038,1.1152160354297587
2007-06-04,1.0902706871485464,1.115826007150395
2007-06-05,1.0908213687831985,1.116389596446932
2007-06-07,1.0903230331305112,1.115402723020726
2007-06-08,1.0907312994816964,1.1158203803442828
2007-06-11,1.0899647750057857,1.115036224216499
2007-06-12,1.0902604663857174,1.115338717111107
2007-06-13,1.0902651775075876,1.1153435365985458
2007-06-14,1.0918651668795036,1.1169803290426303
2007-06-15,1.091036204938675,1.1161322992588094
2007-06-18,1.0918252426131132,1.1169394864353541
2007-06-19,1.092840983517314,1.1179785914858786
2007-06-20,1.0922024602596394,1.117325380869684
2007-06-21,1.0910528157912116,1.1161492921953868
2007-06-22,1.0907776326597158,1.1158677792814402
2007-06-25,1.090625742194676,1.115712395020851
2007-06-26,1.090724991571938,1.1158139273395238
2007-06-27,1.0905393275588282,1.1156239926692502
2007-06-28,1.0904667774243746,1.1155497737313151
2007-06-29,1.0909657165299065,1.116060189470524
2007-07-02,1.0910509219954285,1.1161473548383753
2007-07-03,1.0914456398768295,1.1165511520492584
2007-07-04,1.0922520373454667,1.1173760983312537
2007-07-05,1.0927401406797592,1.1178754290540232
2007-07-06,1.0936745925786802,1.1188313752836425
2007-07-09,1.0939904821770303,1.1191545309975617
2007-07-10,1.0944108057667712,1.1195845229011543
2007-07-11,1.0949579503368696,1.1201442529305397
2007-07-12,1.0953166588596497,1.1205112124929097
2007-07-13,1.0949212636082104,1.1201067223310732
2007-07-16,1.0946801031652753,1.1198600146980495
2007-07-17,1.095738412867128,1.1209426677168126
2007-07-18,1.0961749237733827,1.1213892192787536
2007-07-19,1.0959085900650438,1.1211167593430404
2007-07-20,1.096429792552667,1.1216499505682784
2007-07-23,1.0965271869691315,1.1217495852582102
2007-07-24,1.0963605897471804,1.1215791559548152
2007-07-25,1.0968304515519334,1.122059825555053
2007-07-26,1.0969220492305574,1.122153530170158
2007-07-27,1.097758532775035,1.1230092545701034
2007-07-30,1.0980468655958968,1.1233042196435294
2007-07-31,1.09732339158026,1.1225641042258454
2007-08-01,1.097956638309,1.123211916942002
2007-08-02,1.0975312704979359,1.1227767647895395
2007-08-06,1.0971826193335448,1.1225701284295027
2007-08-07,1.0970756723542394,1.1224607068234924
2007-08-08,1.0967504398086154,1.1221279487811417
2007-08-09,1.096717989045238,1.122094747145452
2007-08-10,1.097165320482529,1.1225524293035192
2007-08-13,1.097154369878349,1.1225412253153007
2007-08-14,1.0969861087697388,1.1223690708434981
2007-08-15,1.0969226734812487,1.1223041677374042
2007-08-16,1.0970046097087598,1.122387999872383
2007-08-17,1.0976582074778958,1.1230567211214362
2007-08-20,1.0979356832215248,1.1233406173258356
2007-08-21,1.0985834028646435,1.1240033244359826
2007-08-22,1.0983367700562392,1.123750984835877
2007-08-23,1.099155308082331,1.124588462864496
2007-08-24,1.0996779397664007,1.1251231876280579
2007-08-27,1.099975143425797,1.1254272682288797
2007-08-28,1.0998610990905098,1.1253105850424583
2007-08-29,1.1003930646085376,1.1258548596138649
2007-08-30,1.099798079368933,1.1252461071190047
2007-08-31,1.100535454041761,1.1260005437702887
2007-09-03,1.1008567169275763,1.1263292402995944
2007-09-04,1.1009655257416495,1.1264405668210287
2007-09-05,1.1002873746417043,1.1257467241061099
2007-09-06,1.100917118878946,1.1263910398807322
2007-09-07,1.1012462124440534,1.1267277482819942
2007-09-10,1.100971319864239,1.126446495012767
2007-09-11,1.1011387567145092,1.1266178061538656
2007-09-12,1.1010814391025576,1.126559162280115
2007-09-13,1.101617973432317,1.127108111380157
2007-09-14,1.101834518011608,1.1273296665450878
2007-09-17,1.1024083946554035,1.1279168220161793
2007-09-18,1.1020098397741065,1.1275090450459648
2007-09-19,1.1012763299829835,1.1267585627051806
2007-09-20,1.1022244613680816,1.127728632729972
2007-09-21,1.1031713402718633,1.1286974212925096
2007-09-24,1.1035426874473793,1.1290773610027869
2007-09-25,1.102713974516625,1.128229472634237
2007-09-26,1.103093410361933,1.1286176881765657
2007-09-27,1.1025026883332198,1.1280132975382584
2007-09-28,1.1023276109367628,1.127834169057764
2007-10-01,1.1025582406489052,1.1280701352688736
2007-10-03,1.102048259617957,1.1279102899636817
2007-10-04,1.1031193317336974,1.1290064971851834
2007-10-05,1.1037093623935565,1.1296103742357946
2007-10-08,1.1041739987973858,1.1300859143733493
2007-10-09,1.1051902394000492,1.1311260033375299
2007-10-10,1.1060753588829908,1.1320318941312808
2007-10-11,1.1070104075914982,1.1329888858516872
2007-10-12,1.1070610166861636,1.1330406826020933
2007-10-15,1.107911781511135,1.133911412528891
2007-10-16,1.1077321475938429,1.133727563099456
2007-10-17,1.1088551260490669,1.134876894758937
2007-10-18,1.1082489313350568,1.1342564743284462
2007-10-19,1.1079930427917282,1.13399458078741
2007-10-22,1.1089666744274662,1.1349910608698375
2007-10-23,1.1085537591255255,1.1345684555856514
2007-10-24,1.1083631174350923,1.134373340061028
2007-10-25,1.10862314406507,1.1346394687981836
2007-10-26,1.1082540521857103,1.134261715351328
2007-10-29,1.1079163363979532,1.1339160743063283
2007-10-30,1.108700403138395,1.1347185409286784
2007-10-31,1.1087368026978766,1.1347557946853366
2007-11-01,1.1081797822642687,1.1341857025198592
2007-11-02,1.1081724447186798,1.1341781927823313
2007-11-05,1.1081401350615325,1.1341451249067247
2007-11-06,1.108463763138912,1.1344763476416748
2007-11-07,1.1084553196859015,1.134467706044131
2007-11-08,1.109271644535168,1.1353031877840687
2007-11-09,1.1095631091702003,1.1356014922894697
2007-11-12,1.1098923362270259,1.135938445396457
2007-11-13,1.1103320481021817,1.1363884760954568
2007-11-14,1.109729922124498,1.1357722198833022
2007-11-15,1.1090437831759827,1.135069979147816
2007-11-16,1.1089039979575057,1.1349269135561515
2007-11-19,1.1095266026887833,1.1355641291017136
2007-11-20,1.1094828348336583,1.1355193341358538
2007-11-21,1.1088908480506174,1.13491345505725
2007-11-22,1.1088908480506174,1.1347781072143486
2007-11-23,1.1088908480506174,1.1336515221512964
2007-11-26,1.1088908480506174,1.1338585406139816
2007-11-27,1.1088908480506174,1.1335519751531347
2007-11-28,1.1088908480506174,1.1337162111934123
2007-11-30,1.1088908480506174,1.1337483186748087
2007-12-03,1.1088908480506174,1.133196906915683
2007-12-04,1.1088908480506174,1.132521907190172
2007-12-05,1.1088908480506174,1.132831293806986
2007-12-06,1.1088908480506174,1.133469732315053
2007-12-07,1.1088908480506174,1.134063757669613
2007-12-10,1.1088908480506174,1.1329365300632888
2007-12-11,1.1088908480506174,1.1330014245631357
2007-12-12,1.1088908480506174,1.1340566048757252
2007-12-13,1.1088908480506174,1.1338208413502933
2007-12-14,1.1088908480506174,1.1321433989850327
2007-12-17,1.1088908480506174,1.1323237766876777
2007-12-18,1.1088908480506174,1.1316161496792518
2007-12-19,1.1088908480506174,1.1310393898588584
2007-12-20,1.1088908480506174,1.130827657964557
2007-12-21,1.1088908480506174,1.130350907889835
2007-12-24,1.1088908480506174,1.1302043254698262
2007-12-25,1.1088908480506174,1.1300325008468057
2007-12-26,1.1088908480506174,1.1297660739113988
2007-12-27,1.1088908480506174,1.1298594555379555
2007-12-28,1.1088908480506174,1.129356625826833
2007-12-31,1.1088908480506174,1.1295614224271076
2008-01-01,1.1088908480506174,1.129792998649685
2008-01-02,1.1088908480506174,1.129453936177791
2008-01-03,1.1088908480506174,1.1293659774211715
2008-01-04,1.1088908480506174,1.129429221589261
2008-01-07,1.1088908480506174,1.129077839645909
2008-01-08,1.1088908480506174,1.1281268796016448
2008-01-09,1.1088908480506174,1.127917086784237
2008-01-10,1.1088908480506174,1.1276781268243397
2008-01-11,1.1088908480506174,1.1269576159393773
2008-01-14,1.1088908480506174,1.1260872123173153
2008-01-15,1.1088908480506174,1.1254658448681354
2008-01-16,1.1088908480506174,1.125233715533487
2008-01-17,1.1088908480506174,1.1260070511467037
2008-01-18,1.1088908480506174,1.1266173002258355
2008-01-21,1.1088908480506174,1.1265579615657972
2008-01-22,1.1088908480506174,1.126460924936871
2008-01-23,1.1088908480506174,1.1263793140873353
2008-01-24,1.1088908480506174,1.1256552895943375
2008-01-25,1.1088908480506174,1.125402728286454
2008-01-29,1.1088908480506174,1.1244852699135288
2008-01-30,1.1088908480506174,1.124576691648907
2008-01-31,1.1088908480506174,1.1253198036246668
2008-02-01,1.1088908480506174,1.125365665055225
2008-02-04,1.1088908480506174,1.1255511481262674
2008-02-05,1.1088908480506174,1.1256717687594209
2008-02-06,1.1088908480506174,1.1251664898535367
2008-02-07,1.1088908480506174,1.1242486338821187
2008-02-08,1.1088908480506174,1.1232187214066345
2008-02-11,1.1088908480506174,1.1230937793122864
2008-02-12,1.1088908480506174,1.1221168946851858
2008-02-13,1.1088908480506174,1.1215108284790607
2008-02-14,1.1088908480506174,1.1210906809364287
2008-02-15,1.1088908480506174,1.1207298780980879
2008-02-18,1.1088908480506174,1.1205725691655177
2008-02-19,1.1088908480506174,1.1203171804253222
2008-02-20,1.1088908480506174,1.1197901096210205
2008-02-21,1.1088908480506174,1.119391507648954
2008-02-22,1.1088908480506174,1.1191708396986635
2008-02-25,1.1088908480506174,1.1186726569934862
2008-02-26,1.1088908480506174,1.1177490000998123
2008-02-27,1.1088908480506174,1.1175842521680297
2008-02-28,1.1088908480506174,1.1181367489192229
2008-02-29,1.1088908480506174,1.119382963030702
2008-03-03,1.1088908480506174,1.1183451371338775
2008-03-04,1.1088908480506174,1.1190308878738209
2008-03-05,1.1088908480506174,1.1186908383502405
2008-03-06,1.1088908480506174,1.1195488241293352
2008-03-07,1.1088908480506174,1.1197411658248828
2008-03-10,1.1088908480506174,1.1188015473400938
2008-03-11,1.1088908480506174,1.118003135283649
2008-03-12,1.1088908480506174,1.1178561184140388
2008-03-13,1.1088908480506174,1.1184676043441044
2008-03-14,1.1088908480506174,1.1185887862080302
2008-03-17,1.1088908480506174,1.118238581620999
2008-03-18,1.1088908480506174,1.1184384232726343
2008-03-19,1.1088908480506174,1.1181000677484905
2008-03-20,1.1088908480506174,1.1179822216676807
2008-03-21,1.1088908480506174,1.117282921797045
2008-03-24,1.1088908480506174,1.1167022929440809
2008-03-25,1.1088908480506174,1.1170970975307886
2008-03-27,1.1088908480506174,1.1158758819405383
2008-03-28,1.1088908480506174,1.1158929672629085
2008-03-31,1.1088908480506174,1.1158033883544862
2008-04-01,1.1088908480506174,1.1157574225607603
2008-04-02,1.1088908480506174,1.115644548225349
2008-04-03,1.1088908480506174,1.1153831134413337
2008-04-04,1.1088908480506174,1.1142251157595522
2008-04-07,1.1088908480506174,1.1150966845727612
2008-04-08,1.1088908480506174,1.115163990835167
2008-04-09,1.1088908480506174,1.1138934409362704
2008-04-10,1.1088908480506174,1.1135756118383926
2008-04-11,1.1088908480506174,1.113651433818976
2008-04-14,1.1088908480506174,1.112752899791065
2008-04-15,1.1088908480506174,1.112274032556901
2008-04-16,1.1088908480506174,1.1112756441690552
2008-04-17,1.1088908480506174,1.1110475955260772
2008-04-18,1.1088908480506174,1.1112005363001816
2008-04-21,1.1088908480506174,1.1098786444211308
2008-04-22,1.1088908480506174,1.1101084461069513
2008-04-23,1.1088908480506174,1.1093461033933107
2008-04-24,1.1088908480506174,1.1093255915537317
2008-04-25,1.1088908480506174,1.1087111889698669
2008-04-28,1.1088908480506174,1.107796665791596
2008-04-29,1.1088908480506174,1.107796782369565
2008-04-30,1.1088908480506174,1.1083567858044263
2008-05-01,1.1088908480506174,1.1083195016289715
2008-05-02,1.1088908480506174,1.1085511442616105
2008-05-05,1.1088908480506174,1.1079602572807423
2008-05-06,1.1088908480506174,1.1081657501584243
2008-05-07,1.1088908480506174,1.1084090313817592
2008-05-08,1.1088908480506174,1.108153776030831
2008-05-09,1.1088908480506174,1.1086214508323928
2008-05-12,1.1088908480506174,1.1089607444802512
2008-05-13,1.1088908480506174,1.1081555391976734
2008-05-14,1.1088908480506174,1.1086830312380682
2008-05-15,1.1088908480506174,1.1087726407244074
2008-05-16,1.1088908480506174,1.1083839019816775
2008-05-19,1.1088908480506174,1.107161984655146
2008-05-20,1.1088908480506174,1.1067438789142152
2008-05-21,1.1088908480506174,1.1063332815072338
2008-05-22,1.1088908480506174,1.106911187672888
2008-05-26,1.1088908480506174,1.1062203072308652
2008-05-27,1.1088908480506174,1.1064497444488197
2008-05-28,1.1088908480506174,1.1066611859027713
2008-05-29,1.1088908480506174,1.1057983847652455
2008-05-30,1.1088908480506174,1.104975422591667
2008-06-02,1.1088908480506174,1.1044164268720198
2008-06-03,1.1088908480506174,1.103279714206796
2008-06-04,1.1088908480506174,1.1032585697174124
2008-06-05,1.1088908480506174,1.102923136191238
2008-06-06,1.1088908480506174,1.1026928300444647
2008-06-09,1.1088908480506174,1.1025020824887117
2008-06-10,1.1088908480506174,1.1019742893303643
2008-06-11,1.1088908480506174,1.1018198802831913
2008-06-12,1.1088908480506174,1.102000489367334
2008-06-13,1.1088908480506174,1.101813813448297
2008-06-16,1.1088908480506174,1.1017914581323898
2008-06-17,1.1088908480506174,1.1023085594086932
2008-06-18,1.1088908480506174,1.102764449497322
2008-06-19,1.1088908480506174,1.1038162329192422
2008-06-20,1.1088908480506174,1.1027339483196559
2008-06-23,1.1088908480506174,1.1030058605632471
2008-06-24,1.1088908480506174,1.1030193437521305
2008-06-25,1.1088908480506174,1.1028597689182058
2008-06-26,1.1088908480506174,1.1023511706655922
2008-06-27,1.1088908480506174,1.1017375934801419
2008-06-30,1.1088908480506174,1.101220207401237
2008-07-01,1.1088908480506174,1.1016459969916834
2008-07-02,1.1088908480506174,1.101445556080102
2008-07-03,1.1088908480506174,1.1007094797953787
2008-07-04,1.1088908480506174,1.100610979792272
2008-07-07,1.1088908480506174,1.099728175202011
2008-07-08,1.1088908480506174,1.099424431124186
2008-07-09,1.1088908480506174,1.0989237562871075
2008-07-10,1.1088908480506174,1.098744566117916
2008-07-11,1.1088908480506174,1.098204380453685
2008-07-14,1.1088908480506174,1.0982310686533145
2008-07-15,1.1088908480506174,1.0984005938691674
2008-07-16,1.1088908480506174,1.0980643955373455
2008-07-17,1.1088908480506174,1.0982344813182916
2008-07-18,1.1088908480506174,1.098705993014273
2008-07-21,1.1088908480506174,1.0982318524438894
2008-07-23,1.1088908480506174,1.097087167717275
2008-07-24,1.1088908480506174,1.0970468050680595
2008-07-25,1.1088908480506174,1.0960185801174642
2008-07-28,1.1088908480506174,1.0956814204517253
2008-07-29,1.1088908480506174,1.0946265091126286
2008-07-30,1.1088908480506174,1.0945094838950886
2008-07-31,1.1088908480506174,1.0953361235482162
2008-08-01,1.1088908480506174,1.094644408847537
2008-08-04,1.1088908480506174,1.0945573104139852
2008-08-05,1.1088908480506174,1.0941067323608997
2008-08-06,1.1088908480506174,1.0935956071224213
2008-08-07,1.1088908480506174,1.0937593500961922
2008-08-08,1.1088908480506174,1.0942965402560618
2008-08-11,1.1088908480506174,1.0941127885101494
2008-08-12,1.1088908480506174,1.0943011505486366
2008-08-13,1.1088908480506174,1.0944009029919601
2008-08-14,1.1088908480506174,1.0936461467436063
2008-08-15,1.1088908480506174,1.0928280374900485
2008-08-18,1.1088908480506174,1.0923960513433981
2008-08-19,1.1088908480506174,1.0927178126389372
2008-08-20,1.1088908480506174,1.0924665577685029
2008-08-21,1.1088908480506174,1.0916721945396144
2008-08-22,1.1088908480506174,1.091817022523765
2008-08-25,1.1088908480506174,1.091724572623791
2008-08-26,1.1088908480506174,1.0914025375141765
2008-08-27,1.1088908480506174,1.0915018408113402
2008-08-28,1.1088908480506174,1.09100274429737
2008-08-29,1.1088908480506174,1.0908892748798749
2008-09-01,1.1088908480506174,1.090633294040355
2008-09-02,1.1088908480506174,1.0910090535319852
2008-09-03,1.1088908480506174,1.0912709448334341
2008-09-04,1.1088908480506174,1.0903794572862229
2008-09-05,1.1088908480506174,1.090559176405475
2008-09-08,1.1088908480506174,1.0894729556602503
2008-09-09,1.1088908480506174,1.089670417649021
2008-09-10,1.1088908480506174,1.0894826253080394
2008-09-11,1.1088908480506174,1.0887723556132474
2008-09-12,1.1088908480506174,1.0896446310766814
2008-09-15,1.1088908480506174,1.0904354637781657
2008-09-16,1.1088908480506174,1.0909592747984485
2008-09-17,1.1088908480506174,1.0905119896556175
2008-09-19,1.1088908480506174,1.0888199133856002
2008-09-22,1.1088908480506174,1.0890428247958233
2008-09-23,1.1088908480506174,1.0885331494956263
2008-09-24,1.1088908480506174,1.0874901704628128
2008-09-25,1.1088908480506174,1.0866637826012473
2008-09-26,1.1088908480506174,1.085571501828029
2008-09-29,1.1088908480506174,1.0852489760927608
2008-09-30,1.1088908480506174,1.0847157894373016
2008-10-01,1.1088908480506174,1.084975770499799
2008-10-02,1.1088908480506174,1.0842004659865538
2008-10-03,1.1088908480506174,1.0847710864136157
2008-10-06,1.1088908480506174,1.0852444093381364
2008-10-07,1.1088908480506174,1.0848923202650202
2008-10-08,1.1088908480506174,1.0848821162069269
2008-10-09,1.1088908480506174,1.0846078636597096
2008-10-10,1.1088908480506174,1.0842626690537907
2008-10-13,1.1088908480506174,1.0836135846988413
2008-10-14,1.1088908480506174,1.0831019886960884
2008-10-15,1.1088908480506174,1.0823975340395877
2008-10-16,1.1088908480506174,1.0829471598400153
2008-10-17,1.1088908480506174,1.0834127989503184
2008-10-20,1.1088908480506174,1.0838204346555613
2008-10-21,1.1088908480506174,1.0840168205654694
2008-10-22,1.1088908480506174,1.0837018344456828
2008-10-23,1.1088908480506174,1.0837583381731357
2008-10-24,1.1088908480506174,1.0824667838264868
2008-10-27,1.1088908480506174,1.0818411541319246
2008-10-28,1.1088908480506174,1.0821692791176294
2008-10-29,1.1088908480506174,1.0810051904942686
2008-10-30,1.1088908480506174,1.0806756636129173
2008-10-31,1.1088908480506174,1.0803817772709245
2008-11-03,1.1088908480506174,1.0804393331686157
2008-11-04,1.1088908480506174,1.0806021608021255
2008-11-05,1.1088908480506174,1.0803979773729617
2008-11-06,1.1088908480506174,1.0797592944774308
2008-11-07,1.1088908480506174,1.0787616314710353
2008-11-10,1.1088908480506174,1.0777535429550198
2008-11-11,1.1088908480506174,1.078044221014925
2008-11-12,1.1088908480506174,1.0785409163079298
2008-11-13,1.1088908480506174,1.0783117909472593
2008-11-14,1.1088908480506174,1.0792767672456152
2008-11-18,1.1088908480506174,1.0787662658658534
2008-11-19,1.1088908480506174,1.079033618414067
2008-11-20,1.1088908480506174,1.0795185259840403
2008-11-21,1.1088908480506174,1.0789094002058868
2008-11-24,1.1088908480506174,1.07864580785833
2008-11-25,1.1088908480506174,1.0789203296850542
2008-11-26,1.1088908480506174,1.0801165234710404
2008-11-27,1.1088908480506174,1.0795960416046528
2008-11-28,1.1088908480506174,1.0780752078317037
2008-12-01,1.1088908480506174,1.077214718387962
2008-12-02,1.1088908480506174,1.0774207428695106
2008-12-03,1.1088908480506174,1.0775743475966733
2008-12-04,1.1088908480506174,1.0771086621533386
2008-12-05,1.1088908480506174,1.0774127182003934
2008-12-08,1.1088908480506174,1.0766548362608708
2008-12-09,1.1088908480506174,1.07591511662758
2008-12-10,1.1088908480506174,1.0752768492427414
2008-12-11,1.1088908480506174,1.0752312146044205
2008-12-12,1.1088908480506174,1.0753455413478723
2008-12-15,1.1088908480506174,1.0758913142995017
2008-12-16,1.1088908480506174,1.075776071258545
2008-12-17,1.1088908480506174,1.0757203655188021
2008-12-18,1.1088908480506174,1.0752292912499286
2008-12-19,1.1088908480506174,1.074471479366768
2008-12-22,1.1088908480506174,1.075171192752619
2008-12-23,1.1088908480506174,1.0739156978521573
2008-12-24,1.1088908480506174,1.0738366565096553
2008-12-25,1.1088908480506174,1.0736157747460657
2008-12-26,1.1088908480506174,1.0737836178371687
2008-12-29,1.1088908480506174,1.0742467580571684
2008-12-30,1.1088908480506174,1.0733033588766798
2008-12-31,1.1088908480506174,1.0727021097754112
2009-01-01,1.1088908480506174,1.0722966053886718
2009-01-02,1.1088908480506174,1.0722262846034707
2009-01-05,1.1088908480506174,1.0718784936908126
2009-01-06,1.1088908480506174,1.072040026480787
2009-01-07,1.1088908480506174,1.0719508669067812
2009-01-08,1.1088908480506174,1.0713725238440908
2009-01-09,1.1088908480506174,1.0713977204356238
2009-01-12,1.1088908480506174,1.0706221971167473
2009-01-13,1.1088908480506174,1.070754209923839
2009-01-15,1.1088908480506174,1.0707333277765694
2009-01-16,1.1088908480506174,1.0710459200551599
2009-01-19,1.1088908480506174,1.069873534854305
2009-01-20,1.1088908480506174,1.069743159622694
2009-01-21,1.1088908480506174,1.0701244680964739
2009-01-22,1.1088908480506174,1.070129457746467
2009-01-23,1.1088908480506174,1.069117335676644
2009-01-26,1.1088908480506174,1.0693938057206018
2009-01-27,1.1088908480506174,1.0690166947092907
2009-01-28,1.1088908480506174,1.0688127737821413
2009-01-29,1.1088908480506174,1.0680108715099803
2009-01-30,1.1088908480506174,1.0679239712282305
2009-02-02,1.1088908480506174,1.0675978786101084
2009-02-03,1.1088908480506174,1.067953054518104
2009-02-04,1.1088908480506174,1.0674738419285765
2009-02-05,1.1088908480506174,1.0676445064498878
2009-02-06,1.1088908480506174,1.0685394384819908
2009-02-09,1.1088908480506174,1.068343359112047
2009-02-10,1.1088908480506174,1.0677699570293278
2009-02-11,1.1088908480506174,1.068438040165585
2009-02-12,1.1088908480506174,1.0683074027433428
2009-02-13,1.1088908480506174,1.0678691616971505
2009-02-16,1.1088908480506174,1.0658240499351763
2009-02-17,1.1088908480506174,1.0656440448309803
2009-02-18,1.1088908480506174,1.0655047840684149
2009-02-19,1.1088908480506174,1.0657769049406658
2009-02-20,1.1088908480506174,1.0654458828174038
2009-02-23,1.1088908480506174,1.065526206780743
2009-02-24,1.1088908480506174,1.0655640961978918
2009-02-25,1.1088908480506174,1.0655194936082775
2009-02-26,1.1088908480506174,1.0655268679725873
2009-02-27,1.1088908480506174,1.064975786187523
2009-03-02,1.1088908480506174,1.063982597206628
2009-03-03,1.1088908480506174,1.0637464262744711
2009-03-04,1.1088908480506174,1.0636832864692312
2009-03-05,1.1088908480506174,1.0636603785428056
2009-03-06,1.1088908480506174,1.0640042906437341
2009-03-09,1.1088908480506174,1.0631099050964465
2009-03-10,1.1088908480506174,1.0626983140652912
2009-03-11,1.1088908480506174,1.0626991994639285
2009-03-12,1.1088908480506174,1.061025844730193
2009-03-16,1.1088908480506174,1.061152922061381
2009-03-17,1.1088908480506174,1.0611943004757578
2009-03-18,1.1088908480506174,1.0605353404178433
2009-03-19,1.1088908480506174,1.0606436115783207
2009-03-20,1.1088908480506174,1.0613383094486917
2009-03-23,1.1088908480506174,1.060695572100336
2009-03-24,1.1088908480506174,1.0607463931967016
2009-03-25,1.1088908480506174,1.0599345983316781
2009-03-26,1.1088908480506174,1.05941718203255
2009-03-27,1.1088908480506174,1.059491439617929
2009-03-30,1.1088908480506174,1.0585451184949308
2009-03-31,1.1088908480506174,1.0588251962951034
2009-04-01,1.1088908480506174,1.0581430918891102
2009-04-02,1.1088908480506174,1.057950265905863
2009-04-03,1.1088908480506174,1.0586879299838527
2009-04-06,1.1088908480506174,1.0588210510126512
2009-04-07,1.1088908480506174,1.0582230293047767
2009-04-08,1.1088908480506174,1.0584688178206898
2009-04-09,1.1088908480506174,1.0582861397217467
2009-04-10,1.1088908480506174,1.0582238910676691
2009-04-13,1.1088908480506174,1.057770076362067
2009-04-14,1.1088908480506174,1.0566902841183747
2009-04-15,1.1088908480506174,1.057105305255507
2009-04-16,1.1088908480506174,1.0572549684645394
2009-04-17,1.1088908480506174,1.0562764890713487
2009-04-20,1.1088908480506174,1.056196591434232
2009-04-21,1.1088908480506174,1.056212119358372
2009-04-22,1.1088908480506174,1.0565411098035016
2009-04-23,1.1088908480506174,1.056620688970077
2009-04-24,1.1088908480506174,1.0565216736046168
2009-04-27,1.1088908480506174,1.0557839711040946
2009-04-28,1.1088908480506174,1.0551344008693364
2009-04-29,1.1088908480506174,1.0539642722569929
2009-04-30,1.1088908480506174,1.0536571919008921
2009-05-01,1.1088908480506174,1.0536369536943637
2009-05-04,1.1088908480506174,1.0535510056799215
2009-05-05,1.1088908480506174,1.0539950308717896
2009-05-06,1.1088908480506174,1.0539318298873095
2009-05-07,1.1088908480506174,1.0540454295831636
2009-05-08,1.1088908480506174,1.0538513542874919
2009-05-11,1.1088908480506174,1.053371850204651
2009-05-13,1.1088908480506174,1.0531336539509903
2009-05-14,1.1088908480506174,1.0523548735478374
2009-05-15,1.1088908480506174,1.0525615507821517
2009-05-18,1.1088908480506174,1.0533926843345718
2009-05-19,1.1088908480506174,1.0534698539013705
2009-05-20,1.1088908480506174,1.0528402880095866
2009-05-21,1.1088908480506174,1.0529662954263768
2009-05-22,1.1088908480506174,1.0534196980815658
2009-05-25,1.1088908480506174,1.0536536064316526
2009-05-26,1.1088908480506174,1.0532294843458252
2009-05-27,1.1088908480506174,1.0528273955490854
2009-05-28,1.1088908480506174,1.0528792652274366
2009-05-29,1.1088908480506174,1.053273297490857
2009-06-01,1.1088908480506174,1.0532321819580426
2009-06-02,1.1088908480506174,1.0532200768558786
2009-06-03,1.1088908480506174,1.0517286499617902
2009-06-04,1.1088908480506174,1.0521207674340627
2009-06-05,1.1088908480506174,1.051816142709763
2009-06-08,1.1088908480506174,1.0508036298559182
2009-06-09,1.1088908480506174,1.0505653626766491
2009-06-10,1.1088908480506174,1.0509443367763343
2009-06-11,1.1088908480506174,1.0508323164600881
2009-06-12,1.1088908480506174,1.0508878505817825
2009-06-15,1.1088908480506174,1.0510594980394472
2009-06-16,1.1088908480506174,1.0508137940188196
2009-06-17,1.1088908480506174,1.0512932794537244
2009-06-18,1.1088908480506174,1.0505967091310673
2009-06-19,1.1088908480506174,1.0506644382224353
2009-06-22,1.1088908480506174,1.0506925635898858
2009-06-23,1.1088908480506174,1.0506296447349839
2009-06-24,1.1088908480506174,1.0507874093712808
2009-06-25,1.1088908480506174,1.0505632676030852
2009-06-26,1.1088908480506174,1.0506883517957848
2009-06-29,1.1088908480506174,1.0503821780057756
2009-06-30,1.1088908480506174,1.0506052686404928
2009-07-01,1.1088908480506174,1.0503702369856867
2009-07-02,1.1088908480506174,1.0494659902616947
2009-07-03,1.1088908480506174,1.049925221793503
2009-07-06,1.1088908480506174,1.0501514114524513
2009-07-07,1.1088908480506174,1.0499276134654167
2009-07-08,1.1088908480506174,1.049983681346936
2009-07-10,1.1088908480506174,1.049139396743752
2009-07-13,1.1088908480506174,1.0485744520309692
2009-07-14,1.1088908480506174,1.048196225636705
2009-07-15,1.1088908480506174,1.0480987294897741
2009-07-16,1.1088908480506174,1.0479417823970485
2009-07-17,1.1088908480506174,1.0475559276369868
2009-07-20,1.1088908480506174,1.0463296601762901
2009-07-21,1.1088908480506174,1.0465936828216564
2009-07-22,1.1088908480506174,1.0468955776485487
2009-07-23,1.1088908480506174,1.0460863989078313
2009-07-24,1.1088908480506174,1.046026162948523
2009-07-27,1.1088908480506174,1.0470525604645546
2009-07-28,1.1088908480506174,1.0465638619334232
2009-07-29,1.1088908480506174,1.0465639639230182
2009-07-30,1.1088908480506174,1.046417153000879
2009-07-31,1.1088908480506174,1.0460365346297191
2009-08-03,1.1088908480506174,1.045597648190104
2009-08-04,1.1088908480506174,1.0447390682112765
2009-08-05,1.1088908480506174,1.0448058531205842
2009-08-06,1.1088908480506174,1.0445488822600786
2009-08-07,1.1088908480506174,1.0445285046090411
2009-08-10,1.1088908480506174,1.0444789356377173
2009-08-11,1.1088908480506174,1.0439603050977178
2009-08-12,1.1088908480506174,1.0442664235466441
2009-08-13,1.1088908480506174,1.0437351859254949
2009-08-14,1.1088908480506174,1.0439587914973183
2009-08-17,1.1088908480506174,1.0434081294986974
2009-08-18,1.1088908480506174,1.043126108931339
2009-08-19,1.1088908480506174,1.0421942458723665
2009-08-20,1.1088908480506174,1.0424090869343696
2009-08-21,1.1088908480506174,1.0423664331010154
2009-08-24,1.1088908480506174,1.0417857683781877
2009-08-25,1.1088908480506174,1.041755018581753
2009-08-26,1.1088908480506174,1.0416358827023697
2009-08-27,1.1088908480506174,1.0424302687140143
2009-08-28,1.1088908480506174,1.0423997664204292
2009-08-31,1.1088908480506174,1.042794562454728
2009-09-01,1.1088908480506174,1.0421533627155777
2009-09-02,1.1088908480506174,1.0411038870861853
2009-09-03,1.1088908480506174,1.0407908875499532
2009-09-04,1.1088908480506174,1.0405514979836386
2009-09-08,1.1088908480506174,1.0399590090381314
2009-09-09,1.1088908480506174,1.0403937191100667
2009-09-10,1.1088908480506174,1.0399831268798547
2009-09-11,1.1088908480506174,1.039289358691254
2009-09-14,1.1088908480506174,1.0389497129467156
2009-09-15,1.1088908480506174,1.0386799846605015
2009-09-16,1.1088908480506174,1.0381447097094425
2009-09-17,1.1088908480506174,1.0392459190811352
2009-09-18,1.1088908480506174,1.0387730455610331
2009-09-21,1.1088908480506174,1.0384835968510358
2009-09-22,1.1088908480506174,1.0392632711694207
2009-09-23,1.1088908480506174,1.0386459549612863
2009-09-24,1.1088908480506174,1.0379845855386904
2009-09-25,1.1088908480506174,1.0383243609452848
2009-09-28,1.1088908480506174,1.037418496912282
2009-09-29,1.1088908480506174,1.0365865939577361
2009-09-30,1.1088908480506174,1.03584574552088
2009-10-01,1.1088908480506174,1.0351777610694117
2009-10-02,1.1088908480506174,1.0344437484550042
2009-10-05,1.1088908480506174,1.034376495064273
2009-10-06,1.1088908480506174,1.0349323139344189
2009-10-07,1.1088908480506174,1.035306929424323
2009-10-08,1.1088908480506174,1.035969910036298
2009-10-09,1.1088908480506174,1.0348151635434417
2009-10-12,1.1088908480506174,1.0346068934798323
2009-10-13,1.1088908480506174,1.0343094103462156
2009-10-14,1.1088908480506174,1.0339992207336393
2009-10-15,1.1088908480506174,1.0336279055157678
2009-10-16,1.1088908480506174,1.0329181546170958
2009-10-19,1.1088908480506174,1.0331422718273926
2009-10-20,1.1088908480506174,1.0330766215295966
2009-10-21,1.1088908480506174,1.0334258455195873
2009-10-22,1.1088908480506174,1.0341869439558289
2009-10-23,1.1088908480506174,1.0344172063192314
2009-10-26,1.1088908480506174,1.0342954878087365
2009-10-27,1.1088908480506174,1.0343369464107413
2009-10-28,1.1088908480506174,1.0340159778564726
2009-10-29,1.1088908480506174,1.0344275425125464
2009-10-30,1.1088908480506174,1.0342910628063304
2009-11-02,1.1088908480506174,1.0346355207749764
2009-11-03,1.1088908480506174,1.0342981155149202
2009-11-05,1.1088908480506174,1.0338618064085996
2009-11-06,1.1088908480506174,1.0335290868797427
2009-11-09,1.1088908480506174,1.0335257333071919
2009-11-10,1.1088908480506174,1.0328981417539695
2009-11-11,1.1088908480506174,1.0317309481248673
2009-11-12,1.1088908480506174,1.0322306711161089
2009-11-13,1.1088908480506174,1.0320644277368551
2009-11-16,1.1088908480506174,1.0319843225254013
2009-11-17,1.1088908480506174,1.0312455193238246
2009-11-18,1.1088908480506174,1.0308157130028273
2009-11-19,1.1088908480506174,1.0307424754858505
2009-11-20,1.1088908480506174,1.030352405894773
2009-11-23,1.1088908480506174,1.0305138534376677
2009-11-24,1.1088908480506174,1.0294778506460756
2009-11-25,1.1088908480506174,1.0293636482631092
2009-11-26,1.1088908480506174,1.0286718002616708
2009-11-27,1.1088908480506174,1.0286299454806496
2009-11-30,1.1088908480506174,1.0289159978645537
2009-12-01,1.1088908480506174,1.029514208778363
2009-12-02,1.1088908480506174,1.0299503403686407
2009-12-03,1.1088908480506174,1.0303953859433717
2009-12-04,1.1088908480506174,1.029962446351354
2009-12-07,1.1088908480506174,1.0292623190219756
2009-12-08,1.1088908480506174,1.0291267234738743
2009-12-09,1.1088908480506174,1.0281536108794118
2009-12-10,1.1088908480506174,1.0278630753889
2009-12-11,1.1088908480506174,1.027585630652793
2009-12-14,1.1088908480506174,1.0262813564144346
2009-12-15,1.1088908480506174,1.0260602068954077
2009-12-16,1.1088908480506174,1.0263403320804019
2009-12-17,1.1088908480506174,1.0267608986679897
2009-12-18,1.1088908480506174,1.0273721440216086
2009-12-21,1.1088908480506174,1.0269457053761268
2009-12-22,1.1088908480506174,1.026877150588899
2009-12-23,1.1088908480506174,1.0268286669698017
2009-12-24,1.1088908480506174,1.0266929532432432
2009-12-25,1.1088908480506174,1.0264399388972223
2009-12-28,1.1088908480506174,1.0261244322797696
2009-12-29,1.1088908480506174,1.0258389082470507
2009-12-30,1.1088908480506174,1.0254704785200643
2009-12-31,1.1088908480506174,1.024645549360021
2010-01-04,1.1088908480506174,1.024065907705365
2010-01-05,1.1088908480506174,1.0237332529658072
2010-01-06,1.1088908480506174,1.0231784396831751
2010-01-07,1.1088908480506174,1.0229717409051897
2010-01-08,1.1088908480506174,1.0225649524378517
2010-01-11,1.1088908480506174,1.0219242767769436
2010-01-12,1.1088908480506174,1.0218806450441065
2010-01-13,1.1088908480506174,1.0218972694774304
2010-01-14,1.1088908480506174,1.0214199581342382
2010-01-15,1.1088908480506174,1.0221769172218358
2010-01-18,1.1088908480506174,1.0217768300239687
2010-01-19,1.1088908480506174,1.0218439566797195
2010-01-20,1.1088908480506174,1.0217697723609087
2010-01-21,1.1088908480506174,1.0216492231710481
2010-01-22,1.1088908480506174,1.0221564478056273
2010-01-25,1.1088908480506174,1.022067929790788
2010-01-26,1.1088908480506174,1.0220935745323787
2010-01-27,1.1088908480506174,1.0219155437697796
2010-01-28,1.1088908480506174,1.0218175705784327
2010-01-29,1.1088908480506174,1.0207634282738904
2010-02-01,1.1088908480506174,1.0209830893560672
2010-02-02,1.1088908480506174,1.0204260432070318
2010-02-03,1.1088908480506174,1.0201815152082927
2010-02-04,1.1088908480506174,1.0202526404085737
2010-02-05,1.1088908480506174,1.0190895827803215
2010-02-08,1.1088908480506174,1.0193030118223594
2010-02-09,1.1088908480506174,1.0182413278600742
2010-02-10,1.1088908480506174,1.0179886038232402
2010-02-11,1.1088908480506174,1.0176322770811133
2010-02-12,1.1088908480506174,1.0168339440005252
2010-02-15,1.1088908480506174,1.0164924106620363
2010-02-16,1.1088908480506174,1.016140100482927
2010-02-17,1.1088908480506174,1.016041756614507
2010-02-18,1.1088908480506174,1.015535948773996
2010-02-19,1.1088908480506174,1.015144696117245
2010-02-22,1.1088908480506174,1.0148952858579972
2010-02-23,1.1088908480506174,1.0155058516431814
2010-02-24,1.1088908480506174,1.0153528680114654
2010-02-25,1.1088908480506174,1.015521603169659
2010-02-26,1.1088908480506174,1.0145547803403356
2010-03-01,1.1088908480506174,1.0138787739258508
2010-03-03,1.1088908480506174,1.0142666149249133
2010-03-04,1.1088908480506174,1.0147692847868226
2010-03-05,1.1088908480506174,1.0143950890780244
2010-03-08,1.1088908480506174,1.0140346546790757
2010-03-09,1.1088908480506174,1.013330963059044
2010-03-10,1.1088908480506174,1.012787664810398
2010-03-11,1.1088908480506174,1.0122211113877655
2010-03-12,1.1088908480506174,1.0123750650928893
2010-03-15,1.1088908480506174,1.012253856532575
2010-03-16,1.1088908480506174,1.01282355063119
2010-03-17,1.1088908480506174,1.01304235053117
2010-03-18,1.1088908480506174,1.012413410722399
2010-03-19,1.1088908480506174,1.0112471141761614
2010-03-22,1.1088908480506174,1.0113637220987752
2010-03-23,1.1088908480506174,1.011392095831759
2010-03-24,1.1088908480506174,1.011350511146041
2010-03-25,1.1088908480506174,1.010817277390184
2010-03-26,1.1088908480506174,1.011063712908905
2010-03-29,1.1088908480506174,1.0103018848044762
2010-03-30,1.1088908480506174,1.010324404343606
2010-03-31,1.1088908480506174,1.0099589423620818
2010-04-01,1.1088908480506174,1.009091908951793
2010-04-02,1.1088908480506174,1.0087957602653994
2010-04-05,1.1088908480506174,1.0085459587119092
2010-04-06,1.1088908480506174,1.0083373206354576
2010-04-07,1.1088908480506174,1.0082565063377071
2010-04-08,1.1088908480506174,1.0083044078857584
2010-04-09,1.1088908480506174,1.0078007518753733
2010-04-12,1.1088908480506174,1.0070093112887049
2010-04-13,1.1088908480506174,1.006703464109025
2010-04-14,1.1088908480506174,1.006617335090338
2010-04-15,1.1088908480506174,1.0059191234189815
2010-04-16,1.1088908480506174,1.0058625134986505
2010-04-19,1.1088908480506174,1.0055481462693552
2010-04-20,1.1088908480506174,1.0054198376560528
2010-04-21,1.1088908480506174,1.0055785720580013
2010-04-22,1.1088908480506174,1.005091880021372
2010-04-23,1.1088908480506174,1.0055709823812895
2010-04-26,1.1088908480506174,1.0056306798210735
2010-04-27,1.1088908480506174,1.0057963027887102
2010-04-28,1.1088908480506174,1.0057501721769124
2010-04-30,1.1088908480506174,1.003422740863668
2010-05-03,1.1088908480506174,1.0031315429503573
2010-05-04,1.1088908480506174,1.002752795815115
2010-05-05,1.1088908480506174,1.00349839731649
2010-05-06,1.1088908480506174,1.003484712285905
2010-05-07,1.1088908480506174,1.0037003607644355
2010-05-10,1.1088908480506174,1.0036951383610135
2010-05-11,1.1088908480506174,1.0033243668977057
2010-05-12,1.1088908480506174,1.0035164250896675
2010-05-13,1.1088908480506174,1.0044894057748537
2010-05-14,1.1088908480506174,1.0039554091527922
2010-05-17,1.1088908480506174,1.0038433594944325
2010-05-18,1.1088908480506174,1.0033907645005222
2010-05-19,1.1088908480506174,1.0022743930427882
2010-05-20,1.1088908480506174,1.002147219912964
2010-05-21,1.1088908480506174,1.002897729904924
2010-05-24,1.1088908480506174,1.0024145668718798
2010-05-25,1.1088908480506174,1.0014189318367854
2010-05-26,1.1088908480506174,1.000395594876032
2010-05-27,1.1088908480506174,1.000743103196783
2010-05-28,1.1088908480506174,1.000094235812198
2010-05-31,1.1088908480506174,1.0000861212463739
2010-06-01,1.1088908480506174,0.9998484905197722
2010-06-02,1.1088908480506174,0.9986906885919391
2010-06-03,1.1088908480506174,0.998820804657435
2010-06-04,1.1088908480506174,0.998399720005242
2010-06-07,1.1088908480506174,0.9983492139213314
2010-06-08,1.1088908480506174,0.9975194688201616
2010-06-09,1.1088908480506174,0.9971685852092221
2010-06-10,1.1088908480506174,0.996837754724843
2010-06-11,1.1088908480506174,0.9971656280022173
2010-06-14,1.1088908480506174,0.9970162183231241
2010-06-15,1.1088908480506174,0.9968402733410675
2010-06-16,1.1088908480506174,0.9964299879455926
2010-06-17,1.1088908480506174,0.996408975793646
2010-06-18,1.1088908480506174,0.9962095457510167
2010-06-21,1.1088908480506174,0.9960962918776569
2010-06-22,1.1088908480506174,0.9955350265250361
2010-06-23,1.1088908480506174,0.9954125467874695
2010-06-24,1.1088908480506174,0.9963346110423478
2010-06-25,1.1088908480506174,0.9956171583530753
2010-06-29,1.1088908480506174,0.9960799779601285
2010-06-30,1.1088908480506174,0.996258034465826
2010-07-01,1.1088908480506174,0.9952800221870053
2010-07-02,1.1088908480506174,0.9952473457863111
2010-07-05,1.1088908480506174,0.9937834963967584
2010-07-06,1.1088908480506174,0.9931476558364624
2010-07-07,1.1088908480506174,0.992996826229881
2010-07-08,1.1088908480506174,0.9931888623617137
2010-07-09,1.1088908480506174,0.992800479989397
2010-07-12,1.1088908480506174,0.9922818652537192
2010-07-13,1.1088908480506174,0.9916702025074009
2010-07-14,1.1088908480506174,0.9918273072408669
2010-07-15,1.1088908480506174,0.9919912481872609
2010-07-16,1.1088908480506174,0.9921636530364348
2010-07-19,1.1088908480506174,0.9917803503578285
2010-07-20,1.1088908480506174,0.9914988150554124
2010-07-21,1.1088908480506174,0.9910623712332431
2010-07-22,1.1088908480506174,0.9908348597837271
2010-07-23,1.1088908480506174,0.9919762322108313
2010-07-26,1.1088908480506174,0.9912513460882141
2010-07-27,1.1088908480506174,0.9912276426085648
2010-07-28,1.1088908480506174,0.99144660386921
2010-07-29,1.1088908480506174,0.991550165940833
2010-07-30,1.1088908480506174,0.9907607525227045
2010-08-02,1.1088908480506174,0.9905454542636942
2010-08-03,1.1088908480506174,0.9908212675553465
2010-08-04,1.1088908480506174,0.9908486176107404
2010-08-05,1.1088908480506174,0.9910756070582979
2010-08-06,1.1088908480506174,0.9919074339983823
2010-08-09,1.1088908480506174,0.9918651877595441
2010-08-10,1.1088908480506174,0.9911317062569004
2010-08-11,1.1088908480506174,0.9906998463287864
2010-08-12,1.1088908480506174,0.9903175974954633
2010-08-13,1.1088908480506174,0.9899575741494088
2010-08-16,1.1088908480506174,0.9894345246433544
2010-08-17,1.1088908480506174,0.989417664470323
2010-08-18,1.1088908480506174,0.9890371486165209
2010-08-19,1.1088908480506174,0.9886620272722066
2010-08-20,1.1088908480506174,0.9881099170838774
2010-08-23,1.1088908480506174,0.9877641026195155
2010-08-24,1.1088908480506174,0.9874269973870176
2010-08-26,1.1088908480506174,0.986951054061761
2010-08-27,1.1088908480506174,0.9870536572499315
2010-08-30,1.1088908480506174,0.9875182590136378
2010-08-31,1.1088908480506174,0.987590297631415
2010-09-01,1.1088908480506174,0.9878251186678975
2010-09-02,1.1088908480506174,0.9881664854361066
2010-09-03,1.1088908480506174,0.9878394377723819
2010-09-06,1.1088908480506174,0.9880761523536907
2010-09-07,1.1088908480506174,0.9878239730531014
2010-09-08,1.1088908480506174,0.9883071691591132
2010-09-09,1.1088908480506174,0.9879966208606488
2010-09-10,1.1088908480506174,0.9879294905629703
2010-09-13,1.1088908480506174,0.9877563907496213
2010-09-14,1.1088908480506174,0.9875346810367712
2010-09-15,1.1088908480506174,0.987106661482006
2010-09-16,1.1088908480506174,0.9876038678015803
2010-09-17,1.1088908480506174,0.9874616138339581
2010-09-20,1.1088908480506174,0.9878113574642249
2010-09-21,1.1088908480506174,0.9880009681675775
2010-09-22,1.1088908480506174,0.9874212706646404
2010-09-23,1.1088908480506174,0.9870969638660934
2010-09-24,1.1088908480506174,0.9870116481782839
2010-09-27,1.1088908480506174,0.9875248407328835
2010-09-28,1.1088908480506174,0.9872484123315002
2010-09-29,1.1088908480506174,0.9878335245240278
2010-09-30,1.1088908480506174,0.9875822508085932
2010-10-01,1.1088908480506174,0.9871946559323524
2010-10-04,1.1088908480506174,0.9866698651722612
2010-10-05,1.1088908480506174,0.9873235715129255
2010-10-06,1.1088908480506174,0.9883019479192972
2010-10-07,1.1088908480506174,0.9880051562381847
2010-10-08,1.1088908480506174,0.9875627004739769
2010-10-11,1.1088908480506174,0.9870274287962736
2010-10-12,1.1088908480506174,0.9870438677653129
2010-10-13,1.1088908480506174,0.9874369365188509
2010-10-14,1.1088908480506174,0.987056956699395
2010-10-15,1.1088908480506174,0.987731225190276
2010-10-18,1.1088908480506174,0.9876859410066756
2010-10-19,1.1088908480506174,0.9878061841544985
2010-10-20,1.1088908480506174,0.9871666677448498
2010-10-21,1.1088908480506174,0.9862659780040257
2010-10-25,1.1088908480506174,0.9866868492127159
2010-10-26,1.1088908480506174,0.9869185076696536
2010-10-27,1.1088908480506174,0.9880012632278942
2010-10-28,1.1088908480506174,0.9884834275650155
2010-10-29,1.1088908480506174,0.9888016980651569
2010-11-01,1.1088908480506174,0.9891562040735479
2010-11-02,1.1088908480506174,0.9891195248741971
2010-11-03,1.1088908480506174,0.9899938794000174
2010-11-04,1.1088908480506174,0.989689361121484
2010-11-05,1.1088908480506174,0.989908020391628
2010-11-08,1.1088908480506174,0.9898086671732995
2010-11-09,1.1088908480506174,0.9900456790646123
2010-11-10,1.1088908480506174,0.9900254855408598
2010-11-11,1.1088908480506174,0.9898318122877573
2010-11-12,1.1088908480506174,0.9903294247159099
2010-11-15,1.1088908480506174,0.9906426097193901
2010-11-16,1.1088908480506174,0.9908580651310807
2010-11-17,1.1088908480506174,0.991335362912711
2010-11-18,1.1088908480506174,0.9918722429882312
2010-11-19,1.1088908480506174,0.9922823867494279
2010-11-22,1.1088908480506174,0.9920553772163447
2010-11-23,1.1088908480506174,0.9922082805664901
2010-11-24,1.1088908480506174,0.9923963196294688
2010-11-25,1.1088908480506174,0.991911252156437
2010-11-26,1.1088908480506174,0.9924351001191851
2010-11-29,1.1088908480506174,0.9926082626889575
2010-11-30,1.1088908480506174,0.992456272206089
2010-12-01,1.1088908480506174,0.9923723462690018
2010-12-02,1.1088908480506174,0.9925638180590531
2010-12-03,1.1088908480506174,0.9938433230473287
2010-12-06,1.1088908480506174,0.9938568217553705
2010-12-07,1.1088908480506174,0.9933298971117805
2010-12-08,1.1088908480506174,0.9934241565883927
2010-12-09,1.1088908480506174,0.9934873299061103
2010-12-10,1.1088908480506174,0.9929995780888216
2010-12-13,1.1088908480506174,0.9933253509494545
2010-12-14,1.1088908480506174,0.9938720541798386
2010-12-15,1.1088908480506174,0.9942179772728622
2010-12-16,1.1088908480506174,0.9947763796088168
2010-12-17,1.1088908480506174,0.9946966344295725
2010-12-20,1.1088908480506174,0.9942374344999231
2010-12-22,1.1088908480506174,0.995251116514993
2010-12-23,1.1088908480506174,0.9954597181981726
2010-12-24,1.1088908480506174,0.995367847770792
2010-12-27,1.1088908480506174,0.9964416249371515
2010-12-28,1.1088908480506174,0.9977950028577464
2010-12-29,1.1088908480506174,0.9979676529399064
2010-12-30,1.1088908480506174,0.9985816360469465
2010-12-31,1.1088908480506174,0.9989030608677166
2011-01-03,1.1088908480506174,0.999185896645687
2011-01-04,1.1088908480506174,0.9992918506389933
2011-01-05,1.1088908480506174,0.9989817080287633
2011-01-06,1.1088908480506174,0.9991131224443044
2011-01-07,1.1088908480506174,0.9989244892320746
2011-01-10,1.1088908480506174,0.9989043984237382
2011-01-11,1.1088908480506174,0.9996630041025552
2011-01-12,1.1088908480506174,0.9992094308244799
2011-01-13,1.1088908480506174,0.9995060722082262
2011-01-14,1.1088908480506174,0.9993981257299971
2011-01-17,1.1088908480506174,0.9997529590051857
2011-01-18,1.1088908480506174,0.9999317970453725
2011-01-19,1.1090641461223474,1.0000880669366734
2011-01-20,1.1090641461223474,1.0000412552971418
2011-01-21,1.1096889602602993,1.000604649143232
2011-01-24,1.110007122277048,1.0008915352929013
2011-01-25,1.1094448210215067,1.0003845092066168
2011-01-26,1.1106514663767697,1.001472539272321
2011-01-27,1.1105256779172925,1.001359116032234
2011-01-28,1.110737865258893,1.001550444997465
2011-01-31,1.1106059127359487,1.0014314636318278
2011-02-01,1.1113676364257923,1.002118308588131
2011-02-02,1.11130389896897,1.0020608366316597
2011-02-03,1.1119216530616207,1.002617864446903
2011-02-04,1.1121433101610176,1.0028177322766416
2011-02-07,1.112415578250591,1.0030632359501903
2011-02-08,1.1133925387994932,1.0039441596164327
2011-02-09,1.1132943469685386,1.003855620209374
2011-02-10,1.113444661837834,1.0039911588715025
2011-02-11,1.1135689065182475,1.004103190088632
2011-02-14,1.1143619713945119,1.0048182953394547
2011-02-15,1.1156687527246296,1.0059966178434676
2011-02-16,1.1156337686118503,1.0059650727284428
2011-02-18,1.1151817884548307,1.0043143526135347
2011-02-21,1.1152173592581847,1.0043463870932152
2011-02-22,1.1156306208728737,1.0047185636973468
2011-02-23,1.1156804512417597,1.004763440106903
2011-02-24,1.1156403205598586,1.0047272990757001
2011-02-25,1.1164434722140297,1.0054506042282412
2011-02-28,1.116237882145731,1.00526545319862
2011-03-01,1.1159248029274782,1.0049834992108024
2011-03-02,1.1161879653969313,1.0052204989967362
2011-03-03,1.1158606497977133,1.0049257239586822
2011-03-04,1.1160658571064408,1.0051105302813372
2011-03-07,1.115931690030711,1.0049897016225495
2011-03-08,1.1157788484915745,1.0048520550495696
2011-03-09,1.1157769263083528,1.0048503239630169
2011-03-10,1.1166128038967686,1.0056031015529712
2011-03-11,1.117006423795465,1.0059575891511616
2011-03-14,1.1166387831678872,1.0056264980566845
2011-03-15,1.117389365082753,1.006302459767785
2011-03-16,1.1182269629811425,1.0070567866405697
2011-03-17,1.118252023316642,1.0070793555659987
2011-03-18,1.1183630685992005,1.0071793611186524
2011-03-21,1.1186507927130331,1.0074384807170054
2011-03-22,1.118625808056927,1.0074159799471916
2011-03-23,1.1187533711616353,1.007530861178439
2011-03-24,1.1182789309510877,1.0071035881384351
2011-03-25,1.1193213328363854,1.0080423581088866
2011-03-28,1.1200169605198627,1.0086688289442467
2011-03-29,1.120527805080298,1.0091288871422117
2011-03-30,1.1213700342220259,1.0098873848364744
2011-03-31,1.1217401271421192,1.010220684425204
2011-04-01,1.1210613163806022,1.0096093586328014
2011-04-04,1.1214540837390403,1.0099630784472757
2011-04-05,1.1217973741223461,1.0102722401127886
2011-04-06,1.1224190114556323,1.0108320764573226
2011-04-07,1.1232888748212753,1.0116154610785317
2011-04-08,1.1236179837467806,1.0119118511567056
2011-04-11,1.1236126232251524,1.0119070235592105
2011-04-12,1.122840154091941,1.0112113505797315
2011-04-13,1.123072517030105,1.0114206128150276
2011-04-14,1.1240961310193731,1.0123424627157351
2011-04-15,1.124369855232783,1.0125889742343337
2011-04-19,1.1239316655940597,1.0120170011771084
2011-04-20,1.1230688704832241,1.0112401182513686
2011-04-21,1.1230688704832241,1.0119035411177952
2011-04-22,1.1230688704832241,1.0125190778951267
2011-04-25,1.1230688704832241,1.0135561804485678
2011-04-26,1.1230688704832241,1.0137382726006117
2011-04-27,1.1230688704832241,1.0136013310587046
2011-04-28,1.1230688704832241,1.0133919137151581
2011-04-29,1.1230688704832241,1.0137996596654966
2011-05-02,1.1230688704832241,1.0144496899890088
2011-05-03,1.1230688704832241,1.0144244291290352
2011-05-04,1.1230688704832241,1.0149384214434796
2011-05-05,1.1222704431386972,1.014216867663485
2011-05-06,1.1222704431386972,1.015101449875079
2011-05-09,1.1222704431386972,1.015065606158507
2011-05-10,1.1222704431386972,1.014319679728046
2011-05-11,1.1222704431386972,1.0143370091332973
2011-05-12,1.1222704431386972,1.0145552216255376
2011-05-13,1.1222704431386972,1.0147024484123415
2011-05-16,1.1222704431386972,1.0150043648146383
2011-05-17,1.1222704431386972,1.0145425165882558
2011-05-18,1.1222704431386972,1.0156520253571
2011-05-19,1.121722310654507,1.0151559667901695
2011-05-20,1.1221014549432922,1.0154990914506838
2011-05-23,1.122339181340102,1.0157142332624254
2011-05-24,1.1227586562298755,1.0160938570188824
2011-05-25,1.1228502311691542,1.0161767321165196
2011-05-26,1.1239361933536396,1.0171595252559782
2011-05-27,1.1241126838532531,1.017319248729482
2011-05-30,1.122966353824011,1.0162818228371355
2011-05-31,1.1240980688082947,1.0173060221492904
2011-06-01,1.124251104104947,1.0174445187210805
2011-06-02,1.1246347309432618,1.0177917000780323
2011-06-03,1.1246133630164896,1.0177723621562003
2011-06-06,1.1254901756585798,1.0185658754677573
2011-06-07,1.1260156606522347,1.0190414381107578
2011-06-08,1.1259568621735065,1.018988225630314
2011-06-09,1.125471166175007,1.0185486719312926
2011-06-10,1.1257856407443922,1.018833270652815
2011-06-13,1.1255191249896945,1.0185920745421062
2011-06-14,1.1267393519325353,1.0196963769617846
2011-06-16,1.126690715221217,1.0199680199286214
2011-06-17,1.1261594832221606,1.0194871074271867
2011-06-20,1.1260674386057608,1.0194037814852346
2011-06-21,1.1261966710016214,1.0195207726959865
2011-06-22,1.126421887682288,1.019724656342786
2011-06-23,1.127351392881938,1.0205661167055922
2011-06-24,1.1274816412153714,1.0206840276220097
2011-06-27,1.1270997594382215,1.0203383185513444
2011-06-28,1.1273952536616427,1.0206058228929455
2011-06-29,1.1281930000291824,1.0213280049185114
2011-06-30,1.128163307023756,1.0213011245017818
2011-07-01,1.1285134610729703,1.0216181111667308
2011-07-04,1.1290137711760457,1.0220710307641767
2011-07-05,1.127825826441303,1.0209956108441303
2011-07-06,1.1279662752686148,1.021122756040553
2011-07-07,1.1287241904316594,1.0218088797634886
2011-07-08,1.1291470319911672,1.0221916688131967
2011-07-11,1.128881463974178,1.0219512560000037
2011-07-12,1.129113816002696,1.0221615991183521
2011-07-13,1.1295869165840728,1.0225898865415954
2011-07-14,1.1290482685847063,1.0221022605001893
2011-07-15,1.1286623950762391,1.021752937804034
2011-07-18,1.1295583398583808,1.0225640166680567
2011-07-19,1.130556830632075,1.0234679281351553
2011-07-20,1.1301250367226954,1.0230770347224225
2011-07-21,1.1306969482450517,1.0235947734906146
2011-07-22,1.1308718080506714,1.023753070179576
2011-07-25,1.1319894776428876,1.0247648715776938
2011-07-26,1.131495726226213,1.0243178894130243
2011-07-27,1.131495726226213,1.0246019213878437
2011-07-28,1.1311032636030534,1.0242465351955303
2011-07-29,1.1310736356207465,1.0242197062054645
2011-08-01,1.1314395347233095,1.024551038365923
2011-08-02,1.1317848360205407,1.0248637186212703
2011-08-03,1.1315159513021367,1.0246202357757563
2011-08-04,1.1319497744861686,1.02501307514545
2011-08-05,1.131888322320118,1.0249574284417555
2011-08-08,1.131368030843924,1.0244862895467215
2011-08-09,1.1323790666685145,1.0254018115628076
2011-08-10,1.1316146041300184,1.024709568748613
2011-08-11,1.1319945858360672,1.025053653111537
2011-08-15,1.133131208843095,1.0265024358935668
2011-08-16,1.1332200892686697,1.0265829525827586
2011-08-17,1.1331055208851846,1.0264791651980267
2011-08-18,1.1331055208851846,1.0268022105612151
2011-08-19,1.1331055208851846,1.0261269543138556
2011-08-22,1.1331055208851846,1.0272578814488904
2011-08-23,1.1331055208851846,1.027837181943179
2011-08-24,1.1331055208851846,1.0284096229195656
2011-08-25,1.1331055208851846,1.028241159261025
2011-08-26,1.1331055208851846,1.0280147243803697
2011-08-29,1.1331055208851846,1.02856675222249
2011-08-30,1.1331055208851846,1.0301277907456414
2011-08-31,1.1331055208851846,1.0300246746732635
2011-09-01,1.1331055208851846,1.0299410539071983
2011-09-02,1.1331055208851846,1.029800333681452
2011-09-05,1.1331055208851846,1.0293083758121855
2011-09-06,1.1331055208851846,1.0298605340450344
2011-09-07,1.1331055208851846,1.0294267752174924
2011-09-08,1.1331055208851846,1.0292613782860975
2011-09-09,1.1331055208851846,1.0302921436212622
2011-09-12,1.1331055208851846,1.03061559767475
2011-09-13,1.1331055208851846,1.0311729753206307
2011-09-14,1.1331055208851846,1.0312723502972045
2011-09-15,1.1331055208851846,1.0310308382380227
2011-09-16,1.1331055208851846,1.0317948493743134
2011-09-19,1.1331055208851846,1.0318867868971084
2011-09-20,1.1331055208851846,1.0319212239608835
2011-09-21,1.1331055208851846,1.0324585466498732
2011-09-22,1.1331055208851846,1.0328869077258718
2011-09-23,1.1331055208851846,1.0324602849754707
2011-09-26,1.1334818827197033,1.032803217420648
2011-09-27,1.1330509794680803,1.032410588061981
2011-09-28,1.1330509794680803,1.03228964410572
2011-09-29,1.1340854379319865,1.0332321089893823
2011-09-30,1.1343500413360017,1.033473181420111
2011-10-03,1.1336925304907077,1.0328741424988412
2011-10-04,1.134041287040158,1.0331918844017522
2011-10-05,1.1343769045749723,1.0334976557322988
2011-10-06,1.1342290253452725,1.033362927286568
2011-10-07,1.134037799331072,1.0331887068519012
2011-10-10,1.134184441462702,1.0333223082137237
2011-10-12,1.133612781390579,1.0330043503230255
2011-10-13,1.1330884767898923,1.0325265778928847
2011-10-14,1.1330884767898923,1.0321690688769365
2011-10-17,1.1330884767898923,1.0322930372366492
2011-10-18,1.1330884767898923,1.0326784992519564
2011-10-19,1.1330884767898923,1.0330388830259478
2011-10-20,1.1330884767898923,1.032892366144007
2011-10-21,1.1330884767898923,1.0327526113479466
2011-10-24,1.1330884767898923,1.0325353858787345
2011-10-25,1.1330884767898923,1.0325455468812554
2011-10-26,1.1330884767898923,1.033773701899802
2011-10-27,1.1330884767898923,1.0338041152895592
2011-10-28,1.1330884767898923,1.0345166794983875
2011-10-31,1.1330884767898923,1.034489072561329
2011-11-01,1.1330884767898923,1.0346590464702259
2011-11-02,1.1330884767898923,1.034225410400258
2011-11-03,1.1330884767898923,1.0332819002029903
2011-11-04,1.1330884767898923,1.0335063130611997
2011-11-07,1.1330884767898923,1.0339574879224158
2011-11-08,1.1330884767898923,1.033869322863948
2011-11-09,1.1330884767898923,1.03400136564026
2011-11-10,1.1330884767898923,1.0345126277003527
2011-11-11,1.1330884767898923,1.0341617716587104
2011-11-14,1.1330884767898923,1.0343733193000872
2011-11-15,1.1330884767898923,1.0349875244548066
2011-11-16,1.1330884767898923,1.035161747892058
2011-11-17,1.1330884767898923,1.0353214703160682
2011-11-18,1.1330884767898923,1.0351353705360364
2011-11-21,1.1330884767898923,1.0355488446213983
2011-11-22,1.1330884767898923,1.0363025323417774
2011-11-23,1.1330884767898923,1.0370018632261089
2011-11-24,1.13307204408964,1.0369868240291455
2011-11-25,1.1328825793059312,1.0368134259779374
2011-11-28,1.1328825793059312,1.0366923983941132
2011-11-29,1.1328825793059312,1.0362094266136208
2011-11-30,1.1328825793059312,1.0365994725662322
2011-12-01,1.1328825793059312,1.0364527686909961
2011-12-02,1.1328825793059312,1.0373713704306353
2011-12-05,1.1328825793059312,1.037590540996818
2011-12-06,1.1328825793059312,1.0374658114757886
2011-12-07,1.1328825793059312,1.0374623293563265
2011-12-09,1.1328670599813053,1.0378964360363325
2011-12-12,1.1332727904131437,1.0382681532342917
2011-12-13,1.1337956993683538,1.0387472256340073
2011-12-14,1.133726508150113,1.0386838348608498
2011-12-15,1.133794638001059,1.0387462532433613
2011-12-16,1.133771140362757,1.0387247254614083
2011-12-19,1.1339778972921153,1.0389141495233192
2011-12-20,1.1342311596026515,1.039146180322672
2011-12-21,1.1349554132709572,1.0398097182854875
2011-12-22,1.134822117665618,1.0396875971305806
2011-12-23,1.1349686737617481,1.0398218671214967
2011-12-26,1.1353084444843629,1.0401331541511303
2011-12-27,1.1356374511767282,1.040434579521768
2011-12-28,1.1368947656217465,1.0415864906572927
2011-12-29,1.1363191587510122,1.0410591381189438
2011-12-30,1.1366692078291627,1.0413798418479905
2012-01-02,1.1372471852333133,1.0419093661929628
2012-01-03,1.1368560060035768,1.0415509803392848
2012-01-04,1.1368596289376016,1.0415542995551446
2012-01-05,1.1362169790146932,1.0409655243244331
2012-01-06,1.1362409822021668,1.0409875152743093
2012-01-09,1.1360082649860577,1.040774307230986
2012-01-10,1.1368956331106426,1.0415872854227735
2012-01-11,1.1365250516505456,1.0412477705844638
2012-01-12,1.1368669317563695,1.0415609901632839
2012-01-13,1.1372493871810416,1.0419113835467904
2012-01-16,1.1374800799573892,1.0421227368633872
2012-01-17,1.1383278134322568,1.0428994030613505
2012-01-18,1.138249341941189,1.0428275100001196
2012-01-19,1.1387051010269096,1.0432450618448774
2012-01-20,1.1394597620795137,1.0439364580771293
2012-01-23,1.1402994982769619,1.0447057974262288
2012-01-24,1.1397189170913429,1.0441738875802549
2012-01-25,1.1400124032871002,1.0444427702120858
2012-01-26,1.1393969122816578,1.0438788771097727
2012-01-27,1.1397186210706693,1.0441736163756157
2012-01-30,1.1405839825259843,1.044966432763418
2012-01-31,1.1409419378950587,1.0452943799824224
2012-02-01,1.140475048376485,1.0448666307923642
2012-02-02,1.1406366297700612,1.0450146664784978
2012-02-03,1.140891953597438,1.0452485859734066
2012-02-07,1.1412841028368166,1.0453950331236326
2012-02-08,1.1401901858535812,1.0443930254919822
2012-02-09,1.1395125897768612,1.0437723600754514
2012-02-10,1.1398449572598064,1.0440768025144367
2012-02-13,1.140941102979745,1.0450808516274974
2012-02-14,1.1412452115567195,1.0453594094336645
2012-02-15,1.1413182225295726,1.0454262861282528
2012-02-16,1.141859818179847,1.0459223776810491
2012-02-17,1.1428758423792287,1.0468530369699387
2012-02-20,1.1428899634683731,1.0468659716252249
2012-02-21,1.1428838452886056,1.0468603674862338
2012-02-22,1.1431536971580145,1.0471075467847608
2012-02-23,1.1435999136149062,1.0475162727685654
2012-02-24,1.1442337169836616,1.0480968248782698
2012-02-27,1.1450949640053953,1.048885711148196
2012-02-28,1.1447962870320774,1.0486121285900591
2012-02-29,1.1443626175323502,1.0482148953858947
2012-03-01,1.145297742100213,1.0490714521154292
2012-03-02,1.1460463867414494,1.0497571966969736
2012-03-05,1.147167522962415,1.050784136644651
2012-03-06,1.147418254338028,1.0510138019261202
2012-03-07,1.1475513994366955,1.0511357603626617
2012-03-08,1.1483811070918575,1.0518957571588101
2012-03-09,1.148990594029253,1.0524540358691885
2012-03-12,1.1492365182006112,1.0526792978408779
2012-03-13,1.149149604952714,1.0525996869206533
2012-03-14,1.149582858708314,1.052996539310922
2012-03-15,1.1499374329187222,1.053321322699662
2012-03-16,1.1499222916219518,1.053307453553146
2012-03-19,1.1502759242537284,1.0536313744733539
2012-03-20,1.1505292923617738,1.0538634549527404
2012-03-21,1.1494458054645535,1.0528710010860884
2012-03-22,1.1493655388492972,1.0527974783578684
2012-03-23,1.1502032324132396,1.0535647900980813
2012-03-26,1.1500412454884277,1.053416413084673
2012-03-27,1.1498326153639657,1.0532253117670167
2012-03-28,1.1508221290112457,1.0541316878827474
2012-03-29,1.1504605702690305,1.0538005067926448
2012-03-30,1.1496073635484179,1.0530189852891565
2012-04-02,1.1504041124435997,1.0537487924735371
2012-04-03,1.1511763594777547,1.054456156408462
2012-04-05,1.1511102659527095,1.0540198246898453
2012-04-06,1.151153522257631,1.0540594325400041
2012-04-09,1.151030278936519,1.0539465841817235
2012-04-10,1.1513329982839635,1.054223770653742
2012-04-11,1.1521916487252106,1.0550099981892982
2012-04-12,1.152002023514111,1.054836366924187
2012-04-13,1.1514216335505525,1.0543049299752378
2012-04-16,1.152157129128069,1.0549783901489531
2012-04-17,1.1525760929941733,1.0553620164910718
2012-04-18,1.153746760833807,1.056433944305111
2012-04-19,1.153393000086842,1.056110021522449
2012-04-20,1.1531619671903248,1.055898475104797
2012-04-23,1.1534871013785872,1.0561961858369913
2012-04-24,1.1529272516800695,1.0556835566836096
2012-04-25,1.1532387795378995,1.0559688087118542
2012-04-26,1.153403730468813,1.056119846849925
2012-04-27,1.1540530972328187,1.0567144427483384
2012-04-30,1.1543817842331208,1.057015406630499
2012-05-01,1.1545031553298915,1.057126540677275
2012-05-02,1.1547473951374507,1.0573501800685308
2012-05-03,1.1548956642352846,1.057485943403398
2012-05-04,1.1553027692108788,1.0578587110935995
2012-05-07,1.1555961982391454,1.0581273908387814
2012-05-08,1.1559273811242594,1.0584306400902501
2012-05-09,1.1567789485839406,1.0592103820586027
2012-05-10,1.156317435948725,1.0587877957249994
2012-05-11,1.155881994448981,1.0583890815559074
2012-05-14,1.156540796462327,1.058992316887179
2012-05-15,1.1565021490608192,1.0589569292022918
2012-05-16,1.1570535831210356,1.0594618525347201
2012-05-17,1.157002252596112,1.059414851484967
2012-05-18,1.1569379437046043,1.059355966729477
2012-05-21,1.1575012762817913,1.0598717849979877
2012-05-22,1.1578895128214846,1.060227275711266
2012-05-23,1.158102312078455,1.0604221264064257
2012-05-24,1.158531407031862,1.0608150293288847
2012-05-25,1.1592588975803362,1.0614811596580513
2012-05-28,1.1593165738447766,1.0615339712156686
2012-05-29,1.1596324146792485,1.0618231724423681
2012-05-30,1.1593501946418654,1.061564756265287
2012-05-31,1.158847571342816,1.0611045267484296
2012-06-04,1.1589824031431548,1.0619979717732004
2012-06-05,1.1593775163223072,1.0623600216142877
2012-06-06,1.159527957877462,1.0624978741183564
2012-06-07,1.1596576330286492,1.0626166979651868
2012-06-08,1.1597351786090067,1.0626877544789322
2012-06-11,1.1599160116138616,1.0628534552556348
2012-06-12,1.1610841186880168,1.0639238143397782
2012-06-13,1.161045199343956,1.0638881517927514
2012-06-14,1.161045199343956,1.0637502713937008
2012-06-15,1.161045199343956,1.0642675753962718
2012-06-18,1.161045199343956,1.0645106604891483
2012-06-19,1.161045199343956,1.0641150406002267
2012-06-20,1.161045199343956,1.0644312349210145
2012-06-21,1.1605039946919002,1.0639350654898347
2012-06-22,1.1605039946919002,1.0632478138128159
2012-06-25,1.1605039946919002,1.0641622931124262
2012-06-26,1.1616154919789798,1.0651815170937455
2012-06-27,1.161701296775699,1.0652601986231969
2012-06-28,1.1615604354965183,1.0651310312419993
2012-06-29,1.1622631384575857,1.0657753978256963
2012-07-02,1.1620626656598596,1.0655915677026544
2012-07-03,1.1628290181330965,1.0662942997992109
2012-07-04,1.162816824197808,1.0662831181693346
2012-07-05,1.1634906803552905,1.066901032728056
2012-07-06,1.1634906803552905,1.0663157792023925
2012-07-09,1.1634906803552905,1.0654326873588302
2012-07-10,1.1634906803552905,1.0657312582826748
2012-07-11,1.1634906803552905,1.0663510363410458
2012-07-12,1.1634906803552905,1.0658948265131414
2012-07-13,1.1634906803552905,1.066281715907312
2012-07-16,1.1634906803552905,1.0667405389106182
2012-07-17,1.1634906803552905,1.0670977766677736
2012-07-18,1.1634906803552905,1.0681131133960784
2012-07-19,1.1634906803552905,1.0684869657132836
2012-07-20,1.1641468502715375,1.0690895567048926
2012-07-23,1.1641468502715375,1.0693558178591953
2012-07-24,1.1641468502715375,1.0691532471266076
2012-07-25,1.1641468502715375,1.0700284272477807
2012-07-26,1.1641468502715375,1.0696334126941638
2012-07-27,1.1641468502715375,1.0695044461599401
2012-07-30,1.1641468502715375,1.0698506070435525
2012-08-01,1.1641468502715375,1.0695921382542328
2012-08-02,1.1641468502715375,1.0694955468544127
2012-08-03,1.1641468502715375,1.0688225231660626
2012-08-06,1.1641468502715375,1.0691871197976333
2012-08-07,1.1641468502715375,1.0694821842536877
2012-08-08,1.1641468502715375,1.070085191327833
2012-08-09,1.1641468502715375,1.0705026941749907
2012-08-10,1.1641468502715375,1.0693054436804357
2012-08-13,1.1641468502715375,1.069074926751738
2012-08-14,1.1641468502715375,1.0701069879527136
2012-08-15,1.1641468502715375,1.0704402655542882
2012-08-16,1.1641468502715375,1.0707041742456203
2012-08-17,1.1641468502715375,1.0703075266998516
2012-08-20,1.1641468502715375,1.0702803560551917
2012-08-21,1.1641468502715375,1.070465560901816
2012-08-22,1.1645267199320528,1.0708148616701154
2012-08-23,1.1645267199320528,1.070493203139057
2012-08-24,1.1645267199320528,1.0710168784870822
2012-08-27,1.1645267199320528,1.0721808383244413
2012-08-28,1.1645267199320528,1.0725177966750719
2012-08-29,1.1645267199320528,1.0728551117403695
2012-08-30,1.1645267199320528,1.0732204544682038
2012-08-31,1.1645267199320528,1.0716712297353195
2012-09-03,1.1645267199320528,1.071191238767901
2012-09-04,1.1645267199320528,1.07188768256849
2012-09-05,1.1645267199320528,1.0714557828455709
2012-09-06,1.1645267199320528,1.0714981668434702
2012-09-07,1.1645267199320528,1.0719310563963245
2012-09-10,1.1645267199320528,1.07186695067586
2012-09-11,1.1645267199320528,1.0713018737938764
2012-09-12,1.1645267199320528,1.0723886494202295
2012-09-13,1.1645267199320528,1.0725040521937637
2012-09-14,1.1645267199320528,1.073538197297462
2012-09-17,1.1645267199320528,1.0737124775971159
2012-09-18,1.1645267199320528,1.0742326039386356
2012-09-19,1.1645267199320528,1.0748206912971034
2012-09-20,1.1645267199320528,1.0751639901873375
2012-09-21,1.1645267199320528,1.0749112350940362
2012-09-24,1.1645267199320528,1.0748062636033562
2012-09-25,1.1645267199320528,1.0758530713839658
2012-09-26,1.1645267199320528,1.0758342379617893
2012-09-28,1.1645267199320528,1.0776755557394075
2012-10-01,1.1645267199320528,1.077760866799788
2012-10-02,1.1645267199320528,1.0784004782574146
2012-10-03,1.1645267199320528,1.0773627638561385
2012-10-04,1.1645267199320528,1.0775175885939656
2012-10-05,1.1645267199320528,1.0782954926873496
2012-10-08,1.1645267199320528,1.0789087821873227
2012-10-09,1.1645267199320528,1.078497169965936
2012-10-10,1.1645267199320528,1.077777614252302
2012-10-11,1.1645267199320528,1.0782371651682068
2012-10-12,1.1645267199320528,1.079210542362318
2012-10-15,1.1645267199320528,1.0783553061582645
2012-10-16,1.1645267199320528,1.0779860481102825
2012-10-17,1.1645267199320528,1.0787819784215191
2012-10-18,1.1645267199320528,1.0786420294710526
2012-10-19,1.1645267199320528,1.0796709634991846
2012-10-22,1.1645267199320528,1.0798882833744985
2012-10-23,1.1645267199320528,1.0800723904949239
2012-10-24,1.1645267199320528,1.079742612908116
2012-10-25,1.1645267199320528,1.0800545171408444
2012-10-26,1.1645267199320528,1.0797354879713634
2012-10-29,1.1645267199320528,1.0800329217639257
2012-10-30,1.1645267199320528,1.0798357803518916
2012-10-31,1.1645267199320528,1.0807359052624406
2012-11-01,1.1645267199320528,1.0809646670590383
2012-11-02,1.1645267199320528,1.0812239695001236
2012-11-05,1.1645267199320528,1.0808340277965027
2012-11-06,1.1645267199320528,1.0807581800963215
2012-11-07,1.1645267199320528,1.0811226858234066
2012-11-08,1.1645267199320528,1.0812461156890076
2012-11-09,1.1645267199320528,1.0820137919115616
2012-11-12,1.1645267199320528,1.0822287866454539
2012-11-13,1.1645267199320528,1.0823590406547325
2012-11-14,1.1645267199320528,1.0811938454904277
2012-11-15,1.1645267199320528,1.0819406823392876
2012-11-16,1.1645267199320528,1.081362402473636
2012-11-19,1.1645267199320528,1.0809493180931677
2012-11-20,1.1645267199320528,1.0810353695565673
2012-11-21,1.1645267199320528,1.080575142330084
2012-11-22,1.1645267199320528,1.080595730837627
2012-11-23,1.1645267199320528,1.0808579303600918
2012-11-27,1.1645267199320528,1.081257841075458
2012-11-28,1.1645267199320528,1.081007222403326
2012-11-29,1.1645267199320528,1.0817219405963718
2012-11-30,1.1645267199320528,1.082717664176579
2012-12-03,1.1645267199320528,1.0831328504755204
2012-12-04,1.1645267199320528,1.0840840618035479
2012-12-05,1.1645204658628292,1.0840782397501327
2012-12-06,1.1641820122703113,1.0837631657041458
2012-12-07,1.1645999035246248,1.0841521900525048
2012-12-10,1.1645999035246248,1.084137859955153
2012-12-11,1.1645999035246248,1.0840673971843295
2012-12-12,1.1645999035246248,1.0840944824986345
2012-12-13,1.1645999035246248,1.0850881311312692
2012-12-14,1.1651320643644234,1.085583959277374
2012-12-17,1.1651942804190745,1.0856419275995963
2012-12-18,1.164553080446805,1.0850445048473827
2012-12-19,1.164553080446805,1.0856548746127188
2012-12-20,1.1653973653376304,1.0864419593945775
2012-12-21,1.1650609140951604,1.0861283026471178
2012-12-24,1.1652607187515807,1.0863145705835948
2012-12-25,1.1661420979980195,1.087136236586927
2012-12-26,1.1667913086051076,1.0877414633233202
2012-12-27,1.1669874988896167,1.0879243617607595
2012-12-28,1.167932988035035,1.088805794232024
2012-12-31,1.1691695155134019,1.0899585472554982
2013-01-01,1.168815427494196,1.0896284486189076
2013-01-02,1.16843184468873,1.089270853461105
2013-01-03,1.1680478876688984,1.088912909441875
2013-01-04,1.1688474904164088,1.0896583392854466
2013-01-07,1.1688108681074283,1.0896241981295545
2013-01-08,1.1685966424415297,1.089424486203705
2013-01-09,1.1686560316389163,1.0894798517965016
2013-01-10,1.1682668643891265,1.0891170505392058
2013-01-11,1.1688552681323576,1.0896655900629124
2013-01-14,1.1693426734121661,1.0901199737460787
2013-01-15,1.1688481833519424,1.0896589852747558
2013-01-16,1.1684607763078942,1.0892978249696637
2013-01-17,1.1683642796780265,1.0892078659644808
2013-01-18,1.168244054674579,1.0890957861776212
2013-01-21,1.1685351762187888,1.0893671843035484
2013-01-22,1.1681503908518263,1.0890084680575167
2013-01-24,1.168706763635154,1.0897974381650455
2013-01-25,1.1684414438349418,1.0895500323592757
2013-01-28,1.1682044633384767,1.0893290524300252
2013-01-29,1.1693066219367152,1.0903567949349764
2013-01-30,1.1698703680729758,1.0908824777787731
2013-01-31,1.170076755794666,1.0910749305114562
2013-02-01,1.170576665984828,1.0915410875163636
2013-02-04,1.1706252173730525,1.0915863607877716
2013-02-05,1.1707931168116483,1.0917429239084315
2013-02-06,1.169945895183684,1.090952905412396
2013-02-07,1.16958709076587,1.090618326930006
2013-02-08,1.169593984945863,1.09062475562532
2013-02-11,1.1697339734777055,1.0907552923417327
2013-02-12,1.1708268953671312,1.0917744217865784
2013-02-13,1.170897525249813,1.0918402828456564
2013-02-14,1.1702527712793982,1.0912390616950067
2013-02-15,1.1710361293345088,1.0919695285907147
2013-02-18,1.17186946721369,1.0927466007478337
2013-02-19,1.1723408454073658,1.0931861521938073
2013-02-20,1.1734381656745694,1.0942093830445687
2013-02-21,1.174034831472074,1.0947657628635226
2013-02-22,1.17457435740806,1.0952688608185923
2013-02-25,1.1754709187384782,1.0961048876744721
2013-02-26,1.1760617285636115,1.0966558069075143
2013-02-27,1.1756825081641433,1.0963021908998898
2013-02-28,1.175838219743629,1.0964473890673825
2013-03-01,1.1751575515837631,1.095812678599416
2013-03-04,1.175180479619794,1.0958340585688882
2013-03-05,1.17501359173164,1.0956784387003033
2013-03-06,1.1758204598348578,1.0964308282809787
2013-03-07,1.1755038894535388,1.0961356322563682
2013-03-08,1.1767026952321185,1.0972534964691927
2013-03-11,1.176707635446359,1.0972581031275872
2013-03-12,1.1769186723141607,1.0974548911030186
2013-03-13,1.176747522453529,1.0972952970239371
2013-03-14,1.1780798949185518,1.0985377097011317
2013-03-15,1.1789234214828785,1.099324282618677
2013-03-18,1.1786849178970584,1.0991018824367773
2013-03-19,1.1797003252972407,1.1000487310542786
2013-03-20,1.1796817894956937,1.100031446762214
2013-03-21,1.180913175970188,1.101179691871296
2013-03-25,1.1816581546319367,1.1014058767798531
2013-03-26,1.1818227944164847,1.1015593350584105
2013-03-27,1.1815030151803705,1.1012612736194505
2013-03-28,1.181982469119082,1.1017081654584076
2013-03-29,1.181198810422664,1.100977728918668
2013-04-01,1.181355943359225,1.1011241901765922
2013-04-02,1.1821042393527352,1.101821665670323
2013-04-03,1.1825711959147107,1.1022569088915073
2013-04-04,1.1837937284478963,1.103396413164657
2013-04-05,1.1835284317142512,1.1031491340506578
2013-04-08,1.1840310825534668,1.1036176473733226
2013-04-09,1.1839132096511527,1.1035077798056059
2013-04-10,1.1839416938389993,1.103534329490696
2013-04-11,1.183666453633921,1.1032777822158257
2013-04-12,1.1838333558469587,1.1034333492701103
2013-04-15,1.184399894544949,1.1039614115095522
2013-04-16,1.1839793488805037,1.1035694271911953
2013-04-17,1.1839098458987474,1.103504644502344
2013-04-18,1.1839619816980202,1.103553239500385
2013-04-19,1.1838896238413987,1.1034857958254087
2013-04-22,1.1847382756458225,1.1042768114681885
2013-04-23,1.1844952466584007,1.104050287787101
2013-04-24,1.1844834623652083,1.1040393038238245
2013-04-25,1.1854146525515583,1.104907252256817
2013-04-26,1.1851909443991648,1.1046987372368309
2013-04-29,1.1854793247814175,1.1049675322741401
2013-04-30,1.1855395693711093,1.105023685354344
2013-05-01,1.1857969456553334,1.1052635819360053
2013-05-02,1.1854700404708143,1.1049588785072109
2013-05-03,1.1853933511357022,1.1048873975259748
2013-05-06,1.1862157686252366,1.1056539605565678
2013-05-07,1.1857962596096314,1.1052629424830764
2013-05-08,1.185682169348943,1.105156600658994
2013-05-09,1.18608112539294,1.1055284616153227
2013-05-10,1.1853810603020956,1.104875941423961
2013-05-13,1.1850616508712992,1.104578224675002
2013-05-14,1.1850841954958873,1.1045992381820926
2013-05-15,1.185470847261755,1.1049596305049694
2013-05-16,1.18521579798751,1.104721902894475
2013-05-17,1.18587622917955,1.1053374809220713
2013-05-20,1.1862269668038754,1.105664398211243
2013-05-22,1.185337184318776,1.1053135604205473
2013-05-23,1.1860372848107388,1.1059663962360948
2013-05-24,1.185426837179215,1.105397160702125
2013-05-27,1.1851382220589914,1.1051280303564768
2013-05-28,1.186668691654328,1.106555175999013
2013-05-29,1.18681459378115,1.1066912280873167
2013-05-30,1.1878995208906251,1.107702910385008
2013-05-31,1.1875970783788776,1.107420886152659
2013-06-03,1.187282773710443,1.1071278005929381
2013-06-04,1.187748822419141,1.107562385759383
2013-06-05,1.1881451734607098,1.1079319786370285
2013-06-06,1.1873633694416958,1.1072029552036635
2013-06-07,1.1880036295161691,1.1077999905045666
2013-06-10,1.1887958093463578,1.1085386892648712
2013-06-11,1.18857915201642,1.108336658747384
2013-06-12,1.1882407779081987,1.1080211287064303
2013-06-13,1.1886200649964043,1.1083748096399504
2013-06-14,1.1882769851669066,1.1080548915669606
2013-06-17,1.187998573057099,1.1077952754134925
2013-06-18,1.1881054479255806,1.1078949350234024
2013-06-19,1.1888318723308413,1.108572317591314
2013-06-20,1.188248998507397,1.1080287943225005
2013-06-21,1.1877543551236556,1.1075675449439653
2013-06-24,1.188056079852642,1.107848899851982
2013-06-25,1.1888406619706409,1.1085805138313292
2013-06-26,1.1881371188749967,1.107924467826662
2013-06-27,1.188951930747899,1.1086842707116344
2013-06-28,1.1894194238035092,1.1091202027152907
2013-07-01,1.1898580755564139,1.1095292405293422
2013-07-02,1.1896468372938065,1.109332263231044
2013-07-03,1.1898011813946878,1.1094761873649799
2013-07-04,1.1899114504071702,1.1095790119759035
2013-07-05,1.190278375922098,1.1099211658817116
2013-07-08,1.1905420072110966,1.1101669990864202
2013-07-09,1.1906779882037692,1.1102937998289846
2013-07-10,1.1917746059977423,1.111316383558165
2013-07-11,1.1924926789282464,1.111985978470024
2013-07-12,1.1930508543353713,1.1125064707440793
2013-07-15,1.1939631782028115,1.1133572024645697
2013-07-16,1.1935991810591262,1.1130177792319298
2013-07-17,1.1938799776437277,1.1132796188812597
2013-07-19,1.193390344735566,1.1122102810893422
2013-07-22,1.1946079973225767,1.1133451031800707
2013-07-23,1.1949608552970037,1.1136739580837938
2013-07-24,1.1951746477613392,1.1138732073720943
2013-07-25,1.1957429564454167,1.1144028570077325
2013-07-26,1.1958774018611542,1.1145281568095016
2013-07-29,1.196355173752719,1.114973428394074
2013-07-30,1.1967348739020551,1.1153272995408332
2013-07-31,1.1967602500862855,1.1153509495168201
2013-08-01,1.1964358413064002,1.1150486085586788
2013-08-02,1.1968391983623574,1.1154245273572216
2013-08-05,1.1963814395839103,1.1149979074990222
2013-08-06,1.1965919066426918,1.115194057591605
2013-08-07,1.1968239008426775,1.1154102704472861
2013-08-08,1.1967489480173288,1.1153404162681255
2013-08-09,1.1970697366416816,1.1156393833308604
2013-08-12,1.1972595885273953,1.1158163205920897
2013-08-13,1.1978957258989882,1.1164091848866533
2013-08-14,1.1983743698835716,1.1168552692403466
2013-08-15,1.1991411867594102,1.1175699236003243
2013-08-16,1.19996961806187,1.1183420010817924
2013-08-19,1.200275867478116,1.1186274179622198
2013-08-20,1.2010104343532222,1.1193120161192645
2013-08-21,1.2009710235068336,1.1192752861853135
2013-08-22,1.2007734447177765,1.1190911476413041
2013-08-23,1.2012092844349591,1.1194973394766043
2013-08-26,1.2012764867510037,1.1195599703728132
2013-08-27,1.2014058175580362,1.1196805034857864
2013-08-28,1.2010204296001974,1.1193213314421988
2013-08-29,1.2012284881352697,1.119515236850263
2013-08-30,1.201306721282269,1.1195881482080585
2013-09-02,1.202101721132224,1.120329068402767
2013-09-03,1.2026397402379876,1.1208304889006724
2013-09-04,1.202943272742634,1.1211133736866954
2013-09-05,1.2030872240486536,1.121247532743066
2013-09-06,1.203306186110627,1.1214515999684878
2013-09-09,1.2037170439135227,1.1218345092776358
2013-09-10,1.2044131964413007,1.1224833062132038
2013-09-11,1.2042187409859708,1.122302078538968
2013-09-12,1.2040001692792908,1.1220983751150235
2013-09-13,1.2039561194987018,1.1220573218091485
2013-09-17,1.2043040432325598,1.1221418915482102
2013-09-18,1.2045368290877392,1.1223587958767514
2013-09-19,1.2050029726015457,1.1227931373266993
2013-09-20,1.2045786707011341,1.122397782897898
2013-09-23,1.2056463334697227,1.1233926056965193
2013-09-24,1.2056718286682166,1.1234163615166746
2013-09-25,1.2058284696254358,1.1235623158386048
2013-09-26,1.2060937854255305,1.1238095307968612
2013-09-27,1.2046200851236846,1.1224363718727661
2013-09-30,1.2044549822300943,1.1222825329195927
2013-10-01,1.205171382260039,1.122950057444836
2013-10-02,1.205490475546769,1.1232473809873116
2013-10-03,1.2065012886149251,1.1241892325858978
2013-10-04,1.2068747017962584,1.1245371701154485
2013-10-07,1.2074546303796492,1.1250775337895438
2013-10-08,1.2073053379760608,1.1249384266752749
2013-10-09,1.2074363327266953,1.125060484471299
2013-10-10,1.2074538362251752,1.1250767938152753
2013-10-11,1.208014272685769,1.1255989951925083
2013-10-14,1.207217554778406,1.1248566323775508
2013-10-15,1.2075221922761796,1.1251404863593664
2013-10-16,1.2066274768820056,1.1243068118147548
2013-10-17,1.2066274768820056,1.1241880445142658
2013-10-18,1.2066274768820056,1.1245628979947553
2013-10-21,1.2066274768820056,1.1242333588073334
2013-10-22,1.2066274768820056,1.1243170336500794
2013-10-23,1.2066274768820056,1.1255272465573591
2013-10-24,1.2066274768820056,1.1256252661705548
2013-10-25,1.2063649915505796,1.125380401764006
2013-10-28,1.2062466414279989,1.1252699966134658
2013-10-29,1.2070713603228014,1.1260393512347255
2013-10-30,1.20720287613549,1.126162038248323
2013-10-31,1.206498019420186,1.1255044993285013
2013-11-01,1.2065735193434122,1.1255749308600267
2013-11-04,1.2067297101799808,1.1257206364363992
2013-11-05,1.2062294080737759,1.125253920152996
2013-11-06,1.2062294080737759,1.1259756708946267
2013-11-07,1.2063400348429048,1.1260789373626425
2013-11-08,1.2068801008131127,1.126583071268732
2013-11-11,1.206166920314798,1.1259173406169305
2013-11-12,1.206166920314798,1.1260714871655582
2013-11-14,1.2063826070629111,1.1265857178501162
2013-11-15,1.2051883342577983,1.1254704409242224
2013-11-18,1.2048048504646593,1.1251123228928053
2013-11-19,1.2042017089240553,1.1245490765052095
2013-11-20,1.2042017089240553,1.124843725877849
2013-11-21,1.2042017089240553,1.1249892526978411
2013-11-22,1.2042017089240553,1.1265331332579367
2013-11-25,1.2038830029016563,1.1262349831296479
2013-11-26,1.2038830029016563,1.127161258119204
2013-11-27,1.2044757025731674,1.12771618588695
2013-11-28,1.2049617558360664,1.128171263669427
2013-11-29,1.2050214909889598,1.128227191986321
2013-12-02,1.2057041919721736,1.128866385410685
2013-12-03,1.2063880919520777,1.1295067014213924
2013-12-04,1.2063940247511329,1.129512256131635
2013-12-05,1.2064824504962197,1.1295950466302482
2013-12-06,1.2063478041701936,1.129468981122322
2013-12-09,1.2067913117473783,1.1298842245948855
2013-12-10,1.2067194452632415,1.1298169380591665
2013-12-11,1.2062702093842879,1.1293963313413267
2013-12-12,1.2069592541200416,1.1300414642399395
2013-12-13,1.2074237806733552,1.1304763871792955
2013-12-16,1.2077982671823753,1.130827008197815
2013-12-17,1.2070258223265897,1.1301037901497353
2013-12-18,1.2072690454231036,1.1303315129856002
2013-12-19,1.2075335602449926,1.1305791706555837
2013-12-20,1.20713544119118,1.130206423160607
2013-12-23,1.2084102061830895,1.131399949199785
2013-12-24,1.208656178176285,1.131630245749071
2013-12-25,1.208675834078242,1.1316486490084623
2013-12-26,1.2094240934846598,1.1323492229113288
2013-12-27,1.20997564030674,1.132865620441977
2013-12-30,1.2105554196589534,1.1334084512839253
2013-12-31,1.2103536078483426,1.133219500651843
2014-01-01,1.2096532976444059,1.132563820217249
2014-01-02,1.2096355980763862,1.1325472486174264
2014-01-03,1.2095121337762862,1.1324316525208804
2014-01-06,1.2111127109495368,1.1339302271963012
2014-01-07,1.2115847890388989,1.1343722204230962
2014-01-08,1.2118826004597727,1.1346510527473548
2014-01-09,1.2125414758995743,1.1352679389961686
2014-01-13,1.2129710667802467,1.135985140178008
2014-01-14,1.2127487766451324,1.1357769585509156
2014-01-15,1.2126311911854823,1.1356668361098108
2014-01-16,1.2140580092529312,1.1370030956190023
2014-01-17,1.2147851467767194,1.137684082531643
2014-01-20,1.2148041493706854,1.1377018790520723
2014-01-21,1.2149747030252178,1.1378616078555517
2014-01-22,1.2164892039245128,1.139279985064624
2014-01-23,1.2166178614455687,1.139400476835693
2014-01-24,1.2161855939696888,1.1389956448964733
2014-01-27,1.21527461075976,1.1381424807792304
2014-01-28,1.215134975630895,1.1380117081369292
2014-01-29,1.2148686074238793,1.1377622460242105
2014-01-30,1.214745337642028,1.137646800038522
2014-01-31,1.2156616577528583,1.1385049623294927
2014-02-03,1.2154818815345203,1.138336596308091
2014-02-04,1.2156019944749477,1.138449085813575
2014-02-05,1.2150969376804224,1.1379760844129319
2014-02-06,1.2135268478648737,1.1365056464543888
2014-02-07,1.2146140848305522,1.137523877697234
2014-02-10,1.214303094415148,1.1372326254981402
2014-02-11,1.214667629655909,1.137574024091987
2014-02-12,1.2146684804982981,1.1375748209323546
2014-02-13,1.215311163975225,1.1381767140027022
2014-02-14,1.2157407682726953,1.1385790517924883
2014-02-17,1.2165262438080422,1.1393146740678786
2014-02-18,1.2162318034914956,1.1390389215512469
2014-02-19,1.217233886171092,1.1399774031559837
2014-02-20,1.2170930809209441,1.1398455346586982
2014-02-21,1.217777762908934,1.1404867606412505
2014-02-24,1.217777762908934,1.1413463544708324
2014-02-25,1.217777762908934,1.1416736158751912
2014-02-26,1.217777762908934,1.1412580053967107
2014-02-27,1.217777762908934,1.141509456482526
2014-02-28,1.2178840138757379,1.1416090530485508
2014-03-03,1.2185478879404714,1.1422313492883807
2014-03-04,1.218100639711782,1.1418121118068023
2014-03-05,1.2179569632676417,1.141677433686824
2014-03-06,1.21740739490409,1.1411622842867568
2014-03-07,1.218407419009923,1.1420996777983545
2014-03-10,1.218407419009923,1.1423219022565374
2014-03-12,1.2181191655934398,1.1423554193380476
2014-03-13,1.2181191655934398,1.1430182165263458
2014-03-14,1.2180763965307466,1.1429780843133877
2014-03-17,1.2180763965307466,1.1435722172474845
2014-03-18,1.2186119075727262,1.144074973520721
2014-03-19,1.2188482051986793,1.144296817898308
2014-03-20,1.2188482051986793,1.1442037718543134
2014-03-21,1.2188482051986793,1.1444958537638372
2014-03-24,1.2188482051986793,1.1444697376648534
2014-03-25,1.2188482051986793,1.143696347732003
2014-03-26,1.2188482051986793,1.1436976464867687
2014-03-27,1.2188482051986793,1.143728493172212
2014-03-28,1.2188482051986793,1.1441381702627418
2014-03-31,1.2188482051986793,1.1448517670868938
2014-04-01,1.2188482051986793,1.1447528742890396
2014-04-02,1.2188482051986793,1.144717859222158
2014-04-03,1.2185766695691624,1.1444628383892133
2014-04-04,1.2185766695691624,1.144997982328575
2014-04-07,1.2191703618097927,1.145555826930906
2014-04-08,1.2203656660247189,1.1466789576690346
2014-04-09,1.2210146886562816,1.1472887917666197
2014-04-10,1.2209914731099307,1.147266977994541
2014-04-11,1.222253998504598,1.1484532710408732
2014-04-14,1.2224903430863483,1.1486753449374087
2014-04-15,1.22289837037449,1.1490587351937005
2014-04-16,1.2229817154023004,1.149137047778426
2014-04-17,1.2236216633374744,1.1497383551174452
2014-04-18,1.2235597230593993,1.14968015484561
2014-04-21,1.2253916888021221,1.15140150495143
2014-04-22,1.2256163777921678,1.1516126270307199
2014-04-23,1.2271802451739953,1.1530820667808301
2014-04-24,1.2263603489194848,1.1523116765537917
2014-04-25,1.22582384405756,1.1518075663079994
2014-04-28,1.225768523600475,1.151755586146779
2014-04-29,1.225011364812894,1.1510441452454945
2014-04-30,1.2258428855858041,1.1518254580927059
2014-05-01,1.2250052562469755,1.151038405519939
2014-05-02,1.2247318141455152,1.1507814740832274
2014-05-05,1.2252825132159104,1.151298921479209
2014-05-06,1.224850401183076,1.150892900735426
2014-05-07,1.2256859154694342,1.1516779659643748
2014-05-09,1.2262395873415095,1.1529828671321931
2014-05-12,1.226549739770025,1.153274490759394
2014-05-13,1.227147192639879,1.1538362512260856
2014-05-14,1.2268788080332613,1.1535839001713435
2014-05-15,1.2272769229789797,1.1539582313512378
2014-05-16,1.2271796848134917,1.1538668022863172
2014-05-19,1.2278868172176707,1.1545316899275488
2014-05-20,1.229112199572935,1.1556838667744642
2014-05-21,1.2293807499456308,1.155936373692261
2014-05-22,1.2307011797599388,1.1571779197725407
2014-05-23,1.2310374633266261,1.1574941134388446
2014-05-26,1.23169848484919,1.158115644906422
2014-05-27,1.2304136057814965,1.1569075257373131
2014-05-28,1.2302289053623814,1.1567338594970529
2014-05-29,1.230526163679002,1.1570133593188774
2014-05-30,1.2300103826352253,1.1565283915256297
2014-06-02,1.2304367528312852,1.1569292899603136
2014-06-03,1.230420850545019,1.1569143376917663
2014-06-04,1.230634318339986,1.1571150527174614
2014-06-05,1.2303934220217039,1.1568885477745434
2014-06-06,1.2300626599869122,1.1565775457785636
2014-06-09,1.2302687946845636,1.156771365793157
2014-06-10,1.23012929469359,1.1566401996644349
2014-06-11,1.2314615960873092,1.1578929081046712
2014-06-12,1.2325238171030515,1.1588916710258013
2014-06-13,1.2331104291622768,1.1594432383222104
2014-06-16,1.2327791792959149,1.1591317776381829
2014-06-17,1.2338269771276877,1.1601169790300834
2014-06-18,1.2326150143124317,1.1589774200270822
2014-06-19,1.231979125132436,1.1583795194720043
2014-06-20,1.2326209694115344,1.1589830193628958
2014-06-23,1.2329944289487498,1.1593341680718605
2014-06-24,1.2333569806949813,1.159675060631658
2014-06-25,1.2343739831553049,1.1606313063969138
2014-06-26,1.235008963809869,1.161228352702734
2014-06-27,1.2351749981732771,1.1613844680152237
2014-06-30,1.2359618060507467,1.1621242712411282
2014-07-01,1.2360041235091956,1.162164060614327
2014-07-02,1.236569619023916,1.162695772888701
2014-07-03,1.2377011221792413,1.1637596789684457
2014-07-04,1.2385290287151094,1.164538125579774
2014-07-08,1.237137983267646,1.1634677267316225
2014-07-09,1.2373974634577045,1.1637117551512026
2014-07-10,1.238391559238881,1.1646466535815492
2014-07-11,1.2385349740301967,1.164781528173946
2014-07-14,1.2395951553193247,1.1657785767902427
2014-07-15,1.2391267591839439,1.1653380731486018
2014-07-16,1.2397187794041986,1.165894839191804
2014-07-17,1.2398708978861497,1.1660378991792777
2014-07-18,1.239764428114475,1.1659377695697342
2014-07-21,1.2406542636155304,1.166774616309209
2014-07-22,1.2419923114072917,1.1680329847722215
2014-07-23,1.2425322749756023,1.1685407940819645
2014-07-24,1.2414556876248128,1.1675283163676011
2014-07-25,1.2421444057523678,1.1681760220601456
2014-07-28,1.243910359714908,1.169836815334702
2014-07-29,1.2438447190759452,1.1697750835262635
2014-07-30,1.2431445281563027,1.1691165882342487
2014-07-31,1.2428158344038047,1.1688074678465619
2014-08-01,1.2427376156589847,1.168733906945147
2014-08-04,1.243209130952707,1.1691773440025535
2014-08-05,1.2425631055788322,1.1685697887554276
2014-08-06,1.2438552287974332,1.1697849674049685
2014-08-07,1.2441656363142128,1.1700768904829053
2014-08-08,1.2435841167726354,1.1695299998140876
2014-08-11,1.2433308003169947,1.1692917680850694
2014-08-12,1.243640313369826,1.1695828499634386
2014-08-13,1.2438084079560867,1.1697409346951322
2014-08-14,1.2453015127091531,1.1711451266416393
2014-08-15,1.2455656016231818,1.1713934893405586
2014-08-18,1.2450079212666438,1.1708690182585615
2014-08-19,1.2456608513167735,1.1714830670157848
2014-08-20,1.2458272275949653,1.1716395357628346
2014-08-21,1.2456797186894413,1.1715008108563942
2014-08-22,1.2458568436653314,1.1716673882275797
2014-08-25,1.2457222085768143,1.1715407705159793
2014-08-26,1.246076194877916,1.1718736773077902
2014-08-27,1.2462830738772903,1.1720682368818767
2014-08-28,1.2460498896900043,1.1718489385659565
2014-08-29,1.2462665442940801,1.1720526916178386
2014-09-01,1.2465332880964024,1.1723035511092657
2014-09-02,1.2465344145670543,1.1723046104997834
2014-09-04,1.247697173453688,1.17284002728136
2014-09-05,1.2469995696931127,1.1721842771274025
2014-09-08,1.2469995696931127,1.1727257307636239
2014-09-09,1.2469995696931127,1.1730303541672178
2014-09-10,1.2469995696931127,1.1723037819943378
2014-09-11,1.2469995696931127,1.1734109797558525
2014-09-12,1.2469995696931127,1.1740655227970342
2014-09-15,1.2469995696931127,1.1741918491252166
2014-09-16,1.2469995696931127,1.1745119201817837
2014-09-17,1.2459696417672994,1.1735418616066284
2014-09-18,1.2459696417672994,1.1740552489923632
2014-09-19,1.2459696417672994,1.1743822586270034
2014-09-22,1.2459426208176836,1.1743567901703282
2014-09-23,1.2459426208176836,1.1749683109549276
2014-09-24,1.2464355416281043,1.1754331528524418
2014-09-25,1.2464355416281043,1.1754642876092019
2014-09-26,1.2464355416281043,1.1756882259831425
2014-09-29,1.2464476051718207,1.175699604803657
2014-09-30,1.2466901227709917,1.1759283571750523
2014-10-01,1.2476876781348318,1.1768692915891186
2014-10-02,1.2475483074409905,1.176737831534969
2014-10-03,1.2467207128127722,1.1759572109350362
2014-10-06,1.247087422270211,1.1763031060712614
2014-10-07,1.2471225508481938,1.1763362407614644
2014-10-08,1.2472813715657136,1.176486046861655
2014-10-09,1.2476782643344684,1.1768604121133015
2014-10-10,1.2466016461651186,1.1758449024753697
2014-10-13,1.24719623639341,1.176405743936753
2014-10-14,1.246489192100741,1.175738831270693
2014-10-15,1.247290557457296,1.1764947113647262
2014-10-16,1.2469264515710272,1.1761512720217353
2014-10-17,1.2469770038903427,1.1761989550062384
2014-10-20,1.2469770038903427,1.1765152079416992
2014-10-21,1.2469770038903427,1.176930963827844
2014-10-22,1.2469770038903427,1.1776676175449308
2014-10-23,1.2469770038903427,1.1775332306829982
2014-10-24,1.2469770038903427,1.178030532132225
2014-10-27,1.2469770038903427,1.1792613856674485
2014-10-28,1.2469770038903427,1.1802101806736371
2014-10-29,1.24727955505988,1.1804965323620396
2014-10-30,1.2472972517959118,1.1805132815626778
2014-11-03,1.2467621812019556,1.1798472559256028
2014-11-04,1.2480431936436118,1.1810595151975656
2014-11-05,1.2485252587802165,1.1815157074346865
2014-11-06,1.2496018862651603,1.1825345512871206
2014-11-07,1.2493569006147045,1.1823027142521274
2014-11-10,1.249891208719606,1.1828083455271945
2014-11-11,1.249501581963983,1.18243963041425
2014-11-12,1.25003647726755,1.1829458173724656
2014-11-13,1.2497063498893108,1.1826334082481
2014-11-14,1.249976272050508,1.1828888434273217
2014-11-17,1.2494321256665442,1.1823739019030906
2014-11-18,1.2497595577004421,1.1826837603448377
2014-11-19,1.2498820904721757,1.1827997166648725
2014-11-20,1.2507660416344455,1.1836362253181676
2014-11-21,1.251124996013941,1.1839759142709092
2014-11-24,1.2503798177738452,1.1832707304635972
2014-11-25,1.2503798177738452,1.1830298984546201
2014-11-26,1.2503798177738452,1.1834033102350556
2014-11-27,1.2503798177738452,1.1835876096060405
2014-11-28,1.2503798177738452,1.1846994638403432
2014-12-01,1.2508743912163065,1.1851680581696702
2014-12-02,1.2513611140123764,1.1856292142338887
2014-12-03,1.2530502107425292,1.1872295855467823
2014-12-04,1.253699771318943,1.1878450257959534
2014-12-05,1.2541010307575602,1.1882252077494952
2014-12-08,1.2544941585108897,1.1885976851615343
2014-12-09,1.255382979354838,1.1894398177378183
2014-12-10,1.2552350425077965,1.1892996517651426
2014-12-11,1.255490245572381,1.1895414494409255
2014-12-12,1.25563433293393,1.1896779681351226
2014-12-15,1.2562481996638257,1.190259589475646
2014-12-16,1.2561490844165313,1.190165680585996
2014-12-17,1.255970038198198,1.189996039365107
2014-12-18,1.2562772650288097,1.1902871280857734
2014-12-19,1.2569690559002256,1.1909425803434044
2014-12-22,1.2570134735691907,1.190984664826743
2014-12-23,1.2577326709680419,1.1916660839929059
2014-12-24,1.2584192033200503,1.192316553952331
2014-12-25,1.2581346841683705,1.1920469801143212
2014-12-26,1.2593732855885464,1.1932205198800276
2014-12-29,1.2588179823282213,1.1926943857682764
2014-12-31,1.2594613813521305,1.193581197211637
2015-01-01,1.2596073501661151,1.1937195306566566
2015-01-02,1.2596073501661151,1.1943621338446997
2015-01-05,1.2602638789229268,1.1949846556859802
2015-01-06,1.2592623198619854,1.1940349754407515
2015-01-07,1.2595855243541803,1.1943414385674673
2015-01-08,1.2595036795548809,1.194263833169942
2015-01-09,1.2590742260778662,1.1938566245496314
2015-01-12,1.260135043699482,1.1948624938770898
2015-01-13,1.260298087699594,1.1950170925144021
2015-01-14,1.260993770320113,1.1956767401252328
2015-01-15,1.2604996023639747,1.195208169110231
2015-01-16,1.2621095861953053,1.1967347589034627
2015-01-19,1.2625108660846205,1.1971152532732425
2015-01-20,1.262727454555889,1.197320622882015
2015-01-21,1.2626271391125954,1.1972255035840098
2015-01-22,1.2627735392918777,1.1973643205181121
2015-01-23,1.2636775482442903,1.1982215035611261
2015-01-26,1.2641727626783608,1.198691066848534
2015-01-27,1.2640723737053985,1.1985958778295545
2015-01-28,1.2650632569711693,1.1995354352650847
2015-01-29,1.2647029634011613,1.1991938042028107
2015-01-30,1.264564522216387,1.199062534002746
2015-02-02,1.266194342082244,1.2006079323624101
2015-02-03,1.26666239334513,1.2010517394781877
2015-02-04,1.2668949549509876,1.2012722548441752
2015-02-05,1.2677522305601345,1.202085125240413
2015-02-06,1.2682232491807908,1.2025317460105867
2015-02-09,1.268007540596218,1.2023272107120866
2015-02-10,1.267075802950428,1.2014437352682015
2015-02-11,1.2670331581698706,1.2014032994045196
2015-02-12,1.2673403597434405,1.2016945885327395
2015-02-13,1.2672829141024968,1.2016401184645165
2015-02-16,1.2672829141024968,1.2018481249686523
2015-02-17,1.2672829141024968,1.2025245412085117
2015-02-18,1.2679415803356635,1.203149549484907
2015-02-19,1.2685685130937856,1.2037444458722406
2015-02-20,1.2684778922778308,1.2036584557954255
2015-02-23,1.268023491297432,1.2032272747825687
2015-02-24,1.267758264831697,1.2029756014344355
2015-02-25,1.2676311059214806,1.202854940366203
2015-02-27,1.267256375181121,1.202704896856858
2015-03-02,1.2681656967428194,1.2035678994161594
2015-03-03,1.2673657897991588,1.2028087381154062
2015-03-04,1.2677300076393416,1.2031544034349813
2015-03-05,1.268331492849269,1.20372525020406
2015-03-06,1.269055799738093,1.2044126623639644
2015-03-09,1.2688099188642694,1.2041793061648696
2015-03-10,1.2682143731005007,1.2036140962985673
2015-03-11,1.2680310351934647,1.2034400972539463
2015-03-12,1.2676355363719434,1.2030647443429956
2015-03-13,1.2680447593888018,1.2034531223665126
2015-03-16,1.2686072934548396,1.203987002084242
2015-03-17,1.2691694638625448,1.2045205366676592
2015-03-18,1.2696815092796059,1.2050064995261411
2015-03-19,1.2691489417901949,1.204501059948195
2015-03-20,1.269782408736152,1.2051022593683127
2015-03-23,1.2692232225724565,1.204571557017547
2015-03-24,1.2685780623144578,1.203959259919068
2015-03-25,1.2685780623144578,1.2028671686327843
2015-03-26,1.2685780623144578,1.2035301659162634
2015-03-27,1.2685780623144578,1.2032988604822927
2015-03-30,1.2685780623144578,1.2030372901941992
2015-03-31,1.2685780623144578,1.2036400244633512
2015-04-01,1.2685780623144578,1.204936559693688
2015-04-02,1.2685780623144578,1.2061686831137597
2015-04-03,1.2685780623144578,1.2055168799379132
2015-04-06,1.2685780623144578,1.2063525633278915
2015-04-07,1.2685780623144578,1.2062783750762642
2015-04-08,1.2685780623144578,1.206498918821791
2015-04-09,1.2685780623144578,1.2068413842768504
2015-04-10,1.2685780623144578,1.2072297723765661
2015-04-13,1.2685780623144578,1.2067489436340901
2015-04-14,1.2685780623144578,1.2059468113499918
2015-04-15,1.2685780623144578,1.2068324880602992
2015-04-16,1.2685780623144578,1.2071924852142097
2015-04-17,1.2685780623144578,1.2079201142052483
2015-04-20,1.2685780623144578,1.2075141532199127
2015-04-21,1.2685780623144578,1.2070978903089573
2015-04-22,1.2685780623144578,1.2066548780537747
2015-04-23,1.2685780623144578,1.2061562223447577
2015-04-24,1.2685780623144578,1.2071534092255762
2015-04-28,1.2685780623144578,1.2058454858329855
2015-04-29,1.2685780623144578,1.2055995178597636
2015-04-30,1.2685780623144578,1.2049028068306809
2015-05-01,1.2685780623144578,1.206055570529156
2015-05-04,1.2685780623144578,1.2067985196834319
2015-05-05,1.2685780623144578,1.2077020357360908
2015-05-06,1.2685780623144578,1.2080455289100982
2015-05-07,1.2685780623144578,1.2090733932202635
2015-05-08,1.2685780623144578,1.2090085998087616
2015-05-11,1.2685780623144578,1.2090054237335373
2015-05-12,1.2685780623144578,1.2090504230630754
2015-05-13,1.2685780623144578,1.209411522119815
2015-05-14,1.2685780623144578,1.2105083502729517
2015-05-15,1.2685780623144578,1.211277223070799
2015-05-18,1.2685780623144578,1.2108560511776694
2015-05-19,1.2685780623144578,1.210714202994226
2015-05-20,1.2685780623144578,1.2109258768157196
2015-05-21,1.2685780623144578,1.211336409394122
2015-05-22,1.2685780623144578,1.212919441457661
2015-05-25,1.2685780623144578,1.21337584088827
2015-05-26,1.2685780623144578,1.2125418745005212
2015-05-27,1.2685780623144578,1.213421784636567
2015-05-28,1.2685780623144578,1.2131354958934297
2015-05-29,1.2685780623144578,1.2129912875054794
2015-06-01,1.2685780623144578,1.2135411673616905
2015-06-02,1.2685780623144578,1.2134248853949916
2015-06-03,1.268232286185618,1.2130941423591675
2015-06-04,1.268232286185618,1.2136743748006689
2015-06-05,1.268232286185618,1.2125449568619167
2015-06-08,1.268232286185618,1.2138503581119742
2015-06-09,1.268232286185618,1.2138995473452077
2015-06-10,1.268232286185618,1.2142402149583817
2015-06-11,1.268232286185618,1.2146225717125536
2015-06-12,1.268232286185618,1.2148434417388938
2015-06-15,1.268232286185618,1.2155914443027525
2015-06-16,1.268232286185618,1.2153223104723478
2015-06-17,1.268232286185618,1.2168088548544893
2015-06-18,1.2682362730257632,1.216812680038917
2015-06-19,1.268246394079444,1.2168223907109077
2015-06-22,1.2680162396244061,1.216601568404202
2015-06-23,1.2680162396244061,1.2168072821963987
2015-06-25,1.2680162396244061,1.2170641325054343
2015-06-26,1.2680162396244061,1.2178450508700478
2015-06-29,1.2680162396244061,1.2186413427730476
2015-06-30,1.2680162396244061,1.2177758463385564
2015-07-01,1.2680162396244061,1.217474365101179
2015-07-02,1.2680162396244061,1.2183326696699062
2015-07-03,1.2680162396244061,1.2181647523922399
2015-07-06,1.2680162396244061,1.21871264383975
2015-07-07,1.2680162396244061,1.2184960381243655
2015-07-08,1.2680162396244061,1.218428238969554
2015-07-09,1.2680162396244061,1.217922179413527
2015-07-10,1.2680162396244061,1.21897979015467
2015-07-13,1.2680162396244061,1.2195849946516994
2015-07-14,1.2680162396244061,1.2202150549898931
2015-07-15,1.2680162396244061,1.2203844362400964
2015-07-16,1.2680162396244061,1.220515470722428
2015-07-17,1.2680162396244061,1.2214572253327667
2015-07-20,1.2680162396244061,1.2212531363976142
2015-07-21,1.2680162396244061,1.2213144509423914
2015-07-22,1.2680162396244061,1.222405170748726
2015-07-23,1.2680162396244061,1.2223660360759818
2015-07-24,1.2680162396244061,1.2221131195931394
2015-07-27,1.2680162396244061,1.2226311650959083
2015-07-28,1.2680162396244061,1.22269805979365
2015-07-29,1.2680162396244061,1.2226565232079372
2015-07-30,1.2680162396244061,1.2233401026691837
2015-07-31,1.2685853980086979,1.2238892078419068
2015-08-03,1.2704983230141433,1.2257347345784204
2015-08-04,1.2710234954776753,1.2262414035905196
2015-08-05,1.2710234954776753,1.2274965674109344
2015-08-06,1.2706482202390859,1.2271341436879726
2015-08-07,1.2706257439690096,1.227112437130647
2015-08-10,1.2706257439690096,1.2269952789000347
2015-08-11,1.2706257439690096,1.227309219537674
2015-08-12,1.2706361502864219,1.2273192710964136
2015-08-13,1.270162308944565,1.2268615833388505
2015-08-14,1.2721907633519474,1.2288208863101688
2015-08-17,1.2716098761536516,1.22825980196463
2015-08-18,1.2714468335417592,1.2281023175899408
2015-08-19,1.2723841809842946,1.2290077101995225
2015-08-20,1.2729253461755197,1.2295304266891227
2015-08-24,1.2735821582033928,1.2292431376343265
2015-08-25,1.274450965500053,1.2300816979113114
2015-08-26,1.2734997580323257,1.2291636061771904
2015-08-27,1.272963352808706,1.2286458755888037
2015-08-28,1.2734393653382985,1.229105316019608
2015-08-31,1.2735944362188294,1.2292549881978116
2015-09-01,1.273985905621319,1.2296328288212097
2015-09-02,1.273965534553537,1.22961316696028
2015-09-03,1.2737866555086734,1.229440515485109
2015-09-04,1.2739093994061554,1.2295589861253378
2015-09-07,1.2741980612363748,1.2298375983621759
2015-09-08,1.273633904514749,1.2292930824280117
2015-09-09,1.2741333969502515,1.2297751853254864
2015-09-10,1.275444287851579,1.2310404383240972
2015-09-11,1.275732056550733,1.2313181885237074
2015-09-14,1.2749723298778644,1.230584911292171
2015-09-15,1.276412878172606,1.231975307737611
2015-09-16,1.2769556147598897,1.232499149266926
2015-09-17,1.2769095735848894,1.2324547109885995
2015-09-18,1.276871068805108,1.2324175467302847
2015-09-21,1.2775182052637155,1.2330421535102498
2015-09-22,1.2774532614758327,1.2329794707024915
2015-09-23,1.2764808215531247,1.2320408857089353
2015-09-24,1.2769114370385046,1.232456509567163
2015-09-25,1.2778283315887393,1.2333414829680154
2015-09-28,1.278699927103106,1.2341827343925325
2015-09-29,1.2787273599741495,1.234209212204159
2015-09-30,1.2781665619272968,1.2336679380144635
2015-10-01,1.2781058033753383,1.2336092947360802
2015-10-02,1.2782054820761561,1.2337055031810236
2015-10-05,1.2789630381536623,1.23443668538521
2015-10-06,1.2800370333584252,1.2354732900728647
2015-10-07,1.2797992926127308,1.2352438261326715
2015-10-08,1.279046728552093,1.2345174621511956
2015-10-09,1.2798408778877126,1.2352839636405415
2015-10-12,1.2793483791420506,1.2348086109516716
2015-10-13,1.279137318836919,1.2346048985880531
2015-10-14,1.2785010694179177,1.2339907998217556
2015-10-15,1.2796315391113866,1.2350819128717063
2015-10-16,1.2804668127593992,1.2358881069544774
2015-10-19,1.2802159440695116,1.235645972111817
2015-10-21,1.2793678036008629,1.234531615231128
2015-10-22,1.2791707980012716,1.234341513807293
2015-10-23,1.2798383770984374,1.234985697206937
2015-10-26,1.2807486036624431,1.2358640243518955
2015-10-27,1.2803455437972615,1.2354750899539866
2015-10-28,1.2814911751483642,1.236580571988438
2015-10-29,1.2804655066514161,1.2355908486401834
2015-10-30,1.281366142021508,1.2364599207201938
2015-11-02,1.2812404890444697,1.2363386713247777
2015-11-03,1.281235135527766,1.236333505425179
2015-11-04,1.2816223523455728,1.2367071520045176
2015-11-05,1.282635603169705,1.2376848928645188
2015-11-06,1.2830947464753872,1.2381279452261549
2015-11-09,1.2832616693946035,1.2382890182346353
2015-11-10,1.2836147240648415,1.2386296998987252
2015-11-11,1.2843815496410222,1.2393696516268353
2015-11-12,1.2844642260483943,1.2394494305914514
2015-11-13,1.2847940443525634,1.2397676902214285
2015-11-16,1.2859898874456326,1.2409216242981613
2015-11-17,1.2857245782188773,1.2406656129874811
2015-11-18,1.2866705998352588,1.2415784807263972
2015-11-19,1.2872945016730957,1.242180517561655
2015-11-20,1.2881223759306,1.2429793784845644
2015-11-23,1.289147991196948,1.243969050467716
2015-11-24,1.2901528299427425,1.2449386740555548
2015-11-25,1.2910327282639984,1.24578773582866
2015-11-26,1.2901221953295583,1.2449091130501972
2015-11-27,1.290710624269278,1.2454769201556726
2015-11-30,1.2906077960894466,1.245377695649177
2015-12-01,1.291080942682076,1.245834260544429
2015-12-02,1.2911331946990365,1.2458846813590811
2015-12-03,1.2912610008089747,1.2460080084296032
2015-12-04,1.2921182104541036,1.2468351766644252
2015-12-07,1.2914375131106839,1.246178334755093
2015-12-08,1.2902508586711692,1.2450332673102096
2015-12-09,1.2912449774111903,1.2459925465811086
2015-12-10,1.2920605050854361,1.246779493613947
2015-12-11,1.292114850080716,1.2468319340572767
2015-12-14,1.2929123070148185,1.2476014436495642
2015-12-15,1.2927027321218305,1.2473992134305263
2015-12-16,1.2934479352842985,1.2481183005149812
2015-12-18,1.2931260619848186,1.2467002863805516
2015-12-21,1.2931260619848186,1.2464008618339901
2015-12-22,1.2931260619848186,1.2457264051992203
2015-12-23,1.2931260619848186,1.2452598304076767
2015-12-24,1.2931260619848186,1.2460025587163575
2015-12-25,1.2931260619848186,1.2465613787232441
2015-12-28,1.2931260619848186,1.2469682256922703
2015-12-29,1.2931260619848186,1.2468732623927843
2015-12-30,1.2931260619848186,1.2469908401344019
2015-12-31,1.2931260619848186,1.2481857788009978
2016-01-01,1.2931260619848186,1.248711106675892
2016-01-04,1.2931260619848186,1.2489965822089484
2016-01-05,1.2931260619848186,1.2490773231401504
2016-01-06,1.2931260619848186,1.2482974776795146
2016-01-07,1.2931260619848186,1.2496498917645082
2016-01-08,1.2931260619848186,1.2492694940913815
2016-01-11,1.2931260619848186,1.248530750848405
2016-01-12,1.2931260619848186,1.2474653060742569
2016-01-13,1.2931260619848186,1.2481715328604421
2016-01-14,1.2931260619848186,1.2484923763143538
2016-01-15,1.2931260619848186,1.2481381556678708
2016-01-18,1.2931260619848186,1.2483842490472734
2016-01-19,1.2935891970073836,1.2488313597229836
2016-01-20,1.2935891970073836,1.2491846651652745
2016-01-21,1.2951352077800011,1.2506776066290728
2016-01-22,1.295177447429314,1.2507183963344182
2016-01-25,1.2954493129367555,1.2509809296206182
2016-01-26,1.2962990044056328,1.2518014540618387
2016-01-27,1.2959904571759713,1.2515034982125905
2016-01-28,1.296928701761691,1.2524095360423488
2016-01-29,1.2973924193887971,1.2528573358153277
2016-02-01,1.2966996087168912,1.2521883069851474
2016-02-02,1.2966996087168912,1.2531456964320775
2016-02-03,1.2974591470762213,1.2538797232027121
2016-02-04,1.297928356111786,1.2543331723128164
2016-02-05,1.2978681682493913,1.2542750060573242
2016-02-08,1.2983327575601329,1.2547239906112257
2016-02-09,1.2999262587285225,1.25626396881281
2016-02-10,1.2999788315018352,1.256314775756981
2016-02-11,1.300850373000518,1.2571570436739252
2016-02-12,1.3010961218646189,1.2573945382558476
2016-02-16,1.3007090441515372,1.2567558180922476
2016-02-17,1.3019911090563887,1.257994559789008
2016-02-18,1.3015338197415856,1.2575527230773205
2016-02-19,1.301304319050244,1.2573309776144157
2016-02-22,1.3007381888459153,1.2567839779365961
2016-02-23,1.3010474996342491,1.2570828365741868
2016-02-24,1.3010474996342491,1.2571777077043316
2016-02-25,1.3010474996342491,1.2573046292594618
2016-02-26,1.3010474996342491,1.2569724743724215
2016-02-29,1.3010474996342491,1.2572637992097224
2016-03-01,1.3010474996342491,1.2580306512325374
2016-03-02,1.3010474996342491,1.25725751153194
2016-03-03,1.3010474996342491,1.257369575961345
2016-03-04,1.3010474996342491,1.2574804376714703
2016-03-07,1.3010474996342491,1.2586412673593037
2016-03-08,1.3010474996342491,1.2595900666689606
2016-03-09,1.3010474996342491,1.2595023878302816
2016-03-10,1.3010474996342491,1.259454689260587
2016-03-11,1.301503457159369,1.2598960704117572
2016-03-14,1.3014776456512493,1.2598710840642584
2016-03-15,1.3014776456512493,1.2593811122895346
2016-03-16,1.3014776456512493,1.259485074294597
2016-03-17,1.3014776456512493,1.2603754998716676
2016-03-18,1.3014776456512493,1.260530569829853
2016-03-21,1.3027839898573548,1.261795813848464
2016-03-22,1.3031320505158948,1.262132923826273
2016-03-23,1.3034304714835176,1.262421955876592
2016-03-24,1.3034853946270593,1.2624751510287764
2016-03-25,1.304491028599002,1.2634491457554078
2016-03-28,1.305146436038336,1.2640839327728683
2016-03-29,1.3055221122737413,1.2644477894865578
2016-03-30,1.307149556271085,1.266024030858196
2016-03-31,1.3060230012740726,1.2649329195224972
2016-04-01,1.3055829985991656,1.2645067602070603
2016-04-04,1.3052984162235286,1.2642311313590937
2016-04-05,1.305599920462247,1.2645231496746658
2016-04-06,1.3068914497090116,1.2657740448420287
2016-04-07,1.3060572834131727,1.2649661230773024
2016-04-08,1.3051756230445284,1.264112201497783
2016-04-11,1.3056031908112389,1.2645263171319725
2016-04-12,1.3055190207147471,1.2644447951941598
2016-04-14,1.3068139114050905,1.2659930775934554
2016-04-15,1.307520718728987,1.2666778064377353
2016-04-18,1.307376843246535,1.2665384251813605
2016-04-19,1.3075709614917168,1.2667264797716047
2016-04-20,1.3075689917753694,1.2667245715831177
2016-04-21,1.3074265310506836,1.2665865608918423
2016-04-22,1.307882683597609,1.267028464640872
2016-04-25,1.3082630939761415,1.2673969921731119
2016-04-26,1.3091715870819205,1.2682771067578433
2016-04-27,1.3101499000165422,1.269224860215426
2016-04-28,1.3108963424611908,1.269947986101598
2016-04-29,1.3102215844669687,1.2692943054648367
2016-05-02,1.3115483081326031,1.2705795863773783
2016-05-03,1.3112191473151489,1.270260707528083
2016-05-04,1.3103909921185442,1.269458421344163
2016-05-05,1.3112569382441863,1.270297317985119
2016-05-06,1.3128639728284568,1.2718541537682275
2016-05-09,1.3132340899140238,1.2722127095382094
2016-05-10,1.3133449457953392,1.27232010262389
2016-05-11,1.313852477331434,1.272811780441021
2016-05-12,1.3143875182846418,1.2733301083659678
2016-05-13,1.3126192789042381,1.2716171033270849
2016-05-16,1.3122672733132488,1.2712760933044815
2016-05-17,1.3131477157631068,1.2721290334492197
2016-05-18,1.313768608274995,1.2727305311950883
2016-05-19,1.3137988873852093,1.2727598644793396
2016-05-20,1.3138208794344368,1.272781169564816
2016-05-23,1.313496402952978,1.272466828727315
2016-05-24,1.3137223174447963,1.2726856863475728
2016-05-25,1.3132378760023786,1.2722163773608475
2016-05-26,1.312251786879618,1.2712610906192463
2016-05-27,1.3122402905261057,1.2712499533763404
2016-05-30,1.3126439067397118,1.2716409618649784
2016-05-31,1.3132839144615425,1.2722609777206197
2016-06-01,1.3136834931032397,1.2726480747586357
2016-06-02,1.3135851690962932,1.2725528220902418
2016-06-03,1.313895284565625,1.2728532505093169
2016-06-06,1.3144669636649942,1.2734070721178026
2016-06-07,1.31497735680471,1.2739015221508887
2016-06-08,1.3150945651264416,1.27401506924635
2016-06-09,1.3162051930623286,1.2750910045928778
2016-06-13,1.3163805358252834,1.2751925671881965
2016-06-14,1.3162890216057745,1.2751039163388913
2016-06-15,1.3166285533992181,1.2754328245896136
2016-06-16,1.3163683497564374,1.2751807624068334
2016-06-17,1.3171093055983996,1.2758985346289002
2016-06-20,1.3160519335244478,1.2748742464593625
2016-06-21,1.3173153577622005,1.2760981396675508
2016-06-22,1.3171373936005186,1.2759257437911105
2016-06-23,1.3172515204466586,1.2760362997450718
2016-06-24,1.3175953485565342,1.2763693698856362
2016-06-27,1.3180831284676224,1.2768418877481504
2016-06-28,1.3176221089854707,1.2763952930128368
2016-06-29,1.318833330217677,1.2775686165849311
2016-06-30,1.318661863777871,1.2774025151244401
2016-07-01,1.320129516570635,1.2788242468210216
2016-07-04,1.3205208516942692,1.2792033375378447
2016-07-05,1.3197393746832737,1.278446312005539
2016-07-06,1.3207868158446319,1.279460979988831
2016-07-07,1.3220479611047466,1.2806826655258592
2016-07-08,1.3222660269358766,1.280893908338592
2016-07-11,1.3209568414774557,1.2796256857234631
2016-07-12,1.3222513828946696,1.2808797224918764
2016-07-13,1.32312901566413,1.2817298951842544
2016-07-14,1.3223859666366087,1.281010095269895
2016-07-15,1.3216862606430608,1.280332282237944
2016-07-18,1.3221210567349138,1.2807534740813997
2016-07-19,1.3231421437217457,1.281742612480688
2016-07-20,1.321818363554717,1.2804602518078847
2016-07-21,1.3211872341579283,1.2798488696932027
2016-07-22,1.3216918612571786,1.280337707615561
2016-07-25,1.3226806944442886,1.281295601397849
2016-07-26,1.323356682472258,1.281950438570927
2016-07-27,1.3243044376367132,1.2828685396126367
2016-07-28,1.3241115650262312,1.282681701754884
2016-07-29,1.3242992294096954,1.2828634943447976
2016-08-01,1.3244502166653387,1.2830097573902444
2016-08-02,1.3257852969975163,1.284303064659578
2016-08-03,1.325171778514229,1.2837087424340294
2016-08-04,1.3255934797988507,1.2841172491910715
2016-08-05,1.3253991984005729,1.2839290466248041
2016-08-08,1.3250384139882045,1.2835795507241214
2016-08-10,1.32539366107814,1.2850896884363656
2016-08-11,1.3263767700059181,1.286042901947791
2016-08-12,1.3274556084250766,1.2870889339069462
2016-08-15,1.3269585940841806,1.2866070333039428
2016-08-16,1.325728636883024,1.285414477942588
2016-08-17,1.3274876904279262,1.287120040326312
2016-08-18,1.3284271494071163,1.2880309312429656
2016-08-19,1.3286776549077348,1.2882738191072998
2016-08-22,1.3291861163210246,1.2887668186880092
2016-08-23,1.3294433908400356,1.2890162697312635
2016-08-24,1.3310702176344822,1.2905936262554487
2016-08-25,1.331321201136321,1.2908369775854365
2016-08-26,1.33215779573823,1.2916481321336184
2016-08-29,1.3337384559235994,1.2931807259318169
2016-08-30,1.3328061053202176,1.2922767272319597
2016-08-31,1.3325042735766475,1.29198407390737
2016-09-01,1.332288947003967,1.2917752952129156
2016-09-02,1.3325860346410434,1.292063348694821
2016-09-05,1.3322881255768486,1.291774498764622
2016-09-06,1.3322748898119599,1.2917616654868747
2016-09-07,1.3323520530423865,1.2918364822561559
2016-09-08,1.332758998679869,1.292231053060167
2016-09-09,1.3322322429200355,1.291720315446758
2016-09-12,1.3325641514601978,1.2920421309608894
2016-09-13,1.332824730123302,1.2922947856723277
2016-09-14,1.3339767832038185,1.293411805903961
2016-09-15,1.334373127261798,1.2937960975125145
2016-09-16,1.3349414853134738,1.2943471723312623
2016-09-19,1.335322788886318,1.2947168808216645
2016-09-20,1.3359244406521016,1.2953002369240387
2016-09-21,1.3366698920435194,1.2960230198408984
2016-09-22,1.335737122786685,1.295118615218446
2016-09-23,1.3357354382103603,1.2951169818685004
2016-09-26,1.3357354382103603,1.2943494213522226
2016-09-27,1.3357354382103603,1.2954291638078872
2016-09-28,1.3357354382103603,1.2955330676095886
2016-09-29,1.3357354382103603,1.2963513227363013
2016-09-30,1.3357354382103603,1.297136018441265
2016-10-03,1.3357354382103603,1.2978384681094186
2016-10-04,1.3357354382103603,1.297616514084717
2016-10-05,1.3364849404958272,1.2983446272388226
2016-10-07,1.3360124386663876,1.2977142582064125
2016-10-10,1.3351780176648376,1.296903756747205
2016-10-11,1.3351780176648376,1.297879449208273
2016-10-12,1.3351780176648376,1.2969978827491393
2016-10-13,1.3351780176648376,1.296786310500859
2016-10-14,1.3351780176648376,1.2980864719146916
2016-10-17,1.3351780176648376,1.2980537405163195
2016-10-18,1.3351780176648376,1.2980211120416307
2016-10-19,1.3351780176648376,1.2992561105347686
2016-10-20,1.3351780176648376,1.3002777831686594
2016-10-21,1.3351780176648376,1.3007511870192985
2016-10-24,1.3351780176648376,1.2993327292876433
2016-10-25,1.3351780176648376,1.2996361687894058
2016-10-26,1.3351780176648376,1.2990362572024554
2016-10-27,1.3351780176648376,1.2995781946321772
2016-10-28,1.3351780176648376,1.299880328086004
2016-10-31,1.3351780176648376,1.2993462302562482
2016-11-01,1.3351780176648376,1.3002677849732864
2016-11-02,1.3351780176648376,1.3005001052923995
2016-11-03,1.3351780176648376,1.3012850416914301
2016-11-04,1.3351780176648376,1.3013832738477085
2016-11-07,1.3351780176648376,1.3020432161218336
2016-11-08,1.3351780176648376,1.3021774669002188
2016-11-09,1.3351780176648376,1.3019678950222888
2016-11-10,1.3351780176648376,1.3017020730081788
2016-11-11,1.3351780176648376,1.30289964527134
2016-11-14,1.3351780176648376,1.3030240209282848
2016-11-15,1.3345568938157493,1.3024178550952457
2016-11-16,1.334170102140128,1.3020403782062004
2016-11-17,1.334170102140128,1.3031471997289428
2016-11-18,1.334170102140128,1.3029555360388037
2016-11-21,1.334170102140128,1.3045516303433995
2016-11-22,1.3345755911444643,1.3049481175235909
2016-11-23,1.3334629615664355,1.303860188235071
2016-11-24,1.3344101177566166,1.3047863176319963
2016-11-25,1.3344101177566166,1.3052356826342002
2016-11-28,1.334188620137167,1.3050190276548375
2016-11-29,1.3355884688434734,1.3063882712310417
2016-11-30,1.336100998285114,1.3068895951544204
2016-12-01,1.335833255792123,1.3066277063610434
2016-12-02,1.3369498862652056,1.3077199237523762
2016-12-06,1.3369498862652056,1.3075373851821852
2016-12-07,1.3369498862652056,1.3072259553185699
2016-12-08,1.3369498862652056,1.3078660949200582
2016-12-09,1.3369498862652056,1.3080704774789584
2016-12-12,1.3369498862652056,1.3078723140009088
2016-12-13,1.3369498862652056,1.3081620650598265
2016-12-14,1.3369498862652056,1.3083064404232434
2016-12-15,1.3369498862652056,1.3084918260927045
2016-12-16,1.3369498862652056,1.3087247982624182
2016-12-19,1.3369498862652056,1.3091192056090941
2016-12-20,1.3369498862652056,1.3092402638002907
2016-12-21,1.3369498862652056,1.3100538085786568
2016-12-22,1.3369498862652056,1.310716965078385
2016-12-23,1.3369498862652056,1.3111461462376768
2016-12-26,1.3369498862652056,1.3108927678859175
2016-12-27,1.3369498862652056,1.310625975674045
2016-12-28,1.3369498862652056,1.311375354583846
2016-12-29,1.3369498862652056,1.3115598364055239
2016-12-30,1.3369498862652056,1.3121228478686078
2017-01-02,1.3369498862652056,1.3121707729943035
2017-01-03,1.3369498862652056,1.3126324060849597
2017-01-04,1.3369498862652056,1.3127589251504443
2017-01-05,1.3369498862652056,1.3125342712518657
2017-01-06,1.3369498862652056,1.3127823197292863
2017-01-09,1.3369498862652056,1.3144902664145512
2017-01-10,1.3369498862652056,1.3146862149850913
2017-01-11,1.3369498862652056,1.3135449009509648
2017-01-12,1.3369498862652056,1.3138207238462982
2017-01-13,1.3369498862652056,1.314543545491141
2017-01-16,1.3369498862652056,1.3146627040550958
2017-01-17,1.3369498862652056,1.314370493952586
2017-01-18,1.3369498862652056,1.313666209980719
2017-01-19,1.3369498862652056,1.314587467382589
2017-01-20,1.3369498862652056,1.3140450761188256
2017-01-23,1.3369498862652056,1.313496294718252
2017-01-24,1.3369498862652056,1.3135905932967682
2017-01-25,1.3369498862652056,1.3137723502026857
2017-01-26,1.3369498862652056,1.3135082153730917
2017-01-27,1.3369498862652056,1.3132388604316294
2017-01-30,1.3369498862652056,1.3140018467738728
2017-01-31,1.3369498862652056,1.3139321999707054
2017-02-02,1.3369498862652056,1.3149817005548248
2017-02-03,1.3369498862652056,1.3145887270990806
2017-02-06,1.3369498862652056,1.3145160684311017
2017-02-07,1.3369498862652056,1.314381860259656
2017-02-08,1.3369498862652056,1.3148974697329041
2017-02-09,1.3369498862652056,1.316095098164977
2017-02-10,1.3369498862652056,1.3163325216138029
2017-02-13,1.3369498862652056,1.316356339074629
2017-02-14,1.3369498862652056,1.3155672771520839
2017-02-15,1.3369498862652056,1.3149174016240157
2017-02-16,1.3369498862652056,1.3157562902925979
2017-02-17,1.3369498862652056,1.3150067886484786
2017-02-20,1.3369498862652056,1.3152165458095113
2017-02-21,1.3369498862652056,1.314712879974602
2017-02-22,1.3369498862652056,1.3149540048062534
2017-02-23,1.3369498862652056,1.3153674035770202
2017-02-24,1.3369498862652056,1.3153473643908733
2017-02-27,1.3369498862652056,1.315151487873474
2017-02-28,1.3369498862652056,1.3146779824791266
2017-03-01,1.3369498862652056,1.3144775699430873
2017-03-02,1.3369498862652056,1.3153920497264895
2017-03-03,1.3369498862652056,1.3160680588337543
2017-03-06,1.3369498862652056,1.316145096570616
2017-03-07,1.3369498862652056,1.3167147954747296
2017-03-08,1.3369498862652056,1.3173197667409051
2017-03-09,1.3369498862652056,1.31710260838775
2017-03-10,1.3369498862652056,1.3167166437985631
2017-03-13,1.3369498862652056,1.31757029476113
2017-03-14,1.3369498862652056,1.3184574132011617
2017-03-15,1.3369498862652056,1.319415997726753
2017-03-16,1.3369498862652056,1.3196975374134283
2017-03-17,1.3369498862652056,1.3199201075828462
2017-03-20,1.3369498862652056,1.3193523903883042
2017-03-21,1.3369498862652056,1.3195151761003394
2017-03-22,1.3369498862652056,1.3194764113887674
2017-03-23,1.3369498862652056,1.3205243387744947
2017-03-24,1.3369498862652056,1.3212793549522892
2017-03-27,1.3369498862652056,1.3212072771767502
2017-03-28,1.3369498862652056,1.3226316863428118
2017-03-29,1.3369498862652056,1.3223359853602112
2017-03-30,1.3369498862652056,1.3222780969664267
2017-04-03,1.3369498862652056,1.3195497225259887
2017-04-04,1.3369498862652056,1.3200538119001657
2017-04-05,1.3369498862652056,1.320322927459905
2017-04-06,1.3369498862652056,1.3201503096571134
2017-04-07,1.3369498862652056,1.3197612895050628
2017-04-10,1.3369498862652056,1.320822285371828
2017-04-11,1.3369498862652056,1.322669628139244
2017-04-12,1.3369498862652056,1.3235386173777042
2017-04-13,1.3369498862652056,1.3230235383050115
2017-04-14,1.3369498862652056,1.323387840525099
2017-04-17,1.3369498862652056,1.3234714600372783
2017-04-18,1.3369498862652056,1.324351080795958
2017-04-19,1.3369498862652056,1.3259674971409794
2017-04-20,1.3369498862652056,1.325631463068237
2017-04-21,1.3369498862652056,1.325914225531303
2017-04-24,1.3369498862652056,1.3274621576125585
2017-04-25,1.3369498862652056,1.3269124774395649
2017-04-26,1.3369498862652056,1.3265998418301004
2017-04-27,1.3369498862652056,1.3272031306040863
2017-04-28,1.3369498862652056,1.3271347672267548
2017-05-01,1.3369498862652056,1.3272522300769207
2017-05-02,1.3369498862652056,1.3278711717972749
2017-05-03,1.3369498862652056,1.3288360330053446
2017-05-04,1.3369498862652056,1.329494259138763
2017-05-05,1.3369498862652056,1.3290280209029481
2017-05-08,1.3369498862652056,1.3286576869142743
2017-05-09,1.3369498862652056,1.3286046076804938
2017-05-10,1.3369498862652056,1.3293534612667066
2017-05-11,1.3369498862652056,1.329685555650601
2017-05-12,1.3369498862652056,1.331108462455694
2017-05-15,1.3369498862652056,1.3312329704099026
2017-05-16,1.3369498862652056,1.3304556142168575
2017-05-17,1.3369498862652056,1.3311130525455797
2017-05-18,1.3369498862652056,1.3311137603497918
2017-05-19,1.336980696157924,1.331144435749501
2017-05-22,1.3365916862249054,1.3307571239436708
2017-05-23,1.3365916862249054,1.3316764110326629
2017-05-24,1.3377566563804864,1.3328370970460002
2017-05-25,1.339230190020406,1.3343052118108663
2017-05-26,1.3392630921622213,1.3343379929560577
2017-05-29,1.338010269814486,1.3330897778243254
2017-05-31,1.33822116673496,1.333067498178032
2017-06-01,1.3381927385513008,1.3330391794751073
2017-06-02,1.3389138810320549,1.3337575447397922
2017-06-05,1.339739000859043,1.3345794869200553
2017-06-06,1.3393691014185396,1.3342110120117316
2017-06-07,1.3392178040087128,1.3340602972684499
2017-06-08,1.3395777995320899,1.3344189064009555
2017-06-09,1.3403971855484942,1.3352351368523054
2017-06-12,1.3397041150725408,1.334544735483379
2017-06-13,1.3393916158223638,1.3342334397095776
2017-06-14,1.3401382345382216,1.3349771830969803
2017-06-15,1.3397052506974871,1.334545866734882
2017-06-16,1.3402035104950754,1.335042207667401
2017-06-19,1.3407840212057835,1.335620482753781
2017-06-20,1.3421930446717172,1.3370240798820412
2017-06-21,1.3434189579383282,1.338245271992828
2017-06-22,1.343004982196712,1.3378328905271177
2017-06-23,1.3434769343421182,1.338303025121739
2017-06-26,1.3437602824933628,1.3385852820613855
2017-06-27,1.3448390734772055,1.3396599184769766
2017-06-28,1.3452220027050732,1.340041372993212
2017-06-29,1.3458302740659065,1.3406473018197436
2017-06-30,1.3458827263951512,1.3406995521480582
2017-07-03,1.3465169067283396,1.3413312901680297
2017-07-04,1.3470509451004917,1.34186327188704
2017-07-05,1.346779010314339,1.341592384358091
2017-07-06,1.3469625433455743,1.341775210579095
2017-07-07,1.3465613816750133,1.3413755938357397
2017-07-10,1.3468685987786138,1.3416816278052168
2017-07-11,1.34690696082537,1.3417198421146044
2017-07-12,1.3465000105014968,1.3413144590108144
2017-07-13,1.346130002428811,1.3409458758886652
2017-07-14,1.3466950276926435,1.341508725164695
2017-07-17,1.3467086373748038,1.3415222824341506
2017-07-18,1.3468865889333215,1.3416995486774344
2017-07-19,1.3472017372751446,1.342013483340876
2017-07-20,1.3478970964671304,1.3427061646116836
2017-07-21,1.3479036100476478,1.342712653107532
2017-07-24,1.34782886151022,1.3426381924367117
2017-07-25,1.3489477524313878,1.34375277435941
2017-07-26,1.349622943180882,1.3444253648590934
2017-07-28,1.3505810687042752,1.3460178075281333
2017-07-31,1.3512070858603278,1.3466417095354917
2017-08-01,1.3512853678203187,1.346719727001157
2017-08-02,1.351714156370092,1.3471470667862562
2017-08-03,1.351321885484377,1.3467561212815529
2017-08-04,1.3512544195766518,1.3466888833235338
2017-08-07,1.352424217839709,1.3478547291433638
2017-08-08,1.3523611678559406,1.3477918921890462
2017-08-09,1.3520640437967066,1.347495772034513
2017-08-10,1.352397749443433,1.3478283501768953
2017-08-11,1.35223737216968,1.3476685147761214
2017-08-14,1.3528738145467993,1.3483028067804437
2017-08-15,1.3529377059053318,1.3483664822667398
2017-08-16,1.3533083729431497,1.3487358969173133
2017-08-17,1.3543676378077019,1.349791582802163
2017-08-18,1.3543419771408503,1.3497660088360117
2017-08-21,1.3539247977402644,1.349350238975813
2017-08-22,1.354421554614452,1.3498453174380856
2017-08-23,1.354972040873228,1.3503939437473695
2017-08-24,1.355034586610048,1.3504562781584577
2017-08-25,1.3550318914570825,1.3504535921117111
2017-08-28,1.3552953782293922,1.3507161886309391
2017-08-29,1.355106122931541,1.3505275727773782
2017-08-30,1.3555176479958264,1.3509377074058042
2017-08-31,1.3545679599861895,1.3499912281442568
2017-09-01,1.3550792838335413,1.3505008243616905
2017-09-04,1.355184751181435,1.3506059353629234
2017-09-05,1.3545977884355853,1.350020955811102
2017-09-06,1.3547478943021327,1.3501705545090765
2017-09-07,1.3550174601544116,1.350439209568648
2017-09-08,1.355624270531781,1.3510439696920187
2017-09-11,1.3547161661905398,1.3501389335984972
2017-09-12,1.355996031002929,1.3514144740814964
2017-09-13,1.3566919235654455,1.3521080154045448
2017-09-14,1.3568903759127275,1.3523057972331052
2017-09-15,1.3564335489935273,1.3518505138129164
2017-09-18,1.3566556991640544,1.352071913395958
2017-09-19,1.3573024764314978,1.3527165053717054
2017-09-20,1.3573018538700112,1.3527158849136918
2017-09-21,1.3582431619152582,1.3536540125245633
2017-09-22,1.3587028503285445,1.354112147770596
2017-09-26,1.3595304059597444,1.353931647091989
2017-09-27,1.3588012138229575,1.3532054578824808
2017-09-28,1.3584868456979513,1.3528923843745866
2017-09-29,1.358059712147269,1.3524670098266776
2017-10-02,1.3585306019804746,1.352935960461894
2017-10-03,1.3587676751746796,1.3531720573516026
2017-10-04,1.3595002505613634,1.3539016158782555
2017-10-05,1.3596163553265856,1.3540172425058938
2017-10-06,1.359571230170273,1.3539723031820332
2017-10-09,1.359335138969514,1.3537371842417683
2017-10-10,1.3601575623874063,1.354556220791383
2017-10-11,1.3609361357914744,1.3553315879083898
2017-10-12,1.3614948710186596,1.3558880221765128
2017-10-13,1.3624354002979544,1.3568246782091191
2017-10-16,1.3623601247249746,1.3567497126327235
2017-10-17,1.3630531841577262,1.3574399179383236
2017-10-18,1.3631354814035022,1.3575218762711687
2017-10-19,1.3629163061035139,1.357303603569349
2017-10-20,1.3635042366005383,1.3578891128766235
2017-10-23,1.363760058878747,1.3581438816386753
2017-10-24,1.3638108854189634,1.3581944988672487
2017-10-25,1.36465288378701,1.3590330297543114
2017-10-26,1.365429085275494,1.3598060347236534
2017-10-27,1.3648863233763568,1.359265508002915
2017-10-30,1.3639557504572666,1.3583387673286647
2017-10-31,1.3639557504572666,1.3582216098621105
2017-11-01,1.3639557504572666,1.3577499797607058
2017-11-02,1.3639557504572666,1.3589926841541669
2017-11-03,1.3639748670992786,1.3590117312358858
2017-11-06,1.3639748670992786,1.3596829706563551
2017-11-07,1.3649894713447737,1.3606943823383673
2017-11-08,1.3649894713447737,1.3613845936458957
2017-11-09,1.3645328526075045,1.3609291808188093
2017-11-10,1.3642694223960048,1.3606664463150162
2017-11-13,1.3646882929582769,1.3610842106583902
2017-11-14,1.3646882929582769,1.3621498486821875
2017-11-15,1.3648206917422951,1.3622820011924324
2017-11-16,1.3647206495381572,1.362182145075888
2017-11-17,1.3645440613897395,1.3620058853974784
2017-11-20,1.3655510060281926,1.3630109570273719
2017-11-21,1.3663334262118785,1.3637919218383934
2017-11-23,1.3653441453572273,1.3630964327280108
2017-11-24,1.3669701720055571,1.3647197825123096
2017-11-27,1.3669321845112745,1.364681857555352
2017-11-28,1.3666718613573479,1.364421962961245
2017-11-29,1.3661167133793415,1.3638677289016272
2017-11-30,1.3654669705958933,1.3632190557642936
2017-12-01,1.365234048101145,1.362986516720732
2017-12-04,1.3664141590011432,1.3641646848503433
2017-12-05,1.3672496977341462,1.3649988480686317
2017-12-06,1.3676943451652526,1.3654427634940751
2017-12-07,1.3674212981712963,1.3651701660066986
2017-12-08,1.3668904847221042,1.3646402264149127
2017-12-11,1.3671095130110238,1.3648588941261328
2017-12-12,1.3671095130110238,1.3651333823029514
2017-12-13,1.3671095130110238,1.3653747234421336
2017-12-14,1.3671095130110238,1.3662769045688792
2017-12-15,1.3671095130110238,1.366881052508413
2017-12-18,1.3662917601761289,1.3660634363298882
2017-12-19,1.3662917601761289,1.3671263662127406
2017-12-20,1.3655569517899242,1.3663911089652219
2017-12-21,1.3657465323597924,1.3665808053413129
2017-12-22,1.3658137158653993,1.3666480298862946
2017-12-25,1.366881264544808,1.3677162306830608
2017-12-26,1.366881264544808,1.3679791456515347
2017-12-27,1.366881264544808,1.3688849029859333
2017-12-28,1.3677364622013592,1.3697413542311787
2017-12-29,1.367588141052307,1.3695928156660542
2018-01-01,1.3673184610752558,1.3693227403794888
2018-01-02,1.3681885988133022,1.370194153606099
2018-01-03,1.3691746893296424,1.3711816895800049
2018-01-04,1.3689265562453652,1.3709331927706558
2018-01-05,1.3693337169654107,1.3713409503259142
2018-01-08,1.3683554349586735,1.3703612343076896
2018-01-09,1.368081921913212,1.370087320334023
2018-01-10,1.368670900544954,1.3706771623181702
2018-01-11,1.3673260683815334,1.3693303588369112
2018-01-12,1.367588362230112,1.3695930371680718
2018-01-15,1.3680359440965506,1.3700412751209288
2018-01-16,1.3693463375943673,1.371353589454778
2018-01-17,1.3699853061932394,1.3719934946836856
2018-01-18,1.3700180461215972,1.3720262826037606
2018-01-22,1.3699547620768373,1.3715317462826588
2018-01-23,1.3703849432521753,1.3719624226487417
2018-01-24,1.3706473482299792,1.3722251296865238
2018-01-25,1.3709221534944527,1.3725002512852105
2018-01-26,1.370476972072638,1.3720545574055465
2018-01-29,1.37034461697481,1.3719220499509366
2018-01-30,1.3705350377861725,1.3721126899597649
2018-01-31,1.3707580667931347,1.3723359757001836
2018-02-01,1.3706973586314952,1.3722751976560819
2018-02-02,1.3705242629639465,1.3721019027344108
2018-02-05,1.371833924939234,1.3734130722895888
2018-02-06,1.3724947035749968,1.3740746115617617
2018-02-07,1.3730480559036056,1.3746286008660624
2018-02-08,1.372697997600816,1.374278139603679
2018-02-09,1.3719982863627211,1.3735776229130232
2018-02-12,1.3724826098224403,1.374062503887828
2018-02-13,1.3736403867231248,1.3752216135302473
2018-02-14,1.3741885161153187,1.3757703738858995
2018-02-15,1.3734611304630764,1.375042150924487
2018-02-16,1.3730012103764357,1.374581701414005
2018-02-19,1.372937005577601,1.3745174227076538
2018-02-20,1.3731341976569016,1.3747148417789712
2018-02-21,1.3737107407853346,1.3752920485785216
2018-02-22,1.373194977132523,1.374775691219146
2018-02-23,1.3740541735352045,1.3756358766611698
2018-02-26,1.372866301786966,1.3744466375283744
2018-02-27,1.3724339232054168,1.374013761226599
2018-02-28,1.3735159094994611,1.3750969930181909
2018-03-01,1.3739789405009644,1.3755605570245761
2018-03-02,1.3744406291983944,1.376022777181733
2018-03-05,1.3748076050125684,1.37639017542961
2018-03-06,1.3744253389031205,1.3760074692854734
2018-03-07,1.3746330414582173,1.3762154109314206
2018-03-08,1.3749985145444916,1.3765813047215756
2018-03-09,1.37478033689884,1.376362875926973
2018-03-12,1.3749223451332315,1.3765050476300782
2018-03-13,1.3750717502573988,1.376654624737677
2018-03-14,1.3756161901456858,1.3771996913423554
2018-03-15,1.3754568783912766,1.3770401962007808
2018-03-16,1.3760215307490873,1.3776054985419885
2018-03-19,1.3779334750979175,1.3795196437708215
2018-03-21,1.3777776005582645,1.3785648791806109
2018-03-22,1.3781078591406928,1.3788953264767487
2018-03-23,1.3793382859054437,1.3801264563220896
2018-03-26,1.3796395441588223,1.3804278867180424
2018-03-27,1.38005122289369,1.38083980069107
2018-03-28,1.380636772902515,1.3814256852901832
2018-03-29,1.3802494031326988,1.381038094172641
2018-03-30,1.3802616535330579,1.3810503515730255
2018-04-02,1.3802020455313286,1.38099070951057
2018-04-03,1.3800172730879152,1.3808058314859695
2018-04-04,1.381283776985745,1.3820730590792951
2018-04-05,1.3807409804977588,1.3815299524308948
2018-04-06,1.3802636475832406,1.3810523467626323
2018-04-09,1.3786627247011398,1.3794505090940228
2018-04-10,1.380644700615426,1.3814336175330841
2018-04-11,1.3807787402876588,1.381567733797191
2018-04-12,1.3825417152519375,1.383331716146479
2018-04-13,1.3825708631239522,1.3833608806739368
2018-04-16,1.3836351221226415,1.3844257478029645
2018-04-17,1.3829209080682816,1.3837111256381398
2018-04-18,1.3834401269489356,1.3842306412066807
2018-04-19,1.3846892409878206,1.3854804690042881
2018-04-20,1.3846886520761845,1.3854798797561407
2018-04-23,1.3861617491032285,1.3869538185284689
2018-04-24,1.3863876200680987,1.3871798185587136
2018-04-25,1.3877807702708178,1.3885737648241443
2018-04-26,1.3879746697214084,1.388767775071203
2018-04-27,1.3896425790953897,1.390436637508577
2018-04-30,1.3896695171179418,1.390463590923838
2018-05-01,1.3890431789550362,1.3898368948638045
2018-05-02,1.3895242015379636,1.390318192308797
2018-05-03,1.389739395911844,1.39053350964732
2018-05-04,1.3902321780547062,1.3910265733718004
2018-05-07,1.3899812767586968,1.3907755287077854
2018-05-08,1.3896736644412435,1.3904677406169696
2018-05-09,1.3910233676102473,1.3918182150225293
2018-05-10,1.3909186308871035,1.3917134184515676
2018-05-11,1.3925970520455686,1.3933927986799848
2018-05-14,1.393650040794324,1.3944463891191228
2018-05-15,1.3938938641020735,1.3946903517504305
2018-05-16,1.3938692271709314,1.394665700741451
2018-05-18,1.3949622635268037,1.3957709958026105
2018-05-21,1.3957521127842762,1.396561302976834
2018-05-22,1.3956925108643286,1.3965016665025494
2018-05-23,1.3954203162790277,1.3962293141118713
2018-05-24,1.3959384869231812,1.3967477851665342
2018-05-25,1.3961480654022111,1.3969574851491235
2018-05-28,1.3956889507091823,1.3964981042833957
2018-05-29,1.3963099551943463,1.3971194687972026
2018-05-30,1.3966444029056864,1.3974541104052993
2018-05-31,1.3952955955489201,1.3961045210746605
2018-06-01,1.3964987233747077,1.3973083464163094
2018-06-04,1.397820729953501,1.3986311194311685
2018-06-05,1.3972336652500132,1.398043714375697
2018-06-06,1.3976011756679887,1.3984114378586023
2018-06-07,1.3977341231453548,1.3985444624125452
2018-06-08,1.3983574984210068,1.3991681990913107
2018-06-11,1.39856094641158,1.39937176503128
2018-06-12,1.397809324415125,1.3986197072804083
2018-06-13,1.397343456763523,1.3981535695410656
2018-06-14,1.3970966982017807,1.3979066679205334
2018-06-15,1.3982793805366172,1.3990900359179153
2018-06-18,1.3993379518106492,1.4001492209008468
2018-06-19,1.4016596213529793,1.4024722364359266
2018-06-20,1.402508684756239,1.4033217920854615
2018-06-21,1.4019646815388078,1.4027774734810328
2018-06-22,1.401345482343788,1.402157915303991
2018-06-25,1.4015231225902711,1.4023356585377766
2018-06-26,1.401987655356864,1.4028004606182078
2018-06-27,1.4025916335901873,1.4034047890091692
2018-06-28,1.4023004739756693,1.4031134605942586
2018-06-29,1.4020005679050693,1.40281338065249
2018-07-02,1.4031070568151485,1.403920511051818
2018-07-03,1.4034707370608634,1.4042844021419125
2018-07-04,1.4029760832481015,1.4037894615525732
2018-07-05,1.4036353522690816,1.4044491127861405
2018-07-06,1.4036892605577151,1.4045030523282165
2018-07-09,1.4019930958733842,1.4028059042888792
2018-07-10,1.4023504266050721,1.4031634421838026
2018-07-11,1.4024820175524753,1.4032951094213313
2018-07-12,1.403459549561723,1.4042732081567961
2018-07-13,1.4036280884112917,1.4044418447171136
2018-07-17,1.4036993192893734,1.4043010242903589
2018-07-18,1.405045564331535,1.4056478464093654
2018-07-19,1.405909626358011,1.4065122788217463
2018-07-20,1.4055382803139604,1.4061407735977567
2018-07-23,1.406075795007892,1.4066785187009183
2018-07-24,1.4061194527356606,1.406722195142861
2018-07-25,1.4070221537476995,1.4076252831036615
2018-07-26,1.4073163463936695,1.407919601857256
2018-07-27,1.407906404877458,1.4085099132735177
2018-07-30,1.4091424654795448,1.40974650372116
2018-07-31,1.4094861299492945,1.4100903155049587
2018-08-01,1.4104709022405586,1.4110755099253813
2018-08-02,1.4114342960429753,1.412039316692926
2018-08-03,1.4118038948877234,1.4124090739686643
2018-08-06,1.4117785243975611,1.4123836926032736
2018-08-07,1.4132554562815718,1.4138612575839085
2018-08-08,1.4132581103521724,1.413863912792194
2018-08-09,1.4133943913661648,1.4140002522239448
2018-08-10,1.4146100577327787,1.4152164396939904
2018-08-13,1.41615370165373,1.4167607453081221
2018-08-14,1.4164380157517105,1.4170451812792217
2018-08-15,1.416515885338864,1.417123084245689
2018-08-16,1.4162309902593095,1.4168380670439737
2018-08-17,1.4171331808871177,1.417740644401764
2018-08-20,1.418648994352182,1.4192571076302998
2018-08-21,1.418983369017967,1.4195916256279977
2018-08-22,1.4191852754687027,1.4197936186272693
2018-08-23,1.4190306807765676,1.4196389576670965
2018-08-24,1.419982134507763,1.4205908192452292
2018-08-27,1.4189839907300332,1.4195922476065648
2018-08-28,1.4205299642237699,1.4211388837920687
2018-08-29,1.4207517756715182,1.4213607903207617
2018-08-30,1.4217593976031044,1.422368844176156
2018-08-31,1.4209574994636507,1.4215666022977587
2018-09-03,1.420807064196557,1.4214161025455923
2018-09-04,1.4210541556927123,1.4216632999591523
2018-09-05,1.422037158518399,1.4226467241555045
2018-09-06,1.4231831262608456,1.4237931831246062
2018-09-07,1.4228738162032448,1.4234837404792025
2018-09-10,1.423343522058712,1.4239536476771926
2018-09-11,1.4235009660795097,1.4241111591874116
2018-09-13,1.4246621950757412,1.425226236477193
2018-09-14,1.425039513983263,1.425603704769942
2018-09-17,1.4257655712260813,1.4263300494678117
2018-09-18,1.4265324250467162,1.4270972068953685
2018-09-19,1.4270517851309104,1.4276167726006501
2018-09-20,1.42805895348606,1.428624339706221
2018-09-21,1.4293389421544698,1.429904835137992
2018-09-24,1.4284629993532187,1.429028545540141
2018-09-25,1.428747326072693,1.4293129848280839
2018-09-26,1.42941473725677,1.429980660248512
2018-09-27,1.4299437306549732,1.4305098630817508
2018-09-28,1.4304885118729873,1.431054859985394
2018-10-01,1.4300445237951127,1.4306106961271423
2018-10-02,1.4307358525776153,1.431302298615269
2018-10-03,1.4307738358826838,1.4313402969583984
2018-10-04,1.4307972126191792,1.4313636829500331
2018-10-05,1.431785817305842,1.432352679037531
2018-10-08,1.4307883177057874,1.431354784515035
2018-10-09,1.4329050232280551,1.4334723280672255
2018-10-10,1.432526101406669,1.433093256225999
2018-10-11,1.4334783145042913,1.4340458463165757
2018-10-12,1.4340236321986524,1.4345913799089636
2018-10-15,1.4358413633422231,1.436409830714799
2018-10-16,1.4367777712410585,1.437346609349115
2018-10-17,1.4374195381345187,1.4379886303260339
2018-10-18,1.4383327304588764,1.4389021841945389
2018-10-19,1.4384565032110281,1.4390260059498554
2018-10-22,1.4378527214427925,1.4384219851369424
2018-10-23,1.4378979244957955,1.4384672060863937
2018-10-24,1.438759594972225,1.4393292177088328
2018-10-25,1.4401253076796379,1.4406954711188151
2018-10-26,1.441066145090242,1.4416366810185985
2018-10-29,1.4408181988967306,1.4413886366601192
2018-10-30,1.4414906734588677,1.4420613774632614
2018-10-31,1.4406250308224455,1.4411953921082021
2018-11-01,1.4410628000821546,1.4416333346861812
2018-11-02,1.4421364344443002,1.442707394113463
2018-11-05,1.4422632159080475,1.4428342257715614
2018-11-06,1.44184445067149,1.442415294740662
2018-11-07,1.4423792501650508,1.4429503059679636
2018-11-08,1.4433436843405358,1.4439151219748791
2018-11-12,1.4436810655326184,1.4445683227066555
2018-11-13,1.4434567178072721,1.4443438371017363
2018-11-14,1.4440890831483757,1.4449765910817844
2018-11-15,1.4445862720866487,1.4454740855823196
2018-11-16,1.4447516360993011,1.4456395512243485
2018-11-19,1.4448193148107333,1.4457072715297474
2018-11-20,1.4455555674169749,1.4464439766219448
2018-11-21,1.447435209840662,1.448324774235836
2018-11-22,1.4496213205926725,1.4505122285272847
2018-11-23,1.4496718257898948,1.4505627647639794
2018-11-26,1.4500499712057218,1.4509411425803282
2018-11-27,1.45031926771539,1.4512106045941828
2018-11-28,1.4508563521456392,1.4517480191056567
2018-11-29,1.4511541237957266,1.4520459737601756
2018-11-30,1.450456968453175,1.4513483899600554
2018-12-03,1.4510541120583063,1.451945900557565
2018-12-04,1.4521651718736885,1.4530576432078306
2018-12-05,1.452310589359095,1.4532031500638816
2018-12-06,1.453546036663893,1.4544393566495972
2018-12-07,1.4537883080278806,1.4546817769086635
2018-12-10,1.4545821974388808,1.4554761542280337
2018-12-11,1.4554209897482087,1.4563154620421441
2018-12-12,1.4557917241337763,1.4566864242735642
2018-12-13,1.4560848398905741,1.4569797201733756
2018-12-14,1.4561795005194156,1.4570744389787242
2018-12-17,1.4566846555156336,1.4575799044329825
2018-12-18,1.4580495067070738,1.458945594434351
2018-12-19,1.4592409142773923,1.4601377342196575
2018-12-20,1.459554374972552,1.4604513875614185
2018-12-21,1.459659018572419,1.4605560954731247
2018-12-24,1.4603560611975444,1.4612535664865447
2018-12-25,1.4601685342113893,1.461065924250098
2018-12-26,1.4611659233367742,1.46206392635066
2018-12-27,1.4621706166768527,1.463069237154938
2018-12-28,1.4621105738991131,1.4630091574761221
2018-12-31,1.462780516943086,1.4636795122535355
2019-01-01,1.4636418098355115,1.4645413344791467
2019-01-02,1.4639139754019252,1.4648136673130112
2019-01-03,1.4638804599022444,1.4647801312153823
2019-01-04,1.464444436170749,1.465344454092291
2019-01-07,1.464907749206501,1.4658080518708612
2019-01-09,1.4654115482621328,1.4653227588525546
2019-01-10,1.4658080043490576,1.4657191909181715
2019-01-11,1.4670266743648297,1.4669377870946243
2019-01-14,1.4680007778149091,1.4679118315236932
2019-01-15,1.468865385757567,1.4687763870796828
2019-01-16,1.4691905473513098,1.469101528971857
2019-01-17,1.4687268681201013,1.4686378778350122
2019-01-18,1.4683789399429932,1.4682899707389017
2019-01-21,1.4695007289110107,1.4694116917376308
2019-01-22,1.4700029057276196,1.469913838127304
2019-01-23,1.4699240108800782,1.469834948060008
2019-01-24,1.470608889404675,1.470519785087757
2019-01-25,1.4706987092043031,1.470609599445196
2019-01-28,1.4701642630182643,1.4700751856412968
2019-01-29,1.4720925383924024,1.472003344181067
2019-01-30,1.4740857115799264,1.473996396602059
2019-01-31,1.4748989261751104,1.474809561924502
2019-02-01,1.4744246476307359,1.4743353121167047
2019-02-04,1.4754869378775701,1.4753975379992832
2019-02-05,1.4783537233557809,1.4782641497787194
2019-02-06,1.4779819352936558,1.4778923842432645
2019-02-07,1.4780370626303534,1.4779475082397922
2019-02-08,1.4785278484103042,1.4784382642829912
2019-02-11,1.4795232294868366,1.4794335850493001
2019-02-12,1.480627206837786,1.4805374955101687
2019-02-13,1.480444576064261,1.4803548758022578
2019-02-14,1.4804768265753356,1.480387124359271
2019-02-15,1.4802264850425808,1.4801367979947309
2019-02-18,1.4828191216489024,1.4827292775129812
2019-02-19,1.4832486628630455,1.483158792701186
2019-02-20,1.484775156799774,1.4846851941475179
2019-02-21,1.484805005519397,1.4847150410586045
2019-02-22,1.4846649274639896,1.4845749714905383
2019-02-25,1.484079179674948,1.4839892591920048
2019-02-26,1.4848563092103255,1.484766341641038
2019-02-27,1.4846865644959257,1.484596607211485
2019-02-28,1.4845623825175058,1.4844724327572616
2019-03-01,1.483438120599994,1.4833482389588746
2019-03-04,1.4843986925266148,1.484308752684361
2019-03-05,1.4843476221563427,1.484257685408447
2019-03-06,1.4853901912694678,1.4853001913522215
2019-03-08,1.4849256027421385,1.4866326422741618
2019-03-11,1.485121621399355,1.4868288862703423
2019-03-12,1.4842231905049945,1.485929422558546
2019-03-13,1.4854890470602253,1.4871967343160966
2019-03-14,1.4858185488068194,1.4875266148510329
2019-03-15,1.484545229622521,1.4862518318855318
2019-03-18,1.4841421757804136,1.4858483147011259
2019-03-19,1.4839650286018433,1.4856709638778502
2019-03-20,1.4844213302387037,1.4861277900695646
2019-03-21,1.4854014208873536,1.4871090074100024
2019-03-22,1.4850052501644964,1.4867123812575371
2019-03-25,1.485950597433954,1.4876588152785177
2019-03-26,1.4861529146746004,1.4878613650988484
2019-03-27,1.4883533954899386,1.4900643755410812
2019-03-28,1.4888855847441758,1.490597176588996
2019-03-29,1.4877418580610193,1.489452135101476
2019-04-01,1.4887189958152778,1.4904303961529364
2019-04-02,1.4883153667589715,1.4900263030930772
2019-04-03,1.4891599772212494,1.4908718845019437
2019-04-04,1.490160898693858,1.4918739566130212
2019-04-05,1.4895117179939765,1.491224029628534
2019-04-08,1.4905608357133953,1.4922743533918228
2019-04-09,1.4904152023922113,1.4921285526536072
2019-04-10,1.4911852245360986,1.4928994599989065
2019-04-11,1.4924331860490931,1.4941488561424532
2019-04-12,1.4925599073160927,1.4942757230855808
2019-04-15,1.492162776612774,1.4938781358490807
2019-04-16,1.4919973864954434,1.4937125556027173
2019-04-17,1.492734538535139,1.494450555057038
2019-04-18,1.4920486125788393,1.4937638405745515
2019-04-19,1.4921782189313262,1.4938935959198008
2019-04-22,1.492783538832868,1.4944996116844886
2019-04-23,1.4935684361592425,1.495285411312475
2019-04-24,1.4941101403501842,1.4958277382352672
2019-04-25,1.4938211091565146,1.4955383747773598
2019-04-26,1.4945513957542218,1.496269500897323
2019-04-29,1.494036766109328,1.4957542796449126
2019-04-30,1.4944233368074584,1.496141294736663
2019-05-01,1.4952541562549924,1.4969730692769223
2019-05-02,1.4948795830652024,1.4965980654855982
2019-05-03,1.4951069601567935,1.4968257039651558
2019-05-07,1.495121038386525,1.4962579006918382
2019-05-08,1.4957393228058251,1.4968766552431425
2019-05-09,1.4959677333186148,1.4971052394350495
2019-05-10,1.4959784442070951,1.4971159584678908
2019-05-13,1.4976460032723196,1.4987847855140977
2019-05-14,1.4990702197330805,1.5002100849226383
2019-05-15,1.4985138054996734,1.499653247602169
2019-05-16,1.4988062935005404,1.4999459580054866
2019-05-17,1.4999996873503416,1.5011402592898355
2019-05-20,1.501227037259613,1.5023685424532125
2019-05-21,1.5023484169094399,1.5034907747793251
2019-05-22,1.5039547109797968,1.5050982902458987
2019-05-23,1.5041602545565538,1.5053039901141787
2019-05-24,1.5043341940794772,1.505478061897489
2019-05-27,1.5046551555387253,1.5057992674098772
2019-05-28,1.5048607838337378,1.5060050520608312
2019-05-29,1.5047691372899497,1.505913335830711
2019-05-30,1.503533391088814,1.5046766499910855
2019-05-31,1.5047754768712647,1.5059196802325265
2019-06-03,1.5038969871323338,1.5050405225062928
2019-06-04,1.503104337420153,1.5042472700779734
2019-06-05,1.5036323108729501,1.504775644991991
2019-06-06,1.5036251391465396,1.5047684678123325
2019-06-07,1.5039518606713294,1.5050954377701096
2019-06-10,1.504488775236288,1.5056327605949444
2019-06-11,1.5041667247994945,1.5053104652769722
2019-06-12,1.504332591199198,1.5054764577984094
2019-06-13,1.5047005421149553,1.505844688497218
2019-06-14,1.5049322141240709,1.5060765366654323
2019-06-17,1.5064006233272418,1.5075460624197243
2019-06-18,1.5067200890199623,1.507865771028232
2019-06-19,1.505991149269039,1.5071362770050427
2019-06-20,1.5071434521948333,1.5082894561206084
2019-06-21,1.5078913838795571,1.5090379565187124
2019-06-24,1.5077836882195907,1.5089301789689638
2019-06-25,1.5083330057828912,1.5094799142231503
2019-06-26,1.5084834064800652,1.509630429282225
2019-06-27,1.5082875494371644,1.5094344233132615
2019-06-28,1.5092788448328611,1.5104264724715901
2019-07-01,1.5089784759874516,1.5101258752312818
2019-07-02,1.5089974637394126,1.5101448774211772
2019-07-04,1.5093686393378232,1.5111226634232924
2019-07-05,1.5097415539651482,1.511496011411442
2019-07-08,1.509034093773724,1.5107877290867213
2019-07-09,1.5087571348990882,1.5105104483606013
2019-07-10,1.5087763999462522,1.510529735795508
2019-07-11,1.5086084126450912,1.5103615532777745
2019-07-12,1.5099684840413752,1.5117232052011245
2019-07-15,1.5086735670135072,1.5104267833615117
2019-07-16,1.5084065820702417,1.5101594881573803
2019-07-17,1.5090955609345331,1.51084926767798
2019-07-18,1.508125511604293,1.5098780910619032
2019-07-19,1.509077491491951,1.5108311772370564
2019-07-22,1.5084971313404039,1.5102501426540567
2019-07-23,1.5089941874138553,1.5107477763520207
2019-07-24,1.5093255050111205,1.5110794789705662
2019-07-25,1.5095779318127496,1.511332199115172
2019-07-26,1.5100001590987135,1.5117549170677695
2019-07-29,1.509433253426304,1.5111873525992399
2019-07-30,1.5099674694917922,1.511722189472542
2019-07-31,1.5102761453500437,1.5120312240403069
2019-08-01,1.5096846435359272,1.5114390348471092
2019-08-02,1.5103957566545714,1.5121509743440849
2019-08-05,1.509948259784168,1.511702957441485
2019-08-06,1.5086344838186647,1.5103876547484307
2019-08-07,1.5086344838186647,1.5107678073672288
2019-08-08,1.5079348711081948,1.51006720535134
2019-08-09,1.5090408528231614,1.51117475100831
2019-08-12,1.5092555927309135,1.5113897945745738
2019-08-13,1.5094308421079217,1.5115652917674889
2019-08-14,1.5094308421079217,1.5108169746269173
2019-08-15,1.5094308421079217,1.5114297792185163
2019-08-16,1.5094308421079217,1.5126040859981236
2019-08-19,1.5094308421079217,1.5121169023525725
2019-08-20,1.5094308421079217,1.5128570995798059
2019-08-21,1.5094308421079217,1.513104516265412
2019-08-22,1.5094308421079217,1.5126763787598614
2019-08-23,1.5094308421079217,1.5122496314304683
2019-08-26,1.5094308421079217,1.5107093175275765
2019-08-27,1.5094308421079217,1.5100663155040188
2019-08-28,1.5094308421079217,1.5111790257047513
2019-08-29,1.5094308421079217,1.5111845623615103
2019-09-02,1.5094308421079217,1.512067398464055
2019-09-03,1.5094308421079217,1.5128240812936407
2019-09-04,1.5094308421079217,1.5124916968072832
2019-09-05,1.5094308421079217,1.5136211866529872
2019-09-06,1.5094308421079217,1.513254805286935
2019-09-09,1.5094308421079217,1.5131771428157428
2019-09-10,1.5094308421079217,1.5138407178285853
2019-09-11,1.5094308421079217,1.512886803871756
2019-09-12,1.5094308421079217,1.5124713458494157
2019-09-13,1.5094308421079217,1.5116002693849384
2019-09-16,1.5094308421079217,1.5121422426665736
2019-09-17,1.5094308421079217,1.5117187093609676
2019-09-18,1.5094308421079217,1.5113895891950087
2019-09-19,1.5094308421079217,1.5111644556398622
2019-09-20,1.5094308421079217,1.5120251395284972
2019-09-23,1.5094308421079217,1.5119307845893017
2019-09-24,1.5094308421079217,1.511501006237814
2019-09-25,1.5094308421079217,1.5121635604527424
2019-09-26,1.5094308421079217,1.511132598982748
2019-09-27,1.5094308421079217,1.5113668164367993
2019-09-30,1.5094308421079217,1.5112946247850583
2019-10-01,1.5094308421079217,1.5117865091617504
2019-10-02,1.5094308421079217,1.5116459803069158
2019-10-03,1.5094308421079217,1.5129507795689336
2019-10-04,1.5094308421079217,1.512968554650869
2019-10-07,1.5094308421079217,1.5135327481343683
2019-10-08,1.5094308421079217,1.5134369001109833
2019-10-09,1.5094308421079217,1.5120424828021246
2019-10-10,1.5094308421079217,1.5118481725091149
2019-10-11,1.5094308421079217,1.5139380722537945
2019-10-14,1.5094308421079217,1.5121409673044337
2019-10-15,1.5094308421079217,1.512339908594238
2019-10-16,1.5094308421079217,1.5128678009325256
2019-10-17,1.5094308421079217,1.5124070126365712
2019-10-18,1.5094308421079217,1.5124656278688173
2019-10-21,1.5094308421079217,1.5134152532340943
2019-10-22,1.5094308421079217,1.5130570365039822
2019-10-23,1.5094308421079217,1.5130333871249053
2019-10-24,1.5094308421079217,1.512488709410196
2019-10-25,1.5094308421079217,1.5127374435063363
2019-10-28,1.5094308421079217,1.5135227528951507
2019-10-30,1.5094308421079217,1.513661289570878
2019-10-31,1.5094308421079217,1.5129465738013441
2019-11-01,1.5094308421079217,1.5125249328246426
2019-11-04,1.5094308421079217,1.511888987065394
2019-11-05,1.5094308421079217,1.512195631452497
2019-11-06,1.5094308421079217,1.5115228246064927
2019-11-07,1.5094308421079217,1.5120922555682383
2019-11-08,1.5094308421079217,1.5125050096439796
2019-11-11,1.5094308421079217,1.5131973416138877
2019-11-12,1.5094308421079217,1.5126000725955144
2019-11-13,1.5094308421079217,1.511801245865971
2019-11-14,1.5094308421079217,1.5113813715644546
2019-11-15,1.5094308421079217,1.510088149049201
2019-11-18,1.5094308421079217,1.5107525391001722
2019-11-19,1.5094308421079217,1.5103995646945694
2019-11-20,1.5094308421079217,1.510423492142606
2019-11-21,1.5094308421079217,1.5096919485478748
2019-11-22,1.5094308421079217,1.5094881457825742
2019-11-25,1.5094308421079217,1.5094642187145557
2019-11-26,1.5094308421079217,1.5088740528313909
2019-11-27,1.5094308421079217,1.5079041115693534
2019-11-28,1.5094308421079217,1.5084620154130188
2019-11-29,1.5094308421079217,1.508656838911327
2019-12-02,1.5094308421079217,1.5092702689929463
2019-12-03,1.5094308421079217,1.5108285765229275
2019-12-04,1.5094308421079217,1.5103736883348464
2019-12-05,1.5094308421079217,1.5101020758093344
2019-12-06,1.5094308421079217,1.5097789102415566
2019-12-09,1.5094308421079217,1.5109684646992074
2019-12-10,1.5094308421079217,1.5111725167646475
2019-12-11,1.5094308421079217,1.5123225942509557
2019-12-12,1.5094308421079217,1.511472057891282
2019-12-13,1.5094308421079217,1.5116974024218512
2019-12-16,1.5094308421079217,1.511090718479233
2019-12-17,1.5094308421079217,1.5102080244761094
2019-12-18,1.5094308421079217,1.510448970438306
2019-12-19,1.5094308421079217,1.5105108929988118
2019-12-20,1.5094308421079217,1.510296719540566
2019-12-23,1.5094308421079217,1.5105162684537596
2019-12-24,1.5094308421079217,1.5102412822783429
2019-12-25,1.5094308421079217,1.5104024035435923
2019-12-27,1.5094308421079217,1.5125722854106327
2019-12-30,1.5094308421079217,1.5121068928037453
2019-12-31,1.5094308421079217,1.5118069801350562
2020-01-01,1.5094308421079217,1.5113500563715665
2020-01-02,1.5094308421079217,1.510731646504325
2020-01-03,1.5094308421079217,1.5095775095343682
2020-01-06,1.5094308421079217,1.5097376505893305
2020-01-07,1.5094308421079217,1.5096537018716338
2020-01-08,1.5094308421079217,1.5091641322467444
2020-01-09,1.5094308421079217,1.5100943273832381
2020-01-10,1.5094308421079217,1.509239016657525
2020-01-13,1.5094308421079217,1.5091694215219782
2020-01-14,1.5094308421079217,1.5086741858320378
2020-01-15,1.5094308421079217,1.5091826888300148
2020-01-16,1.5094308421079217,1.5098424781410613
2020-01-17,1.5094308421079217,1.5104378747468103
2020-01-20,1.5094308421079217,1.5100145186969944
2020-01-21,1.5094308421079217,1.5098571273135097
2020-01-22,1.5094308421079217,1.5084866061792304
2020-01-23,1.5094308421079217,1.5086612181418126
2020-01-24,1.5094308421079217,1.509557890682402
2020-01-27,1.5094308421079217,1.5088237022039457
2020-01-28,1.5094308421079217,1.508891687421575
2020-01-29,1.5094308421079217,1.5082779423953
2020-01-30,1.5094308421079217,1.5077099648367396
2020-01-31,1.5094308421079217,1.5085875814623906
2020-02-03,1.5094308421079217,1.5094678848665009
2020-02-04,1.5094308421079217,1.5106984226503855
2020-02-05,1.5094308421079217,1.5105123430883716
2020-02-06,1.5094308421079217,1.509985411278236
2020-02-07,1.5094308421079217,1.5085909632800132
2020-02-10,1.5094308421079217,1.5076748167025078
2020-02-11,1.5094308421079217,1.5071839456464742
2020-02-12,1.5094308421079217,1.5076944401310963
2020-02-13,1.5094308421079217,1.5082274001472362
2020-02-14,1.5094308421079217,1.5074936916155266
2020-02-17,1.5094308421079217,1.5072793001039029
2020-02-18,1.5094308421079217,1.5073768143432167
2020-02-19,1.5094308421079217,1.5070457806400028
2020-02-20,1.5094308421079217,1.5069330968498045
2020-02-21,1.5094308421079217,1.506196948290111
2020-02-25,1.5094308421079217,1.5052288811204007
2020-02-26,1.5094308421079217,1.5047295811890202
2020-02-27,1.5094308421079217,1.5050868857353272
2020-02-28,1.5094308421079217,1.5055879770084786
2020-03-02,1.5094308421079217,1.5054725568310423
2020-03-03,1.5094308421079217,1.5062485562535457
2020-03-04,1.5094308421079217,1.5060674349192853
2020-03-05,1.5094308421079217,1.507368569772744
2020-03-06,1.5094308421079217,1.5073698946740197
2020-03-09,1.5094308421079217,1.5078299327920832
2020-03-10,1.5094308421079217,1.507081476037633
2020-03-11,1.5094308421079217,1.507860190253055
2020-03-12,1.5094308421079217,1.5088226992877138
2020-03-13,1.5094308421079217,1.508075148128542
2020-03-16,1.5094308421079217,1.508253067569752
2020-03-17,1.5094308421079217,1.5077614603390874
2020-03-18,1.5094308421079217,1.507399754818524
2020-03-19,1.5094308421079217,1.506983974912647
2020-03-20,1.5094308421079217,1.507204587825881
2020-03-23,1.5094308421079217,1.5079948240578431
2020-03-24,1.5094308421079217,1.508207816859983
2020-03-25,1.5094308421079217,1.5071432367351725
2020-03-26,1.5094308421079217,1.5057856718877216
2020-03-27,1.5094308421079217,1.5062065367440998
2020-03-30,1.5094308421079217,1.5055652739665182
2020-03-31,1.5094308421079217,1.506788666824289
2020-04-01,1.5094308421079217,1.5074058204093015
2020-04-02,1.5094308421079217,1.507720534278838
2020-04-03,1.5094308421079217,1.5079993353797587
2020-04-06,1.5094308421079217,1.5085157488024679
2020-04-07,1.5094308421079217,1.5077199093896252
2020-04-08,1.5094308421079217,1.5072521862561445
2020-04-09,1.5094308421079217,1.506351245832188
2020-04-10,1.5094308421079217,1.5055586354980446
2020-04-13,1.5094308421079217,1.5055439743656263
2020-04-14,1.5094308421079217,1.5050057526111296
2020-04-15,1.5094308421079217,1.50407379419054
2020-04-16,1.5094308421079217,1.5051208863929397
2020-04-17,1.5094308421079217,1.504151074061713
2020-04-20,1.5094308421079217,1.5049581651640334
2020-04-21,1.5094308421079217,1.5057655105032604
2020-04-23,1.5094308421079217,1.5061470401332335
2020-04-24,1.5094308421079217,1.5059450236593863
2020-04-27,1.5094308421079217,1.5057877121002239
2020-04-28,1.5094308421079217,1.5059604377982816
2020-04-29,1.5094308421079217,1.5062633215179189
2020-04-30,1.5094308421079217,1.506295328607692
2020-05-01,1.5094308421079217,1.506089335983494
2020-05-04,1.5094308421079217,1.5057724617666104
2020-05-05,1.5094308421079217,1.504002218247563
2020-05-06,1.5094308421079217,1.5029931696108783
2020-05-07,1.5094308421079217,1.502998003967648
2020-05-08,1.5094308421079217,1.504309232893547
2020-05-11,1.5094308421079217,1.503678629076142
2020-05-12,1.5094308421079217,1.5040272416627396
2020-05-13,1.5094308421079217,1.5043260741250766
2020-05-14,1.5094308421079217,1.5037913663403892
2020-05-15,1.5094308421079217,1.503238566028376
2020-05-18,1.5094308421079217,1.5031255964448902
2020-05-19,1.5094308421079217,1.5034458215433129
2020-05-20,1.5094308421079217,1.5027536505097843
2020-05-21,1.5094308421079217,1.5030611187962248
2020-05-22,1.5094308421079217,1.502937690474592
2020-05-25,1.5094308421079217,1.503189047252698
2020-05-26,1.5094308421079217,1.5028295455816347
2020-05-27,1.5094308421079217,1.5020286825770275
2020-05-28,1.5094308421079217,1.5024145043897656
2020-05-29,1.5094308421079217,1.500397194966033
2020-06-01,1.5094308421079217,1.5014603262390753
2020-06-02,1.5094308421079217,1.501692483396236
2020-06-03,1.5094308421079217,1.5011533920663231
2020-06-04,1.5094308421079217,1.4999883574695765
2020-06-05,1.5094308421079217,1.499851230330798
2020-06-08,1.5094308421079217,1.4994465854875052
2020-06-09,1.5094308421079217,1.499044387716958
2020-06-10,1.5094308421079217,1.4989080777962585
2020-06-11,1.5094308421079217,1.4976538062751785
2020-06-12,1.5094308421079217,1.4966494448667333
2020-06-15,1.5094308421079217,1.4960262601797258
2020-06-16,1.5094308421079217,1.4959749552386947
2020-06-17,1.5094308421079217,1.4952336531571313
2020-06-18,1.5094308421079217,1.4958072010815866
2020-06-22,1.5094308421079217,1.4942571972962602
2020-06-23,1.5094308421079217,1.49430735358904
2020-06-24,1.5094308421079217,1.4928325359504753
2020-06-25,1.5094308421079217,1.4931989647293749
2020-06-26,1.5094308421079217,1.4918680915332618
2020-06-29,1.5094308421079217,1.4923427579445694
2020-06-30,1.5094308421079217,1.4916617409450494
2020-07-01,1.5094308421079217,1.4902593322497122
2020-07-02,1.5094308421079217,1.4898448529328143
2020-07-03,1.5094308421079217,1.4891341696187226
2020-07-06,1.5094308421079217,1.488859555928053
2020-07-07,1.5094308421079217,1.4876025592655027
2020-07-08,1.5094308421079217,1.486624823062697
2020-07-09,1.5094308421079217,1.486475361106204
2020-07-10,1.5094308421079217,1.4859356962819104
2020-07-13,1.5094308421079217,1.4847276060678802
2020-07-14,1.5094308421079217,1.4849795924926592
2020-07-15,1.5094308421079217,1.484734490916936
2020-07-16,1.5094308421079217,1.4845771503848009
2020-07-17,1.5094308421079217,1.4844889253908804
2020-07-20,1.5094308421079217,1.4827314035901056
2020-07-21,1.5094308421079217,1.4824916583437622
2020-07-22,1.5094308421079217,1.480965103793098
2020-07-23,1.5094308421079217,1.4798942534320674
2020-07-24,1.5094308421079217,1.4799076783461775
2020-07-27,1.5094308421079217,1.4792013281988297
2020-07-28,1.5094308421079217,1.4783181093127975
2020-07-29,1.5094308421079217,1.4773503517897435
2020-07-30,1.5094308421079217,1.4758053478450002
2020-07-31,1.5094308421079217,1.4748160051354564
2020-08-03,1.5094308421079217,1.473747541811675
2020-08-04,1.5094308421079217,1.4732327153709779
2020-08-05,1.5094308421079217,1.4735944757592703
2020-08-06,1.5094308421079217,1.473727209476056
2020-08-07,1.5094308421079217,1.472765078791705
2020-08-10,1.5094308421079217,1.4721759533661083
2020-08-11,1.5094308421079217,1.472860315276696
2020-08-12,1.5094308421079217,1.472120311113303
2020-08-13,1.5094308421079217,1.4712341044228323
2020-08-14,1.5094308421079217,1.4710945661292016
2020-08-17,1.5094308421079217,1.4696176031842607
2020-08-19,1.5094308421079217,1.4675825572282006
2020-08-20,1.5094308421079217,1.4673959393992577
2020-08-21,1.5094308421079217,1.4660412669596103
2020-08-24,1.5094308421079217,1.4649158664204127
2020-08-25,1.5094308421079217,1.46369843654311
2020-08-26,1.5094308421079217,1.4644927175269546
2020-08-27,1.5094308421079217,1.4642877951102493
2020-08-28,1.5094308421079217,1.4641493574003095
2020-08-31,1.5094308421079217,1.4640967124244715
2020-09-01,1.5094308421079217,1.4634898809992398
2020-09-02,1.5094308421079217,1.463700451454582
2020-09-03,1.5094308421079217,1.4628654259247698
2020-09-04,1.5094308421079217,1.4634594884698011
2020-09-07,1.5094308421079217,1.4622170717540732
2020-09-08,1.5094308421079217,1.4619588189568442
2020-09-09,1.5094308421079217,1.4613478054764855
2020-09-10,1.5094308421079217,1.4607111739905552
2020-09-11,1.5094308421079217,1.4595854588519712
2020-09-14,1.5094308421079217,1.460916455971301
2020-09-15,1.5094308421079217,1.4604922038727899
2020-09-16,1.5094308421079217,1.4602883728540548
2020-09-17,1.5094308421079217,1.460075044511326
2020-09-18,1.5094308421079217,1.4580183466459111
2020-09-21,1.5094308421079217,1.4576055744051992
2020-09-22,1.5094308421079217,1.4567645938321825
2020-09-23,1.5094308421079217,1.4560578192090676
2020-09-24,1.5094308421079217,1.455288978496621
2020-09-25,1.5094308421079217,1.4552883149934226
2020-09-28,1.5094308421079217,1.454768024375552
2020-09-29,1.5094308421079217,1.453202170638619
2020-09-30,1.5094308421079217,1.4522716913052225
2020-10-01,1.5094308421079217,1.4533016759259227
2020-10-02,1.5094308421079217,1.4534415795167244
2020-10-05,1.5094308421079217,1.452483334150931
2020-10-06,1.5094308421079217,1.4513760570184344
2020-10-07,1.5094308421079217,1.4509212947706147
2020-10-08,1.5094308421079217,1.451790175377878
2020-10-09,1.5094308421079217,1.451090893375298
2020-10-12,1.5094308421079217,1.4514681663988207
2020-10-13,1.5094308421079217,1.4519230110996293
2020-10-14,1.5094308421079217,1.4533922395767958
2020-10-16,1.5094308421079217,1.4511768027729641
2020-10-19,1.5094308421079217,1.4505619402070449
2020-10-20,1.5094308421079217,1.4485988796445062
2020-10-21,1.5094308421079217,1.4477987760404265
2020-10-22,1.5094308421079217,1.4464572017417068
2020-10-23,1.5094308421079217,1.4468737630116182
2020-10-26,1.5094308421079217,1.4459777763812565
2020-10-27,1.5094308421079217,1.4467007906341214
2020-10-28,1.5094308421079217,1.4456445539896063
2020-10-29,1.5094308421079217,1.4449022813864352
2020-10-30,1.5094308421079217,1.4440170913607913
2020-11-02,1.5094308421079217,1.4432600404365667
2020-11-03,1.5094308421079217,1.4419955141903296
2020-11-04,1.5094308421079217,1.441416850257116
2020-11-05,1.5094308421079217,1.4399260721462954
2020-11-06,1.5094308421079217,1.4400630076167147
2020-11-09,1.5094308421079217,1.4403396098157444
2020-11-10,1.5094308421079217,1.4397367282130205
2020-11-11,1.5094308421079217,1.4402788470013628
2020-11-12,1.5094308421079217,1.4392827429142743
2020-11-13,1.5094308421079217,1.4390224017851148
2020-11-16,1.5094308421079217,1.4397145004986593
2020-11-17,1.5094308421079217,1.4394925687445255
2020-11-18,1.5094308421079217,1.4386601038375137
2020-11-19,1.5094308421079217,1.4386994557915185
2020-11-20,1.5094308421079217,1.4387293715955631
2020-11-23,1.5094308421079217,1.437125130537514
2020-11-24,1.5094308421079217,1.437354178798713
2020-11-25,1.5094308421079217,1.436867332751753
2020-11-26,1.5094308421079217,1.435394412569834
2020-11-27,1.5094308421079217,1.4362543149495792
2020-11-30,1.5094308421079217,1.4352532418471915
2020-12-01,1.5094308421079217,1.4350724509100758
2020-12-02,1.5094308421079217,1.434359533975322
2020-12-03,1.5094308421079217,1.4345567491140478
2020-12-04,1.5094308421079217,1.4337744732327422
2020-12-07,1.5094308421079217,1.432559622584369
2020-12-08,1.5094308421079217,1.4316657742781704
2020-12-09,1.5094308421079217,1.4310420246862936
2020-12-10,1.5094308421079217,1.4305583047344794
2020-12-11,1.5094308421079217,1.4307039327826634
2020-12-15,1.5094308421079217,1.4299952099159505
2020-12-16,1.5094308421079217,1.4295750987006104
2020-12-17,1.5094308421079217,1.4290277306602746
2020-12-18,1.5094308421079217,1.4289620222633737
2020-12-21,1.5094308421079217,1.4289106690851483
2020-12-22,1.5094308421079217,1.4294077896265376
2020-12-23,1.5094308421079217,1.4288202754637431
2020-12-24,1.5094308421079217,1.4281014544958976
2020-12-25,1.5094308421079217,1.4274951460797964
2020-12-28,1.5094308421079217,1.4261677402992563
2020-12-29,1.5094308421079217,1.4251212089207548
2020-12-30,1.5094308421079217,1.4245472868509126
2020-12-31,1.5094308421079217,1.424270428645255
2021-01-01,1.5094308421079217,1.4231124927075174
2021-01-04,1.5094308421079217,1.4220868633517996
2021-01-05,1.5094308421079217,1.4222194225239806
2021-01-06,1.5094308421079217,1.4221111592334685
2021-01-07,1.5094308421079217,1.4224064098394915
2021-01-08,1.5094308421079217,1.422862400940027
2021-01-11,1.5094308421079217,1.4216157506365277
2021-01-12,1.5094308421079217,1.4208305751214705
2021-01-13,1.5094308421079217,1.4200606230185397
2021-01-14,1.5094308421079217,1.420194515078379
2021-01-15,1.5094308421079217,1.4189592976813983
2021-01-18,1.5094308421079217,1.4192321124021892
2021-01-19,1.5094308421079217,1.4183678947234268
2021-01-20,1.5094308421079217,1.4178901351327837
2021-01-21,1.5094308421079217,1.417551513021152
2021-01-22,1.5094308421079217,1.416867055985113
2021-01-25,1.5094308421079217,1.416452439903943
2021-01-26,1.5094308421079217,1.4158462880918092
2021-01-27,1.5094308421079217,1.4152642223854373
2021-01-28,1.5094308421079217,1.4153261961757875
2021-01-29,1.5094308421079217,1.4133932001892773
2021-02-01,1.5094308421079217,1.4121208403701113
2021-02-02,1.5094308421079217,1.41148275772705
2021-02-03,1.5094308421079217,1.4112681298953236
2021-02-04,1.5094308421079217,1.410265609389341
2021-02-05,1.5094308421079217,1.409773269643195
2021-02-08,1.5094308421079217,1.4091249229060323
2021-02-09,1.5094308421079217,1.4092432355113893
2021-02-11,1.5094308421079217,1.4103026776634777
2021-02-12,1.5094308421079217,1.40951909268102
2021-02-15,1.5094308421079217,1.4097547036302556
2021-02-16,1.5094308421079217,1.4082329872859547
2021-02-17,1.5094308421079217,1.4076012587407365
2021-02-18,1.5094308421079217,1.40851298048854
2021-02-19,1.5094308421079217,1.4085821435486843
2021-02-22,1.5094308421079217,1.4089763503126451
2021-02-23,1.5094308421079217,1.408322050399749
2021-02-24,1.5094308421079217,1.4074113127525283
2021-02-25,1.5094308421079217,1.406673454298359
2021-02-26,1.5094308421079217,1.4068374765941618
2021-03-01,1.5094308421079217,1.4061751493044572
2021-03-02,1.5094308421079217,1.4065713204405301
2021-03-03,1.5094308421079217,1.40548099081255
2021-03-04,1.5094308421079217,1.4042549137509297
2021-03-05,1.5094308421079217,1.4038897234378465
2021-03-08,1.5094308421079217,1.4029570995670488
2021-03-09,1.5094308421079217,1.4028902724384187
2021-03-10,1.5094308421079217,1.4014718373868797
2021-03-11,1.5094308421079217,1.40145808643705
2021-03-12,1.5094308421079217,1.4011843309049221
2021-03-15,1.5094308421079217,1.4012104620282015
2021-03-16,1.5094308421079217,1.4012500443514093
2021-03-17,1.5094308421079217,1.4006900255218353
2021-03-18,1.5094308421079217,1.3993995222149764
2021-03-19,1.5094308421079217,1.3994467364122931
2021-03-22,1.5094308421079217,1.398832809698388
2021-03-23,1.5094308421079217,1.398697840355748
2021-03-24,1.5094308421079217,1.3980794821538507
2021-03-25,1.5094308421079217,1.3974830312244355
2021-03-26,1.5094308421079217,1.3979540185430177
2021-03-29,1.5094308421079217,1.397173242352198
2021-03-30,1.5094308421079217,1.396930811664228
2021-03-31,1.5094308421079217,1.3959512510618053
2021-04-01,1.5094308421079217,1.3961832696269652
2021-04-02,1.5094308421079217,1.3957272694594252
2021-04-05,1.5094308421079217,1.3946877323553935
2021-04-06,1.5094308421079217,1.3940865600743642
2021-04-07,1.5094308421079217,1.3941801530180182
2021-04-08,1.5094308421079217,1.3935139737250644
2021-04-12,1.5094308421079217,1.393689463125542
2021-04-13,1.5094308421079217,1.392951882210706
2021-04-14,1.5094308421079217,1.3916312818649925
2021-04-15,1.5094308421079217,1.391427745801432
2021-04-16,1.5094308421079217,1.3919399761202012
2021-04-19,1.5094308421079217,1.3911783919943141
2021-04-20,1.5094308421079217,1.3910643713203505
2021-04-21,1.5094308421079217,1.3916574669791535
2021-04-22,1.5094308421079217,1.3907662986513705
2021-04-23,1.5094308421079217,1.390618323961197
2021-04-26,1.5094308421079217,1.3892282778997753
2021-04-27,1.5094308421079217,1.389091400402429
2021-04-28,1.5094308421079217,1.3907926030042925
2021-04-29,1.5094308421079217,1.3898345100521834
2021-04-30,1.5094308421079217,1.3888667555741478
2021-05-03,1.5094308421079217,1.3887451524747705
2021-05-04,1.5094308421079217,1.3884985643211998
2021-05-05,1.5094308421079217,1.385963808554648
2021-05-06,1.5094308421079217,1.3851215411056337
2021-05-07,1.5094308421079217,1.3839976398624754
2021-05-10,1.5094308421079217,1.384230460929272
2021-05-11,1.5094308421079217,1.3850429087146021
2021-05-12,1.5094308421079217,1.3840613448761192
2021-05-13,1.5094308421079217,1.3837068183607963
2021-05-14,1.5094308421079217,1.3835273416501523
2021-05-17,1.5094308421079217,1.3830024717118317
2021-05-18,1.5094308421079217,1.3822287820001637
2021-05-19,1.5094308421079217,1.381522534578349
2021-05-20,1.5094308421079217,1.3818110313081815
2021-05-21,1.5094308421079217,1.381056815933844
2021-05-24,1.5094308421079217,1.3816968297066465
2021-05-25,1.5094308421079217,1.382701253197764
2021-05-26,1.5094308421079217,1.3814315321008714
2021-05-27,1.5094308421079217,1.3800741957276497
2021-05-28,1.5094308421079217,1.3799277277681639
2021-05-31,1.5094308421079217,1.379600127812072
2021-06-01,1.5094308421079217,1.3792177288059575
2021-06-02,1.5094308421079217,1.3784142632585146
2021-06-03,1.5094308421079217,1.378629601274092
2021-06-04,1.5094308421079217,1.3782655256708853
2021-06-07,1.5094308421079217,1.3768498631786472
2021-06-09,1.5094308421079217,1.375233781787751
2021-06-10,1.5094308421079217,1.3745321709997886
2021-06-11,1.5094308421079217,1.3747957407681861
2021-06-14,1.5094308421079217,1.3734784598843843
2021-06-15,1.5094308421079217,1.3730687384696025
2021-06-16,1.5094308421079217,1.3724244655603284
2021-06-17,1.5094308421079217,1.372477451141205
2021-06-18,1.5094308421079217,1.3710526615534981
2021-06-21,1.5094308421079217,1.3704489062147733
2021-06-22,1.5094308421079217,1.3696888976307795
2021-06-23,1.5094308421079217,1.36955616593927
2021-06-24,1.5094308421079217,1.3688761172957902
2021-06-25,1.5094308421079217,1.368646318254974
2021-06-28,1.5094308421079217,1.368864665919797
2021-06-29,1.5094308421079217,1.367774217737844
2021-06-30,1.5094308421079217,1.3675891978244172
2021-07-01,1.5094308421079217,1.3672511912967136
2021-07-02,1.5094308421079217,1.3666215438764833
2021-07-05,1.5094308421079217,1.3658504906908553
2021-07-06,1.5094308421079217,1.3654234756534172
2021-07-07,1.5094308421079217,1.3654775914039476
2021-07-08,1.5094308421079217,1.364848205832886
2021-07-09,1.5094308421079217,1.3652138911902372
2021-07-12,1.5094308421079217,1.3640997766645964
2021-07-13,1.5094308421079217,1.362820239788338
2021-07-14,1.5094308421079217,1.3637370380896674
2021-07-15,1.5094308421079217,1.3628249535484696
2021-07-16,1.5094308421079217,1.3628721460222084
2021-07-19,1.5094308421079217,1.362207839789181
2021-07-20,1.5094308421079217,1.3609228044076072
2021-07-21,1.5094308421079217,1.3607612183046411
2021-07-22,1.5094308421079217,1.3611967785319876
2021-07-23,1.5094308421079217,1.3606869829251136
2021-07-26,1.5094308421079217,1.3599449963814993
2021-07-27,1.5094308421079217,1.3594470469822666
2021-07-28,1.5094308421079217,1.358258217853843
2021-07-29,1.5094308421079217,1.3578439717914075
2021-07-30,1.5094308421079217,1.3587401234427705
2021-08-02,1.5094308421079217,1.3582988149561235
2021-08-03,1.5094308421079217,1.3584130132768626
2021-08-04,1.5094308421079217,1.3580514927465082
2021-08-06,1.5094308421079217,1.3577038698069015
2021-08-09,1.5094308421079217,1.356845276301236
2021-08-10,1.5094308421079217,1.3560546537117515
2021-08-11,1.5094308421079217,1.3546243940984444
2021-08-12,1.5094308421079217,1.3525633641080217
2021-08-13,1.5094308421079217,1.35181002878712
2021-08-16,1.5094308421079217,1.351548156211673
2021-08-17,1.5094308421079217,1.3508630269781823
2021-08-18,1.5094308421079217,1.3507681105847502
2021-08-19,1.5094308421079217,1.3507423374581267
2021-08-20,1.5094308421079217,1.3506389504824734
2021-08-23,1.5094308421079217,1.350641668817999
2021-08-24,1.5094308421079217,1.351392935938366
2021-08-25,1.5094308421079217,1.3510431244233392
2021-08-26,1.5094308421079217,1.3517250399406302
2021-08-27,1.5094308421079217,1.3513562089510607
2021-08-30,1.5094308421079217,1.35095813813958
2021-08-31,1.5094308421079217,1.3502595244166655
2021-09-01,1.5094308421079217,1.3500902198748828
2021-09-02,1.5094308421079217,1.3475173933620928
2021-09-03,1.5094308421079217,1.3464244598429593
2021-09-06,1.5094308421079217,1.3469100491144301
2021-09-07,1.5094308421079217,1.3467851163253164
2021-09-08,1.5094308421079217,1.3467058452104583
2021-09-09,1.5094308421079217,1.3468170036419411
2021-09-10,1.5094308421079217,1.346731956568333
2021-09-13,1.5094308421079217,1.3461419218688475
2021-09-14,1.5094308421079217,1.3456545795221069
2021-09-15,1.5094308421079217,1.3444533292363623
2021-09-16,1.5094308421079217,1.3432466258397482
2021-09-17,1.5094308421079217,1.3423149507581877
2021-09-20,1.5094308421079217,1.3426222744547933
2021-09-21,1.5094308421079217,1.3421721069053165
2021-09-22,1.5094308421079217,1.341719623955343
2021-09-23,1.5094308421079217,1.3415028310254038
2021-09-24,1.5094308421079217,1.3413576152726474
2021-09-27,1.5094308421079217,1.3395862195721016
2021-09-28,1.5094308421079217,1.3391806637175068
2021-09-29,1.5094308421079217,1.3383020988004186
2021-09-30,1.5094308421079217,1.3386097226727434
2021-10-01,1.5094308421079217,1.339273686073942
2021-10-05,1.5094308421079217,1.3390842620842571
2021-10-06,1.5094308421079217,1.3392591479255498
2021-10-07,1.5094308421079217,1.338754321071939
2021-10-08,1.5094308421079217,1.3397854033512986
2021-10-11,1.5094308421079217,1.3396806265655903
2021-10-12,1.5094308421079217,1.3386869802113073
2021-10-13,1.5094308421079217,1.3377235316177958
2021-10-14,1.5094308421079217,1.3372168719766981
2021-10-15,1.5094308421079217,1.337163101944968
2021-10-18,1.5094308421079217,1.3371780267341882
2021-10-19,1.5094308421079217,1.3364553233221297
2021-10-20,1.5094308421079217,1.335912441600313
2021-10-21,1.5094308421079217,1.3350201672205575
2021-10-22,1.5094308421079217,1.3351029041476523
2021-10-25,1.5094308421079217,1.3352040902517759
2021-10-26,1.5094308421079217,1.3344033545357974
2021-10-27,1.5094308421079217,1.3342801485776616
2021-10-28,1.5094308421079217,1.333821237293103
2021-10-29,1.5094308421079217,1.3328369781366232
2021-11-01,1.5094308421079217,1.3322546586125168
2021-11-02,1.5094308421079217,1.3318810221834907
2021-11-03,1.5094308421079217,1.332634820195688
2021-11-04,1.5094308421079217,1.3326645346984178
2021-11-05,1.5094308421079217,1.3320865067266208
2021-11-08,1.5094308421079217,1.3317733011219852
2021-11-09,1.5094308421079217,1.3299421547697765
2021-11-10,1.5094308421079217,1.3290661336642065
2021-11-11,1.5094308421079217,1.3279648238603126
2021-11-12,1.5094308421079217,1.3276284951846486
2021-11-15,1.5094308421079217,1.3270396660704469
2021-11-16,1.5094308421079217,1.3264177804665873
2021-11-17,1.5094308421079217,1.3256308599768747
2021-11-18,1.5094308421079217,1.3261929203171154
2021-11-19,1.5094308421079217,1.32672341805998
2021-11-22,1.5094308421079217,1.3263994114715105
2021-11-23,1.5094308421079217,1.3269693099337285
2021-11-24,1.5094308421079217,1.3264123250679791
2021-11-25,1.5094308421079217,1.3257221966215795
2021-11-26,1.5094308421079217,1.327011431888827
2021-11-29,1.5094308421079217,1.3259300863425254
2021-11-30,1.5094308421079217,1.324639656224963
2021-12-02,1.5094308421079217,1.3235194112209612
2021-12-03,1.5094308421079217,1.3232504695881508
2021-12-06,1.5094308421079217,1.3225287949604123
2021-12-07,1.5094308421079217,1.3216741992402679
2021-12-08,1.5094308421079217,1.3225428996926456
2021-12-09,1.5094308421079217,1.3222137602131085
2021-12-10,1.5094308421079217,1.3221802427167266
2021-12-13,1.5094308421079217,1.322065380147335
2021-12-14,1.5094308421079217,1.3220613223765287
2021-12-15,1.5094308421079217,1.320423201199905
2021-12-16,1.5094308421079217,1.31942988394207
2021-12-17,1.5094308421079217,1.3194107552100836
2021-12-20,1.5094308421079217,1.3202046803879117
2021-12-21,1.5094308421079217,1.3202875511265646
2021-12-22,1.5094308421079217,1.3191213657088736
2021-12-23,1.5094308421079217,1.3186718713532322
2021-12-24,1.5094308421079217,1.3171468493908887
2021-12-27,1.5094308421079217,1.3161342230899937
2021-12-28,1.5094308421079217,1.315559657959972
2021-12-29,1.5094308421079217,1.3147124978202835
2021-12-30,1.5094308421079217,1.31491980499248
2021-12-31,1.5094308421079217,1.314453440888582
2022-01-03,1.5094308421079217,1.3131183672293805
2022-01-04,1.5094308421079217,1.3125005196169748
2022-01-05,1.5094308421079217,1.3119170150677195
2022-01-06,1.5094308421079217,1.311382582577511
2022-01-07,1.5094308421079217,1.3115910688571395
2022-01-10,1.5094308421079217,1.3112951822108494
2022-01-11,1.5094308421079217,1.310943994981733
2022-01-12,1.5094308421079217,1.3111926398005018
2022-01-13,1.5094308421079217,1.3105627743080712
2022-01-14,1.5094308421079217,1.3103267220180728
2022-01-17,1.5094308421079217,1.3088792692002094
2022-01-18,1.5094308421079217,1.3088574016455057
2022-01-19,1.5094308421079217,1.3077310125154786
2022-01-20,1.5094308421079217,1.3064636941163061
2022-01-21,1.5094308421079217,1.3059512113520995
2022-01-24,1.5094308421079217,1.3062864360081528
2022-01-25,1.5094308421079217,1.3074687158483531
2022-01-26,1.5094308421079217,1.3081717923460188
2022-01-27,1.5094308421079217,1.3080185739723653
2022-01-31,1.5094308421079217,1.3059887228491653
2022-02-01,1.5094308421079217,1.3051888668776155
2022-02-02,1.5094308421079217,1.3058369832844663
2022-02-03,1.5094308421079217,1.3060055633457985
2022-02-04,1.5094308421079217,1.3046368236259083
2022-02-07,1.5094308421079217,1.3039629444495808
2022-02-08,1.5094308421079217,1.3032526044353332
2022-02-09,1.5094308421079217,1.302479162253577
2022-02-10,1.5094308421079217,1.3007690215624554
2022-02-11,1.5094308421079217,1.3004252317088432
2022-02-14,1.5094308421079217,1.300011147868047
2022-02-15,1.5094308421079217,1.2994663645499236
2022-02-16,1.5094308421079217,1.298001008536947
2022-02-17,1.5094308421079217,1.2983398892433415
2022-02-18,1.5094308421079217,1.2976441285374325
2022-02-21,1.5094308421079217,1.2971641717150075
2022-02-22,1.5094308421079217,1.2966653948417872
2022-02-23,1.5094308421079217,1.2967230910340801
2022-02-24,1.5094308421079217,1.2966761585611228
2022-02-25,1.5094308421079217,1.2958621517702291
2022-02-28,1.5094308421079217,1.29414347173331
2022-03-01,1.5094308421079217,1.293581940586114
2022-03-02,1.5094308421079217,1.2935783293060201
2022-03-03,1.5094308421079217,1.29339435103674
2022-03-04,1.5094308421079217,1.293244225595041
2022-03-07,1.5094308421079217,1.2939746437114235
2022-03-08,1.5094308421079217,1.2939940234283795
2022-03-09,1.5094308421079217,1.2933373125044165
2022-03-10,1.5094308421079217,1.293841162825735
2022-03-11,1.5094308421079217,1.2926313523489272
2022-03-14,1.5094308421079217,1.2922154958353884
2022-03-15,1.5094308421079217,1.2922962915255596
2022-03-16,1.5094308421079217,1.292186529833179
2022-03-17,1.5094308421079217,1.290527695141663
2022-03-18,1.5094308421079217,1.2899338415882209
2022-03-21,1.5094308421079217,1.2894965420350035
2022-03-22,1.5094308421079217,1.289015638720166
2022-03-23,1.5094308421079217,1.2888332834717997
2022-03-24,1.5094308421079217,1.2886925816027472
2022-03-25,1.5094308421079217,1.2896365995967913
2022-03-28,1.5094308421079217,1.2878000347330754
2022-03-30,1.5094308421079217,1.2873079521306945
2022-03-31,1.5094308421079217,1.2868987912639698
2022-04-01,1.5094308421079217,1.2872269354203967
2022-04-04,1.5094308421079217,1.2869326339454645
2022-04-05,1.5094308421079217,1.288237732222541
2022-04-06,1.5094308421079217,1.2868191621063758
2022-04-07,1.5094308421079217,1.2870354251681702
2022-04-08,1.5094308421079217,1.2872103408579743
2022-04-11,1.5094308421079217,1.2870061467263079
2022-04-12,1.5094308421079217,1.28555245329736
2022-04-13,1.5094308421079217,1.2854791564492551
2022-04-14,1.5094308421079217,1.28565163904614
2022-04-15,1.5094308421079217,1.2844443425024499
2022-04-18,1.5094308421079217,1.2837206577671605
2022-04-19,1.5094308421079217,1.282851829851538
2022-04-20,1.5094308421079217,1.2822024697789072
2022-04-21,1.5094308421079217,1.2804888008265767
2022-04-22,1.5094308421079217,1.2790199348555726
2022-04-25,1.5094308421079217,1.2792921166658218
2022-04-26,1.5094308421079217,1.2780929577517433
2022-04-27,1.5094308421079217,1.2774212012680728
2022-04-28,1.5094308421079217,1.277175279186964
2022-04-29,1.5094308421079217,1.2775356998776366
2022-05-02,1.5094308421079217,1.277001088035038
2022-05-03,1.5094308421079217,1.2774150402473765
2022-05-04,1.5094308421079217,1.2768567274863403
2022-05-05,1.5094308421079217,1.2763477668006213
2022-05-06,1.5094308421079217,1.2777235962532192
2022-05-09,1.5094308421079217,1.277207293594165
2022-05-10,1.5094308421079217,1.2764365581406487
2022-05-11,1.5094308421079217,1.2764973512722537
2022-05-12,1.5094308421079217,1.2762550559206212
2022-05-13,1.5094308421079217,1.2762455065080358
2022-05-16,1.5094308421079217,1.2761035269258028
2022-05-17,1.5094308421079217,1.2764296196026
2022-05-18,1.5094308421079217,1.2771723064471556
2022-05-19,1.5094308421079217,1.2776362907063916
2022-05-20,1.5094308421079217,1.2773004734714493
2022-05-23,1.5094308421079217,1.2768303537929426
2022-05-24,1.5094308421079217,1.2770655533860913
2022-05-25,1.5094308421079217,1.2777534671025
2022-05-27,1.5094308421079217,1.2779437512232716
2022-05-30,1.5094308421079217,1.2784204119005838
2022-05-31,1.5094308421079217,1.2796473092998113
2022-06-01,1.5094308421079217,1.2793983634353039
2022-06-02,1.5094308421079217,1.2797594886570465
2022-06-03,1.5094308421079217,1.2798832907603757
2022-06-06,1.5094308421079217,1.2787200014169382
2022-06-07,1.5094308421079217,1.2784346167087102
2022-06-08,1.5094308421079217,1.2784172260701347
2022-06-09,1.5094308421079217,1.27911770768261
2022-06-10,1.5094308421079217,1.279236643070203
2022-06-13,1.5094308421079217,1.2787178331347566
2022-06-14,1.5094308421079217,1.2800196779414459
2022-06-15,1.5094308421079217,1.2797345346116817
2022-06-16,1.5094308421079217,1.2795065330260096
2022-06-17,1.5094308421079217,1.279613170191483
2022-06-20,1.5094308421079217,1.2794532172873783
2022-06-21,1.5094308421079217,1.2796763338485617
2022-06-22,1.5094308421079217,1.2789106820327587
2022-06-23,1.5094308421079217,1.2796778722193007
2022-06-24,1.5094308421079217,1.2802399593966052
2022-06-27,1.5094308421079217,1.2806961460478232
2022-06-28,1.5094308421079217,1.2817215267478363
2022-06-29,1.5094308421079217,1.2814555254451203
2022-06-30,1.5094308421079217,1.280425210600608
2022-07-01,1.5094308421079217,1.281282138573318
2022-07-04,1.5094308421079217,1.2816127644641264
2022-07-05,1.5094308421079217,1.2819277575518753
2022-07-06,1.5094308421079217,1.2828205488749116
2022-07-07,1.5094308421079217,1.284014441664786
2022-07-08,1.5094308421079217,1.2841438037616029
2022-07-11,1.5094308421079217,1.2847599648716783
2022-07-12,1.5094308421079217,1.283759164690281
2022-07-13,1.5094308421079217,1.283841179647945
2022-07-14,1.5094308421079217,1.2839937292437174
2022-07-15,1.5094308421079217,1.2834671787473624
2022-07-18,1.5094308421079217,1.2845996528551722
2022-07-19,1.5094308421079217,1.285612151005038
2022-07-20,1.5094308421079217,1.28599827624625
2022-07-21,1.5094308421079217,1.284979548725064
2022-07-22,1.5094308421079217,1.2851449179374952
2022-07-26,1.5094308421079217,1.2855397821931287
2022-07-27,1.5094308421079217,1.2853971214019586
2022-07-28,1.5094308421079217,1.2854311983374958
2022-07-29,1.5094308421079217,1.2864771846340683
2022-08-01,1.5094308421079217,1.2867179995619704
2022-08-02,1.5094308421079217,1.2877889351663558
2022-08-03,1.5094308421079217,1.2880655913061292
2022-08-04,1.5094308421079217,1.288821766379723
2022-08-05,1.5094308421079217,1.2876950787369519
2022-08-08,1.5094308421079217,1.2876717271945763
2022-08-09,1.5094308421079217,1.288266200072781
2022-08-10,1.5094308421079217,1.2886605614834812
2022-08-11,1.5094308421079217,1.2886798983048344
2022-08-12,1.5094308421079217,1.287784551930825
2022-08-15,1.5094308421079217,1.2884422924685375
2022-08-16,1.5094308421079217,1.2894209100572593
2022-08-17,1.5094308421079217,1.2889825144264009
2022-08-18,1.5094308421079217,1.2895541539115645
2022-08-19,1.5094308421079217,1.2899124472585037
2022-08-22,1.5094308421079217,1.2900106162403642
2022-08-23,1.5094308421079217,1.2902305560217102
2022-08-24,1.5094308421079217,1.2894894418515086
2022-08-25,1.5094308421079217,1.290154636868442
2022-08-26,1.5094308421079217,1.2902732445532292
2022-08-29,1.5094308421079217,1.2900998347688573
2022-08-30,1.5094308421079217,1.2900053122533905
2022-08-31,1.5094308421079217,1.2896556002026338
2022-09-01,1.5094308421079217,1.2894689328477948
2022-09-02,1.5094308421079217,1.2891943815726963
2022-09-05,1.5094308421079217,1.2892019353777997
2022-09-06,1.5094308421079217,1.2892944807653974
2022-09-07,1.5094308421079217,1.2902576466359759
2022-09-08,1.5094308421079217,1.2905797423533845
2022-09-09,1.5094308421079217,1.29053866770767
2022-09-12,1.5094308421079217,1.290530935237087
2022-09-13,1.5094308421079217,1.2915595958244492
2022-09-14,1.5094308421079217,1.291698488088431
2022-09-15,1.5094308421079217,1.2920554500526635
2022-09-16,1.5094308421079217,1.2916758223789846
2022-09-19,1.5094308421079217,1.2918080852832599
2022-09-20,1.5094308421079217,1.2923929728324666
2022-09-22,1.5094308421079217,1.2926206890222547
2022-09-23,1.5094308421079217,1.2929232923292309
2022-09-26,1.5094308421079217,1.293378633021951
2022-09-27,1.5094308421079217,1.2930526296813434
2022-09-28,1.5094308421079217,1.2927612689632213
2022-09-29,1.5094308421079217,1.291994562949609
2022-09-30,1.5094308421079217,1.2925835748842178
2022-10-03,1.5094308421079217,1.2927950469104135
2022-10-04,1.5094308421079217,1.2936843884185787
2022-10-05,1.5094308421079217,1.2938563443665774
2022-10-06,1.5094308421079217,1.2943490531551571
2022-10-07,1.5094308421079217,1.294551101915125
2022-10-10,1.5094308421079217,1.2929097897841204
2022-10-11,1.5094308421079217,1.2929331905222452
2022-10-12,1.5094308421079217,1.2938776174041764
2022-10-13,1.5094308421079217,1.293943735550103
2022-10-14,1.5094308421079217,1.2956360488788028
2022-10-17,1.5094308421079217,1.295848046733544
2022-10-18,1.5094308421079217,1.2956997765915932
2022-10-19,1.5094308421079217,1.2950061284314038
2022-10-20,1.5094308421079217,1.2947011067113106
2022-10-21,1.5094308421079217,1.2952237278205045
2022-10-24,1.5094308421079217,1.2958580748522572
2022-10-25,1.5094308421079217,1.296350074100732
2022-10-26,1.5094308421079217,1.2972328104134534
2022-10-27,1.5094308421079217,1.297119925519145
2022-10-28,1.5094308421079217,1.2972386258709483
2022-10-31,1.5094308421079217,1.297705559697515
2022-11-01,1.5094308421079217,1.2981857544587332
2022-11-02,1.5094308421079217,1.2980534264289532
2022-11-03,1.5094308421079217,1.2971514588151383
2022-11-04,1.5094308421079217,1.297772925621557
2022-11-07,1.5094308421079217,1.298839309375943
2022-11-08,1.5094308421079217,1.298895543570644
2022-11-09,1.5094308421079217,1.2989412327887846
2022-11-10,1.5094308421079217,1.2989778472423883
2022-11-11,1.5094308421079217,1.2992836336277318
2022-11-14,1.5094308421079217,1.299887133817498
2022-11-15,1.5094308421079217,1.2999439457458408
2022-11-16,1.5094308421079217,1.2997032896632084
2022-11-17,1.5094308421079217,1.3011408377014644
2022-11-21,1.5094308421079217,1.3015058509660329
2022-11-22,1.5094308421079217,1.302395909604331
2022-11-23,1.5094308421079217,1.3014885528681628
2022-11-24,1.5094308421079217,1.3022431124479281
2022-11-25,1.5094308421079217,1.302025478888055
2022-11-28,1.5094308421079217,1.3021082782432363
2022-11-29,1.5094308421079217,1.3023770440365006
2022-11-30,1.5094308421079217,1.303172060320258
2022-12-01,1.5094308421079217,1.3033531661674762
2022-12-02,1.5094308421079217,1.3028455135857306
2022-12-05,1.5094308421079217,1.3032017320387592
2022-12-06,1.5094308421079217,1.3040799437161281
2022-12-07,1.5094308421079217,1.303458016683081
2022-12-08,1.5094308421079217,1.304171402376468
2022-12-09,1.5094308421079217,1.3049740660455804
2022-12-12,1.5094308421079217,1.305020875467299
2022-12-13,1.5094308421079217,1.3044668558515207
2022-12-14,1.5094308421079217,1.3039372242631628
2022-12-15,1.5094308421079217,1.3042053601301733
2022-12-16,1.5094308421079217,1.303924877431712
2022-12-19,1.5094308421079217,1.3042137924928523
2022-12-20,1.5094308421079217,1.3052613273579587
2022-12-21,1.5094308421079217,1.3053185055044672
2022-12-22,1.5094308421079217,1.3057292396923807
2022-12-23,1.5094308421079217,1.306629346760476
2022-12-26,1.5094308421079217,1.3064843907604078
2022-12-27,1.5094308421079217,1.3061192068619185
2022-12-28,1.5094308421079217,1.3059083107116154
2022-12-29,1.5094308421079217,1.3062640516804496
2022-12-30,1.5094308421079217,1.3061652324328765
2023-01-02,1.5094308421079217,1.3060959021431453
2023-01-03,1.5094308421079217,1.3065367383619577
2023-01-04,1.5094308421079217,1.3073105499491067
2023-01-05,1.5094308421079217,1.3068441164213056
2023-01-06,1.5094308421079217,1.3074482167348338
2023-01-09,1.5094308421079217,1.3074437219392578
2023-01-10,1.5094308421079217,1.3082592207856767
2023-01-11,1.5094308421079217,1.3069765341619468
2023-01-12,1.5094308421079217,1.3078504296492655
2023-01-13,1.5094308421079217,1.3083711202707258
2023-01-16,1.5094308421079217,1.3086357100247523
2023-01-18,1.5094308421079217,1.3085036042576785
2023-01-19,1.5094308421079217,1.3081679939327076
2023-01-20,1.5094308421079217,1.3081596288473787
2023-01-23,1.5094308421079217,1.3093517663059249
2023-01-24,1.5094308421079217,1.3096945588895164
2023-01-25,1.5094308421079217,1.3100921513226025
2023-01-26,1.5094308421079217,1.3090718257111578
2023-01-27,1.5094308421079217,1.310361011960584
2023-01-30,1.5094308421079217,1.309929185903691
2023-01-31,1.5094308421079217,1.3103355917130013
2023-02-01,1.5094308421079217,1.3099928416607998
2023-02-02,1.5094308421079217,1.310351943130476
2023-02-03,1.5094308421079217,1.3111570140980016
2023-02-06,1.5094308421079217,1.3107424157125385
2023-02-07,1.5094308421079217,1.3105349902527883
2023-02-08,1.5094308421079217,1.3099025765076673
2023-02-09,1.5094308421079217,1.3103854031449202
2023-02-10,1.5094308421079217,1.3112837229109893
2023-02-13,1.5094308421079217,1.312092157541173
2023-02-14,1.5094308421079217,1.3115326287514486
2023-02-15,1.5094308421079217,1.311292797429248
2023-02-16,1.5094308421079217,1.3117617194972202
2023-02-17,1.5094308421079217,1.3123686474869527
2023-02-20,1.5094308421079217,1.312616498396145
2023-02-21,1.5094308421079217,1.31365338209609
2023-02-22,1.5094308421079217,1.3139778371925845
2023-02-23,1.5094308421079217,1.3145514363987612
2023-02-24,1.5094308421079217,1.3150359472776625
2023-02-27,1.5094308421079217,1.3151222855542353
2023-02-28,1.5094308421079217,1.3158396867382043
2023-03-01,1.5094308421079217,1.3147054972966892
2023-03-02,1.5094308421079217,1.3139516581689399
2023-03-03,1.5094308421079217,1.3145510616287392
2023-03-06,1.5094308421079217,1.3144769168912558
2023-03-07,1.5094308421079217,1.3139506621648873
2023-03-08,1.5094308421079217,1.313787023538675
2023-03-09,1.5094308421079217,1.3144229023456284
2023-03-10,1.5094308421079217,1.3143884416783316
2023-03-13,1.5094308421079217,1.315003122052291
2023-03-14,1.5094308421079217,1.3162807759978161
2023-03-15,1.5094308421079217,1.3162542107030082
2023-03-17,1.5094308421079217,1.3147386886215837
2023-03-20,1.5094308421079217,1.3162507257354603
2023-03-21,1.5094308421079217,1.3160210121313412
2023-03-22,1.5094308421079217,1.3166597658036496
2023-03-23,1.5094308421079217,1.3167263807407896
2023-03-24,1.5094308421079217,1.3186970398320776
2023-03-27,1.5094308421079217,1.3199099616966032
2023-03-28,1.5094308421079217,1.3203483871794928
2023-03-29,1.5094308421079217,1.3204773087699686
2023-03-30,1.5094308421079217,1.3205960007661626
2023-03-31,1.5094308421079217,1.3206993500755386
2023-04-03,1.5094308421079217,1.319428824128818
2023-04-04,1.5094308421079217,1.3192412163387965
2023-04-05,1.5094308421079217,1.3191394569433694
2023-04-06,1.5094308421079217,1.3194195833267166
2023-04-07,1.5094308421079217,1.3205539865966356
2023-04-10,1.5094308421079217,1.319714211527501
2023-04-11,1.5094308421079217,1.3207158008447353
2023-04-12,1.5094308421079217,1.3202272226705518
2023-04-13,1.5094308421079217,1.3194117767083473
2023-04-14,1.5094308421079217,1.3198891420035543
2023-04-17,1.5094308421079217,1.3208775867733575
2023-04-18,1.5094308421079217,1.3213110086642619
2023-04-19,1.5094308421079217,1.3205648653094968
2023-04-20,1.5094308421079217,1.3210398137371597
2023-04-21,1.5094308421079217,1.3211795194506941
2023-04-24,1.5094308421079217,1.3215529923420481
2023-04-25,1.5094308421079217,1.3215307603094273
2023-04-26,1.5094308421079217,1.3214389376864526
2023-04-27,1.5094308421079217,1.321460888675994
2023-04-28,1.5094308421079217,1.3222504042437346
2023-05-01,1.5094308421079217,1.322198017981192
2023-05-02,1.5094308421079217,1.3224412243102697
2023-05-03,1.5094308421079217,1.3228875213482647
2023-05-04,1.5094308421079217,1.322707726846341
2023-05-05,1.5094308421079217,1.3235345377926824
2023-05-08,1.5094308421079217,1.3244328325630295
2023-05-09,1.5094308421079217,1.3249135319839198
2023-05-10,1.5094308421079217,1.325964512550763
2023-05-11,1.5094308421079217,1.3262773778616768
2023-05-12,1.5094308421079217,1.3260790335968258
2023-05-16,1.5094308421079217,1.3272462455805938
2023-05-17,1.5094308421079217,1.3280326294771894
2023-05-18,1.5094308421079217,1.3287698642684171
2023-05-19,1.5094308421079217,1.3301138817187024
2023-05-22,1.5094308421079217,1.330046900044339
2023-05-23,1.5094308421079217,1.32981485413378
2023-05-24,1.5094308421079217,1.3296485423210955
2023-05-25,1.5094308421079217,1.3298858374563012
2023-05-26,1.5094308421079217,1.330595385098202
2023-05-29,1.5094308421079217,1.3302649463641127
2023-05-30,1.5094308421079217,1.3304915227445493
2023-05-31,1.5094308421079217,1.3306152901461825
2023-06-01,1.5094308421079217,1.3307224503787982
2023-06-02,1.5094308421079217,1.331016314659846
2023-06-05,1.5094308421079217,1.3317978092302512
2023-06-06,1.5094308421079217,1.3312255861418596
2023-06-07,1.5094308421079217,1.332175797939105
2023-06-08,1.5094308421079217,1.3333659958171868
2023-06-09,1.5094308421079217,1.333406636278674
2023-06-12,1.5094308421079217,1.3332805164788177
2023-06-13,1.5094308421079217,1.3329816371354186
2023-06-14,1.5094308421079217,1.3338207693048927
2023-06-15,1.5094308421079217,1.3344532902079105
2023-06-16,1.5094308421079217,1.3353527826934144
2023-06-19,1.5094308421079217,1.3357405832761757
2023-06-20,1.5094308421079217,1.3361379504596054
2023-06-21,1.5094308421079217,1.3358337783370897
2023-06-22,1.5094308421079217,1.3364037890120946
2023-06-23,1.5094308421079217,1.3363437979235753
2023-06-26,1.5094308421079217,1.3376534889279443
2023-06-27,1.5094308421079217,1.3382349533817726
2023-06-28,1.5094308421079217,1.3388011521731642
2023-06-29,1.5094308421079217,1.3379312430393908
2023-06-30,1.5094308421079217,1.3380270465264972
2023-07-03,1.5094308421079217,1.3391102204293746
2023-07-04,1.5094308421079217,1.3402093853151984
2023-07-05,1.5094308421079217,1.3398188736898622
2023-07-06,1.5094308421079217,1.339302244398772
2023-07-07,1.5094308421079217,1.3388572828342087
2023-07-10,1.5094308421079217,1.338714148942961
2023-07-11,1.5094308421079217,1.3386839521936107
2023-07-13,1.5094308421079217,1.3393131805108345
2023-07-14,1.5094308421079217,1.3406226361171438
2023-07-17,1.5094308421079217,1.3411488664984839
2023-07-18,1.5107071215259822,1.3422828573029097
2023-07-19,1.5104407706268663,1.3420462010769503
2023-07-20,1.5104407706268663,1.3420417023401683
2023-07-21,1.5104407706268663,1.3417032955786927
2023-07-24,1.5107018749112073,1.3419352308426256
2023-07-25,1.5113110657522448,1.3424763664998134
2023-07-26,1.5114448620935654,1.3425952159082624
2023-07-27,1.5123941122978206,1.3434384215156225
2023-07-28,1.5118283750245674,1.3429358850516204
2023-07-31,1.5119103919735266,1.343008739553996
2023-08-01,1.5120886460045149,1.343167080102979
2023-08-02,1.5113101397409383,1.3424755439369922
2023-08-03,1.5113101397409383,1.3437073801024906
2023-08-04,1.5123200662998917,1.3446053068317187
2023-08-07,1.5138145334081432,1.3459340390554184
2023-08-08,1.5136528028656933,1.3457902442658756
2023-08-09,1.5136528028656933,1.3450473867983093
2023-08-10,1.5136528028656933,1.3448880669621297
2023-08-11,1.5136528028656933,1.3435674785989105
2023-08-14,1.5136528028656933,1.3453267295944298
2023-08-15,1.5136528028656933,1.345422557450672
2023-08-16,1.5136528028656933,1.345586588267586
2023-08-17,1.5136528028656933,1.346071784854301
2023-08-18,1.5136528028656933,1.346783780398997
2023-08-21,1.5136528028656933,1.3475463862281485
2023-08-22,1.5136528028656933,1.3466672289166728
2023-08-23,1.5136528028656933,1.346629638508406
2023-08-24,1.5136528028656933,1.347183742913402
2023-08-25,1.5136528028656933,1.3461570592109864
2023-08-28,1.5136528028656933,1.3478226742136403
2023-08-29,1.514454344135635,1.3485364016258319
2023-08-30,1.5162677611045388,1.350151147427422
2023-08-31,1.516718055270049,1.350552109051641
2023-09-01,1.5170717544991672,1.3508670583187086
2023-09-04,1.5173372021649754,1.3511034245330187
2023-09-05,1.5175607553268582,1.3513024860482534
2023-09-06,1.518707709942854,1.3523237846147456
2023-09-07,1.518119964445025,1.351800430311076
2023-09-11,1.5174282831442782,1.3509299753521018
2023-09-12,1.5187203562540772,1.3520802770261664
2023-09-13,1.5189418809477986,1.3522774951433936
2023-09-14,1.5195884910269521,1.3528531565753021
2023-09-15,1.5203345150652317,1.3535173238686367
2023-09-18,1.5197943472756803,1.3530364254520653
2023-09-19,1.5198585011433718,1.3530935401004887
2023-09-20,1.5207400224440084,1.3538783373539534
2023-09-21,1.5212008788196907,1.354288626722589
2023-09-22,1.52225028801381,1.3552228905375538
2023-09-25,1.5217397814213918,1.3547683987727874
2023-09-26,1.5221234344757553,1.3551099558776816
2023-09-27,1.5215112604250987,1.3545649520153238
2023-09-28,1.5215112604250987,1.3548303964122257
2023-09-29,1.5222288319633248,1.3554693583160091
2023-10-02,1.5229513351777633,1.356112711633127
2023-10-03,1.522467577220183,1.3556819491389651
2023-10-04,1.5232135333737835,1.356346186136466
2023-10-05,1.523183513878151,1.3563194552628763
2023-10-06,1.5231861246390648,1.3563217800161238
2023-10-09,1.5245468441669303,1.3575334333408773
2023-10-10,1.5247468024848794,1.3577114863163755
2023-10-11,1.5253468090272837,1.3582457624159612
2023-10-12,1.5251390404697676,1.358060754809075
2023-10-13,1.5263299565032247,1.3591212065347176
2023-10-16,1.5258623617337863,1.3587048365588152
2023-10-17,1.5257073768084175,1.3585668301612703
2023-10-18,1.5260152756106566,1.3588409987902794
2023-10-19,1.5258641949251026,1.3587064689248598
2023-10-20,1.5253342949508533,1.3582346192508912
2023-10-23,1.5252340181958555,1.3581453277686273
2023-10-24,1.5256845344980807,1.3585464902156035
2023-10-25,1.5265876112388317,1.3593506353116578
2023-10-26,1.5278162703738278,1.3604446953992955
2023-10-27,1.5277940317094032,1.3604248929704066
2023-10-30,1.5274283824793151,1.3600993004465565
2023-10-31,1.5277631101135165,1.3603973588212337
2023-11-01,1.52687455429758,1.359606143889309
2023-11-02,1.5271010104500644,1.3598077918736655
2023-11-03,1.5271010104500644,1.3600118696901873
2023-11-06,1.5271010104500644,1.3595344726207135
2023-11-08,1.5271010104500644,1.3601715588254815
2023-11-09,1.5271010104500644,1.3607682289695726
2023-11-10,1.5271010104500644,1.3611748199786409
2023-11-13,1.5271010104500644,1.3619886065779891
2023-11-14,1.5271010104500644,1.362837695677374
2023-11-15,1.5269555120255605,1.36270784785708
2023-11-16,1.5269555120255605,1.3627995459921092
2023-11-17,1.5269555120255605,1.3639441175028
2023-11-20,1.5269555120255605,1.3631983238464107
2023-11-21,1.5269555120255605,1.3629221088816914
2023-11-22,1.5269555120255605,1.3639432402732714
2023-11-23,1.5269555120255605,1.3645440642454976
2023-11-24,1.5274337313054338,1.3649714187261095
2023-11-27,1.5263454541430397,1.3639988939010548
2023-11-28,1.5269572494098174,1.364545616836491
2023-11-29,1.526744057351717,1.364355100508324
2023-11-30,1.5260947288071203,1.363774836444115
2023-12-01,1.5270002894430383,1.3645840790060788
2023-12-04,1.5276123414414198,1.3651310313663954
2023-12-05,1.5286815291094995,1.3660864971115023
2023-12-06,1.5289683239796747,1.3663427876416923
2023-12-07,1.529541947768428,1.3668553991289876
2023-12-08,1.5291290416861243,1.3664864109435029
2023-12-11,1.5288254242468917,1.3662150871418313
2023-12-12,1.5298257543417637,1.3671090192063176
2023-12-13,1.5313840095923892,1.3685015338775537
2023-12-14,1.5318499069580715,1.3689178770387542
2023-12-15,1.5317357349211078,1.368815848673085
2023-12-18,1.5325262673545905,1.3695222977681678
2023-12-19,1.533085071516371,1.3700216658872963
2023-12-20,1.5336415399758576,1.3705189467362486
2023-12-21,1.5331993824597883,1.3701238183849231
2023-12-22,1.5337650092502546,1.370629283458025
2023-12-25,1.5344332495991275,1.371226447811775
2023-12-26,1.5354719475761902,1.3721546668384477
2023-12-27,1.5363599936364374,1.3729482577261607
2023-12-28,1.5356983487849922,1.3723569873534696
2023-12-29,1.5360300337627673,1.3726533933483123
2024-01-01,1.5370100569559444,1.3735291784124748
2024-01-02,1.5377273501714173,1.3741701782266729
2024-01-03,1.5373911818125734,1.373869765716266
2024-01-05,1.537401635584126,1.3731904236492916
2024-01-08,1.538005636952003,1.3737299111033456
2024-01-09,1.5386250632620042,1.3742831759479788
2024-01-10,1.5406987944114514,1.3761354100615208
2024-01-11,1.5405327944608085,1.3759871407106412
2024-01-12,1.540766484451314,1.3761958700690844
2024-01-15,1.5407615929086067,1.3761915009963273
2024-01-16,1.541865757946194,1.3771777292015337
2024-01-17,1.5425660685368283,1.3778032390061161
2024-01-18,1.5434533502850905,1.3785957494156225
2024-01-19,1.5429254526536187,1.378124236991396
2024-01-22,1.5438950620339502,1.3789902815466601
2024-01-23,1.543147349891501,1.378322433191427
2024-01-24,1.5432685462291322,1.3784306844423457
2024-01-25,1.544391697539755,1.379433870980176
2024-01-26,1.5450516321749943,1.380023317420436
2024-01-29,1.545366302879269,1.3803043778718571
2024-01-30,1.5470075332719622,1.3817703070123526
2024-01-31,1.5462250763739909,1.3810714250192915
2024-02-01,1.5460205777492961,1.380888769071372
2024-02-02,1.5456917283655784,1.3805950443776471
2024-02-05,1.545996076393403,1.380866884726709
2024-02-06,1.5469854739018059,1.381750603822796
2024-02-07,1.5476770545500302,1.382368316137745
2024-02-08,1.5472670928072545,1.3820021427669014
2024-02-09,1.548242004087145,1.3828729229212002
2024-02-12,1.5499107071767635,1.3843633903758596
2024-02-13,1.55039755030778,1.3847982333666942
2024-02-14,1.5505513118196648,1.384935571477152
2024-02-15,1.5503517770759836,1.3847573492137784
2024-02-16,1.549983007961957,1.384427968651017
2024-02-19,1.5503158847455172,1.3847252905744885
2024-02-20,1.5505181721926677,1.384905971522669
2024-02-21,1.5503555765326136,1.384760742847126
2024-02-22,1.5512310162498133,1.385542676083254
2024-02-23,1.5511065534258115,1.3854315072422279
2024-02-26,1.5506919866184523,1.3850612206777724
2024-02-27,1.5516998488666331,1.3859614322786489
2024-02-28,1.552721018294053,1.3868735297073236
2024-02-29,1.553788720820627,1.3878271899941752
2024-03-01,1.5545896122179197,1.388542537481579
2024-03-05,1.5550388739093604,1.3883931462093049
2024-03-06,1.5558793022157051,1.3891435100233465
2024-03-07,1.5566820029543293,1.3898601893441414
2024-03-08,1.5563668845034284,1.3895788405593517
2024-03-11,1.556753891085599,1.3899243735844347
2024-03-12,1.5576493141320764,1.39072383862775
2024-03-13,1.5580671731569582,1.3910969177937833
2024-03-14,1.5572894147664262,1.3904025078745594
2024-03-15,1.5578450816230829,1.3908986266972472
2024-03-18,1.5569029295133412,1.390057440310335
2024-03-19,1.5567456097597547,1.389916979726804
2024-03-20,1.5574316323934758,1.3905294847508156
2024-03-21,1.5574316323934758,1.3898112549954798
2024-03-22,1.5574316323934758,1.3909269347448314
2024-03-25,1.5574316323934758,1.3920281601943967
2024-03-26,1.5586521652240115,1.3931190691211253
2024-03-27,1.5585183013717447,1.3929994219737887
2024-03-28,1.5572796558476087,1.3918923239707475
2024-03-29,1.5569084673385856,1.3915605566902107
2024-04-01,1.5569084673385856,1.3911749104629028
2024-04-02,1.5569084673385856,1.3920886217362187
2024-04-03,1.558139238586375,1.393189099179788
2024-04-04,1.55988049337527,1.3947460185684453
2024-04-05,1.5590739683194161,1.394024875112068
2024-04-08,1.5593355958712822,1.3942588058444945
2024-04-09,1.5604072218534693,1.39521698570404
2024-04-10,1.5604072218534693,1.3953922083548804
2024-04-11,1.5616205656377768,1.3964772395178788
2024-04-12,1.5618785970791955,1.3967079838119476
2024-04-15,1.5619261612217736,1.396750517987015
2024-04-16,1.5620950966105742,1.3969015882473588
2024-04-17,1.562383452059463,1.3971594497472166
2024-04-18,1.563754926018853,1.3983858886216927
2024-04-19,1.5642136216870195,1.398796076649793
2024-04-22,1.5633724786479855,1.3980438855381767
2024-04-23,1.5639658638153853,1.3985745194826669
2024-04-24,1.5639457973133568,1.3985565750383018
2024-04-25,1.5653199409664333,1.399785401283021
2024-04-26,1.5655143819647181,1.3999592799027758
2024-04-29,1.5655143819647181,1.400973516205089
2024-04-30,1.5654371120266597,1.4009043675993236
2024-05-02,1.564920889699991,1.4005595710385732
2024-05-03,1.564920889699991,1.400130604207111
2024-05-06,1.564920889699991,1.4003905794423186
2024-05-07,1.5653878274126398,1.4008084249566086
2024-05-08,1.565889755608236,1.4012575821768207
2024-05-09,1.5662124837818416,1.4015463798387426
2024-05-10,1.5670217767418222,1.4022705865667793
2024-05-13,1.568220527587824,1.4033433049405248
2024-05-14,1.5692178865495887,1.4042358050685315
2024-05-15,1.5701329396116293,1.4050546526513106
2024-05-16,1.5717493747047158,1.4065011414109259
2024-05-17,1.5718972841275083,1.4066335001542034
2024-05-20,1.5710472391893775,1.4058728259685012
2024-05-21,1.5719629370021952,1.4066922505152153
2024-05-22,1.5723361535384224,1.407026228369856
2024-05-23,1.5712186765731464,1.4060262390252085
2024-05-24,1.5705463915216094,1.4054246356731994
2024-05-27,1.5700586288971454,1.4049881547055039
2024-05-28,1.5707939607108659,1.4056461763035768
2024-05-29,1.5699959721247392,1.4049320854470553
2024-05-30,1.5709776490095686,1.40581055225686
2024-05-31,1.5716885732777346,1.406446732433372
2024-06-03,1.5739253170580476,1.408448312793883
2024-06-04,1.5731913991998172,1.4077915564929637
2024-06-05,1.573335507452228,1.4079205137076218
2024-06-06,1.574070317000249,1.4085780679491848
2024-06-07,1.5746927729029017,1.4091350810147847
2024-06-10,1.575588449305504,1.409936589132344
2024-06-11,1.5752244750471043,1.4096108818547577
2024-06-12,1.574852565774529,1.4092780738226394
2024-06-13,1.5759494001844225,1.4102595908979962
2024-06-14,1.5765144216312845,1.4107652079656552
2024-06-17,1.5772893954959566,1.41145870378806
2024-06-18,1.5773202198928504,1.4114862874156486
2024-06-19,1.5772604718570555,1.4114328210794154
2024-06-20,1.5780447725306344,1.4121346631226517
2024-06-21,1.5785219248355877,1.4125616493027289
2024-06-24,1.5784599765399916,1.412506214034316
2024-06-25,1.5781654343635094,1.4122426389923386
2024-06-26,1.5785986358593518,1.412630295197691
2024-06-27,1.5781095015447528,1.4121925867545648
2024-07-01,1.578411706054195,1.413626892430908
2024-07-02,1.5784972010200777,1.4137034617964772
2024-07-03,1.5786819404655312,1.413868914603995
2024-07-04,1.5784176642183472,1.4136322285678886
2024-07-05,1.5778898698383572,1.41315953546357
2024-07-08,1.5774186458795656,1.4127375068775234
2024-07-09,1.5779432184331075,1.4132073145112818
2024-07-10,1.5789188691214944,1.414081108113694
2024-07-11,1.5810603011151043,1.4159989764638006
2024-07-12,1.58106276393435,1.4160011821668523
2024-07-15,1.5812990996414442,1.4162128446310298
2024-07-16,1.5812701485890825,1.416186916043434
2024-07-17,1.5810813351755542,1.416017814586576
2024-07-18,1.5816225595547484,1.416502535609826
2024-07-19,1.5830162395271155,1.4177507166014036
2024-07-22,1.5839958909607346,1.4186280932747144
2024-07-23,1.5839999588936902,1.4186317365189964
2024-07-24,1.5826616788729704,1.417433171772146
2024-07-25,1.5828668338919576,1.4176169087850212
2024-07-26,1.582652734910906,1.4174251615519669
2024-07-29,1.5821708107446804,1.416993549850865
2024-07-30,1.5830265652830706,1.4177599643573897
2024-07-31,1.5834638881719052,1.4181516311157905
2024-08-01,1.5841281595021415,1.4187465530950758
2024-08-02,1.5841292137389076,1.4187474972704375
2024-08-05,1.5844737711354338,1.4190560831734989
2024-08-06,1.5850833193765366,1.4196019951067111
2024-08-07,1.5858864184406756,1.420321251324844
2024-08-08,1.5854813770826426,1.4199584959334173
2024-08-09,1.5844999577586725,1.4190795359359754
2024-08-12,1.585182703089976,1.4196910032466337
2024-08-13,1.5858886143685347,1.4203232179997385
2024-08-14,1.5863062402484431,1.4206972440998678
2024-08-15,1.5865279728171944,1.4208958279806845
2024-08-16,1.58748351452131,1.4217516119593485
2024-08-19,1.5897494374600993,1.423780974507892
2024-08-20,1.5896497633172315,1.4236917062591217
2024-08-21,1.5894399037036353,1.4235037558072359
2024-08-22,1.5906415456768956,1.4245799474003158
2024-08-23,1.591281005703773,1.4251526483548014
2024-08-26,1.5900005005329643,1.4240058268136224
2024-08-28,1.5898684059532526,1.4229525172396063
2024-08-29,1.590045470061126,1.4231109918762916
2024-08-30,1.5902463017127262,1.423290738767994
2024-09-02,1.5904096993136903,1.4234369817065493
2024-09-03,1.590118553636086,1.4231764026087579
2024-09-04,1.5909779735289655,1.4239455943829697
2024-09-05,1.592110897597587,1.424959575885621
2024-09-06,1.591926581317027,1.4247946104618103
2024-09-09,1.5919631914136994,1.4248273769656425
2024-09-10,1.5917335097705942,1.424621808963287
2024-09-11,1.592628649052782,1.4254229700468708
2024-09-12,1.592709037885249,1.425494919078054
2024-09-13,1.5938721938381557,1.426535958503036
2024-09-16,1.5947772526367814,1.4273459976804497
2024-09-17,1.596065102404608,1.428498639661442
2024-09-18,1.5961160278771782,1.4285442186094317
2024-09-19,1.5976066963768152,1.4298783859442787
2024-09-20,1.5977742395729593,1.4300283392434365
2024-09-23,1.5971449169580025,1.4294650874700474
2024-09-24,1.5983298726455246,1.4305256379357736
2024-09-25,1.5975883556904367,1.4298619707958597
2024-09-26,1.5955369895329783,1.4280259719002244
2024-09-27,1.5966092419381313,1.4289856514896266
2024-09-30,1.5974600738691673,1.4297471569283675
2024-10-01,1.595934182377597,1.4283814645661355
2024-10-02,1.5975091763701783,1.4297911042935423
2024-10-03,1.5978663573442253,1.430110785824559
2024-10-04,1.5980226325219435,1.4302506541033948
2024-10-07,1.5972526009761976,1.4295614660408669
2024-10-08,1.5971566790619762,1.4294756147032412
2024-10-09,1.598155082781615,1.430369198776465
2024-10-10,1.599710028980227,1.4317608954723688
2024-10-11,1.6006439006531497,1.4325967225400609
2024-10-14,1.601604417180663,1.4334563970927203
2024-10-15,1.6018061208521404,1.4336369244533438
2024-10-16,1.6030118007583098,1.434716023359294
2024-10-17,1.6040414450519571,1.4356375681450262
2024-10-18,1.6028227394902654,1.4345468111111173
2024-10-21,1.6035167800014818,1.4351679862277518
2024-10-22,1.6049007383725995,1.4364066466354701
2024-10-23,1.6043852559348197,1.4359452832737698
2024-10-25,1.6054087432608835,1.4370896146491405
2024-10-28,1.6048162816397606,1.4365592696847396
2024-10-29,1.6055743415357586,1.4372378507678398
2024-10-30,1.6041209829434269,1.435936869601412
2024-10-31,1.6034228459782538,1.4353119288276281
2024-11-01,1.6040033146420032,1.435831538236637
2024-11-04,1.6047493496021934,1.4364993551386906
2024-11-05,1.6044794183401652,1.436257724828056
2024-11-06,1.603825234733417,1.4356721291214933
2024-11-07,1.6042604727368257,1.4360617345831708
2024-11-08,1.6048512022516215,1.4365905290439853
2024-11-11,1.6042266482493401,1.4360314564251064
2024-11-12,1.604508979170428,1.4362841863521687
2024-11-13,1.6049574454509417,1.4366856331718352
2024-11-14,1.6067433631707515,1.438284306293886
2024-11-15,1.606305714699808,1.4378925430902159
2024-11-18,1.6064815020446428,1.4380499000055242
2024-11-19,1.6069996256477221,1.438513700923649
2024-11-20,1.6059396660830016,1.4375648728517938
2024-11-21,1.6060786901274986,1.4376893209161086
2024-11-22,1.6069376210668278,1.4384581972149282
2024-11-25,1.606127634412222,1.4377331336358088
2024-11-26,1.606278716814086,1.4378683757986452
2024-11-27,1.6058350185644363,1.4374711971055016
2024-11-28,1.6061297194663129,1.43773500008234
2024-11-29,1.606389241292406,1.4379673123346672
2024-12-02,1.6068906592839745,1.4384161591416291
2024-12-03,1.6072029195788315,1.4386956804963558
2024-12-04,1.6087860261560698,1.4401128062162587
2024-12-05,1.6091581863637878,1.440445947275657
2024-12-06,1.608581921062708,1.4399301005276304
2024-12-09,1.609338528750554,1.4406073816593867
2024-12-10,1.610147804957006,1.4413318092773106
2024-12-11,1.6106693762933797,1.4417986964510274
2024-12-12,1.6117827357551098,1.442795325706063
2024-12-13,1.6133926514837602,1.4442364497710811
2024-12-16,1.6138677652950946,1.4446617502603871
2024-12-17,1.613844780741067,1.444641175522627
2024-12-18,1.613860068325299,1.4446548602796243
2024-12-19,1.6141490890892038,1.4449135786527296
2024-12-20,1.6137404537610942,1.4445477867080487
2024-12-24,1.613620076930782,1.4442347692528767
2024-12-25,1.6140315961099778,1.4446030903436378
2024-12-26,1.6142818069906253,1.444827036028649
2024-12-27,1.614161994167071,1.4447198002250956
2024-12-30,1.6139677189902242,1.4445459185479794
2024-12-31,1.615088727920076,1.4455492526637859
2025-01-01,1.6148576810527382,1.4453424593027544
2025-01-02,1.6146612736453185,1.4451666692200766
2025-01-03,1.615237281549126,1.445682212286215
2025-01-06,1.6150809000445312,1.4455422464978407
2025-01-07,1.6161816753366485,1.4465274709461098
2025-01-08,1.6180098938266647,1.4481637772531648
2025-01-09,1.6177607765929143,1.44794081041249
2025-01-10,1.618120597012063,1.448262859677649
2025-01-13,1.618183443705279,1.4483191092129473
2025-01-14,1.6180547673658412,1.4482039403165925
2025-01-15,1.6188832306279053,1.4489454379375177
2025-01-16,1.6191228877857895,1.4491599377476434
2025-01-17,1.6209144660770307,1.4507634500595197
2025-01-20,1.6203364817574075,1.4502461380463532
2025-01-21,1.6220062771815658,1.4517406513110218
2025-01-22,1.6222735145254392,1.4519798361533416
2025-01-23,1.6232945859970207,1.4528937234693418
2025-01-24,1.6230655793757411,1.4526887561851778
2025-01-27,1.622858966335673,1.4525038317779313
2025-01-28,1.622559165530346,1.4522355017335216
2025-01-29,1.6217313220606144,1.4514945588439416
2025-01-30,1.6223203964709192,1.4520217967961724
2025-01-31,1.6220574874156886,1.451786485892358
2025-02-03,1.6232560093062391,1.4528591962600526
2025-02-04,1.624857423291598,1.4542925062384597
2025-02-05,1.6244912153609197,1.4539647399731392
2025-02-06,1.6253447000882508,1.4547286325001723
2025-02-07,1.6246846980306167,1.4541379123343532
2025-02-10,1.6248857676918735,1.4543178752636576
2025-02-11,1.624613168576617,1.454073891487086
2025-02-12,1.6260572140509784,1.4553663522789857
2025-02-13,1.6248423600058173,1.4542790241794703
2025-02-14,1.6255085320257632,1.4548752666328608
2025-02-17,1.6256383836535988,1.4549914874449623
2025-02-18,1.6270706105959665,1.4562733703225987
2025-02-20,1.6285472258455485,1.4578771209710326
2025-02-21,1.6283117444558448,1.4576663177931972
2025-02-24,1.6287671153170238,1.4580739662479267
2025-02-25,1.6290992463950906,1.4583712903243753
2025-02-26,1.62847395536634,1.4578115291640623
2025-02-27,1.6300119370191224,1.4591883318925802
2025-02-28,1.6306786957483577,1.4597852149802384
2025-03-03,1.630624140430156,1.4597363770042981
2025-03-04,1.6289200164068571,1.4582108434579346
2025-03-05,1.6289200164068571,1.458548885119476
2025-03-06,1.6289200164068571,1.4587784695989985
2025-03-07,1.6289200164068571,1.4593450255841283
2025-03-10,1.6289200164068571,1.4587467604766073
2025-03-11,1.6289200164068571,1.4602104434826066
2025-03-12,1.6289200164068571,1.4605426477356214
2025-03-13,1.6289200164068571,1.4618761410623762
2025-03-14,1.6289200164068571,1.4638764177520058
2025-03-17,1.6289084475893583,1.4638660210971994
2025-03-18,1.6288401979085594,1.4638046865336638
2025-03-19,1.6283847857305032,1.4633954171152157
2025-03-20,1.6286914496671325,1.4636710095939656
2025-03-21,1.626172895159591,1.4614076372286695
2025-03-24,1.626172895159591,1.462120502389185
2025-03-25,1.626172895159591,1.4623650728668465
2025-03-26,1.626172895159591,1.462437014854379
2025-03-27,1.626172895159591,1.4626218161245856
2025-03-28,1.626172895159591,1.4631393648143707
2025-03-31,1.626871897983752,1.463768288436939
2025-04-01,1.6254688115838165,1.4625058698158369
2025-04-02,1.6254688115838165,1.4622524913522759
2025-04-03,1.6254688115838165,1.462196083131483
2025-04-04,1.6254688115838165,1.4642137343339596
2025-04-07,1.6254688115838165,1.4647854811121315
2025-04-08,1.6254688115838165,1.4631996096704292
2025-04-09,1.6254688115838165,1.4638286932444158
2025-04-10,1.6254688115838165,1.4631944921923172
2025-04-11,1.6254688115838165,1.4625181361361743
2025-04-14,1.6254688115838165,1.4631760082570646
2025-04-15,1.6254688115838165,1.4644685959982955
2025-04-16,1.6254688115838165,1.4660248973748573
2025-04-17,1.625007815760344,1.4656091211077396
2025-04-21,1.625007815760344,1.4662740586163638
2025-04-22,1.625007815760344,1.4672033759006275
2025-04-23,1.625007815760344,1.4678585824199195
2025-04-24,1.625007815760344,1.4683892597417825
2025-04-25,1.625007815760344,1.468863091271575
2025-04-28,1.625007815760344,1.470328672969766
2025-04-29,1.625007815760344,1.4691863560072498
2025-04-30,1.625007815760344,1.4696604112980738
2025-05-01,1.625007815760344,1.4706243249151754
2025-05-02,1.625007815760344,1.4704518549198102
2025-05-05,1.625007815760344,1.4708772184116317
2025-05-06,1.625007815760344,1.4709503379053925
2025-05-07,1.625007815760344,1.4697041885855542
2025-05-08,1.625007815760344,1.4707837972569087
2025-05-09,1.6246731137494168,1.4704808606865079
2025-05-12,1.6246731137494168,1.4712177339763186
2025-05-13,1.6246731137494168,1.4708158102661435
2025-05-14,1.6246731137494168,1.4705142981630372
2025-05-15,1.6246731137494168,1.4711002347231694
2025-05-16,1.6259391018553984,1.472246554794638
2025-05-19,1.6252331367556425,1.4716073213296608
2025-05-20,1.6252331367556425,1.4726212952357336
2025-05-21,1.6252331367556425,1.4723108400498872
2025-05-22,1.6245172957135736,1.4716623543021166
2025-05-23,1.6256963367353976,1.4727304563719281
2025-05-26,1.6268660920069407,1.47379014641119
2025-05-27,1.6279227686158264,1.4747473976451855
2025-05-28,1.6270085609475218,1.4739192100887906
2025-05-29,1.6272493663008392,1.4741373574573207
2025-05-30,1.6244512481957225,1.4716025213622808
2025-06-02,1.6244512481957225,1.4730014145538042
2025-06-03,1.6244512481957225,1.4733428466575489
2025-06-04,1.6244512481957225,1.4737142050120697
2025-06-05,1.6244512481957225,1.4740444451403945
2025-06-06,1.6244512481957225,1.4743091949075113
2025-06-09,1.6241453654716007,1.474031583798383
2025-06-10,1.6241453654716007,1.4744296233807435
2025-06-11,1.6241453654716007,1.4751506318071816
2025-06-12,1.6250271892359376,1.4759515594277992
2025-06-13,1.6268216136835056,1.4775813681960506
2025-06-16,1.6266869966340993,1.4774591005531994
2025-06-18,1.626605384936621,1.4771148271725478
2025-06-19,1.6256322662015583,1.4762311413533122
2025-06-20,1.624865043438533,1.4755344289671957
2025-06-23,1.6244559370899516,1.4751629208811066
2025-06-24,1.625721535502536,1.4763122065024297
2025-06-25,1.6261113470754114,1.4766661930682123
2025-06-26,1.6268743029889117,1.4773590307427624
2025-06-27,1.6268110474109232,1.4773015885671656
2025-06-30,1.6267956760344886,1.4772876298724165
2025-07-01,1.627308103807553,1.4777529637932665
2025-07-02,1.6273971595307284,1.477833834993107
2025-07-03,1.6281364977086417,1.4785052254821611
2025-07-04,1.6281930471295805,1.4785565778193108
2025-07-07,1.6279273077627716,1.478315260802589
2025-07-08,1.6284846336795584,1.4788213665753085
2025-07-09,1.6274643644706366,1.4778948635708538
2025-07-10,1.6281601148254994,1.4785266721057915
2025-07-11,1.629276191924646,1.4795401779300583
2025-07-14,1.6293629492670667,1.4796189619781395
2025-07-15,1.629210416863718,1.4794804478205588
2025-07-16,1.6287656852970547,1.4790765885948893
2025-07-17,1.6304619926649269,1.4806169995561034
2025-07-18,1.6291226115970197,1.4794007121559993
2025-07-21,1.6291226115970197,1.4788545246238287
2025-07-22,1.6291226115970197,1.479693280574526
2025-07-23,1.6305129019540976,1.4809560482046427
2025-07-24,1.6290815162511663,1.4796559546503205
2025-07-25,1.6293727572009633,1.4799204818709084
2025-07-28,1.6301880697443119,1.4806610108423761
2025-07-29,1.631530893440293,1.4818806656343453
2025-07-30,1.6315345303439623,1.4818839689473577
2025-07-31,1.6311610294930978,1.481544727017144
2025-08-01,1.6303836518422037,1.4808386534053062
2025-08-04,1.6312780372392484,1.4816510023671523
2025-08-05,1.6317851173876627,1.4821115711929609
2025-08-06,1.6312332371011995,1.4816103114684023
2025-08-07,1.6305687547202858,1.481006777942381
2025-08-08,1.63097836618183,1.481378818280523
2025-08-11,1.6298999249635737,1.480399295798428
2025-08-12,1.6306975974593467,1.4811238027346723
2025-08-13,1.6298888949383963,1.4803892774891716
2025-08-15,1.6317405165144048,1.4825523146047896
2025-08-18,1.6316854577520894,1.4825022898032456
2025-08-19,1.6312167681470557,1.4820764519621543
2025-08-20,1.6322868745790509,1.4830487197655038
2025-08-21,1.6322768782039285,1.4830396373477264
2025-08-22,1.6320451589383917,1.482829103914265
2025-08-25,1.6336216341285066,1.4842614437491637
2025-08-26,1.6320029728010148,1.4827907748080256
2025-08-27,1.6329819072343912,1.483680206366144
2025-08-28,1.632583106517922,1.4833178675510668
2025-08-29,1.6330325719818561,1.483726238892678
2025-09-01,1.6318390443798303,1.4826418341781906
2025-09-02,1.6318390443798303,1.4822004418739774
2025-09-03,1.6318390443798303,1.4823765616325386
2025-09-04,1.632703029025455,1.483161412683073
2025-09-05,1.632194422801903,1.482699390434316
2025-09-08,1.6338799146658052,1.484230505676641
2025-09-09,1.6335992574679492,1.4839755542747928
2025-09-10,1.634616531532042,1.4848996547457072
2025-09-11,1.6339999100600269,1.484339510520293
2025-09-12,1.6343808037973548,1.48468551765294
2025-09-15,1.633282075676145,1.4836874236190356
2025-09-16,1.6334236842202796,1.4838160620331458
2025-09-17,1.6351234580585539,1.4853601511432892
2025-09-18,1.6366326585770574,1.486731121817841
2025-09-19,1.6361694978374095,1.4863103826358197
2025-09-22,1.635435148936204,1.485643293805609
2025-09-23,1.6352030625208218,1.48543246451848
2025-09-24,1.6347375774773885,1.4850096139189968
2025-09-25,1.6357998028901006,1.485974548579923
2025-09-26,1.6366980847750077,1.4867905555363146
2025-09-29,1.636784768139986,1.4868692994473456
2025-09-30,1.6378294090238323,1.4878182601716707
2025-10-01,1.6365244135339274,1.4866327910937407
2025-10-02,1.635821957535454,1.485994674049476
2025-10-03,1.6352753173085721,1.4854981013864026
2025-10-06,1.6363323549835078,1.4864583234619093
2025-10-07,1.6349046764742743,1.4851614080786655
2025-10-08,1.6338136642082495,1.4841703231936831
2025-10-09,1.6346970565782342,1.4849728043872177
2025-10-10,1.6344759467071786,1.484771946286949
2025-10-14,1.6361392992467831,1.4863524760863398
2025-10-15,1.6362559905268494,1.486458484403079
2025-10-16,1.6359790078777137,1.4862068592226525
2025-10-17,1.636643021007237,1.486810082652146
2025-10-20,1.6359188655501615,1.4861522228616066
2025-10-21,1.6369935783948186,1.487128546881495
2025-10-22,1.638024111063357,1.4880647353736822
2025-10-23,1.638167005079316,1.488194547593544
2025-10-24,1.6388926618271464,1.4888537712332568
2025-10-27,1.6396938460889197,1.4895816079228565
2025-10-28,1.6394379066085603,1.4893490994313512
2025-10-29,1.6391764065330905,1.4891115394113392
2025-10-30,1.638937863258228,1.4888948345211086
2025-10-31,1.6385680100749507,1.4885588410057606
2025-11-03,1.638147303622653,1.4881766497844104
2025-11-04,1.6389626202955683,1.4889173250778527
2025-11-05,1.6380052357412118,1.4880475880673245
2025-11-06,1.638770152601584,1.4887424775977807
2025-11-07,1.637178545799656,1.4872965807159622
2025-11-10,1.637571667096577,1.487653712173748
2025-11-11,1.6388063254266951,1.488775338838994
2025-11-12,1.638464021368703,1.4884643723556357
2025-11-13,1.638995254561887,1.4889469717115902
2025-11-14,1.6392890407192828,1.4892138620568596
2025-11-17,1.6392213666692093,1.4891523834945268
2025-11-18,1.639380816687897,1.48929723603257
2025-11-19,1.640388066873888,1.4902122735288734
2025-11-20,1.6407874564682068,1.490575099428057
2025-11-21,1.6407874564682068,1.490873354764783
2025-11-24,1.6407874564682068,1.4908863870399536
2025-11-25,1.6407874564682068,1.4926684529127823
2025-11-26,1.6407874564682068,1.4926484160023963
2025-11-27,1.6407874564682068,1.4930721562191516
2025-11-28,1.6407874564682068,1.4926434834565405
2025-12-01,1.6407874564682068,1.4923051034856927
2025-12-02,1.6407874564682068,1.4930636021666666
2025-12-03,1.6407874564682068,1.4935987395221955
2025-12-04,1.6407874564682068,1.4946762090093824
2025-12-05,1.6407874564682068,1.493933965814272
2025-12-08,1.6407874564682068,1.492817971237944
2025-12-09,1.6407874564682068,1.4930777600704606
2025-12-11,1.6407874564682068,1.493585264720351
2025-12-12,1.6407874564682068,1.4950105316022708
2025-12-15,1.6407874564682068,1.4956914919953996
2025-12-16,1.6407874564682068,1.4957650344932978
2025-12-17,1.6407874564682068,1.496643836282284
2025-12-18,1.6407874564682068,1.4963739517090842
2025-12-19,1.6407874564682068,1.4965117616212023
2025-12-22,1.6407874564682068,1.4981753847731165
2025-12-23,1.6407874564682068,1.4984867583909016
2025-12-24,1.6407874564682068,1.4983936042472883
2025-12-25,1.6407874564682068,1.4986556229967485
2025-12-26,1.6407874564682068,1.4982442695105944
2025-12-29,1.6407874564682068,1.4994132945847587
2025-12-30,1.6407874564682068,1.49918653230287
2025-12-31,1.6407874564682068,1.500449220016184
2026-01-01,1.6407874564682068,1.5017063067130632
2026-01-02,1.6407874564682068,1.5021906784930412
2026-01-05,1.6407874564682068,1.5030522888364368
2026-01-06,1.6407874564682068,1.5032496714081245
2026-01-07,1.6407874564682068,1.5034094027721605
2026-01-08,1.6407874564682068,1.502663601031494
2026-01-09,1.6407874564682068,1.5029121365876612
2026-01-12,1.6407874564682068,1.5040592311706507
2026-01-13,1.6407874564682068,1.5035178575169261
2026-01-14,1.6407874564682068,1.5039650161257552
2026-01-15,1.6407874564682068,1.5041974664205982
2026-01-16,1.6407874564682068,1.503685845259064
2026-01-19,1.6407874564682068,1.5037562706488392
2026-01-20,1.6407874564682068,1.5038455391740673
2026-01-21,1.6407874564682068,1.5036281670387937
2026-01-22,1.6407874564682068,1.5040070040297153
2026-01-23,1.6407874564682068,1.5030540332289577
2026-01-26,1.6407874564682068,1.5033270800317533
2026-01-27,1.6407874564682068,1.5038704116468253
2026-01-28,1.6407874564682068,1.5039263045047622
2026-01-29,1.6407874564682068,1.5038943132742506
2026-01-30,1.6407874564682068,1.503776474783815
2026-02-02,1.6407874564682068,1.5026999558966794
2026-02-03,1.6407874564682068,1.5036837600604287
2026-02-04,1.6407874564682068,1.5044054750309155
2026-02-05,1.6407874564682068,1.5047105437900357
