date,strategy,buy_and_hold
2004-06-15,0.9995104268832814,1.0000579062333643
2004-06-16,1.0004778098893743,1.0010258191210926
2004-06-17,1.001278503352308,1.001826951161879
2004-06-18,1.0020233611625329,1.0025722169661166
2004-06-21,1.0034594848311063,1.004009127267857
2004-06-22,1.0035732967204538,1.0041230014973839
2004-06-23,1.0042393673681462,1.0047894369836166
2004-06-24,1.0045318437008786,1.0050820735195327
2004-06-25,1.004409972737743,1.00496013580188
2004-06-28,1.003724808583954,1.0042745963511301
2004-06-29,1.0034092666013492,1.003958881531189
2004-06-30,1.0039987531528087,1.0045486909724408
2004-07-01,1.004708079370137,1.0052584057214402
2004-07-02,1.0047409990047103,1.0052913433876614
2004-07-05,1.0053743664090928,1.005925057717464
2004-07-06,1.0050313071470667,1.0055818105455807
2004-07-07,1.0046558884975982,1.0052061862614807
2004-07-08,1.0052579115218325,1.005808539042329
2004-07-09,1.0064091732308487,1.0069604313520826
2004-07-12,1.005666085890508,1.0062169369874996
2004-07-14,1.0056194684822386,1.006526651802059
2004-07-15,1.0065777508568925,1.0074857986565815
2004-07-16,1.0072178863938261,1.008126511668693
2004-07-19,1.0072550581326498,1.0081637169406599
2004-07-20,1.0076252545608304,1.008534247328191
2004-07-21,1.0077702743372967,1.0086793979290163
2004-07-22,1.0076625067824472,1.0085715331555556
2004-07-23,1.0085617266317204,1.0094715642035712
2004-07-26,1.0090080013851752,1.0099182415476928
2004-07-27,1.0088398243128303,1.0097499127604699
2004-07-28,1.008731267920102,1.0096412584375087
2004-07-29,1.008486180573664,1.009395949994364
2004-07-30,1.009418949181222,1.0103295600654663
2004-08-02,1.0102244345888267,1.0111357721126688
2004-08-03,1.0098051980392646,1.01071615736398
2004-08-04,1.0099236894740578,1.0108347556915458
2004-08-05,1.0101808847779006,1.011092183014852
2004-08-06,1.009725463514112,1.0106363509092025
2004-08-09,1.0096932048010696,1.010604063095126
2004-08-10,1.0093119556332868,1.0102224699971625
2004-08-12,1.0087921008182055,1.0098550131830164
2004-08-13,1.008227225669521,1.0092895428544335
2004-08-16,1.0086459171186117,1.0097086754571751
2004-08-17,1.0086703514258661,1.0097331355096029
2004-08-18,1.0090723894934372,1.0101355971840131
2004-08-19,1.0089805242956746,1.0100436351926152
2004-08-20,1.0100665370402373,1.0111307922129642
2004-08-23,1.009720724256376,1.0107846150639541
2004-08-24,1.0099451408106632,1.0110092680744251
2004-08-25,1.0109418277767617,1.0120070051983303
2004-08-26,1.0116444212140359,1.012710338922182
2004-08-27,1.0131679128741276,1.0142354358070984
2004-08-30,1.0134786756153311,1.014546525983023
2004-08-31,1.0131698920803776,1.0142374170987363
2004-09-01,1.0125864536096807,1.0136533638889231
2004-09-02,1.0125276604214042,1.0135945087532872
2004-09-03,1.0120805737142478,1.0131469509738564
2004-09-06,1.0129214776677284,1.013988740944594
2004-09-07,1.0140340982744886,1.0151025338624768
2004-09-08,1.0145719031101463,1.015640905355436
2004-09-10,1.0148922477374505,1.0157072310759732
2004-09-13,1.0156575040090412,1.0164731018670978
2004-09-14,1.0158806721324647,1.0166964491999917
2004-09-15,1.0163078585670844,1.017123978675784
2004-09-16,1.0158000192703538,1.0166157315716566
2004-09-17,1.016258048612742,1.0170741287228278
2004-09-20,1.0172241357570235,1.018040991658754
2004-09-21,1.01739229959138,1.0182092905327895
2004-09-22,1.0183154070745633,1.0191331392938967
2004-09-23,1.0183785080318155,1.0191962909227636
2004-09-24,1.0177424195973173,1.018559691693669
2004-09-27,1.0184128937445207,1.0192307042480384
2004-09-28,1.0184656209628433,1.019283473807609
2004-09-29,1.0189596575085444,1.0197779070767596
2004-09-30,1.0190552663906556,1.0198735927351454
2004-10-01,1.018940614118486,1.0197588483943925
2004-10-04,1.0196594024903727,1.0204782139709512
2004-10-05,1.0197103150089717,1.02052916737355
2004-10-06,1.020474131736205,1.0212935974643276
2004-10-07,1.0195486497364952,1.0203673722798987
2004-10-11,1.019699043255431,1.0202728068975058
2004-10-12,1.0197923295578866,1.0203661456902418
2004-10-13,1.0200561486691186,1.020630113247052
2004-10-14,1.0205864151576367,1.021160678105598
2004-10-15,1.020438139682553,1.0210123191989595
2004-10-18,1.0202176265800478,1.0207916820182747
2004-10-19,1.021000783270056,1.0215752793744166
2004-10-20,1.0212434313291447,1.0218180639665688
2004-10-21,1.0214470083750786,1.022021755561112
2004-10-22,1.0226786023520693,1.023254042530658
2004-10-25,1.0231949785871364,1.0237707093199933
2004-10-26,1.0226823610428273,1.023257803336354
2004-10-27,1.022039117153671,1.0226141975071144
2004-10-28,1.0225342743055814,1.0231096332737522
2004-10-29,1.022346572327093,1.0229218256792278
2004-11-01,1.0222588101864785,1.022834014156665
2004-11-02,1.021506724379715,1.0220815051667138
2004-11-03,1.0215221562124386,1.022096945682612
2004-11-04,1.0221626605619547,1.0227378104307285
2004-11-05,1.0230892556992746,1.023664926944041
2004-11-09,1.0230100553644168,1.0244311383290716
2004-11-10,1.0233580533167854,1.0247796196920962
2004-11-11,1.0240372944171752,1.0254598043393763
2004-11-12,1.0246824636418597,1.0261058697810528
2004-11-15,1.025245576316343,1.0266697646861944
2004-11-16,1.0247630522404676,1.0261865703268347
2004-11-17,1.0246953719895067,1.026118796059934
2004-11-18,1.0252182308933702,1.026642381277168
2004-11-19,1.024929201359805,1.0263529502471127
2004-11-22,1.0251960208540967,1.0266201403855013
2004-11-23,1.0255590559020453,1.0269836797324248
2004-11-24,1.0255040569798102,1.0269286044101278
2004-11-25,1.0257634124365778,1.027188320142554
2004-11-26,1.0265941527702467,1.0280202144736152
2004-11-29,1.0269573522854383,1.0283839185162462
2004-11-30,1.027197993889661,1.0286248944003544
2004-12-01,1.0280714283395793,1.029499542154884
2004-12-02,1.0276813232007906,1.029108895113536
2004-12-03,1.0266817911994888,1.0281079746430866
2004-12-06,1.027450016518217,1.0288772671183963
2004-12-08,1.0280263111173478,1.0294480179509664
2004-12-09,1.0281817596009468,1.0296036814117202
2004-12-10,1.0283249346837158,1.02974705449817
2004-12-13,1.0287819625782246,1.0302047144384483
2004-12-14,1.0289874064914142,1.0304104424698672
2004-12-15,1.0293074421977975,1.0307309207689603
2004-12-16,1.0291888218287104,1.0306121363540823
2004-12-17,1.0293629786294862,1.030786534004641
2004-12-20,1.0294182757296235,1.030841907577787
2004-12-21,1.0295190673570522,1.0309428385947859
2004-12-22,1.0299203409176088,1.0313446670957724
2004-12-23,1.0293008021019137,1.0307242714901699
2004-12-24,1.0292663751032611,1.0306897968807716
2004-12-27,1.029795216166002,1.0312193693031524
2004-12-28,1.0298131750857045,1.0312373530591052
2004-12-29,1.029378762136522,1.0308023393394445
2004-12-30,1.0302030368386692,1.0316277539705645
2004-12-31,1.029876399879725,1.031300665289722
2005-01-03,1.0308795797146837,1.0323052324701325
2005-01-04,1.0305684317639439,1.031993654217986
2005-01-06,1.0313534645176365,1.033468519784474
2005-01-07,1.032157405239007,1.034274109192852
2005-01-10,1.0321223345670543,1.0342389665994756
2005-01-11,1.0319822696266336,1.0340986144199074
2005-01-12,1.0323767693374328,1.0344939231537233
2005-01-13,1.0321621453135121,1.0342788589880978
2005-01-14,1.0332360100005666,1.0353549259106034
2005-01-17,1.0330324263538122,1.0351509247632742
2005-01-18,1.0332169891904566,1.0353358660934353
2005-01-19,1.0333143847310768,1.0354334613686356
2005-01-20,1.033295502004467,1.0354145399181434
2005-01-21,1.033612282175124,1.0357319697279312
2005-01-24,1.034081963790492,1.036202614546128
2005-01-25,1.0339199549064921,1.0360402734212861
2005-01-26,1.03413156184171,1.0362523143108933
2005-01-27,1.0341249966889279,1.0362457356945787
2005-01-28,1.0348025792100846,1.0369247077727877
2005-01-31,1.0344734886319027,1.0365949423098213
2005-02-01,1.0339076637896072,1.0360279570983082
2005-02-02,1.0351207025553728,1.0372434835117317
2005-02-04,1.0347753218580336,1.0371571348650324
2005-02-07,1.035038654286853,1.0374210734240823
2005-02-08,1.034876209124506,1.0372582543506141
2005-02-09,1.035194794552176,1.0375775730881143
2005-02-10,1.0352072211827124,1.0375900283218746
2005-02-11,1.0353485861358165,1.0377317186643429
2005-02-14,1.0351351698008997,1.0375178110944772
2005-02-15,1.0350223070983395,1.037404688608129
2005-02-16,1.0351057235569348,1.0374882970720822
2005-02-17,1.0351742313170527,1.037556962521189
2005-02-18,1.0354629579499917,1.0378463537359315
2005-02-21,1.0355449705676485,1.0379285551276296
2005-02-22,1.0358535743892092,1.0382378692836762
2005-02-23,1.0362362649397718,1.038621440699207
2005-02-24,1.0361741622818845,1.0385591950953919
2005-02-25,1.0350713937855254,1.0374538882814939
2005-02-28,1.0346763125804626,1.0370578976910474
2005-03-01,1.035292723221025,1.0376757271660664
2005-03-02,1.0351101229673267,1.0374927066088973
2005-03-03,1.0353092572083322,1.0376922992107809
2005-03-07,1.036324303961213,1.0395998380714206
2005-03-08,1.037574540640916,1.0408540264030097
2005-03-09,1.037858718218264,1.0411391021869754
2005-03-10,1.037939956488008,1.0412205972283908
2005-03-11,1.0372450784085845,1.0405235228318077
2005-03-14,1.0370054676989413,1.0402831547790725
2005-03-15,1.037463305147739,1.0407424393252458
2005-03-16,1.0372315889600017,1.0405099907468136
2005-03-17,1.0385711037295258,1.0418537393515395
2005-03-18,1.038496944546082,1.0417793457714557
2005-03-21,1.038364657176096,1.0416466402777307
2005-03-22,1.0390905931005194,1.0423748706845601
2005-03-23,1.03871007832587,1.0419931532080935
2005-03-24,1.0388958485505213,1.0421795106009748
2005-03-25,1.0391555198483429,1.0424400026478517
2005-03-28,1.0394659369256172,1.0427514008675358
2005-03-29,1.0385438501451687,1.0418263996261503
2005-03-30,1.0387934087254296,1.042076746991967
2005-03-31,1.039270006168763,1.042554850827823
2005-04-01,1.0400741923874683,1.0433615788564428
2005-04-05,1.039987564336069,1.0440193830611313
2005-04-06,1.040639022257804,1.044673366551765
2005-04-07,1.0411044901686222,1.0451406389863132
2005-04-08,1.0417313304290703,1.0457699093780304
2005-04-11,1.0419396469183593,1.0459790334676706
2005-04-12,1.042347941119246,1.0463889105415272
2005-04-13,1.0422125393233796,1.046252983820638
2005-04-14,1.0426255626912437,1.0466676083954833
2005-04-15,1.043060444916564,1.0471041765700968
2005-04-18,1.0437320796068261,1.0477784150504557
2005-04-19,1.0440694817469713,1.0481171252295747
2005-04-20,1.0439792825469811,1.0480265763457652
2005-04-21,1.0439398660006298,1.047987006989539
2005-04-22,1.0446996354752929,1.0487497219348016
2005-04-25,1.0443426339368636,1.0483913363745465
2005-04-26,1.0440225727405223,1.048070034366518
2005-04-27,1.044452343039989,1.0485014707973888
2005-04-28,1.0437485470142989,1.0477949462986935
2005-04-29,1.044737550459545,1.04878778390768
2005-05-02,1.0454171446237035,1.0494700127191845
2005-05-04,1.0445393695318532,1.0497014904300015
2005-05-05,1.0446122606576707,1.0497747417842744
2005-05-06,1.044846700738741,1.0500103404698715
2005-05-09,1.0446054263817373,1.0497678737333014
2005-05-10,1.0452619931309577,1.0504276852400063
2005-05-11,1.0447442428299814,1.0499073762134075
2005-05-12,1.0451142503503035,1.050279212313493
2005-05-13,1.0453922772150643,1.0505586131889715
2005-05-16,1.0454780909216328,1.0506448509874802
2005-05-17,1.045795426741272,1.050963755082968
2005-05-18,1.0463437391155619,1.0515147772208615
2005-05-19,1.046960640978495,1.0521347278171327
2005-05-20,1.0471532551676992,1.0523282939070122
2005-05-23,1.0467066789961963,1.0518795107529342
2005-05-24,1.0464966403117832,1.051668434055868
2005-05-25,1.046158185828325,1.0513283069279762
2005-05-26,1.0471800411477028,1.052355212263517
2005-05-27,1.048085798137435,1.0532654455106518
2005-05-30,1.0482315029898677,1.0534118704374884
2005-05-31,1.0479222303799547,1.0531010694001657
2005-06-02,1.0489378270007212,1.0541489365795822
2005-06-03,1.0484853467983317,1.0536942084613903
2005-06-06,1.0489646541025552,1.0541758969581116
2005-06-07,1.0499754782024622,1.0551917428190933
2005-06-08,1.0509862129406746,1.056207498874433
2005-06-09,1.0518997066799516,1.0571255308388101
2005-06-10,1.0518312135568935,1.057056697442801
2005-06-13,1.051859685360053,1.0570853106935112
2005-06-14,1.0527915845791462,1.0580218395758907
2005-06-15,1.0533333921292012,1.0585663388188578
2005-06-16,1.0536062471655432,1.0588405493954967
2005-06-17,1.0529849761899202,1.0582161919536897
2005-06-20,1.053047187270052,1.0582787120976642
2005-06-21,1.0537550372391802,1.058990078656298
2005-06-22,1.0535022867223713,1.0587360724781856
2005-06-23,1.0536392956924827,1.0588737621070912
2005-06-24,1.0551751669649598,1.060417263568216
2005-06-27,1.0556038520458544,1.0608480783510565
2005-06-28,1.0560240204784483,1.0612703341749978
2005-06-29,1.0556413488211545,1.0608857614098524
2005-07-01,1.0552795531536534,1.0597491308287215
2005-07-04,1.0555692855524879,1.0600400903729676
2005-07-05,1.0564713100715781,1.060945935366586
2005-07-06,1.0553496835125158,1.0598195582208065
2005-07-07,1.0559007572826073,1.0603729660331078
2005-07-08,1.0561904573669776,1.0606638931260235
2005-07-11,1.0562156425618296,1.0606891849913633
2005-07-12,1.0563595028438761,1.0608336545856087
2005-07-13,1.0567826482946436,1.0612585922453264
2005-07-14,1.0574918001207987,1.0619707476444786
2005-07-15,1.0581118704677663,1.0625934442648082
2005-07-18,1.058248277926804,1.0627304294700288
2005-07-19,1.058571104987527,1.0630546238467573
2005-07-20,1.0594229927440366,1.0639101197263343
2005-07-21,1.0595169761835315,1.064004501227444
2005-07-22,1.0595390362538657,1.0640266547319754
2005-07-25,1.0588791170263478,1.0633639404533852
2005-07-26,1.0598718662944375,1.0643608944556162
2005-07-27,1.0591288384891808,1.0636147195975427
2005-07-28,1.0586094905464756,1.0630931719855996
2005-08-01,1.0587380116530505,1.0642056333107306
2005-08-02,1.0591806494294334,1.064650556993415
2005-08-03,1.0601039786132371,1.065578654509504
2005-08-04,1.0602580186650095,1.0657334900675433
2005-08-05,1.061189701117648,1.066669983991103
2005-08-08,1.0604174579306516,1.0658937527225152
2005-08-09,1.0600939494919661,1.0655685735950224
2005-08-10,1.0595023395270837,1.0649739083894465
2005-08-11,1.05932541513499,1.064796070309899
2005-08-12,1.0605066125711022,1.0659833677826707
2005-08-15,1.0607017671154046,1.0661795301600738
2005-08-16,1.0607035713910817,1.0661813437535392
2005-08-17,1.0613307258345395,1.0668117369994012
2005-08-18,1.0607619835149589,1.0662400575340962
2005-08-19,1.060720046262912,1.0661979037062534
2005-08-22,1.0611858880011884,1.066666151182634
2005-08-23,1.0606534441855708,1.0661309576770028
2005-08-24,1.060382052390339,1.0658581643380076
2005-08-25,1.0609308844823309,1.066409830753694
2005-08-26,1.0607514726968328,1.0662294924351414
2005-08-30,1.0604178897322827,1.0666452228631604
2005-08-31,1.060122449219578,1.0663480473679448
2005-09-01,1.060227990943658,1.0664542088886932
2005-09-02,1.0602809289757396,1.0665074578008196
2005-09-05,1.0612208152687483,1.0674528636018528
2005-09-06,1.0608938332652067,1.0671239613875305
2005-09-07,1.0613886245029838,1.0676216583004172
2005-09-08,1.0621792084934403,1.0684168850170332
2005-09-09,1.061976904756853,1.0682133932462063
2005-09-12,1.0622654169825483,1.0685035997678571
2005-09-13,1.0631206937877897,1.0693638992095864
2005-09-14,1.0642489847937695,1.0704988161354332
2005-09-15,1.0639133422030531,1.0701612024744005
2005-09-16,1.0644653123460335,1.0707164140771788
2005-09-19,1.0639778071759878,1.070226046019656
2005-09-20,1.064770578058909,1.0710234724713226
2005-09-21,1.0641119220950794,1.0703609485322871
2005-09-22,1.0640421020497604,1.0702907184668375
2005-09-23,1.064164870817691,1.0704142081977237
2005-09-26,1.064943590088173,1.0711975005184717
2005-09-28,1.0651581028327595,1.0712776443805574
2005-09-29,1.0650512751772674,1.0711702029792989
2005-09-30,1.0649522865838625,1.071070645677072
2005-10-03,1.0652908102066332,1.0714111141842395
2005-10-04,1.0655924016594744,1.071714438338941
2005-10-05,1.065558049741488,1.0716798890624697
2005-10-06,1.065522548840578,1.0716441842019433
2005-10-07,1.0665322079270234,1.072659643977237
2005-10-10,1.0673367804269283,1.0734688389034541
2005-10-11,1.0669266306190268,1.0730563327047187
2005-10-12,1.0669351257324142,1.0730648766241935
2005-10-13,1.066868302834008,1.0729976698151715
2005-10-14,1.0668528919615519,1.0729821704042402
2005-10-17,1.0665551678776126,1.0726827358372313
2005-10-18,1.0669544614204896,1.073084323399577
2005-10-19,1.0672786456207117,1.0734103701014102
2005-10-20,1.0677523335058057,1.0738867794160138
2005-10-21,1.0684145426184566,1.074552793049484
2005-10-24,1.0679800085833755,1.0741157625314164
2005-10-25,1.0687204381928097,1.0748604460537168
2005-10-27,1.06867612395265,1.0745538251333375
2005-10-28,1.0683717999357638,1.074247827339342
2005-10-31,1.0679222864075697,1.0737958414941042
2005-11-01,1.067517013233325,1.073388339324038
2005-11-02,1.0674238180407878,1.073294631559468
2005-11-03,1.0687073429359604,1.0745852158205447
2005-11-04,1.0694579756554048,1.0753399770076533
2005-11-07,1.0697269132483211,1.0756103937529264
2005-11-08,1.0695850207547881,1.0754677208530026
2005-11-09,1.0697029243643925,1.075586272930529
2005-11-10,1.0706276420533214,1.0765160765516035
2005-11-11,1.0707501992533017,1.0766393078141767
2005-11-14,1.0714563872513163,1.0773493798346157
2005-11-15,1.0716951407903563,1.0775894465142104
2005-11-16,1.0724418768961435,1.0783402896563505
2005-11-17,1.072904485798741,1.0788054429003366
2005-11-18,1.0736312557141168,1.079536210038345
2005-11-21,1.0740765385958853,1.079983941968671
2005-11-22,1.074152704479404,1.0800605267633017
2005-11-23,1.074791461384093,1.0807027968205059
2005-11-25,1.0747716990521774,1.0797616925176126
2005-11-28,1.0744056320021549,1.079393925876701
2005-11-29,1.0750802763862863,1.0800717025270348
2005-11-30,1.075144396734684,1.0801361205759765
2005-12-01,1.0758933625753118,1.0808885637454675
2005-12-02,1.0759845527937484,1.0809801773455343
2005-12-05,1.0746761365843112,1.0796656863684595
2005-12-06,1.074949432566782,1.0799402512205591
2005-12-07,1.0743911379031048,1.079379364483862
2005-12-08,1.0753123386857564,1.0803048422547241
2005-12-09,1.0757053884826449,1.0806997169190888
2005-12-12,1.0750560025438665,1.0800473159850383
2005-12-13,1.0758468141942057,1.0808417992476567
2005-12-14,1.0756362555114296,1.0806302629745217
2005-12-15,1.0758565971479526,1.0808516276220965
2005-12-16,1.0769346029494138,1.0819346384324444
2005-12-19,1.0768009922451078,1.0818004073949625
2005-12-20,1.0769267757293097,1.0819267748718064
2005-12-21,1.0767183592042024,1.0817173907020363
2005-12-22,1.0782451012033438,1.083251221120612
2005-12-26,1.078542711221081,1.0843534390707856
2005-12-27,1.0785748531240111,1.084385754140572
2005-12-28,1.0784132808709725,1.0842233114051865
2005-12-29,1.078540276087676,1.0843509908179212
2005-12-30,1.0794655609172212,1.085281260687254
2006-01-02,1.079486465405354,1.0853022777998476
2006-01-03,1.0792866696967487,1.085101405677229
2006-01-04,1.0795237368984711,1.0853397500958637
2006-01-05,1.078926779486472,1.084739576532086
2006-01-06,1.0789773351357212,1.084790404553598
2006-01-09,1.0791437457791035,1.0849577117465095
2006-01-10,1.0795192146907202,1.0853352035243868
2006-01-11,1.0807448988105435,1.0865674911071754
2006-01-12,1.0806421337783605,1.0864641724208548
2006-01-13,1.080635477341935,1.0864574801223907
2006-01-16,1.080707680315686,1.0865300720949511
2006-01-17,1.0814465289138437,1.087272901294045
2006-01-18,1.082092905389108,1.0879227601699106
2006-01-19,1.0819154302265612,1.0877443288469273
2006-01-20,1.0821623104749079,1.0879925391806935
2006-01-24,1.0824337698505453,1.088161035461343
2006-01-25,1.0825810554409883,1.088309100354613
2006-01-26,1.0825756253081154,1.0883036414903626
2006-01-27,1.0832065840832041,1.088937938731596
2006-01-30,1.0834042127767112,1.0891366130983364
2006-01-31,1.0836132002078063,1.0893467063028843
2006-02-01,1.0843135741644634,1.0900507860083717
2006-02-02,1.0847953403628365,1.0905351012800066
2006-02-03,1.08499783075243,1.0907386630665548
2006-02-06,1.0857815196230445,1.0915264985135633
2006-02-07,1.0855262147127498,1.0912698427593892
2006-02-08,1.0861627976632249,1.0919097939340847
2006-02-09,1.0863280371766912,1.0920759077463853
2006-02-10,1.0865943527588782,1.0923436324310207
2006-02-13,1.0861506458900523,1.0918975778646618
2006-02-14,1.0865057574662038,1.0922545683717695
2006-02-15,1.0864835042972374,1.0922321974590548
2006-02-16,1.0871554411478563,1.0929076895949248
2006-02-17,1.0874421106064414,1.0931958758503593
2006-02-20,1.0871875683942434,1.0929399868297938
2006-02-22,1.0870339521385004,1.0928810638606217
2006-02-23,1.0877470039950403,1.093597951194297
2006-02-24,1.0870961555620633,1.0929436018738874
2006-02-27,1.0864091005805052,1.0922528512513343
2006-02-28,1.0866460764980623,1.0924911018527803
2006-03-01,1.0874073756894065,1.093256496041725
2006-03-02,1.086839326367873,1.0926853912058352
2006-03-03,1.0865494228042896,1.0923939282626929
2006-03-06,1.087163090591383,1.0930108969440262
2006-03-07,1.0876362094147642,1.0934865606544486
2006-03-08,1.087695258746581,1.0935459276102362
2006-03-09,1.0883472536168208,1.0942014295345484
2006-03-10,1.0890153118578463,1.0948730812338687
2006-03-13,1.0894888514479506,1.0953491679743015
2006-03-14,1.0899391174012645,1.0958018558899913
2006-03-15,1.0899164094103384,1.0957790257536992
2006-03-16,1.0898854793721302,1.0957479293440648
2006-03-17,1.0890611049327152,1.0949191206278375
2006-03-20,1.0896520156492226,1.0955132098292215
2006-03-21,1.0893210724051923,1.0951804864548487
2006-03-23,1.0891644882185596,1.095361331645329
2006-03-24,1.0890775822633,1.0952739312352802
2006-03-27,1.08959983486673,1.0957991552150703
2006-03-28,1.0893137497787106,1.0955114424348922
2006-03-29,1.0897129782359158,1.0959129423178255
2006-03-30,1.089859319185936,1.0960601158803336
2006-03-31,1.090082476751504,1.0962845431094908
2006-04-03,1.0891440510559407,1.095340778204684
2006-04-04,1.089669307705131,1.0958690233218689
2006-04-05,1.0905508056824655,1.0967555366159951
2006-04-06,1.0911451143825945,1.0973532266584296
2006-04-07,1.0914463594941066,1.0976561857156397
2006-04-10,1.091735274469733,1.09794674448418
2006-04-11,1.0914313012864107,1.0976410418336897
2006-04-12,1.090933992675265,1.0971409037659914
2006-04-13,1.091724049085943,1.0979354552331353
2006-04-14,1.0923900482300024,1.0986052436050504
2006-04-17,1.0921280695076623,1.0983417743446502
2006-04-18,1.093030204009009,1.0992490415750888
2006-04-19,1.0927230380926043,1.098940128026338
2006-04-21,1.0936533440878904,1.0997524164061274
2006-04-24,1.0932056482349823,1.0993022238485752
2006-04-25,1.0924198830848728,1.0985120766531846
2006-04-26,1.0931810394014558,1.099277477776813
2006-04-27,1.0935371239585705,1.0996355481418412
2006-04-28,1.0941967658686567,1.1002988687346977
2006-05-01,1.094379937538587,1.1004830619141106
2006-05-02,1.0941109617384495,1.1002125860930883
2006-05-03,1.093320634224679,1.099417851090704
2006-05-04,1.0938932208793906,1.0999936309395244
2006-05-05,1.094443091184759,1.1005465677547481
2006-05-08,1.0953718560445456,1.101480512138812
2006-05-09,1.096373269260542,1.1024875100235316
2006-05-10,1.096721796129233,1.1028379805525137
2006-05-11,1.096208120697469,1.1023214404620136
2006-05-12,1.0971615068575649,1.1032801434541468
2006-05-15,1.0971364320612178,1.1032549288209885
2006-05-16,1.0973926295257626,1.1035125550443556
2006-05-17,1.0970184918039356,1.1031363308359516
2006-05-18,1.0960011048922789,1.102113270173665
2006-05-22,1.0964905239304916,1.1032068699162296
2006-05-23,1.0961821776799308,1.1028966349488427
2006-05-24,1.0961591835804432,1.1028735000033338
2006-05-25,1.095530955812369,1.1022414241445044
2006-05-26,1.0957747987608275,1.1024867607069726
2006-05-29,1.0961806509112266,1.1028950988282047
2006-05-30,1.0965350160048102,1.1032516345183614
2006-05-31,1.0965917242479175,1.1033086901171207
2006-06-01,1.0967526741981177,1.1034706259358975
2006-06-02,1.0968753184915028,1.1035940214637798
2006-06-05,1.0968454569570087,1.103563977018086
2006-06-06,1.0967551540573506,1.1034731209850406
2006-06-07,1.0966257462017095,1.1033429204659768
2006-06-08,1.0965726491299455,1.10328949815811
2006-06-09,1.0972127438703114,1.1039335136781327
2006-06-12,1.0977136180355078,1.1044374558535994
2006-06-13,1.0979435555327932,1.1046688017896749
2006-06-14,1.0986088249109947,1.105338146150031
2006-06-15,1.0986130282702726,1.1053423752561937
2006-06-16,1.0994435866847188,1.1061780210996244
2006-06-20,1.099539026456401,1.1063182335720483
2006-06-21,1.1001257504600985,1.1069085750221894
2006-06-22,1.1006358551454571,1.1074218247576366
2006-06-23,1.1013243116045959,1.1081145258946032
2006-06-26,1.101244188246441,1.1080339085359385
2006-06-27,1.101260139947049,1.1080499585867458
2006-06-28,1.1006589737565695,1.1074450859065301
2006-06-29,1.101359518287262,1.1081499496440477
2006-06-30,1.1014892657030027,1.1082804970173912
2006-07-03,1.1019948233734664,1.1087891717033265
2006-07-04,1.1017526762976666,1.1085455316698962
2006-07-05,1.1023483010507864,1.109144828747024
2006-07-06,1.1025793385446636,1.1093772907024118
2006-07-07,1.1027837133054705,1.1095829255356666
2006-07-10,1.1026361001894385,1.1094344023110687
2006-07-11,1.1033335518250285,1.110136154084241
2006-07-12,1.1039686025494126,1.110775120213432
2006-07-13,1.1039911277980903,1.110797784341515
2006-07-14,1.1050089682777533,1.1118219003159593
2006-07-17,1.1054405412335806,1.1122561341345507
2006-07-19,1.105108914577634,1.1128419127705786
2006-07-20,1.1063651466649498,1.114106935340292
2006-07-21,1.106969077089329,1.1147150917670305
2006-07-24,1.1070160454125468,1.1147623887510292
2006-07-25,1.1068060456144664,1.1145509194796348
2006-07-26,1.1069841751431366,1.1147302954694505
2006-07-27,1.1073883048813307,1.1151372531049621
2006-07-28,1.1062331571709523,1.113974022249982
2006-07-31,1.1070445722022229,1.114791115156879
2006-08-01,1.1082363960384027,1.115991278778803
2006-08-02,1.1081642377159098,1.1159186155285423
2006-08-03,1.1086729010162837,1.1164308381996992
2006-08-04,1.1095015636444356,1.1172652993935144
2006-08-07,1.1089815332437167,1.1167416300807425
2006-08-08,1.1090432846897111,1.1168038136323999
2006-08-09,1.1092603545791768,1.1170224024681348
2006-08-10,1.1097151383944852,1.1174803686325994
2006-08-11,1.1094673275380873,1.117230823720056
2006-08-14,1.1093274730230676,1.1170899905732494
2006-08-15,1.1096650777799792,1.1174299577190088
2006-08-17,1.1103318119838694,1.1175339489066158
2006-08-18,1.1115070007870398,1.118716760539808
2006-08-21,1.1117690308126877,1.118980490216049
2006-08-22,1.1116689691737103,1.1188797795299876
2006-08-23,1.1117627789869649,1.1189741978380296
2006-08-24,1.1120646708475408,1.1192780479119004
2006-08-25,1.111853556450119,1.1190655641267153
2006-08-28,1.112418689975852,1.1196343633756023
2006-08-29,1.1119248050271104,1.1191372748556523
2006-08-30,1.1122021198269147,1.119416388450319
2006-08-31,1.1116243460486033,1.118834866958201
2006-09-01,1.1115563611914456,1.1187664411191272
2006-09-04,1.111388172168873,1.1185971611430607
2006-09-05,1.1109153086889005,1.1181212304470616
2006-09-06,1.1112951813948118,1.1185035671868875
2006-09-07,1.1113457049079107,1.118554418419372
2006-09-08,1.1112973487608502,1.1185057486114864
2006-09-11,1.1115100897454424,1.1187198695346552
2006-09-12,1.1113251998010691,1.118533780306716
2006-09-13,1.1115568238187534,1.1187669067472543
2006-09-15,1.1121750547890867,1.1188721712243337
2006-09-18,1.11134064758527,1.1180327395217438
2006-09-19,1.1117043587072961,1.1183986407807653
2006-09-20,1.1126589295737572,1.1193589597281701
2006-09-21,1.1131112691815146,1.1198140231616494
2006-09-22,1.1138665338712048,1.120573835782481
2006-09-25,1.113653705379552,1.1203597257145304
2006-09-26,1.114372474348684,1.1210828228507574
2006-09-27,1.114602746022988,1.1213144811379043
2006-09-28,1.1154524613869592,1.1221693131808597
2006-09-29,1.1157888267863783,1.1225077040512106
2006-10-02,1.1170886787220309,1.1238153832256816
2006-10-03,1.1178292075750937,1.1245603712760006
2006-10-04,1.117734085308283,1.1244646762172597
2006-10-05,1.1175377436192717,1.1242671522295205
2006-10-06,1.1176458921320258,1.1243759519735526
2006-10-09,1.1180931457685843,1.1248258988099515
2006-10-10,1.118265035192033,1.1249988232894175
2006-10-11,1.1181189784511774,1.1248518870476276
2006-10-12,1.1186034931199607,1.1253393192887278
2006-10-16,1.1181270992836898,1.1242688961473004
2006-10-17,1.1182429169600887,1.1243853500023968
2006-10-18,1.1185054205069336,1.124649295463548
2006-10-19,1.1184182437451398,1.1245616398456721
2006-10-20,1.1197986707581749,1.1259496494513341
2006-10-23,1.119966544409542,1.126118445221364
2006-10-24,1.1203495497099578,1.1265035543441042
2006-10-25,1.120958108617049,1.1271154560242929
2006-10-26,1.121102263409931,1.127260402649745
2006-10-27,1.1203514660470826,1.12650548120754
2006-10-30,1.1199859113864312,1.1261379185797535
2006-10-31,1.1198302762632963,1.1259814285633676
2006-11-01,1.1193982539006972,1.1255470331310224
2006-11-02,1.1188195614679122,1.1249651619796723
2006-11-03,1.1187469741351035,1.1248921759295325
2006-11-06,1.1194979109658185,1.1256472376056919
2006-11-07,1.1199631084261819,1.1261149903643792
2006-11-08,1.1197352858401257,1.125885916364199
2006-11-09,1.119902980085135,1.1260545317424038
2006-11-10,1.119817302154904,1.1259683831890714
2006-11-14,1.1196035544685263,1.1258337444988478
2006-11-15,1.1197935093565645,1.1260247564173365
2006-11-16,1.1195465546075702,1.1257764274542206
2006-11-17,1.1198273450556555,1.1260587803998912
2006-11-20,1.1188604782574874,1.1250865333366615
2006-11-21,1.1197763835172105,1.1260075352788623
2006-11-22,1.1195134942946283,1.1257431831725593
2006-11-23,1.120007174882826,1.1262396109151995
2006-11-24,1.1206727457040568,1.1269088853980331
2006-11-27,1.1213438930000739,1.1275837673867242
2006-11-28,1.1216446098553992,1.1278861576229051
2006-11-29,1.121451094805386,1.1276915657314237
2006-11-30,1.1215077095816959,1.1277484955485475
2006-12-01,1.12178489744344,1.1280272258607829
2006-12-04,1.1220659997516749,1.1283098924019923
2006-12-05,1.121321326807794,1.127561075621722
2006-12-06,1.120697475776182,1.1269337530840917
2006-12-07,1.1213716763129706,1.127611705303738
2006-12-08,1.1216631568923945,1.127904807867473
2006-12-11,1.1220751908386242,1.1283191346340262
2006-12-13,1.1231882035512677,1.1295087874789094
2006-12-14,1.123580318915108,1.1299031094169092
2006-12-15,1.124410177616352,1.130737638031488
2006-12-18,1.1245391752765421,1.1308673616079004
2006-12-19,1.1241353261203582,1.1304612398472875
2006-12-20,1.1244458002961448,1.13077346117291
2006-12-21,1.1238191351951807,1.13014326960207
2006-12-22,1.124610122960843,1.1309387085403342
2006-12-25,1.1254741234857855,1.131807571106931
2006-12-26,1.1254387994749417,1.1317720483151756
2006-12-27,1.1251482572264122,1.1314798710809326
2006-12-28,1.1244247056566306,1.1307522478262737
2006-12-29,1.1250537557621894,1.1313848378229872
2007-01-01,1.1246278292698755,1.1309565144891347
2007-01-02,1.1246841383005883,1.1310131403910124
2007-01-03,1.1248212384381369,1.131151012040337
2007-01-04,1.124596353301571,1.1309248613942375
2007-01-05,1.1248267006879367,1.1311565050281809
2007-01-08,1.125917257070491,1.1322531983636714
2007-01-09,1.1253604467060911,1.1316932546271181
2007-01-11,1.1257610944448289,1.1317440246156394
2007-01-12,1.1255145735854195,1.1314961936051735
2007-01-15,1.1253892021889373,1.1313701559142935
2007-01-16,1.1253723861195726,1.13135325047484
2007-01-17,1.1265179262117797,1.1325048786139813
2007-01-18,1.1275746425771584,1.133567210966851
2007-01-19,1.1282782311298105,1.134274538786387
2007-01-22,1.1276946912127308,1.1336878976086642
2007-01-23,1.128134335513795,1.1341298784278104
2007-01-24,1.1284716802027093,1.1344690159568993
2007-01-25,1.1287632734620219,1.134762158907454
2007-01-26,1.130547812769546,1.136556182264584
2007-01-29,1.1299415125365644,1.1359466598097876
2007-01-30,1.131379985523078,1.1373927776540542
2007-01-31,1.1320621379605424,1.1380785554347816
2007-02-01,1.1324913516196142,1.1385100501776138
2007-02-02,1.1332721940906796,1.1392950424865105
2007-02-05,1.1323070099225483,1.1383247287846723
2007-02-06,1.132548821797201,1.1385678257841776
2007-02-07,1.1323870454132543,1.1384051896291718
2007-02-09,1.1326491284585216,1.1387195213548138
2007-02-12,1.1324669218463121,1.1385363382127183
2007-02-13,1.1331992908476305,1.1392726323197655
2007-02-14,1.1329978549052335,1.1390701167885682
2007-02-15,1.1331025803500205,1.139175403505668
2007-02-16,1.1337967831144171,1.1398733268251984
2007-02-19,1.1343312260775988,1.1404106341165163
2007-02-20,1.1339801328482013,1.1400576592153882
2007-02-21,1.1336256291813673,1.1397012555987047
2007-02-22,1.1341874686791382,1.140266106255369
2007-02-23,1.1348918344922738,1.140974247092138
2007-02-26,1.1351225051068725,1.1412061539777274
2007-02-27,1.13445619482385,1.1405362726283377
2007-02-28,1.1344372388557642,1.140517215066412
2007-03-01,1.1341966014909153,1.1402752880141271
2007-03-02,1.1339881997802999,1.1400657693819232
2007-03-05,1.1341467696049359,1.1402251890559194
2007-03-06,1.1343893267500251,1.1404690461774385
2007-03-07,1.134709827245719,1.14079126438419
2007-03-08,1.1349762331279867,1.14105909805935
2007-03-12,1.1351243662221868,1.1415629400473923
2007-03-13,1.1356277302373676,1.1420691592090833
2007-03-14,1.1355400763712362,1.1419810081587622
2007-03-15,1.135767764581201,1.1422099878460248
2007-03-16,1.1363323128443226,1.1427777383007107
2007-03-19,1.1375670890774972,1.1440195183461295
2007-03-20,1.1371748501766592,1.14362505461496
2007-03-21,1.137278741313153,1.143729535035564
2007-03-22,1.1366274714075286,1.14307457104188
2007-03-23,1.1382104049776904,1.1446664832182236
2007-03-26,1.1372194497105264,1.1436699071232148
2007-03-27,1.137356458369976,1.1438076929136949
2007-03-28,1.1371448662032997,1.143594900568583
2007-03-29,1.138180780971228,1.1446366911805232
2007-03-30,1.1384990967151924,1.1449568124530078
2007-04-02,1.1391526689186489,1.145614091803458
2007-04-03,1.1395904227976004,1.1460543286796483
2007-04-04,1.138678572549143,1.1451373062973553
2007-04-05,1.139159424065632,1.1456208852665182
2007-04-06,1.1388794088246579,1.1453392817424848
2007-04-10,1.1389994438489444,1.145205369442268
2007-04-11,1.139093087042121,1.1452995228575455
2007-04-12,1.1391237809853596,1.1453303840390816
2007-04-13,1.1384986894182818,1.1447018866127865
2007-04-16,1.138931712840749,1.1451372693964934
2007-04-17,1.1395004211494382,1.1457090763559037
2007-04-18,1.13974929217079,1.1459593033700517
2007-04-19,1.139751977368027,1.1459620031977913
2007-04-20,1.1395602449683564,1.1457692261294754
2007-04-23,1.140094124737677,1.1463060147835564
2007-04-24,1.1405578465449007,1.1467722632145174
2007-04-25,1.1398139648229797,1.146024328396134
2007-04-26,1.1410059283675258,1.1472227864452273
2007-04-27,1.1418037686804463,1.1480249738521207
2007-04-30,1.142702643117108,1.1489287458749065
2007-05-01,1.143098864841155,1.1493271264433247
2007-05-02,1.143140084943958,1.1493685711370105
2007-05-03,1.1434240145990888,1.1496540478045856
2007-05-04,1.1438014650636659,1.1500335548368905
2007-05-07,1.1435148981193104,1.149745426510619
2007-05-09,1.1442661153778029,1.1506887799534382
2007-05-10,1.1442323179342886,1.1506547928078603
2007-05-11,1.1441665225081512,1.150588628077811
2007-05-14,1.1454203197302943,1.1518494627529516
2007-05-15,1.145267126939876,1.15169541010494
2007-05-16,1.1452863457347828,1.151714736773244
2007-05-17,1.145840701434658,1.152272204022669
2007-05-18,1.145246235292666,1.1516744011947606
2007-05-21,1.145472720697004,1.1519021578416562
2007-05-22,1.145643684457539,1.1520740812066697
2007-05-23,1.1463308001765422,1.1527650536454765
2007-05-24,1.146618211578994,1.1530540782627288
2007-05-25,1.147509270480209,1.1539501385988047
2007-05-28,1.1485434265822974,1.1549900993276956
2007-05-29,1.1480948985975998,1.1545390537950608
2007-05-30,1.1488878965998064,1.155336502824969
2007-05-31,1.149604628157347,1.1560572573333976
2007-06-01,1.1507917992593124,1.1572510919218364
2007-06-04,1.1514212292814674,1.157884054879077
2007-06-05,1.1520027972647102,1.158468887152011
2007-06-07,1.151476511217974,1.1574448161973416
2007-06-08,1.151907676202502,1.1578782159857055
2007-06-11,1.1510981592956173,1.1570645032105256
2007-06-12,1.1514104352617438,1.1573783977578262
2007-06-13,1.1514154106185968,1.1573833989028277
2007-06-14,1.1531051393723497,1.1590818858174605
2007-06-15,1.1522296830400944,1.158201891841288
2007-06-18,1.1530629758542186,1.15903950375841
2007-06-19,1.154135687112379,1.1601177750674103
2007-06-20,1.1534613506902933,1.1594399434412224
2007-06-21,1.1522472255535938,1.1582195252807153
2007-06-22,1.1519566080920045,1.1579274014977845
2007-06-25,1.151796198472601,1.1577661604471525
2007-06-26,1.1519010144979418,1.1578715197523604
2007-06-27,1.1517049370570567,1.1576744260076641
2007-06-28,1.1516283177679374,1.1575974095873134
2007-06-29,1.1521552411136715,1.1581270640692864
2007-07-02,1.1522452255395663,1.1582175149002636
2007-07-03,1.152662082154698,1.1586365321564396
2007-07-04,1.153513708430239,1.1594925725605287
2007-07-06,1.1545001305768652,1.1610027022472416
2007-07-09,1.1548335886136687,1.1613380384430214
2007-07-10,1.1552772888171232,1.1617842377301026
2007-07-11,1.1558548632454855,1.162365065271233
2007-07-12,1.1562335216135218,1.1627458563832263
2007-07-13,1.1558161361567199,1.1623261200571822
2007-07-16,1.155561563393717,1.162070113446237
2007-07-17,1.156678731788476,1.1631935741465247
2007-07-18,1.1571395195782708,1.1636569572635513
2007-07-19,1.1568583735197076,1.1633742276864183
2007-07-20,1.157408563077096,1.1639275161148546
2007-07-23,1.157511374157548,1.1640309062653311
2007-07-24,1.1573355115053465,1.1638540530896382
2007-07-25,1.1578315050290338,1.1643528402322696
2007-07-26,1.1579281969816946,1.1644500767897645
2007-07-27,1.1588112021898962,1.1653380554098347
2007-07-30,1.1591155708582308,1.165644138395065
2007-07-31,1.158351860289119,1.164876126325607
2007-08-01,1.1590203255126676,1.1655483565924938
2007-08-02,1.1585713005497131,1.1650968025548982
2007-08-06,1.158203258887644,1.164882377595351
2007-08-07,1.1580903639713584,1.164768831637427
2007-08-08,1.1577470433722161,1.1644235311793791
2007-08-09,1.157712787835139,1.1643890780977029
2007-08-10,1.1581849979479713,1.164864011348615
2007-08-13,1.1581734383176743,1.1648523850563204
2007-08-14,1.157995819240501,1.1646737416866562
2007-08-15,1.1579288559505594,1.1646063922332675
2007-08-16,1.158015349123211,1.1646933841941611
2007-08-17,1.1587052972256289,1.1653873110846222
2007-08-20,1.1589982049921852,1.1656819079897027
2007-08-21,1.1596819480521705,1.1663695940545347
2007-08-22,1.1594215985739624,1.166107743194719
2007-08-23,1.1602856602102276,1.166976787695775
2007-08-24,1.1608373584499019,1.1675316674651206
2007-08-27,1.161151091315152,1.1678472095629329
2007-08-28,1.1610307043180743,1.167726128318936
2007-08-29,1.1615922554999276,1.1682909178503407
2007-08-30,1.1609641797071133,1.1676592200742988
2007-08-31,1.1617425640289585,1.1684420931775785
2007-09-04,1.1618573908076906,1.1688987017088066
2007-09-05,1.1611417327338152,1.168178706466672
2007-09-06,1.161806306673008,1.1688473079842576
2007-09-07,1.1621536016445102,1.1691967076993266
2007-09-10,1.1618635053898427,1.1689048533477218
2007-09-11,1.1620402027862928,1.1690826215996089
2007-09-12,1.161979715069364,1.1690217673034218
2007-09-13,1.1625459238759779,1.169591407557194
2007-09-14,1.1627744450367283,1.169821313645693
2007-09-17,1.1633800614746785,1.170430600356484
2007-09-18,1.1629594634417242,1.170007453334697
2007-09-19,1.1621853849150856,1.1692286835889714
2007-09-20,1.1631859552612742,1.1702353177833926
2007-09-21,1.1641852038542921,1.1712406222143015
2007-09-24,1.1645770893859833,1.1716348827258205
2007-09-25,1.1637025422535414,1.170755035495186
2007-09-26,1.164102963820703,1.1711578837738943
2007-09-27,1.1634795703184304,1.1705307122628077
2007-09-28,1.1632948097947982,1.1703448320180294
2007-10-01,1.163538195104626,1.1705896923381718
2007-10-03,1.163000008198565,1.1704238220959093
2007-10-04,1.1641303188437804,1.171561347888001
2007-10-05,1.1647529827391814,1.1721879864530902
2007-10-08,1.1652433171113348,1.1726814507917962
2007-10-09,1.1663157636388934,1.1737607431004204
2007-10-10,1.1672498370398845,1.1747007790010215
2007-10-11,1.1682366011368008,1.1756938419396958
2007-10-12,1.1682900093038182,1.1757475910287163
2007-10-15,1.1691878279699082,1.1766511407684463
2007-10-16,1.168998258914778,1.1764603616313076
2007-10-17,1.1701833467194493,1.1776530142435901
2007-10-18,1.1695436247733269,1.177009208740597
2007-10-19,1.1692735836245913,1.1767374438298506
2007-10-22,1.1703010645814946,1.1777714835377024
2007-10-23,1.1698653118861373,1.1773329492886968
2007-10-24,1.169664126243311,1.1771304794113386
2007-10-25,1.1699385343467281,1.1774066391524836
2007-10-26,1.1695490288464243,1.177014647309681
2007-10-29,1.1691926347770154,1.1766559782589936
2007-10-30,1.1700200664412856,1.17748869169338
2007-11-01,1.169432257789897,1.1769357693798246
2007-11-02,1.1694245146757904,1.176927976583023
2007-11-05,1.169390419165377,1.1768936623031547
2007-11-06,1.1697319351533704,1.177237369584536
2007-11-07,1.1697230250049668,1.177228402265312
2007-11-08,1.1705844706177149,1.1780953752329764
2007-11-09,1.1708920453918326,1.1784049235210508
2007-11-12,1.171239469831938,1.1787545771653665
2007-11-13,1.1717034859231628,1.179221570556127
2007-11-14,1.1710680786067453,1.1785820862304335
2007-11-15,1.1703440146664337,1.1778533764270274
2007-11-16,1.170196503092711,1.177704918364275
2007-11-19,1.1708535210858755,1.178366152028842
2007-11-20,1.1708073340479446,1.178319668637726
2007-11-21,1.1701826263503734,1.177690952583606
2007-11-22,1.17004307236626,1.1775505031693123
2007-11-23,1.1688814769494333,1.1763814545249773
2007-11-26,1.1690949288274497,1.1765962759895001
2007-11-27,1.1687788363760616,1.176278155371575
2007-11-28,1.1689481763024647,1.176448581845824
2007-11-30,1.1691195692765104,1.176481899532016
2007-12-03,1.168550954295827,1.1759097037958772
2007-12-04,1.1678548955891876,1.1752092617787449
2007-12-05,1.168173934605371,1.1755303098884917
2007-12-06,1.1688322914393052,1.1761928126118326
2007-12-07,1.1694448494958185,1.1768092281477955
2007-12-10,1.168282454075358,1.175639512741255
2007-12-11,1.1683493731864691,1.1757068532640074
2007-12-12,1.1694374735454673,1.1768018057486604
2007-12-13,1.1691943545509216,1.176557155753885
2007-12-14,1.1674645784945814,1.1748164867290842
2007-12-17,1.167650583711568,1.1750036632820682
2007-12-18,1.166920879799622,1.174269364184711
2007-12-19,1.1663261259360993,1.1736708649605947
2007-12-20,1.1661077883236062,1.173451152404381
2007-12-21,1.16561616436013,1.1729564325231938
2007-12-24,1.1654650087880143,1.1728043250747509
2007-12-25,1.1652878234939346,1.1726260239866277
2007-12-26,1.1650130844369182,1.1723495548074536
2007-12-27,1.1651093794304541,1.1724464562022192
2007-12-31,1.1653206594056176,1.1721371895381825
2008-01-01,1.1655595667824443,1.1723774944010315
2008-01-02,1.1652097703964468,1.1720256518849956
2008-01-03,1.1651190270741012,1.1719343777606033
2008-01-04,1.1651842734026303,1.1720000057467996
2008-01-07,1.1648217675399122,1.1716353794101015
2008-01-08,1.1638407023549229,1.1706485754953115
2008-01-09,1.1636242679942352,1.1704308751042576
2008-01-10,1.1633777431284684,1.1701829081940525
2008-01-11,1.1626344225768783,1.1694352395972294
2008-01-14,1.161736464039457,1.1685320284614105
2008-01-15,1.161095425569804,1.1678872402444163
2008-01-16,1.1608559475706897,1.1676463614214307
2008-01-17,1.1616537651562082,1.1684488458319713
2008-01-18,1.1622833332745737,1.1690820966019868
2008-01-21,1.1622221160932225,1.1690205213314195
2008-01-22,1.1621220075146523,1.1689198271688415
2008-01-23,1.162037813059081,1.168835140218746
2008-01-24,1.1612908676669542,1.1680838255779222
2008-01-25,1.1610303108667666,1.167821744653653
2008-01-29,1.160306086116838,1.166869705165222
2008-01-30,1.1604004201190707,1.1669645727960045
2008-01-31,1.1611672041501382,1.1677356943707018
2008-02-01,1.1612145265103493,1.167783284424023
2008-02-04,1.161405918200361,1.1679757587784778
2008-02-05,1.1615303812400326,1.1681009258806272
2008-02-06,1.1610090065227552,1.1675766018510374
2008-02-07,1.1600619119735336,1.1666241497777123
2008-02-08,1.1589991913266338,1.1655554175330414
2008-02-11,1.1588702691643227,1.1654257660838891
2008-02-12,1.1578622655838524,1.1644120604291295
2008-02-13,1.1572368929565962,1.1637831501942215
2008-02-14,1.1568033614877309,1.1633471663247
2008-02-15,1.1564310651665461,1.1629727639978202
2008-02-18,1.1562687451106546,1.1628095257298952
2008-02-19,1.1560052208853908,1.1625445108008892
2008-02-20,1.1554613600822228,1.1619975734861265
2008-02-21,1.1550500605245482,1.1615839472892628
2008-02-22,1.154822363130386,1.1613549618565637
2008-02-25,1.1543083106654213,1.1608380014998012
2008-02-27,1.1544784471690588,1.1597085721940013
2008-02-28,1.1539077111461182,1.1602818938180532
2008-02-29,1.1526216286751103,1.161575080604703
2008-03-03,1.1536902715033344,1.1604981366636469
2008-03-04,1.1529828477116268,1.1612097349256643
2008-03-05,1.1533332145087452,1.1608568681536946
2008-03-06,1.1524486595783898,1.1617471933894934
2008-03-07,1.1522506655968523,1.1619467848857803
2008-03-10,1.153217564070847,1.1609717500199186
2008-03-11,1.1540405364818587,1.1601432439773487
2008-03-12,1.154192292252234,1.1599906857039
2008-03-13,1.1535609298293994,1.160625219944605
2008-03-14,1.1534359457323315,1.1607509694316047
2008-03-17,1.1537970601686844,1.1603875648284943
2008-03-18,1.1535908638220858,1.1605949389714578
2008-03-19,1.1539398538364254,1.1602438300496583
2008-03-20,1.154061477377276,1.1601215420791098
2008-03-21,1.1547833448866105,1.1593958839885121
2008-03-24,1.1553834619347483,1.1587933698990918
2008-03-25,1.1549749818115675,1.1592030555784114
2008-03-27,1.1555108859785013,1.1579358095647325
2008-03-28,1.155493193799372,1.1579535388721858
2008-03-31,1.1555859516372888,1.157860583528744
2008-04-01,1.1556335562834477,1.1578128851785676
2008-04-02,1.1557504646427443,1.1576957563499328
2008-04-03,1.1560212976545492,1.1574244674878142
2008-04-04,1.1572214861517944,1.1562228222109256
2008-04-07,1.1563162847315072,1.1571272424566248
2008-04-08,1.1562464904900203,1.157197085646812
2008-04-09,1.1575638472856709,1.155878645800964
2008-04-10,1.1578941369343914,1.155548836993631
2008-04-11,1.1578152973604683,1.1556275168789933
2008-04-14,1.1587494643817837,1.1546951150376512
2008-04-15,1.1592481259904857,1.154198198196415
2008-04-16,1.1602886787982862,1.153162178254726
2008-04-17,1.1605267855722907,1.152925533934062
2008-04-18,1.1603670337617753,1.1530842393975855
2008-04-21,1.161747414447835,1.1517125223743052
2008-04-22,1.1615068732718428,1.1519509858140267
2008-04-23,1.162304512732012,1.1511599086507225
2008-04-25,1.1629482578157795,1.150501062842857
2008-04-28,1.1639075185750132,1.1495520691833154
2008-04-29,1.1639073960922701,1.1495521901553758
2008-04-30,1.1633190281261907,1.150133301407263
2008-05-01,1.1633581611845254,1.150094611905511
2008-05-02,1.1631150152805123,1.1503349856815694
2008-05-05,1.163734986242916,1.1497218268118186
2008-05-06,1.1635191488519891,1.1499350651885318
2008-05-07,1.1632637156175063,1.150187516240529
2008-05-08,1.1635316034455057,1.1499226397285387
2008-05-09,1.1630405575062848,1.1504079422686542
2008-05-12,1.1626846088882354,1.150760024674208
2008-05-13,1.16352882253034,1.1499244693531934
2008-05-14,1.1629749723072031,1.150471843781406
2008-05-15,1.162880974665896,1.1505648308553165
2008-05-16,1.163288683939585,1.1501614396555808
2008-05-19,1.164571130027193,1.1488934654555667
2008-05-20,1.1650109156068418,1.148459600347947
2008-05-21,1.165443129843728,1.1480335265806465
2008-05-22,1.1648343469555023,1.1486332153584125
2008-05-26,1.1659745565187152,1.14791629404405
2008-05-27,1.1657327258845234,1.1481543792782736
2008-05-28,1.1655099555113395,1.1483737904467732
2008-05-29,1.166418637706236,1.1474784683506123
2008-05-30,1.1672867149530595,1.1466244868405482
2008-06-02,1.1678772333156575,1.1460444212869785
2008-06-03,1.169079262559551,1.1448648633078604
2008-06-04,1.1691016681052504,1.1448429218340561
2008-06-05,1.1694571204948832,1.1444948450470478
2008-06-06,1.1697013198904709,1.1442558581320803
2008-06-09,1.169903658802678,1.1440579208623822
2008-06-10,1.1704637186491391,1.143510233966389
2008-06-11,1.1706277244606151,1.143350004887209
2008-06-12,1.1704358364715068,1.1435374215429914
2008-06-13,1.1706341051542843,1.1433437093793586
2008-06-16,1.1706578568035313,1.1433205114401952
2008-06-17,1.170108434617146,1.1438571034525273
2008-06-18,1.169624504021298,1.1443301770867842
2008-06-19,1.1685089514989422,1.1454216046441483
2008-06-20,1.1696546668861327,1.144298526249603
2008-06-24,1.1696403689795072,1.1445946788921117
2008-06-25,1.1698095819390883,1.1444290893158002
2008-06-26,1.170349054976398,1.143901320825671
2008-06-27,1.1710004803100447,1.143264616505358
2008-06-30,1.1715503928758761,1.1427277289555593
2008-07-01,1.171097409940567,1.1431695675346498
2008-07-02,1.1713104873111926,1.142961571544255
2008-07-03,1.172093253074782,1.142197750851966
2008-07-04,1.1721981410503908,1.1420955381572702
2008-07-07,1.173138365996911,1.1411794586322483
2008-07-08,1.1734623859130828,1.1408642657417585
2008-07-09,1.173996777429455,1.1403447193189133
2008-07-10,1.1741882089823488,1.140158775060249
2008-07-11,1.1747654856826493,1.1395982285563324
2008-07-14,1.1747369369203626,1.1396259226955678
2008-07-15,1.174555602100682,1.1398018377065804
2008-07-16,1.1749151099489683,1.1394529672866411
2008-07-17,1.1747331202998792,1.1396294639917341
2008-07-18,1.1742287649774956,1.1401187480476418
2008-07-21,1.1747354969876307,1.1396267360290113
2008-07-23,1.1750230009830893,1.1384389055031794
2008-07-24,1.1750662309493167,1.1383970214929127
2008-07-25,1.1761675808750285,1.1373300403798237
2008-07-28,1.176529396154089,1.136980172391082
2008-07-29,1.177662147132263,1.135885499018151
2008-07-30,1.1777880495910555,1.1357640628510963
2008-07-31,1.1768985129364191,1.136621860453369
2008-08-01,1.1776417350260626,1.1359040734352235
2008-08-04,1.177735437373215,1.1358136920614534
2008-08-05,1.1782202559709918,1.1353461306855732
2008-08-06,1.1787706758628553,1.134815739961672
2008-08-07,1.178594179711442,1.1349856547846038
2008-08-08,1.178015323680849,1.1355430928767123
2008-08-11,1.178213133291384,1.1353524151050125
2008-08-12,1.1780102925697602,1.1355478769418144
2008-08-13,1.1779029095108233,1.1356513892840787
2008-08-14,1.1787152531213567,1.1348681845373807
2008-08-15,1.1795969988841517,1.1340192388650507
2008-08-18,1.1800632841043943,1.1335709701673058
2008-08-19,1.1797157007433552,1.1339048593858707
2008-08-21,1.1805735052835025,1.1328198295362881
2008-08-22,1.1804168831017092,1.1329701164201513
2008-08-25,1.180516835218702,1.1328741818708856
2008-08-26,1.1808650621231471,1.1325400085175632
2008-08-27,1.1807576189111848,1.1326430547843163
2008-08-28,1.1812975282264127,1.1321251461752064
2008-08-29,1.181420388726184,1.132007399834476
2008-09-01,1.1816976129962327,1.1317417704885604
2008-09-02,1.1812904788139675,1.1321316932193806
2008-09-03,1.18100691590504,1.1324034558061244
2008-09-04,1.1819717110951662,1.131478366043541
2008-09-05,1.181776895507364,1.13166485918961
2008-09-08,1.1829539710919814,1.1305376962870473
2008-09-09,1.1827395660968485,1.1307426010721815
2008-09-10,1.1829433978502772,1.130547730406094
2008-09-11,1.183714597708476,1.1298106890134454
2008-09-12,1.182766258788989,1.1307158425446413
2008-09-15,1.181907841091158,1.1315364835489357
2008-09-16,1.1813400896077488,1.1320800382109248
2008-09-17,1.1818244302086478,1.1316158938626577
2008-09-19,1.1834151512682314,1.1298600393475835
2008-09-22,1.1831728736087164,1.130091352801378
2008-09-23,1.1837266020533757,1.1295624666672657
2008-09-24,1.1848607907798259,1.1284801753566767
2008-09-25,1.1857611709411735,1.127622639036569
2008-09-26,1.1869530613394597,1.1264891876896244
2008-09-29,1.1873057077641243,1.1261545052178392
2008-09-30,1.187889035252356,1.1256012215314273
2008-10-01,1.187604325970421,1.1258710018779217
2008-10-02,1.1884529670358803,1.1250664743549839
2008-10-03,1.1878274779673288,1.1256586027779185
2008-10-06,1.1873091879956112,1.1261497663317335
2008-10-07,1.1876943902485844,1.1257844062119247
2008-10-08,1.1877055612213425,1.1257738175394205
2008-10-09,1.1880058069997943,1.1254892277831343
2008-10-10,1.1883839097317743,1.125131021998843
2008-10-13,1.1890953253559549,1.1244574721621738
2008-10-14,1.1896567214328722,1.1239265929298101
2008-10-15,1.1904304797915468,1.1231955857576161
2008-10-16,1.1898259964250089,1.1237659282181673
2008-10-20,1.1893783225931702,1.1246721187693545
2008-10-21,1.189162809823122,1.1248759069157397
2008-10-22,1.1895083485381628,1.1245490482448788
2008-10-23,1.1894463281065346,1.1246076817277333
2008-10-24,1.1908638346862406,1.1232674457282035
2008-10-27,1.191552114260535,1.1226182346119986
2008-10-28,1.1911907136806394,1.1229587273828432
2008-10-29,1.1924720765734942,1.1217507615827829
2008-10-30,1.192835582325314,1.1214088140756218
2008-10-31,1.193159970203835,1.1211038504816926
2008-11-03,1.193096406198389,1.1211635757935008
2008-11-04,1.1929166005782064,1.1213325407748924
2008-11-05,1.1931420062002271,1.1211206612028226
2008-11-06,1.1938473383160393,1.1204579048804926
2008-11-07,1.1949504150210173,1.1194226376615484
2008-11-10,1.1960670804227593,1.1183765519715563
2008-11-11,1.1957444923313292,1.1186781863558695
2008-11-12,1.1951935681211716,1.1191936032364749
2008-11-13,1.1954474751850819,1.1189558416141532
2008-11-14,1.1943776746977206,1.119957190087878
2008-11-18,1.1945600970471875,1.1194274467373626
2008-11-19,1.1942640471093602,1.1197048764178181
2008-11-20,1.1937273560673876,1.1202080612690084
2008-11-21,1.1944009249660823,1.119575976139768
2008-11-24,1.1946927334753747,1.1193024483905774
2008-11-25,1.1943886770101493,1.1195873175761342
2008-11-26,1.1930644640222368,1.1208285986562156
2008-11-27,1.1936393727524166,1.1202884986315864
2008-11-28,1.1953208600873513,1.1187103411370174
2008-12-01,1.1962749317277315,1.1178174178676945
2008-12-02,1.19604613618828,1.1180312078856465
2008-12-03,1.1958756193854072,1.1181906023281454
2008-12-04,1.196392430006622,1.1177073641297426
2008-12-05,1.1960547014507428,1.1180228807483
2008-12-08,1.1968960394464783,1.1172364324959463
2008-12-09,1.1977183712371022,1.1164688311289055
2008-12-10,1.1984288962225478,1.1158065059788211
2008-12-11,1.198479757421011,1.1157591512660583
2008-12-12,1.1983523259570639,1.115877787247332
2008-12-15,1.1977441230484343,1.1164441316363554
2008-12-17,1.1978061445268624,1.1162667394030639
2008-12-18,1.1983529518529392,1.1157571554159134
2008-12-19,1.199197540178913,1.114970779860507
2008-12-22,1.1984166031440486,1.1156968670526595
2008-12-23,1.1998160137160747,1.114394049662752
2008-12-24,1.1999043214563092,1.1143120290703183
2008-12-25,1.2001511345829194,1.1140828217652055
2008-12-26,1.1999635096607104,1.1142569912483187
2008-12-29,1.1994459460150895,1.1147375882880672
2008-12-30,1.2004992946186799,1.1137586302233926
2008-12-31,1.2011717970533304,1.1131347186610987
2009-01-01,1.2016258657351147,1.1127139298816828
2009-01-02,1.2017046678818077,1.1126409585444053
2009-01-05,1.202094456836984,1.1122800585926045
2009-01-06,1.2019133004162061,1.112447679924831
2009-01-07,1.2020132613087193,1.1123551597214842
2009-01-08,1.2026617761356588,1.1117550175790283
2009-01-09,1.2026334918770547,1.1117811638880284
2009-01-12,1.203504009238836,1.110976409312172
2009-01-13,1.2033556114725341,1.1111133979854881
2009-01-15,1.2034113551766084,1.1110917287420756
2009-01-16,1.2030600285784372,1.1114161033423617
2009-01-19,1.2043769186826194,1.110199528247726
2009-01-20,1.2045236845522336,1.1100642388738755
2009-01-21,1.2040943337462415,1.1104599197407408
2009-01-22,1.20408871943738,1.1104650974621146
2009-01-23,1.2052275393793468,1.1094148261843977
2009-01-26,1.20491587170764,1.1097017170199754
2009-01-27,1.2053407732177233,1.1093103918275904
2009-01-28,1.205570698727046,1.1090987846518396
2009-01-29,1.2064752068937468,1.1082666568392985
2009-01-30,1.2065733735306228,1.1081764810861274
2009-02-02,1.20694180300775,1.1078380972874726
2009-02-03,1.2065402691911604,1.108206660592065
2009-02-04,1.207081668725833,1.1077093853782276
2009-02-05,1.2068886841232271,1.1078864826377408
2009-02-06,1.2058770333948436,1.1088151467157712
2009-02-09,1.2060983145197346,1.1086116766635465
2009-02-10,1.2067456525497895,1.1080166617379572
2009-02-11,1.2059906149923896,1.108709926463684
2009-02-13,1.2064853364437762,1.1081196056578027
2009-02-16,1.2087959166540796,1.1059974089313767
2009-02-17,1.209000068019347,1.1058106190209338
2009-02-18,1.2091580628697198,1.1056661092000373
2009-02-19,1.2088492541701465,1.1059484869336267
2009-02-20,1.209224713466519,1.1056049878254492
2009-02-23,1.2091335500173757,1.1056883393836485
2009-02-24,1.209090554016739,1.1057276569400454
2009-02-25,1.2091411643647976,1.1056813731762778
2009-02-26,1.2091327960078586,1.1056890254973337
2009-02-27,1.2097581496048744,1.1051171721727373
2009-03-02,1.2108863616067986,1.1040865476156014
2009-03-03,1.2111551405901273,1.1038414748580048
2009-03-04,1.211227029997042,1.1037759551683335
2009-03-05,1.211253115487,1.1037521837894908
2009-03-06,1.210861482394232,1.1041090587282298
2009-03-09,1.2118793138251236,1.1031809617332842
2009-03-10,1.2123485020567653,1.10275385688983
2009-03-11,1.212347491975449,1.1027547756611777
2009-03-12,1.2142564869343735,1.1010183483401326
2009-03-16,1.2138936031657326,1.1011502155081105
2009-03-17,1.2138462688075293,1.101193153570063
2009-03-18,1.214600019753265,1.1005093557924774
2009-03-19,1.214476019968776,1.1006217079419316
2009-03-20,1.2136805653075884,1.1013425905722938
2009-03-23,1.2144155598153263,1.1006756269754898
2009-03-24,1.2143573735347226,1.1007283636358258
2009-03-25,1.2152867277012431,1.0998859703558521
2009-03-26,1.215879980494403,1.0993490514467608
2009-03-27,1.2157947559832345,1.0994261079712664
2009-03-30,1.2168806847749123,1.0984441178293507
2009-03-31,1.2165587133640487,1.0987347524057698
2009-04-01,1.2173424310744305,1.098026937916413
2009-04-02,1.2175642680386554,1.0978268438785097
2009-04-03,1.2167153118522256,1.098592312211644
2009-04-06,1.2165623202203373,1.0987304508780913
2009-04-07,1.2172494341342306,1.098109888357069
2009-04-08,1.2169667092987029,1.0983649412072665
2009-04-09,1.2171767420943684,1.0981753775507588
2009-04-10,1.2172483367332152,1.0981107826017864
2009-04-14,1.218490927483345,1.0965193704804874
2009-04-15,1.2180123582205158,1.0969500347184993
2009-04-16,1.2178399140588356,1.0971053390779875
2009-04-17,1.2189670132881183,1.096089978546737
2009-04-20,1.2190592169725634,1.0960070693839759
2009-04-21,1.2190412946849922,1.0960231825912787
2009-04-22,1.2186615859779821,1.0963645734427037
2009-04-23,1.2185697958219248,1.0964471521310368
2009-04-24,1.2186839873524635,1.0963444046487951
2009-04-27,1.2195349175768753,1.0955788964448947
2009-04-28,1.2202852354490796,1.0949048424144896
2009-04-29,1.2216385139205643,1.0936906089643745
2009-04-30,1.2219944474182698,1.0933719540436098
2009-05-01,1.2220179189763758,1.0933509530125454
2009-05-04,1.2221176022813136,1.0932617654198262
2009-05-05,1.2216025337180332,1.0937225269420834
2009-05-06,1.2216757849958029,1.093656943767186
2009-05-07,1.221544104754565,1.0937748252967663
2009-05-08,1.2217690206136471,1.0935734348569808
2009-05-11,1.2223249275081909,1.0930758571627766
2009-05-13,1.223116472126837,1.0928286827446518
2009-05-14,1.2240209528978128,1.0920205483175238
2009-05-15,1.22378056130402,1.092235015691994
2009-05-18,1.2228142281859775,1.0930974765789558
2009-05-19,1.2227246471155298,1.0931775548441565
2009-05-20,1.2234553616490464,1.0925242591664064
2009-05-21,1.2233089344544994,1.0926550160924529
2009-05-22,1.2227821830082213,1.0931255085361842
2009-05-25,1.2225106682800804,1.0933682334297905
2009-05-26,1.2230027595816355,1.0929281252074021
2009-05-27,1.2234696622987724,1.0925108807594264
2009-05-28,1.2234093855828319,1.092564705525214
2009-05-29,1.2229515336854573,1.0929735897706057
2009-06-01,1.2229992727708716,1.0929309244988263
2009-06-02,1.2230133290553233,1.0929183631275297
2009-06-03,1.2247451940385916,1.0913707209246983
2009-06-04,1.2242885705647693,1.0917776182060615
2009-06-05,1.2246430437201477,1.0914615114755064
2009-06-08,1.2258219254398592,1.0904108346842198
2009-06-09,1.2260998775939653,1.0901635866671375
2009-06-11,1.2262305677658718,1.0904406025524576
2009-06-12,1.226165764241552,1.0904982298828831
2009-06-15,1.2259654876506758,1.090676347127881
2009-06-16,1.2262520790853455,1.0904213819577908
2009-06-17,1.2256925413111082,1.0909189403011752
2009-06-18,1.2265046658301797,1.0901961146414951
2009-06-19,1.2264255964348034,1.0902663965980401
2009-06-22,1.226392766094977,1.090295582075256
2009-06-23,1.2264662064439207,1.0902302916640492
2009-06-24,1.2262820378399224,1.0903940028122223
2009-06-25,1.2265436140843815,1.0901614126254342
2009-06-26,1.2263975769798017,1.0902912115289516
2009-06-29,1.2267549529738917,1.089973497344839
2009-06-30,1.2264944025315556,1.090204996778511
2009-07-01,1.2267687824700937,1.089961106240248
2009-07-02,1.2278248878447355,1.0890227763781748
2009-07-03,1.2272876089721765,1.089499317402287
2009-07-06,1.2270232094131004,1.0897340326695388
2009-07-07,1.2272847005860081,1.0895017992218141
2009-07-08,1.2272191615409345,1.0895599804307
2009-07-10,1.227573990624267,1.0886838727996333
2009-07-13,1.228235019499653,1.088097634021699
2009-07-14,1.2286780504182822,1.0877051514050127
2009-07-15,1.2287923337679114,1.0876039804041397
2009-07-16,1.2289763387465666,1.0874411176146348
2009-07-17,1.2294288508787043,1.0870407191015048
2009-07-20,1.2308680185215002,1.085768230800767
2009-07-21,1.2305574309096645,1.086042205066681
2009-07-22,1.2302024708820214,1.0863554790037184
2009-07-23,1.2311533333247222,1.085515800455791
2009-07-24,1.2312242258458044,1.085453294064681
2009-07-27,1.2300161055025007,1.086518378862996
2009-07-28,1.2305901999526976,1.0860112601606051
2009-07-29,1.2305900800293936,1.0860113659944226
2009-07-30,1.2307627059468265,1.0858590214310788
2009-07-31,1.2312103772173886,1.085464056678388
2009-08-03,1.2317269572038279,1.0850086275997712
2009-08-04,1.23273837503426,1.0841176857674852
2009-08-05,1.2326595722756748,1.0841869879535773
2009-08-06,1.2329627459131998,1.0839203312705092
2009-08-10,1.2330212571885988,1.0838477481991293
2009-08-11,1.2336335074299656,1.0833095692816361
2009-08-12,1.2332717714769854,1.0836272260387334
2009-08-13,1.2338991596102595,1.083075964850216
2009-08-14,1.2336348140838485,1.083307998630158
2009-08-17,1.234285525412518,1.082736580914721
2009-08-18,1.2346191378258373,1.082443930343754
2009-08-19,1.2357220686762778,1.0814769432235392
2009-08-20,1.2354673332057773,1.0816998821391342
2009-08-21,1.2355178866961543,1.0816556205847305
2009-08-24,1.2362061491233056,1.0810530692734288
2009-08-25,1.236242637515248,1.0810211604464663
2009-08-26,1.2363840151435046,1.0808975340618707
2009-08-27,1.2354411077581493,1.0817218623087552
2009-08-28,1.2354772576940318,1.0816902103135937
2009-08-31,1.2350093359450864,1.0820998871181444
2009-09-01,1.2357687258504118,1.0814345190865722
2009-09-02,1.2370131772025295,1.0803454863077422
2009-09-03,1.237385075296063,1.0800206890993376
2009-09-04,1.2376696829728622,1.0797722763898614
2009-09-08,1.2380129351411933,1.079157455173741
2009-09-09,1.2374954371557776,1.0796085504677777
2009-09-10,1.237983815739852,1.0791824820723708
2009-09-11,1.2388096693207074,1.0784625641656223
2009-09-14,1.2392145194511923,1.078110116392055
2009-09-15,1.2395362397466196,1.0778302214265714
2009-09-16,1.2401750242710783,1.077274770731897
2009-09-17,1.2388595117548622,1.0784174872167211
2009-09-18,1.2394232126532532,1.0779267900064107
2009-09-21,1.2397685714894071,1.07762643130903
2009-09-22,1.2388377761269556,1.0784354933451106
2009-09-23,1.2395736384052327,1.0777949090697514
2009-09-24,1.240362950776384,1.0771086111129902
2009-09-25,1.239956928536944,1.0774611934358742
2009-09-28,1.2410387026205372,1.0765211853046952
2009-09-29,1.2420338880413568,1.0756579260150723
2009-09-30,1.2429215696589289,1.0748891532972642
2009-10-01,1.2437230908183454,1.0741959909759828
2009-10-02,1.2446049764923066,1.0734343117384886
2009-10-05,1.2446858933182965,1.073364523412831
2009-10-07,1.2442353531144357,1.074330027983176
2009-10-08,1.243438580783058,1.0750179978587486
2009-10-09,1.244824582756987,1.073819726315571
2009-10-12,1.2450751199583803,1.0736036060744074
2009-10-13,1.245433119552823,1.0732949101175082
2009-10-14,1.2458066252107811,1.0729730287452426
2009-10-15,1.246254001716672,1.0725877178030776
2009-10-16,1.2471097544425531,1.0718512147611676
2009-10-19,1.246839163052664,1.0720837794644131
2009-10-20,1.2469183925688598,1.0720156546559492
2009-10-21,1.2464968809334491,1.072378041701062
2009-10-22,1.2455788597411481,1.0731678276872911
2009-10-23,1.2453015308368098,1.073406769168592
2009-10-26,1.2454480638280676,1.07328046280758
2009-10-27,1.2453981414062794,1.0733234840796164
2009-10-28,1.2457846050652672,1.0729904174825629
2009-10-29,1.2452887511099069,1.073417494956798
2009-10-30,1.245453051300999,1.0732758710166592
2009-11-02,1.2450382684187693,1.073633312398125
2009-11-03,1.2454442881738432,1.0732831895580515
2009-11-05,1.2451976227756254,1.072830434958347
2009-11-06,1.2455983548307372,1.072485174465455
2009-11-09,1.245602396521005,1.0724816944890443
2009-11-10,1.246358768150213,1.0718304475672158
2009-11-11,1.2477671761576963,1.0706192597266084
2009-11-12,1.2471628151595353,1.0711378184263582
2009-11-13,1.24736367390814,1.070965308951912
2009-11-16,1.247460489889946,1.0708821843908598
2009-11-17,1.248353553654244,1.0701155339979513
2009-11-18,1.2488738470646354,1.0696695272885004
2009-11-19,1.248962577201771,1.0695935292811203
2009-11-20,1.2494352290361008,1.069188757070303
2009-11-23,1.2492394530602502,1.0693562899422913
2009-11-24,1.250495346473444,1.0682812378234954
2009-11-25,1.250634066843548,1.0681627308901398
2009-11-26,1.2514746334218767,1.0674448055468229
2009-11-27,1.2515255536441694,1.0674013731628718
2009-11-30,1.2511775160727283,1.06769820751882
2009-12-01,1.250450082495273,1.0683189663773838
2009-12-02,1.2499203561657173,1.0687715367700574
2009-12-04,1.2504455332156488,1.0687840990550932
2009-12-07,1.2512955361403229,1.0680575823169303
2009-12-08,1.251460382458821,1.0679168758608582
2009-12-09,1.252643727358787,1.0669070844153195
2009-12-10,1.2529976992321665,1.066605597974168
2009-12-11,1.2533359131677868,1.0663176957080533
2009-12-14,1.254926723407626,1.06496426037485
2009-12-15,1.2551971428589401,1.0647347752219816
2009-12-16,1.2548544608901,1.065025458969265
2009-12-17,1.2543402553755743,1.0654618776785103
2009-12-18,1.2535935287969227,1.066096162274889
2009-12-21,1.2541138667577245,1.065653650176387
2009-12-22,1.2541975863826715,1.0655825114016064
2009-12-23,1.2542568028507912,1.0655322003234313
2009-12-24,1.2544225752627345,1.0653913712344845
2009-12-25,1.2547317104394309,1.0651288201960287
2009-12-28,1.255117389272424,1.064801421408748
2009-12-29,1.2554666316910306,1.064505135318756
2009-12-30,1.2559175321439533,1.064122818628262
2009-12-31,1.2569278420617682,1.0632667959914908
2010-01-04,1.257950867450593,1.0626653063101523
2010-01-05,1.2583594967341576,1.062320113048617
2010-01-06,1.2590414659493723,1.06174438757773
2010-01-07,1.2592958129159926,1.0615298978475582
2010-01-08,1.259796576517935,1.0611077765875938
2010-01-11,1.2605858867738227,1.0604429523879777
2010-01-12,1.2606397083219354,1.0603976760748113
2010-01-13,1.2606191996442553,1.0604149271212502
2010-01-14,1.2612080140597628,1.0599196248160938
2010-01-15,1.2602733516224465,1.0607051154321114
2010-01-18,1.2607666314307673,1.060289948027872
2010-01-19,1.2606838040998245,1.0603596048416164
2010-01-20,1.2607753278286986,1.0602826243452643
2010-01-21,1.2609240750792803,1.06015753137927
2010-01-22,1.2602980561495842,1.0606838744765428
2010-01-25,1.2604071970568063,1.0605920200142027
2010-01-26,1.2603755721364605,1.0606186313650667
2010-01-27,1.2605951074411135,1.060433890213695
2010-01-28,1.2607159633439573,1.0603322241875053
2010-01-29,1.262016561483232,1.0592383488358095
2010-02-02,1.2627051149694961,1.0588882469500616
2010-02-03,1.263007701087144,1.0586345021288286
2010-02-04,1.2629196464867058,1.05870830820144
2010-02-05,1.2643593372755755,1.0575014122570643
2010-02-08,1.2640945411215316,1.057722885930415
2010-02-09,1.2654111946441398,1.056621184658556
2010-02-10,1.2657252654018427,1.056358934871708
2010-02-11,1.2661683074541354,1.0559891773554
2010-02-12,1.267161617187129,1.0551607532654683
2010-02-15,1.2675872303760634,1.0548063467501947
2010-02-16,1.2680265685152234,1.0544407571903993
2010-02-17,1.2681492904095248,1.0543387065154655
2010-02-18,1.2687806029021975,1.0538138336144867
2010-02-19,1.269269422409098,1.0534078337455306
2010-02-22,1.2695812684118495,1.053149022640165
2010-02-23,1.2688174823397251,1.0537826020536123
2010-02-24,1.2690086267886902,1.0536238521170753
2010-02-25,1.2687977381625422,1.053798947291339
2010-02-26,1.2700056914106272,1.052795682686649
2010-03-01,1.270851906923542,1.052094196036121
2010-03-03,1.2707774132025866,1.0524966556541664
2010-03-04,1.2701476167591146,1.053018272298915
2010-03-05,1.270615983110813,1.0526299722934975
2010-03-08,1.271067457800604,1.052255952293338
2010-03-09,1.2719495179101101,1.0515257369182118
2010-03-10,1.2726314747145884,1.0509619605094171
2010-03-11,1.2733433847652347,1.05037405238566
2010-03-12,1.2731497156846612,1.050533808959902
2010-03-15,1.2733021459937668,1.050408031770265
2010-03-16,1.272585534529513,1.050999198949304
2010-03-17,1.2723106183434727,1.0512262459205814
2010-03-18,1.2731005229279935,1.0505735999243526
2010-03-19,1.2745671300740256,1.0493633429797258
2010-03-22,1.2744201584553319,1.049484346123049
2010-03-23,1.274384404693856,1.0495137893272661
2010-03-24,1.2744368026463133,1.0494706372191314
2010-03-25,1.2751087484409591,1.0489173046569993
2010-03-26,1.274797879114844,1.0491730288970282
2010-03-29,1.2757584287215367,1.0483824857397401
2010-03-30,1.2757299921796599,1.0484058540920767
2010-04-01,1.2768251857358854,1.0471269031151798
2010-04-02,1.2771999088886088,1.0468195919038876
2010-04-05,1.2775161736211986,1.0465603747555
2010-04-06,1.2777804536124056,1.0463438726302439
2010-04-07,1.277882862724837,1.0462600122558021
2010-04-08,1.2778221514207513,1.046309719323335
2010-04-09,1.2784604336713623,1.0457870793599073
2010-04-12,1.2794644272422881,1.0449658075578387
2010-04-13,1.2798530240329893,1.0446484322947496
2010-04-14,1.279962522498976,1.0445590568753196
2010-04-15,1.2808503323358964,1.0438345280007337
2010-04-16,1.2809224145078935,1.0437757843223472
2010-04-19,1.281322747580244,1.0434495678693831
2010-04-20,1.2814862452163789,1.0433164230094367
2010-04-21,1.2812839258020197,1.0434811404759583
2010-04-22,1.28190405703858,1.042976103897461
2010-04-23,1.2812930051824032,1.0434732647268812
2010-04-26,1.281216939033556,1.0435352123004276
2010-04-27,1.2810059282162773,1.0437070779785167
2010-04-28,1.2810646812530717,1.0436592085978962
2010-04-30,1.2826625082438246,1.0412440510472005
2010-05-03,1.2830347428271875,1.0409418772150119
2010-05-04,1.283519171551094,1.0405488542294228
2010-05-05,1.2825648049062481,1.0413225591656794
2010-05-06,1.282582295655241,1.0413083583148268
2010-05-07,1.2823066692134408,1.0415321350803344
2010-05-10,1.282313341247246,1.04152671583252
2010-05-11,1.2827870360732765,1.0411419691402783
2010-05-12,1.2825414826242139,1.0413412664470776
2010-05-13,1.2812979672622886,1.0423509210113762
2010-05-14,1.2819791180862186,1.0417967968288584
2010-05-17,1.2821221974709165,1.0416805237612494
2010-05-18,1.2827002578651685,1.0412108694214073
2010-05-19,1.2841273887571114,1.040052419356658
2010-05-20,1.2842903246759123,1.039920452779173
2010-05-21,1.283328517166901,1.0406992512183106
2010-05-24,1.2839467824997035,1.0401978766596574
2010-05-25,1.2852220456913015,1.0391647138509155
2010-05-26,1.2865353973569413,1.0381028049672438
2010-05-27,1.286088492394732,1.038463411675599
2010-05-31,1.2860989274611023,1.037781666564939
2010-06-01,1.2864045177658987,1.0375350789898887
2010-06-02,1.2878941450892027,1.036333636845365
2010-06-03,1.2877263496738172,1.0364686572845336
2010-06-04,1.288269231639775,1.036031700983637
2010-06-07,1.2883344013634928,1.0359792912092998
2010-06-08,1.2894051581120267,1.0351182711075082
2010-06-09,1.2898587143101603,1.034754161886517
2010-06-10,1.2902866505584192,1.0344108616405328
2010-06-11,1.2898622580122243,1.034751093215581
2010-06-14,1.2900555237051363,1.0345960519421584
2010-06-15,1.2902831817831082,1.0344134751891936
2010-06-16,1.2908142441405088,1.0339877251938305
2010-06-17,1.290841464101129,1.0339659210455656
2010-06-18,1.2910998244476004,1.033758974026098
2010-06-21,1.2912466028604719,1.0336414513538568
2010-06-22,1.2919741750698903,1.0330590306196283
2010-06-23,1.2921331254369686,1.032931934339146
2010-06-24,1.2909362048522777,1.0338887533158108
2010-06-25,1.2918657978239416,1.0331442581851047
2010-06-29,1.2914449152826248,1.0336245225272676
2010-06-30,1.2912140601565265,1.0338092903920542
2010-07-01,1.2924816265517087,1.0327944145817884
2010-07-02,1.292524060486458,1.0327605065324221
2010-07-05,1.2944251562943854,1.031241481293679
2010-07-06,1.2952533527975714,1.030581674440734
2010-07-07,1.2954500632791173,1.0304251597194913
2010-07-08,1.2951995355709078,1.0306244341346644
2010-07-09,1.2957060179604227,1.0302214127377622
2010-07-12,1.2963828631549656,1.0296832502202922
2010-07-13,1.2971819799484128,1.0290485324987235
2010-07-14,1.2969764747021106,1.0292115588708108
2010-07-15,1.296762095092716,1.0293816791284094
2010-07-16,1.2965367220626336,1.0295605823127436
2010-07-19,1.297037613217996,1.029162832074887
2010-07-20,1.2974058014731382,1.0288706850596137
2010-07-21,1.2979769012448188,1.0284177906663106
2010-07-22,1.2982748689760255,1.0281817037871654
2010-07-23,1.296779347170732,1.029366097165303
2010-07-26,1.2977269680131849,1.0286138884180582
2010-07-28,1.2974403013377667,1.0288165059137586
2010-07-29,1.2973047765350296,1.028923971477972
2010-07-30,1.2983376136351348,1.0281048032530864
2010-08-02,1.2986197501924333,1.027881389907678
2010-08-03,1.2982581548851573,1.0281675992364456
2010-08-04,1.2982223185203008,1.028195980178311
2010-08-05,1.2979249140917632,1.0284315253800436
2010-08-06,1.2968355432081906,1.0292947057900452
2010-08-09,1.2968907766122506,1.0292508671933323
2010-08-10,1.2978498236756353,1.0284897390864254
2010-08-11,1.2984153280662394,1.0280416013646838
2010-08-12,1.298916304972778,1.0276449446939622
2010-08-13,1.2993885173171247,1.0272713512402252
2010-08-16,1.3000750563566785,1.0267285867956866
2010-08-17,1.3000972099099033,1.0267110911239685
2010-08-18,1.3005972086643418,1.0263162327527504
2010-08-19,1.301090498298617,1.025926972222486
2010-08-20,1.3018170816003252,1.0253540517317408
2010-08-23,1.3022726859505978,1.0249952027251168
2010-08-24,1.3027171270225186,1.02464539122133
2010-08-26,1.3035903968451203,1.0241515084978503
2010-08-27,1.3034548759089664,1.0242579790360893
2010-08-30,1.3028413454997423,1.0247400927084869
2010-08-31,1.3027463043307754,1.0248148466274
2010-09-01,1.3024365481108227,1.0250585186086505
2010-09-02,1.301986459783624,1.0254127522752277
2010-09-03,1.3024173706029538,1.0250733774331058
2010-09-06,1.3021052741520702,1.025319014331241
2010-09-07,1.3024376007612561,1.025057329812999
2010-09-08,1.3018005107592125,1.025558738691216
2010-09-09,1.3022095657030315,1.0252364851133664
2010-09-10,1.3022980454750668,1.0251668245204217
2010-09-13,1.302526227294468,1.0249872001771148
2010-09-14,1.3028185895798832,1.02475713371543
2010-09-15,1.3033832602120745,1.0243129811195384
2010-09-16,1.3027267451472972,1.0248289282884795
2010-09-17,1.3029143892567083,1.0246813124417458
2010-09-20,1.3024529171325858,1.0250442387135716
2010-09-21,1.3022029108820654,1.0252409962802886
2010-09-22,1.302966962537962,1.024639448645619
2010-09-24,1.303079579156867,1.0242143865459432
2010-09-27,1.302402048411097,1.0247469225078636
2010-09-28,1.3027666173832895,1.024460074884465
2010-09-29,1.301994507119725,1.0250672413008253
2010-09-30,1.30232569348783,1.0248064965013246
2010-10-01,1.3028368152354914,1.024404292283036
2010-10-04,1.3035294007538931,1.0238597209525924
2010-10-05,1.302665762910483,1.024538066988245
2010-10-06,1.3013749019560878,1.0255533206508662
2010-10-07,1.301765710904428,1.025245342208906
2010-10-08,1.3023486772369426,1.024786209269646
2010-10-11,1.3030545669602835,1.0242307619717077
2010-10-12,1.3030328645505451,1.0242478205632868
2010-10-13,1.3025139600513485,1.0246557049818936
2010-10-14,1.3030151860041914,1.0242614028493888
2010-10-15,1.3021250832830678,1.0249610860699765
2010-10-18,1.3021847813768794,1.0249140950213784
2010-10-19,1.3020262504201665,1.0250388704099072
2010-10-20,1.3028691962999293,1.0243752491563958
2010-10-21,1.3040579326674402,1.0234406103483644
2010-10-25,1.3037391594218024,1.0238773451605818
2010-10-26,1.303433062100082,1.0241177353573931
2010-10-27,1.302003056094707,1.025241302462107
2010-10-28,1.3013676526151396,1.025741640681692
2010-10-29,1.3009486400934163,1.0260719075287548
2010-11-01,1.3004822229033735,1.026439775683686
2010-11-02,1.300530446476667,1.0264017139609785
2010-11-03,1.2993808132389764,1.0273090249192023
2010-11-04,1.299780497738689,1.0269930286465994
2010-11-05,1.2994933277779441,1.0272199296873787
2010-11-08,1.2996237528696208,1.0271168316178174
2010-11-09,1.2993125550655622,1.027362777032254
2010-11-10,1.299339056568975,1.027341822368162
2010-11-11,1.2995932391386606,1.0271408491248546
2010-11-12,1.2989399021380608,1.0276572177095402
2010-11-15,1.2985291211518366,1.02798220737588
2010-11-16,1.2982467033316814,1.0282057837974146
2010-11-17,1.2976213359926903,1.0287010720298426
2010-11-18,1.2969185798246692,1.0292581883498095
2010-11-19,1.2963822979919477,1.0296837913723726
2010-11-23,1.2961824893915563,1.0296068919570143
2010-11-24,1.295936842438665,1.0298020186446182
2010-11-25,1.296570275671877,1.0292986678632554
2010-11-26,1.2958855312494362,1.0298422608601563
2010-11-29,1.2956594218860178,1.0300219503253207
2010-11-30,1.2958578162663266,1.0298642309716948
2010-12-01,1.2959673990102798,1.0297771416730752
2010-12-02,1.2957173505293145,1.0299758304751276
2010-12-03,1.2940470530801897,1.031303562948263
2010-12-06,1.2940294769060015,1.0313175704536472
2010-12-07,1.2947155475813623,1.0307707848087295
2010-12-08,1.2945926888913828,1.0308685971417375
2010-12-09,1.29451036381935,1.0309341516070487
2010-12-10,1.2951459026565806,1.0304280153023222
2010-12-13,1.2947210048067168,1.030766067291093
2010-12-14,1.2940084204001097,1.0313333770232163
2010-12-15,1.2935580330556815,1.031692338752966
2010-12-16,1.2928315064348972,1.0322717885568473
2010-12-17,1.2929351448830215,1.0321890375984464
2010-12-20,1.2935320260898349,1.031712529367651
2010-12-22,1.2930491071715617,1.0327644193885375
2010-12-23,1.2927780879124886,1.0329808837487753
2010-12-24,1.2928973976879354,1.0328855505137573
2010-12-27,1.2915026533155989,1.033999800810357
2010-12-28,1.2897485202769503,1.0354041906564802
2010-12-29,1.2895253530057635,1.0355833483171957
2010-12-30,1.2887319938417534,1.0362204738592167
2010-12-31,1.2883171750275588,1.0365540139205052
2011-01-03,1.28795239269307,1.0368475104292463
2011-01-04,1.2880889675783365,1.0369574580721708
2011-01-05,1.2876891932037553,1.036635625473878
2011-01-06,1.2878585866184329,1.0367719932008903
2011-01-07,1.287615438073354,1.036576249969184
2011-01-10,1.2875895409857803,1.0365554018920884
2011-01-11,1.2885673850510566,1.0373426011631344
2011-01-12,1.2879827282912686,1.0368719316653479
2011-01-13,1.2883650995609697,1.0371797541448886
2011-01-14,1.2882259563591043,1.0370677389157033
2011-01-17,1.2886833370800699,1.0374359466728702
2011-01-18,1.288913859631015,1.037621525529978
2011-01-20,1.2888535287731844,1.037735109514924
2011-01-21,1.2895796309642453,1.0383197389704348
2011-01-24,1.2899493699369113,1.0386174385186968
2011-01-25,1.2892959145349203,1.0380913014534605
2011-01-26,1.290698168074128,1.0392203418739516
2011-01-27,1.2905519881615928,1.0391026434511619
2011-01-28,1.2907985730006566,1.0393011840449982
2011-01-31,1.2906452297739173,1.039177717998127
2011-02-01,1.291530435800131,1.0398904517200345
2011-02-02,1.2914563659220022,1.0398308135133836
2011-02-03,1.2921742635702227,1.0404088369877078
2011-02-04,1.2924318533009287,1.0406162382954876
2011-02-07,1.2927482585235173,1.040870995566957
2011-02-08,1.2938835932607615,1.0417851232716093
2011-02-09,1.2937694836411646,1.0416932466107278
2011-02-10,1.2939441659175648,1.0418338940366638
2011-02-11,1.2940885517904126,1.0419501479679503
2011-02-14,1.2950101796943467,1.0426922071798543
2011-02-15,1.2965288021604555,1.0439149433682553
2011-02-16,1.296488146804889,1.0438822092453162
2011-02-18,1.2959628965546246,1.0421692696939238
2011-02-21,1.2960042337086426,1.0422025116267974
2011-02-22,1.2964844887888025,1.0425887164228511
2011-02-23,1.2965423971135854,1.0426352843274638
2011-02-24,1.2964957608832455,1.042597781057699
2011-02-25,1.297429110723503,1.0433483492444704
2011-02-28,1.2971901926357317,1.0431562194468418
2011-03-01,1.2968263604294148,1.0428636379649516
2011-03-02,1.2971321839280656,1.0431095708177296
2011-03-03,1.2967518074939797,1.0428036850307414
2011-03-04,1.296990280773373,1.042995457128606
2011-03-07,1.296834363994705,1.042870074159858
2011-03-08,1.296656745452308,1.042727239371064
2011-03-09,1.2966545116657078,1.042725443035879
2011-03-10,1.2976258926117232,1.0435065945439932
2011-03-11,1.2980833218751289,1.043874443594801
2011-03-14,1.297656083358916,1.0435308729157249
2011-03-15,1.2985283414271174,1.0442323131778952
2011-03-16,1.2995017215609959,1.0450150723648717
2011-03-17,1.29953084440475,1.0450384919649909
2011-03-21,1.2998651780134882,1.0454111533686432
2011-03-22,1.2998361460003982,1.045387804493081
2011-03-23,1.2999843735249212,1.0455070158620705
2011-03-24,1.29943307698738,1.045063637918798
2011-03-25,1.3006443414150464,1.0460377922878659
2011-03-28,1.301452656403517,1.0466878762493992
2011-03-29,1.3020462545664229,1.0471652750986162
2011-03-30,1.3030249195263655,1.0479523623149216
2011-03-31,1.303454965169378,1.0482982247314763
2011-04-01,1.3026661913383448,1.0476638566643912
2011-04-04,1.3031225845359538,1.0480309089919495
2011-04-05,1.3035214857999702,1.0483517236714632
2011-04-06,1.304243824467368,1.0489326615350045
2011-04-07,1.3052546002215126,1.0497455737237533
2011-04-08,1.3056370227208525,1.050053135425437
2011-04-11,1.3056307938284708,1.0500481258646925
2011-04-12,1.3047331895592096,1.0493262313711182
2011-04-13,1.3050031938303797,1.0495433811812007
2011-04-14,1.3061926268411497,1.0504999777241932
2011-04-15,1.3065106926537413,1.0507557808287096
2011-04-19,1.3060015190524235,1.050162248791871
2011-04-20,1.3049989565658626,1.0493560833624425
2011-04-21,1.3058550995657525,1.0500445121620536
2011-04-22,1.306649445871489,1.0506832499357717
2011-04-25,1.307987820136577,1.0517594432689692
2011-04-26,1.3082228089034658,1.051948398892892
2011-04-27,1.3080460867124908,1.051806295709413
2011-04-28,1.307775834959339,1.0515889849446936
2011-04-29,1.308302028521216,1.052012099777394
2011-05-02,1.3091408885294467,1.052686631238356
2011-05-03,1.3091082895499238,1.05266041823849
2011-05-04,1.3097715933705758,1.0531937841050425
2011-05-05,1.308840432795551,1.0524450333040758
2011-05-06,1.3099819805271846,1.0533629574530656
2011-05-09,1.309935724438367,1.053325762704404
2011-05-10,1.3089731111125529,1.0525517205917367
2011-05-11,1.3089954746000794,1.0525697031821157
2011-05-12,1.3092770764368178,1.0527961406049051
2011-05-13,1.3094670716710752,1.052948916707809
2011-05-16,1.3098566928726636,1.053262213033478
2011-05-18,1.3112891587012605,1.053934285390893
2011-05-19,1.3106487068489954,1.0534195292360318
2011-05-20,1.3110917086214355,1.053775587053917
2011-05-23,1.3113694741536026,1.0539988380551994
2011-05-24,1.3118595992198647,1.0543927707038723
2011-05-25,1.3119665976940909,1.0544787695544866
2011-05-26,1.313235463365446,1.05549860642702
2011-05-27,1.3134416793271797,1.0556643502454781
2011-05-30,1.3121022783398073,1.0545878213859883
2011-05-31,1.3134246027391565,1.0556506251250686
2011-06-01,1.3136034130487622,1.0557943419510822
2011-06-02,1.3140516523453993,1.0561546093716208
2011-06-03,1.3140266855195404,1.0561345425590527
2011-06-06,1.3150511755778986,1.0569579652117767
2011-06-07,1.3156651655296545,1.0574514529042105
2011-06-08,1.3155964639005813,1.0573962347230321
2011-06-09,1.3150289644166995,1.0569401132344682
2011-06-10,1.3153964044540303,1.0572354391361571
2011-06-13,1.3150850007082622,1.056985151789475
2011-06-14,1.3165107447177251,1.058131077906375
2011-06-16,1.3164539163546007,1.0584129597211964
2011-06-17,1.3158332114564395,1.0579139205218635
2011-06-20,1.3157256641995907,1.0578274538335752
2011-06-21,1.3158766625981329,1.0579488547120477
2011-06-22,1.316139811461691,1.0581604232022666
2011-06-23,1.3172258688364613,1.0590336001408418
2011-06-24,1.3173780542821478,1.0591559553908012
2011-06-27,1.316931853959094,1.0587972157504044
2011-06-28,1.3172771168803445,1.0590748029456893
2011-06-29,1.318209223904586,1.0598242056722476
2011-06-30,1.3181745298463552,1.0597963120708076
2011-07-01,1.3185836586899573,1.060125246691978
2011-07-04,1.3191682336630952,1.060595237870409
2011-07-05,1.317780209001724,1.0594792829009592
2011-07-06,1.3179443129623443,1.0596112204921686
2011-07-07,1.318829880200252,1.0603232057957648
2011-07-08,1.319323938968547,1.0607204230448692
2011-07-11,1.319013642583478,1.0604709485199872
2011-07-12,1.3192851285678595,1.0606892199540894
2011-07-13,1.3198379112479415,1.0611336505150377
2011-07-15,1.319386831786069,1.060265155255236
2011-07-18,1.320434175750679,1.061106805546485
2011-07-19,1.3216013942069853,1.0620447875150614
2011-07-20,1.321096634590145,1.0616391604308564
2011-07-21,1.3217651892747304,1.0621764139636123
2011-07-22,1.3219695973651833,1.062340677218738
2011-07-25,1.323276133800428,1.0633906157378954
2011-07-26,1.3226989469284474,1.0629267857877334
2011-07-27,1.323065716656742,1.063221523580733
2011-07-28,1.322606807418522,1.0628527420657237
2011-07-29,1.3225721632155123,1.0628249018293368
2011-08-01,1.323000011546828,1.0631687226607254
2011-08-02,1.3234037747230332,1.0634931885538146
2011-08-03,1.323089365976798,1.0632405282800346
2011-08-04,1.3235966384026496,1.0636481746687925
2011-08-05,1.3235247819632203,1.063590430512892
2011-08-08,1.3229164015700245,1.0631015333096565
2011-08-09,1.3240986126971395,1.064051563455507
2011-08-10,1.323204721405366,1.0633332284180332
2011-08-11,1.323649036621568,1.0636902821117185
2011-08-15,1.3249780977028478,1.0651936728478597
2011-08-16,1.325082026194343,1.0652772243961919
2011-08-17,1.3249480605974004,1.0651695250263005
2011-08-18,1.3253650377187616,1.065504746711977
2011-08-19,1.324493437509348,1.064804038504098
2011-08-22,1.3259532038300335,1.0659775928830924
2011-08-23,1.3267009472742588,1.0665787285449446
2011-08-24,1.327439836661579,1.0671727461378937
2011-08-25,1.3272223888991381,1.0669979326967294
2011-08-26,1.326930113647825,1.0667629629648008
2011-08-29,1.3276426543828062,1.067335798005519
2011-08-30,1.3296575953907597,1.0689556756597645
2011-08-31,1.3295244963033688,1.068848672905533
2011-09-01,1.3294165611639326,1.0687619002805329
2011-09-02,1.3292349237800376,1.0686158759859328
2011-09-05,1.3285999195374967,1.0681053750934586
2011-09-06,1.3293126285768613,1.0686783454396318
2011-09-07,1.3287527458858104,1.0682282372445768
2011-09-08,1.3285392565614187,1.0680566061225554
2011-09-09,1.3298697370797388,1.069126223373149
2011-09-13,1.330588957383656,1.0700402556444846
2011-09-14,1.3307171873214396,1.0701433762924095
2011-09-15,1.3304055487440978,1.0698927610884301
2011-09-16,1.3313914015598687,1.0706855695610704
2011-09-19,1.331510034471638,1.0707809724204833
2011-09-20,1.3315544708347704,1.07081670749637
2011-09-21,1.3322478129351094,1.071374283112926
2011-09-22,1.3328005548427602,1.0718187901027714
2011-09-23,1.3322500560086767,1.071376086960012
2011-09-26,1.3326925638474219,1.071731945317522
2011-09-27,1.3321859288778382,1.071324516855589
2011-09-28,1.3320298670952717,1.071199014243541
2011-09-29,1.3332459902840441,1.072177002795594
2011-09-30,1.3335570615804555,1.0724271618005132
2011-10-03,1.3327840830475022,1.071805543724984
2011-10-04,1.3331940859058296,1.0721352620507714
2011-10-05,1.3335886423630363,1.072452558605799
2011-10-06,1.3334147935651863,1.0723127519351794
2011-10-07,1.3331899857084382,1.0721319647317604
2011-10-10,1.3333623801572718,1.072270601836088
2011-10-12,1.3326903289400784,1.0719406593814371
2011-10-13,1.332073949447694,1.0714448786099047
2011-10-14,1.3316127231150905,1.071073894257157
2011-10-17,1.3317726560660332,1.0712025352693766
2011-10-18,1.3322699448720416,1.0716025262342992
2011-10-19,1.332734879961768,1.0719764937013305
2011-10-20,1.3325458569130963,1.071824454261236
2011-10-21,1.3323655577061526,1.0716794317855864
2011-10-24,1.3320853127275831,1.0714540185889927
2011-10-25,1.332098421549233,1.071464562583061
2011-10-26,1.3336828779120207,1.072739009588044
2011-10-27,1.33372211456227,1.0727705693283878
2011-10-28,1.334641401523218,1.0735099917205821
2011-10-31,1.3346057855086115,1.0734813442145916
2011-11-01,1.3348250707270024,1.073657724830921
2011-11-02,1.3342656320406647,1.0732077440204553
2011-11-03,1.3330483991076554,1.0722286707545237
2011-11-04,1.333337916616204,1.0724615422493313
2011-11-07,1.3339199822909669,1.072929722928413
2011-11-08,1.3338062395746522,1.0728382347261813
2011-11-10,1.3344657401792641,1.0735057872009635
2011-11-11,1.334013154725235,1.0731417065884197
2011-11-14,1.3342860398232743,1.0733612279467926
2011-11-15,1.335078331492286,1.0739985839059805
2011-11-16,1.3353030703711775,1.0741793742251584
2011-11-17,1.335509103721639,1.074345116954565
2011-11-18,1.3352690449982771,1.0741520026459412
2011-11-21,1.335802404366344,1.0745810615202445
2011-11-22,1.3367746210553517,1.0753631574636915
2011-11-23,1.337676720344622,1.0760888477369626
2011-11-24,1.3376573205880893,1.0760732416780874
2011-11-25,1.3374336464128735,1.0758933078556505
2011-11-28,1.33727752732848,1.075767718463924
2011-11-29,1.3366545196654676,1.075266542366571
2011-11-30,1.3371576580002915,1.0756712900479344
2011-12-01,1.3369684178787,1.0755190565663377
2011-12-02,1.338153364797272,1.076472282517603
2011-12-05,1.338436083058988,1.0766997141263446
2011-12-06,1.3382751886743804,1.076570283262888
2011-12-07,1.3382706969272515,1.0765666698943375
2011-12-09,1.3382523639969353,1.0770171390532155
2011-12-12,1.3387316521047226,1.077402867127022
2011-12-13,1.33934936284077,1.0778999968669714
2011-12-14,1.3392676274680602,1.0778342167498247
2011-12-15,1.3393481090508583,1.077898987824686
2011-12-16,1.3393203513632028,1.0778766486111344
2011-12-19,1.3395645926861794,1.0780732125014647
2011-12-20,1.339863770672511,1.0783139890751328
2011-12-21,1.3407193292971562,1.0790025373093803
2011-12-22,1.3405618676096758,1.0788758131273626
2011-12-23,1.3407349938740298,1.0790151440629514
2011-12-26,1.3411363639807428,1.0793381642164463
2011-12-27,1.3415250185717202,1.079650951002344
2011-12-28,1.343010280247844,1.080846280317053
2011-12-29,1.3423303176267174,1.080299050649039
2011-12-30,1.3427438295231244,1.0806318424389991
2012-01-02,1.3434265924480646,1.0811813257740215
2012-01-03,1.3429644936304417,1.080809431533514
2012-01-04,1.3429687733912314,1.080812875858251
2012-01-05,1.3422096130193437,1.0802019083353758
2012-01-09,1.341934710697152,1.0800034838300283
2012-01-10,1.342982933781657,1.0808471050390722
2012-01-11,1.3425451762936418,1.0804947931058906
2012-01-12,1.3429490296766164,1.080819818650794
2012-01-13,1.3434008135460482,1.0811834191665533
2012-01-16,1.3436733244543133,1.0814027388755985
2012-01-17,1.3446747282384297,1.0822086794082824
2012-01-18,1.344582032066307,1.0821340765322764
2012-01-19,1.3451204074951615,1.0825673668661029
2012-01-20,1.346011867436532,1.083284823412014
2012-01-23,1.34700382426107,1.0840831609300543
2012-01-24,1.346317999985514,1.0835312021790127
2012-01-25,1.346664686999452,1.083810219615455
2012-01-26,1.345937624732581,1.0832250720856067
2012-01-27,1.3463176503045922,1.083530920752047
2012-01-30,1.3473398775277372,1.0843536202123576
2012-01-31,1.3477627201684528,1.084693928516066
2012-02-01,1.347211196671357,1.084250056475549
2012-02-02,1.3474020682409802,1.0844036719670584
2012-02-03,1.3477036751191918,1.0846464084255605
2012-02-07,1.34816691002013,1.0847983755055912
2012-02-08,1.3468746965603602,1.0837585999024772
2012-02-09,1.3460742713141636,1.083114540179357
2012-02-10,1.3464668877024577,1.083430457753845
2012-02-13,1.347761733906403,1.0844723517864974
2012-02-14,1.3481209688414304,1.0847614090768418
2012-02-15,1.3482072146564945,1.084830806507813
2012-02-16,1.34884698641227,1.0853455968918533
2012-02-17,1.3500471873105226,1.086311334869123
2012-02-20,1.3500638681571853,1.0863247570613064
2012-02-21,1.3500566409229746,1.0863189416894314
2012-02-22,1.3503754093698845,1.0865754377440373
2012-02-23,1.3509025123588707,1.0869995695499188
2012-02-24,1.35165120650706,1.0876020040034495
2012-02-27,1.352668573465181,1.0884206252107052
2012-02-28,1.3523157547312556,1.0881367306969283
2012-02-29,1.3518034731109616,1.087724524859976
2012-03-01,1.3529081095428594,1.088613367182051
2012-03-02,1.3537924624661761,1.0893249590535452
2012-03-05,1.3551168292482718,1.0903906067290021
2012-03-07,1.355274075451436,1.0907554839534015
2012-03-08,1.3562539716685438,1.0915441267761896
2012-03-09,1.3569737841719174,1.0921234482947626
2012-03-12,1.3572642240198685,1.0923572009080897
2012-03-13,1.3571615782719337,1.0922745892692396
2012-03-14,1.3576732569499825,1.0926863999385448
2012-03-15,1.3580920139968788,1.093023425159952
2012-03-16,1.3580741319159613,1.0930090332534155
2012-03-19,1.3584917769454699,1.0933451634978686
2012-03-20,1.3587910081856118,1.0935859916241253
2012-03-21,1.3575113951734061,1.0925561298893787
2012-03-22,1.3574165991905554,1.0924798359204877
2012-03-23,1.3584059268763922,1.0932760694044006
2012-03-26,1.3582146180776165,1.093122099720207
2012-03-27,1.357968223014894,1.092923795354506
2012-03-28,1.3591368523190994,1.0938643348699884
2012-03-29,1.3587098464435303,1.0935206708031449
2012-03-30,1.3577021975050907,1.0927096919573076
2012-04-02,1.3586431689707823,1.0934670072524482
2012-04-03,1.359555203399696,1.0942010333604593
2012-04-05,1.3594771460324244,1.093748255296149
2012-04-06,1.35952823232685,1.0937893560572471
2012-04-09,1.359382680259938,1.0936722541848807
2012-04-10,1.3597401959964275,1.0939598884523396
2012-04-11,1.360754274044233,1.0947757507114135
2012-04-12,1.360530324047064,1.0945955748847054
2012-04-13,1.3598448754722556,1.0940441068552649
2012-04-16,1.3607135059225401,1.0947429512913545
2012-04-17,1.3612083080434392,1.0951410373923454
2012-04-18,1.3625908829545057,1.0962533686302838
2012-04-19,1.3621730866191875,1.0959172364531764
2012-04-20,1.3619002335727968,1.0956977163646533
2012-04-23,1.36228422154633,1.0960066484988435
2012-04-24,1.3616230313086441,1.0954746971740283
2012-04-25,1.3619909500177367,1.0957707010070719
2012-04-26,1.3621857593487159,1.0959274321198351
2012-04-27,1.3629526704789265,1.0965444397047608
2012-04-30,1.3633408543726204,1.0968567476076196
2012-05-01,1.363484195316689,1.096972070552139
2012-05-02,1.363772645907696,1.0972041394262455
2012-05-04,1.364253380788709,1.097731838154869
2012-05-07,1.364599880039384,1.0980106450573983
2012-05-08,1.3649909613928761,1.098325324470389
2012-05-09,1.365996545224925,1.09913445670632
2012-05-10,1.3654515623947534,1.098695942122188
2012-05-11,1.3649373659832214,1.098282199499335
2012-05-14,1.3657153203843795,1.0989081721572076
2012-05-15,1.36566968312844,1.098871450629113
2012-05-16,1.366320850771227,1.0993954056828659
2012-05-17,1.3662602364941465,1.0993466330554822
2012-05-18,1.3661842965544249,1.099285528798169
2012-05-21,1.3668495147062523,1.0998207894431948
2012-05-22,1.3673079685643554,1.1001896794188046
2012-05-23,1.3675592551651394,1.1003918744846677
2012-05-24,1.368065957179941,1.1007995868216407
2012-05-25,1.3689250232764636,1.1014908251344877
2012-05-28,1.3689931309975312,1.1015456272811364
2012-05-29,1.3693660955032025,1.1018457291670047
2012-05-30,1.3690328325262695,1.101577572690056
2012-05-31,1.3684393036667657,1.1010999960645436
2012-06-04,1.368598521444436,1.1020271170865164
2012-06-05,1.3690650956662058,1.102402813418543
2012-06-06,1.3692427464134391,1.102545861900442
2012-06-07,1.3693958748989983,1.1026691644912605
2012-06-08,1.3694874455443626,1.1027428992883828
2012-06-11,1.3697009844060413,1.1029148457083404
2012-06-12,1.3710803579066588,1.1040255490873465
2012-06-13,1.3710343995240357,1.1039885423369267
2012-06-14,1.3708567128284936,1.1038454649086198
2012-06-15,1.3715233633418404,1.1043822672884385
2012-06-18,1.3718366274982123,1.1046345148173695
2012-06-19,1.3713267915009475,1.1042239831052207
2012-06-20,1.3717342716387833,1.1045520955169565
2012-06-21,1.3710948572821202,1.1040372243191174
2012-06-22,1.3702091949230313,1.1033240685462553
2012-06-25,1.3713876858906255,1.1042730166732486
2012-06-26,1.3727011615006828,1.1053306575498347
2012-06-27,1.3728025585162462,1.1054123047670366
2012-06-28,1.3726361003010477,1.1052782687702587
2012-06-29,1.3734664965703018,1.1059469230120298
2012-07-03,1.3743722648026517,1.1064853835939912
2012-07-04,1.3743578525320619,1.106473780502776
2012-07-05,1.3751542974081943,1.1071149856819313
2012-07-06,1.3743999501199256,1.1065076726052643
2012-07-09,1.3732617118893602,1.105591294999704
2012-07-10,1.3736465471050092,1.1059011197481456
2012-07-11,1.3744453938904782,1.106544258666537
2012-07-12,1.373857374115337,1.1060708532412964
2012-07-13,1.3743560451229515,1.1064723253862736
2012-07-16,1.3749474330824634,1.1069484424835052
2012-07-17,1.37540788538486,1.1073191453530928
2012-07-18,1.3767165772151364,1.1083727524571607
2012-07-19,1.3771984444219627,1.1087606961277667
2012-07-20,1.3779751383853864,1.1093860001593332
2012-07-23,1.3783183287651313,1.109662297308732
2012-07-24,1.3780572304955618,1.1094520912194803
2012-07-25,1.379185271117624,1.110360258891644
2012-07-26,1.3786761273973709,1.1099503553312795
2012-07-27,1.3785098993421727,1.10981652775186
2012-07-30,1.3789560743969265,1.1101757362350724
2012-08-01,1.379019218742619,1.109907525162809
2012-08-02,1.3788946839859082,1.1098072930110456
2012-08-03,1.3780269582727978,1.1091089015124582
2012-08-06,1.3784970306901636,1.1094872406293572
2012-08-07,1.3788774556588166,1.1097934267431757
2012-08-08,1.3796549093390964,1.1104191625403859
2012-08-09,1.3801931934471396,1.1108524020297799
2012-08-10,1.3786495850167941,1.1096100244113538
2012-08-13,1.3783523808175953,1.1093708187696067
2012-08-14,1.3796830116068106,1.1104417807301732
2012-08-15,1.3801127045722972,1.1107876203308265
2012-08-16,1.380452960586084,1.1110614763475164
2012-08-17,1.3799415651025917,1.1106498782437715
2012-08-20,1.379906534140946,1.110621683475043
2012-08-21,1.3801453177237388,1.1108138691181617
2012-08-22,1.3805956692693218,1.1111763358355342
2012-08-23,1.3801809567070866,1.1108425532548796
2012-08-24,1.3808561284323455,1.1113859671308117
2012-08-27,1.3823568154027852,1.11259379929063
2012-08-28,1.38279125393764,1.112943458376234
2012-08-30,1.3832621401954492,1.1136726009571476
2012-08-31,1.381265361331674,1.1120649823820867
2012-09-03,1.3806467062081142,1.1115668994515058
2012-09-04,1.3815443450279092,1.11228959382021
2012-09-05,1.3809876741849452,1.1118414148037055
2012-09-06,1.3810423024576364,1.1118853963519355
2012-09-07,1.3816002490816095,1.1123346025073413
2012-09-10,1.381517623917582,1.1122680804948801
2012-09-11,1.3807893024866091,1.1116817045659837
2012-09-12,1.3821900357400267,1.1128094432644204
2012-09-13,1.382338777116357,1.1129291958338245
2012-09-14,1.3836716754630658,1.114002320244199
2012-09-17,1.3838963034407468,1.114183169569054
2012-09-18,1.3845666886103054,1.1147229006682657
2012-09-19,1.3853246679934874,1.1153331543914111
2012-09-20,1.385767142189404,1.1156893930061347
2012-09-21,1.3854413689059657,1.1154271109922296
2012-09-24,1.385306072296352,1.1153181828847143
2012-09-25,1.3866552914292438,1.1164044472574068
2012-09-26,1.3866310172367806,1.1163849039602465
2012-09-28,1.3879479034617423,1.1182956252384806
2012-10-01,1.3880577763328181,1.1183841518688749
2012-10-02,1.388881537600219,1.1190478717529408
2012-10-03,1.3875450560219067,1.1179710435099566
2012-10-04,1.38774445617451,1.118131703948127
2012-10-05,1.3887463257536765,1.1189389290353562
2012-10-08,1.3895361867384317,1.1195753348266653
2012-10-09,1.3890060677089424,1.1191482079942714
2012-10-10,1.3880793455254026,1.1184015305713801
2012-10-11,1.388671205224611,1.11887840301791
2012-10-12,1.3899248263433688,1.1198884690364665
2012-10-15,1.388823360053205,1.119000997013514
2012-10-16,1.3883477893391774,1.1186178207807014
2012-10-17,1.3893728750441459,1.1194437515353801
2012-10-18,1.389192633549981,1.1192985275871985
2012-10-19,1.3905178068078696,1.120366244504587
2012-10-22,1.390797695002156,1.1205917556656657
2012-10-23,1.3910348081949402,1.120782802206761
2012-10-24,1.390610084716913,1.1204405945444782
2012-10-25,1.391011788943747,1.1207642551648718
2012-10-29,1.3913949697472803,1.1207418458085447
2012-10-30,1.3911409945549453,1.1205372736834214
2012-10-31,1.3923006159400384,1.1214713263714258
2012-11-01,1.3925953273387766,1.1217087107261088
2012-11-02,1.3929293839262182,1.1219777868723895
2012-11-05,1.3924270261610248,1.121573147369401
2012-11-06,1.3923293123725167,1.12149444079501
2012-11-07,1.392798901238643,1.1218726855810246
2012-11-08,1.3929579146267101,1.1220007678020514
2012-11-09,1.3939469037704035,1.1227973795064827
2012-11-12,1.3942238792081256,1.1230204778862136
2012-11-13,1.3943916840681885,1.1231556414685835
2012-11-14,1.3928905754837022,1.1219465274195066
2012-11-15,1.393852717483067,1.1227215142663356
2012-11-16,1.3931077256592437,1.12212143770296
2012-11-19,1.3925755534286732,1.121692783222424
2012-11-20,1.3926864126172227,1.1217820781633294
2012-11-21,1.3920935067576274,1.1213045039145206
2012-11-22,1.392120030713752,1.1213258684502503
2012-11-23,1.3924578195804393,1.1215979508755687
2012-11-27,1.3922574572965507,1.1220129351452761
2012-11-28,1.3919347537729707,1.1217528700791664
2012-11-29,1.3928550446567287,1.1224945276441958
2012-11-30,1.3941371658375292,1.1235277823355194
2012-12-03,1.3946717711822578,1.1239586179606689
2012-12-04,1.3958965771578555,1.124945682630685
2012-12-05,1.3958890805210906,1.1249396411306907
2012-12-06,1.395483382478069,1.1246126912194887
2012-12-07,1.3959843009727124,1.1250163787899865
2012-12-10,1.3959658491436073,1.1250015085583176
2012-12-11,1.3958751193339227,1.124928389883653
2012-12-12,1.3959099951326377,1.124956496105729
2012-12-13,1.3971894445536401,1.1259875976399354
2012-12-14,1.3978278865678642,1.12650211468888
2012-12-17,1.3979025281804704,1.1265622679704483
2012-12-18,1.3971332701456796,1.1259423269811029
2012-12-19,1.3979191991121251,1.1265757029862633
2012-12-20,1.3989326712141887,1.1273924548032241
2012-12-21,1.3985287981238925,1.1270669756117897
2012-12-24,1.3987686418630672,1.1272602644150618
2012-12-26,1.3995473595173895,1.1287409400228745
2012-12-27,1.3997826865999814,1.128930732322943
2012-12-28,1.400916785583376,1.1298453880106483
2012-12-31,1.4023999803539882,1.1310415909459994
2013-01-01,1.4019752574848157,1.1306990501328293
2013-01-02,1.401515156095144,1.1303279763913427
2013-01-03,1.401054605841375,1.129956540639039
2013-01-04,1.4020137164429776,1.130730067447315
2013-01-07,1.4019697885739106,1.1306946394327597
2013-01-08,1.4017128283421725,1.1304873999052452
2013-01-09,1.401784064726754,1.1305448523545314
2013-01-10,1.4013172648861683,1.1301683762836914
2013-01-11,1.4020230456878386,1.1307375915232545
2013-01-14,1.4026076804612895,1.131209101972163
2013-01-15,1.4020145476079764,1.1307307377854463
2013-01-16,1.401549859105793,1.1303559645180714
2013-01-17,1.4014341129543282,1.1302626147511485
2013-01-18,1.4012899050013874,1.1301463104194271
2013-01-21,1.4016391005991713,1.1304279381647222
2013-01-22,1.4011775567563762,1.1300557010786132
2013-01-24,1.4018449169381595,1.1308744092835032
2013-01-25,1.4015266701162332,1.1306176781840758
2013-01-28,1.401242415832165,1.1303883690132124
2013-01-29,1.4025644372978356,1.1314548494961718
2013-01-30,1.4032406416975625,1.132000346535007
2013-01-31,1.4034882004416138,1.1322000532536742
2013-02-01,1.4040878346533852,1.1326837807878898
2013-02-04,1.4041460712606424,1.13273076051299
2013-02-05,1.4043474639297668,1.132893224857639
2013-02-06,1.4033312352489404,1.1320734287480692
2013-02-07,1.4029008551356918,1.1317262392334113
2013-02-08,1.4029091245934209,1.1317329102410323
2013-02-11,1.4030770385799736,1.1318683671864183
2013-02-12,1.4043879807623707,1.1329259099632336
2013-02-13,1.4044727001677018,1.1329942534770567
2013-02-14,1.4036993281772032,1.132370370918905
2013-02-15,1.404638953532227,1.1331283707914097
2013-02-18,1.405638528880271,1.133934732584783
2013-02-19,1.4062039394223516,1.1343908517353767
2013-02-20,1.4075201573879668,1.1354526505095266
2013-02-22,1.4081669811533075,1.136552062436816
2013-02-25,1.4092418454682918,1.1374196010670958
2013-02-26,1.4099501521690523,1.1379912857127108
2013-02-27,1.4094955145875805,1.137624341104721
2013-02-28,1.409682193194543,1.1377750121249877
2013-03-01,1.4088661576478785,1.1371163779601505
2013-03-04,1.4088936454804517,1.1371385637898292
2013-03-05,1.4086935678845374,1.1369770782505946
2013-03-06,1.4096609012967911,1.137757827124468
2013-03-07,1.4092813732104055,1.137451504482972
2013-03-08,1.4107185906190476,1.1386115035681832
2013-03-11,1.4107245133148134,1.138616283862124
2013-03-12,1.4109775199866943,1.1388204892288065
2013-03-13,1.4107723328216157,1.138654879681944
2013-03-14,1.4123696798946297,1.1399441217495108
2013-03-15,1.4133809621928675,1.1407603424088153
2013-03-18,1.4130950263793363,1.140529559452715
2013-03-19,1.414312372190044,1.1415120969716144
2013-03-20,1.414290150094403,1.1414941611948417
2013-03-21,1.4157664276612383,1.1426856863021424
2013-03-25,1.4166595634142214,1.14292039663995
2013-03-26,1.4168569458165552,1.143079639113859
2013-03-27,1.4164735707167035,1.1427703430539584
2013-03-28,1.4170483757098649,1.1432340792738243
2013-03-29,1.4161088674583613,1.1424761109014745
2013-04-01,1.416297250093757,1.1426280926209553
2013-04-02,1.4171943629104506,1.1433518575696882
2013-04-03,1.4177541851201383,1.1438035061085947
2013-04-04,1.4192198479245066,1.14498596091776
2013-04-05,1.4189017904953019,1.1447293612854073
2013-04-08,1.4195044056557369,1.145215533952414
2013-04-09,1.4193630908654344,1.1451015252234613
2013-04-10,1.4193972398254877,1.1451290756272259
2013-04-11,1.419067261424178,1.1448628584957092
2013-04-12,1.419267356193827,1.1450242892299511
2013-04-15,1.4199465648646308,1.145572255349324
2013-04-16,1.419442383486071,1.1451654962407536
2013-04-17,1.4193590581492086,1.1450982717434104
2013-04-18,1.4194215624177626,1.1451486983986578
2013-04-19,1.4193348144448659,1.1450787126165043
2013-04-23,1.4190436619516462,1.1456644815781187
2013-04-24,1.4190295441857772,1.145653083604012
2013-04-25,1.42014512445994,1.1465537470090403
2013-04-26,1.4198771186265045,1.146337372578531
2013-04-29,1.4202226027935547,1.146616299118813
2013-04-30,1.4202947767456329,1.1466745687377176
2013-05-01,1.4206031175227658,1.1469235075731143
2013-05-02,1.4202114800455705,1.1466073191715112
2013-05-03,1.4201196050336302,1.1465331439077424
2013-05-06,1.4211048739313268,1.1473286004614485
2013-05-07,1.4206022956293831,1.1469228440177341
2013-05-08,1.4204656137289897,1.1468124939257998
2013-05-09,1.4209435692524317,1.1471983711765592
2013-05-10,1.4201048804244951,1.1465212559989038
2013-05-13,1.4197222229764235,1.1462123176211627
2013-05-14,1.4197492317860603,1.14623412317565
2013-05-15,1.4202124465936206,1.146608099513794
2013-05-16,1.419906893610505,1.1463614114030742
2013-05-17,1.420698100413456,1.1470001919818742
2013-05-20,1.4211182895228773,1.1473394315353265
2013-05-22,1.4200523163165197,1.1469753698616494
2013-05-23,1.4208910475555445,1.147652812560092
2013-05-24,1.4201597218327007,1.1470621212300542
2013-05-27,1.4198139564459236,1.146782846742891
2013-05-28,1.4216474827392531,1.1482637847860033
2013-05-29,1.4218222757482721,1.1484049649903276
2013-05-30,1.423122035238843,1.14945477991989
2013-05-31,1.422759704422733,1.1491621255457907
2013-06-03,1.4223831625590808,1.1488579929174583
2013-06-04,1.4229414961345885,1.1493089585980292
2013-06-05,1.423416330824751,1.149692482281005
2013-06-06,1.4224797174941362,1.148935980278258
2013-06-07,1.423246758985645,1.1495555192123619
2013-06-10,1.424195802698844,1.1503220612273666
2013-06-11,1.4239362438599792,1.1501124157151645
2013-06-12,1.423530866434452,1.1497849926214971
2013-06-13,1.4239852582440404,1.1501520046025886
2013-06-14,1.423574243291498,1.1498200280818687
2013-06-17,1.423240701269318,1.1495506263986641
2013-06-18,1.4233687390180287,1.1496540424084098
2013-06-20,1.422670873829189,1.1497929471722617
2013-06-21,1.42207864548659,1.14931431224414
2013-06-24,1.4224398955144733,1.1496062720655342
2013-06-25,1.4233792627083917,1.1503654622578978
2013-06-26,1.4225369221956592,1.1496846883709269
2013-06-27,1.4235124829751629,1.150473129973581
2013-06-28,1.4240722046789214,1.1509254932567545
2013-07-01,1.424597395167948,1.1513499486464818
2013-07-02,1.4243444830897327,1.1511455468209184
2013-07-03,1.4245292767290685,1.1512948957863742
2013-07-04,1.4246612999940083,1.151401596093299
2013-07-05,1.4251006138445637,1.151756646566501
2013-07-08,1.425416255226765,1.1520117457899173
2013-07-09,1.4255790630203444,1.1521433259440104
2013-07-10,1.4268920253684447,1.1532044532050791
2013-07-11,1.4277517622121505,1.153899286688706
2013-07-12,1.4284200563956102,1.1544393975132918
2013-07-15,1.4295123666734533,1.1553221952683392
2013-07-16,1.4290765589133554,1.1549699783936556
2013-07-17,1.4294127520200905,1.1552416873813933
2013-07-19,1.4288265226370362,1.1541320437894653
2013-07-22,1.4302843979410833,1.1553096399339886
2013-07-23,1.4307068689580555,1.1556508901351397
2013-07-24,1.4309628391397569,1.1558576495872324
2013-07-25,1.4316432657281208,1.1564072629354138
2013-07-26,1.431804235000832,1.1565372855748022
2013-07-29,1.4323762633848804,1.1569993404691703
2013-07-30,1.4328308720939371,1.1573665498330752
2013-07-31,1.4328612545796273,1.1573910912310332
2013-08-01,1.4324728453127675,1.157077354347034
2013-08-02,1.4329557780448672,1.1574674423894105
2013-08-05,1.4324077110301636,1.1570247422478663
2013-08-06,1.4326596997587928,1.157228285688429
2013-08-07,1.4329374625775553,1.1574526481037595
2013-08-08,1.4328477227993868,1.157380160959977
2013-08-09,1.4332317977139004,1.1576903967786947
2013-08-12,1.4334591042367637,1.1578740032121158
2013-08-13,1.434220740990892,1.1584892139250615
2013-08-14,1.4347938135174885,1.1589521122236877
2013-08-15,1.435711910680782,1.1596937035496337
2013-08-19,1.4360783249032136,1.1607910573054314
2013-08-20,1.4369572024980355,1.1615014595410504
2013-08-21,1.4369100491195512,1.1614633451714391
2013-08-22,1.4366736546171592,1.1612722660223327
2013-08-23,1.4371951180473064,1.161693768161826
2013-08-26,1.43727552272099,1.1617587597605146
2013-08-27,1.4374302614554377,1.1618838360436468
2013-08-28,1.436969161380091,1.1615111259799242
2013-08-29,1.4372180944467503,1.1617123401286478
2013-08-30,1.4373116970340711,1.161787999683157
2013-09-02,1.4382628800776998,1.1625568468635357
2013-09-03,1.4389065967407653,1.1630771670528786
2013-09-04,1.4392697602956088,1.1633707144168985
2013-09-05,1.439441991826724,1.1635099302365637
2013-09-06,1.439703970493209,1.1637216892249052
2013-09-09,1.4401955441400207,1.1641190312663041
2013-09-10,1.4410284606245194,1.1647922828500945
2013-09-11,1.4407958030562678,1.164604224288136
2013-09-12,1.4405342914330608,1.1643928428137862
2013-09-13,1.4404815877698158,1.1643502421144225
2013-09-17,1.4408978635164595,1.1644379994813931
2013-09-18,1.4411763817554955,1.164663079432786
2013-09-19,1.4417341023717387,1.165113792210625
2013-09-20,1.441226443441899,1.164703535964399
2013-09-23,1.4425038559116656,1.1657358559216076
2013-09-24,1.4425343598174245,1.1657605071532442
2013-09-25,1.4427217739690787,1.1659119628291477
2013-09-26,1.4430392128846599,1.1661684958875802
2013-09-27,1.4412759940128759,1.1647435794464542
2013-09-30,1.4410784555191944,1.1645839419494275
2013-10-01,1.4419355972670536,1.1652766270088066
2013-10-02,1.442317378626749,1.1655851573592078
2013-10-03,1.443526772881053,1.16656250951006
2013-10-04,1.4439735456526097,1.1669235616050813
2013-10-07,1.4446674051987063,1.167484292828463
2013-10-08,1.4444887832746345,1.1673399424472208
2013-10-09,1.4446455128458602,1.1674666008822137
2013-10-10,1.4446664550271189,1.167483524962863
2013-10-11,1.4453369930887026,1.168025409310655
2013-10-14,1.4443837544634603,1.1672550651343534
2013-10-16,1.4433135361366423,1.1666845205703922
2013-10-17,1.4431610702344129,1.1665612766572768
2013-10-18,1.4436422832776614,1.1669502592273133
2013-10-21,1.4432192418401328,1.1666082989502375
2013-10-22,1.443326658278333,1.1666951276901927
2013-10-23,1.4448802525929176,1.1679509563044823
2013-10-24,1.4450060839345455,1.1680526705022671
2013-10-25,1.4446917425921504,1.1677985765932408
2013-10-28,1.4445500114858727,1.1676840100187318
2013-10-29,1.445537659988296,1.1684823633845751
2013-10-30,1.4456951577687707,1.1686096747537984
2013-10-31,1.4448510511481023,1.167927351680268
2013-11-01,1.4449414666661382,1.1680004379381534
2013-11-04,1.4451285142126433,1.1681516354927073
2013-11-05,1.4445293735489986,1.1676673275995035
2013-11-06,1.44545591122018,1.1684162827860434
2013-11-07,1.4455884781401258,1.1685234416046701
2013-11-08,1.4462356531665848,1.1690465774767902
2013-11-11,1.445381030521708,1.1683557539060674
2013-11-12,1.4455789140512263,1.1685157105925283
2013-11-14,1.4458374124479751,1.169049323813912
2013-11-15,1.4444060885112804,1.1678920095364245
2013-11-18,1.4439464870449283,1.1675203932130143
2013-11-19,1.443223627979072,1.1669359167740478
2013-11-20,1.443601775047481,1.167241672159003
2013-11-21,1.4437885412362632,1.1673926842194375
2013-11-22,1.4457699264418178,1.1689947571875499
2013-11-25,1.4453872865741397,1.1686853690954158
2013-11-26,1.446576049233648,1.1696465575190298
2013-11-27,1.4472882323503877,1.1702224017902378
2013-11-28,1.4478722700077573,1.1706946325006562
2013-11-29,1.4479440472828453,1.1707526688844048
2013-12-02,1.4487643752455501,1.1714159549785736
2013-12-03,1.4495861439129507,1.172080405971946
2013-12-04,1.449593272716163,1.1720861700519893
2013-12-05,1.449699524374065,1.1721720811148482
2013-12-06,1.449537734441092,1.172041263908077
2013-12-09,1.4500706495476785,1.1724721588618536
2013-12-10,1.4499842953633897,1.1724023361418976
2013-12-11,1.449444497175871,1.1719658757897988
2013-12-13,1.4500023498574708,1.1730866414155767
2013-12-16,1.4504520729180568,1.1734504781464357
2013-12-17,1.4495244393282996,1.1727000003472932
2013-12-18,1.4498165273815,1.1729363065804246
2013-12-19,1.4501341847934628,1.173193299037407
2013-12-20,1.4496560812702497,1.1728065018323197
2013-12-23,1.4511869540784315,1.1740450146120822
2013-12-24,1.4514823432978932,1.1742839915678112
2013-12-25,1.4515059481866508,1.174303088488362
2013-12-26,1.452404537327411,1.1750300686323947
2013-12-27,1.4530668931637578,1.1755659303732797
2013-12-30,1.4537631536122968,1.1761292217577437
2013-12-31,1.4535207966169332,1.175933149141901
2014-01-01,1.4526797899566444,1.1752527546041796
2014-01-02,1.452658534440867,1.175235558382658
2014-01-03,1.452510265433635,1.1751156052034533
2014-01-06,1.4544324080147986,1.1766706646039298
2014-01-07,1.4549993293806422,1.1771293175716782
2014-01-08,1.4553569728749924,1.1774186597273324
2014-01-09,1.456148220282297,1.1780587978372155
2014-01-13,1.4566641185082745,1.1788030319805949
2014-01-14,1.4563971689720594,1.1785870035093242
2014-01-15,1.4562559598990474,1.1784727303002194
2014-01-16,1.4579694341437457,1.1798593565026547
2014-01-17,1.4588426578908997,1.1805660113777654
2014-01-20,1.4588654782182322,1.1805844786899675
2014-01-21,1.4590702971093352,1.1807502280393003
2014-01-22,1.460889070184696,1.1822220671465307
2014-01-23,1.4610435757616473,1.182347100529487
2014-01-24,1.460524463196676,1.1819270095436845
2014-01-27,1.4594304580791517,1.1810416877092587
2014-01-28,1.4592627694281428,1.1809059859453952
2014-01-29,1.4589428862750344,1.1806471210320821
2014-01-30,1.4587948508659165,1.1805273236217584
2014-01-31,1.459895265099256,1.181417832022572
2014-02-03,1.459679370776806,1.1812431198987146
2014-02-04,1.4598236151164123,1.1813598493922974
2014-02-05,1.4592170894287497,1.180869019481334
2014-02-06,1.457331559295524,1.1793431573352866
2014-02-07,1.4586372285893707,1.1803997680548028
2014-02-11,1.459075113229336,1.180451804582471
2014-02-12,1.459076135272671,1.180452631457584
2014-02-13,1.459848135319411,1.181077211261632
2014-02-14,1.4603641817865034,1.1814947140877745
2014-02-17,1.4613077055766286,1.182258063658075
2014-02-18,1.4609540199035147,1.1819719173950782
2014-02-19,1.4621577351121036,1.1829457725292647
2014-02-20,1.4619885979495686,1.1828089336051228
2014-02-21,1.462811047173341,1.1834743288692713
2014-02-24,1.463913579349416,1.1843663227666776
2014-02-25,1.4643333313484135,1.1847059194058096
2014-02-26,1.4638002610662995,1.184274643612819
2014-02-27,1.4641227772399616,1.1845355724681979
2014-02-28,1.4642505217803363,1.1846389230577896
2014-03-03,1.4650486913388552,1.185284675073689
2014-03-04,1.4645109689902878,1.1848496355675144
2014-03-05,1.4643382281496962,1.184709881119541
2014-03-06,1.4636774872631124,1.184175314554148
2014-03-07,1.464879806861757,1.1851480405824633
2014-03-10,1.4651648363803804,1.185378641191416
2014-03-12,1.4648182045697002,1.1854134216087913
2014-03-13,1.4656680953925751,1.1861012011470269
2014-03-14,1.465616634704303,1.18605955625869
2014-03-17,1.4663784788055931,1.18667608342911
2014-03-18,1.4670231525463848,1.1871977897422272
2014-03-19,1.467307618901925,1.1874279959444725
2014-03-20,1.4671883079267247,1.1873314427811472
2014-03-21,1.4675628383846304,1.1876345339293988
2014-03-24,1.4675293502630036,1.1876074334545978
2014-03-25,1.4665376487017447,1.1868048926769919
2014-03-26,1.4665393140675247,1.1868062403848108
2014-03-27,1.4665788681201628,1.1868382497527514
2014-03-28,1.4671041883926845,1.1872633685147573
2014-03-31,1.4680192185146992,1.188003862443921
2014-04-01,1.4678924103706266,1.1879012421491404
2014-04-02,1.4678475112905907,1.1878649072838812
2014-04-03,1.4675205034677026,1.187600274129396
2014-04-04,1.4682067072280842,1.188155588874241
2014-04-07,1.4689220195686945,1.1887344599222363
2014-04-08,1.470362186370963,1.189899924040199
2014-04-10,1.4703342299001627,1.1905101082037564
2014-04-11,1.4718545798328033,1.1917411153625426
2014-04-14,1.4721391891329108,1.1919715597348333
2014-04-15,1.4726305410397018,1.1923694008513797
2014-04-16,1.4727309062346932,1.1924506652174804
2014-04-17,1.4735015400803526,1.1930746372126395
2014-04-18,1.4734269507707063,1.1930142432387443
2014-04-21,1.4756330283714523,1.1948004749877994
2014-04-22,1.4759036018524483,1.1950195547436722
2014-04-23,1.4777868318283862,1.1965443810565157
2014-04-24,1.476799501814604,1.1957449530505306
2014-04-25,1.476153435498525,1.1952218417305187
2014-04-28,1.4760868178656774,1.1951679023175086
2014-04-29,1.4751750371470012,1.1944296455729022
2014-04-30,1.4761763655610063,1.195240407897728
2014-05-01,1.475167681130384,1.1944236895038938
2014-05-02,1.4748383985018585,1.1941570737305929
2014-05-05,1.475501557673244,1.1946940249086497
2014-05-06,1.4749812025954072,1.1942727003095062
2014-05-07,1.4759873400516124,1.1950873564519644
2014-05-09,1.4766540791104623,1.1964414423450407
2014-05-12,1.4770275688048426,1.1967440579372548
2014-05-13,1.4777470295256132,1.1973269924475418
2014-05-14,1.4774238371998853,1.1970651297013382
2014-05-15,1.4779032525316187,1.197453570284069
2014-05-16,1.4777861570347879,1.1973586950474768
2014-05-19,1.4786376953148117,1.1980486438326232
2014-05-20,1.4801133171036123,1.199244248873996
2014-05-21,1.4804367090470638,1.1995062733580912
2014-05-22,1.4820267882547529,1.2007946161647127
2014-05-23,1.4824317454145224,1.2011227278972956
2014-05-26,1.4832277563554106,1.2017676863149178
2014-05-27,1.4816804878313314,1.2005140303566046
2014-05-28,1.4814580691212234,1.2003338182364536
2014-05-29,1.4818160315539473,1.2006238530491915
2014-05-30,1.4811949211363071,1.200120605704773
2014-06-02,1.4817083618176572,1.2005366149232104
2014-06-03,1.4816892120722691,1.2005210990692832
2014-06-04,1.4819462728403692,1.2007293795057827
2014-06-05,1.481656182278373,1.2004943370707837
2014-06-09,1.4819044791815248,1.200372738231093
2014-06-10,1.4817364462586688,1.2002366281494006
2014-06-11,1.4833412527948522,1.2015365540509901
2014-06-12,1.484620737479752,1.202572962642984
2014-06-13,1.4853273335032093,1.2031453197789643
2014-06-16,1.484928330730148,1.2028221194256419
2014-06-17,1.4861904421540006,1.2038444553231888
2014-06-18,1.484730587907279,1.2026619437212782
2014-06-19,1.4839646357607479,1.20204150691958
2014-06-20,1.4847377610454358,1.2026677541089326
2014-06-23,1.4851876069355239,1.203032138420103
2014-06-24,1.4856243139860457,1.2033858800042632
2014-06-25,1.4868493312406519,1.204378168871022
2014-06-26,1.4876141890345402,1.2049977192248438
2014-06-27,1.4878141835949938,1.205159718882403
2014-06-30,1.4887619229206723,1.2059274069928554
2014-07-01,1.4888128958718632,1.2059686961190144
2014-07-02,1.4894940562327874,1.206520449851528
2014-07-03,1.4908569938292944,1.2076244569975627
2014-07-04,1.491854238016213,1.2084322450514848
2014-07-08,1.490178672084404,1.207321500409674
2014-07-09,1.490491225615444,1.207574726821461
2014-07-10,1.4916886509238203,1.2085448637231757
2014-07-11,1.4918613993691598,1.208684822049065
2014-07-14,1.4931384271275578,1.2097194517201348
2014-07-15,1.4925742265771973,1.2092623444834298
2014-07-16,1.4932873369315784,1.2098400963189229
2014-07-17,1.493470569295712,1.2099885485662496
2014-07-18,1.4933423224993827,1.2098846448415035
2014-07-21,1.4944141624261094,1.210753034258676
2014-07-22,1.496025890712267,1.212058833522314
2014-07-23,1.49667629689499,1.2125857833325018
2014-07-24,1.4953795074256822,1.2115351430051844
2014-07-25,1.4962090940026376,1.2122072622144926
2014-07-28,1.4983362511722116,1.2139306546060809
2014-07-29,1.4982571845834176,1.2138665959838477
2014-07-30,1.4974137786020716,1.2131832804902574
2014-07-31,1.4970178547631428,1.2128625086444258
2014-08-01,1.4969236373784496,1.2127861750635047
2014-08-04,1.497491595070938,1.2132463262831603
2014-08-06,1.4990488147010426,1.2138768524086667
2014-08-07,1.4994229064838562,1.2141797787386037
2014-08-08,1.498722080407521,1.2136122745030613
2014-08-11,1.4984167926828882,1.2133650632724315
2014-08-12,1.4987898064904757,1.213667116696055
2014-08-13,1.4989923879360154,1.2138311600047564
2014-08-14,1.500791823158451,1.2152882791742605
2014-08-15,1.5011100934558177,1.2155460032343404
2014-08-18,1.500437997493124,1.2150017636313932
2014-08-19,1.5012248849017784,1.2156389572981037
2014-08-20,1.5014253955052985,1.2158013237119847
2014-08-21,1.5012476231690457,1.2156573699448627
2014-08-22,1.5014610877097856,1.2158302260001645
2014-08-25,1.5012988304267947,1.215698835775893
2014-08-26,1.5017254417661223,1.2160442905901103
2014-08-27,1.5019747647674,1.2162461835618774
2014-08-28,1.5016937397160393,1.2160186193882172
2014-08-29,1.501954843918458,1.216230052361096
2014-09-01,1.5022763137900657,1.2164903673235337
2014-09-02,1.5022776713712829,1.2164914666449158
2014-09-04,1.503678985841357,1.2170470645160263
2014-09-05,1.502838259311283,1.2163665976310583
2014-09-08,1.503532448148341,1.2169284598997447
2014-09-09,1.5039230008238338,1.2172445652598136
2014-09-10,1.5029914745434856,1.2164906069111951
2014-09-11,1.5044109946557207,1.2176395375020224
2014-09-12,1.5052501735662793,1.2183187517753586
2014-09-15,1.5054121344821996,1.218449839633301
2014-09-16,1.5058224923405104,1.218781974903901
2014-09-17,1.504578796132531,1.2177753525906791
2014-09-18,1.5052370016896137,1.2183080907273682
2014-09-19,1.5056562553852058,1.218647426107002
2014-09-22,1.5056236026941194,1.2186209976856373
2014-09-23,1.5064076234742925,1.2192555680946233
2014-09-24,1.5070035896561857,1.2197379309520242
2014-09-25,1.507043507017787,1.219770239249352
2014-09-26,1.5073306147385208,1.220002618375488
2014-09-29,1.5073452033378978,1.22001442608991
2014-09-30,1.5076384830059066,1.2202518006641332
2014-10-01,1.5088448396040577,1.2212282010596722
2014-10-03,1.5078439069134169,1.220281741988672
2014-10-06,1.5082874229433696,1.2206406747078675
2014-10-07,1.5083299091327185,1.2206750583207278
2014-10-08,1.5085219945362436,1.2208305109572704
2014-10-09,1.5090020157125297,1.221218986895996
2014-10-10,1.5076999019912745,1.2201652003649397
2014-10-13,1.5084190279700325,1.2207471812304953
2014-10-14,1.5075638946449326,1.2200551310926786
2014-10-15,1.5085331043946981,1.2208395020453837
2014-10-16,1.5080927372487616,1.2204831176839162
2014-10-17,1.5081538776516417,1.2205325979497383
2014-10-20,1.508559385655967,1.2208607711854689
2014-10-21,1.509092479015026,1.221292197866873
2014-10-22,1.510037036188098,1.2220566177562788
2014-10-23,1.509864721745829,1.2219171655445362
2014-10-24,1.5105023750151343,1.2224332114287852
2014-10-27,1.512080608462858,1.223710458663743
2014-10-28,1.513297178892197,1.2246950159351946
2014-10-29,1.5136643467147817,1.2249921608771157
2014-10-30,1.5136858229895076,1.225009541393636
2014-11-03,1.5130364759543853,1.2243184117189663
2014-11-04,1.5145910776094569,1.225576363830129
2014-11-05,1.5151760986715856,1.2260497510015491
2014-11-06,1.5164826643344649,1.2271069974213182
2014-11-07,1.5161853564510417,1.226866421915434
2014-11-10,1.5168337781503063,1.2273911115958112
2014-11-11,1.5163609377785388,1.227008498762506
2014-11-12,1.5170100720860402,1.2275337650710074
2014-11-13,1.5166094385309659,1.22720958052845
2014-11-14,1.516937008681647,1.2274746436468758
2014-11-17,1.5162766475160536,1.2269402927926374
2014-11-18,1.5166740100749707,1.227261830511484
2014-11-19,1.5168227124946687,1.2273821574918289
2014-11-20,1.5178954514433167,1.2282501960795762
2014-11-21,1.5183310686585074,1.228602688689963
2014-11-24,1.5174267407318571,1.2278709248835873
2014-11-25,1.5171178976910908,1.2276210153624683
2014-11-26,1.5175967610706618,1.2280085018914608
2014-11-27,1.517833106639459,1.2281997479294813
2014-11-28,1.5192589488440285,1.229353510506262
2014-12-02,1.5198501016957682,1.2303183053298323
2014-12-03,1.5219016068994622,1.2319789983171
2014-12-04,1.522690535608422,1.2326176359242893
2014-12-05,1.5231778882932383,1.2330121478097786
2014-12-08,1.5236553645782105,1.2333986647518815
2014-12-09,1.5247348886539844,1.234272539241206
2014-12-10,1.5245552108379625,1.234127090090749
2014-12-11,1.5248651696494668,1.2343780016768762
2014-12-12,1.5250401720437803,1.2345196660745428
2014-12-15,1.525785748521595,1.2351232100606604
2014-12-16,1.5256653673486522,1.235025761529043
2014-12-17,1.5254479054105314,1.2348497261404978
2014-12-18,1.5258210500803795,1.2351517866643205
2014-12-19,1.526661269913408,1.2358319444245645
2014-12-22,1.5267152177290608,1.2358756151688413
2014-12-23,1.5275887243671875,1.236582718590103
2014-12-24,1.5284225574257135,1.2372577062578667
2014-12-25,1.5280769925389892,1.2369779715620952
2014-12-26,1.5295813452580689,1.2381957447397864
2014-12-29,1.5289068974849787,1.23764977942367
2014-12-31,1.5296883426337604,1.2385700168292975
2015-01-01,1.5298656301603544,1.2387135643799174
2015-01-02,1.5306891875421105,1.239380388759598
2015-01-05,1.5314870087593568,1.2400263748803853
2015-01-06,1.5302699027897342,1.239040899003199
2015-01-07,1.5306626645670471,1.2393589134297838
2015-01-08,1.530563205835461,1.2392783829063947
2015-01-09,1.530041329082573,1.2388558256569262
2015-01-12,1.5313304467295503,1.239899608512042
2015-01-13,1.5315285796540938,1.2400600343274495
2015-01-14,1.5323739810921284,1.2407445455734012
2015-01-15,1.5317734625676922,1.2402583130395004
2015-01-16,1.533729933242788,1.2418424435119908
2015-01-19,1.5342175731312595,1.2422372795894043
2015-01-20,1.5344807739065436,1.2424503900509196
2015-01-21,1.5343588694381607,1.2423516854878733
2015-01-22,1.5345367766022084,1.2424957347513914
2015-01-23,1.5356353385697268,1.243385226994141
2015-01-26,1.5362371287860561,1.2438724892014763
2015-01-27,1.536115134963583,1.2437737122895118
2015-01-29,1.5356776450571539,1.2443941758825348
2015-01-30,1.5355095415271032,1.244257957806812
2015-02-02,1.5374885658560535,1.2458616057838483
2015-02-03,1.5380569015696206,1.2463221410102256
2015-02-04,1.5383392917193628,1.2465509681073685
2015-02-05,1.5393802468105717,1.247394477457801
2015-02-06,1.539952185666635,1.2478579323916776
2015-02-09,1.539690259458852,1.2476456876875073
2015-02-10,1.5385588881288998,1.2467289120228457
2015-02-11,1.5385071062970583,1.2466869520384913
2015-02-12,1.5388801287400427,1.246989220523689
2015-02-13,1.5388103748222008,1.2469326973533565
2015-02-16,1.5390767462271469,1.2471485441008843
2015-02-17,1.5399429592568215,1.2478504560240473
2015-02-18,1.5407433396746255,1.2484990222994057
2015-02-19,1.541505159056907,1.2491163416993702
2015-02-20,1.5413950408773445,1.2490271104588508
2015-02-23,1.5408428740465148,1.2485796772422433
2015-02-24,1.540520583243118,1.2483185177469687
2015-02-25,1.540366065679348,1.2481933086856494
2015-02-27,1.5399107104001026,1.2480376096914556
2015-03-02,1.5410156754564883,1.2489331408014417
2015-03-03,1.5400436659294579,1.2481453649657912
2015-03-04,1.540486246423824,1.2485040592060184
2015-03-05,1.5412171431350614,1.249096422502321
2015-03-06,1.5420972870093086,1.2498097448070373
2015-03-09,1.541798504064911,1.2495675928762635
2015-03-10,1.5410748246910118,1.2489810789505635
2015-03-11,1.5408520410363415,1.2488005214818902
2015-03-12,1.540371449355653,1.2484110206567105
2015-03-13,1.5408687180369904,1.248814037540897
2015-03-16,1.5415522831389081,1.2493680404126897
2015-03-17,1.5422354063402188,1.2499216851412644
2015-03-18,1.542857619995945,1.2504259650572136
2015-03-19,1.5422104688771845,1.2499014742994623
2015-03-20,1.5429802282990885,1.2505253343080085
2015-03-23,1.5423007314116024,1.249974628565446
2015-03-24,1.5415167628234985,1.2493392525815255
2015-03-25,1.5401184787781954,1.2482059978637137
2015-03-26,1.5409673625072495,1.2488939850391776
2015-03-30,1.5406323906310257,1.2483825316979236
2015-03-31,1.5414042635775815,1.249007984407493
2015-04-01,1.5430646312051959,1.2503533890316691
2015-04-02,1.5446425118458793,1.2516319540163547
2015-04-03,1.5438078003259537,1.2509555828801777
2015-04-06,1.544877992338626,1.2518227650985365
2015-04-07,1.5447829854553041,1.251745780521131
2015-04-08,1.5450654179623253,1.2519746370675031
2015-04-09,1.5455039857249684,1.252330010832964
2015-04-10,1.5460013628980909,1.252733038173144
2015-04-13,1.5453856044830832,1.2522340858898373
2015-04-14,1.5443583786534887,1.2514017193956801
2015-04-15,1.5454925930611791,1.2523207792975564
2015-04-16,1.5459536122501687,1.252694345571907
2015-04-17,1.5468854277484025,1.2534494005725902
2015-04-20,1.546365546404376,1.2530281379843276
2015-04-21,1.5458324722188428,1.252596185167182
2015-04-22,1.5452651423153194,1.252136474761523
2015-04-23,1.544626554348557,1.2516190235723184
2015-04-24,1.5459035707973598,1.2526537967194178
2015-04-28,1.5453296995660883,1.2512965746869686
2015-04-29,1.545014483712459,1.2510413356153038
2015-04-30,1.5441216261632076,1.2503183639456494
2015-05-01,1.5455989298482686,1.251514577958367
2015-05-04,1.5465510430392693,1.2522855305744642
2015-05-05,1.547708927864989,1.2532231022245217
2015-05-06,1.5481491253941317,1.2535795424460205
2015-05-07,1.5494663665036137,1.2546461493253127
2015-05-08,1.549383331666807,1.2545789137011576
2015-05-11,1.5493792614244501,1.2545756179123555
2015-05-12,1.5494369295098,1.254622313370087
2015-05-13,1.5498996895428399,1.2549970230805179
2015-05-14,1.5513053100309337,1.2561351932085854
2015-05-15,1.5522906452033596,1.2569330465899844
2015-05-18,1.5517508999020566,1.2564959997598397
2015-05-19,1.5515691169014318,1.2563488049922236
2015-05-20,1.5518403836987271,1.2565684572867322
2015-05-21,1.5523664943766686,1.2569944637819153
2015-05-22,1.5543952007838269,1.2586371639636533
2015-05-25,1.5549800913052672,1.2591107661381604
2015-05-27,1.5561084999585786,1.2591584416119648
2015-05-28,1.5557413594042564,1.2588613619878606
2015-05-29,1.5555564246181037,1.258711718054203
2015-06-01,1.556261597979123,1.2592823241464843
2015-06-02,1.5561124764130994,1.2591616592451038
2015-06-03,1.555688327072891,1.2588184497438115
2015-06-04,1.5564324249996002,1.2594205524801096
2015-06-05,1.554984044167189,1.258248564182476
2015-06-08,1.5566581083770048,1.2596031690070408
2015-06-09,1.5567211893146558,1.2596542122955712
2015-06-10,1.5571580660670206,1.2600077204543525
2015-06-11,1.5576484055373654,1.260404489113708
2015-06-12,1.5579316522449205,1.2606336842391677
2015-06-15,1.5588909008444993,1.2614098807394736
2015-06-16,1.5585457599821697,1.2611306026362057
2015-06-17,1.5604521245933083,1.2626731782939888
2015-06-18,1.5604570300615281,1.2626771476584124
2015-06-19,1.5604694831585602,1.2626872243479572
2015-06-22,1.560186297647309,1.2624580787407946
2015-06-23,1.560450107795313,1.2626715463587985
2015-06-25,1.5608718212671342,1.262938077946535
2015-06-26,1.5618733407741843,1.2637484309198066
2015-06-29,1.5628945766809041,1.2645747368954734
2015-06-30,1.5617845866976947,1.2636766179104075
2015-07-01,1.5613979402133438,1.2633637731520246
2015-07-02,1.5624987067051086,1.2642544291933702
2015-07-03,1.562283354580259,1.2640801827274313
2015-07-06,1.5629860195415306,1.264648725463316
2015-07-07,1.5627082250125166,1.2644239553804963
2015-07-08,1.5626212733166902,1.2643536007196556
2015-07-09,1.5619722573118726,1.2638284666154245
2015-07-10,1.5633286318525643,1.264925941137071
2015-07-13,1.5641048001910172,1.2655539571830863
2015-07-14,1.5649128458817239,1.266207765944068
2015-07-15,1.5651300755358006,1.2663835315630347
2015-07-16,1.565298125867433,1.2665195050362812
2015-07-17,1.5665059161510888,1.2674967565431758
2015-07-20,1.5662441742597588,1.267284975026814
2015-07-21,1.5663228095121013,1.267348600657759
2015-07-22,1.5677216460771892,1.2684804322013892
2015-07-24,1.5673972729899963,1.2681773729662613
2015-07-27,1.568061682114902,1.2687149447951254
2015-07-28,1.568147476600811,1.26878436090783
2015-07-29,1.568094204665397,1.2687412587127003
2015-07-30,1.5689709161303604,1.2694506038555344
2015-07-31,1.5696751602273367,1.270020406064726
2015-08-03,1.5720421044386912,1.2719354949471937
2015-08-04,1.57269192286805,1.2724612614792978
2015-08-05,1.5743017086707984,1.2737637353099902
2015-08-06,1.5738368892151116,1.2733876510036215
2015-08-07,1.573809049894665,1.2733651262762424
2015-08-10,1.5736587908979929,1.273243552082547
2015-08-11,1.574061429321088,1.2735693258646348
2015-08-12,1.5740743207511079,1.273579756289734
2015-08-13,1.5734873222715204,1.273104817228268
2015-08-14,1.5760001879669874,1.2751379708334258
2015-08-17,1.5752805802162682,1.2745557379288524
2015-08-18,1.5750786017124216,1.2743923176059913
2015-08-19,1.5762397952913891,1.2753318365447164
2015-08-20,1.5769101950990756,1.275874255420645
2015-08-24,1.5777238591416125,1.2755761377808355
2015-08-25,1.578800144634549,1.2764463053226869
2015-08-26,1.5776217811444824,1.2754936086002207
2015-08-27,1.5769572780230923,1.2749563635555858
2015-08-28,1.5775469661875745,1.2754331213525774
2015-08-31,1.577739069246255,1.2755884350193054
2015-09-01,1.5782240247023702,1.2759805173245347
2015-09-02,1.5781987888591473,1.2759601143628596
2015-09-03,1.5779771920542893,1.2757809552566273
2015-09-04,1.578129248185395,1.2759038913276752
2015-09-07,1.578486844791022,1.276193005100308
2015-09-08,1.5777879628898654,1.2756279651086282
2015-09-09,1.5784067381513411,1.2761282395727649
2015-09-10,1.5800306803826563,1.2774411828659766
2015-09-11,1.5803871705703092,1.2777294021092165
2015-09-14,1.5794460150347274,1.2769684859728643
2015-09-15,1.581230577891721,1.2784112896571476
2015-09-16,1.5819029243575309,1.2789548759781246
2015-09-17,1.5818458881782527,1.278908762718915
2015-09-18,1.5817981881462124,1.278870197654256
2015-09-22,1.5817177760115115,1.279453301832957
2015-09-23,1.5805137198176484,1.278479339412989
2015-09-24,1.581046899534192,1.27891062909004
2015-09-25,1.582182180528472,1.2798289591731111
2015-09-28,1.583261373137815,1.2807019192980327
2015-09-29,1.5832953399850451,1.2807293951192573
2015-09-30,1.5826009707535365,1.2801677190608487
2015-10-01,1.582525740696535,1.2801068653824699
2015-10-02,1.5826491609246778,1.2802067001449067
2015-10-05,1.583587152121892,1.280965442287511
2015-10-06,1.5849169520902777,1.282041118989216
2015-10-07,1.584622586124111,1.281803006025531
2015-10-08,1.5836907759450654,1.2810492637155295
2015-10-09,1.5846740762025684,1.2818446564083574
2015-10-12,1.5840642738370578,1.281351386583708
2015-10-13,1.5838029430733387,1.2811399958327272
2015-10-14,1.583015151420712,1.2805027502719855
2015-10-15,1.5844148770023245,1.2816349898814878
2015-10-16,1.5854490965833754,1.2824715712728487
2015-10-19,1.5851384758521077,1.2822203098112495
2015-10-21,1.5840883248240643,1.281063950257586
2015-10-22,1.5838443963233162,1.2808666834740035
2015-10-23,1.5846709797739396,1.2815351476270935
2015-10-26,1.5857980045973938,1.2824465809416046
2015-10-27,1.5852989437136962,1.2820429867119962
2015-10-28,1.5867174421648267,1.283190136906062
2015-10-29,1.5854474793858804,1.282163108609229
2015-10-30,1.5865626285796233,1.283064938014115
2015-11-02,1.5864070475079837,1.2829391184502077
2015-11-03,1.5864004188877516,1.2829337578359754
2015-11-04,1.5868798632184098,1.2833214880139816
2015-11-05,1.5881344506764565,1.2843360821750285
2015-11-06,1.588702952985101,1.2847958341988452
2015-11-09,1.588909633696255,1.2849629784193561
2015-11-10,1.5893467791204046,1.2853165011586645
2015-11-11,1.5902962476305433,1.2860843433687121
2015-11-12,1.5903986159497145,1.2861671293859334
2015-11-13,1.590806990557452,1.2864973849531103
2015-11-16,1.592287660210636,1.2876948134583328
2015-11-17,1.5919591594875535,1.287429152492729
2015-11-19,1.5927310946242488,1.2890011573033882
2015-11-20,1.5937553987525213,1.2898301291312317
2015-11-23,1.5950243619336042,1.290857104126893
2015-11-24,1.5962676189454459,1.2918632750571264
2015-11-25,1.5973562908962313,1.292744339920632
2015-11-26,1.5962297156522003,1.2918325998295102
2015-11-27,1.5969577612299994,1.292421808890299
2015-11-30,1.5968305349898437,1.2923188443840157
2015-12-01,1.597415945157771,1.2927926182599088
2015-12-02,1.597480595019991,1.2928449395509933
2015-12-03,1.5976387257081257,1.2929729151023583
2015-12-04,1.5986993256366069,1.2938312612097849
2015-12-07,1.5978571191147244,1.293149661418672
2015-12-08,1.5963889069675175,1.2919614337490395
2015-12-09,1.5976189004359291,1.2929568704612437
2015-12-10,1.5986279285049607,1.2937734793371067
2015-12-11,1.5986951679468342,1.293827896381317
2015-12-14,1.5996818376280282,1.2946264105594025
2015-12-15,1.5994225368632997,1.2944165578184392
2015-12-16,1.600344554511268,1.29516274894844
2015-12-18,1.599946310277377,1.2936912866009704
2015-12-21,1.5995620453472164,1.293380576054809
2015-12-22,1.5986964849426584,1.2926806975987566
2015-12-23,1.5980977086173833,1.292196536530566
2015-12-24,1.5990508851185792,1.29296725997689
2015-12-25,1.599768043859854,1.2935471431946812
2015-12-28,1.600290168795616,1.2939693251613968
2015-12-29,1.600168298140508,1.2938707824768125
2015-12-30,1.6003191909219785,1.2939927919938479
2015-12-31,1.6018527092274715,1.2952327706462037
2016-01-01,1.6025268860158342,1.2957778993365423
2016-01-04,1.6028932495522652,1.296074135098808
2016-01-05,1.6029968680052136,1.2961579193413475
2016-01-06,1.601996057400643,1.2953486797122713
2016-01-07,1.6037316709630132,1.2967520693936134
2016-01-08,1.6032434895931957,1.2963573336575722
2016-01-11,1.6022954273052867,1.2955907454832414
2016-01-12,1.6009280943112827,1.2944851416458736
2016-01-13,1.6018344267739604,1.2952179877433945
2016-01-14,1.6022461795471574,1.295550924524771
2016-01-18,1.6025620918323233,1.2954387216923868
2016-01-19,1.6031360518292501,1.2959026849974662
2016-01-20,1.6035895932040996,1.2962693073342006
2016-01-21,1.605506095592714,1.2978185211943567
2016-01-22,1.6055584577044384,1.2978608483574805
2016-01-25,1.6058954740458649,1.2981332771268568
2016-01-26,1.6069487886530665,1.2989847290208256
2016-01-27,1.606566300048769,1.298675542530556
2016-01-28,1.6077293889621744,1.29961573100929
2016-01-29,1.6083042335594646,1.3000804093852985
2016-02-01,1.6074453952311147,1.2993861633202703
2016-02-02,1.6086744046774784,1.3003796389766953
2016-02-03,1.6096166814467558,1.3011413329039974
2016-02-04,1.610198778148939,1.3016118735536364
2016-02-05,1.6101241096034598,1.3015515148782382
2016-02-08,1.6107004751146796,1.3020174226922865
2016-02-09,1.6126773589867651,1.303615446213023
2016-02-10,1.6127425803180917,1.3036681681877356
2016-02-11,1.6138238072206992,1.3045421831190207
2016-02-12,1.6141286811521787,1.3047886294177857
2016-02-16,1.6136484758637142,1.3041258344226674
2016-02-17,1.6152389945803896,1.305411267142107
2016-02-18,1.614671685381473,1.30495277658888
2016-02-19,1.6143869687936565,1.3047226730296388
2016-02-22,1.6136846325214032,1.3041550556762946
2016-02-23,1.6140683608305182,1.3044651789830752
2016-02-24,1.6141901733993225,1.3045636260242437
2016-02-25,1.6143531380508815,1.3046953315446064
2016-02-26,1.6139266580461684,1.3043506569761794
2016-02-29,1.6143007131115392,1.3046529625164154
2016-03-01,1.6152853352473704,1.3054487189551247
2016-03-02,1.61429263986332,1.3046464378416007
2016-03-03,1.6144365282727504,1.3047627262370096
2016-03-04,1.6145788724155026,1.3048777665798839
2016-03-07,1.616069353724237,1.3060823506076438
2016-03-08,1.6172875924130004,1.3070669123447711
2016-03-09,1.6171750145976735,1.30697592868907
2016-03-10,1.6171137706207763,1.3069264322506147
2016-03-11,1.6176804948894112,1.307384450072201
2016-03-14,1.617648412936037,1.307358521931816
2016-03-16,1.6177819499335777,1.3069579625664183
2016-03-17,1.6189256827619722,1.3078819503307646
2016-03-18,1.6191248668447766,1.3080428652322125
2016-03-21,1.620750046036929,1.3093557992069473
2016-03-22,1.6211830566762553,1.3097056156349072
2016-03-23,1.6215543122341824,1.310005541967748
2016-03-24,1.6216226402825131,1.3100607421675254
2016-03-25,1.6228737159167024,1.3110714489948228
2016-03-28,1.6236890864199813,1.3117301625944806
2016-03-29,1.624156452676067,1.3121077339042921
2016-03-30,1.6261811013930858,1.3137433874373385
2016-03-31,1.6247795919506256,1.3126111496067023
2016-04-01,1.624232199319795,1.3121689273668364
2016-04-04,1.623878159891919,1.311882909433861
2016-04-05,1.6242532512444283,1.3121859345911588
2016-04-06,1.6258599996405156,1.3134839788734514
2016-04-07,1.6248222412147837,1.31264560467983
2016-04-08,1.6237253969994772,1.311759496832633
2016-04-11,1.6242573197763726,1.3121892214372142
2016-04-12,1.6241526065707867,1.3121046267501293
2016-04-14,1.6257635368265513,1.3137112674728821
2016-04-15,1.6266428522093492,1.314421805321639
2016-04-18,1.6264638615273763,1.3142771704652445
2016-04-19,1.6267053575522465,1.3144723132653722
2016-04-20,1.6267029070939316,1.3144703331528738
2016-04-21,1.62652567646484,1.3143271205213285
2016-04-22,1.6270931606120085,1.314785680638689
2016-04-25,1.6275664164574284,1.3151680988209415
2016-04-26,1.628696642384734,1.3160813869479404
2016-04-27,1.6299137288289727,1.3170648634124242
2016-04-28,1.6308423529416014,1.3178152455758652
2016-04-29,1.6300029090593358,1.3171369262129546
2016-05-02,1.6316534416563713,1.3184706523182217
2016-05-03,1.6312439436780448,1.3181397541919266
2016-05-04,1.6302136634600866,1.3173072279971096
2016-05-05,1.6312909581105635,1.3181777445812632
2016-05-06,1.6332902161584955,1.3197932610845309
2016-05-09,1.6337506664619548,1.3201653316458788
2016-05-10,1.6338885785610782,1.3202767726238778
2016-05-11,1.6345199815925053,1.3207869829084076
2016-05-13,1.632321069506608,1.3195472756672326
2016-05-16,1.6318833293697759,1.3191934121928233
2016-05-17,1.632978212543053,1.320078501612706
2016-05-18,1.6337503297482032,1.3207026711915866
2016-05-19,1.6337879836440152,1.3207331101147648
2016-05-20,1.6338153320807574,1.3207552182378977
2016-05-23,1.6334118260483863,1.3204290291714957
2016-05-24,1.6336927643149715,1.3206561360386608
2016-05-25,1.6330903322266201,1.3201691377171856
2016-05-26,1.6318640710575496,1.319177844021888
2016-05-27,1.6318497746500824,1.3191662869906902
2016-05-30,1.6323516957021742,1.319572033488276
2016-05-31,1.6331475838212814,1.3202154191670636
2016-06-01,1.633644483909715,1.3206171067824601
2016-06-02,1.6335222120897315,1.3205182638219886
2016-06-03,1.6339078593392469,1.3208300160789268
2016-06-06,1.634618776704163,1.321404712497189
2016-06-07,1.6352534812899324,1.321917799488867
2016-06-08,1.635399236891849,1.322035626435425
2016-06-09,1.6367803695700498,1.3231521162589654
2016-06-13,1.6369984188482802,1.3232575069820156
2016-06-14,1.6368846154088026,1.3231655146783732
2016-06-15,1.6373068436276872,1.3235068202372946
2016-06-16,1.6369832647382867,1.3232452572513014
2016-06-17,1.6379046879200478,1.3239900839587275
2016-06-20,1.6365897821112134,1.3229271880130256
2016-06-21,1.6381609261863872,1.3241972125702188
2016-06-22,1.6379396170410783,1.324018318696821
2016-06-23,1.638081540642647,1.3241330417588786
2016-06-24,1.638509111589576,1.3244786660788392
2016-06-27,1.6391156952646353,1.3249689942260099
2016-06-28,1.6385423897934575,1.324505566308307
2016-06-29,1.6400486162895473,1.3257231151435516
2016-06-30,1.6398353874524378,1.3255507529371124
2016-07-01,1.641660502026672,1.3270260729701988
2016-07-04,1.642147150804282,1.3274194524877485
2016-07-05,1.6411753371101787,1.326633892922569
2016-07-06,1.6424778932315398,1.3276868060750868
2016-07-07,1.6440462032608671,1.328954539748918
2016-07-08,1.6443173812455376,1.3291737447889544
2016-07-12,1.645928816900533,1.32915902424506
2016-07-13,1.6470212877306627,1.33004124190094
2016-07-14,1.6460963457547355,1.3292943110728366
2016-07-15,1.6452253568693866,1.328590949709276
2016-07-18,1.6457665878533845,1.3290280172417204
2016-07-19,1.647037629440431,1.3300544385415156
2016-07-20,1.6453897976042609,1.3287237427465368
2016-07-21,1.644604172363247,1.3280893162342562
2016-07-22,1.6452323284727357,1.3285965795818497
2016-07-25,1.6464632207666117,1.3295905785831916
2016-07-26,1.6473046857024842,1.3302700980749318
2016-07-27,1.6484844443752475,1.3312228044558114
2016-07-28,1.648244357965288,1.3310289242496205
2016-07-29,1.648477961212481,1.3312175690202275
2016-08-01,1.6486659090401505,1.3313693450561466
2016-08-02,1.6503278072389618,1.3327114000500475
2016-08-03,1.649564103933821,1.332094676453346
2016-08-04,1.6500890345978854,1.332518580769304
2016-08-05,1.6498471945392172,1.3323232844155968
2016-08-08,1.6493980927506409,1.3319606152108525
2016-08-10,1.6498403017208936,1.3335276734855959
2016-08-11,1.6510640684987659,1.3345168158059058
2016-08-12,1.6524069986449117,1.3356022751146495
2016-08-15,1.6517883188411495,1.3351022105699277
2016-08-16,1.650257277144293,1.3338647050550674
2016-08-17,1.6524469340865964,1.3356345540064816
2016-08-18,1.6536163657288305,1.336579778496114
2016-08-19,1.6539281931374412,1.3368318213625054
2016-08-22,1.6545611221729046,1.3373434032309217
2016-08-23,1.65488137560593,1.3376022566575367
2016-08-24,1.6569064376597307,1.3392390673757935
2016-08-25,1.6572188600807523,1.3394915911769245
2016-08-26,1.6582602469011094,1.3403333200050427
2016-08-29,1.6602278410987659,1.3419236807872514
2016-08-30,1.6590672579105665,1.3409856082979132
2016-08-31,1.6586915399714333,1.3406819241966481
2016-09-01,1.6584235030341274,1.3404652761531735
2016-09-02,1.6587933155443164,1.3407641870331075
2016-09-05,1.6584224805276793,1.3404644496849125
2016-09-06,1.6584060047446882,1.3404511326914204
2016-09-08,1.658912538349875,1.3409382125615712
2016-09-09,1.658256874621098,1.3404082240732194
2016-09-12,1.6586700080078587,1.340742169554
2016-09-13,1.6589943556295055,1.341004347402419
2016-09-14,1.6604283397946893,1.3421634706948475
2016-09-15,1.6609216773958113,1.342562247137695
2016-09-16,1.6616291243529362,1.3431340932333986
2016-09-19,1.6621037407528518,1.3435177368868418
2016-09-20,1.6628526290807246,1.3441230810219733
2016-09-21,1.6637805077603496,1.3448731072887998
2016-09-22,1.6626194706808157,1.3439346135767103
2016-09-23,1.6626173738540155,1.34393291866205
2016-09-26,1.6616320115526066,1.3431364270251303
2016-09-27,1.6630181400577597,1.3442568674565043
2016-09-28,1.6631515274415534,1.3443646876313886
2016-09-29,1.664201969377659,1.345213784675168
2016-09-30,1.6652093291223973,1.3460280573654326
2016-10-03,1.666111104822107,1.3467569839766589
2016-10-04,1.665826169466589,1.346526663994447
2016-10-05,1.666760890883338,1.3472822214074167
2016-10-07,1.666171623061219,1.346628092316824
2016-10-10,1.6651309975743358,1.345787041194105
2016-10-11,1.666383716407612,1.3467995097473535
2016-10-12,1.6652518485801897,1.345884715021468
2016-10-13,1.6649802050545965,1.3456651681287009
2016-10-14,1.666649518649194,1.347014335615566
2016-10-17,1.6666074938915822,1.3469803704955328
2016-10-18,1.6665656012805654,1.3469465121786133
2016-10-19,1.668151250379184,1.3482280606044792
2016-10-20,1.6694630044420542,1.349288242428982
2016-10-21,1.6700708208833044,1.3497794899592068
2016-10-24,1.6682496233384287,1.3483075672943123
2016-10-25,1.6686392177995786,1.3486224441285675
2016-10-26,1.6678689745382433,1.3479999204945818
2016-10-27,1.6685647831580277,1.3485622847920582
2016-10-28,1.668952700747713,1.3488758063504283
2016-10-31,1.668266957609537,1.3483215771454653
2016-11-01,1.6694501674794429,1.3492778673786372
2016-11-02,1.66974845003334,1.3495189443847309
2016-11-03,1.6707562518246066,1.3503334668413753
2016-11-07,1.6716035062057684,1.3511202186092637
2016-11-08,1.6717758615232272,1.351259529608157
2016-11-09,1.671506806639632,1.3510420584842981
2016-11-10,1.6711655360847752,1.3507662170272954
2016-11-11,1.6727030165379952,1.352008928542526
2016-11-14,1.6728626938679498,1.3521379922039471
2016-11-15,1.672084479351485,1.3515089785869576
2016-11-16,1.671599862801568,1.3511172737260653
2016-11-17,1.6730208346366433,1.3522658138968158
2016-11-18,1.6727747708405405,1.3520669259615201
2016-11-21,1.674823886263717,1.3537231807302135
2016-11-22,1.6753329088156317,1.3541346124238338
2016-11-23,1.6739361914174102,1.353005676579051
2016-11-24,1.6751251850913003,1.353966713922313
2016-11-25,1.6757020938328453,1.3544330165246348
2016-11-28,1.675423945443717,1.3542081953209644
2016-11-29,1.6771818228586082,1.3556290488357354
2016-11-30,1.6778254380763584,1.3561492688104355
2016-12-01,1.6774892171123963,1.3558775088262986
2016-12-02,1.6788914397101444,1.3570108944023487
2016-12-06,1.6782207388490447,1.3568214755337524
2016-12-07,1.6778210194515428,1.3564983071625345
2016-12-08,1.6786426369189673,1.3571625750974188
2016-12-09,1.6789049613870037,1.3573746613048827
2016-12-12,1.6786506190926156,1.3571690285897258
2016-12-13,1.6790225138022352,1.3574697010322527
2016-12-14,1.679207819195267,1.357619518235066
2016-12-15,1.6794457612064866,1.35781189151665
2016-12-16,1.679744780363582,1.3580536449430922
2016-12-19,1.6802510011387943,1.35846291840949
2016-12-20,1.680406379003608,1.3585885395622512
2016-12-21,1.6814505615520452,1.359432748713825
2016-12-22,1.6823017211468365,1.3601209011067643
2016-12-23,1.682852574017591,1.3605662590907277
2016-12-26,1.6825273635803852,1.3603033303263203
2016-12-27,1.6821849364895796,1.360026482102571
2016-12-28,1.683146762317228,1.3608041068264625
2016-12-29,1.6833835442422338,1.360995542192162
2016-12-30,1.6841061679501788,1.3615797748517715
2017-01-02,1.684167679720906,1.3616295063856447
2017-01-04,1.6843300094942453,1.362239827348836
2017-01-05,1.6840417682217035,1.3620067057282934
2017-01-06,1.684360025813653,1.3622641037231438
2017-01-09,1.6865513998744148,1.364036426845906
2017-01-10,1.6868028108923518,1.3642397611685968
2017-01-11,1.6853384525542694,1.3630554283844025
2017-01-12,1.6856923460003663,1.3633416476788363
2017-01-13,1.6866197593773355,1.3640917141333924
2017-01-16,1.6867726452890686,1.3642153640575931
2017-01-17,1.6863977263033314,1.3639121398844671
2017-01-18,1.685494097612416,1.363181309830403
2017-01-19,1.6866761131818475,1.3641372915419143
2017-01-20,1.6859802002728268,1.3635744563043477
2017-01-23,1.685276088524714,1.3630049900710224
2017-01-24,1.6853970779330545,1.3631028429797751
2017-01-25,1.6856302803933116,1.363291450721374
2017-01-26,1.6852913832725118,1.363017360042751
2017-01-27,1.6849457885083714,1.3627378524942413
2017-01-30,1.6859247350372837,1.36352959754599
2017-01-31,1.6858353749892256,1.3634573255946787
2017-02-02,1.6866057310803564,1.3645463842688366
2017-02-03,1.686101700277235,1.3641385987400165
2017-02-06,1.6860085077059814,1.3640632013997838
2017-02-07,1.6858363712640654,1.3639239346137833
2017-02-08,1.6864976959746776,1.364458978593573
2017-02-09,1.6880337834931478,1.365701748394851
2017-02-10,1.6883383046506009,1.3659481208793498
2017-02-13,1.688368853110638,1.3659728360750356
2017-02-14,1.687356796167047,1.3651540325944103
2017-02-15,1.686523260772854,1.3644796617634884
2017-02-16,1.6875992258874806,1.3653501700747714
2017-02-17,1.6866379092639165,1.364572417990423
2017-02-20,1.6869069454260042,1.364790081381131
2017-02-21,1.686260939718587,1.36426743122287
2017-02-22,1.6865702082983685,1.3645176446038232
2017-02-23,1.6871004367690026,1.3649466253247513
2017-02-24,1.6870747343533816,1.3649258308156043
2017-02-27,1.6868235016125077,1.3647225712619029
2017-02-28,1.6862161799201474,1.3642312183605538
2017-03-01,1.685959129246574,1.3640232518152406
2017-03-03,1.6868255809832136,1.3656736898890662
2017-03-06,1.6869243214885903,1.3657536313553564
2017-03-07,1.6876545137293841,1.366344803521024
2017-03-08,1.6884299151234798,1.366972577545178
2017-03-09,1.6881515797723805,1.3667472339943996
2017-03-10,1.6876568827557454,1.3663467215124325
2017-03-13,1.6887510209131331,1.3672325485425023
2017-03-14,1.689888054874229,1.3681531045162112
2017-03-15,1.6911166880656878,1.3691478202965597
2017-03-16,1.6914775420066055,1.369439971861345
2017-03-17,1.69176281376958,1.369670931212184
2017-03-20,1.6910351615177912,1.369081815451278
2017-03-21,1.6912438065809676,1.3692507369310787
2017-03-22,1.6911941212271742,1.3692105110883992
2017-03-23,1.692537266598261,1.3702979372667006
2017-03-24,1.6935049829668876,1.3710814117401775
2017-03-27,1.6934125997236478,1.3710066171875566
2017-03-28,1.6952382878428691,1.3724847156101039
2017-03-29,1.6948592831413838,1.37217786897759
2017-03-30,1.6947850866567702,1.3721177986371462
2017-04-03,1.6934526768136005,1.36928658549094
2017-04-04,1.6940996031745255,1.3698096751526374
2017-04-05,1.6944449743698908,1.3700889342965767
2017-04-06,1.6942234441954585,1.3699098101319132
2017-04-07,1.6937241926655022,1.3695061269158924
2017-04-10,1.6950858285781092,1.3706071141563292
2017-04-11,1.6974566278750725,1.3725240875200795
2017-04-12,1.6985718508385357,1.3734258309609266
2017-04-13,1.697910820776893,1.3728913373737088
2017-04-14,1.6983783503888845,1.373269370982079
2017-04-17,1.6984856640310433,1.373356142305931
2017-04-18,1.6996145310247899,1.3742689179934389
2017-04-19,1.7016889694029678,1.3759462607869861
2017-04-20,1.7012577179008292,1.3755975608174291
2017-04-21,1.7016206029379044,1.3758909812478584
2017-04-24,1.7036071515929334,1.3774972584482785
2017-04-25,1.7029017159852735,1.376926859565734
2017-04-26,1.7025004930524223,1.3766024400013337
2017-04-27,1.703274727605132,1.3772284681162992
2017-04-28,1.703186993022371,1.3771575279660941
2017-05-02,1.7039812455869232,1.3779216893180264
2017-05-03,1.7052193968760423,1.3789229183634475
2017-05-04,1.706064060884511,1.379605954553235
2017-05-05,1.7054657639814093,1.3791221427263323
2017-05-08,1.7049905355219726,1.3787378499981495
2017-05-09,1.7049224219723955,1.3786827700860074
2017-05-10,1.7058833830156794,1.3794598496856567
2017-05-11,1.706309540774007,1.379804461470435
2017-05-12,1.7081354758207137,1.3812810009045744
2017-05-15,1.7082952497682202,1.3814102018498473
2017-05-16,1.707297712957253,1.3806035453145804
2017-05-17,1.708141366020943,1.3812857640055014
2017-05-18,1.7081422743056687,1.3812864984884816
2017-05-19,1.7081816382943715,1.381318330114535
2017-05-22,1.7076846231717104,1.3809164196362316
2017-05-23,1.708864291796365,1.3818703567692423
2017-05-24,1.710353733875347,1.3830747917070843
2017-05-25,1.712237681715193,1.3845982430929435
2017-05-26,1.7122797478868228,1.384632259834868
2017-05-29,1.710677984688627,1.383336996604911
2017-05-31,1.7109476214223895,1.383313877187523
2017-06-01,1.7109112753127762,1.3832844910875746
2017-06-02,1.7118332731430475,1.3840299331907586
2017-06-05,1.7128882084859238,1.384882856261614
2017-06-06,1.712415283244845,1.384500492686794
2017-06-07,1.7122218459043625,1.3843440971583132
2017-06-08,1.7126821087516073,1.384716223093541
2017-06-09,1.7137297132811442,1.3855632191472882
2017-06-12,1.712843606177336,1.3848467949633887
2017-06-13,1.7124440684461466,1.3845237657361382
2017-06-14,1.7133986382495245,1.385295542521835
2017-06-15,1.7128450581008663,1.3848479688543618
2017-06-16,1.7134820951144223,1.3853630180178198
2017-06-19,1.7142242918785937,1.3859630896217818
2017-06-20,1.71602576192517,1.387419591552972
2017-06-21,1.7175931212225093,1.3886868132021923
2017-06-22,1.7170638433811096,1.3882588881308875
2017-06-23,1.7176672454350301,1.3887467431793183
2017-06-26,1.7180295127922183,1.3890396390319886
2017-06-27,1.719408772748419,1.390154780964899
2017-06-29,1.7201862407885828,1.3911793810560573
2017-06-30,1.7202532832506248,1.3912336008193809
2017-07-03,1.721063867099384,1.391889150497824
2017-07-04,1.721746453512791,1.392441183830962
2017-07-05,1.7213988773833595,1.3921600859282193
2017-07-06,1.721633461937701,1.392349803289849
2017-07-07,1.7211207131911996,1.3919351240726334
2017-07-10,1.7215133857627207,1.3922526931660566
2017-07-11,1.7215624185912062,1.3922923478606277
2017-07-12,1.7210422710203714,1.3918716849355945
2017-07-13,1.72056934155231,1.3914892090681215
2017-07-14,1.7212915341669897,1.3920732734274741
2017-07-17,1.7213089295164963,1.3920873417015864
2017-07-18,1.7215363800564252,1.392271289517152
2017-07-19,1.7219391900183187,1.3925970570998607
2017-07-20,1.7228279702289513,1.3933158471203855
2017-07-21,1.7228362956261432,1.3933225801825608
2017-07-24,1.7227407550456704,1.3932453129178564
2017-07-25,1.7241708765139006,1.39440190599588
2017-07-26,1.7250338782308101,1.395099847977924
2017-07-28,1.726258515819999,1.3967523134725217
2017-07-31,1.7270586658233764,1.3973997317810196
2017-08-01,1.727158722682754,1.3974806899043444
2017-08-02,1.727706782997447,1.3979241371084883
2017-08-03,1.7272053980953,1.3975184559688465
2017-08-04,1.7271191658798213,1.3974486836575954
2017-08-07,1.728614355069265,1.3986584728869003
2017-08-08,1.7285337671105527,1.398593267463299
2017-08-09,1.7281539950632518,1.398285985859299
2017-08-10,1.7285805242274663,1.3986310996365348
2017-08-11,1.7283755364329718,1.3984652396720103
2017-08-14,1.7291890115354955,1.3991234396003465
2017-08-15,1.7292706749056626,1.3991895151621243
2017-08-16,1.7297444466365077,1.39957285390024
2017-08-17,1.7310983564722915,1.4006683310133339
2017-08-18,1.7310655580378245,1.4006417931055986
2017-08-21,1.7305323360716844,1.4002103519234264
2017-08-22,1.7311672707707035,1.4007240910312317
2017-08-23,1.7318708802126497,1.4012933963275203
2017-08-24,1.7319508236631507,1.4013580802658823
2017-08-28,1.7322876025502036,1.4016277873616605
2017-08-29,1.7320457035432042,1.4014320621429115
2017-08-30,1.732571699409826,1.4018576556884688
2017-08-31,1.731357843897728,1.4008755014473981
2017-09-01,1.7320113988171086,1.4014043055179362
2017-09-04,1.7321462032163304,1.401513378394478
2017-09-05,1.7313959695003986,1.4009063496183571
2017-09-06,1.7315878291760582,1.4010615870352172
2017-09-07,1.7319323781145957,1.4013403683216785
2017-09-08,1.7327079803269996,1.40196792324457
2017-09-11,1.7315472754965817,1.401028774259815
2017-09-12,1.733183150585552,1.4023523927963548
2017-09-13,1.7340726142981258,1.4030720752864667
2017-09-14,1.734326268627961,1.4032773119668875
2017-09-15,1.733742369633429,1.4028048678677993
2017-09-18,1.734026313630059,1.40303461251017
2017-09-19,1.7348530000188722,1.4037035006395362
2017-09-20,1.7348522042841843,1.4037028567950334
2017-09-21,1.7360553488408288,1.404676344592512
2017-09-22,1.7366429052895287,1.405151748009317
2017-09-26,1.7377006557868564,1.4049644438451243
2017-09-27,1.7367686298102878,1.4042108828946476
2017-09-28,1.7363668162910117,1.4038860089264187
2017-09-29,1.7358208702438505,1.4034446010337733
2017-10-02,1.736422743926394,1.4039312274966473
2017-10-03,1.7367257619708845,1.4041762234209654
2017-10-04,1.737662112290284,1.4049332806858967
2017-10-05,1.7378105130364405,1.4050532655469807
2017-10-06,1.737752835758041,1.4050066323566788
2017-10-09,1.737451072860657,1.4047626512429672
2017-10-10,1.7385022635558711,1.4056125591632747
2017-10-11,1.7394974068118783,1.4064171516496538
2017-10-12,1.740211561174616,1.406994559204702
2017-10-13,1.7414137103418967,1.4079665199567468
2017-10-16,1.7413174959343645,1.4078887287554152
2017-10-17,1.7422033384469795,1.4086049494859108
2017-10-18,1.7423085276927126,1.4086899970167601
2017-10-19,1.7420283860637706,1.4084634971149539
2017-10-20,1.7427798567228732,1.4090710756142288
2017-10-23,1.7431068391416993,1.4093354471966895
2017-10-25,1.744183009694068,1.4102581093491429
2017-10-26,1.7451750842827034,1.4110602506530807
2017-10-27,1.7444813722816286,1.4104993502374528
2017-10-30,1.7432919932871296,1.4095376785764175
2017-10-31,1.7431416333928895,1.4094161051755791
2017-11-01,1.7425363433140466,1.4089266982512756
2017-11-02,1.7441312301502694,1.4102162430305656
2017-11-03,1.744155675175218,1.4102360080405878
2017-11-06,1.7450171438569846,1.4109325480181356
2017-11-07,1.7463151896240479,1.4119820821318914
2017-11-08,1.7472010068259354,1.4126983090905418
2017-11-09,1.7466165299971828,1.4122257307069126
2017-11-10,1.746279336531282,1.4119530931355897
2017-11-13,1.7468154952955035,1.4123866039775939
2017-11-14,1.748183135150384,1.4134924083486344
2017-11-15,1.7483527396839098,1.413629541990837
2017-11-16,1.7482245843425182,1.4135259220676697
2017-11-17,1.7479983726687431,1.4133430187567226
2017-11-20,1.7492882816128272,1.4143859738472184
2017-11-21,1.7502905718623873,1.4151963750175702
2017-11-23,1.7490232904509821,1.4144746713235412
2017-11-24,1.751106251357574,1.4161592088936334
2017-11-27,1.7510575888921638,1.4161198544578506
2017-11-28,1.7507241116067411,1.4158501638389394
2017-11-29,1.750012959955722,1.4152750394233136
2017-11-30,1.7491806311506235,1.4146019163039976
2017-12-01,1.748882254459611,1.4143606123292278
2017-12-04,1.7503939915966769,1.415583188324501
2017-12-05,1.751464327386423,1.4164487930724037
2017-12-06,1.7520339264253824,1.416909440690887
2017-12-07,1.7516841497383537,1.4166265683774522
2017-12-08,1.7510041709295832,1.416076654144009
2017-12-11,1.751284748965451,1.4163035639440282
2017-12-12,1.7516369516436199,1.4165883982113372
2017-12-13,1.7519466225247393,1.4168388360529494
2017-12-14,1.7531042338022667,1.4177750224606664
2017-12-15,1.7538794312070518,1.4184019421251046
2017-12-18,1.75283032733989,1.4175535081129393
2017-12-19,1.7541941993863486,1.4186565022669761
2017-12-20,1.753250772333422,1.417893531483287
2017-12-22,1.7533370178631034,1.4181601363445904
2017-12-25,1.754707462892492,1.4192686000854056
2017-12-26,1.7550447688679112,1.419541424923538
2017-12-27,1.7562068075412733,1.4204813223343973
2017-12-28,1.7573055891144693,1.4213700551962378
2017-12-29,1.75711502200493,1.4212159178710724
2018-01-01,1.7567685297207503,1.4209356628259964
2018-01-02,1.7578865067233576,1.4218399216206803
2018-01-03,1.7591534630586068,1.4228646800959959
2018-01-04,1.7588346548174763,1.422606816870556
2018-01-05,1.7593577861580358,1.4230299437455924
2018-01-08,1.7581008624116274,1.4220132999780675
2018-01-09,1.7577494452952689,1.4217290615569473
2018-01-10,1.758506181311331,1.422341136041648
2018-01-11,1.7567783037980003,1.4209435684405953
2018-01-12,1.7571153061802836,1.4212161477220102
2018-01-15,1.7576903717263266,1.4216812807939039
2018-01-16,1.7593740014907522,1.4230430592722831
2018-01-17,1.7601949659975105,1.4237070840005452
2018-01-18,1.7602370311618754,1.4237411077727142
2018-01-22,1.7601557220730037,1.4232279312406269
2018-01-23,1.7607084307304424,1.423674840789163
2018-01-24,1.7610455758946242,1.4239474498592182
2018-01-25,1.7613986532896657,1.424232941423522
2018-01-26,1.7608266719011856,1.4237704483167894
2018-01-29,1.7606566184153067,1.4236329463515527
2018-01-30,1.7609012763339473,1.4238307720206351
2018-01-31,1.7611878301630663,1.4240624739139913
2018-02-01,1.7611098306399842,1.423999405005666
2018-02-02,1.760887432544707,1.4238195781999554
2018-02-05,1.7625701224287795,1.4251801687503232
2018-02-06,1.7634191090734175,1.4258666429586824
2018-02-07,1.7641300714310697,1.4264415133936004
2018-02-08,1.7636803068536029,1.4260778424404534
2018-02-09,1.7627812985260107,1.4253509216650915
2018-02-12,1.763403570686054,1.4258540789186804
2018-02-13,1.7648911144305894,1.42705687806856
2018-02-14,1.765595366215257,1.4276263224637322
2018-02-15,1.7646608010358877,1.426870651104566
2018-02-16,1.764069883003697,1.4263928461933633
2018-02-20,1.7643232526826027,1.426531004924803
2018-02-21,1.7650640458617433,1.4271299679757485
2018-02-22,1.7644013474837572,1.4265941479202837
2018-02-23,1.7655053183807452,1.427486755729365
2018-02-26,1.763979036572166,1.426252691439343
2018-02-27,1.763423478647317,1.4258034990344797
2018-02-28,1.7648137095372938,1.4269275603228748
2018-03-01,1.7654086523797772,1.4274085971224921
2018-03-02,1.7660018705122558,1.427888239420114
2018-03-05,1.7664733932252028,1.4282694857526794
2018-03-06,1.765982224199799,1.4278723545340484
2018-03-07,1.766249098659866,1.428088133978733
2018-03-08,1.7667186905362053,1.4284678191471059
2018-03-09,1.7664383567610393,1.4282411572690208
2018-03-12,1.7666208213959138,1.4283886877504988
2018-03-13,1.7668127902035422,1.4285439027631923
2018-03-14,1.7675123343240162,1.429109514181424
2018-03-15,1.767307636608957,1.4289440073012507
2018-03-16,1.7680331514830805,1.4295306171874478
2018-03-19,1.7704897852762176,1.4315169109509787
2018-03-21,1.7702895039961501,1.430526159088158
2018-03-22,1.770713849189337,1.4308690617026552
2018-03-23,1.772294809415568,1.432146595662494
2018-03-26,1.7726818924424166,1.432459387663122
2018-03-27,1.7732108533886968,1.43288682762087
2018-03-28,1.7739632193977448,1.4334947955575958
2018-03-29,1.7734654927418656,1.4330925952396798
2018-03-30,1.773481233130711,1.433105314649667
2018-04-02,1.773404643541961,1.433043424540748
2018-04-03,1.7731672317005507,1.4328515780383266
2018-04-04,1.7747945469916322,1.434166570353268
2018-04-05,1.774097114456005,1.4336029927665728
2018-04-06,1.7734837952612807,1.4331073850425573
2018-04-09,1.7714267891278221,1.4314451704292555
2018-04-10,1.7739734056186205,1.4335030267849695
2018-04-11,1.774145631545923,1.433642198199432
2018-04-12,1.776410856407908,1.435472669099232
2018-04-13,1.7764483081503883,1.4355029329047853
2018-04-16,1.777815761456459,1.43660793732426
2018-04-17,1.776898076596778,1.4358663794069761
2018-04-19,1.7785024455101186,1.437702413392688
2018-04-20,1.7785016891087875,1.437701801934423
2018-04-23,1.7803937429989458,1.4392312968479761
2018-04-24,1.7806838529033926,1.4394658153389825
2018-04-25,1.782473222654494,1.4409123026441335
2018-04-26,1.7827222681708816,1.4411136255834744
2018-04-27,1.7848645401064958,1.4428453912831793
2018-04-30,1.78489913945021,1.4428733606346331
2018-05-01,1.7840946672831197,1.4422230429591907
2018-05-02,1.7847124953233462,1.4427224816114892
2018-05-03,1.7849888921558463,1.442945914755561
2018-05-04,1.7856218242392636,1.4434575631854747
2018-05-07,1.7852995652404025,1.4431970560708682
2018-05-08,1.7849044662949745,1.44287766673924
2018-05-09,1.7866380324379985,1.4442790436301707
2018-05-10,1.786503508017116,1.4441702970355
2018-05-11,1.7886592813462976,1.4459129769659753
2018-05-14,1.790011745862755,1.4470062796511909
2018-05-15,1.7903249138547266,1.447259437794994
2018-05-16,1.7902932700454233,1.4472338576328083
2018-05-18,1.791697171927815,1.4483808138061294
2018-05-21,1.7927116586403693,1.4492009094748322
2018-05-22,1.79263510560793,1.4491390251647147
2018-05-23,1.792285497391673,1.4488564071862364
2018-05-24,1.7929510386052099,1.4493944206070237
2018-05-25,1.7932202223516043,1.4496120246641013
2018-05-28,1.7926305329251602,1.4491353286773307
2018-05-29,1.793428154487345,1.449780113848311
2018-05-30,1.793857720959667,1.4501273688680285
2018-05-31,1.7921253054027875,1.4487269104125275
2018-06-01,1.7936706093721446,1.4499761106991513
2018-06-04,1.7953686018629993,1.4513487420702744
2018-06-05,1.7946145727422986,1.450739196367694
2018-06-06,1.7950866051361183,1.451120780194144
2018-06-07,1.795257363604243,1.4512588187493762
2018-06-08,1.796058030222716,1.4519060654976665
2018-06-11,1.7963193399361579,1.4521173043059543
2018-06-12,1.7953539525270374,1.4513368997693128
2018-06-13,1.7947555895636138,1.4508531922268253
2018-06-14,1.7944386515153365,1.4505969843165365
2018-06-18,1.7957971362616238,1.4529240642747798
2018-06-19,1.7987765791546486,1.455334639606479
2018-06-20,1.7998661984464752,1.4562162169617523
2018-06-21,1.7991680687211178,1.4556513817376193
2018-06-22,1.798373438560653,1.45500847098839
2018-06-25,1.7986014076838417,1.4551929137733262
2018-06-26,1.7991975514608813,1.4556752353128468
2018-06-27,1.799972648270314,1.4563023422303418
2018-06-28,1.799598997572661,1.456000032977648
2018-06-29,1.7992141223807647,1.4556886423329272
2018-07-02,1.8006341007451436,1.456837503022532
2018-07-03,1.8011008185547512,1.4572151100044743
2018-07-04,1.8004660198635207,1.45670151396635
2018-07-05,1.8013120723974136,1.4573860289715876
2018-07-06,1.8013812539344565,1.4574420016190228
2018-07-09,1.799204533379705,1.4556808841679818
2018-07-10,1.7996631027366166,1.4560518984882198
2018-07-11,1.7998319759142494,1.4561885285666618
2018-07-12,1.8010864614233002,1.4572034940923215
2018-07-13,1.8013027505498924,1.4573784869523285
2018-07-17,1.8013941624970256,1.4572323586799134
2018-07-18,1.8031218244876777,1.4586299456212133
2018-07-19,1.8042306917993165,1.4595269604787293
2018-07-20,1.8037541363242038,1.4591414523686788
2018-07-23,1.8044439392033524,1.459699466321168
2018-07-24,1.8044999659997394,1.4597447890286288
2018-07-25,1.8056584194599792,1.4606819164510614
2018-07-26,1.806035962504859,1.4609873287551796
2018-07-27,1.8067931958336938,1.4615998903659706
2018-07-30,1.8083794560266664,1.4628830907507666
2018-07-31,1.8088204872084568,1.4632398615911923
2018-08-01,1.810084264309788,1.4642621902544906
2018-08-02,1.8113206059878177,1.465262325115099
2018-08-03,1.8117949192486746,1.4656460193927097
2018-08-06,1.8117623608137947,1.4656196813453002
2018-08-07,1.8136577357261436,1.4671529391472886
2018-08-08,1.8136611417456672,1.4671556944364792
2018-08-09,1.8138360337753858,1.4672971728148858
2018-08-10,1.8153961216562227,1.4685592011869486
2018-08-13,1.8173771094005091,1.470161715230361
2018-08-15,1.8174770208711402,1.4705377115555787
2018-08-16,1.8171114829581463,1.470241951400216
2018-08-17,1.8182690490337956,1.4711785489738372
2018-08-20,1.820213930957956,1.472752171188125
2018-08-21,1.8206429542239253,1.4730992979382835
2018-08-22,1.820902012620923,1.4733089045181222
2018-08-23,1.820703658120693,1.4731484140307625
2018-08-24,1.8219244317885126,1.4741361534603055
2018-08-27,1.8206437519187522,1.473099943360653
2018-08-28,1.8226273310150571,1.4747048758200312
2018-08-29,1.8229119287477202,1.4749351465160006
2018-08-30,1.8242047696719472,1.4759811962389329
2018-08-31,1.8231758850285618,1.4751487160196157
2018-09-03,1.8229828673265356,1.4749925435857594
2018-09-04,1.8232999009164608,1.4752490584381954
2018-09-05,1.8245611540133222,1.4762695501536076
2018-09-06,1.826031501123519,1.4774592217972056
2018-09-07,1.8256346372917525,1.4771381155470227
2018-09-10,1.8262372987992697,1.4776257346277206
2018-09-11,1.8264393091634563,1.4777891831089118
2018-09-13,1.8279292374010878,1.4789462902255428
2018-09-14,1.8284133607710118,1.4793379861661244
2018-09-17,1.8293449368785002,1.4800917084656766
2018-09-18,1.8303288575050154,1.4808877818205346
2018-09-19,1.8309952284425746,1.4814269311518393
2018-09-20,1.8322874874003305,1.4824724757782284
2018-09-21,1.83392979160312,1.4838012360269515
2018-09-24,1.8328059031036343,1.482891917059383
2018-09-25,1.8331707117756817,1.4831870775180742
2018-09-26,1.8340270413820683,1.4838799191602245
2018-09-27,1.8347057724541147,1.484429068864997
2018-09-28,1.8354047602702,1.4849946079550014
2018-10-01,1.8348350962534177,1.4845337025397058
2018-10-02,1.835722113609926,1.48525137311575
2018-10-03,1.8357708485269526,1.485290803703798
2018-10-04,1.8358008423179457,1.485315071167227
2018-10-05,1.8370692829470496,1.486341344791173
2018-10-08,1.8357894295968744,1.4853058373297543
2018-10-09,1.8385052929955772,1.487503195967106
2018-10-10,1.8380191129885588,1.4871098360366175
2018-10-12,1.8387183243646537,1.488664427445695
2018-10-15,1.841049035998274,1.4905514198434042
2018-10-16,1.842249706840796,1.4915235078182991
2018-10-17,1.8430725862693353,1.4921897280419796
2018-10-18,1.844243489888191,1.4931377158562416
2018-10-19,1.8444021924523106,1.4932662047382084
2018-10-22,1.8436280179015956,1.4926394169920856
2018-10-23,1.8436859776729742,1.4926863424230943
2018-10-24,1.844790819503332,1.4935808452455297
2018-10-25,1.84654194893004,1.494998595887839
2018-10-26,1.8477482993333967,1.495975282152785
2018-10-29,1.8474303804377596,1.4957178884321283
2018-10-30,1.848292633522233,1.4964159863829138
2018-10-31,1.847182698551705,1.4955173600487395
2018-11-01,1.8477440103331828,1.4959718096894048
2018-11-02,1.849120634212329,1.49708635288599
2018-11-05,1.8492831945742,1.4972179651208948
2018-11-06,1.8487462499264438,1.49678324361623
2018-11-07,1.8494319747684838,1.4973384206467921
2018-11-08,1.8506685811613568,1.4983396027873237
2018-11-12,1.8511011744368437,1.4990174241565268
2018-11-13,1.8508135137146902,1.4987844771730185
2018-11-14,1.8516243383861062,1.4994410811054095
2018-11-15,1.8522618386273484,1.4999573273175146
2018-11-16,1.852473869889196,1.500129029740032
2018-11-19,1.8525606481570611,1.5001993025794447
2018-11-20,1.8535046780377835,1.5009637757804073
2018-11-21,1.855914772885654,1.5029154649807164
2018-11-22,1.858717824250051,1.5051853694538282
2018-11-23,1.8587825824796391,1.5052378105174775
2018-11-26,1.8592674440186987,1.505630450263695
2018-11-27,1.8596127384865835,1.5059100689204017
2018-11-28,1.860301393095515,1.506467739820442
2018-11-29,1.8606831986510153,1.5067769250709504
2018-11-30,1.8597892996423127,1.5060530477335115
2018-12-03,1.8605549626790847,1.506673079879244
2018-12-04,1.8619795738194718,1.507826726666129
2018-12-05,1.8621660294601576,1.5079777180101355
2018-12-06,1.863750131386453,1.5092605200643663
2018-12-07,1.8640607739633468,1.5095120777003719
2018-12-11,1.8651356942009747,1.51120734018272
2018-12-12,1.8656107938047735,1.5115922848335628
2018-12-13,1.865986424405395,1.5118966357301873
2018-12-14,1.866107732892033,1.5119949247050881
2018-12-17,1.8667550937733086,1.512519442314489
2018-12-18,1.8685041634186956,1.5139366083120183
2018-12-19,1.8700309634314718,1.5151736825868136
2018-12-20,1.8704326662620543,1.5154991582441806
2018-12-21,1.8705667680200035,1.5156078128378248
2018-12-24,1.8714600347034294,1.5163315731373734
2018-12-25,1.8712197171060005,1.5161368582336059
2018-12-26,1.872497880655837,1.5171724773279551
2018-12-27,1.8737854046255378,1.518215680607868
2018-12-28,1.8737084592408486,1.5181533363878217
2018-12-31,1.8745669975560144,1.5188489583780826
2019-01-01,1.8756707525026173,1.519743264664888
2019-01-02,1.8760195352371156,1.5200258623494114
2019-01-03,1.875976584808886,1.5199910621991561
2019-01-04,1.8766993257041182,1.5205766557027929
2019-01-07,1.8772930657193143,1.521057727547546
2019-01-09,1.8779386889499687,1.5205541427195886
2019-01-10,1.8784467511561038,1.5209655172212395
2019-01-11,1.8800084882492747,1.5222300450893924
2019-01-14,1.8812568109870837,1.5232408034925264
2019-01-15,1.882364814201755,1.5241379461352167
2019-01-16,1.88278151184398,1.5244753433728766
2019-01-17,1.8821873025458602,1.5239942161586524
2019-01-18,1.8817414293128136,1.5236331956441775
2019-01-21,1.8831790124316143,1.5247971968864216
2019-01-22,1.8838225567476954,1.5253182703280619
2019-01-23,1.8837214522581527,1.5252364067127446
2019-01-24,1.8845991305322842,1.5259470568226543
2019-01-25,1.8847142354507322,1.5260402564897273
2019-01-28,1.8840293376340649,1.5254856994008292
2019-01-29,1.8865004406715273,1.5274865346692061
2019-01-30,1.889054710867547,1.529554709818393
2019-01-31,1.8900968530238076,1.5303985252114773
2019-02-01,1.8894890606061239,1.5299063998380238
2019-02-04,1.890850395553832,1.5310086634563977
2019-02-05,1.894524208121255,1.5339833244247458
2019-02-07,1.894594872093127,1.5336547479381908
2019-02-08,1.8952239769007806,1.5341640017050096
2019-02-11,1.8964998879933082,1.535196838399453
2019-02-12,1.897915001241073,1.5363423577837143
2019-02-13,1.8976808993124037,1.5361528547191312
2019-02-14,1.8977222390422717,1.5361863187984046
2019-02-15,1.897401343310885,1.5359265570576317
2019-02-18,1.9007246672949238,1.5386167530895818
2019-02-19,1.901275266872055,1.5390624576927758
2019-02-20,1.9032319753051035,1.5406463927191385
2019-02-21,1.9032702363423712,1.5406773646289282
2019-02-22,1.9030906798399143,1.540532015516792
2019-02-25,1.9023398497115525,1.5399242263750508
2019-02-26,1.9033359990435983,1.5407305988482645
2019-02-27,1.9031184148749751,1.5405544667378062
2019-02-28,1.902959234469105,1.5404256118629
2019-03-01,1.9015181198193705,1.5392590446154932
2019-03-04,1.9027494114374666,1.5402557623117168
2019-03-05,1.9026839478140707,1.5402027701927592
2019-03-06,1.9040203460313212,1.5412845705824954
2019-03-08,1.9034248216945058,1.542667244643269
2019-03-11,1.9036760846378964,1.5428708855268718
2019-03-12,1.9025244473695073,1.541937518959721
2019-03-13,1.904147062525096,1.5432525986112307
2019-03-14,1.904569428333929,1.5435949131019935
2019-03-15,1.9029372473432733,1.542272080635528
2019-03-18,1.9024206001212645,1.5418533539606707
2019-03-19,1.9021935272388513,1.5416693183770989
2019-03-20,1.9027784291761445,1.5421433633983186
2019-03-21,1.9040347405123528,1.5431615650763428
2019-03-22,1.9035269162913127,1.542749989172264
2019-03-25,1.9047386924600875,1.5437320964675467
2019-03-26,1.9049980291278585,1.5439422808563104
2019-03-27,1.907818675358109,1.5462283278272961
2019-03-28,1.908500852454715,1.5467812113717287
2019-03-29,1.9070347872498763,1.5455930106378524
2019-04-01,1.908287313472224,1.5466081445975706
2019-04-02,1.9077699289223773,1.5461888203411902
2019-04-03,1.9088525774507574,1.5470662736575267
2019-04-04,1.9101355903990236,1.5481061161704457
2019-04-08,1.9114809689349366,1.548521604824437
2019-04-09,1.911294210155814,1.5483703085211715
2019-04-10,1.9122816791932618,1.5491702731367936
2019-04-11,1.913882053109507,1.5504667618936154
2019-04-12,1.9140445592511053,1.5505984107435233
2019-04-15,1.913535282632946,1.5501858375299427
2019-04-16,1.91332318792728,1.55001401618339
2019-04-17,1.9142685046572847,1.5507798325339601
2019-04-18,1.913388879767008,1.5500672342037274
2019-04-19,1.9135550857146595,1.550201880326274
2019-04-22,1.9143313421707477,1.550830738218491
2019-04-23,1.91533788700004,1.551646156441175
2019-04-24,1.9160325632768935,1.5522089249126112
2019-04-25,1.9156619124366925,1.5519086546806677
2019-04-26,1.9165984249895112,1.5526673386251053
2019-04-29,1.9159384688517307,1.5521326974990892
2019-04-30,1.9164342034201698,1.552534300079477
2019-05-01,1.9174996383387133,1.5533974261145835
2019-05-02,1.917019289260298,1.5530082875681517
2019-05-03,1.9173108754692834,1.5532445062653928
2019-05-07,1.9173289292565314,1.5526553011812045
2019-05-08,1.918121811286278,1.5532973780141945
2019-05-09,1.9184147227447312,1.5535345780698577
2019-05-10,1.9184284582857438,1.553545701127692
2019-05-13,1.9205669200924542,1.5552774301022556
2019-05-14,1.9223933216690698,1.5567564523225679
2019-05-15,1.9216797813743571,1.5561786265232036
2019-05-16,1.922054865191068,1.5564823698546253
2019-05-17,1.923585262057592,1.5577216871003317
2019-05-20,1.9251592038502285,1.5589962670802182
2019-05-21,1.9265972503950173,1.5601607989229507
2019-05-22,1.9286571465578806,1.5618289053434764
2019-05-23,1.9289207336761276,1.5620423585127394
2019-05-24,1.9291437920578103,1.5622229914617904
2019-05-27,1.9295553899653997,1.5625563039484598
2019-05-28,1.929819085725528,1.5627698450960503
2019-05-29,1.9297015590737319,1.562674671870342
2019-05-30,1.9281168499566608,1.5613913724980193
2019-05-31,1.929709688892217,1.5626812554072487
2019-06-03,1.9285831220476188,1.5617689602049443
2019-06-05,1.9292605472034143,1.561494098848119
2019-06-06,1.929251345400075,1.5614866511440575
2019-06-07,1.9296705509087229,1.561825945351316
2019-06-10,1.9303594481077944,1.5623835211088373
2019-06-11,1.9299462359166073,1.562049077739306
2019-06-12,1.9301590535707243,1.5622213269005278
2019-06-13,1.930631159137986,1.5626034370610147
2019-06-14,1.9309284097782164,1.5628440241197568
2019-06-17,1.9328124767288548,1.5643689396784777
2019-06-18,1.9332223725209936,1.5647006988395173
2019-06-19,1.9322870942002395,1.5639437085093335
2019-06-20,1.9337655757126988,1.5651403535971666
2019-06-21,1.934725221951282,1.5659170666962354
2019-06-24,1.934587041236239,1.5658052267628333
2019-06-25,1.9352918523094635,1.5663756828027073
2019-06-26,1.9354848264356723,1.5665318711204241
2019-06-27,1.9352335287859554,1.5663284772358315
2019-06-28,1.9365054268980888,1.5673579190078675
2019-07-01,1.9361200336348108,1.5670459915664356
2019-07-02,1.9361443961870608,1.5670657099925582
2019-07-04,1.9366206392372534,1.5680803509972292
2019-07-05,1.9370991135775364,1.5684677713294577
2019-07-08,1.9361913949643077,1.5677327922154278
2019-07-09,1.9358360382549786,1.5674450601412135
2019-07-10,1.9358607565954697,1.5674650745638878
2019-07-11,1.9356452176833183,1.5672905528603738
2019-07-12,1.9373902800015836,1.5687035285754396
2019-07-15,1.935728815083796,1.5673582416159448
2019-07-16,1.9353862555936767,1.5670808714410018
2019-07-17,1.9362702614314886,1.5677966503376812
2019-07-18,1.9350256234384497,1.5667888678420048
2019-07-19,1.9362470771314226,1.5677778780264455
2019-07-22,1.9355024363469355,1.5671749429140915
2019-07-23,1.9361401924428396,1.5676913335702967
2019-07-24,1.936565295019032,1.5680355388231892
2019-07-25,1.936889175442403,1.5682977845711024
2019-07-26,1.9374309212128766,1.568736435735251
2019-07-29,1.9367035434225375,1.568147478456952
2019-07-30,1.9373889782667981,1.5687024745617117
2019-07-31,1.9377850299816306,1.5690231573528712
2019-08-02,1.9386977930290872,1.5691474213209298
2019-08-05,1.9381233997343392,1.5686825176311858
2019-08-06,1.9364370770909962,1.567317638155472
2019-08-07,1.9369244629774471,1.5677121196005237
2019-08-08,1.9360262354822828,1.5669851102838244
2019-08-09,1.9374461970848456,1.5681344018830865
2019-08-12,1.9377219000367294,1.5683575509357932
2019-08-13,1.9379469013933135,1.5685396630214143
2019-08-14,1.9369874993140728,1.5677631400872758
2019-08-15,1.9377731635297812,1.568399042692899
2019-08-16,1.9392787182003068,1.5696176117950085
2019-08-19,1.938654110026616,1.5691120650777186
2019-08-20,1.9396031017312743,1.5698801620403158
2019-08-21,1.9399203095964157,1.5701369044296656
2019-08-22,1.9393714032694638,1.5696926294371523
2019-08-23,1.9388242792588906,1.5692497970197323
2019-08-26,1.9368494743519904,1.567651425144334
2019-08-27,1.9360250946272572,1.5669841868961112
2019-08-28,1.9374516775856,1.5681388377026646
2019-08-29,1.9374587760198319,1.568144583048747
2019-09-02,1.9387195594950644,1.569060695273823
2019-09-03,1.9396897515668874,1.5698458992190294
2019-09-04,1.9392635798858973,1.5695009863971592
2019-09-05,1.9407117719825868,1.570673049312083
2019-09-06,1.9402420106999076,1.5702928581899565
2019-09-09,1.9401424346148126,1.5702122684416626
2019-09-10,1.940993247123499,1.5709008551224382
2019-09-11,1.9397701722473004,1.5699109859553266
2019-09-12,1.9392374866045319,1.5694798683648987
2019-09-13,1.9381206230432824,1.568575959025687
2019-09-16,1.9388155220953334,1.5691383605264178
2019-09-17,1.9382724826087931,1.5686988632767311
2019-09-18,1.9378504963244403,1.5683573378150006
2019-09-19,1.9375618380098012,1.5681237184585313
2019-09-20,1.9386653765763584,1.5690168435018226
2019-09-23,1.9385443979967403,1.568918932108027
2019-09-24,1.9379933513323369,1.5684729544223208
2019-09-25,1.9388428550098928,1.5691604818289617
2019-09-26,1.9375209925261212,1.5680906610507657
2019-09-27,1.9378212978959781,1.5683337066991754
2019-10-01,1.938452004844593,1.568769218607892
2019-10-02,1.938271815089795,1.5686233928974131
2019-10-03,1.9399448626597067,1.569977373043625
2019-10-04,1.9399676543323439,1.5699958181092672
2019-10-07,1.9406910778994821,1.5705812773423593
2019-10-08,1.9405681790695448,1.5704818165865981
2019-10-09,1.93878022090775,1.5690348404833092
2019-10-10,1.9385310711933135,1.5688332061885955
2019-10-11,1.941210795033583,1.5710018790597722
2019-10-14,1.9389065002995758,1.5691370370929467
2019-10-15,1.9391615879986195,1.5693434769373718
2019-10-16,1.9398384652926648,1.5698912667516252
2019-10-17,1.9392476305480175,1.5694131102853468
2019-10-18,1.9393227885242088,1.569473934860465
2019-10-21,1.9405404228806584,1.570459353789148
2019-10-22,1.940081108067061,1.5700876350468622
2019-10-23,1.9400507842177563,1.5700630942683131
2019-10-24,1.9393523842772395,1.5694978863982074
2019-10-25,1.9396713176083777,1.5697559958543235
2019-10-28,1.9406782617436409,1.570570905359594
2019-10-30,1.9406134098701804,1.5707146638011547
2019-10-31,1.939697097207526,1.5699730087509847
2019-11-01,1.9391565257209091,1.5695354751564297
2019-11-04,1.9383412013964707,1.5688755591393417
2019-11-05,1.9387343396855803,1.5691937616584346
2019-11-06,1.937871757021543,1.5684955951754798
2019-11-07,1.938601804997251,1.5690864892994154
2019-11-08,1.9391309828918573,1.56951480102528
2019-11-11,1.9400185980499793,1.570233228578951
2019-11-12,1.9392528598532366,1.5696134471180279
2019-11-13,1.9382287114032526,1.568784510772377
2019-11-14,1.9376904049105141,1.568348810443057
2019-11-15,1.9360324085196845,1.5670068433978124
2019-11-18,1.9368842002984545,1.5676962758373774
2019-11-19,1.9364316638759582,1.5673299970148649
2019-11-20,1.9364623404393637,1.5673548263434323
2019-11-21,1.935524453397116,1.5665957091886424
2019-11-22,1.935263164836699,1.566384224628532
2019-11-25,1.935232488760502,1.5663593956943067
2019-11-26,1.9344758572506597,1.5657469851020895
2019-11-28,1.9351915867907263,1.565319417046058
2019-11-29,1.9354415240055736,1.5655215838899579
2019-12-02,1.9362284876287237,1.5661581355617582
2019-12-03,1.9382276255525424,1.5677751792854218
2019-12-04,1.9376440538182127,1.567303145315648
2019-12-05,1.9372956046899834,1.567021295089555
2019-12-06,1.936881018653667,1.5666859486685019
2019-12-09,1.9384070867647323,1.5679203401686979
2019-12-10,1.938668863220667,1.5681320834256431
2019-12-11,1.940144286700291,1.569325509976681
2019-12-12,1.9390531416859105,1.5684429149460488
2019-12-13,1.9393422340430473,1.5686767532300898
2019-12-16,1.9385639249775224,1.56804720197478
2019-12-17,1.9374315252279086,1.5671312372051789
2019-12-18,1.9377406325134416,1.5673812649746761
2019-12-19,1.9378200723779522,1.5674455215388605
2019-12-20,1.9375453112833565,1.5672232753905435
2019-12-23,1.9378269684980296,1.5674510996070645
2019-12-24,1.9381797456496666,1.567165748570445
2019-12-25,1.9379729694367762,1.5673329428666336
2019-12-27,1.936156210154027,1.5695846125702586
2019-12-30,1.9367519322855746,1.569101678245982
2019-12-31,1.9371360694410662,1.5687904611792474
2020-01-01,1.9377215433242212,1.5683163149085477
2020-01-02,1.9369286719988086,1.5676745957515554
2020-01-03,1.9384084060029885,1.5664769567055967
2020-01-06,1.9382027731254947,1.5666431338451186
2020-01-07,1.938310546576979,1.5665560209072362
2020-01-08,1.9376819666807878,1.566047998277561
2020-01-09,1.938876284981207,1.567013254607464
2020-01-10,1.9377781140575077,1.566125705253959
2020-01-13,1.9376887578130566,1.5660534869177396
2020-01-14,1.9370529030076384,1.5655395846559943
2020-01-15,1.9377057922912688,1.5660672543011207
2020-01-16,1.9368586598803492,1.5667519125882952
2020-01-17,1.9360948722080564,1.5673697510610571
2020-01-20,1.9366375343664086,1.5669304377483388
2020-01-21,1.9368393933929728,1.5667671139217347
2020-01-22,1.9385974930663326,1.5653449346947872
2020-01-23,1.9383730944461959,1.565526128183709
2020-01-27,1.9393158414595277,1.5656947366437288
2020-01-28,1.9394032239743577,1.565765284380523
2020-01-29,1.9386143674297969,1.5651284058930786
2020-01-30,1.9378843365618426,1.5645390199544358
2020-01-31,1.9390123515992304,1.5654497159685332
2020-02-03,1.9401438199970213,1.5663632000319476
2020-02-04,1.9385621896088483,1.5676401196141727
2020-02-05,1.9388009710875147,1.5674470262856304
2020-02-06,1.9394773084308419,1.5669002332040436
2020-02-07,1.9412683855036001,1.5654532252546378
2020-02-10,1.942447291138519,1.5645025470062122
2020-02-11,1.943079716076926,1.5639931738914605
2020-02-12,1.9424215804319014,1.5645229100869427
2020-02-13,1.9417349472459569,1.5650759585914784
2020-02-14,1.9426795445241751,1.564314594898258
2020-02-17,1.942955826943443,1.5640921224776299
2020-02-18,1.9428301263785432,1.564193312252829
2020-02-19,1.9432567896025832,1.563849801128225
2020-02-20,1.9434020894622122,1.5637328700268902
2020-02-21,1.9443514565257227,1.5629689743354211
2020-02-25,1.944867741765516,1.561964418488294
2020-02-26,1.9455128744374883,1.561446298794504
2020-02-27,1.9450509039920174,1.5618170709706796
2020-02-28,1.9444033347100957,1.5623370495260305
2020-03-02,1.9445523949983865,1.5622172788967312
2020-03-03,1.9435500708253557,1.563022527521655
2020-03-04,1.9437837761992587,1.56283457930787
2020-03-05,1.9421044856441605,1.5641847569255387
2020-03-06,1.9421027786318463,1.56418613176539
2020-03-09,1.9415100632601754,1.5646635097778478
2020-03-10,1.942473790195871,1.5638868419674625
2020-03-11,1.9414701072646157,1.564694907712092
2020-03-12,1.9402308129780224,1.5656936959252783
2020-03-13,1.9411921067032476,1.5649179678441394
2020-03-16,1.9409630890609006,1.565102593478163
2020-03-17,1.941595735869021,1.5645924564406661
2020-03-18,1.942061516375314,1.5642171174073956
2020-03-19,1.9425971872561834,1.5637856658009004
2020-03-20,1.9423128033265231,1.56401459412207
2020-03-23,1.9412944372975247,1.5648346161745343
2020-03-25,1.942664714955053,1.5639509305676933
2020-03-26,1.9444145773855934,1.5625421959798143
2020-03-27,1.9438711164023146,1.5629789242002863
2020-03-30,1.9446987135219365,1.5623134907542193
2020-03-31,1.943118489430841,1.5635829961016374
2020-04-01,1.9423226229843649,1.5642234116242353
2020-04-02,1.941917107853475,1.5645499877831082
2020-04-03,1.9415580170171711,1.564839297538545
2020-04-06,1.940893131696977,1.5653751757704992
2020-04-07,1.9419170780837125,1.564549339340384
2020-04-08,1.9425194973626945,1.5640639866466084
2020-04-09,1.943680613170292,1.5631290877066208
2020-04-10,1.9447033370167621,1.5623066020666054
2020-04-13,1.9447222745409911,1.5622913883223972
2020-04-14,1.9454174995576186,1.5617328797524883
2020-04-15,1.9466221781557762,1.560765793676258
2020-04-16,1.9452669967068086,1.5618523531912518
2020-04-17,1.9465204135838114,1.560845986403458
2020-04-20,1.9454759577885261,1.5616834986250974
2020-04-21,1.9444322935967526,1.562521274666417
2020-04-23,1.9438583157085358,1.562917185025361
2020-04-24,1.9441190415156013,1.562707554086136
2020-04-27,1.9443221248903684,1.5625443130926162
2020-04-28,1.944099095844792,1.5627235492193665
2020-04-29,1.9437080922362548,1.5630378493227903
2020-04-30,1.9436667897372082,1.5630710628333682
2020-05-01,1.9439325948651802,1.5628573058735435
2020-05-04,1.9443415892747113,1.5625284879388652
2020-05-05,1.946627431382084,1.560691519871422
2020-05-06,1.9479334412615492,1.559644437871605
2020-05-07,1.9479271757605414,1.5596494544463966
2020-05-08,1.9462277866384936,1.5610101066053044
2020-05-11,1.9470436419460047,1.5603557338801302
2020-05-12,1.9465922396934807,1.5607174864766507
2020-05-13,1.9462054747892026,1.5610275826215718
2020-05-14,1.9468972471621413,1.5604727204710735
2020-05-15,1.9476129351423879,1.559899083844296
2020-05-18,1.947759299815998,1.559781856177468
2020-05-19,1.9473443501837366,1.5601141512961152
2020-05-20,1.9482408875462331,1.5593958907448857
2020-05-22,1.948400873124916,1.5595868675991136
2020-05-25,1.948075015460269,1.5598476985921088
2020-05-26,1.948540915757171,1.5594746464764928
2020-05-27,1.9495792998753045,1.558643597103889
2020-05-28,1.9490785170152438,1.5590439614278349
2020-05-29,1.9516955674021252,1.5569506149737022
2020-06-01,1.9503126611956056,1.5580538181087884
2020-06-02,1.9500111020833966,1.5582947258029807
2020-06-03,1.9507111349396502,1.5577353148813589
2020-06-04,1.9522250681409303,1.5565263674520007
2020-06-05,1.9524035382180562,1.5563840716760775
2020-06-08,1.9529302771424173,1.5559641748382773
2020-06-09,1.953454113210406,1.5555468173090206
2020-06-10,1.9536317431574866,1.5554053695540049
2020-06-11,1.9552665229644797,1.5541038216554608
2020-06-12,1.9565777700835816,1.5530616035562927
2020-06-15,1.9573924627355161,1.5524149296055991
2020-06-16,1.9574595898358544,1.5523616908633797
2020-06-17,1.9584295718956743,1.5515924474019525
2020-06-18,1.9576783493601324,1.5521876136663881
2020-06-22,1.9591642425268603,1.5505791866746073
2020-06-23,1.9590984811468715,1.5506312334733818
2020-06-24,1.96103202780897,1.549100826567103
2020-06-25,1.9605506753772484,1.549481066889176
2020-06-26,1.9622980944453787,1.5481000300223435
2020-06-29,1.9616737517171632,1.5485925877020514
2020-06-30,1.9625689436329075,1.547885901606018
2020-07-01,1.9644140829672487,1.5464306329025204
2020-07-02,1.9649604368733058,1.5460005309071934
2020-07-03,1.965897759033118,1.5452630603049828
2020-07-06,1.966260293484413,1.5449780957929173
2020-07-07,1.9679203443715332,1.543673720036055
2020-07-08,1.9692137724803689,1.542659130707744
2020-07-09,1.9694117528575443,1.542504035186466
2020-07-10,1.970126747720814,1.5419440291541415
2020-07-13,1.9717284932406747,1.5406904032422906
2020-07-14,1.971393853531939,1.5409518876147894
2020-07-15,1.9717192396465457,1.5406975475971372
2020-07-16,1.9719281870080336,1.5405342765385868
2020-07-17,1.972045374149345,1.5404427261417977
2020-07-21,1.972364237365489,1.5383701775075356
2020-07-22,1.9743952245789222,1.5367860836059861
2020-07-23,1.9758228624305114,1.5356748704327374
2020-07-24,1.975804938682133,1.535688801362727
2020-07-27,1.97674797731217,1.5349558272542778
2020-07-28,1.9779282771896811,1.5340393178177247
2020-07-29,1.9792230965917121,1.5330350832885482
2020-07-30,1.9812929559775085,1.5314318445928377
2020-07-31,1.9826211648394214,1.5304052112818638
2020-08-03,1.9840575189284788,1.5292964751187867
2020-08-04,1.9847506127193957,1.5287622436858452
2020-08-05,1.9842632463007506,1.5291376396549359
2020-08-06,1.9840845142003691,1.5292753764106901
2020-08-07,1.985379834378475,1.5282769808087047
2020-08-10,1.9861740124566647,1.5276656498912937
2020-08-11,1.9852507112447297,1.5283758069757838
2020-08-12,1.9862481539597396,1.527607910354047
2020-08-13,1.987443862211087,1.5266883004958365
2020-08-14,1.9876323601016583,1.526543502683091
2020-08-17,1.9896279213739427,1.525010869608906
2020-08-19,1.9916146863445732,1.5228991180917626
2020-08-20,1.9918679401101111,1.5227054662077733
2020-08-21,1.9937067952748522,1.5212997330491982
2020-08-24,1.9952372560831333,1.5201319135761453
2020-08-25,1.9968954137313253,1.5188685959676391
2020-08-26,1.9958117915764781,1.5196928152279843
2020-08-27,1.996091060002141,1.5194801688142334
2020-08-28,1.9962797758243316,1.5193365130687084
2020-08-31,1.996351554089324,1.5192818837826891
2020-09-01,1.9971789918183696,1.5186521794858072
2020-09-02,1.9968916328860211,1.518870686825757
2020-09-03,1.9980308383102396,1.5180041872638266
2020-09-04,1.9972194476902805,1.518620641392055
2020-09-07,1.9989150045856625,1.5173313951337335
2020-09-08,1.9992680475102251,1.5170634081947993
2020-09-09,2.0001036248958806,1.516429364211517
2020-09-10,2.000974963627126,1.5157687366211319
2020-09-11,2.002517039739496,1.5146005906907183
2020-09-14,2.0006909428877235,1.5159817561517186
2020-09-15,2.0012719462212973,1.5155415130161696
2020-09-17,2.001564304933161,1.515108629959235
2020-09-18,2.004383757980401,1.5129744104224907
2020-09-21,2.004951208984657,1.512546079846976
2020-09-22,2.0061079862680384,1.5116734007825707
2020-09-23,2.007081284371195,1.510939986198887
2020-09-24,2.0081410814371194,1.5101421661122614
2020-09-25,2.0081419969996297,1.5101414776001019
2020-09-28,2.0088599423233338,1.509601576032586
2020-09-29,2.0110221982947025,1.50797670166808
2020-09-30,2.012309847482353,1.5070111504292398
2020-10-01,2.0108826708683627,1.508079957538446
2020-10-02,2.010689091165679,1.5082251344172528
2020-10-05,2.0120147264927635,1.5072307705804144
2020-10-06,2.0135485533150823,1.5060817576269305
2020-10-07,2.0141794620735474,1.5056098543443963
2020-10-08,2.0129732757142658,1.5065114850594867
2020-10-09,2.0139428620961373,1.505785845510433
2020-10-12,2.0134192516756917,1.5061773388216424
2020-10-13,2.012788309090569,1.5066493276650084
2020-10-14,2.010751530363587,1.5081739347415453
2020-10-16,2.0119697963749155,1.5058749930308213
2020-10-19,2.012822266528233,1.505236954881094
2020-10-20,2.015546239839057,1.5031999020524631
2020-10-21,2.016659485081301,1.5023696407039389
2020-10-22,2.0185281829827137,1.5009774993853384
2020-10-23,2.0179468725490257,1.501409761807275
2020-10-26,2.0191965001701813,1.5004800033807528
2020-10-27,2.018186866500284,1.5012302697031705
2020-10-28,2.0196603452857227,1.500134221071013
2020-10-29,2.020697348840905,1.4993639705067872
2020-10-30,2.0219352880158104,1.4984454156338383
2020-11-02,2.022995322545645,1.49765982971966
2020-11-03,2.024767789467545,1.4963476405717897
2020-11-04,2.0255803163314408,1.495747165464463
2020-11-05,2.027675262562129,1.4942001964990324
2020-11-06,2.02748243275558,1.494342293382175
2020-11-09,2.0270930011151393,1.494629321354053
2020-11-10,2.027941479535822,1.4940037157575703
2020-11-11,2.027177877999394,1.4945662682494907
2020-11-12,2.028579884405122,1.4935326187091065
2020-11-16,2.027604237655928,1.493980650229549
2020-11-17,2.027916792516629,1.4937503533573337
2020-11-18,2.029089545749793,1.4928865109339644
2020-11-19,2.0290340436626337,1.492927346153594
2020-11-20,2.0289918526514352,1.4929583895530758
2020-11-23,2.031254260092844,1.4912936809610604
2020-11-24,2.030930519837774,1.4915313625778543
2020-11-25,2.0316184160500073,1.4910261661840227
2020-11-26,2.0337010103847453,1.489497728253893
2020-11-27,2.0324826802009253,1.4903900423314278
2020-11-30,2.033899326070003,1.4893512364821329
2020-12-01,2.034155525153508,1.489163631118921
2020-12-02,2.035166055263598,1.4884238427057497
2020-12-03,2.0348862331224873,1.4886284913364933
2020-12-04,2.0359958737291457,1.4878167296786042
2020-12-07,2.037720992256126,1.4865560885160962
2020-12-08,2.038992432152043,1.4856285490120913
2020-12-09,2.0398807824361977,1.4849812888639649
2020-12-10,2.04057030169333,1.4844793363949926
2020-12-11,2.040362575612377,1.4846304534991421
2020-12-15,2.039561886130516,1.4838950172380796
2020-12-16,2.040161078922773,1.483459071065109
2020-12-17,2.0409422333880087,1.4828910714648182
2020-12-18,2.0410360783424806,1.4828228863673607
2020-12-21,2.0411094278702238,1.4827695975697763
2020-12-22,2.040399322301156,1.4832854557273554
2020-12-23,2.0412379657647692,1.4826757968049462
2020-12-24,2.0422648861377164,1.4819298818221018
2020-12-25,2.043131941054911,1.4813007202477668
2020-12-28,2.0450318180222062,1.4799232814913725
2020-12-29,2.0465324759792747,1.478837303939019
2020-12-30,2.0473566515983452,1.4782417494267965
2020-12-31,2.0477545516850144,1.4779544557988122
2021-01-01,2.0494193820005027,1.4767528745932426
2021-01-04,2.0508963872907575,1.4756885869089698
2021-01-05,2.0507052139283317,1.4758261425411319
2021-01-06,2.0508613193019567,1.4757137985582804
2021-01-07,2.0504355311745934,1.4760201778384878
2021-01-08,2.049778208240747,1.4764933562920222
2021-01-11,2.05157413497528,1.4751997168722721
2021-01-13,2.052685888795335,1.4735859729187961
2021-01-14,2.052492348929925,1.4737249116782167
2021-01-15,2.0542775088003866,1.4724431360975185
2021-01-18,2.0538825452902243,1.4727262338323945
2021-01-19,2.0551332227447645,1.471829441802301
2021-01-20,2.0558254688191915,1.4713336743542167
2021-01-21,2.0563164433623866,1.470982288796634
2021-01-22,2.057309324569915,1.4702720330011958
2021-01-25,2.0579113524922277,1.4698417890866367
2021-01-26,2.058792008037294,1.4692127900190328
2021-01-27,2.0596383938593354,1.468608784917896
2021-01-28,2.059548203210834,1.4686730946428952
2021-01-29,2.0623610518824598,1.4666672395932883
2021-02-01,2.06421762324185,1.4653469216071144
2021-02-02,2.0651503631315515,1.4646847881621496
2021-02-03,2.0654643866236566,1.464462070513971
2021-02-04,2.0669316275809937,1.4634217627051123
2021-02-05,2.0676532168944175,1.462910865541941
2021-02-08,2.068604118890947,1.4622380811255686
2021-02-09,2.068430435253123,1.4623608532050472
2021-02-11,2.0661768396291293,1.463460228167729
2021-02-12,2.0673248379760643,1.4626471080656553
2021-02-15,2.066979270207608,1.462891599733287
2021-02-16,2.069210407391053,1.4613125264012228
2021-02-17,2.070138648166701,1.4606569865546584
2021-02-18,2.0687977922852627,1.4616030731913772
2021-02-19,2.0686962068628234,1.4616748431662787
2021-02-22,2.068117260124743,1.4620839084895376
2021-02-23,2.069077651647893,1.4614049465085508
2021-02-24,2.070415688577617,1.4604598810654286
2021-02-25,2.071501137945275,1.4596942110296296
2021-02-26,2.0712595947702295,1.459864415702883
2021-03-01,2.072234726422963,1.4591771237747995
2021-03-02,2.07165090186442,1.459588227511872
2021-03-03,2.0732567801617443,1.4584568008533156
2021-03-04,2.0750653941505655,1.4571845101282332
2021-03-05,2.07560503533219,1.4568055549526004
2021-03-08,2.076983889219344,1.4558377783438137
2021-03-09,2.077082822301169,1.4557684323470557
2021-03-10,2.0791829203187997,1.454296533217143
2021-03-12,2.0795890600615805,1.4539981899548424
2021-03-15,2.0795502771570757,1.454025306020239
2021-03-16,2.0794915326405112,1.4540663802922167
2021-03-17,2.080322615157806,1.4534852530653546
2021-03-18,2.0822392870589956,1.452146107721721
2021-03-19,2.08216903460071,1.45219510153069
2021-03-22,2.083082466430552,1.4515580345073908
2021-03-23,2.0832834570487373,1.4514179778599037
2021-03-24,2.0842044675596387,1.4507763123156412
2021-03-25,2.0850936342398136,1.4501573797793301
2021-03-26,2.0843909046625373,1.4506461196928488
2021-03-29,2.085555065120703,1.4498359142522281
2021-03-30,2.0859169404658,1.4495843457942292
2021-03-31,2.087379634278368,1.448567863300485
2021-04-01,2.0870326946360844,1.4488086271788254
2021-04-02,2.087714329546858,1.4483354393165304
2021-04-05,2.0892692583324965,1.4472567196689328
2021-04-06,2.0901698260628763,1.4466328878224097
2021-04-07,2.0900295010985874,1.4467300084993
2021-04-08,2.091028177182364,1.446038719377108
2021-04-12,2.0911342083437408,1.4462208233765768
2021-04-13,2.0922408972606363,1.4454554413412066
2021-04-14,2.094224464738828,1.4440850645321246
2021-04-15,2.094530760098324,1.443873856726356
2021-04-16,2.093759694434185,1.4444053941835653
2021-04-19,2.0949052712363887,1.4436151042009313
2021-04-20,2.095076969210057,1.4434967858256085
2021-04-21,2.0941837100044336,1.4441122366234438
2021-04-22,2.095524751344848,1.4431874781124028
2021-04-23,2.0957477108932143,1.4430339259159315
2021-04-26,2.0978425961691123,1.4415914858224461
2021-04-27,2.0980492918209057,1.4414494490975145
2021-04-28,2.0954798374905073,1.4432147739368655
2021-04-29,2.0969233772815943,1.4422205682585336
2021-04-30,2.0983834842035223,1.4412163368891493
2021-05-03,2.098567209484826,1.4410901502893654
2021-05-04,2.0989398349535153,1.4408342676613284
2021-05-05,2.1027715276804675,1.4382039711219976
2021-05-06,2.104049408098086,1.4373299566762796
2021-05-07,2.1057566544842334,1.4361636930111807
2021-05-11,2.1045207205999064,1.4372483604496376
2021-05-12,2.106012170015431,1.4362297992132602
2021-05-13,2.106551623818275,1.4358619097784437
2021-05-14,2.106824858690885,1.4356756681779208
2021-05-17,2.1076241266202884,1.4351310146848382
2021-05-18,2.108803189663329,1.4343281628290618
2021-05-19,2.109880679030653,1.4335952953181073
2021-05-20,2.1094400827602326,1.4338946661530019
2021-05-21,2.1105914501365337,1.4331120226671057
2021-05-24,2.1096133530870413,1.4337761600305317
2021-05-25,2.108079771216216,1.4348184425524106
2021-05-26,2.110015600342902,1.4335008627480197
2021-05-27,2.1120888126996915,1.4320923652460886
2021-05-28,2.112312969733862,1.431940376572449
2021-05-31,2.1128144406603546,1.4316004286207906
2021-06-01,2.1134000727764475,1.43120361611692
2021-06-02,2.114631237451157,1.4303698661056572
2021-06-03,2.114300886477224,1.430593320706149
2021-06-04,2.114859241941152,1.4302155222563708
2021-06-07,2.1170314844077995,1.4287465001898938
2021-06-09,2.11761291435621,1.427069504975663
2021-06-10,2.118693268900373,1.4263414488639514
2021-06-11,2.118287004495675,1.4266149531829222
2021-06-14,2.1203166725363025,1.4252480209539033
2021-06-15,2.1209491827446754,1.4248228561969627
2021-06-16,2.1219443769852147,1.4241542991604188
2021-06-17,2.121862454476382,1.4242092818896637
2021-06-18,2.124065191963377,1.4227307887065044
2021-06-21,2.1250005431248664,1.4221042764409022
2021-06-22,2.126179002713139,1.4213156213859577
2021-06-23,2.126385043176758,1.4211778867318172
2021-06-24,2.127440892728672,1.4204722054913894
2021-06-25,2.1277980352563013,1.4202337447963684
2021-06-28,2.1274585759482125,1.4204603224867058
2021-06-29,2.1291533259071245,1.4193287728056048
2021-06-30,2.1294413381820476,1.419136779066241
2021-07-01,2.129967640286373,1.41878603229536
2021-07-02,2.1309485343886543,1.4181326520161692
2021-07-05,2.1321508238324376,1.4173325360631612
2021-07-06,2.1328174125037953,1.4168894258471645
2021-07-08,2.1338004857622583,1.4162924727844308
2021-07-09,2.1332287741317506,1.4166719416636884
2021-07-12,2.134969645052499,1.4155158335999922
2021-07-13,2.1369722642430222,1.4141880680369427
2021-07-14,2.135534677329762,1.4151394225741616
2021-07-15,2.1369629498720353,1.4141929594695313
2021-07-16,2.136888950223269,1.4142419307361107
2021-07-19,2.137930536297989,1.4135525852737805
2021-07-20,2.13994734775821,1.412219113954108
2021-07-21,2.1402014295851566,1.4120514372994006
2021-07-22,2.139516381680574,1.4125034147931605
2021-07-23,2.1403176736535032,1.411974403817736
2021-07-26,2.1414847950655833,1.4112044500953094
2021-07-27,2.142268908445173,1.410687731838329
2021-07-28,2.14414231107967,1.4094540930066866
2021-07-29,2.144796238659854,1.4090242330577187
2021-07-30,2.1433807132158105,1.4099541627252632
2021-08-02,2.1440768670148613,1.409496220307093
2021-08-03,2.1438966047816526,1.4096147230251068
2021-08-04,2.144467169573075,1.4092395759547514
2021-08-06,2.1472569277484626,1.4088788503072924
2021-08-09,2.1486148238951546,1.407987894438311
2021-08-10,2.149866804091823,1.407167471465621
2021-08-11,2.152134314221644,1.40568330207902
2021-08-12,2.155408737290026,1.4035445871295158
2021-08-13,2.1566092322730106,1.4027628568682926
2021-08-16,2.157027010512454,1.4024911137133766
2021-08-17,2.1581204545422055,1.4017801603838194
2021-08-18,2.15827209168531,1.401681666373286
2021-08-19,2.158313272269506,1.4016549217982621
2021-08-20,2.158478471416334,1.401547637929788
2021-08-23,2.158474127199319,1.4015504587256296
2021-08-24,2.157273519607117,1.4023300428310848
2021-08-25,2.1578319353706985,1.4019670461157663
2021-08-26,2.156742807234198,1.4026746645967716
2021-08-27,2.157331294951992,1.402291931519185
2021-08-30,2.15796678292587,1.4018788565035711
2021-08-31,2.159082720692988,1.4011539104231798
2021-09-01,2.1593534408798027,1.4009782244039504
2021-09-02,2.1634684560850053,1.3983084221444229
2021-09-06,2.1626881991134685,1.3976781856956535
2021-09-07,2.162888799494226,1.397548543902471
2021-09-08,2.163016106073703,1.3974662848770332
2021-09-09,2.162837568586487,1.3975816331253752
2021-09-10,2.162974144680641,1.3974933804320218
2021-09-13,2.163921794131764,1.3968811059680983
2021-09-14,2.1647051964671222,1.3963753945678063
2021-09-15,2.1666376037693977,1.3951288663968646
2021-09-16,2.168582252124864,1.3938766795747668
2021-09-17,2.170086379518711,1.392909887517265
2021-09-20,2.1695895371288305,1.3932287949505977
2021-09-21,2.170316978363705,1.3927616595511512
2021-09-22,2.1710486516146204,1.3922921214784394
2021-09-23,2.1713994462141932,1.392067157124518
2021-09-24,2.171634497082387,1.3919164678561586
2021-09-27,2.174502355711204,1.3900783041788471
2021-09-28,2.1751606800118757,1.3896574619916342
2021-09-29,2.1765876867737437,1.388745781942815
2021-09-30,2.1760873734788158,1.3890650008661798
2021-10-01,2.1750080130428886,1.3897539905745615
2021-10-05,2.1755693693569773,1.3895574267591797
2021-10-06,2.1752852376632346,1.38973890444993
2021-10-07,2.176105200255192,1.3892150495115032
2021-10-08,2.1744292067777566,1.3902849956526473
2021-10-11,2.174599256177061,1.3901762695889819
2021-10-12,2.176212164940597,1.3891451704190036
2021-10-13,2.1777783776404203,1.3881454072328312
2021-10-14,2.1786032060785283,1.3876196504249434
2021-10-15,2.1786908085953476,1.3875638536770885
2021-10-18,2.1786664910674056,1.3875793410159298
2021-10-19,2.1798439929971054,1.3868293972506234
2021-10-20,2.1807294677597544,1.3862660530685118
2021-10-21,2.182186007105199,1.3853401468158566
2021-10-22,2.1820507676766043,1.3854260022879632
2021-10-25,2.1818853922471186,1.3855310023289993
2021-10-26,2.1831938915053968,1.3847000850428253
2021-10-27,2.183395466609569,1.384572235168851
2021-10-28,2.1841464219612985,1.3840960264628437
2021-10-29,2.1857581567686335,1.3830746683157367
2021-11-01,2.1867131195064173,1.3824703998298913
2021-11-03,2.185475516465849,1.3828648905772036
2021-11-04,2.1854267856978873,1.3828957250878613
2021-11-05,2.1863746895248126,1.382295909912799
2021-11-08,2.186888758846238,1.3819708988687989
2021-11-09,2.1898956620256858,1.380070732400384
2021-11-10,2.191338126881808,1.379161692045188
2021-11-11,2.1931539448472606,1.3780188713426418
2021-11-12,2.19370939673013,1.3776698656659014
2021-11-15,2.194682349604807,1.3770588422285432
2021-11-16,2.1957108353337267,1.376413516326428
2021-11-17,2.197013479094428,1.3755969349941621
2021-11-18,2.1960819572199335,1.3761801806809217
2021-11-19,2.1952034903667306,1.376730674103441
2021-11-22,2.1957395933586787,1.3763944549616927
2021-11-23,2.194796175707205,1.3769858342072685
2021-11-24,2.19571742403158,1.3764078553013035
2021-11-25,2.1968598493739426,1.3756917143270082
2021-11-26,2.194723452169286,1.3770295438357019
2021-11-29,2.1965118726556034,1.3759074398895188
2021-11-30,2.1986495759200926,1.3745683704938545
2021-12-02,2.199779209892997,1.3734059008799724
2021-12-03,2.2002262091644207,1.3731268222186679
2021-12-06,2.2014261690109747,1.3723779460149277
2021-12-07,2.20284869333666,1.3714911386171955
2021-12-08,2.2014008208900906,1.372392582386949
2021-12-09,2.2019486805630044,1.3720510368836671
2021-12-10,2.202004498925477,1.372016256035783
2021-12-13,2.202195795003264,1.3718970640320576
2021-12-14,2.202202554128751,1.3718928533145398
2021-12-15,2.2049312283423257,1.3701929875843835
2021-12-16,2.2065899361259076,1.3691622299152548
2021-12-17,2.2066219266606115,1.369142380177379
2021-12-20,2.2052941424974115,1.3699662302205609
2021-12-21,2.2051557136937188,1.3700522245478908
2021-12-22,2.20710348668821,1.368842082920501
2021-12-23,2.207855563476118,1.3683756460891132
2021-12-24,2.2104089115053958,1.366793142542662
2021-12-27,2.2121082802588172,1.3657423480282451
2021-12-28,2.213073987448381,1.3651461262174265
2021-12-29,2.2144991056914067,1.3642670346642733
2021-12-31,2.2152845246097983,1.3639982132811894
2022-01-03,2.21753456095528,1.362612817626157
2022-01-04,2.218577953895403,1.3619716819166778
2022-01-05,2.219564277565091,1.3613661837393611
2022-01-06,2.220468456145301,1.3608116072598238
2022-01-07,2.2201154415379665,1.3610279518666852
2022-01-10,2.2206162855342173,1.3607209125723907
2022-01-11,2.221211004473803,1.3603564882891552
2022-01-12,2.2207897106505974,1.3606145051028302
2022-01-13,2.2218565247572544,1.3599608985317964
2022-01-14,2.2222567149129633,1.359715948888254
2022-01-17,2.224711531478913,1.3582139382456861
2022-01-18,2.224748699919318,1.3581912464525676
2022-01-19,2.2266632956189567,1.3570224011264238
2022-01-20,2.228821148676117,1.3557073145829543
2022-01-21,2.2296954419521877,1.3551755151650586
2022-01-24,2.2291231013615636,1.3555233752091507
2022-01-25,2.2271055903230823,1.3567502178948387
2022-01-26,2.225907989509085,1.3574797949622224
2022-01-27,2.2261686968596415,1.3573208014357847
2022-01-31,2.227785812018849,1.3552144405566955
2022-02-01,2.2291502248609367,1.3543844361745405
2022-02-02,2.2280432978324187,1.3550569815789217
2022-02-03,2.2277556634028475,1.3552319158103667
2022-02-04,2.2300904296154034,1.3538115851434127
2022-02-07,2.2312423298796227,1.3531123059115393
2022-02-08,2.2324578097482366,1.3523751915489333
2022-02-09,2.233782707955364,1.35157259655304
2022-02-10,2.2367156398706727,1.3497979967272962
2022-02-11,2.2373067979699637,1.3494412486436558
2022-02-14,2.2380192053958994,1.3490115570308339
2022-02-15,2.2389570708370834,1.3484462395768786
2022-02-16,2.241481852775309,1.3469256509266108
2022-02-17,2.240896649105479,1.3472773048259874
2022-02-18,2.2420975117203987,1.346555319299372
2022-02-21,2.2429267914694657,1.346057271800788
2022-02-22,2.2437892266463733,1.3455396948804228
2022-02-23,2.2436893874008748,1.345599565774859
2022-02-24,2.2437705935521546,1.3455508643090883
2022-02-25,2.2451791522645976,1.3447061757306726
2022-03-01,2.2461533394799793,1.342340018144342
2022-03-02,2.2461596100443617,1.3423362707467983
2022-03-03,2.2464790685172047,1.3421453579135443
2022-03-04,2.2467398193563892,1.3419895738987775
2022-03-07,2.245470871516239,1.3427475231533517
2022-03-08,2.245437241344168,1.3427676333363978
2022-03-09,2.2465768162871473,1.3420861694677937
2022-03-10,2.2457016088375448,1.3426090110661806
2022-03-11,2.2478014595860105,1.3413536000508928
2022-03-14,2.24852460689047,1.3409220689492167
2022-03-15,2.248384018035077,1.3410059100147167
2022-03-16,2.248574985413502,1.340892011151785
2022-03-17,2.2514615765566246,1.3391706511667352
2022-03-18,2.2524976166685184,1.3385544139074694
2022-03-21,2.25326123428179,1.3381006315286477
2022-03-22,2.254101562860765,1.3376016018621757
2022-03-23,2.254420447471619,1.3374123732252254
2022-03-24,2.254666562446036,1.3372663679792252
2022-03-25,2.253014930523959,1.338245968181961
2022-03-28,2.2562234375251733,1.3363401789658818
2022-03-30,2.2572515758177394,1.3358295486388154
2022-03-31,2.2579690257563096,1.335404965558277
2022-04-01,2.2573932700354833,1.335745478222432
2022-04-04,2.2579093827352663,1.3354400838482487
2022-04-05,2.255619601928195,1.336794374280084
2022-04-06,2.2581034249685366,1.335322334994649
2022-04-07,2.257723927697348,1.3355467495084767
2022-04-08,2.257417089726553,1.3357282581727974
2022-04-11,2.2577751907360106,1.3355163674948232
2022-04-12,2.260325382875468,1.3340078810181906
2022-04-13,2.260454257217259,1.333931821443356
2022-04-14,2.260150954733925,1.3341108053058914
2022-04-15,2.2622733589319184,1.3328580029796402
2022-04-18,2.2635479744545504,1.332107040902774
2022-04-19,2.265079953905577,1.331205464865393
2022-04-20,2.266226502906137,1.330531628918609
2022-04-21,2.269255324085719,1.3287533678433792
2022-04-22,2.2718584174692125,1.3272291369366955
2022-04-25,2.2713749546866198,1.3275115779051763
2022-04-26,2.273504053653653,1.326267219934507
2022-04-28,2.2739417361093137,1.3253149519546847
2022-04-29,2.2733000264987115,1.3256889577298718
2022-05-02,2.274251336991297,1.3251341951377404
2022-05-03,2.2735141164977657,1.3255637501607256
2022-05-04,2.274507788799754,1.3249843933080472
2022-05-05,2.2754144175694044,1.3244562487238756
2022-05-06,2.272961651752761,1.3258839363518637
2022-05-09,2.273880110289623,1.325348173058501
2022-05-10,2.275252291631552,1.3245483868136585
2022-05-11,2.2751439276779206,1.3246114713781698
2022-05-12,2.275575778787852,1.3243600433576461
2022-05-13,2.2755928054878676,1.3243501340057444
2022-05-16,2.275845960319135,1.3242028028866162
2022-05-17,2.2752643956689957,1.3245411867461576
2022-05-18,2.2739405397284895,1.3253118671654782
2022-05-19,2.2731144392786544,1.3257933400582422
2022-05-20,2.273711910570961,1.3254448650996002
2022-05-23,2.2745487666863506,1.3249570255295064
2022-05-24,2.2741297815463657,1.3252010903360942
2022-05-25,2.2729047817290335,1.325914933102133
2022-05-27,2.272847966483898,1.32611238946892
2022-05-30,2.272000216142699,1.3266070165831034
2022-05-31,2.2698197822805035,1.3278801585662035
2022-06-01,2.2702613588335656,1.3276218293596838
2022-06-02,2.2696205508881646,1.3279965662213367
2022-06-03,2.2694009910408264,1.3281250347105875
2022-06-06,2.2714636556665173,1.3269178983171486
2022-06-07,2.271970600886663,1.3266217568031078
2022-06-08,2.272001506667105,1.3266037106713797
2022-06-09,2.270756611615254,1.3273305950463838
2022-06-10,2.2705454712986826,1.3274540133821926
2022-06-13,2.2714663185522173,1.326915648307426
2022-06-14,2.2691537703467013,1.328266562638095
2022-06-15,2.2696592579364423,1.3279706716006274
2022-06-16,2.270063627667624,1.3277340761109675
2022-06-17,2.2698744350809115,1.3278447326763891
2022-06-20,2.270158171616532,1.3276787507795633
2022-06-21,2.2697622916595708,1.3279102771169298
2022-06-22,2.2711203285116115,1.3271157661237942
2022-06-23,2.2697579337384908,1.327911873472399
2022-06-27,2.268949153116336,1.3289685283827446
2022-06-28,2.2671325343359205,1.3300325580389076
2022-06-29,2.2676030423167717,1.3297565305354992
2022-06-30,2.2694262386974255,1.3286873807555861
2022-07-01,2.267907419160102,1.3295766083138456
2022-07-04,2.267322201518993,1.3299196962546571
2022-07-05,2.2667649420713807,1.3302465621561188
2022-07-06,2.26518626647151,1.331173004836836
2022-07-07,2.2630781075761486,1.332411898190972
2022-07-08,2.262850106613109,1.3325461362426487
2022-07-11,2.261764340182947,1.3331855218816473
2022-07-12,2.263526205608259,1.3321469992403627
2022-07-13,2.263381596704167,1.3322321055303508
2022-07-14,2.263112655379391,1.3323904050711315
2022-07-15,2.264040730855818,1.3318440076759184
2022-07-18,2.262043042446502,1.3330191673366483
2022-07-19,2.2602601411431245,1.3340698288697292
2022-07-20,2.25958128672228,1.334470508059066
2022-07-21,2.26137125618465,1.333413382355337
2022-07-22,2.2610802311764924,1.3335849847136034
2022-07-26,2.2608159223627964,1.333994732310908
2022-07-27,2.2610668129168205,1.3338466943065115
2022-07-28,2.2610068701748105,1.333882055680099
2022-07-29,2.259167034479428,1.3349674676051324
2022-08-01,2.2587441422952326,1.3352173594013514
2022-08-02,2.256864189171079,1.3363286610309728
2022-08-03,2.2563793462612525,1.3366157449767448
2022-08-04,2.2550547104432233,1.3374004220274684
2022-08-05,2.257026078666749,1.336231266936949
2022-08-08,2.2570670084186664,1.3362070352212512
2022-08-09,2.256024999735507,1.3368239151490537
2022-08-10,2.255334389983097,1.3372331409480434
2022-08-11,2.255300547868661,1.3372532066186529
2022-08-12,2.256867480953046,1.336324112581217
2022-08-15,2.255714777864441,1.33700664487208
2022-08-16,2.254001482539022,1.338022148807769
2022-08-17,2.2547678299700173,1.3375672290376195
2022-08-18,2.2537678828744894,1.3381604149292985
2022-08-19,2.2531416896777707,1.3385322131762758
2022-08-22,2.2529702139887555,1.3386340823727738
2022-08-24,2.254264330100668,1.3380932637229126
2022-08-25,2.2531014470629596,1.3387835314694578
2022-08-26,2.2528943128647865,1.3389066097505888
2022-08-29,2.2531970967275505,1.3387266637527382
2022-08-30,2.2533621830655886,1.3386285784663363
2022-08-31,2.2539730548989465,1.3382656849643249
2022-09-01,2.2542992995087245,1.3380719816876945
2022-09-02,2.2547792806322455,1.3377870819437863
2022-09-05,2.254766069154224,1.3377949204691717
2022-09-06,2.2546042107253106,1.3378909541052093
2022-09-07,2.252919911397399,1.3388904239119712
2022-09-08,2.252357499806956,1.3392246601575348
2022-09-09,2.252429184479581,1.3391820373139842
2022-09-12,2.252442680272342,1.3391740133888066
2022-09-13,2.2506472959485535,1.340241446558814
2022-09-14,2.2504052649192694,1.3403855739915678
2022-09-15,2.2510271663080936,1.340755990672963
2022-09-16,2.2503657765771043,1.340362053959419
2022-09-19,2.2505962058443667,1.3404993021566567
2022-09-20,2.251615200627018,1.3411062354623728
2022-09-22,2.2524365270155604,1.3413425347989216
2022-09-23,2.2529638238069682,1.3416565439202865
2022-09-26,2.2537572708074918,1.3421290474506395
2022-09-27,2.253189198643283,1.341790756294574
2022-09-28,2.2526814924541365,1.3414884135210863
2022-09-29,2.2513454805480846,1.3406928085950023
2022-09-30,2.2523718543386546,1.3413040217436891
2022-10-03,2.2527403517024136,1.3415234646367709
2022-10-04,2.2542900602247933,1.3424463274711622
2022-10-05,2.2545896994473424,1.342624764834204
2022-10-06,2.2554482616551144,1.3431360449498666
2022-10-07,2.2558003386495917,1.3433457093921504
2022-10-10,2.2529402951522957,1.3416425324332055
2022-10-11,2.252981071752701,1.3416668151989535
2022-10-12,2.254626768455549,1.3426468397015012
2022-10-13,2.2547419816253895,1.3427154499923672
2022-10-14,2.257690896484243,1.3444715505014109
2022-10-17,2.2580603101225387,1.344691539042725
2022-10-18,2.257801944241169,1.3445376802582196
2022-10-19,2.2565932381867353,1.3438178869040294
2022-10-21,2.257504138204529,1.3440436881144124
2022-10-24,2.2586097703964665,1.3447019451442892
2022-10-25,2.2594672981853483,1.345212488975649
2022-10-26,2.261005859312749,1.3461284976495935
2022-10-27,2.260809107114215,1.3460113578640724
2022-10-28,2.2610159953371887,1.3461345323050524
2022-10-31,2.261829835466196,1.346619065941122
2022-11-01,2.2626667886792275,1.3471173603469593
2022-11-02,2.2624361481586654,1.3469800445694868
2022-11-03,2.260864067924975,1.3460440797224937
2022-11-04,2.261947250588412,1.3466889710417298
2022-11-07,2.2638058991652805,1.3477955492516596
2022-11-08,2.2639039122919082,1.3478539030424532
2022-11-09,2.2639835461009628,1.347901314392275
2022-11-10,2.264047363091613,1.3479393089288192
2022-11-11,2.264580332041681,1.3482566211060936
2022-11-14,2.2656321998746587,1.348882868605586
2022-11-15,2.2657312199594353,1.3489418219061307
2022-11-16,2.265311769565841,1.3486920949424246
2022-11-17,2.26781733719522,1.3501838274714684
2022-11-21,2.2679971153987415,1.350562598925221
2022-11-22,2.2695481268081004,1.351486205920029
2022-11-23,2.2679669718261697,1.3505446488222703
2022-11-24,2.269281863302865,1.3513276494874884
2022-11-25,2.2689026162286856,1.351101812818358
2022-11-28,2.2690469019409383,1.351187733071609
2022-11-29,2.269515251770782,1.3514666292655706
2022-11-30,2.2709006428828684,1.3522916115409727
2022-12-01,2.271216236960888,1.3524795436839732
2022-12-02,2.2703316042946815,1.3519527565092213
2022-12-05,2.2709523486603875,1.352322401654766
2022-12-06,2.2724827156191716,1.3532337151494487
2022-12-07,2.271398948907026,1.3525883462565844
2022-12-08,2.2726420909901504,1.3533286210969793
2022-12-09,2.2740408083949406,1.3541615390052735
2022-12-12,2.27412237824217,1.3542101127817214
2022-12-13,2.2731569466311425,1.3536352108928167
2022-12-14,2.2722340134658956,1.3530856162721592
2022-12-15,2.2727012655896286,1.353363858796498
2022-12-16,2.272212497943631,1.353072804060243
2022-12-20,2.2740375222043983,1.3544596278569903
2022-12-21,2.274137138463522,1.3545189611793051
2022-12-22,2.2748527231019318,1.3549451768831258
2022-12-23,2.2764208973854623,1.3558792110561533
2022-12-26,2.276168353794141,1.3557287913311582
2022-12-27,2.2755321272621325,1.3553498428119002
2022-12-28,2.2751647021733588,1.3551309975007975
2022-12-29,2.2757844771520226,1.3555001471646704
2022-12-30,2.275612313408114,1.35539760319245
2023-01-02,2.2754915255804433,1.3553256596846939
2023-01-03,2.276259554236249,1.3557831120341686
2023-01-04,2.277607695445531,1.356586090359193
2023-01-05,2.2767950709376246,1.3561020758793
2023-01-06,2.2778475397048705,1.356728946122599
2023-01-09,2.2778397088333198,1.3567242819078433
2023-01-10,2.2792604779446095,1.3575705187807876
2023-01-11,2.2770257702654235,1.3562394847490424
2023-01-12,2.278548278507256,1.357146319366548
2023-01-13,2.279455430190864,1.3576866360147086
2023-01-16,2.2799164007383212,1.357961198764912
2023-01-18,2.279739171340982,1.3578241136277382
2023-01-19,2.279154454568592,1.3574758533779803
2023-01-20,2.279139880506561,1.357467172993352
2023-01-23,2.2812168808702036,1.3587042448536861
2023-01-24,2.281814110925907,1.3590599580779057
2023-01-25,2.282506815967747,1.3594725366839437
2023-01-26,2.280729154632796,1.3584137526542601
2023-01-27,2.282975238160887,1.3597515312975381
2023-01-30,2.2822228896202326,1.3593034287237018
2023-01-31,2.282930949758493,1.3597251529023775
2023-02-01,2.282333793803064,1.359369483812654
2023-02-02,2.2829594380001783,1.359742120642372
2023-02-03,2.2843620721346243,1.3605775365856916
2023-02-06,2.283639738488282,1.3601473110338311
2023-02-07,2.283278351676517,1.3599320672315882
2023-02-08,2.2821765294250875,1.3592758163583611
2023-02-09,2.28301773367881,1.3597768418416925
2023-02-10,2.2845828304446374,1.360709021345171
2023-02-13,2.2859913249171795,1.361547927735328
2023-02-14,2.2850164864106004,1.3609673090190442
2023-02-16,2.2858336148644884,1.3612050347217517
2023-02-17,2.286891227981347,1.3618348392228727
2023-02-20,2.287323124972459,1.362092032202694
2023-02-21,2.289129965026419,1.363167998433304
2023-02-22,2.289695350000731,1.363504682988376
2023-02-23,2.29069488545557,1.3640999024674587
2023-02-24,2.2915391784680117,1.3646026756753784
2023-02-27,2.2916896287608557,1.3646922682401053
2023-02-28,2.292939748898748,1.3654367099241547
2023-03-01,2.2909633470015853,1.3642597702748482
2023-03-02,2.289649731279463,1.363477517217139
2023-03-03,2.290694232393431,1.3640995135714928
2023-03-06,2.290565030168068,1.3640225741483791
2023-03-07,2.2896479956749625,1.3634764836714033
2023-03-08,2.289362844288909,1.3633066771291296
2023-03-09,2.290470906165018,1.3639665236703364
2023-03-10,2.290410856118941,1.3639307641012568
2023-03-13,2.2914819782902245,1.3645686131917907
2023-03-14,2.2937083767995246,1.3658944248521183
2023-03-15,2.2936620849746006,1.3658668582502698
2023-03-17,2.2914413547454027,1.3642942126570918
2023-03-20,2.2940766650185638,1.3658632419262824
2023-03-21,2.2936763000967875,1.365624869888264
2023-03-22,2.294789575755966,1.3662876996551112
2023-03-23,2.2949056780834685,1.366356825462394
2023-03-24,2.2983403147736055,1.368401763225793
2023-03-27,2.300454300879364,1.3696604029041557
2023-03-28,2.3012184270826634,1.370115353651528
2023-03-29,2.3014431228845686,1.3702491345931669
2023-03-30,2.301649989656582,1.3703723003635953
2023-03-31,2.3018301158546914,1.3704795451460636
2023-04-03,2.2996157323260182,1.369161130155204
2023-04-04,2.299288753092618,1.368966450996227
2023-04-05,2.299111397935328,1.36886085605522
2023-04-06,2.299599626649454,1.3691515410460253
2023-04-07,2.3015767636943645,1.3703287025834199
2023-04-10,2.3001131303969244,1.3694572744611095
2023-04-11,2.3018587876912937,1.3704966159825753
2023-04-12,2.3010072509996005,1.3699896221736625
2023-04-13,2.2995860205934924,1.3691434401782603
2023-04-17,2.301308145355666,1.370664499994827
2023-04-18,2.302063277653996,1.3711142585533278
2023-04-19,2.3007633042142785,1.3703399913399807
2023-04-20,2.3015907864095624,1.3708328416658888
2023-04-21,2.301834189658833,1.3709778132089792
2023-04-24,2.302484875396519,1.371365363152301
2023-04-25,2.302446141483346,1.3713422931432546
2023-04-26,2.302286162881017,1.3712470095145006
2023-04-27,2.302324407144934,1.371269787887308
2023-04-28,2.3036999461238072,1.3720890621120594
2023-05-01,2.3036086757942162,1.3720347012908345
2023-05-02,2.3040324037094395,1.3722870746256377
2023-05-03,2.304809967822171,1.3727501936251258
2023-05-04,2.304496719603024,1.372563622255039
2023-05-05,2.305937236714177,1.3734215976069608
2023-05-08,2.3075022970139583,1.3743537511725712
2023-05-09,2.308339798917117,1.374852569259864
2023-05-10,2.31017087710582,1.3759431637006976
2023-05-11,2.3107159688657335,1.376267821624523
2023-05-12,2.310370402193351,1.3760620013082945
2023-05-16,2.3110508409645125,1.377273208195397
2023-05-17,2.3124201220392187,1.3780892327091177
2023-05-18,2.313703822852032,1.378854255574685
2023-05-19,2.3160440763423664,1.380248932132851
2023-05-22,2.315927445343874,1.3801794257651758
2023-05-23,2.315523398319047,1.3799386335107253
2023-05-24,2.315233809965833,1.379766053023435
2023-05-25,2.3156469971370908,1.3800122923578781
2023-05-26,2.31688248804918,1.3807485844818017
2023-05-29,2.316307115757228,1.3804056907520763
2023-05-30,2.316701639031484,1.3806408073172383
2023-05-31,2.3169171474637595,1.3807692397968065
2023-06-01,2.3171037388717437,1.3808804391449734
2023-06-02,2.3176154263570963,1.3811853798464298
2023-06-05,2.3189761939540343,1.3819963307440142
2023-06-06,2.3179798176945043,1.3814025392517597
2023-06-07,2.3196343620418176,1.3823885667163802
2023-06-08,2.321706779135642,1.383623625889003
2023-06-09,2.3217775438283357,1.3836657981829246
2023-06-12,2.321557939312225,1.3835349246378357
2023-06-14,2.323019395266233,1.3840955408350804
2023-06-15,2.3241210112849937,1.3847519029052318
2023-06-16,2.325687592446277,1.385685299330637
2023-06-19,2.3263629967404538,1.386087717008998
2023-06-20,2.327055062492759,1.386500061875202
2023-06-21,2.326525307853782,1.3861844248060329
2023-06-22,2.3275180543186877,1.3867759204939534
2023-06-23,2.3274135721683264,1.3867136682033758
2023-06-26,2.3296945664930293,1.3880727244729554
2023-06-27,2.3307072611780915,1.3886761056589576
2023-06-28,2.331693368760345,1.389263645784607
2023-06-29,2.3301783107882548,1.3883609477754772
2023-06-30,2.3303451648092772,1.388460362316285
2023-07-03,2.3322316506421092,1.389584363534007
2023-07-04,2.334145986816148,1.3907249584715893
2023-07-05,2.3334658608947274,1.3903197275652257
2023-07-06,2.3325660849345806,1.389783625328315
2023-07-07,2.331791127482713,1.3893218921393227
2023-07-10,2.331541841511809,1.389173363202619
2023-07-11,2.3314892500122393,1.3891420282683569
2023-07-13,2.331699954921326,1.3897949736475852
2023-07-14,2.3339796738269807,1.391153785646411
2023-07-17,2.3348958235179595,1.3916998508607383
2023-07-18,2.3368700640063214,1.3928765843858668
2023-07-19,2.33645805334337,1.3926310080426283
2023-07-20,2.33645022119141,1.3926263397381136
2023-07-21,2.3358610662111112,1.3922751776477293
2023-07-24,2.3362648578353005,1.3925158550850278
2023-07-25,2.3372069571185987,1.39307738738932
2023-07-26,2.3374138700082465,1.3932007165052331
2023-07-27,2.3388818630850574,1.3940757044706422
2023-07-28,2.338006963720584,1.3935542262518745
2023-07-31,2.3381338009998527,1.3936298268079526
2023-08-01,2.3384094666591606,1.3937941355762848
2023-08-02,2.33720552506393,1.3930765338222149
2023-08-03,2.339350111090081,1.394354800725042
2023-08-04,2.340913371830385,1.3952865723772176
2023-08-07,2.3432266506894206,1.396665387573464
2023-08-08,2.342976308716256,1.396516172827689
2023-08-09,2.341683018432219,1.3957453153541841
2023-08-11,2.3393836454059755,1.394209626012129
2023-08-14,2.3424468060381263,1.3960351872225583
2023-08-15,2.342613658930324,1.3961346270510306
2023-08-16,2.342899264987737,1.3963048405665757
2023-08-17,2.3437440762665513,1.3968083253282133
2023-08-18,2.3449837838059158,1.3975471576220169
2023-08-21,2.3463116126146843,1.3983385078182604
2023-08-22,2.344780847492005,1.3974262130463473
2023-08-23,2.344715396081693,1.3973872057691645
2023-08-24,2.3456801878048794,1.3979621956431876
2023-08-25,2.3438925536884745,1.3968968138714657
2023-08-28,2.3467926778421306,1.3986252097331695
2023-08-29,2.3480354008627113,1.3993658391725363
2023-08-30,2.350846952928311,1.4010414484560292
2023-08-31,2.351545096550477,1.4014575232457605
2023-09-01,2.352093477764109,1.4017843436748387
2023-09-04,2.3525050322746877,1.402029619075222
2023-09-05,2.3528516328441325,1.4022361836766504
2023-09-06,2.3546298905063523,1.4032959773342941
2023-09-07,2.3537186400345607,1.4027528966036176
2023-09-11,2.3526462457517243,1.40184963219588
2023-09-12,2.354649497559254,1.403043291384826
2023-09-13,2.3549929531576597,1.4032479431063376
2023-09-14,2.3559954682630413,1.4038453025411817
2023-09-15,2.357152116437057,1.4045345038268624
2023-09-18,2.3563146312416903,1.4040354792432836
2023-09-19,2.3564140964735247,1.4040947466741247
2023-09-20,2.357780821874343,1.4049091247404868
2023-09-21,2.3584953413242062,1.405334878858768
2023-09-22,2.3601223629292645,1.4063043572249883
2023-09-25,2.3593308649511227,1.4058327346206356
2023-09-26,2.3599256870775096,1.4061871657981249
2023-09-27,2.358976562167936,1.405621619487116
2023-09-28,2.359438833917931,1.4058970690936496
2023-09-29,2.3605515868744433,1.4065601149406948
2023-10-02,2.3616719874827834,1.40722771772354
2023-10-03,2.360921814059149,1.4067807188005592
2023-10-04,2.3620785836230582,1.407469992417717
2023-10-05,2.362032031773189,1.4074422539960418
2023-10-06,2.3620360803338842,1.4074446663745843
2023-10-10,2.3623458830555033,1.40888675390052
2023-10-11,2.3632754950953156,1.4094411680947125
2023-10-12,2.362953591684417,1.4092491871257513
2023-10-13,2.3647987213702883,1.4103496097151353
2023-10-16,2.364074259724118,1.4099175457975188
2023-10-17,2.3638341359214095,1.4097743376215446
2023-10-18,2.3643111747757835,1.4100588402965526
2023-10-19,2.364077099954347,1.4099192396911928
2023-10-20,2.3632561065798674,1.4094296049181305
2023-10-23,2.3631007441426752,1.4093369478346003
2023-10-24,2.3637987454961307,1.4097532310165601
2023-10-25,2.3651979152580345,1.4105876861901838
2023-10-26,2.367101521708959,1.4117229839179992
2023-10-27,2.367067066534328,1.4117024350900356
2023-10-30,2.3665005528338674,1.4113645702353557
2023-10-31,2.3670191585770057,1.4116738631154735
2023-11-01,2.3656424866140133,1.4108528254735946
2023-11-02,2.3659933433980003,1.4110620740341129
2023-11-03,2.366348427960915,1.4112738440127572
2023-11-06,2.365517782412858,1.4107784527500984
2023-11-08,2.366368560740132,1.4114395521987195
2023-11-09,2.367406622050081,1.412058712212412
2023-11-10,2.3681139917746545,1.4124806285714506
2023-11-13,2.3695297830484496,1.4133250886587951
2023-11-14,2.3710069921085966,1.4142061818785705
2023-11-15,2.370781088399884,1.4140714397953822
2023-11-16,2.3709406209106203,1.414166594243954
2023-11-17,2.3729318976880562,1.415354307286494
2023-11-20,2.371634397641222,1.4145804029524587
2023-11-21,2.37115385060708,1.4142937768106427
2023-11-22,2.372930371521476,1.4153533969921677
2023-11-23,2.3739756594847408,1.415976867401328
2023-11-24,2.3747191526129785,1.416420329854892
2023-11-27,2.373027195333313,1.4154111483331415
2023-11-28,2.37397836061644,1.4159784785130456
2023-11-29,2.3736469084210485,1.415780781186433
2023-11-30,2.3726373897102926,1.4151786456354942
2023-12-01,2.3740452754613353,1.4160183904102377
2023-12-04,2.3749968398881003,1.4165859586625733
2023-12-05,2.3766591185068635,1.4175774381084305
2023-12-07,2.377550770862737,1.4183753218108226
2023-12-08,2.376908941342659,1.4179924256122454
2023-12-11,2.376436992287749,1.4177108749926581
2023-12-12,2.377991925509195,1.418638501411993
2023-12-13,2.380414108815596,1.4200835031628727
2023-12-14,2.381138309052495,1.4205155392550797
2023-12-15,2.38096083774163,1.4204096652057236
2023-12-18,2.382189657258061,1.4211427419914755
2023-12-19,2.383058273687667,1.4216609324431666
2023-12-20,2.3839232594546433,1.4221769569506693
2023-12-21,2.383235960917518,1.4217669353032991
2023-12-22,2.3841151825783924,1.4222914525171768
2023-12-25,2.3851539088185603,1.4229111253684266
2023-12-26,2.386768481847866,1.4238743311043855
2023-12-27,2.38814887850726,1.4246978342572894
2023-12-28,2.3871204044409646,1.4240842775447964
2023-12-29,2.387635982242373,1.4243918557630844
2024-01-01,2.3891593500073443,1.4253006511799298
2024-01-02,2.39027432501007,1.4259658117509186
2024-01-03,2.3897517781509436,1.4256540760022827
2024-01-05,2.389768027703726,1.4249491279708535
2024-01-08,2.390706899579645,1.4255089499474463
2024-01-09,2.3916697482958797,1.426083068616146
2024-01-10,2.394893197708381,1.428005117692104
2024-01-11,2.3946351640459564,1.4278512597284874
2024-01-12,2.394998416467951,1.428067856576363
2024-01-15,2.3949908129555717,1.4280633228232082
2024-01-16,2.3967071493006493,1.4290867242370153
2024-01-17,2.3977957261697145,1.4297358109443115
2024-01-18,2.3991749347671845,1.4305581928933004
2024-01-19,2.398354360069986,1.4300689080816984
2024-01-22,2.399861540394793,1.4309675958474695
2024-01-23,2.398699281600088,1.4302745747522034
2024-01-24,2.398887671625207,1.4303869062416619
2024-01-25,2.4006335206150062,1.4314279051866403
2024-01-26,2.4016593362868295,1.4320395692184955
2024-01-29,2.4021484667592614,1.432331223484548
2024-01-30,2.4046996282955657,1.4338524068648288
2024-01-31,2.4034833615539752,1.4331271824025722
2024-02-01,2.403165484778191,1.4329376417320112
2024-02-05,2.4036386701245354,1.4329149325160808
2024-02-06,2.405176936713717,1.4338319610167558
2024-02-07,2.4062521722948187,1.434472956329106
2024-02-08,2.4056147839383706,1.4340929810420058
2024-02-09,2.4071305280518693,1.4349965829024274
2024-02-12,2.4097249455516345,1.4365432295023517
2024-02-13,2.4104818653096234,1.4369944627253064
2024-02-14,2.4107209261465727,1.4371369774249168
2024-02-15,2.410410699339876,1.4369520375546658
2024-02-16,2.409837355256824,1.4366102418811786
2024-02-19,2.410354895709591,1.4369187705515516
2024-02-20,2.4106694022842685,1.4371062617800927
2024-02-21,2.4104166065481936,1.4369555591018572
2024-02-22,2.4117776971678624,1.4377669651994842
2024-02-23,2.411584188489974,1.437651606149239
2024-02-26,2.4109396404055805,1.4372673626328025
2024-02-27,2.4125066150641046,1.4382015052786923
2024-02-28,2.4140942790704853,1.439147981756558
2024-02-29,2.415754290451012,1.440137587692287
2024-03-01,2.416999477009049,1.4408798982712256
2024-03-05,2.4176979669929763,1.4407248760984177
2024-03-06,2.4190046235928495,1.441503522849855
2024-03-07,2.4202526232258084,1.4422472154620474
2024-03-08,2.4197626925553357,1.441955261994679
2024-03-11,2.4203643913569706,1.4423138189539306
2024-03-12,2.4217565510742545,1.4431434176728672
2024-03-13,2.4224062177365457,1.443530559050456
2024-03-14,2.4211969972397784,1.4428099752247816
2024-03-15,2.4220609207417594,1.4433247939065783
2024-03-18,2.420596108974968,1.4424519012706785
2024-03-19,2.420351515958809,1.4423061464048057
2024-03-20,2.421418110212295,1.4429417381514504
2024-03-21,2.420167410708303,1.4421964366652744
2024-03-22,2.4221102153592677,1.4433541689495621
2024-03-25,2.4240278498116448,1.444496902118271
2024-03-26,2.4259275194416245,1.4456289299106775
2024-03-27,2.425719170195835,1.4455047729872639
2024-03-28,2.4237913094897214,1.4443559459150364
2024-03-29,2.423213581861306,1.4440116735628934
2024-04-01,2.4225420313697996,1.4436114914425962
2024-04-03,2.424457105467809,1.4457015995632652
2024-04-04,2.427166489482293,1.4473172028233667
2024-04-05,2.4259115404033027,1.446568877812058
2024-04-08,2.426318631606322,1.4468116259316457
2024-04-09,2.427986076442173,1.447805921793155
2024-04-10,2.4282910026012416,1.4479877489885795
2024-04-11,2.4301791967554554,1.4491136774708266
2024-04-12,2.430580742851122,1.4493531190478686
2024-04-15,2.4306547617212293,1.4493972564337891
2024-04-16,2.4309176573800677,1.4495540208795876
2024-04-17,2.4313663934101766,1.449821601772253
2024-04-18,2.433500668251543,1.4510942679477496
2024-04-19,2.43421448612443,1.4515199169057378
2024-04-22,2.4329055072598225,1.4507393739816787
2024-04-23,2.433828927661173,1.4512900087395761
2024-04-24,2.4337977003599613,1.451271387927845
2024-04-25,2.435936129753465,1.4525465314590584
2024-04-26,2.436238717001242,1.4527269639637754
2024-04-29,2.438003712443148,1.4537794291642656
2024-04-30,2.4378833785784346,1.4537076741885617
2024-05-02,2.4370794562616784,1.4533498814526766
2024-05-03,2.4363330215694368,1.4529047458750515
2024-05-06,2.4367853981180407,1.4531745201746118
2024-05-07,2.4375124808782633,1.4536081152470501
2024-05-08,2.4382940483721747,1.454074202235599
2024-05-09,2.438796578120598,1.4543738853454053
2024-05-10,2.440056752536225,1.4551253890901257
2024-05-13,2.441923363543047,1.4562385406857834
2024-05-14,2.4434763811880322,1.4571646811956604
2024-05-15,2.444901237840378,1.4580143930265377
2024-05-16,2.447418237554398,1.4595154032732855
2024-05-17,2.4476485517664943,1.4596527509219177
2024-05-20,2.446324921219663,1.458863405177206
2024-05-21,2.447750781832841,1.4597137157191156
2024-05-22,2.4483319285296483,1.4600602819669832
2024-05-23,2.446591871527636,1.4590226007247498
2024-05-24,2.4455450362481397,1.4583983215591907
2024-05-27,2.4447855263912106,1.457945388620261
2024-05-28,2.445930533680869,1.4586282125652956
2024-05-29,2.4446879616458626,1.4578872059825463
2024-05-31,2.4457942714658167,1.45945894349627
2024-06-03,2.449274996093863,1.4615359680226236
2024-06-04,2.4481329046363656,1.4608544570667017
2024-06-05,2.4483571597109455,1.46098827497528
2024-06-06,2.4495006387778067,1.4616706139480635
2024-06-07,2.4504692779260653,1.4622486221167963
2024-06-10,2.4518630910846118,1.4630803409181428
2024-06-11,2.451296689972273,1.4627423569843945
2024-06-12,2.4507179407315927,1.4623970046523498
2024-06-13,2.452424787343622,1.4634155173629915
2024-06-14,2.45330404945794,1.4639401923004507
2024-06-17,2.4545100305097702,1.464659827574895
2024-06-18,2.454557998112657,1.464688450892828
2024-06-19,2.454465020784856,1.4646329692874516
2024-06-20,2.4556855158162256,1.4653612653709802
2024-06-21,2.456428039744893,1.4658043456419156
2024-06-24,2.4563316384672658,1.465746820890779
2024-06-25,2.455873284579483,1.4654733110994547
2024-06-26,2.4565474141462023,1.46587557895849
2024-06-27,2.4557862443286167,1.4654213722777585
2024-07-01,2.456256522009941,1.4669097402328142
2024-07-02,2.456389565604805,1.4669891956738208
2024-07-03,2.4566770491973475,1.467160884778065
2024-07-04,2.456265793849159,1.4669152775010668
2024-07-05,2.455444462897825,1.4664247675068254
2024-07-08,2.4547111644068993,1.465986831693038
2024-07-09,2.4555274816902557,1.4664743474566995
2024-07-10,2.457045747398348,1.467381076349022
2024-07-11,2.4603781519164913,1.4693712335668276
2024-07-12,2.460381984450051,1.4693735224078988
2024-07-15,2.4607497599294823,1.4695931629170078
2024-07-16,2.4607047075449175,1.4695662570213301
2024-07-17,2.460410884218188,1.4693907817417635
2024-07-18,2.4612531143576173,1.4698937730148556
2024-07-19,2.4634218992878045,1.471189000817837
2024-07-22,2.4649463907838407,1.4720994478352387
2024-07-23,2.4649527211264344,1.4721032284017743
2024-07-24,2.4628701472221985,1.470859486993862
2024-07-25,2.463189400653656,1.4710501494772026
2024-07-26,2.462856229012476,1.4708511748500672
2024-07-30,2.464188323108175,1.4711985971430088
2024-07-31,2.4648690735009526,1.4716050267220582
2024-08-01,2.465903098887034,1.472222372678594
2024-08-02,2.4659047399447305,1.4722233524420958
2024-08-05,2.466441088690722,1.4725435696573477
2024-08-06,2.467389930416463,1.4731100582664893
2024-08-07,2.4686400593653706,1.4738564249052053
2024-08-08,2.4680095594061595,1.4734799964290246
2024-08-09,2.466481851601858,1.472567906408365
2024-08-12,2.4675446341918357,1.4732024213278543
2024-08-13,2.4686434776148856,1.4738584657085985
2024-08-14,2.469293567031745,1.4742465897124064
2024-08-15,2.4696387228356667,1.4744526586762772
2024-08-16,2.471126148733098,1.475340699120725
2024-08-19,2.4746533547631686,1.4774465530096552
2024-08-20,2.474498198896326,1.4773539200353423
2024-08-21,2.4741715249031935,1.4771588852987871
2024-08-22,2.4760420381238832,1.4782756410274016
2024-08-23,2.4770374414644736,1.4788699283976219
2024-08-26,2.4750441673408505,1.4776798805157714
2024-08-28,2.4748385448149817,1.47658686928213
2024-08-29,2.4751141683052196,1.4767513171922386
2024-08-30,2.4754267890922845,1.4769378391575654
2024-09-02,2.475681138873362,1.4770895943287181
2024-09-03,2.4752279324681066,1.4768191934056047
2024-09-04,2.476565732168456,1.4776173777863209
2024-09-05,2.4783292769642857,1.4786695785831643
2024-09-06,2.478042364516778,1.4784983952332398
2024-09-09,2.4780993529304323,1.4785323967819386
2024-09-10,2.4777418233504593,1.47831908044893
2024-09-11,2.4791352249617127,1.4791504391357921
2024-09-12,2.4792603607153496,1.4792251000913867
2024-09-13,2.481070965401313,1.4803053786858655
2024-09-16,2.4824798080399715,1.4811459501023267
2024-09-17,2.4844845149914487,1.4823420378097496
2024-09-18,2.484563787163886,1.4823893347330848
2024-09-19,2.4868842080532056,1.4837737899023142
2024-09-20,2.48714501099651,1.4839293952860915
2024-09-23,2.486165387866201,1.4833449132583287
2024-09-24,2.4880099266962055,1.4844454383095371
2024-09-26,2.484815224290629,1.481851554113849
2024-09-27,2.486485100400105,1.4828474062334815
2024-09-30,2.4878101465440805,1.48363761456307
2024-10-01,2.4854337939845705,1.482220446115691
2024-10-02,2.4878866164992512,1.4836832184054827
2024-10-03,2.4884428735637765,1.4840149494684187
2024-10-04,2.4886862492694606,1.4841600897042706
2024-10-07,2.487487037893851,1.4834449245590775
2024-10-08,2.487337653558443,1.4833558372871465
2024-10-09,2.488892521154006,1.484283102598628
2024-10-10,2.491314122165208,1.4857272555428045
2024-10-11,2.4927684905475367,1.4865945868544204
2024-10-14,2.494264354389243,1.4874866645175424
2024-10-15,2.494578478321794,1.4876739963694583
2024-10-16,2.496456148226111,1.4887937689942496
2024-10-17,2.4980596684410874,1.4897500489217819
2024-10-18,2.4961617129856606,1.4886181787473847
2024-10-21,2.497242579452473,1.4892627673823777
2024-10-22,2.4993978919603608,1.4905481157488043
2024-10-23,2.498595103546396,1.49006936254123
2024-10-25,2.5001890351859353,1.4912568263971975
2024-10-28,2.4992663629660927,1.4907064915117134
2024-10-29,2.500446930250247,1.4914106498760367
2024-10-30,2.498183537060198,1.4900606317382163
2024-10-31,2.4970962909661982,1.489412135509798
2024-11-01,2.498000285911079,1.489951330192124
2024-11-04,2.499162126118542,1.4906443186486678
2024-11-05,2.4987417477043783,1.4903935807360662
2024-11-06,2.4977229525299682,1.4897859125809154
2024-11-07,2.498400771987715,1.4901902031682286
2024-11-08,2.499320746705588,1.4907389291080813
2024-11-11,2.4983480953014268,1.490158783756771
2024-11-12,2.498787784368875,1.4904210396558635
2024-11-13,2.4994862049311757,1.490837617929174
2024-11-14,2.5022675102651326,1.4924965487168813
2024-11-15,2.501585936857169,1.4920900190573188
2024-11-18,2.5018596999059413,1.4922533071165618
2024-11-19,2.5026666015481105,1.4927345897576667
2024-11-20,2.501015869737549,1.4917499981742275
2024-11-21,2.5012323793293505,1.4918791369722186
2024-11-25,2.499971617977594,1.491924601094059
2024-11-26,2.500206780930116,1.4920649408449629
2024-11-27,2.4995161552243474,1.4916527915736773
2024-11-28,2.4999748634083665,1.4919265378912514
2024-11-29,2.50037881461721,1.4921676065265037
2024-12-02,2.501159282321524,1.4926333714016133
2024-12-03,2.501645322071939,1.4929234285588782
2024-12-04,2.504109460927739,1.4943939690054349
2024-12-05,2.504688736158861,1.4947396669173234
2024-12-06,2.5037917670349517,1.4942043767193234
2024-12-09,2.504969442896466,1.4949071861341476
2024-12-10,2.506229098420652,1.495658919094603
2024-12-11,2.507040935232215,1.4961434043193693
2024-12-12,2.5087739027718405,1.4971775988224878
2024-12-13,2.5112797706385837,1.4986730421669645
2024-12-16,2.5120192953302682,1.499114373209568
2024-12-17,2.5119835193860096,1.499093022962636
2024-12-18,2.5120073148340603,1.4991072235295888
2024-12-19,2.5124571817632426,1.4993756935930245
2024-12-20,2.5118211322361135,1.4989961141089156
2024-12-24,2.5116337631548555,1.498671298306165
2024-12-25,2.5122743014571673,1.4990535022656846
2024-12-26,2.512663759982583,1.4992858889784624
2024-12-27,2.5124772687897674,1.4991746112109154
2024-12-30,2.5121748753698494,1.498994175533598
2024-12-31,2.5139197494683234,1.5000353276191059
2025-01-01,2.513560120134769,1.4998207397408356
2025-01-02,2.513254407852887,1.4996383237257631
2025-01-03,2.5141509763325,1.5001732987954064
2025-01-06,2.513907565214549,1.5000280573746574
2025-01-07,2.515620945228131,1.5010504171976204
2025-01-08,2.518466605958061,1.5027483996516016
2025-01-09,2.518078849717161,1.502517028678054
2025-01-10,2.5186389178065003,1.502851216720476
2025-01-13,2.518736740013128,1.5029095864300892
2025-01-14,2.518536452570457,1.5027900765532332
2025-01-15,2.519825973152335,1.5035595229243506
2025-01-16,2.5201990045851543,1.5037821077255002
2025-01-17,2.5229876340710837,1.505446060103224
2025-01-20,2.52208798925847,1.504909249410872
2025-01-22,2.5225035216178364,1.5067082945856503
2025-01-23,2.5240912048043187,1.50765662841581
2025-01-24,2.5237351181127226,1.5074439354434428
2025-01-27,2.523413851620656,1.5072520408101069
2025-01-28,2.522947685724184,1.506973596789376
2025-01-29,2.521660456382739,1.5062047260587041
2025-01-30,2.522576419234369,1.5067518368215855
2025-01-31,2.5221676170122116,1.506507656508777
2025-02-03,2.5240312211841225,1.5076207997966171
2025-02-04,2.526521289832514,1.5091081345235922
2025-02-05,2.525951866251034,1.508768013994128
2025-02-06,2.527278965664951,1.5095606993868549
2025-02-07,2.5262527160838846,1.508947713619796
2025-02-10,2.5265653630722436,1.5091344597656786
2025-02-11,2.5261414935939666,1.508881279679598
2025-02-12,2.528386866992372,1.510222456290384
2025-02-13,2.526497867646866,1.5090941442948014
2025-02-14,2.5275337110180796,1.5097128604971473
2025-02-17,2.5277356197502203,1.5098334619388731
2025-02-18,2.5299626162915128,1.5111636619294866
2025-02-20,2.5322586330444183,1.5128278616272208
2025-02-21,2.531892478613933,1.5126091127929318
2025-02-24,2.5326005433087464,1.5130321264551896
2025-02-25,2.533116980152818,1.5133406573596901
2025-02-26,2.5321447034017424,1.512759797514236
2025-02-27,2.5345361399262187,1.5141884951031515
2025-02-28,2.535572895582713,1.5148078760867436
2025-03-03,2.5354880664949824,1.5147571972952014
2025-03-04,2.5328382920817556,1.5131741628819524
2025-03-05,2.5334254533064247,1.5135249461109461
2025-03-06,2.5338242299055778,1.5137631841573649
2025-03-07,2.534808308922808,1.514351094940206
2025-03-10,2.5337691527678916,1.513730279845245
2025-03-11,2.536311495928825,1.515249132429056
2025-03-12,2.5368885178708873,1.5155938582241746
2025-03-13,2.539204728160636,1.516977613980397
2025-03-14,2.5426791073404247,1.5190532856975165
2025-03-17,2.5426610488782195,1.5190424971688863
2025-03-18,2.5425545138515133,1.51897885076463
2025-03-19,2.541843633624916,1.518554155040804
2025-03-21,2.5379130108281673,1.516491451160009
2025-03-24,2.5391509883231183,1.5172311858474516
2025-03-25,2.5395757148549287,1.5174849747487351
2025-03-26,2.539700650910778,1.5175596283951875
2025-03-27,2.540021580907397,1.5177513952501653
2025-03-28,2.540920367474596,1.518288451540022
2025-03-31,2.5420125702275254,1.5189410807399528
2025-04-01,2.5398202259684775,1.5176310786584548
2025-04-02,2.539380203292426,1.5173681497780316
2025-04-03,2.5392822435214346,1.5173096154017027
2025-04-04,2.542786141480931,1.519403316517006
2025-04-07,2.5437790496540216,1.5199966137458136
2025-04-08,2.541024990031732,1.518350967163221
2025-04-09,2.542117470559852,1.5190037623435066
2025-04-10,2.5410161029054077,1.5183456567955926
2025-04-11,2.5398415279332305,1.5176438073246086
2025-04-14,2.5409840032922855,1.518326476158322
2025-04-15,2.54322873991644,1.5196677845034514
2025-04-16,2.545931447505841,1.5212827464571608
2025-04-17,2.545209401191705,1.520851298626578
2025-04-21,2.545359379373815,1.5215412991587338
2025-04-22,2.5469726156252612,1.5225056445481377
2025-04-23,2.548110012859773,1.5231855473075997
2025-04-24,2.549031235253832,1.5237362270778627
2025-04-25,2.5498537769345724,1.5242279184074516
2025-04-28,2.5523979344198717,1.5257487412495285
2025-04-29,2.5504149441475743,1.5245633677342676
2025-04-30,2.5512378742633666,1.5250552912589557
2025-05-01,2.5529111675687877,1.5260555369965263
2025-05-02,2.552611770523751,1.525876566210491
2025-05-05,2.553350174744428,1.5263179626303196
2025-05-06,2.553477105578514,1.5263938381659174
2025-05-07,2.551313868876131,1.5251007186130545
2025-05-08,2.5531880015060695,1.5262210202174804
2025-05-09,2.552662122707155,1.525906665271226
2025-05-12,2.5539412883096615,1.5266713130095568
2025-05-13,2.553243574073039,1.526254239870638
2025-05-14,2.5527201680595955,1.5259413630831258
2025-05-15,2.5537373170095385,1.526549384939401
2025-05-16,2.555727256426751,1.5277389124499945
2025-05-20,2.5574882158290966,1.5281277777199223
2025-05-21,2.556949051088023,1.5278056207643194
2025-05-22,2.5558228316971845,1.5271326920977097
2025-05-23,2.5576777949967666,1.5282410533903243
2025-05-26,2.5595181491982246,1.5293406855836167
2025-05-27,2.561180598843936,1.5303340178175437
2025-05-28,2.5597422929313236,1.5294746139679705
2025-05-29,2.5601211475126986,1.5297009838123874
2025-05-30,2.5557189203663873,1.527070603916803
2025-06-02,2.5581483656447483,1.528522224609065
2025-06-03,2.5587413277217315,1.5288765260738242
2025-06-04,2.559386262450442,1.5292618817785582
2025-06-05,2.55995978752394,1.529604569416611
2025-06-06,2.5604195760736066,1.529879298211166
2025-06-09,2.5599374513464443,1.5295912233010482
2025-06-10,2.5606287231246085,1.5300042659104447
2025-06-11,2.561880892002035,1.5307524508022257
2025-06-12,2.5632718558283005,1.5315835672263658
2025-06-13,2.566102330120872,1.5332748072343665
2025-06-16,2.5658899890004627,1.5331479310429372
2025-06-18,2.5657612570206916,1.5327906812070118
2025-06-19,2.564226287093734,1.5318736872374694
2025-06-20,2.5630160916406113,1.5311507141596317
2025-06-23,2.562370778875197,1.5307652030796024
2025-06-24,2.5643670979603463,1.531957807918443
2025-06-25,2.564981975693129,1.5323251370517799
2025-06-26,2.5661854407386784,1.5330440893712636
2025-06-27,2.5660856631818127,1.5329844820679968
2025-06-30,2.566061416808053,1.5329699972379485
2025-07-01,2.56686970586164,1.5334528706641761
2025-07-02,2.5670101798366773,1.5335367900854786
2025-07-03,2.568176390935136,1.5342334868257332
2025-07-04,2.568265590389838,1.53428677475054
2025-07-07,2.5678464206402865,1.5340363619406192
2025-07-08,2.5687255307539423,1.5345615440035565
2025-07-09,2.5671161870051606,1.5336001189706383
2025-07-10,2.568213643906261,1.5342557418219187
2025-07-11,2.5699741123071136,1.5353074490109655
2025-07-14,2.5701109608814554,1.53538920261096
2025-07-15,2.5698703605892295,1.5352454675363068
2025-07-17,2.5725467983767487,1.536424858519936
2025-07-18,2.570433519751701,1.5351627264512209
2025-07-21,2.569484528224777,1.5345959518551626
2025-07-22,2.5709418523918184,1.5354663224461185
2025-07-23,2.5731358896242185,1.536776686691583
2025-07-24,2.570876999234763,1.5354275896220093
2025-07-25,2.5713366107714477,1.535702087481745
2025-07-28,2.572623267236439,1.5364705286927798
2025-07-29,2.574742396647452,1.5377361550781017
2025-07-30,2.574748136097503,1.5377395829005764
2025-07-31,2.574158709026418,1.5373875541620243
2025-08-01,2.572931918161464,1.5366548670123443
2025-08-04,2.5743433606355057,1.5374978352743238
2025-08-05,2.5751435911195686,1.537975763998122
2025-08-06,2.574272660892538,1.5374556106420432
2025-08-07,2.5732240316788086,1.5368293285497754
2025-08-08,2.573870445424592,1.537215391943661
2025-08-11,2.5721685418087303,1.5361989490070873
2025-08-12,2.57342736026063,1.5369507642755529
2025-08-13,2.572151135167168,1.5361885530847208
2025-08-15,2.575073205839237,1.5384331200425048
2025-08-18,2.5749863168135922,1.538381209691173
2025-08-19,2.5742466709988547,1.53793932104276
2025-08-20,2.5759354213684986,1.5389482358550663
2025-08-21,2.575919645944972,1.5389388111000806
2025-08-22,2.5755539664353186,1.5387203421774511
2025-08-25,2.5780418246337575,1.5402066701939783
2025-08-26,2.5754873918844523,1.538680568359071
2025-08-27,2.577032262410218,1.5396035246376054
2025-08-28,2.5764029092569096,1.5392275284394945
2025-08-29,2.5771122171777545,1.539651292235903
2025-09-01,2.5752286940824454,1.5385260138144516
2025-09-02,2.574462031425994,1.5380679844194385
2025-09-03,2.574767937171661,1.5382507425366363
2025-09-04,2.576131159832269,1.5390651764278032
2025-09-05,2.575328664634254,1.5385857394982039
2025-09-08,2.577988087709395,1.5401745659943686
2025-09-09,2.5775452577888434,1.539910004887998
2025-09-10,2.5791503454061324,1.540868936830363
2025-09-11,2.5781774202877,1.5402876794812033
2025-09-15,2.5764442158676797,1.5396110139253525
2025-09-16,2.5766675982949323,1.5397445010170574
2025-09-17,2.579348930894564,1.5413467903959486
2025-09-18,2.5817296408799306,1.5427694361073747
2025-09-19,2.5809990213338923,1.542332838298215
2025-09-22,2.579840612136169,1.541640605356216
2025-09-23,2.5794745040943323,1.541421829428514
2025-09-24,2.5787402180419794,1.5409830406177136
2025-09-25,2.5804158407413817,1.5419843458845983
2025-09-26,2.581832848373471,1.5428311100193484
2025-09-29,2.581969588289764,1.542912821969435
2025-09-30,2.5836174720221132,1.5438975512053208
2025-10-01,2.58155888818545,1.5426673990722004
2025-10-02,2.5804507889041797,1.542005229929372
2025-10-03,2.57958848344471,1.5414899403009021
2025-10-06,2.5812559226728142,1.5424863553541874
2025-10-07,2.5790038107492137,1.5411405562482672
2025-10-08,2.577282777815526,1.5401121150952568
2025-10-09,2.578676297768928,1.540944843650049
2025-10-10,2.5783275048342373,1.5407364147461662
2025-10-14,2.5809513841343508,1.542376518347667
2025-10-15,2.5811354604663244,1.5424865223615998
2025-10-16,2.580698530217172,1.5422254128495838
2025-10-17,2.581745987243915,1.5428513731570728
2025-10-20,2.5806036578407108,1.5421687171184697
2025-10-21,2.5822989790185846,1.5431818410354423
2025-10-22,2.58392460754452,1.5441533166243946
2025-10-23,2.5841500177577235,1.5442880217652886
2025-10-24,2.5852947153935433,1.5449720930596762
2025-10-27,2.5865585549885717,1.545727363587557
2025-10-28,2.5861548195875623,1.5454860913164208
2025-10-29,2.5857423125461105,1.545239577113054
2025-10-30,2.5853660190387573,1.5450147041172604
2025-10-31,2.5847825888346505,1.544666046233799
2025-11-03,2.58411893941258,1.544269449346578
2025-11-04,2.5854050723820876,1.545038042394799
2025-11-05,2.5838948323971103,1.5441355229966351
2025-11-06,2.5851014614600722,1.5448566045111918
2025-11-07,2.582590758502002,1.5433562084514758
2025-11-10,2.583210893325417,1.5437268010150262
2025-11-12,2.5826713276929714,1.5445680168430478
2025-11-13,2.5835086977654673,1.545068806478326
2025-11-14,2.583971785801142,1.5453457565343458
2025-11-17,2.5838651128278727,1.5452819607036465
2025-11-18,2.584116450047423,1.5454322730668952
2025-11-19,2.585704154227219,1.5463818004302983
2025-11-20,2.586333702414042,1.5467583020718354
2025-11-21,2.5868512126217427,1.5470677993379542
2025-11-24,2.5868738252445524,1.5470813228295401
2025-11-25,2.5899659317936203,1.548930558862461
2025-11-26,2.5899311652550923,1.5489097667148533
2025-11-27,2.59066640738015,1.549349478674646
2025-11-28,2.589922606672844,1.548904648250003
2025-12-01,2.5893354752205866,1.548553513960047
2025-12-02,2.5906515650322253,1.5493406022002552
2025-12-03,2.5915800950865355,1.5498959101131076
2025-12-04,2.5934496390290738,1.551013991902596
2025-12-05,2.592161754512797,1.5502437718548885
2025-12-08,2.5902253647357396,1.5490857128770719
2025-12-09,2.5906761307610853,1.5493552937479953
2025-12-11,2.5919104589289295,1.5498819274150004
2025-12-12,2.594383812292324,1.5513609158826889
2025-12-15,2.5955655247842433,1.552067543238706
2025-12-16,2.5956931476083165,1.5521438577224398
2025-12-17,2.597218186454107,1.5530557835714034
2025-12-18,2.596749839139425,1.5527757264281181
2025-12-19,2.5969889891638664,1.552918730712678
2025-12-22,2.599875976836425,1.5546450596462082
2025-12-23,2.600416322644351,1.5549681696515611
2025-12-24,2.600254666524123,1.5548715043140942
2025-12-25,2.600709363790629,1.5551433991526578
2025-12-26,2.599995516762097,1.554716540807822
2025-12-29,2.60202419794157,1.5559296291248665
2025-12-30,2.601630683393722,1.555694319651199
2025-12-31,2.6038219031170318,1.557004600967613
2026-01-01,2.6060034030517083,1.5583090701524047
2026-01-02,2.606843963220712,1.558811699018443
2026-01-05,2.608339168692618,1.559705785436705
2026-01-06,2.6086816988206607,1.5599106078113436
2026-01-07,2.6089588904901575,1.560076359817746
2026-01-09,2.609390403603552,1.559560350527433
2026-01-12,2.6113820154376772,1.5607506817426675
2026-01-13,2.610442070125904,1.560188902471202
2026-01-14,2.6112184371232563,1.5606529155161095
2026-01-15,2.6116220226382785,1.5608941273970172
2026-01-16,2.610733734283499,1.5603632220575798
2026-01-19,2.61085600845494,1.5604363019422185
2026-01-20,2.6110109985088514,1.5605289352034095
2026-01-21,2.6106335920391146,1.560303369812573
2026-01-22,2.611291337481829,1.5606964860407087
2026-01-23,2.609636767795502,1.5597075955793895
2026-01-26,2.610110837895546,1.5599909341439746
2026-01-27,2.6110541826645637,1.5605547451768527
2026-01-28,2.6111512251220566,1.5606127447651146
2026-01-29,2.611095681216419,1.5605795477115705
2026-01-30,2.6108910873358906,1.5604572676174948
2026-02-02,2.6090220106380557,1.5593401722583593
2026-02-03,2.6107301139139674,1.5603610582630134
2026-02-04,2.611983171941964,1.5611099763301126
2026-02-05,2.6125128392945047,1.5614265438321813
2026-02-09,2.6153267417991812,1.5628999884019457
2026-02-10,2.6173012843517656,1.5640799604808495
2026-02-11,2.617741629649128,1.564343107585623
2026-02-12,2.619754652230175,1.5655460750459742
2026-02-13,2.620657303454557,1.5660854927659746
2026-02-16,2.6212821933883066,1.5664589223855325
2026-02-17,2.6223454616000295,1.567094323633572
2026-02-18,2.6241149259523353,1.5681517424912226
2026-02-19,2.6236063045503304,1.5678477940894455
2026-02-20,2.6229559183332682,1.5674591280788635
2026-02-23,2.62436818098764,1.568303085834069
2026-02-24,2.6233786755007458,1.5677117646468255
2026-02-25,2.6220319132499905,1.5669069494501449
2026-02-26,2.6200416997467313,1.5657176125265981
2026-02-27,2.620397746533662,1.565930383462738
2026-03-02,2.6188059442585123,1.5649791341531936
2026-03-03,2.620300572124125,1.5658723127516827
2026-03-04,2.621255708651559,1.5664430953020196
2026-03-05,2.623052388096722,1.567516777698612
2026-03-06,2.6236489604991307,1.5678732849701142
