date,strategy,buy_and_hold
2007-11-01,1.0,0.9995304224002693
2007-11-02,1.0,0.9995238042502551
2007-11-05,1.0,0.9994946623314321
2007-11-06,1.0,0.9997865609150923
2007-11-07,1.0,0.999778945284227
2007-11-08,1.0,1.000515235130389
2007-11-09,1.0,1.0007781236746767
2007-11-12,1.0,1.001075072296589
2007-11-13,1.0,1.0014716734648679
2007-11-14,1.0,1.0009285817730285
2007-11-15,1.0,1.0003097140008395
2007-11-16,1.0,1.0001836337558234
2007-11-19,1.0,1.0007451964011649
2007-11-20,1.0,1.0007057196813935
2007-11-21,1.0,1.0001717731063178
2007-11-22,1.0,1.0000524943265856
2007-11-23,1.0,0.9990596621638802
2007-11-26,1.0,0.9992421025270347
2007-11-27,1.0,0.9989719338025542
2007-11-28,1.0,0.9991166710517959
2007-11-29,1.0,0.9989984919077115
2007-11-30,1.0001466215333752,0.9991449665984345
2007-12-03,0.9996601885227332,0.9986590207543891
2007-12-04,0.9990647312383555,0.9980641598253003
2007-12-05,0.9993376595192246,0.9983368147662876
2007-12-06,0.9999008639856678,0.9988994551789
2007-12-07,1.0004248889757668,0.9994229553537309
2007-12-10,0.9994304946612665,0.9984295569331837
2007-12-11,0.9994877419477313,0.9984867468860277
2007-12-12,1.000418579072128,0.9994166517695118
2007-12-13,1.0002105980859095,0.999208879077934
2007-12-14,0.9987308267056147,0.9977305897006513
2007-12-17,0.998889948573254,0.9978895522064524
2007-12-18,0.9982657088278666,0.9972659376422215
2007-12-19,0.9977569147892771,0.996757653164979
2007-12-20,0.9975701335299199,0.9965710589685645
2007-12-21,0.9971495640184199,0.9961509106608337
2007-12-24,0.9970202549736052,0.9960217311200737
2007-12-25,0.9968686782846881,0.9958703062364371
2007-12-26,0.9966336472862349,0.9956355106234308
2007-12-27,0.9967160247564155,0.9957178055919084
2007-12-31,0.9968967684193483,0.9954551562210749
2008-01-01,0.997101146493304,0.9956592387439427
2008-01-02,0.9968019062078158,0.9953604311897659
2008-01-03,0.9967242780253307,0.9952829152653785
2008-01-04,0.9967800942966178,0.995338650820768
2008-01-07,0.9964699814361274,0.9950289864144172
2008-01-08,0.9956307096832148,0.9941909283322025
2008-01-09,0.9954455565985227,0.9940060429973456
2008-01-10,0.9952346619919317,0.9937954533653989
2008-01-11,0.9945987736209508,0.9931604845524519
2008-01-14,0.9938305971049809,0.9923934188963733
2008-01-15,0.9932822079782015,0.99184582279499
2008-01-16,0.9930773417540444,0.9916412528278347
2008-01-17,0.9937598506981467,0.9923227747959025
2008-01-18,0.9942984272844558,0.9928605725467283
2008-01-21,0.9942460578273727,0.9928082788211057
2008-01-22,0.9941604179499175,0.9927227627874584
2008-01-23,0.9940883921259517,0.9926508411200209
2008-01-24,0.9934494028129358,0.9920127758493105
2008-01-25,0.9932265043085625,0.9917901996784154
2008-01-28,0.9930362333252682,0.9916002038459484
2008-01-29,0.9924167995249455,0.9909816658087085
2008-01-30,0.9924974839664928,0.9910622335725026
2008-01-31,0.9931533189768784,0.9917171201800233
2008-02-01,0.9931937940772235,0.9917575367493346
2008-02-04,0.993357492545007,0.9919209984927998
2008-02-05,0.9934639465341466,0.992027298538849
2008-02-06,0.9930180115912339,0.9915820084623594
2008-02-07,0.9922079559062451,0.9907731241987192
2008-02-08,0.991299004521947,0.9898654872488186
2008-02-11,0.9911887366182968,0.9897553788035597
2008-02-12,0.99032658507121,0.9888944740136361
2008-02-13,0.9897917000881197,0.9883603625276026
2008-02-14,0.9894208980058308,0.9879900966621237
2008-02-15,0.9891024707149928,0.9876721298489212
2008-02-18,0.9889636373913603,0.9875334972921275
2008-02-19,0.9887382435307551,0.9873084293735347
2008-02-20,0.9882730761028453,0.9868439346241404
2008-02-21,0.9879212891083985,0.9864926563487891
2008-02-22,0.9877265381526996,0.9862981870224046
2008-02-25,0.9872868659763901,0.9858591506559329
2008-02-27,0.9871413471978172,0.9848999658129977
2008-02-28,0.98762935728407,0.9853868678343051
2008-02-29,0.9887301149893758,0.9864851261834277
2008-03-03,0.9878134227114016,0.9855705153267346
2008-03-04,0.9884191335631395,0.9861748508647633
2008-03-05,0.988118774154737,0.9858751734458132
2008-03-06,0.9888766170074875,0.9866312955572862
2008-03-07,0.9890465088434695,0.98680080164061
2008-03-10,0.9882165613427534,0.9859727386003957
2008-03-11,0.9875113388492465,0.9852691173695384
2008-03-12,0.9873814815875265,0.9851395549588545
2008-03-13,0.9879215957163956,0.9856784427164875
2008-03-14,0.9880286333989502,0.9857852373616395
2008-03-17,0.98771930421221,0.9854766105309326
2008-03-18,0.9878958206196655,0.985652726144124
2008-03-19,0.9875969574894029,0.9853545416058975
2008-03-20,0.9874928662419226,0.9852506867057094
2008-03-21,0.9868751876954905,0.9846344106465703
2008-03-24,0.9863623290478987,0.9841227164845194
2008-03-25,0.9867110525833694,0.984470648216017
2008-03-26,0.9860899177210322,0.9838509236888074
2008-03-27,0.9856323756060945,0.983394420458911
2008-03-28,0.9856474667530117,0.9834094773402028
2008-03-31,0.9855683433722294,0.9833305336152249
2008-04-01,0.9855277426430624,0.9832900250731786
2008-04-02,0.9854280428456594,0.9831905516519381
2008-04-03,0.9851971223719711,0.9829601555011875
2008-04-04,0.9841742845953757,0.9819396401575027
2008-04-07,0.9849441250890814,0.9827077326683518
2008-04-08,0.9850035754566193,0.9827670480491956
2008-04-09,0.9838813224037102,0.9816473431593321
2008-04-10,0.9836005898833214,0.9813672480640164
2008-04-11,0.9836675620260615,0.9814340681412853
2008-04-14,0.9828739036606233,0.9806422118390382
2008-04-15,0.9824509291549031,0.9802201977299076
2008-04-16,0.9815690712938132,0.9793403421958397
2008-04-17,0.9813676401764552,0.9791393684435368
2008-04-18,0.981502729912641,0.9792741514479452
2008-04-21,0.9803351274452613,0.9781092001129921
2008-04-22,0.9805381069926994,0.9783117187795437
2008-04-23,0.9798647438776504,0.9776398845879418
2008-04-25,0.9793220434882786,0.9770803498658562
2008-04-28,0.978514247268062,0.9762744027121926
2008-04-29,0.9785143502411137,0.9762745054495363
2008-04-30,0.9790089999872739,0.9767680229295653
2008-05-01,0.9789760669608379,0.9767351652876832
2008-05-02,0.979180676365534,0.9769393063361316
2008-05-05,0.9786587472542095,0.9764185719341145
2008-05-06,0.9788402586404893,0.9765996678361113
2008-05-07,0.9790551483855816,0.9768140656929893
2008-05-08,0.9788296819211235,0.9765891153271311
2008-05-09,0.9792427779978204,0.9770012658161669
2008-05-12,0.9795424752966924,0.9773002771001287
2008-05-13,0.9788312393223407,0.9765906691634163
2008-05-14,0.9792971718285359,0.9770555351379894
2008-05-15,0.9793763236817423,0.9771345058105457
2008-05-16,0.9790329516442805,0.9767919197606062
2008-05-19,0.9779536348798267,0.9757150735802912
2008-05-20,0.97758432304039,0.9753466071052581
2008-05-21,0.9772216432950638,0.9749847575432995
2008-05-22,0.977732106482162,0.9754940522668891
2008-05-23,0.9780792558810851,0.9758404070318113
2008-05-26,0.977121853376557,0.9748851960465109
2008-05-27,0.9773245147435341,0.9750873935163492
2008-05-28,0.9775112804935528,0.9752737317547098
2008-05-29,0.97674917023298,0.9745133659843402
2008-05-30,0.9760222496376434,0.9737881093291482
2008-06-02,0.9755284900040143,0.9732954799241594
2008-06-03,0.9745244343209467,0.9722937225506584
2008-06-04,0.9745057574421006,0.9722750884236735
2008-06-05,0.9742094697798349,0.9719794789715711
2008-06-06,0.9740060408900305,0.9717765157357852
2008-06-09,0.9738375540127004,0.9716084145292984
2008-06-10,0.9733713555297103,0.9711432831867581
2008-06-11,0.9732349663734404,0.9710072062288134
2008-06-12,0.9733944979621129,0.9711663726455312
2008-06-13,0.9732296075521304,0.9710018596739848
2008-06-16,0.9732098611530005,0.9709821584748759
2008-06-17,0.9736666155211695,0.9714378673204195
2008-06-18,0.9740693021880344,0.9718396322270331
2008-06-19,0.9749983400658059,0.9727665435129449
2008-06-20,0.9740423605679462,0.9718127522770137
2008-06-24,0.9740542673017158,0.9720642643676164
2008-06-25,0.9739133499652984,0.9719236349267736
2008-06-26,0.9734642170456388,0.9714754195903103
2008-06-27,0.9729223793351833,0.9709346888598966
2008-06-30,0.9724654860623188,0.9704787290247101
2008-07-01,0.9724654860623188,0.9708539670904406
2008-07-02,0.9724654860623188,0.9706773233639553
2008-07-03,0.9724654860623188,0.9700286371407437
2008-07-04,0.9724654860623188,0.969941831470832
2008-07-07,0.9724654860623188,0.969163837141473
2008-07-08,0.9724654860623188,0.9688961548335976
2008-07-09,0.9724654860623188,0.9684549222115687
2008-07-10,0.9724654860623188,0.9682970062502725
2008-07-11,0.9724654860623188,0.9678209536920857
2008-07-14,0.9724654860623188,0.9678444733568016
2008-07-15,0.9724654860623188,0.9679938718285267
2008-07-16,0.9724654860623188,0.9676975883717085
2008-07-17,0.9724654860623188,0.9678474808558896
2008-07-18,0.9724654860623188,0.9682630127071585
2008-07-21,0.9724654860623188,0.9678451640924742
2008-07-22,0.9724654860623188,0.9670730619613619
2008-07-23,0.9724654860623188,0.9668363811341226
2008-07-24,0.9724654860623188,0.966800810507787
2008-07-25,0.9724654860623188,0.9658946607327479
2008-07-28,0.9724654860623188,0.9655975300756046
2008-07-29,0.9724654860623188,0.9646678622319528
2008-07-30,0.9724654860623188,0.9645647307387066
2008-07-31,0.9724654860623188,0.9652932282676631
2008-08-01,0.9724654860623188,0.9646836368353129
2008-08-04,0.9724654860623188,0.9646068790928329
2008-08-05,0.9724654860623188,0.9642097955546397
2008-08-06,0.9724654860623188,0.9637593532466644
2008-08-07,0.9724654860623188,0.9639036559683215
2008-08-08,0.9724654860623188,0.9643770686609792
2008-08-11,0.9724654860623188,0.9642151326924684
2008-08-12,0.9724654860623188,0.9643811316002973
2008-08-13,0.9724654860623188,0.9644690410154743
2008-08-14,0.9724654860623188,0.9638038925922044
2008-08-15,0.9724654860623188,0.9630829126980289
2008-08-18,0.9724654860623188,0.9627022137572177
2008-08-19,0.9724654860623188,0.9629857742032079
2008-08-21,0.9724654860623188,0.9620642962669551
2008-08-22,0.9724654860623188,0.9621919296658347
2008-08-25,0.9724654860623188,0.9621104558054548
2008-08-26,0.9724654860623188,0.9618266540537438
2008-08-27,0.9724654860623188,0.9619141676472754
2008-08-28,0.9724654860623188,0.9614743259632207
2008-08-29,0.9724654860623188,0.9613743281105354
2008-09-01,0.9724654860623188,0.9611487383891314
2008-09-02,0.9724654860623188,0.9614798861390595
2008-09-03,0.9724654860623188,0.9617106846075808
2008-09-04,0.9724654860623188,0.960925038198312
2008-09-05,0.9724654860623188,0.9610834203105008
2008-09-08,0.9724654860623188,0.9601261602446383
2008-09-09,0.9724654860623188,0.9603001787185138
2008-09-10,0.9724654860623188,0.9601346818713151
2008-09-11,0.9724654860623188,0.9595087383715193
2008-09-12,0.9724654860623188,0.960277453636117
2008-09-15,0.9724654860623188,0.9609743953648008
2008-09-16,0.9724654860623188,0.961436017345397
2008-09-17,0.9724654860623188,0.9610418357693516
2008-09-18,0.9724654860623188,0.960843933931747
2008-09-19,0.9724654860623188,0.9595506498858175
2008-09-22,0.9724654860623188,0.9597470963191688
2008-09-23,0.9724654860623188,0.9592979318067251
2008-09-24,0.9724654860623188,0.9583787796159449
2008-09-25,0.9724654860623188,0.957650503984801
2008-09-26,0.9724654860623188,0.9566879033628667
2008-09-29,0.9724654860623188,0.9564036692346358
2008-09-30,0.9724654860623188,0.9559337847335658
2008-10-01,0.9724654860623188,0.95616289975471
2008-10-02,0.9724654860623188,0.955479642642677
2008-10-03,0.9724654860623188,0.9559825166210955
2008-10-06,0.9724654860623188,0.9563996446642604
2008-10-07,0.9724654860623188,0.9560893570815547
2008-10-08,0.9724654860623188,0.9560803644920047
2008-10-09,0.9724654860623188,0.9558386723566205
2008-10-10,0.9724654860623188,0.9555344607010705
2008-10-13,0.9724654860623188,0.9549624383611358
2008-10-14,0.9724654860623188,0.9545115811799937
2008-10-15,0.9724654860623188,0.9538907623327717
2008-10-16,0.9724654860623188,0.954375134254621
2008-10-20,0.9724654860623188,0.9551447302240597
2008-10-21,0.9724654860623188,0.9553178003756653
2008-10-22,0.9724654860623188,0.9550402107281665
2008-10-23,0.9724654860623188,0.9550900060962818
2008-10-24,0.9724654860623188,0.9539517904947354
2008-10-27,0.9724654860623188,0.9534004381796052
2008-10-28,0.9724654860623188,0.9536896067917936
2008-10-29,0.9724654860623188,0.9526637236486415
2008-10-30,0.9724654860623188,0.9523733195797334
2008-10-31,0.9724654860623188,0.9521143246559769
2008-11-03,0.9724654860623188,0.95216504727627
2008-11-04,0.9724654860623188,0.9523085433306981
2008-11-05,0.9724654860623188,0.9521286014140034
2008-11-06,0.9724654860623188,0.951565745628631
2008-11-07,0.9724654860623188,0.9506865293556872
2008-11-10,0.9724654860623188,0.9497981253333202
2008-11-11,0.9724654860623188,0.9500542928756847
2008-11-12,0.9724654860623188,0.9504920184217909
2008-11-13,0.9724654860623188,0.9502900957842326
2008-11-14,0.9724654860623188,0.9511405060521093
2008-11-17,0.9724654860623188,0.9508358387114247
2008-11-18,0.9724654860623188,0.950690613535729
2008-11-19,0.9724654860623188,0.9509262248689102
2008-11-20,0.9724654860623188,0.951353562179867
2008-11-21,0.9724654860623188,0.9508167543670195
2008-11-24,0.9724654860623188,0.9505844568077138
2008-11-25,0.9724654860623188,0.9508263862526133
2008-11-26,0.9724654860623188,0.9518805628989269
2008-11-27,0.9724654860623188,0.9514218748211225
2008-11-28,0.9724654860623188,0.9500816008077055
2008-12-01,0.9724654860623188,0.9493232722771454
2008-12-02,0.9724654860623188,0.9495048366687698
2008-12-03,0.9724654860623188,0.9496402047989467
2008-12-04,0.9724654860623188,0.9492298074831916
2008-12-05,0.9724654860623188,0.9494977647220025
2008-12-08,0.9724654860623188,0.9488298617027195
2008-12-09,0.9724654860623188,0.9481779646845521
2008-12-10,0.9724654860623188,0.9476154750787013
2008-12-11,0.9724654860623188,0.9475752583759024
2008-12-12,0.9724654860623188,0.9476760117692137
2008-12-15,0.9724654860623188,0.9481569882686217
2008-12-17,0.9724654860623188,0.9480063352436348
2008-12-18,0.9724654860623188,0.9475735633701167
2008-12-19,0.9724654860623188,0.9469057220898107
2008-12-22,0.9724654860623188,0.9475223625699057
2008-12-23,0.9724654860623188,0.9464159252859656
2008-12-24,0.9724654860623188,0.9463462680629177
2008-12-25,0.9724654860623188,0.9461516103080451
2008-12-26,0.9724654860623188,0.9462995263639205
2008-12-29,0.9724654860623188,0.9467076806359223
2008-12-30,0.9724654860623188,0.9458762857600471
2008-12-31,0.9724654860623188,0.9453464194719925
2009-01-01,0.9724654860623188,0.9449890582655671
2009-01-02,0.9724654860623188,0.9449270862587085
2009-01-05,0.9724654860623188,0.9446205865408371
2009-01-06,0.9724654860623188,0.9447629414809814
2009-01-07,0.9724654860623188,0.9446843673052807
2009-01-08,0.9724654860623188,0.9441746875549021
2009-01-09,0.9724654860623188,0.9441968927014862
2009-01-12,0.9724654860623188,0.9435134427613436
2009-01-13,0.9724654860623188,0.9436297824546949
2009-01-14,0.9724654860623188,0.9436550929775382
2009-01-15,0.9725105341160784,0.9436113795234689
2009-01-16,0.9722266172191943,0.9438868595366311
2009-01-19,0.9732908331193364,0.9428536648204371
2009-01-20,0.9734094387429534,0.9427387682827423
2009-01-21,0.9730624682911104,0.9430748062164028
2009-01-22,0.9730579312103473,0.9430792034742367
2009-01-23,0.9739782436083151,0.942187244778475
2009-01-26,0.9737263762043933,0.9424308911400933
2009-01-27,0.9740697510551791,0.9420985523285653
2009-01-28,0.9742555603205783,0.9419188417485457
2009-01-29,0.9749865187883763,0.9412121446750099
2009-01-30,0.9750658500062928,0.9411355615589194
2009-02-02,0.9753635882202822,0.9408481840231163
2009-02-03,0.9750390974592824,0.9411611919587274
2009-02-04,0.9754766176375403,0.9407388734962696
2009-02-05,0.9753206613569643,0.9408892760103342
2009-02-06,0.9745031179741742,0.9416779579608121
2009-02-09,0.9746819414695915,0.9415051579554616
2009-02-10,0.9752050735230281,0.9409998325712037
2009-02-11,0.974594906454996,0.9415885980775032
2009-02-13,0.9749947047624136,0.9410872592450833
2009-02-16,0.9768619495617701,0.9392849517228139
2009-02-17,0.9770269300170588,0.9391263175790123
2009-02-18,0.9771546100955812,0.9390035904378382
2009-02-19,0.9769050531073827,0.9392434039796423
2009-02-20,0.9772084723158548,0.9389516821902097
2009-02-23,0.9771348005707471,0.9390224697559734
2009-02-24,0.9771000542943685,0.9390558607827189
2009-02-25,0.9771409539388753,0.9390165535994787
2009-02-26,0.9771341912344672,0.9390230524483507
2009-02-27,0.9776395570497631,0.9385373974024631
2009-03-02,0.9785512968732805,0.9376621239799612
2009-03-03,0.9787685047228756,0.9374539922506924
2009-03-04,0.9788266005728233,0.9373983486677574
2009-03-05,0.9788476809903071,0.9373781604663671
2009-03-06,0.9785311912824552,0.9376812418812942
2009-03-09,0.9793537294646308,0.9368930415346641
2009-03-10,0.9797328936596437,0.9365303163157579
2009-03-11,0.9797320773845469,0.9365310965961582
2009-03-12,0.9812747898570049,0.9350564095496541
2009-03-13,0.9814504682484716,0.9348890056708851
2009-03-16,0.9814504682484716,0.9351683997274862
2009-03-17,0.9814504682484716,0.9352048655230861
2009-03-18,0.9814504682484716,0.9346241399650326
2009-03-19,0.9814504682484716,0.93471955671956
2009-03-20,0.9814504682484716,0.9353317771471935
2009-03-23,0.9814504682484716,0.9347653482706284
2009-03-24,0.9814504682484716,0.9348101356734358
2009-03-25,0.9814504682484716,0.9340947204971234
2009-03-26,0.9814504682484716,0.9336387340295852
2009-03-27,0.9814504682484716,0.9337041754432048
2009-03-30,0.9814504682484716,0.9328702055300812
2009-03-31,0.9814504682484716,0.9331170313199757
2009-04-01,0.9814504682484716,0.9325159092078483
2009-04-02,0.9814504682484716,0.9323459763334905
2009-04-03,0.9814504682484716,0.9329960618404973
2009-04-06,0.9814504682484716,0.9331133781828297
2009-04-07,0.9814504682484716,0.9325863561184989
2009-04-08,0.9814504682484716,0.9328029635916718
2009-04-09,0.9814504682484716,0.9326419738022623
2009-04-10,0.9814504682484716,0.932587115569289
2009-04-14,0.9824523519535086,0.9312355848645564
2009-04-15,0.9820664881877352,0.931601332952882
2009-04-16,0.9819274488494831,0.9317332275184806
2009-04-17,0.9828362133414608,0.9308709172997811
2009-04-20,0.982910555894695,0.9308005054450039
2009-04-21,0.9828961054025497,0.9308141898289106
2009-04-22,0.982589951533165,0.9311041211495538
2009-04-23,0.98251594240214,0.931174252343947
2009-04-24,0.9826080134510256,0.9310869924976602
2009-04-27,0.9832941067008525,0.9304368731298049
2009-04-28,0.9838990776051352,0.9298644225957486
2009-04-29,0.9849902072862599,0.9288332165564203
2009-04-30,0.9852771915338012,0.9285625940672085
2009-05-01,0.9852961163258904,0.92854475862538
2009-05-04,0.9853764895934936,0.9284690147194316
2009-05-05,0.9849611969474847,0.928860323379555
2009-05-06,0.9850202584378127,0.9288046258808358
2009-05-07,0.9849140864838063,0.9289047385446874
2009-05-08,0.9850954330246486,0.9287337046815121
2009-05-11,0.985543653051317,0.9283111293330486
2009-05-12,0.9851280308856711,0.9287026154745016
2009-05-13,0.9857659731986981,0.9281012127369332
2009-05-14,0.9864949359653347,0.9274148924072103
2009-05-15,0.9863011932933945,0.9275970320540562
2009-05-18,0.9855223808677186,0.9283294899477466
2009-05-19,0.9854501833516991,0.9283974976201476
2009-05-20,0.9860390998937272,0.9278426764296268
2009-05-21,0.9859210874646375,0.9279537237177825
2009-05-22,0.9854965541810891,0.9283532965094793
2009-05-25,0.985277727939825,0.9285594342799042
2009-05-26,0.9856743270142669,0.9281856657456558
2009-05-27,0.9860506254468661,0.9278313146160702
2009-05-28,0.9860020456616172,0.9278770261088151
2009-05-29,0.9856330417020749,0.9282242772104828
2009-06-01,0.9856715168326659,0.9281880430860446
2009-06-02,0.9856828454405604,0.9281773751523436
2009-06-03,0.9870786353016123,0.926863016709881
2009-06-04,0.9867106213852637,0.9272085803524311
2009-06-05,0.9869963076489576,0.9269401219521213
2009-06-08,0.9879464227951439,0.9260478188678551
2009-06-09,0.9881704372548776,0.9258378397667169
2009-06-11,0.9882757664916534,0.9260730996781488
2009-06-12,0.9882235383427619,0.926122040556165
2009-06-15,0.9880621262017165,0.9262733093082595
2009-06-16,0.9882931034560873,0.9260567762987376
2009-06-17,0.98784214615878,0.9264793352132261
2009-06-18,0.9884966747626741,0.9258654646386896
2009-06-19,0.9884329490903775,0.9259251526484691
2009-06-22,0.9884064896054249,0.9259499388544189
2009-06-23,0.9884656785695982,0.9258944899896719
2009-06-24,0.988317248598054,0.926033524147136
2009-06-25,0.9885280649569708,0.9258359934290672
2009-06-26,0.9884103669193759,0.9259462271021658
2009-06-29,0.9886983927146622,0.9256764035477199
2009-06-30,0.9884884030969849,0.9258730079272821
2009-07-01,0.9887095385434472,0.925665880215582
2009-07-02,0.9895607025708794,0.9248689894524753
2009-07-03,0.9891276847489818,0.9252736990921294
2009-07-06,0.9889145929506082,0.9254730345667779
2009-07-07,0.9891253407464383,0.9252758068147299
2009-07-08,0.9890725198074503,0.9253252180823677
2009-07-09,0.9895820003526682,0.9248485743710408
2009-07-10,0.9898681207825567,0.9245811704857775
2009-07-13,0.9904011488653108,0.9240832983770515
2009-07-14,0.990758391839031,0.9237499766055092
2009-07-15,0.9908505455058553,0.9236640556097606
2009-07-16,0.9909989199939327,0.9235257419336685
2009-07-17,0.9913638082510086,0.9231856974678876
2009-07-20,0.9925242972976533,0.9221050176195675
2009-07-21,0.9922738514768602,0.9223376943899235
2009-07-22,0.9919876254585512,0.9226037469976875
2009-07-23,0.9927543641044233,0.921890637348439
2009-07-24,0.9928115290876807,0.9218375528546763
2009-07-27,0.9918373476346368,0.9227420921558421
2009-07-28,0.9923002751639819,0.9223114139625243
2009-07-29,0.9923001784624743,0.9223115038434871
2009-07-30,0.9924393773163053,0.9221821229293277
2009-07-31,0.9928003620900983,0.9218466931664118
2009-08-03,0.9932169121834662,0.9214599131643365
2009-08-04,0.9940324803486297,0.9207032673990132
2009-08-05,0.9939689368562219,0.9207621233239839
2009-08-06,0.994213404335282,0.9205356611210351
2009-08-10,0.994213404335282,0.9204740188548358
2009-08-11,0.994213404335282,0.9200169623061915
2009-08-12,0.994213404335282,0.92028673708988
2009-08-13,0.994213404335282,0.919818570225598
2009-08-14,0.994213404335282,0.9200156284067752
2009-08-17,0.994213404335282,0.919530343308525
2009-08-18,0.994213404335282,0.9192818054049076
2009-08-19,0.994213404335282,0.9184605770338526
2009-08-20,0.994213404335282,0.9186499112645486
2009-08-21,0.994213404335282,0.9186123214730578
2009-08-24,0.994213404335282,0.9181005956997639
2009-08-25,0.994213404335282,0.9180734966480383
2009-08-26,0.994213404335282,0.9179685050795691
2009-08-27,0.994213404335282,0.9186685782545386
2009-08-28,0.994213404335282,0.9186416973210869
2009-08-31,0.994213404335282,0.9189896215155533
2009-09-01,0.994213404335282,0.9184245476967845
2009-09-02,0.994213404335282,0.9174996702125993
2009-09-03,0.994213404335282,0.9172238312931295
2009-09-04,0.994213404335282,0.9170128630594397
2009-09-07,0.994213404335282,0.9167449646062739
2009-09-08,0.9944891369572546,0.9164907168847397
2009-09-09,0.9940734336069221,0.9168738163550096
2009-09-10,0.9944657454986627,0.9165119713552126
2009-09-11,0.9951291492415196,0.9159005702336331
2009-09-14,0.995454363175425,0.9156012486553848
2009-09-15,0.9957127993596193,0.9153635436417755
2009-09-16,0.9962259315348968,0.9148918187763115
2009-09-17,0.9962259315348968,0.9158622879560884
2009-09-18,0.9962259315348968,0.9154455559621659
2009-09-21,0.9962259315348968,0.9151904718161359
2009-09-22,0.9962259315348968,0.915877579931728
2009-09-23,0.9962259315348968,0.915333554091074
2009-09-24,0.9962259315348968,0.914750705218212
2009-09-25,0.9962259315348968,0.9150501410644936
2009-09-28,0.9962259315348968,0.9142518250060802
2009-09-29,0.9962259315348968,0.913518689056909
2009-09-30,0.9962259315348968,0.9128657972514663
2009-10-01,0.9962259315348968,0.912277118713684
2009-10-02,0.9962259315348968,0.9116302511531991
2009-10-05,0.9962259315348968,0.911570982366883
2009-10-07,0.9958653266331343,0.9123909516601392
2009-10-08,0.995227603282762,0.9129752204352245
2009-10-09,0.9963369362598601,0.9119575702856895
2009-10-12,0.9965374620778049,0.9117740269169179
2009-10-13,0.996823999011643,0.9115118622277139
2009-10-14,0.9971229467413717,0.9112384996259868
2009-10-15,0.9974810194717856,0.9109112685070102
2009-10-16,0.9981659497510479,0.9102857822096848
2009-10-19,0.9979493728934611,0.9104832912854715
2009-10-20,0.9980127868832884,0.9104254352661785
2009-10-21,0.9980127868832884,0.9107331979204353
2009-10-22,0.9980127868832884,0.911403935560466
2009-10-23,0.9980127868832884,0.9116068602110264
2009-10-26,0.9980127868832884,0.9114995926322353
2009-10-27,0.9980127868832884,0.911536129095252
2009-10-28,0.9980127868832884,0.9112532672729661
2009-10-29,0.9980127868832884,0.911615969248151
2009-10-30,0.9980127868832884,0.9114956929846607
2009-11-02,0.9980127868832884,0.9117992554596019
2009-11-03,0.9980127868832884,0.9115019083661279
2009-11-04,0.9980127868832884,0.9109369848638158
2009-11-05,0.9980127868832884,0.9111173997055366
2009-11-06,0.9980127868832884,0.9108241820336154
2009-11-09,0.9980127868832884,0.910821226611253
2009-11-10,0.9980127868832884,0.9102681453575452
2009-11-11,0.9980127868832884,0.9092395258479468
2009-11-12,0.9980127868832884,0.9096799196312655
2009-11-13,0.9980127868832884,0.909533413362744
2009-11-16,0.9980127868832884,0.909462818577725
2009-11-17,0.9980127868832884,0.9088117291886576
2009-11-18,0.9980127868832884,0.9084329512754621
2009-11-19,0.9980127868832884,0.9083684088234485
2009-11-20,0.9980127868832884,0.908024649929055
2009-11-23,0.9980127868832884,0.9081669297430099
2009-11-24,0.9980127868832884,0.9072539255448551
2009-11-25,0.9980127868832884,0.9071532817474313
2009-11-26,0.9980127868832884,0.9065435728403465
2009-11-27,0.9980127868832884,0.9065066872343467
2009-11-30,0.9980127868832884,0.9067587782803518
2009-12-01,0.9980127868832884,0.9072859670872957
2009-12-02,0.9980127868832884,0.9076703193072926
2009-12-04,0.9980127868832884,0.9076809880170003
2009-12-07,0.9980127868832884,0.9070639827384884
2009-12-08,0.9980127868832884,0.9069444856621559
2009-12-09,0.9980127868832884,0.9060869050733465
2009-12-10,0.9980127868832884,0.9058308631739395
2009-12-11,0.9980127868832884,0.9055863578397093
2009-12-14,0.9980127868832884,0.904436932505308
2009-12-15,0.9980127868832884,0.9042420387840457
2009-12-16,0.9980127868832884,0.9044889063330371
2009-12-17,0.9980127868832884,0.9048595414926985
2009-12-18,0.9980127868832884,0.9053982172361288
2009-12-21,0.9980127868832884,0.9050224071738973
2009-12-22,0.9980127868832884,0.9049619914983309
2009-12-23,0.9980127868832884,0.904919264057694
2009-12-24,0.9980127868832884,0.904799662833546
2009-12-25,0.9980127868832884,0.9045766874110999
2009-12-28,0.9980127868832884,0.9042986390615995
2009-12-29,0.9980127868832884,0.9040470136387124
2009-12-30,0.9980127868832884,0.9037223254330498
2009-12-31,0.9980127868832884,0.9029953353202698
2010-01-01,0.9980127868832884,0.9032196501178928
2010-01-04,0.9980127868832884,0.9024845111522063
2010-01-05,0.9980127868832884,0.902191350577527
2010-01-06,0.9980127868832884,0.901702407053102
2010-01-07,0.9980127868832884,0.9015202484203398
2010-01-08,0.9980127868832884,0.9011617555847464
2010-01-11,0.9980127868832884,0.9005971436234544
2010-01-12,0.9980127868832884,0.9005586920328058
2010-01-13,0.9980127868832884,0.9005733427437304
2010-01-14,0.9980127868832884,0.9001526998036744
2010-01-15,0.9980127868832884,0.9008197895358806
2010-01-18,0.9980127868832884,0.9004672023669607
2010-01-19,0.9980127868832884,0.9005263594648043
2010-01-20,0.9980127868832884,0.9004609826192387
2010-01-21,0.9980127868832884,0.9003547455344353
2010-01-22,0.9980127868832884,0.9008017503345545
2010-01-25,0.9980127868832884,0.9007237415494271
2010-01-26,0.9980127868832884,0.9007463416398158
2010-01-27,0.9980127868832884,0.900589447435502
2010-01-28,0.9980127868832884,0.9005031060320499
2010-01-29,0.9980127868832884,0.8995741159199472
2010-02-02,0.9980127868832884,0.8992767866222497
2010-02-03,0.9980127868832884,0.8990612900123689
2010-02-04,0.9980127868832884,0.8991239709307778
2010-02-05,0.9980127868832884,0.898098996378674
2010-02-08,0.9980127868832884,0.8982870862303329
2010-02-09,0.9980127868832884,0.8973514498377025
2010-02-10,0.9980127868832884,0.89712873025772
2010-02-11,0.9980127868832884,0.896814708119829
2010-02-12,0.9980127868832884,0.8961111564884836
2010-02-15,0.9980127868832884,0.8958101714193498
2010-02-16,0.9980127868832884,0.8954996889812811
2010-02-17,0.9980127868832884,0.8954130209090917
2010-02-18,0.9980127868832884,0.8949672646953111
2010-02-19,0.9980127868832884,0.8946224631937593
2010-02-22,0.9980127868832884,0.8944026639657994
2010-02-23,0.9980127868832884,0.8949407408220077
2010-02-24,0.9980127868832884,0.8948059200482228
2010-02-25,0.9980127868832884,0.8949546222612452
2010-02-26,0.9980127868832884,0.8941025846902966
2010-03-01,0.9980127868832884,0.8935068365905682
2010-03-02,0.9980127868832884,0.8937962396895966
2010-03-03,0.9980127868832884,0.8938486314807311
2010-03-04,0.9980127868832884,0.8942916222698812
2010-03-05,0.9980127868832884,0.8939618526439335
2010-03-08,0.9980127868832884,0.8936442105274544
2010-03-09,0.9980127868832884,0.8930240641258137
2010-03-10,0.9980127868832884,0.892545268522279
2010-03-11,0.9980127868832884,0.892045978696479
2010-03-12,0.9980127868832884,0.892181654372491
2010-03-15,0.9980127868832884,0.8920748362004576
2010-03-16,0.9980127868832884,0.8925768938280247
2010-03-17,0.9980127868832884,0.892769716886861
2010-03-18,0.9980127868832884,0.892215447448154
2010-03-19,0.9980127868832884,0.8911876185159828
2010-03-22,0.9980127868832884,0.8912903822573053
2010-03-23,0.9980127868832884,0.8913153873417914
2010-03-24,0.9980127868832884,0.8912787397642484
2010-03-25,0.9980127868832884,0.8908088137547372
2010-03-26,0.9980127868832884,0.8910259914158332
2010-03-29,0.9980127868832884,0.8903546107368805
2010-03-30,0.9980127868832884,0.8903744566619424
2010-04-01,0.9971560090541823,0.8892882882885904
2010-04-02,0.9968633633203386,0.8890272996154422
2010-04-05,0.9966165165089391,0.8888071555493324
2010-04-06,0.9964103462782538,0.8886232878597458
2010-04-07,0.9963304878809122,0.8885520681741272
2010-04-08,0.9963778228323259,0.8885942826496324
2010-04-09,0.9958801242453128,0.8881504227916865
2010-04-12,0.9950980451008813,0.8874529453484955
2010-04-13,0.9947958155909975,0.8871834096278315
2010-04-14,0.9947107053371389,0.8871075062072208
2010-04-15,0.9940207523630751,0.8864921891517815
2010-04-16,0.9939648120451224,0.8864423001984516
2010-04-19,0.9936541632638164,0.8861652559641712
2010-04-20,0.9935273723306686,0.8860521806871977
2010-04-21,0.9936842291653556,0.8861920694756708
2010-04-22,0.9932032938961513,0.8857631595574184
2010-04-23,0.9936767292620537,0.8861853808771877
2010-04-26,0.9937357205791753,0.8862379907867208
2010-04-27,0.9938993844991327,0.8863839503014929
2010-04-28,0.9938537995367052,0.8863432965092669
2010-04-29,0.9927921727271164,0.8853965115731806
2010-04-30,0.9915538979132016,0.8842921875960913
2010-05-03,0.9912661443929267,0.8840355619194963
2010-05-04,0.9908918772142203,0.8837017812315274
2010-05-05,0.9916286594744488,0.8843588617977485
2010-05-06,0.9916151363152986,0.8843468015113503
2010-05-07,0.9918282340265204,0.8845368472986994
2010-05-10,0.9918230733955534,0.8845322449208994
2010-05-11,0.9914566875496821,0.8842054929996659
2010-05-12,0.9916464740086794,0.8843747492381377
2010-05-13,0.9926079459304342,0.8852322135784929
2010-05-14,0.9920802656113478,0.8847616152734503
2010-05-17,0.9920802656113478,0.8846628686201454
2010-05-18,0.9920802656113478,0.8842640076007953
2010-05-19,0.9920802656113478,0.8832801764413781
2010-05-20,0.9920802656113478,0.8831681018385255
2010-05-21,0.9920802656113478,0.8838295081387573
2010-05-24,0.9920802656113478,0.8834037082459937
2010-05-25,0.9920802656113478,0.8825262791750986
2010-05-26,0.9920802656113478,0.881624437067261
2010-05-27,0.9920802656113478,0.8819306877437211
2010-05-31,0.9920722160692848,0.8813517054439594
2010-06-01,0.9918364895288024,0.8811422872331605
2010-06-02,0.9906879653168245,0.8801219444026948
2010-06-03,0.9908170387343035,0.8802366125435619
2010-06-04,0.9903993283239908,0.8798655208260966
2010-06-07,0.9903492269561928,0.8798210110361452
2010-06-08,0.9895261307809712,0.8790897767509536
2010-06-09,0.9891780588758703,0.8787805515129026
2010-06-10,0.988849879407314,0.8784889986101816
2010-06-11,0.9891751253656011,0.8787779453979073
2010-06-14,0.9890269129384,0.8786462742621111
2010-06-15,0.9888523778413248,0.878491218205732
2010-06-16,0.9884453801509635,0.878129643611966
2010-06-17,0.9884245363739096,0.8781111261107631
2010-06-18,0.9882267044071031,0.8779353732386316
2010-06-21,0.9881143580613879,0.8778355653397785
2010-06-22,0.9875575902487485,0.8773409357621552
2010-06-23,0.9874360919676606,0.8772329973323607
2010-06-24,0.988350767523357,0.8780455902544113
2010-06-25,0.9876390639367856,0.8774133165553447
2010-06-28,0.9877763629406435,0.8775352922636106
2010-06-29,0.9877763629406435,0.8778211882789128
2010-06-30,0.9877763629406435,0.8779781051699964
2010-07-01,0.9877763629406435,0.8771162066078911
2010-07-02,0.9877763629406435,0.8770874096864384
2010-07-05,0.9877763629406435,0.8757973546315923
2010-07-06,0.9877763629406435,0.8752370037275031
2010-07-07,0.9877763629406435,0.8751040812439611
2010-07-08,0.9877763629406435,0.8752733180413749
2010-07-09,0.9877763629406435,0.8749310460520595
2010-07-12,0.9877763629406435,0.8744740034313816
2010-07-13,0.9877763629406435,0.8739349598498625
2010-07-14,0.9877763629406435,0.8740734124509255
2010-07-15,0.9877763629406435,0.8742178896410664
2010-07-16,0.9877763629406435,0.8743698258639757
2010-07-19,0.9877763629406435,0.8740320304858438
2010-07-20,0.9877763629406435,0.8737839202344807
2010-07-21,0.9877763629406435,0.873399292852071
2010-07-22,0.9877763629406435,0.8731987925153708
2010-07-23,0.9877763629406435,0.8742046564242922
2010-07-26,0.9877763629406435,0.873565831820242
2010-07-28,0.9877763629406435,0.8737379077791279
2010-07-29,0.9877763629406435,0.8738291745275659
2010-07-30,0.9877763629406435,0.8731334835789696
2010-08-02,0.9877763629406435,0.8729437464316114
2010-08-03,0.9877763629406435,0.8731868140133102
2010-08-04,0.9877763629406435,0.8732109169555002
2010-08-05,0.9877763629406435,0.8734109572645021
2010-08-06,0.9877763629406435,0.8741440262239674
2010-08-09,0.9877763629406435,0.8741067956356634
2010-08-10,0.9877763629406435,0.8734603961311277
2010-08-11,0.9877763629406435,0.8730798084236592
2010-08-12,0.9877763629406435,0.8727429417738817
2010-08-13,0.9877763629406435,0.8724256619083743
2010-08-16,0.9877763629406435,0.8719647110318457
2010-08-17,0.9877763629406435,0.8719498525692198
2010-08-18,0.9877763629406435,0.8716145131523714
2010-08-19,0.9877763629406435,0.8712839277862353
2010-08-20,0.9877763629406435,0.8707973664334284
2010-08-23,0.9877763629406435,0.8704926085116279
2010-08-24,0.9877763629406435,0.870195525825183
2010-08-25,0.9877763629406435,0.870359529585028
2010-08-26,0.9871142120628035,0.8697760884862398
2010-08-27,0.9872168322128396,0.8698665101938877
2010-08-30,0.9876815107822746,0.8702759524890017
2010-08-31,0.9877535613091297,0.8703394383801535
2010-09-01,0.9879884211650963,0.8705463804790199
2010-09-02,0.9883298443664177,0.8708472187537958
2010-09-03,0.9880027426367464,0.8705589995594069
2010-09-06,0.9882394963505712,0.8707676103935218
2010-09-07,0.9879872753609128,0.8705453708764139
2010-09-08,0.9884705513465806,0.8709711999155837
2010-09-09,0.9881599517097652,0.8706975212126604
2010-09-10,0.9880928103144289,0.8706383609052739
2010-09-13,0.9879196818850513,0.870485812227249
2010-09-14,0.9876979355202179,0.870290424820722
2010-09-15,0.9872698452073186,0.869913221541383
2010-09-16,0.9877671337226501,0.8703513974428425
2010-09-17,0.9876248562382863,0.870226032462461
2010-09-20,0.9879746576864878,0.8705342530631225
2010-09-21,0.9881642997353699,0.8707013523890905
2010-09-22,0.9875845063996298,0.8701904790032879
2010-09-24,0.9875845063996298,0.8698294886152916
2010-09-27,0.9875845063996298,0.8702817527989539
2010-09-28,0.9875845063996298,0.8700381431359294
2010-09-29,0.9875845063996298,0.8705537883566806
2010-09-30,0.9875845063996298,0.8703323469098625
2010-10-01,0.9875845063996298,0.8699907689217885
2010-10-04,0.9875845063996298,0.8695282835202001
2010-10-05,0.9875845063996298,0.8701043791043344
2010-10-06,0.9875845063996298,0.8709665985632418
2010-10-07,0.9875845063996298,0.8707050432344027
2010-10-08,0.9875845063996298,0.8703151176729099
2010-10-11,0.9875845063996298,0.8698433956921752
2010-10-12,0.9875845063996298,0.8698578829579123
2010-10-13,0.9875845063996298,0.8702042849416292
2010-10-14,0.9875845063996298,0.8698694179188827
2010-10-15,0.9875845063996298,0.8704636344285814
2010-10-18,0.9875845063996298,0.8704237265730499
2010-10-19,0.9875845063996298,0.8705296939504089
2010-10-20,0.9875845063996298,0.8699661036092083
2010-10-21,0.9875845063996298,0.86917234752932
2010-10-22,0.9875845063996298,0.8693307457206161
2010-10-25,0.9875845063996298,0.8695432511441897
2010-10-26,0.9875845063996298,0.8697474061382098
2010-10-27,0.9875845063996298,0.8707016124186099
2010-10-28,0.9875845063996298,0.8711265321848162
2010-10-29,0.9875845063996298,0.8714070162772687
2010-11-01,0.9875845063996298,0.8717194338465637
2010-11-02,0.9875845063996298,0.8716871093554871
2010-11-03,0.9875845063996298,0.8724576568474711
2010-11-04,0.9875845063996298,0.8721892922552401
2010-11-05,0.9875845063996298,0.8723819913804038
2010-11-08,0.9875845063996298,0.8722944337925573
2010-11-09,0.9875845063996298,0.8725033066387865
2010-11-10,0.9875845063996298,0.8724855105748075
2010-11-11,0.9875845063996298,0.8723148310220226
2010-11-12,0.9875845063996298,0.8727533648171479
2010-11-15,0.9875845063996298,0.8730293671844168
2010-11-16,0.9875845063996298,0.8732192428266304
2010-11-17,0.9875845063996298,0.8736398738152099
2010-11-18,0.9875845063996298,0.8741130132380317
2010-11-19,0.9875845063996298,0.8744744630129345
2010-11-23,0.9875845063996298,0.8744091550266235
2010-11-24,0.9875845063996298,0.8745748693039498
2010-11-25,0.9875845063996298,0.8741473910742957
2010-11-26,0.9875845063996298,0.874609045611393
2010-11-29,0.9875845063996298,0.8747616495951357
2010-11-30,0.9875845063996298,0.8746277040594048
2010-12-01,0.9875845063996298,0.8745537421613129
2010-12-02,0.9875845063996298,0.8747224816179667
2010-12-03,0.9875845063996298,0.8758500784114662
2010-12-06,0.9875845063996298,0.8758619744963144
2010-12-07,0.9875845063996298,0.8753976085548196
2010-12-08,0.9875845063996298,0.875480677151315
2010-12-09,0.9875845063996298,0.8755363502679857
2010-12-10,0.9875845063996298,0.8751065063906753
2010-12-13,0.9875845063996298,0.8753936021319385
2010-12-14,0.9875845063996298,0.8758753984635087
2010-12-15,0.9875845063996298,0.8761802521171209
2010-12-16,0.9875845063996298,0.8766723585874159
2010-12-17,0.9875845063996298,0.8766020810900736
2010-12-20,0.9875845063996298,0.8761973993006376
2010-12-21,0.9875845063996298,0.8767634075328412
2010-12-22,0.9872158079585285,0.8770907327384082
2010-12-23,0.9870088904521984,0.8772745683554846
2010-12-24,0.9870999809573554,0.8771936051702833
2010-12-27,0.9860351229525084,0.8781398990111161
2010-12-28,0.9846958792568036,0.8793325982327991
2010-12-29,0.9845254957371733,0.8794847505736066
2010-12-30,0.9839197826952202,0.8800258390328977
2010-12-31,0.9836030772518305,0.8803091029518137
2011-01-03,0.9833245736087174,0.8805583592808228
2011-01-04,0.9832203015551989,0.880651733971977
2011-01-05,0.9835254561609935,0.8803784127922807
2011-01-06,0.983396074990195,0.8804942251376342
2011-01-07,0.9835817408135662,0.8803279872509461
2011-01-10,0.9836015230418036,0.8803102817075786
2011-01-11,0.9828545389437758,0.8809788225407936
2011-01-12,0.9833004857811303,0.8805790993832747
2011-01-13,0.9830085673827024,0.8808405222586809
2011-01-14,0.9831147321333411,0.8807453916387645
2011-01-17,0.9827656802276911,0.8810580976203715
2011-01-18,0.9825898809098378,0.8812157032588944
2011-01-20,0.9826358735027236,0.8813121661682601
2011-01-21,0.9820822853370887,0.8818086715356874
2011-01-24,0.9818007097860059,0.8820614973592915
2011-01-25,0.9822980649477201,0.8816146675349815
2011-01-26,0.9812297059134586,0.882573522111213
2011-01-27,0.9813408365217878,0.8824735649535603
2011-01-28,0.981153332434808,0.8826421785421551
2011-01-31,0.9812698906810507,0.8825373231429124
2011-02-01,0.9805968738050461,0.8831426229873487
2011-02-02,0.9806531114971074,0.8830919743424219
2011-02-03,0.9801079838559105,0.8835828694808652
2011-02-04,0.9799126032801306,0.8837590081641857
2011-02-07,0.9796727070994798,0.8839753646126737
2011-02-08,0.9788123257776201,0.8847517013291967
2011-02-09,0.9788986487689101,0.8846736736916239
2011-02-10,0.9787664797492399,0.8847931206357246
2011-02-11,0.9786572632496294,0.8848918510372193
2011-02-14,0.9779602801560452,0.8855220559955675
2011-02-15,0.9768134533004003,0.8865604831134047
2011-02-16,0.9768440833166406,0.8865326831666452
2011-02-17,0.9780517552779406,0.8854366631543202
2011-02-18,0.9784479964086422,0.885077943462157
2011-02-21,0.9784167869846427,0.8851061746741492
2011-02-22,0.9780542190082108,0.8854341649119988
2011-02-23,0.9780105335789908,0.8854737134061297
2011-02-24,0.978045712316393,0.8854418631896228
2011-02-25,0.9773416152904737,0.8860792945229904
2011-02-28,0.9775215901252409,0.8859161253995974
2011-03-01,0.9777957625934547,0.8856676461709185
2011-03-02,0.9775651743433953,0.8858765083489699
2011-03-03,0.9778518396190785,0.8856167302388733
2011-03-04,0.9776720121967396,0.885779595580356
2011-03-07,0.9777895423532839,0.8856731122063478
2011-03-08,0.97792346350629,0.8855518076114064
2011-03-09,0.9779251482022099,0.8855502820467044
2011-03-10,0.9771925414460951,0.8862136867261928
2011-03-11,0.976848068923634,0.8865260880710235
2011-03-14,0.9771695791938141,0.8862343054989276
2011-03-15,0.976512745645709,0.8868300142026447
2011-03-16,0.975780749218087,0.8874947842276126
2011-03-17,0.9757588812129692,0.8875146736756254
2011-03-21,0.975507845241473,0.8878311619835654
2011-03-22,0.9755296328522278,0.8878113325994474
2011-03-23,0.9754183877979788,0.8879125746494394
2011-03-24,0.9758320426009123,0.8875360292555005
2011-03-25,0.9749224223507339,0.8883633445205558
2011-03-28,0.9743165346522378,0.888915438112723
2011-03-29,0.9738721446836801,0.8893208762732632
2011-03-30,0.9731401472295779,0.8899893219423027
2011-03-31,0.9728189755665609,0.8902830508069572
2011-04-01,0.97340766805749,0.8897443041747729
2011-04-04,0.9730666316191795,0.8900560288903882
2011-04-05,0.9727687643932322,0.8903284855872354
2011-04-06,0.9722297103763922,0.8908218558146012
2011-04-07,0.9714762421979181,0.8915122337303159
2011-04-08,0.9711916123850618,0.8917734351362004
2011-04-11,0.9711962457157121,0.891769180691313
2011-04-12,0.9718639305624279,0.8911561009236116
2011-04-13,0.9716628109662164,0.8913405186692888
2011-04-14,0.9707771979438385,0.8921529226861942
2011-04-15,0.9705408078188564,0.8923701673241435
2011-04-18,0.9707108563826258,0.8922138150470609
2011-04-19,0.9710891620064235,0.8918661013054838
2011-04-20,0.9718346263498645,0.891181453176703
2011-04-21,0.9711970554091263,0.8917661116999379
2011-04-22,0.9706062802202382,0.8923085693712718
2011-04-25,0.969612108087013,0.8932225427629396
2011-04-26,0.9694379107817079,0.8933830161715215
2011-04-27,0.9695688679783273,0.8932623329034091
2011-04-28,0.9697691878975062,0.893077778464583
2011-04-29,0.9693789938829531,0.8934371151067821
2011-05-02,0.9687574453008522,0.8940099711059273
2011-05-03,0.9687815683760678,0.8939877093211211
2011-05-04,0.9682907025547978,0.8944406783137876
2011-05-05,0.9689790929061733,0.8938047904226776
2011-05-06,0.9681339662904369,0.8945843513267147
2011-05-09,0.9681681515627519,0.8945527631263998
2011-05-10,0.9688796151459921,0.8938953962080355
2011-05-11,0.9688630620732026,0.8939106681936655
2011-05-12,0.9686546323092179,0.8941029735842707
2011-05-13,0.9685140663685989,0.894232720989899
2011-05-16,0.9682258929410592,0.8944987926115452
2011-05-18,0.9682258929410592,0.8950695601799781
2011-05-19,0.9682258929410592,0.8946323957651581
2011-05-20,0.9682258929410592,0.8949347832278971
2011-05-23,0.9682258929410592,0.8951243825020619
2011-05-24,0.9682258929410592,0.8954589357351009
2011-05-25,0.9682258929410592,0.8955319715538065
2011-05-26,0.9682258929410592,0.8963980833727375
2011-05-27,0.9682258929410592,0.8965388438060456
2011-05-30,0.9682258929410592,0.8956245854636222
2011-05-31,0.9682258929410592,0.8965271875408887
2011-06-01,0.9682258929410592,0.8966492412192192
2011-06-02,0.9682258929410592,0.8969552037503925
2011-06-03,0.9682258929410592,0.8969381617076879
2011-06-06,0.9682258929410592,0.8976374657931817
2011-06-07,0.9682258929410592,0.8980565676460617
2011-06-08,0.9682258929410592,0.8980096727743164
2011-06-09,0.9682258929410592,0.8976223047326684
2011-06-10,0.9682258929410592,0.8978731147011821
2011-06-13,0.9682258929410592,0.8976605544036204
2011-06-14,0.9682258929410592,0.8986337494117627
2011-06-15,0.9682258929410592,0.8989119441246918
2011-06-16,0.9682258929410592,0.8988731417870864
2011-06-17,0.9682258929410592,0.8984493252333875
2011-06-20,0.9682258929410592,0.8983758920964935
2011-06-21,0.9682258929410592,0.8984789936203799
2011-06-22,0.9682258929410592,0.8986586713461291
2011-06-23,0.9682258929410592,0.8994002300079957
2011-06-24,0.9682258929410592,0.8995041420462366
2011-06-27,0.9682258929410592,0.8991994770053513
2011-06-28,0.9682258929410592,0.8994352221103729
2011-06-29,0.9682258929410592,0.9000716636591068
2011-06-30,0.9682258929410592,0.9000479745981106
2011-07-01,0.9682258929410592,0.9003273272776655
2011-07-04,0.9682258929410592,0.900726474362259
2011-07-05,0.9682258929410592,0.8997787328023421
2011-07-06,0.9682258929410592,0.8998907827881638
2011-07-07,0.9682258929410592,0.9004954470270807
2011-07-08,0.9682258929410592,0.9008327897564901
2011-07-11,0.9682258929410592,0.90062091976008
2011-07-12,0.9682258929410592,0.9008062900618433
2011-07-13,0.9682258929410592,0.9011837294071922
2011-07-15,0.9682258929410592,0.9004461467315126
2011-07-18,0.9682258929410592,0.9011609309134639
2011-07-19,0.9682258929410592,0.9019575262227806
2011-07-20,0.9682258929410592,0.9016130413142914
2011-07-21,0.9682258929410592,0.9020693119660148
2011-07-22,0.9682258929410592,0.9022088150086212
2011-07-25,0.9682258929410592,0.903100491104166
2011-07-26,0.9682258929410592,0.9027065765354452
2011-07-27,0.9682258929410592,0.9029568870437998
2011-07-28,0.9682258929410592,0.9026436937897067
2011-07-29,0.9682258929410592,0.9026200500497851
2011-08-01,0.9682258929410592,0.9029120450674988
2011-08-02,0.9682258929410592,0.9031876026124486
2011-08-03,0.9682258929410592,0.9029730270708215
2011-08-04,0.9682258929410592,0.9033192269041054
2011-08-05,0.9682258929410592,0.9032701868102958
2011-08-08,0.9682258929410592,0.9028549834994831
2011-08-09,0.9682258929410592,0.9036618109047503
2011-08-10,0.9682258929410592,0.9030517540587344
2011-08-11,0.9682258929410592,0.9033549872839908
2011-08-12,0.9682258929410592,0.9037243450714189
2011-08-15,0.9682258929410592,0.9046317645021051
2011-08-16,0.9682258929410592,0.9047027219125003
2011-08-17,0.9682258929410592,0.90461125660107
2011-08-18,0.9682258929410592,0.9048959486648165
2011-08-19,0.9682258929410592,0.9043008616692283
2011-08-22,0.9682258929410592,0.9052975203949325
2011-08-23,0.9682258929410592,0.9058080439066172
2011-08-24,0.9682258929410592,0.9063125222911143
2011-08-25,0.9682258929410592,0.9061640593441682
2011-08-26,0.9682258929410592,0.9059645077615617
2011-08-29,0.9682258929410592,0.9064509965446466
2011-08-30,0.9682258929410592,0.9078267020318186
2011-08-31,0.9682258929410592,0.907735828331726
2011-09-01,0.9682258929410592,0.9076621353734731
2011-09-02,0.9682258929410592,0.9075381220427038
2011-09-05,0.9682258929410592,0.9071045714735344
2011-09-06,0.9682258929410592,0.9075911751668142
2011-09-07,0.9682258929410592,0.9072089140052163
2011-09-08,0.9682258929410592,0.9070631536907163
2011-09-09,0.9682258929410592,0.9079715422452218
2011-09-13,0.9682258929410592,0.9087477979135637
2011-09-14,0.9682258929410592,0.9088353746764257
2011-09-15,0.9682258929410592,0.9086225359411177
2011-09-16,0.9682258929410592,0.9092958404732403
2011-09-19,0.9682258929410592,0.9093768627880071
2011-09-20,0.9682258929410592,0.9094072113392406
2011-09-21,0.9682258929410592,0.909880740826606
2011-09-22,0.9682258929410592,0.9102582450803461
2011-09-23,0.9682258929410592,0.9098822727709027
2011-09-26,0.9682258929410592,0.9101844908389152
2011-09-27,0.9682258929410592,0.9098384760832685
2011-09-28,0.9682258929410592,0.9097318911003864
2011-09-29,0.9682258929410592,0.9105624626030702
2011-09-30,0.9682258929410592,0.9107749139044576
2011-10-03,0.9682258929410592,0.9102469953945693
2011-10-04,0.9682258929410592,0.91052701364707
2011-10-05,0.9682258929410592,0.9107964825237276
2011-10-06,0.9682258929410592,0.910677749603738
2011-10-07,0.9682258929410592,0.9105242133492547
2011-10-10,0.9682258929410592,0.9106419529974614
2011-10-11,0.9682258929410592,0.9108208230811633
2011-10-12,0.9682258929410592,0.9103617444001488
2011-10-13,0.9682258929410592,0.9099406951153193
2011-10-14,0.9682258929410592,0.9096256310681102
2011-10-17,0.9682258929410592,0.9097348813845908
2011-10-18,0.9682258929410592,0.9100745797339205
2011-10-19,0.9682258929410592,0.9103921772358493
2011-10-20,0.9682258929410592,0.9102630554522033
2011-10-21,0.9682258929410592,0.9101398929312614
2011-10-24,0.9682258929410592,0.9099484573801737
2011-10-25,0.9682258929410592,0.9099574120258894
2011-10-26,0.9682258929410592,0.9110397553332805
2011-10-27,0.9682258929410592,0.9110665579179392
2011-10-28,0.9682258929410592,0.9116945235174483
2011-10-31,0.9682258929410592,0.9116701941916615
2011-11-01,0.9682258929410592,0.9118199880857121
2011-11-02,0.9682258929410592,0.9114378351073947
2011-11-03,0.9682258929410592,0.9106063423951177
2011-11-04,0.9682258929410592,0.9108041120182576
2011-11-07,0.9682258929410592,0.911201721509019
2011-11-08,0.9682258929410592,0.9111240237758034
2011-11-10,0.9682258929410592,0.9116909527658578
2011-11-11,0.9682258929410592,0.9113817518239614
2011-11-14,0.9682258929410592,0.9115681836427308
2011-11-15,0.9682258929410592,0.9121094677872701
2011-11-16,0.9682258929410592,0.9122630066878585
2011-11-17,0.9682258929410592,0.9124037661962732
2011-11-18,0.9682258929410592,0.9122397609620946
2011-11-21,0.9682258929410592,0.9126041456711198
2011-11-22,0.9682258929410592,0.9132683524265345
2011-11-23,0.9682258929410592,0.9138846558172936
2011-11-24,0.9682258929410592,0.9138714021368249
2011-11-25,0.9682258929410592,0.9137185906289895
2011-11-28,0.9682258929410592,0.9136119319471588
2011-11-29,0.9682258929410592,0.9131863006006427
2011-11-30,0.9682258929410592,0.913530038663028
2011-12-01,0.9682258929410592,0.9134007520867146
2011-12-02,0.9682258929410592,0.9142102935778471
2011-12-05,0.9682258929410592,0.914403443295841
2011-12-06,0.9682258929410592,0.9142935221863054
2011-12-07,0.9682258929410592,0.9142904534786599
2011-12-08,0.9682258929410592,0.9146855514442759
2011-12-09,0.9682258929410592,0.9146730211942193
2011-12-12,0.9682258929410592,0.9150006065685227
2011-12-13,0.9682258929410592,0.9154228014850907
2011-12-14,0.9682258929410592,0.9153669367302012
2011-12-15,0.9682258929410592,0.9154219445407376
2011-12-16,0.9682258929410592,0.9154029726272837
2011-12-19,0.9682258929410592,0.9155699074706642
2011-12-20,0.9682258929410592,0.9157743906010473
2011-12-21,0.9682258929410592,0.9163591505559453
2011-12-22,0.9682258929410592,0.9162515281363742
2011-12-23,0.9682258929410592,0.9163698570312262
2011-12-26,0.9682258929410592,0.9166441867600582
2011-12-27,0.9682258929410592,0.9169098256473819
2011-12-28,0.9682258929410592,0.917924977065091
2011-12-29,0.9682258929410592,0.9174602340302963
2011-12-30,0.9682258929410592,0.9177428624685205
2012-01-02,0.9682258929410592,0.9182095194639539
2012-01-03,0.9682258929410592,0.9178936826808654
2012-01-04,0.9682258929410592,0.917896607825507
2012-01-05,0.9682258929410592,0.9173777344578176
2012-01-09,0.9680275874425783,0.9172092194591197
2012-01-10,0.9687837411179444,0.917925677472683
2012-01-11,0.9684679572563076,0.9176264712589275
2012-01-12,0.9687592838110834,0.9179025040966069
2012-01-13,0.9690851858431908,0.9182112973090804
2012-01-16,0.9692817662542769,0.9183975578741223
2012-01-17,0.9700041460254138,0.9190820150059568
2012-01-18,0.9699372780540068,0.9190186573902682
2012-01-19,0.9703256443905937,0.9193866357300036
2012-01-20,0.9709687142877113,0.919995946503833
2012-01-23,0.9716842793327543,0.9206739466610083
2012-01-24,0.9711895482451807,0.9202051873812502
2012-01-25,0.9714396368605396,0.920442147140109
2012-01-26,0.9709151580416303,0.9199452017902502
2012-01-27,0.9711892959968588,0.9202049483751625
2012-01-30,0.9719266971123909,0.9209036382786108
2012-01-31,0.9722317218934752,0.9211926502293064
2012-02-01,0.9718338709726697,0.9208156852158432
2012-02-02,0.9719715594485552,0.9209461454848827
2012-02-03,0.9721891287359012,0.9211522930769696
2012-02-06,0.97199124529635,0.9209647978883104
2012-02-07,0.972325339709343,0.9212813534077421
2012-02-08,0.9713933691336605,0.9203983083216626
2012-02-09,0.9708160861995998,0.91985133090467
2012-02-10,0.9710992491079061,0.9201196286613419
2012-02-13,0.9720331184721258,0.9210044728556025
2012-02-14,0.9722922059987813,0.9212499591115502
2012-02-15,0.9723544082311661,0.9213088959246684
2012-02-16,0.9728158246070966,0.9217460894091339
2012-02-17,0.9736814338558026,0.9225662569267351
2012-02-20,0.9736934644209926,0.922577655925535
2012-02-21,0.9736882519929863,0.9225727171334125
2012-02-22,0.9739181542670494,0.9227905502696585
2012-02-23,0.9742983116414952,0.9231507505916433
2012-02-24,0.9748382850576693,0.923662377121716
2012-02-27,0.9755720307577097,0.924357603507354
2012-02-28,0.9753175707255206,0.9241165018171384
2012-02-29,0.9749481028230101,0.9237664298038272
2012-03-01,0.9757447890388766,0.9245212925284931
2012-03-02,0.9763826023171851,0.9251256226392739
2012-03-05,0.977337762521556,0.9260306399723274
2012-03-07,0.9774511716749579,0.926340517448836
2012-03-08,0.9781578927160232,0.9270102842401026
2012-03-09,0.9786770361037357,0.9275022817621678
2012-03-12,0.9788865072172346,0.9277007996884766
2012-03-13,0.9788124770203884,0.9276306405103605
2012-03-14,0.9791815100687136,0.9279803769215977
2012-03-15,0.9794835261505895,0.928266600665218
2012-03-16,0.9794706292308731,0.9282543781219036
2012-03-19,0.9797718433032381,0.9285398417928707
2012-03-20,0.9799876549472268,0.9287443687050657
2012-03-21,0.979064772070083,0.927869743120963
2012-03-22,0.9789964032831447,0.9278049493191803
2012-03-23,0.9797099264908913,0.9284811625936941
2012-03-26,0.9795719507021543,0.9283504015211844
2012-03-27,0.9793942455817545,0.9281819885528901
2012-03-28,0.9802370847560145,0.9289807558974238
2012-03-29,0.9799291194514703,0.9286888940143603
2012-03-30,0.979202382584474,0.9280001580192221
2012-04-02,0.979881030304749,0.9286433194359585
2012-04-03,0.980538808046755,0.929266702159877
2012-04-04,0.9801893396632333,0.9289355073824757
2012-04-05,0.9801330631699431,0.928882173571616
2012-04-06,0.9801698945108652,0.9289170790118024
2012-04-09,0.9800649568194818,0.9288176284835787
2012-04-10,0.9803227125272255,0.9290619062159154
2012-04-11,0.9810538255335675,0.9297547895232707
2012-04-12,0.9808923658154965,0.9296017724896642
2012-04-13,0.980398182582455,0.9291334299626143
2012-04-16,0.9810244332160053,0.929726934121949
2012-04-17,0.9813811673618018,0.9300650147369044
2012-04-18,0.9823779530647467,0.9310096787882752
2012-04-19,0.9820767372604857,0.9307242134759725
2012-04-20,0.9818800202410531,0.930537782735642
2012-04-23,0.9821568614588831,0.9308001480019666
2012-04-24,0.9816801675954427,0.9303483803301683
2012-04-25,0.9819454234641367,0.9305997660420922
2012-04-26,0.9820858738327685,0.9307328722993913
2012-04-27,0.982638788574606,0.9312568752807179
2012-04-30,0.9829186548966768,0.9315221074694106
2012-05-01,0.9830219984497461,0.9316200472163763
2012-05-02,0.9832299607256564,0.9318171352018011
2012-05-04,0.9835765529084488,0.9322652912922555
2012-05-07,0.9838263661347625,0.9325020722520185
2012-05-08,0.9841083214188697,0.9327693184813968
2012-05-09,0.9848333104078032,0.9334564862152688
2012-05-10,0.9844403978147007,0.9330840711023038
2012-05-11,0.9840696810980742,0.9327326939504281
2012-05-14,0.9846305576324381,0.9332643106549353
2012-05-15,0.9845976548480191,0.933233124344312
2012-05-16,0.9850671227888554,0.9336781010625167
2012-05-17,0.9850234221225808,0.9336366801743776
2012-05-18,0.9849686722167412,0.9335847864638527
2012-05-21,0.9854482700582569,0.9340393646256658
2012-05-22,0.9857787984423317,0.934352649991557
2012-05-23,0.9859599668470224,0.9345243671955432
2012-05-24,0.986325280379016,0.9348706230363417
2012-05-25,0.9869446354649822,0.9354576675809929
2012-05-28,0.9869937386289966,0.9355042091291499
2012-05-29,0.9872626323315971,0.9357590751741366
2012-05-30,0.9870223619722345,0.9355313392486535
2012-05-31,0.9865944494759906,0.9351257501089177
2012-06-01,0.9873102839119566,0.9358042408649138
2012-06-04,0.9874251573658647,0.9359131215958062
2012-06-05,0.987761784300013,0.9362321873623626
2012-06-06,0.9878899568899249,0.9363536734393909
2012-06-07,0.9880004370026688,0.9364583900211197
2012-06-08,0.9880665039737287,0.9365210104077463
2012-06-11,0.9882205693484847,0.9366670384937659
2012-06-12,0.9892157685062888,0.9376103200614289
2012-06-13,0.989182610160373,0.9375788915214514
2012-06-14,0.9890544116342469,0.9374573808612503
2012-06-15,0.9895353908825327,0.9379132683645491
2012-06-18,0.9897614066965613,0.9381274933763989
2012-06-19,0.9893935669817421,0.9377788431387831
2012-06-20,0.9896875583407283,0.9380574975445964
2012-06-21,0.989226229607826,0.9376202354277954
2012-06-22,0.9885872363014666,0.9370145771502313
2012-06-25,0.9894375014529317,0.9378204856346928
2012-06-26,0.9903851561819375,0.9387187030732527
2012-06-27,0.9904583127450056,0.9387880432017633
2012-06-28,0.990338215414224,0.9386742111134185
2012-06-29,0.9909373349909271,0.9392420757956768
2012-07-03,0.9915908344104801,0.9396993715521116
2012-07-04,0.991580436153919,0.939689517452198
2012-07-05,0.9921550602637845,0.9402340706047495
2012-07-06,0.9916108089891003,0.9397183008305247
2012-07-09,0.9907895856381137,0.9389400533517803
2012-07-10,0.991067238994754,0.9392031766841974
2012-07-11,0.9916435960494294,0.93974937209391
2012-07-12,0.9912193478057663,0.9393473254088078
2012-07-13,0.9915791321329097,0.9396882816725999
2012-07-16,0.9920058104756343,0.940092631285968
2012-07-17,0.9923380205284944,0.9404074562793652
2012-07-18,0.9932822238256677,0.9413022479758804
2012-07-19,0.9936298844398467,0.9416317149791245
2012-07-20,0.9941902585357133,0.9421627638426742
2012-07-23,0.9944378657115331,0.9423974133568037
2012-07-24,0.9942494868729783,0.9422188926705886
2012-07-25,0.9950633527885862,0.9429901677397848
2012-07-26,0.9946960125421842,0.9426420509695296
2012-07-27,0.994576081268702,0.9425283958827642
2012-07-30,0.9948979904822147,0.9428334590954698
2012-07-31,0.9948979904822147,0.9425625155356364
2012-08-01,0.9948979904822147,0.9426056768040937
2012-08-02,0.9948979904822147,0.942520553140087
2012-08-03,0.9948979904822147,0.9419274336447455
2012-08-06,0.9948979904822147,0.9422487438361453
2012-08-07,0.9948979904822147,0.9425087770033244
2012-08-08,0.9948979904822147,0.9430401925503479
2012-08-09,0.9948979904822147,0.9434081277096835
2012-08-10,0.9948979904822147,0.9423530198116711
2012-08-13,0.9948979904822147,0.9421498708188742
2012-08-14,0.9948979904822147,0.9430594013885703
2012-08-15,0.9948979904822147,0.943353110876477
2012-08-16,0.9948979904822147,0.9435856872218992
2012-08-17,0.9948979904822147,0.9432361313351645
2012-08-20,0.9948979904822147,0.9432121865033141
2012-08-21,0.9948979904822147,0.9433754030543302
2012-08-22,0.9948979904822147,0.9436832333714531
2012-08-23,0.9948979904822147,0.9433997634893139
2012-08-24,0.9948979904822147,0.9438612659052316
2012-08-27,0.9948979904822147,0.9448870355523958
2012-08-28,0.9948979904822147,0.9451839887954042
2012-08-30,0.9948979904822147,0.9458032241104075
2012-08-31,0.9948979904822147,0.944437929830809
2012-09-03,0.9948979904822147,0.9440149254027455
2012-09-04,0.9948979904822147,0.9446286844764441
2012-09-05,0.9948979904822147,0.9442480616987765
2012-09-06,0.9948979904822147,0.9442854136908085
2012-09-07,0.9948979904822147,0.9446669087816528
2012-09-10,0.9948979904822147,0.9446104139609972
2012-09-11,0.9948979904822147,0.9441124253747518
2012-09-12,0.9948979904822147,0.9450701744439296
2012-09-13,0.9948979904822147,0.9451718761165222
2012-09-14,0.9948979904822147,0.9460832431792761
2012-09-17,0.9948979904822147,0.9462368321913242
2012-09-18,0.9948979904822147,0.946695206953663
2012-09-19,0.9948979904822147,0.9472134741161847
2012-09-20,0.9948979904822147,0.947516015123361
2012-09-21,0.9948979904822147,0.9472932681740651
2012-09-24,0.9948979904822147,0.9472007593387075
2012-09-25,0.9948979904822147,0.9481232857122988
2012-09-26,0.9948979904822147,0.9481066882729363
2012-09-27,0.9948979904822147,0.9488282929766622
2012-09-28,0.9948979904822147,0.9497293970867987
2012-10-01,0.9948979904822147,0.9498045796605413
2012-10-02,0.9948979904822147,0.9503682537652256
2012-10-03,0.9948979904822147,0.9494537411668619
2012-10-04,0.9948979904822147,0.9495901844629241
2012-10-05,0.9948979904822147,0.9502757325220467
2012-10-08,0.9948979904822147,0.9508162097222088
2012-10-09,0.9948979904822147,0.9504534658288644
2012-10-10,0.9948979904822147,0.9498193387853023
2012-10-11,0.9948979904822147,0.9502243298904348
2012-10-12,0.9948979904822147,0.9510821436645135
2012-10-15,0.9948979904822147,0.9503284446870088
2012-10-16,0.9948979904822147,0.9500030265020907
2012-10-17,0.9948979904822147,0.9507044606309322
2012-10-18,0.9948979904822147,0.950581127006409
2012-10-19,0.9948979904822147,0.9514879016743277
2012-10-22,0.9948979904822147,0.9516794204232292
2012-10-23,0.9948979904822147,0.9518416695747013
2012-10-24,0.9948979904822147,0.9515510445651391
2012-10-25,0.9948979904822147,0.9518259182201276
2012-10-29,0.9948979904822147,0.9518068867368658
2012-10-30,0.9948979904822147,0.951633150779513
2012-10-31,0.9948979904822147,0.9524264090881437
2012-11-01,0.9948979904822147,0.9526280113254795
2012-11-02,0.9948979904822147,0.9528565282939896
2012-11-05,0.9948979904822147,0.9525128821037179
2012-11-06,0.9948979904822147,0.9524460393603895
2012-11-07,0.9948979904822147,0.9527672694398652
2012-11-08,0.9948979904822147,0.9528760451945117
2012-11-09,0.9948979904822147,0.9535525796784954
2012-11-12,0.9948979904822147,0.9537420493365097
2012-11-13,0.9948979904822147,0.9538568390438957
2012-11-14,0.9948979904822147,0.9528299807329782
2012-11-15,0.9948979904822147,0.9534881499810534
2012-11-16,0.9948979904822147,0.9529785259246961
2012-11-19,0.9948979904822147,0.9526144846531662
2012-11-20,0.9948979904822147,0.9526903197261783
2012-11-21,0.9948979904822147,0.9522847326048939
2012-11-22,0.9948979904822147,0.9523028767585323
2012-11-23,0.9948979904822147,0.9525339468547785
2012-11-26,0.9948979904822147,0.953023510092755
2012-11-27,0.9948979904822147,0.9528863784939398
2012-11-28,0.9948979904822147,0.952665514320938
2012-11-29,0.9948979904822147,0.9532953781746306
2012-11-30,0.9948979904822147,0.9541728852781916
2012-12-03,0.9948979904822147,0.9545387789196241
2012-12-04,0.9948979904822147,0.9553770584521406
2012-12-05,0.9948979904822147,0.9553719276173079
2012-12-06,0.9948979904822147,0.955094260482576
2012-12-07,0.9948979904822147,0.9554370982298475
2012-12-10,0.9948979904822147,0.9554244694617124
2012-12-11,0.9948979904822147,0.9553623723263596
2012-12-12,0.9948979904822147,0.9553862419586323
2012-12-13,0.9948979904822147,0.9562619204610929
2012-12-14,0.9948979904822147,0.9566988818116132
2012-12-17,0.9948979904822147,0.9567499678916687
2012-12-18,0.9948979904822147,0.9562234736724725
2012-12-19,0.9948979904822147,0.9567613777811308
2012-12-20,0.9948979904822147,0.957455016558915
2012-12-21,0.9948979904822147,0.957178598455089
2012-12-24,0.9948979904822147,0.9573427518814749
2012-12-26,0.9948979904822147,0.9586002379348512
2012-12-27,0.9948979904822147,0.9587614219032471
2012-12-28,0.9948979904822147,0.9595382070173275
2012-12-31,0.9948979904822147,0.9605541003705205
2013-01-01,0.9948979904822147,0.9602631924275512
2013-01-02,0.9948979904822147,0.9599480524656098
2013-01-03,0.9948979904822147,0.9596326050605315
2013-01-04,0.9948979904822147,0.9602895343488831
2013-01-07,0.9948979904822147,0.9602594465741084
2013-01-08,0.9948979904822147,0.9600834452851139
2013-01-09,0.9948979904822147,0.9601322376426895
2013-01-10,0.9948979904822147,0.959812509671206
2013-01-11,0.9948979904822147,0.9602959242836593
2013-01-14,0.9948979904822147,0.9606963616315802
2013-01-15,0.9948979904822147,0.9602901036436341
2013-01-16,0.9948979904822147,0.9599718218036312
2013-01-17,0.9948979904822147,0.9598925431085732
2013-01-18,0.9948979904822147,0.9597937699037501
2013-01-21,0.9948979904822147,0.9600329465067032
2013-01-22,0.9948979904822147,0.9597168185568258
2013-01-23,0.9948979904822147,0.9599549064783708
2013-01-24,0.9948979904822147,0.9604121188265147
2013-01-25,0.9948979904822147,0.960194086074915
2013-01-28,0.9948979904822147,0.9599993418090201
2013-01-29,0.9948979904822147,0.9609050664163841
2013-01-30,0.9948979904822147,0.9613683379897617
2013-01-31,0.9948979904822147,0.9615379419274268
2013-02-01,0.9948979904822147,0.9619487548189883
2013-02-04,0.9948979904822147,0.9619886530578687
2013-02-05,0.9948979904822147,0.962126628348668
2013-02-06,0.9948979904822147,0.9614304041595498
2013-02-07,0.9948979904822147,0.9611355482368501
2013-02-08,0.9948979904822147,0.9611412136905128
2013-02-11,0.9948979904822147,0.9612562525408571
2013-02-12,0.9948979904822147,0.9621543866667096
2013-02-13,0.9948979904822147,0.9622124284248218
2013-02-14,0.9948979904822147,0.9616825867689716
2013-02-15,0.9948979904822147,0.9623263295733415
2013-02-18,0.9948979904822147,0.9630111444671591
2013-02-19,0.9948979904822147,0.9633985105232507
2013-02-20,0.9948979904822147,0.9643002591189191
2013-02-22,0.9948979904822147,0.9652339512512047
2013-02-25,0.9948979904822147,0.9659707214948597
2013-02-26,0.9948979904822147,0.9664562332875826
2013-02-27,0.9948979904822147,0.9661446000544329
2013-02-28,0.9948979904822147,0.9662725596869368
2013-03-01,0.9948979904822147,0.9657132047058796
2013-03-04,0.9948979904822147,0.9657320463557699
2013-03-05,0.9948979904822147,0.9655949023302062
2013-03-06,0.9948979904822147,0.9662579650665034
2013-03-07,0.9948979904822147,0.9659978159511388
2013-03-08,0.9948979904822147,0.9669829626395057
2013-03-11,0.9948979904822147,0.9669870223761085
2013-03-12,0.9948979904822147,0.9671604468583332
2013-03-13,0.9948979904822147,0.9670198004571994
2013-03-14,0.9948979904822147,0.968114708694248
2013-03-15,0.9948979904822147,0.9688078963783953
2013-03-18,0.9948979904822147,0.9686119004781981
2013-03-19,0.9948979904822147,0.9694463352594668
2013-03-20,0.9948979904822147,0.9694311030309969
2013-03-21,0.9948979904822147,0.9704430236682874
2013-03-22,0.9948979904822147,0.9700304116125126
2013-03-25,0.9948979904822147,0.970642354956531
2013-03-26,0.9948979904822147,0.9707775940250948
2013-03-27,0.9948979904822147,0.9705149196893814
2013-03-28,0.9948979904822147,0.970908754656237
2013-03-29,0.9948979904822147,0.9702650386038478
2013-04-01,0.9948979904822147,0.9703941113673936
2013-04-02,0.9948979904822147,0.9710087796473003
2013-04-03,0.9948979904822147,0.9713923489691059
2013-04-04,0.9948979904822147,0.97239656651914
2013-04-05,0.9948979904822147,0.972178645417933
2013-04-08,0.9948979904822147,0.972591534875332
2013-04-09,0.9948979904822147,0.9724947112457236
2013-04-10,0.9948979904822147,0.9725181088409267
2013-04-11,0.9948979904822147,0.9722920199337511
2013-04-12,0.9948979904822147,0.9724291174153497
2013-04-15,0.9948979904822147,0.972894485892549
2013-04-16,0.9948979904822147,0.9725490395953236
2013-04-17,0.9948979904822147,0.9724919481788051
2013-04-18,0.9948979904822147,0.9725347737750111
2013-04-19,0.9948979904822147,0.9724753372957928
2013-04-23,0.9948979904822147,0.9729728104059354
2013-04-24,0.9948979904822147,0.9729631305048144
2013-04-25,0.9948979904822147,0.9737280324621599
2013-04-26,0.9948979904822147,0.9735442732192595
2013-04-29,0.9948979904822147,0.9737811557831852
2013-04-30,0.9948979904822147,0.9738306421343628
2013-05-01,0.9948979904822147,0.9740420571884121
2013-05-02,0.9948979904822147,0.9737735294277349
2013-05-03,0.9948979904822147,0.9737105349681769
2013-05-06,0.9948979904822147,0.9743860884230149
2013-05-07,0.9948979904822147,0.9740414936540148
2013-05-08,0.9948979904822147,0.9739477771769794
2013-05-09,0.9948979904822147,0.9742754892420563
2013-05-10,0.9948979904822147,0.9737004389826083
2013-05-13,0.9948979904822147,0.9734380684138543
2013-05-14,0.9948979904822147,0.9734565871093128
2013-05-15,0.9948979904822147,0.9737741921451676
2013-05-16,0.9948979904822147,0.9735646885529378
2013-05-17,0.9948979904822147,0.9741071825771321
2013-05-20,0.9948979904822147,0.9743952868755815
2013-05-21,0.9948979904822147,0.9748173072512338
2013-05-22,0.9941517228360013,0.974086102017803
2013-05-23,0.9947389026861323,0.9746614304292107
2013-05-24,0.9942269154030121,0.9741597769235723
2013-05-27,0.9939848516064802,0.9739225988605189
2013-05-28,0.995268468627089,0.9751803077910246
2013-05-29,0.9953908379011356,0.9753002072051933
2013-05-30,0.996300774895693,0.9761917783404137
2013-05-31,0.996047113955928,0.9759432372069287
2013-06-03,0.9957835041310164,0.9756849479932165
2013-06-04,0.9961743828892355,0.9760679373872992
2013-06-05,0.9965068056597655,0.9763936506495
2013-06-06,0.9958511004117525,0.975751179933574
2013-06-07,0.9963880916278567,0.9762773327013029
2013-06-10,0.9970524991512153,0.9769283300488038
2013-06-11,0.9968707869256376,0.9767502854410882
2013-06-12,0.9965869898701656,0.976472216449023
2013-06-13,0.9969051009673093,0.9767839068997939
2013-06-14,0.9966173571859807,0.9765019708412467
2013-06-17,0.9963838507354236,0.9762731774056026
2013-06-18,0.9963838507354236,0.9763610050089379
2013-06-20,0.9963838507354236,0.9764789719710256
2013-06-21,0.9963838507354236,0.976072484051865
2013-06-24,0.9963838507354236,0.9763204353260079
2013-06-25,0.9963838507354236,0.9769651890274398
2013-06-26,0.9963838507354236,0.976387031554019
2013-06-27,0.9963838507354236,0.977056627456057
2013-06-28,0.9963838507354236,0.9774408037851927
2013-07-01,0.9963838507354236,0.9778012789156306
2013-07-02,0.9963838507354236,0.9776276875877433
2013-07-03,0.9963838507354236,0.9777545244452941
2013-07-04,0.9963838507354236,0.9778451412874578
2013-07-05,0.9963838507354236,0.9781466732475579
2013-07-08,0.9963838507354236,0.9783633201038853
2013-07-09,0.9963838507354236,0.9784750665308543
2013-07-10,0.9963838507354236,0.9793762448339279
2013-07-11,0.9963838507354236,0.9799663426314936
2013-07-12,0.9963838507354236,0.9804250398813239
2013-07-15,0.9963838507354236,0.981174769166433
2013-07-16,0.9963838507354236,0.980875643682538
2013-07-17,0.9963838507354236,0.9811063966312962
2013-07-18,0.9963838507354236,0.9805661639558221
2013-07-19,0.9963838507354236,0.9801640151037656
2013-07-22,0.9963838507354236,0.9811641063596993
2013-07-23,0.9963838507354236,0.9814539182309796
2013-07-24,0.9963838507354236,0.9816295118086941
2013-07-25,0.9963838507354236,0.9820962792197604
2013-07-26,0.9963838507354236,0.982206702903916
2013-07-29,0.9963838507354236,0.9825991099797781
2013-07-30,0.9963838507354236,0.9829109680608751
2013-07-31,0.9963838507354236,0.9829318102125927
2013-08-01,0.9963838507354236,0.9826653644401513
2013-08-02,0.9963838507354236,0.9829966525834076
2013-08-05,0.9963838507354236,0.9826206828227916
2013-08-06,0.9963838507354236,0.982793545154293
2013-08-07,0.9963838507354236,0.9829840883135719
2013-08-08,0.9963838507354236,0.982922527515329
2013-08-09,0.9963838507354236,0.983185999955367
2013-08-12,0.9963838507354236,0.9833419304833766
2013-08-13,0.9963838507354236,0.9838644074441201
2013-08-14,0.9963838507354236,0.9842575307937468
2013-08-15,0.9963838507354236,0.9848873383929005
2013-08-19,0.9963838507354236,0.9858192825920585
2013-08-20,0.9963838507354236,0.9864226023866609
2013-08-21,0.9963838507354236,0.9863902331844084
2013-08-22,0.9963838507354236,0.9862279563400919
2013-08-23,0.9963838507354236,0.9865859233783036
2013-08-26,0.9963838507354236,0.9866411184720205
2013-08-27,0.9963838507354236,0.9867473413886519
2013-08-28,0.9963838507354236,0.9864308117554148
2013-08-29,0.9963838507354236,0.9866016959007514
2013-08-30,0.9963838507354236,0.9866659509165686
2013-09-02,0.9963838507354236,0.9873189059604704
2013-09-03,0.9963838507354236,0.9877607957153475
2013-09-04,0.9963838507354236,0.9880100952339678
2013-09-05,0.9963838507354236,0.9881283263648883
2013-09-06,0.9963838507354236,0.9883081658740364
2013-09-09,0.9963838507354236,0.9886456145851807
2013-09-10,0.9963838507354236,0.9892173836293677
2013-09-11,0.9963838507354236,0.9890576720641654
2013-09-12,0.9963838507354236,0.9888781531644586
2013-09-13,0.9963838507354236,0.9888419738791167
2013-09-16,0.9963838507354236,0.9886308049236856
2013-09-17,0.9960959120106735,0.9889165031443145
2013-09-18,0.9959033717298189,0.9891076556818976
2013-09-19,0.9955179672441283,0.9894904302945275
2013-09-20,0.9958685059357331,0.9891420140004942
2013-09-23,0.9949858307298217,0.9900187272670344
2013-09-24,0.9949647902633524,0.9900396626966573
2013-09-25,0.9948355243773622,0.9901682887097748
2013-09-26,0.9946166328934063,0.9903861532720778
2013-09-27,0.9958319337678725,0.9891760215305349
2013-09-30,0.9959684205621947,0.9890404469826408
2013-10-01,0.9953760266439151,0.989628720198567
2013-10-02,0.9951124808839098,0.9898907442439592
2013-10-03,0.9942780713880516,0.9907207752733415
2013-10-04,0.9939703414740677,0.9910274042011336
2013-10-07,0.9934927178970673,0.9915036136351073
2013-10-08,0.9936155555690349,0.9913810219004601
2013-10-09,0.9935077465352851,0.9914885884833804
2013-10-10,0.9934933442344266,0.9915029615136852
2013-10-11,0.9930322169625079,0.9919631649548009
2013-10-14,0.9936871484212921,0.9913089385645721
2013-10-16,0.9936871484212921,0.9908243950033591
2013-10-17,0.9936871484212921,0.9907197282545531
2013-10-18,0.9936871484212921,0.9910500775587804
2013-10-21,0.9936871484212921,0.99075966264483
2013-10-22,0.9936871484212921,0.9908334032595532
2013-10-23,0.9936871484212921,0.9918999346183245
2013-10-24,0.9936871484212921,0.9919863169322288
2013-10-25,0.9936871484212921,0.9917705238542834
2013-10-28,0.9936871484212921,0.9916732264659373
2013-10-29,0.9936871484212921,0.992351240082098
2013-10-30,0.9936871484212921,0.9924593611792443
2013-10-31,0.9936871484212921,0.991879888035813
2013-11-01,0.9936871484212921,0.9919419576407281
2013-11-04,0.9936871484212921,0.9920703644404031
2013-11-05,0.9936871484212921,0.9916590586702329
2013-11-06,0.9936871484212921,0.992295120138868
2013-11-07,0.9936871484212921,0.9923861263789981
2013-11-08,0.9936871484212921,0.9928304073948674
2013-11-11,0.9936871484212921,0.9922437150762097
2013-11-12,0.9936871484212921,0.9923795607005366
2013-11-13,0.9936871484212921,0.9926552331711569
2013-11-14,0.9936871484212921,0.9928327397630177
2013-11-15,0.9936871484212921,0.9918498731880333
2013-11-18,0.9936871484212921,0.9915342724302241
2013-11-19,0.9936871484212921,0.9910378970144009
2013-11-20,0.9936871484212921,0.9912975643786077
2013-11-21,0.9936871484212921,0.991425813644609
2013-11-22,0.9936871484212921,0.9927863982340104
2013-11-25,0.9936871484212921,0.992523645738537
2013-11-26,0.9936871484212921,0.993339949479197
2013-11-27,0.9936871484212921,0.9938289938965832
2013-11-28,0.9936871484212921,0.9942300429374357
2013-11-29,0.9936871484212921,0.9942793312101452
2013-12-02,0.9936871484212921,0.994842636912228
2013-12-03,0.9936871484212921,0.9954069319224984
2013-12-04,0.9936871484212921,0.9954118271542606
2013-12-05,0.9936871484212921,0.9954847884178929
2013-12-06,0.9936871484212921,0.9953736899354242
2013-12-09,0.9936871484212921,0.9957396339625867
2013-12-10,0.9936871484212921,0.9956803359663947
2013-12-11,0.9936871484212921,0.995309665440913
2013-12-13,0.9936871484212921,0.9962614925231469
2013-12-16,0.9936871484212921,0.9965704863448505
2013-12-17,0.9936871484212921,0.9959331317745376
2013-12-18,0.9936871484212921,0.9961338184009132
2013-12-19,0.9936871484212921,0.9963520731143516
2013-12-20,0.9936871484212921,0.9960235797642107
2013-12-23,0.9936871484212921,0.9970754053897982
2013-12-24,0.9936871484212921,0.9972783601675509
2013-12-25,0.9936871484212921,0.9972945785148569
2013-12-26,0.9936871484212921,0.9979119773477808
2013-12-27,0.9936871484212921,0.9983670659993027
2013-12-30,0.9936871484212921,0.9988454496886219
2013-12-31,0.9936871484212921,0.9986789320674965
2014-01-01,0.9936871484212921,0.9981010967621374
2014-01-02,0.9936871484212921,0.9980864926120995
2014-01-03,0.9936871484212921,0.9979846205686134
2014-01-06,0.9936871484212921,0.9993052781778514
2014-01-07,0.9936871484212921,0.9996947961163114
2014-01-08,0.9936871484212921,0.9999405242984123
2014-01-09,0.9936871484212921,1.0004841712263182
2014-01-10,0.9936871484212921,1.0007616637902839
2014-01-13,0.9936871484212921,1.0011162232779682
2014-01-14,0.9936871484212921,1.0009327578461602
2014-01-15,0.9936871484212921,1.0008357096028004
2014-01-16,0.9936871484212921,1.0020133227826273
2014-01-17,0.9936871484212921,1.0026134600748966
2014-01-20,0.9936871484212921,1.002629143717833
2014-01-21,0.9936871484212921,1.0027699088483195
2014-01-22,0.9936871484212921,1.0040198903705315
2014-01-23,0.9936871484212921,1.0041260768535427
2014-01-24,0.9936871484212921,1.0037693082588495
2014-01-27,0.9936871484212921,1.003017435361325
2014-01-28,0.9936871484212921,1.0029021885952025
2014-01-29,0.9936871484212921,1.0026823436700332
2014-01-30,0.9936871484212921,1.0025806039156144
2014-01-31,0.9936871484212921,1.003336881582734
2014-02-03,0.9936871484212921,1.0031885046810363
2014-02-04,0.9936871484212921,1.0032876389609715
2014-02-05,0.9936871484212921,1.0028707942690216
2014-02-06,0.9936871484212921,1.001574932867709
2014-02-07,0.9936871484212921,1.0024722754298672
2014-02-11,0.9936871484212921,1.0025164682344652
2014-02-12,0.9936871484212921,1.0025171704706046
2014-02-13,0.9936871484212921,1.00304760427303
2014-02-14,0.9936871484212921,1.003402174834164
2014-02-17,0.9936871484212921,1.0040504609499334
2014-02-18,0.9936871484212921,1.00380744692779
2014-02-19,0.9936871484212921,1.004634508063117
2014-02-20,0.9936871484212921,1.0045182955465066
2014-02-21,0.9936871484212921,1.0050833924929508
2014-02-24,0.9936871484212921,1.0058409317404178
2014-02-25,0.9936871484212921,1.006129339299257
2014-02-26,0.9936871484212921,1.0057630718386579
2014-02-27,0.9936871484212921,1.0059846695977017
2014-02-28,0.9936871484212921,1.0060724416419862
2014-03-03,0.9936871484212921,1.0066208562641008
2014-03-04,0.9936871484212921,1.0062513924134129
2014-03-05,0.9936871484212921,1.0061327038442915
2014-03-06,0.9936871484212921,1.0056787151400568
2014-03-07,0.9936871484212921,1.0065048173652222
2014-03-10,0.9936871484212921,1.0067006584043587
2014-03-11,0.9936871484212921,1.0069684269278754
2014-03-12,0.9936871484212921,1.0067301961974777
2014-03-13,0.9936871484212921,1.007314303325714
2014-03-14,0.9936871484212921,1.0072789357772773
2014-03-17,0.9936871484212921,1.0078025307593517
2014-03-18,0.9936871484212921,1.008245597700714
2014-03-19,0.9936871484212921,1.008441103784016
2014-03-20,0.9936871484212921,1.0083591045563323
2014-03-21,0.9936871484212921,1.0086165092774049
2014-03-24,0.9936871484212921,1.0085934937911483
2014-03-25,0.9936871484212921,1.0079119239525014
2014-03-26,0.9936871484212921,1.007913068513658
2014-03-27,0.9936871484212921,1.007940252951323
2014-03-28,0.9936871484212921,1.0083012914606564
2014-03-31,0.9936871484212921,1.00893016707907
2014-04-01,0.9936871484212921,1.0088430152486494
2014-04-02,0.9936871484212921,1.0088121573172606
2014-04-03,0.9936871484212921,1.0085874136264277
2014-04-04,0.9936871484212921,1.009059023034452
2014-04-07,0.9936871484212921,1.0095506379875967
2014-04-08,0.9936871484212921,1.0105404259373107
2014-04-10,0.9936871484212921,1.0110586340253052
2014-04-11,0.9936871484212921,1.0121040853892718
2014-04-14,0.9936871484212921,1.0122997937420706
2014-04-15,0.9936871484212921,1.012637666300298
2014-04-16,0.9936871484212921,1.012706681286747
2014-04-17,0.9936871484212921,1.0132365988983223
2014-04-18,0.9936871484212921,1.0131853084066842
2014-04-21,0.9936871484212921,1.014702292613544
2014-04-22,0.9936871484212921,1.0148883493947414
2014-04-23,0.9936871484212921,1.0161833310991097
2014-04-24,0.9936871484212921,1.0155044048286286
2014-04-25,0.9936871484212921,1.0150601446640068
2014-04-28,0.9936871484212921,1.015014335805382
2014-04-29,0.9936871484212921,1.0143873601496374
2014-04-30,0.9936871484212921,1.0150759122610464
2014-05-01,0.9936871484212921,1.0143823018683558
2014-05-02,0.9936871484212921,1.0141558744086427
2014-05-05,0.9936871484212921,1.0146118882810857
2014-05-06,0.9936871484212921,1.014254072021689
2014-05-07,0.9936871484212921,1.0149459310163487
2014-05-08,0.9936871484212921,1.015637121079905
2014-05-09,0.99413602085817,1.016095908848517
2014-05-12,0.9943874673979218,1.016352909696465
2014-05-13,0.9948718339318507,1.0168479756061415
2014-05-14,0.9946542493687387,1.0166255847262538
2014-05-15,0.994977008813195,1.0169554737396014
2014-05-16,0.9948981759620036,1.0168748995164592
2014-05-19,0.9954714618041565,1.0174608489102952
2014-05-20,0.9964649028504803,1.0184762344930252
2014-05-21,0.9966826218033404,1.0186987627312525
2014-05-22,0.9977531196530017,1.019792907257404
2014-05-23,0.9980257512091165,1.0200715610864364
2014-05-26,0.9985616540725758,1.0206193017332656
2014-05-27,0.9975199778970332,1.0195546155352944
2014-05-28,0.9973702377144412,1.019401567678935
2014-05-29,0.9976112307496545,1.019647884110493
2014-05-30,0.9971930771361296,1.0192204937262213
2014-06-02,0.9975387436555432,1.0195737958185234
2014-06-03,0.9975258513661778,1.019560618745965
2014-06-04,0.9976989138137293,1.0197375040425871
2014-06-05,0.9975036145347234,1.0195378907158035
2014-06-09,0.9975036145347234,1.019434621070372
2014-06-10,0.9975036145347234,1.0193190275341855
2014-06-11,0.9975036145347234,1.0204230091781366
2014-06-12,0.9975036145347234,1.0213031947793276
2014-06-13,0.9975036145347234,1.0217892776946185
2014-06-16,0.9975036145347234,1.0215147949283698
2014-06-17,0.9975036145347234,1.0223830290819196
2014-06-18,0.9975036145347234,1.0213787632997913
2014-06-19,0.9975036145347234,1.0208518480044895
2014-06-20,0.9975036145347234,1.0213836978589896
2014-06-23,0.9975036145347234,1.0216931567215173
2014-06-24,0.9975036145347234,1.0219935770878916
2014-06-25,0.9975036145347234,1.0228362933481487
2014-06-26,0.9975036145347234,1.023362455814245
2014-06-27,0.9975036145347234,1.0235000364625366
2014-06-30,0.9975036145347234,1.0241520071488524
2014-07-01,0.9975036145347234,1.0241870725609028
2014-07-02,0.9975036145347234,1.0246556577255894
2014-07-03,0.9975036145347234,1.0255932524165812
2014-07-04,0.9975036145347234,1.0262792785836439
2014-07-07,0.9975036145347234,1.026488855943776
2014-07-08,0.9963832751404449,1.0253359619729223
2014-07-09,0.9965922588796087,1.0255510183157759
2014-07-10,0.9973928974693607,1.0263749216861935
2014-07-11,0.9975084028546995,1.0264937834017043
2014-07-14,0.9983622663035557,1.0273724582275168
2014-07-15,0.9979850229549995,1.0269842530244184
2014-07-16,0.9984618323764101,1.0274749174694944
2014-07-17,0.99858434766032,1.0276009927756726
2014-07-18,0.9984985975651491,1.0275127509730302
2014-07-21,0.9992152655705531,1.0282502437602634
2014-07-22,1.0002929209809288,1.0293592134453649
2014-07-23,1.0007278042970393,1.0298067335055618
2014-07-24,0.9998607275076573,1.0289144613888705
2014-07-25,1.0004154168251491,1.029485268746979
2014-07-28,1.0018377052171807,1.0309488856833846
2014-07-29,1.0017848386528065,1.0308944829339697
2014-07-30,1.001220909219572,1.0303141669628604
2014-07-31,1.000956181305579,1.0300417466431626
2014-08-01,1.0008931844125926,1.0299769192002668
2014-08-04,1.0012729399119724,1.030367709551717
2014-08-06,1.0023141490127483,1.0309031933571704
2014-08-07,1.002564279284202,1.0311604581038079
2014-08-08,1.0020956835417425,1.0306784965872804
2014-08-11,1.0018915579636303,1.0304685487275909
2014-08-12,1.0018915579636303,1.0307250721453989
2014-08-13,1.0018915579636303,1.0308643883951927
2014-08-14,1.0018915579636303,1.0321018687886634
2014-08-15,1.0018915579636303,1.0323207448270475
2014-08-18,1.0018915579636303,1.03185854115003
2014-08-19,1.0018915579636303,1.0323996874652395
2014-08-20,1.0018915579636303,1.0325375795868592
2014-08-21,1.0018915579636303,1.032415324682725
2014-08-22,1.0018915579636303,1.0325621252902564
2014-08-25,1.0018915579636303,1.032450540164048
2014-08-26,1.0018915579636303,1.0327439228662805
2014-08-27,1.0018915579636303,1.0329153835123075
2014-08-28,1.0018915579636303,1.0327221212115605
2014-08-29,1.0018915579636303,1.0329016838471683
2014-09-01,1.0018915579636303,1.033122760248389
2014-09-02,1.0018915579636303,1.0331236938636243
2014-09-03,1.0018915579636303,1.0326323112721727
2014-09-04,1.0028261156451928,1.0335955437208924
2014-09-05,1.0022654224863385,1.0330176469735448
2014-09-08,1.0027283874552888,1.0334948169647729
2014-09-09,1.0029888529045017,1.0337632742011766
2014-09-10,1.002367604027488,1.0331229637218171
2014-09-11,1.0033143033254346,1.0340987103246781
2014-09-12,1.0038739643535735,1.0346755432727377
2014-09-15,1.00398197852264,1.0347868716097885
2014-09-16,1.004255652345942,1.0350689424890616
2014-09-17,1.003426212652341,1.0342140533335875
2014-09-18,1.0038651798310543,1.0346664892172162
2014-09-19,1.004144786421942,1.0349546748974927
2014-09-22,1.004144786421942,1.0349322301627355
2014-09-23,1.004144786421942,1.035471148636826
2014-09-24,1.004144786421942,1.0358808025560557
2014-09-25,1.004144786421942,1.0359082408640035
2014-09-26,1.004144786421942,1.0361055923356357
2014-09-29,1.004144786421942,1.0361156202148887
2014-09-30,1.004144786421942,1.0363172141460217
2014-10-01,1.004144786421942,1.0371464368828744
2014-10-03,1.004144786421942,1.0363426422666908
2014-10-06,1.004144786421942,1.036647471282653
2014-10-07,1.004144786421942,1.0366766720835634
2014-10-08,1.004144786421942,1.036808692575683
2014-10-09,1.004144786421942,1.0371386116156416
2014-10-10,1.004144786421942,1.0362436675380549
2014-10-13,1.004144786421942,1.036737923550585
2014-10-14,1.004144786421942,1.0361501895513552
2014-10-15,1.004144786421942,1.0368163283926353
2014-10-16,1.004144786421942,1.0365136636078423
2014-10-17,1.004144786421942,1.0365556854685796
2014-10-20,1.004144786421942,1.0368343915300862
2014-10-21,1.004144786421942,1.0372007871349422
2014-10-22,1.004144786421942,1.037849982235327
2014-10-23,1.004144786421942,1.0377315503448754
2014-10-24,1.004144786421942,1.0381698100817964
2014-10-27,1.004144786421942,1.0392545315266546
2014-10-28,1.004144786421942,1.040090681613188
2014-10-29,1.004144786421942,1.040343036429007
2014-10-30,1.004144786421942,1.0403577970943474
2014-10-31,1.004144786421942,1.04021708132148
2014-11-03,1.004144786421942,1.0397708448123042
2014-11-04,1.004144786421942,1.040839179582767
2014-11-05,1.004144786421942,1.0412412107655373
2014-11-06,1.004144786421942,1.0421390932057064
2014-11-07,1.004144786421942,1.0419347808351662
2014-11-10,1.004144786421942,1.0423803814460924
2014-11-11,1.004144786421942,1.0420554417366885
2014-11-12,1.004144786421942,1.042501532057731
2014-11-13,1.004144786421942,1.0422262134539564
2014-11-14,1.004144786421942,1.0424513222981395
2014-11-17,1.004144786421942,1.0419975167898505
2014-11-18,1.004144786421942,1.0422705875387375
2014-11-19,1.004144786421942,1.04237277703847
2014-11-20,1.004144786421942,1.0431099718785317
2014-11-21,1.004144786421942,1.0434093315351243
2014-11-24,1.004144786421942,1.0427878701049313
2014-11-25,1.004144786421942,1.0425756306814176
2014-11-26,1.004144786421942,1.0429047094502635
2014-11-27,1.004144786421942,1.043067128027503
2014-11-28,1.004144786421942,1.0440469782671868
2014-12-02,1.004535505235548,1.0448663447973086
2014-12-03,1.0058914348854435,1.046276713320576
2014-12-04,1.006412872426136,1.0468190859239772
2014-12-05,1.00673498516273,1.0471541310826038
2014-12-08,1.0070505701540573,1.0474823864151854
2014-12-09,1.0077640749014412,1.0482245374825283
2014-12-10,1.0076453179625195,1.0481010126015822
2014-12-11,1.007850183317971,1.0483141030438914
2014-12-12,1.007965850065891,1.0484344136665462
2014-12-15,1.00845863421809,1.0489469824838737
2014-12-16,1.0083790690279122,1.048864222851187
2014-12-17,1.0082353389076615,1.0487147221470299
2014-12-18,1.008481966564582,1.0489712515947889
2014-12-19,1.009037304655844,1.0495488858133102
2014-12-22,1.009072961130251,1.0495859738504054
2014-12-23,1.009650299929043,1.050186492077247
2014-12-24,1.0102014167212807,1.050759735516887
2014-12-25,1.0099730177510862,1.0505221666147437
2014-12-26,1.0109673103573287,1.0515563788210112
2014-12-29,1.0105215382816877,1.051092709556102
2014-12-30,1.0107562863086172,1.0513368824216383
2014-12-31,1.0107562863086172,1.0518742350281673
2015-01-01,1.0107562863086172,1.0519961449468211
2015-01-02,1.0107562863086172,1.0525624555911481
2015-01-05,1.0107562863086172,1.0531110690303638
2015-01-06,1.0107562863086172,1.0522741388040793
2015-01-07,1.0107562863086172,1.0525442173439654
2015-01-08,1.0107562863086172,1.0524758255844884
2015-01-09,1.0107562863086172,1.0521169624782443
2015-01-12,1.0107562863086172,1.0530034107834205
2015-01-13,1.0107562863086172,1.0531396548225687
2015-01-14,1.0107562863086172,1.0537209863043746
2015-01-15,1.0107562863086172,1.0533080460041144
2015-01-16,1.0107562863086172,1.0546533926589619
2015-01-19,1.0107562863086172,1.0549887131424611
2015-01-20,1.0107562863086172,1.05516970041055
2015-01-21,1.0107562863086172,1.0550858740742612
2015-01-22,1.0107562863086172,1.0552082100801476
2015-01-23,1.0107562863086172,1.055963624759732
2015-01-26,1.0107562863086172,1.0563774395256593
2015-01-27,1.0107562863086172,1.0562935517459622
2015-01-29,1.0107562863086172,1.0568204897942
2015-01-30,1.0107562863086172,1.0567048045424572
2015-02-02,1.0107562863086172,1.0580667267319008
2015-02-03,1.0107562863086172,1.0584578432068412
2015-02-04,1.0107562863086172,1.0586521780643707
2015-02-05,1.0107562863086172,1.0593685410803242
2015-02-06,1.0107562863086172,1.0597621371608184
2015-02-09,1.0107562863086172,1.0595818851501897
2015-02-10,1.0107562863086172,1.0588032996137604
2015-02-11,1.0107562863086172,1.0587676644652868
2015-02-12,1.0107562863086172,1.0590243705273747
2015-02-13,1.0107562863086172,1.0589763673739423
2015-02-16,1.0107562863086172,1.0591596784741255
2015-02-17,1.0107562863086172,1.0597557877430421
2015-02-18,1.0107562863086172,1.0603065924173747
2015-02-19,1.0107562863086172,1.0608308602123178
2015-02-20,1.0107562863086172,1.0607550792378175
2015-02-23,1.0107562863086172,1.0603750898419415
2015-02-24,1.0107562863086172,1.0601532962084936
2015-02-25,1.0107562863086172,1.0600469605279876
2015-02-26,1.0107562863086172,1.0602281501332556
2015-02-27,1.0110550810050571,1.0599147308129235
2015-03-02,1.010329597035729,1.0606752740914311
2015-03-03,1.0109668715355287,1.0600062436020448
2015-03-04,1.0106763380735946,1.0603108700861525
2015-03-05,1.0101968141483804,1.060813943534315
2015-03-06,1.0096199203980627,1.0614197432415635
2015-03-09,1.0098155353019214,1.0612140920684507
2015-03-10,1.010289515963087,1.0607159862863422
2015-03-11,1.0104355672689904,1.0605626451375507
2015-03-12,1.0107507220759209,1.06023185569734
2015-03-13,1.0104244276104284,1.0605741238541635
2015-03-16,1.0099761798987612,1.0610446191342464
2015-03-17,1.0095286192361703,1.0615148102558092
2015-03-18,1.0091213257126572,1.061943077567
2015-03-19,1.0095446013191918,1.061497645894109
2015-03-20,1.00904070999931,1.0620274683993673
2015-03-23,1.0094850708596868,1.0615597732559257
2015-03-24,1.0099982033309327,1.0610201706351932
2015-03-25,1.0109143557903555,1.0600577370035105
2015-03-26,1.0103571592110518,1.060642020470789
2015-03-30,1.0103571592110518,1.0602076610201532
2015-03-31,1.0103571592110518,1.0607388361507355
2015-04-01,1.0103571592110518,1.0618814412845827
2015-04-02,1.0103571592110518,1.0629672818482376
2015-04-03,1.0103571592110518,1.0623928634772175
2015-04-06,1.0103571592110518,1.0631293310326824
2015-04-07,1.0103571592110518,1.0630639507212207
2015-04-08,1.0103571592110518,1.0632583105889515
2015-04-09,1.0103571592110518,1.06356011710987
2015-04-10,1.0103571592110518,1.0639023941466037
2015-04-13,1.0103571592110518,1.0634786514076486
2015-04-14,1.0103571592110518,1.0627717516301567
2015-04-15,1.0103571592110518,1.0635522770894328
2015-04-16,1.0103571592110518,1.0638695338724373
2015-04-17,1.0103571592110518,1.0645107757000742
2015-04-20,1.0103571592110518,1.0641530121043519
2015-04-21,1.0103571592110518,1.063786169670796
2015-04-22,1.0103571592110518,1.0633957536872691
2015-04-23,1.0103571592110518,1.0629563004739562
2015-04-24,1.0103571592110518,1.063835097148947
2015-04-27,1.0103571592110518,1.0630770920055073
2015-04-28,1.0103571592110518,1.0626824559031978
2015-04-29,1.0103571592110518,1.0624656902786398
2015-04-30,1.0103571592110518,1.0618516957029343
2015-05-01,1.0103571592110518,1.0628675984637472
2015-05-04,1.0103571592110518,1.0635223415806332
2015-05-05,1.0103571592110518,1.0643185884207698
2015-05-06,1.0103571592110518,1.0646213006455354
2015-05-07,1.0103571592110518,1.0655271325968878
2015-05-08,1.0103571592110518,1.0654700317307568
2015-05-11,1.0103571592110518,1.0654672327324943
2015-05-12,1.0103571592110518,1.0655068895530317
2015-05-13,1.0103571592110518,1.0658251174163431
2015-05-14,1.0103571592110518,1.0667917255341932
2015-05-15,1.0103571592110518,1.0674693145310366
2015-05-18,1.0103571592110518,1.0670981459302442
2015-05-19,1.0103571592110518,1.066973138557643
2015-05-20,1.0103571592110518,1.0671596815758972
2015-05-21,1.0103571592110518,1.0675214740059973
2015-05-22,1.0103571592110518,1.0689165618682643
2015-05-25,1.0103571592110518,1.0693187756456435
2015-05-27,1.0103571592110518,1.0693592647595864
2015-05-28,1.0103571592110518,1.069106965415907
2015-05-29,1.0103571592110518,1.06897987805217
2015-06-01,1.0103571592110518,1.0694644738672354
2015-06-02,1.0103571592110518,1.0693619973829755
2015-06-03,1.0103571592110518,1.0690705215465506
2015-06-04,1.0103571592110518,1.069581866360769
2015-06-05,1.0103571592110518,1.0685865376532397
2015-06-08,1.0103571592110518,1.0697369561957877
2015-06-09,1.0103571592110518,1.0697803054770934
2015-06-10,1.0103571592110518,1.0700805276034502
2015-06-11,1.0103571592110518,1.070417489361261
2015-06-12,1.0103571592110518,1.0706121367723798
2015-06-15,1.0103571592110518,1.0712713333368833
2015-06-16,1.0103571592110518,1.0710341522027984
2015-06-17,1.0103571592110518,1.0723442078055956
2015-06-18,1.0103571592110518,1.072347578848096
2015-06-19,1.0103571592110518,1.0723561366284093
2015-06-22,1.0103571592110518,1.07216153127145
2015-06-23,1.0103571592110518,1.0723428218600646
2015-06-24,1.0103571592110518,1.0722793930603112
2015-06-25,1.0103571592110518,1.0725691778239195
2015-06-26,1.0103571592110518,1.073257382287358
2015-06-29,1.0103571592110518,1.073959135078273
2015-06-30,1.0103571592110518,1.07319639400789
2015-07-01,1.0103571592110518,1.0729307058865603
2015-07-02,1.0103571592110518,1.0736871089396245
2015-07-03,1.0103571592110518,1.0735391275049253
2015-07-06,1.0103571592110518,1.0740219709835044
2015-07-07,1.0103571592110518,1.0738310816064722
2015-07-08,1.0103571592110518,1.073771331851475
2015-07-09,1.0103571592110518,1.0733253538068994
2015-07-10,1.0103571592110518,1.0742574005682728
2015-07-13,1.0103571592110518,1.074790752650926
2015-07-14,1.0103571592110518,1.0753460095851064
2015-07-15,1.0103571592110518,1.0754952811833873
2015-07-16,1.0103571592110518,1.075610758702794
2015-07-17,1.0103571592110518,1.07644070425878
2015-07-20,1.0103571592110518,1.0762608456173715
2015-07-21,1.0103571592110518,1.0763148806424157
2015-07-22,1.0103571592110518,1.0772761056219968
2015-07-24,1.0103571592110518,1.0770187280036252
2015-07-27,1.0103571592110518,1.0774752689731109
2015-07-28,1.0103571592110518,1.0775342216519725
2015-07-29,1.0103571592110518,1.0774976164638006
2015-07-30,1.0103571592110518,1.0781000385064394
2015-07-31,1.0103571592110518,1.078583951611687
2015-08-03,1.0103571592110518,1.0802103696792047
2015-08-04,1.0103571592110518,1.0806568848226732
2015-08-05,1.0103571592110518,1.081763030333777
2015-08-06,1.0103571592110518,1.0814436350741692
2015-08-07,1.0103571592110518,1.0814245056103042
2015-08-10,1.0103571592110518,1.0813212568958552
2015-08-11,1.0103571592110518,1.081597925185229
2015-08-12,1.0103571592110518,1.0816067833807876
2015-08-13,1.0103571592110518,1.08120343423203
2015-08-14,1.0103571592110518,1.0829301205429056
2015-08-17,1.0103571592110518,1.0824356504824448
2015-08-18,1.0103571592110518,1.0822968633127557
2015-08-19,1.0103571592110518,1.0830947639171122
2015-08-20,1.0103571592110518,1.083555421314296
2015-08-21,1.0103571592110518,1.0827435595869217
2015-08-24,1.0098358287680598,1.08330224042015
2015-08-25,1.0091469429111,1.0840412433065387
2015-08-26,1.0099001363521318,1.0832321512709318
2015-08-27,1.0103255119401968,1.0827758878278728
2015-08-28,1.0099477103313843,1.0831807815651586
2015-08-31,1.0098247256923085,1.0833126840350709
2015-09-01,1.0095143321551323,1.0836456658360811
2015-09-02,1.0095304743155729,1.0836283383136862
2015-09-03,1.0096722237131104,1.0834761847452519
2015-09-04,1.009574930258683,1.0835805900545472
2015-09-07,1.0093461653659457,1.0838261242789287
2015-09-08,1.0097930577612189,1.083346255558604
2015-09-09,1.0093970381577937,1.0837711211795358
2015-09-10,1.0083585210007087,1.0848861580393154
2015-09-11,1.0081310128118892,1.0851309325711416
2015-09-14,1.0087313771409399,1.084484713085791
2015-09-15,1.007591645531759,1.0857100358379004
2015-09-16,1.0071632129607446,1.0861716847053686
2015-09-17,1.0071995266565423,1.0861325223256917
2015-09-18,1.0072298984203478,1.0860997703638842
2015-09-22,1.0072298984203478,1.0865949803670159
2015-09-23,1.0072298984203478,1.0857678281176237
2015-09-24,1.0072298984203478,1.0861341073694701
2015-09-25,1.0072298984203478,1.0869140130191375
2015-09-28,1.0072298984203478,1.0876553875487442
2015-09-29,1.0072298984203478,1.0876787218036026
2015-09-30,1.0072298984203478,1.0872017099542566
2015-10-01,1.0072298984203478,1.0871500290516642
2015-10-02,1.0072298984203478,1.0872348152268023
2015-10-05,1.0072298984203478,1.0878791884152301
2015-10-06,1.0072298984203478,1.0887927230498244
2015-10-07,1.0072298984203478,1.0885905020303237
2015-10-08,1.0072298984203478,1.0879503750250126
2015-10-09,1.0072298984203478,1.088625874245038
2015-10-12,1.0072298984203478,1.0882069574196545
2015-10-13,1.0072298984203478,1.088027430641629
2015-10-14,1.0072298984203478,1.0874862402546324
2015-10-15,1.0072298984203478,1.0884478117902996
2015-10-16,1.0072298984203478,1.0891582911327022
2015-10-19,1.0072298984203478,1.0889449035533805
2015-10-20,1.0072298984203478,1.088684098801267
2015-10-21,1.0072298984203478,1.0879628477919783
2015-10-22,1.0072298984203478,1.0877953160059202
2015-10-23,1.0072298984203478,1.088363019252504
2015-10-26,1.0072298984203478,1.0891370677176322
2015-10-27,1.0072298984203478,1.0887943092415164
2015-10-28,1.0072298984203478,1.089768543815622
2015-10-29,1.0072298984203478,1.0888963245713283
2015-10-30,1.0072298984203478,1.0896622167716083
2015-11-02,1.0072298984203478,1.0895553626125876
2015-11-03,1.0072298984203478,1.08955081003024
2015-11-04,1.0072298984203478,1.0898800957216792
2015-11-05,1.0072298984203478,1.0907417550889447
2015-11-06,1.0072298984203478,1.0911322064173186
2015-11-09,1.0072298984203478,1.0912741561631547
2015-11-10,1.0072298984203478,1.0915743906722435
2015-11-11,1.0072298984203478,1.0922264922299607
2015-11-12,1.0072298984203478,1.0922967995015338
2015-11-13,1.0072298984203478,1.0925772740143735
2015-11-16,1.0072298984203478,1.0935942082012322
2015-11-17,1.0072298984203478,1.0933685916263318
2015-11-19,1.0067414963500516,1.0947036403803019
2015-11-20,1.0060940490349997,1.0954076571863158
2015-11-23,1.0052929874003655,1.0962798311637867
2015-11-24,1.004509402155294,1.0971343369754614
2015-11-25,1.003824315771628,1.0978825945763377
2015-11-26,1.0045322878314307,1.097108285576554
2015-11-27,1.0040741173796839,1.0976086802427154
2015-11-30,1.0041541098365248,1.0975212360854936
2015-12-01,1.0037859793347692,1.0979235956828597
2015-12-02,1.0037453545836148,1.0979680303270762
2015-12-03,1.0036459962914845,1.0980767154909064
2015-12-04,1.0029797212101672,1.0988056788461231
2015-12-07,1.0035080982783084,1.0982268199611747
2015-12-08,1.0044301849668409,1.097217699722471
2015-12-09,1.0036562867258843,1.0980630893378673
2015-12-10,1.0030223950232449,1.098756606720772
2015-12-11,1.0029802071790157,1.0988028212148848
2015-12-14,1.0023611960122203,1.0994809714032634
2015-12-15,1.002523673961614,1.0993027508034021
2015-12-16,1.0019457500555824,1.0999364648554053
2015-12-17,1.0028349702694177,1.0989602785315153
2015-12-18,1.0028349702694177,1.0986868033020927
2015-12-21,1.0028349702694177,1.0984229276926254
2015-12-22,1.0028349702694177,1.0978285453762688
2015-12-23,1.0028349702694177,1.0974173642994516
2015-12-24,1.0028349702694177,1.098071912790457
2015-12-25,1.0028349702694177,1.0985643873440405
2015-12-28,1.0028349702694177,1.0989229317357565
2015-12-29,1.0028349702694177,1.0988392428771887
2015-12-30,1.0028349702694177,1.0989428612965382
2015-12-31,1.0028349702694177,1.099995931836496
2016-01-01,1.0028349702694177,1.1004588905843669
2016-01-04,1.0028349702694177,1.1007104732656745
2016-01-05,1.0028349702694177,1.1007816282951288
2016-01-06,1.0028349702694177,1.1000943693560112
2016-01-07,1.0028349702694177,1.101286219172695
2016-01-08,1.0028349702694177,1.100950983905617
2016-01-11,1.0028349702694177,1.1002999473566135
2016-01-12,1.0028349702694177,1.0993609966514668
2016-01-13,1.0028349702694177,1.09998337723371
2016-01-14,1.0028349702694177,1.1002661288080775
2016-01-18,1.0030326976169042,1.10017083886332
2016-01-19,1.0030326976169042,1.1005648666857122
2016-01-20,1.0030326976169042,1.1008762262251464
2016-01-21,1.0030326976169042,1.1021919194212553
2016-01-22,1.0030326976169042,1.1022278664018272
2016-01-25,1.0030326976169042,1.1024592306359793
2016-01-26,1.0030326976169042,1.1031823389766158
2016-01-27,1.0030326976169042,1.1029197576945613
2016-01-28,1.0030326976169042,1.103718226915851
2016-01-29,1.0030326976169042,1.104112862022996
2016-02-01,1.0030326976169042,1.1035232630995195
2016-02-02,1.0030326976169042,1.1043669872587691
2016-02-03,1.0030326976169042,1.1050138672947947
2016-02-04,1.0030326976169042,1.1054134810260845
2016-02-05,1.0030326976169042,1.1053622205122264
2016-02-08,1.0030326976169042,1.1057578997381374
2016-02-09,1.0030326976169042,1.1071150452733853
2016-02-10,1.0030326976169042,1.107159820204206
2016-02-11,1.0030326976169042,1.1079020905439985
2016-02-12,1.0030326976169042,1.108111388773785
2016-02-15,1.0030326976169042,1.107878095255025
2016-02-16,1.0030326976169042,1.107548500144965
2016-02-17,1.0030326976169042,1.108640173235762
2016-02-18,1.0030326976169042,1.1082507932302796
2016-02-19,1.0030326976169042,1.1080553743180943
2016-02-22,1.0030326976169042,1.1075733167345707
2016-02-23,1.0030326976169042,1.1078366936221522
2016-02-24,1.0030326976169042,1.1079203012541092
2016-02-25,1.0030326976169042,1.10803215415027
2016-02-26,1.0030326976169042,1.1077394340835225
2016-02-29,1.0030326976169042,1.1079961716151596
2016-03-01,1.0030326976169042,1.1086719797518516
2016-03-02,1.0030326976169042,1.1079906304368359
2016-03-03,1.0030326976169042,1.1080893901075057
2016-03-04,1.0030326976169042,1.1081870898507693
2016-03-07,1.0030326976169042,1.1092101009728783
2016-03-08,1.0030326976169042,1.110046254851954
2016-03-09,1.0030326976169042,1.1099689856124761
2016-03-10,1.0030326976169042,1.1099269500168865
2016-03-11,1.0030326976169042,1.1103159285479054
2016-03-14,1.0030326976169042,1.1102939086843027
2016-03-16,1.0030326976169042,1.1099537276123115
2016-03-17,1.0030326976169042,1.1107384381329855
2016-03-18,1.0030326976169042,1.110875097535817
2016-03-21,1.0030326976169042,1.11199012648174
2016-03-22,1.0030326976169042,1.112287213350113
2016-03-23,1.0030326976169042,1.1125419303040478
2016-03-24,1.0030326976169042,1.1125888099048173
2016-03-25,1.0030326976169042,1.1134471678953675
2016-03-28,1.0030326976169042,1.1140065903376422
2016-03-29,1.0030326976169042,1.1143272484573126
2016-03-30,1.0030326976169042,1.115716351847082
2016-03-31,1.0030326976169042,1.1147547818221437
2016-04-01,1.0030326976169042,1.1143792179267233
2016-04-04,1.0030326976169042,1.1141363128907829
2016-04-05,1.0030326976169042,1.1143936615680443
2016-04-06,1.0030326976169042,1.1154960452184772
2016-04-07,1.0030326976169042,1.114784043311762
2016-04-08,1.0030326976169042,1.114031502881057
2016-04-11,1.0030326976169042,1.1143964529715442
2016-04-12,1.0030326976169042,1.1143246096598576
2016-04-13,1.0030326976169042,1.1145835638300188
2016-04-14,1.0030326976169042,1.1156890734836606
2016-04-15,1.0030326976169042,1.1162925084497621
2016-04-18,1.0030326976169042,1.1161696751203087
2016-04-19,1.0030326976169042,1.1163354030814385
2016-04-20,1.0030326976169042,1.116333721441086
2016-04-21,1.0030326976169042,1.1162120959574993
2016-04-22,1.0030326976169042,1.1166015350413694
2016-04-25,1.0030326976169042,1.116926309440436
2016-04-26,1.0030326976169042,1.117701933132996
2016-04-27,1.0030326976169042,1.1185371653279392
2016-04-28,1.0030326976169042,1.1191744386781926
2016-04-29,1.0030326976169042,1.118598365746286
2016-05-02,1.0030326976169042,1.119731052722115
2016-05-03,1.0030326976169042,1.1194500325062697
2016-05-04,1.0030326976169042,1.1187429971005882
2016-05-05,1.0030326976169042,1.1194822964164073
2016-05-06,1.0030326976169042,1.1208542981304486
2016-05-09,1.0030326976169042,1.1211702846566654
2016-05-10,1.0030326976169042,1.1212649275851156
2016-05-11,1.0030326976169042,1.1216982313511128
2016-05-13,1.0043820728134012,1.1206453913111867
2016-05-16,1.0046514183203596,1.120344867427683
2016-05-17,1.0039773652718782,1.1210965429436572
2016-05-18,1.0035026570416314,1.1216266283561829
2016-05-19,1.0034795287925917,1.1216524790699884
2016-05-20,1.0034627312664195,1.1216712547264247
2016-05-23,1.0037105580907706,1.1213942337505944
2016-05-24,1.0035379251393945,1.121587107676915
2016-05-25,1.0039079845907106,1.1211735170200274
2016-05-26,1.0046618028912238,1.1203316459241173
2016-05-27,1.0046706045155476,1.1203218309413667
2016-05-30,1.0043615899636829,1.1206664172634675
2016-05-31,1.0038718919048366,1.1212128222381619
2016-06-01,1.00356645470075,1.1215539614934518
2016-06-02,1.0036415676755124,1.1214700176210657
2016-06-03,1.0034046247020965,1.1217347779190945
2016-06-06,1.002968040859464,1.1222228475050842
2016-06-07,1.0025785993431997,1.1226585943579392
2016-06-08,1.0024892361656323,1.1227586606663371
2016-06-09,1.0016426106980527,1.1237068564591433
2016-06-10,1.0016962586987572,1.1236466706946966
2016-06-13,1.0016962586987572,1.123796361117484
2016-06-14,1.0016962586987572,1.1237182352685553
2016-06-15,1.0016962586987572,1.1240080941532558
2016-06-16,1.0016962586987572,1.12378595784924
2016-06-17,1.0016962586987572,1.1244185131448285
2016-06-20,1.0016962586987572,1.1235158327597001
2016-06-21,1.0016962586987572,1.1245944202367204
2016-06-22,1.0016962586987572,1.124442491921264
2016-06-23,1.0016962586987572,1.124539922209017
2016-06-24,1.0016962586987572,1.1248334488665543
2016-06-27,1.0016962586987572,1.1252498674280484
2016-06-28,1.0016962586987572,1.1248562942914466
2016-06-29,1.0016962586987572,1.1258903159715137
2016-06-30,1.0016962586987572,1.1257439347725644
2016-07-01,1.0016962586987572,1.1269968725234694
2016-07-04,1.0016962586987572,1.1273309560015738
2016-07-05,1.0016962586987572,1.1266638077132536
2016-07-06,1.0016962586987572,1.1275580100609668
2016-07-07,1.0016962586987572,1.1286346519707995
2016-07-08,1.0016962586987572,1.1288208151514592
2016-07-12,1.0016962586987572,1.1288083135079203
2016-07-13,1.0016962586987572,1.1295575501350774
2016-07-14,1.0016962586987572,1.1289232078833236
2016-07-15,1.0016962586987572,1.1283258676553263
2016-07-18,1.0016962586987572,1.1286970538378585
2016-07-19,1.0016962586987572,1.1295687575807787
2016-07-20,1.0016962586987572,1.1284386441415872
2016-07-21,1.0016962586987572,1.1278998478739404
2016-07-22,1.0016962586987572,1.1283306489093745
2016-07-25,1.0016962586987572,1.1291748175271745
2016-07-26,1.0016962586987572,1.129751909686559
2016-07-27,1.0016962586987572,1.1305610099247188
2016-07-28,1.0016962586987572,1.1303963542404998
2016-07-29,1.0016962586987572,1.130556563652223
2016-08-01,1.0016962586987572,1.1306854617359072
2016-08-02,1.0016962586987572,1.1318252221458105
2016-08-03,1.0016962586987572,1.131301460345759
2016-08-04,1.0016962586987572,1.1316614674685013
2016-08-05,1.0016962586987572,1.131495609099682
2016-08-08,1.0016962586987572,1.13118760681711
2016-08-09,1.0016962586987572,1.1322149041684846
2016-08-10,1.0016962586987572,1.1325184546509772
2016-08-11,1.0016962586987572,1.1333584986592873
2016-08-12,1.0016962586987572,1.1342803413201987
2016-08-15,1.0016962586987572,1.1338556539764906
2016-08-16,1.0016962586987572,1.1328046837857868
2016-08-17,1.0016962586987572,1.1343077546550866
2016-08-18,1.0016962586987572,1.1351105007844553
2016-08-19,1.0016962586987572,1.1353245519835617
2016-08-22,1.0016962586987572,1.1357590205878254
2016-08-23,1.0016962586987572,1.1359788557577435
2016-08-24,1.0016962586987572,1.1373689419044757
2016-08-25,1.0016962586987572,1.1375834015446509
2016-08-26,1.0016962586987572,1.1382982524252208
2016-08-29,1.0016962586987572,1.1396488902644017
2016-08-30,1.0016962586987572,1.138852218078965
2016-08-31,1.0016962586987572,1.138594309783618
2016-09-01,1.0016962586987572,1.1384103181707872
2016-09-02,1.0016962586987572,1.138664172736052
2016-09-05,1.0016962586987572,1.1384096162801731
2016-09-06,1.0016962586987572,1.1383983066229457
2016-09-08,1.0016962586987572,1.138811966536274
2016-09-09,1.0016962586987572,1.1383618658328951
2016-09-12,1.0016962586987572,1.1386454740604193
2016-09-13,1.0016962586987572,1.1388681325456076
2016-09-14,1.0016962586987572,1.1398525354537676
2016-09-15,1.0016962586987572,1.1401912023519387
2016-09-16,1.0016962586987572,1.1406768512585803
2016-09-19,1.0016962586987572,1.1410026664075068
2016-09-20,1.0016962586987572,1.1415167640284876
2016-09-21,1.0016962586987572,1.1421537351281827
2016-09-22,1.0016962586987572,1.1413567052129827
2016-09-23,1.0016962586987572,1.1413552657811883
2016-09-26,1.0016962586987572,1.1406788332663467
2016-09-27,1.0016962586987572,1.141630384172337
2016-09-28,1.0016962586987572,1.1417219520792263
2016-09-29,1.0016962586987572,1.1424430605278844
2016-09-30,1.0016962586987572,1.1431345938699953
2016-10-03,1.0016962586987572,1.14375364576949
2016-10-04,1.0016962586987572,1.1435580430568382
2016-10-05,1.0016962586987572,1.1441997115656737
2016-10-06,1.0016962586987572,1.1440486503543084
2016-10-07,1.0016962586987572,1.143644182586748
2016-10-10,1.0016962586987572,1.1429299072576922
2016-10-11,1.0016962586987572,1.1437897614205312
2016-10-12,1.0016962586987572,1.143012858226183
2016-10-13,1.0016962586987572,1.1428264047219447
2016-10-14,1.0016962586987572,1.1439722055235855
2016-10-17,1.0016962586987572,1.1439433601340097
2016-10-18,1.0016962586987572,1.143914605448586
2016-10-19,1.0016962586987572,1.1450029797445829
2016-10-20,1.0016962586987572,1.1459033551214182
2016-10-21,1.0016962586987572,1.1463205544828137
2016-10-24,1.0016962586987572,1.1450705019979972
2016-10-25,1.0016962586987572,1.145337915890357
2016-10-26,1.0016962586987572,1.1448092283213152
2016-10-27,1.0016962586987572,1.1452868246680517
2016-10-28,1.0016962586987572,1.1455530875719604
2016-10-31,1.0016962586987572,1.145082400075025
2016-11-01,1.0016962586987572,1.1458945439537036
2016-11-02,1.0016962586987572,1.1460992822308476
2016-11-03,1.0016962586987572,1.146791027690817
2016-11-07,1.0016962586987572,1.1474591884752379
2016-11-08,1.0016962586987572,1.1475775004385511
2016-11-09,1.0016962586987572,1.1473928098123114
2016-11-10,1.0016962586987572,1.1471585473018102
2016-11-11,1.0016962586987572,1.1482139387667114
2016-11-14,1.0016962586987572,1.1483235480243896
2016-11-15,1.0016962586987572,1.147789348739567
2016-11-16,1.0016962586987572,1.1474566874888428
2016-11-17,1.0016962586987572,1.1484321025215753
2016-11-18,1.0016962586987572,1.1482631939480163
2016-11-21,1.0016962586987572,1.1496697932473365
2016-11-22,1.0016962586987572,1.1500192078077673
2016-11-23,1.0016962586987572,1.1490604420440305
2016-11-24,1.0016962586987572,1.1498766174774266
2016-11-25,1.0016962586987572,1.150272631983223
2016-11-28,1.0016962586987572,1.1500816991910388
2016-11-29,1.0016962586987572,1.1512883804312022
2016-11-30,1.0016962586987572,1.151730185077285
2016-12-01,1.0016962586987572,1.151499388819067
2016-12-02,1.0016962586987572,1.1524619335840787
2016-12-05,1.0016962586987572,1.1527615838400511
2016-12-06,1.0016962586987572,1.1523010667579832
2016-12-07,1.0016962586987572,1.1520266111530184
2016-12-08,1.0016962586987572,1.1525907506981115
2016-12-09,1.0016962586987572,1.1527708681030258
2016-12-12,1.0016962586987572,1.1525962314236184
2016-12-13,1.0016962586987572,1.1528515820224379
2016-12-14,1.0016962586987572,1.1529788165376145
2016-12-15,1.0016962586987572,1.1531421924434222
2016-12-16,1.0016962586987572,1.1533475051807314
2016-12-19,1.0016962586987572,1.1536950868341986
2016-12-20,1.0016962586987572,1.1538017724895662
2016-12-21,1.0016962586987572,1.154518729822175
2016-12-22,1.0016962586987572,1.1551031536028822
2016-12-23,1.0016962586987572,1.1554813805761899
2016-12-26,1.0016962586987572,1.1552580843642921
2016-12-27,1.0016962586987572,1.1550229668419734
2016-12-28,1.0016962586987572,1.1556833763468606
2016-12-29,1.0016962586987572,1.1558459557134821
2016-12-30,1.0016962586987572,1.156342124096016
2017-01-02,1.0016962586987572,1.156384359349929
2017-01-04,1.0016962586987572,1.1569026836170722
2017-01-05,1.0016962586987572,1.1567047015708858
2017-01-06,1.0016962586987572,1.1569233006934643
2017-01-09,1.0016962586987572,1.158428472790033
2017-01-10,1.0016962586987572,1.158601157525033
2017-01-11,1.0016962586987572,1.1575953450764302
2017-01-12,1.0016962586987572,1.157838421121621
2017-01-13,1.0016962586987572,1.1584754263513506
2017-01-16,1.0016962586987572,1.158580437911184
2017-01-17,1.0016962586987572,1.1583229202167338
2017-01-18,1.0016962586987572,1.1577022517897504
2017-01-19,1.0016962586987572,1.1585141336517635
2017-01-20,1.0016962586987572,1.1580361373520647
2017-01-23,1.0016962586987572,1.1575525095793797
2017-01-24,1.0016962586987572,1.1576356126354372
2017-01-25,1.0016962586987572,1.157795790599718
2017-01-26,1.0016962586987572,1.157563014964116
2017-01-27,1.0016962586987572,1.157325638970205
2017-01-30,1.0016962586987572,1.1579980403761243
2017-01-31,1.0016962586987572,1.1579366623333276
2017-02-01,1.0016962586987572,1.1583322525308408
2017-02-02,1.0021539918948923,1.1588615618095097
2017-02-03,1.0018545049003458,1.1585152438094333
2017-02-06,1.001799131373756,1.1584512114830385
2017-02-07,1.0016968506692392,1.1583329370681903
2017-02-08,1.0020897991731283,1.1587873312237897
2017-02-09,1.0030025176645738,1.159842772188994
2017-02-10,1.0031834592373043,1.1600520077309033
2017-02-13,1.0032016106408057,1.160072997482958
2017-02-14,1.002600262686536,1.1593776162989164
2017-02-15,1.0021049893649274,1.1588048967172515
2017-02-16,1.0027443105262945,1.1595441890072107
2017-02-17,1.0021731116538928,1.1588836713395378
2017-02-20,1.0023329686132472,1.1590685252512938
2017-02-21,1.00194912241461,1.1586246567352325
2017-02-22,1.0021328848293132,1.1588371542162854
2017-02-23,1.002447938056437,1.15920147255238
2017-02-24,1.0024326660945664,1.1591838125023992
2017-02-27,1.0022833876416821,1.159011191266089
2017-02-28,1.001922526862457,1.1585939024166798
2017-03-01,1.0017697914875594,1.1584172836968736
2017-03-03,1.002284623170303,1.1598189430804997
2017-03-06,1.002343293190096,1.1598868345743663
2017-03-07,1.0027771616725025,1.160388896436903
2017-03-08,1.0032378927064924,1.1609220429788465
2017-03-09,1.0030725103186293,1.1607306665755162
2017-03-10,1.0027785693098543,1.1603905253199842
2017-03-13,1.0034286886008685,1.1611428272625155
2017-03-14,1.0041042958883537,1.1619246232833205
2017-03-15,1.0048343299649047,1.162769400636484
2017-03-16,1.0050487435713082,1.1630175147515887
2017-03-17,1.005218247463517,1.1632136604576735
2017-03-20,1.0047858882017147,1.1627133450278424
2017-03-21,1.0049098617416465,1.1628568041378893
2017-03-22,1.004880339503743,1.1628226417353429
2017-03-23,1.0056784148751976,1.1637461547898398
2017-03-24,1.0062534163731587,1.1644115322826378
2017-03-27,1.0061985237362543,1.164348011882698
2017-03-28,1.0072833182456746,1.165603309222685
2017-03-29,1.007058119749345,1.165342715100059
2017-03-30,1.0070140333918343,1.1652916994590024
2017-03-31,1.0057268559756778,1.1638022096316103
2017-04-03,1.0057268559756778,1.1628872490670972
2017-04-04,1.0057268559756778,1.1633314908380692
2017-04-05,1.0057268559756778,1.1635686558706588
2017-04-06,1.0057268559756778,1.1634165319768777
2017-04-07,1.0057268559756778,1.1630736979277114
2017-04-10,1.0057268559756778,1.164008727918406
2017-04-11,1.0057268559756778,1.165636746410026
2017-04-12,1.0057268559756778,1.1664025656040518
2017-04-13,1.0057268559756778,1.165948638877631
2017-04-14,1.0057268559756778,1.1662696896113127
2017-04-17,1.0057268559756778,1.166343381464546
2017-04-18,1.0057268559756778,1.167118569960153
2017-04-19,1.0057268559756778,1.1685430785820872
2017-04-20,1.0057268559756778,1.1682469398828224
2017-04-21,1.0057268559756778,1.1684961316011797
2017-04-24,1.0057268559756778,1.1698602866981684
2017-04-25,1.0057268559756778,1.1693758668590921
2017-04-26,1.0057268559756778,1.1691003486594789
2017-04-27,1.0057268559756778,1.1696320124617572
2017-04-28,1.0057268559756778,1.169571765471102
2017-05-02,1.0057268559756778,1.1702207410046446
2017-05-03,1.0057268559756778,1.1710710498462362
2017-05-04,1.0057268559756778,1.1716511286143858
2017-05-05,1.0057268559756778,1.1712402441359904
2017-05-08,1.0057268559756778,1.1709138777505688
2017-05-09,1.0057268559756778,1.1708671003058846
2017-05-10,1.0057268559756778,1.1715270468558014
2017-05-11,1.0057268559756778,1.17181971360259
2017-05-12,1.0057268559756778,1.173073686948199
2017-05-15,1.0057268559756778,1.1731834127962555
2017-05-16,1.0057268559756778,1.1724983475884472
2017-05-17,1.0057268559756778,1.1730777320833758
2017-05-18,1.0057268559756778,1.1730783558541054
2017-05-19,1.0057268559756778,1.1731053893417966
2017-05-22,1.0057268559756778,1.1727640608168277
2017-05-23,1.0057268559756778,1.1735742062897656
2017-05-24,1.0057268559756778,1.174597090795017
2017-05-25,1.0057268559756778,1.1758909048219426
2017-05-26,1.0057268559756778,1.175919794052187
2017-05-29,1.0057268559756778,1.1748197722523221
2017-05-30,1.0057268559756778,1.1746149951501947
2017-05-31,1.0057268559756778,1.1748001377390136
2017-06-01,1.0057268559756778,1.1747751811511875
2017-06-02,1.0057268559756778,1.175408259080889
2017-06-05,1.0057268559756778,1.176132616840647
2017-06-06,1.0057268559756778,1.1758078888177648
2017-06-07,1.0057268559756778,1.1756750675604701
2017-06-08,1.0057268559756778,1.1759911011137882
2017-06-09,1.0057268559756778,1.1767104252650284
2017-06-12,1.0057268559756778,1.1761019912401809
2017-06-13,1.0057268559756778,1.1758276538053254
2017-06-14,1.0057268559756778,1.1764830968606526
2017-06-15,1.0057268559756778,1.1761029881847642
2017-06-16,1.0057268559756778,1.1765404014415466
2017-06-19,1.0057268559756778,1.1770500212860473
2017-06-20,1.0057268559756778,1.1782869774805864
2017-06-21,1.0057268559756778,1.1793631845458092
2017-06-22,1.0057268559756778,1.1789997627360511
2017-06-23,1.0057268559756778,1.179414080981205
2017-06-26,1.0057268559756778,1.1796628271940022
2017-06-27,1.0057268559756778,1.1806098782703967
2017-06-29,1.0057268559756778,1.181480035324461
2017-06-30,1.0057268559756778,1.1815260822748104
2017-07-03,1.0057268559756778,1.1820828177093565
2017-07-04,1.0057268559756778,1.182551640329083
2017-07-05,1.0057268559756778,1.1823129137028947
2017-07-06,1.0057268559756778,1.1824740340286932
2017-07-07,1.0057268559756778,1.1821218614599538
2017-07-10,1.0057268559756778,1.1823915617939473
2017-07-11,1.0057268559756778,1.1824252391403633
2017-07-12,1.0057268559756778,1.1820679848176674
2017-07-13,1.0057268559756778,1.1817431614285585
2017-07-14,1.0057268559756778,1.1822391868795652
2017-07-17,1.0057268559756778,1.1822511345731708
2017-07-18,1.0057268559756778,1.1824073550251064
2017-07-19,1.0057268559756778,1.1826840180495641
2017-07-20,1.0057268559756778,1.1832944612967864
2017-07-21,1.0057268559756778,1.1833001794512135
2017-07-24,1.0057268559756778,1.183234559063307
2017-07-25,1.0057268559756778,1.1842168131487882
2017-07-26,1.0057268559756778,1.184809550885437
2017-07-27,1.0057268559756778,1.1853714121566672
2017-07-28,1.0057268559756778,1.1862129320866792
2017-07-31,1.0057268559756778,1.1867627618328713
2017-08-01,1.0057268559756778,1.1868315167380317
2017-08-02,1.0057268559756778,1.1872081209528085
2017-08-03,1.0057268559756778,1.1868635901369258
2017-08-04,1.0057268559756778,1.1868043349510855
2017-08-07,1.0057268559756778,1.1878317666689773
2017-08-08,1.0057268559756778,1.187776389981234
2017-08-09,1.0057268559756778,1.1875154264525243
2017-08-10,1.0057268559756778,1.1878085195239656
2017-08-11,1.0057268559756778,1.1876676604518621
2017-08-14,1.0057268559756778,1.1882266466510327
2017-08-15,1.0057268559756778,1.1882827623167236
2017-08-16,1.0057268559756778,1.188608318511717
2017-08-17,1.0057268559756778,1.1895386689438037
2017-08-18,1.0057268559756778,1.1895161312260978
2017-08-21,1.0057268559756778,1.189149723306246
2017-08-22,1.0057268559756778,1.1895860239785407
2017-08-23,1.0057268559756778,1.1900695150730238
2017-08-24,1.0057268559756778,1.1901244488815763
2017-08-28,1.0057268559756778,1.190353501693447
2017-08-29,1.0057268559756778,1.190187279104534
2017-08-30,1.0057268559756778,1.1905487208309469
2017-08-31,1.0057268559756778,1.1897146115541453
2017-09-01,1.0057268559756778,1.1901637063728627
2017-09-04,1.0057268559756778,1.1902563381554958
2017-09-05,1.0057268559756778,1.1897408098277902
2017-09-06,1.0057268559756778,1.1898726475413541
2017-09-07,1.0057268559756778,1.1901094067462858
2017-09-08,1.0057268559756778,1.1906423672131834
2017-09-11,1.0057268559756778,1.189844780797806
2017-09-12,1.0057268559756778,1.1909688837687114
2017-09-13,1.0057268559756778,1.1915800849591678
2017-09-14,1.0057268559756778,1.1917543853001127
2017-09-15,1.0057268559756778,1.1913531550357195
2017-09-18,1.0057268559756778,1.1915482691323485
2017-09-19,1.0057268559756778,1.1921163324471682
2017-09-20,1.0057268559756778,1.1921157856525304
2017-09-21,1.0057268559756778,1.1929425348216274
2017-09-22,1.0057268559756778,1.193346278331148
2017-09-25,1.0057268559756778,1.192460906082405
2017-09-26,1.0057268559756778,1.1931872074496064
2017-09-27,1.0057268559756778,1.1925472344666022
2017-09-28,1.0057268559756778,1.192271330357696
2017-09-29,1.0057268559756778,1.1918964580589135
2017-10-02,1.0057268559756778,1.1923097329092853
2017-10-03,1.0057268559756778,1.1925177993867355
2017-10-04,1.0057268559756778,1.1931607416674317
2017-10-05,1.0057268559756778,1.1932626406172309
2017-10-06,1.0057268559756778,1.1932230366782453
2017-10-09,1.0057268559756778,1.1930158320439819
2017-10-10,1.0057268559756778,1.19373762914174
2017-10-11,1.0057268559756778,1.1944209414249536
2017-10-12,1.0057268559756778,1.1949113134846783
2017-10-13,1.0057268559756778,1.195736765787449
2017-10-16,1.0057268559756778,1.1956707004384732
2017-10-17,1.0057268559756778,1.1962789616774543
2017-10-18,1.0057268559756778,1.1963511895735262
2017-10-19,1.0057268559756778,1.196158831121675
2017-10-20,1.0057268559756778,1.196674826310046
2017-10-23,1.0057268559756778,1.1968993478568986
2017-10-25,1.0057268559756778,1.1976829325817135
2017-10-26,1.0057268559756778,1.198364163161333
2017-10-27,1.0057268559756778,1.1978878100382968
2017-10-30,1.0057268559756778,1.1970710959009814
2017-10-31,1.0057268559756778,1.1969678478598782
2017-11-01,1.0057268559756778,1.196552211660774
2017-11-02,1.0057268559756778,1.1976473769803113
2017-11-03,1.0057268559756778,1.1976641627126599
2017-11-06,1.0057268559756778,1.1982557097758815
2017-11-07,1.0057268559756778,1.1991470424240502
2017-11-08,1.0057268559756778,1.1997553089523856
2017-11-09,1.0057268559756778,1.199353964644824
2017-11-10,1.0057268559756778,1.1991224230824749
2017-11-13,1.0057268559756778,1.1994905886921001
2017-11-14,1.0057268559756778,1.2004297097034877
2017-11-15,1.0057268559756778,1.2005461725138484
2017-11-16,1.0057268559756778,1.20045817173397
2017-11-17,1.0057268559756778,1.2003028383433079
2017-11-20,1.0057268559756778,1.2011885836569174
2017-11-21,1.0057268559756778,1.2018768290524517
2017-11-22,1.0057268559756778,1.2021343053510916
2017-11-23,1.0057268559756778,1.201263911324137
2017-11-24,1.0057268559756778,1.2026945302183785
2017-11-27,1.0057268559756778,1.2026611078712592
2017-11-28,1.0057268559756778,1.2024320690526158
2017-11-29,1.0057268559756778,1.2019436359834212
2017-11-30,1.0057268559756778,1.2013719760396235
2017-12-01,1.0057268559756778,1.2011670450059142
2017-12-04,1.0057268559756778,1.2022053360773255
2017-12-05,1.0057268559756778,1.2029404639422547
2017-12-06,1.0057268559756778,1.2033316758678834
2017-12-07,1.0057268559756778,1.2030914422966987
2017-12-08,1.0057268559756778,1.2026244193542939
2017-12-11,1.0057268559756778,1.2028171259183738
2017-12-12,1.0057268559756778,1.2030590257084257
2017-12-13,1.0057268559756778,1.203271713816073
2017-12-14,1.0057268559756778,1.2040667842182955
2017-12-15,1.0057268559756778,1.204599205182387
2017-12-18,1.0057268559756778,1.20387865982331
2017-12-19,1.0057268559756778,1.204815394215596
2017-12-20,1.0057268559756778,1.2041674297900593
2017-12-22,1.0057268559756778,1.2043938479825942
2017-12-25,1.0057268559756778,1.205335227503803
2017-12-26,1.0057268559756778,1.2055669281053094
2017-12-27,1.0057268559756778,1.206365150132824
2017-12-28,1.0057268559756778,1.207119919896738
2017-12-29,1.0057268559756778,1.206989016452609
2018-01-01,1.0057268559756778,1.2067510056359845
2018-01-02,1.0057268559756778,1.207518961032128
2018-01-03,1.0057268559756778,1.208389252596323
2018-01-04,1.0057268559756778,1.2081702583696614
2018-01-05,1.0057268559756778,1.2085296052389958
2018-01-08,1.0057268559756778,1.2076662052125693
2018-01-09,1.0057268559756778,1.2074248114538646
2018-01-10,1.0057268559756778,1.2079446249255512
2018-01-11,1.0057268559756778,1.206757719598212
2018-01-12,1.0057268559756778,1.206989211656979
2018-01-15,1.0057268559756778,1.2073842329214504
2018-01-16,1.0057268559756778,1.2085407437975089
2018-01-17,1.0057268559756778,1.2091046767957163
2018-01-18,1.0057268559756778,1.2091335719965015
2018-01-19,1.0057268559756778,1.208753583996682
2018-01-22,1.0057268559756778,1.2086977491001056
2018-01-23,1.0057268559756778,1.2090772937629877
2018-01-24,1.0057268559756778,1.2093088111202057
2018-01-25,1.0057268559756778,1.2095512691296266
2018-01-26,1.0057268559756778,1.209158489895316
2018-01-29,1.0057268559756778,1.209041714281073
2018-01-30,1.0057268559756778,1.2092097207090566
2018-01-31,1.0057268559756778,1.209406497030554
2018-02-01,1.0057268559756778,1.2093529348105765
2018-02-02,1.0057268559756778,1.2092002141883074
2018-02-05,1.0057268559756778,1.2103557161986163
2018-02-06,1.0057268559756778,1.2109387147558015
2018-02-07,1.0057268559756778,1.211426932128056
2018-02-08,1.0057268559756778,1.2111180790955705
2018-02-09,1.0057268559756778,1.2105007306823838
2018-02-12,1.0057268559756778,1.210928044555662
2018-02-13,1.0057268559756778,1.2119495398433575
2018-02-14,1.0057268559756778,1.2124331490696623
2018-02-15,1.0057268559756778,1.2117913837903036
2018-02-16,1.0057268559756778,1.2113856007755084
2018-02-20,1.0057268559756778,1.2115029341583377
2018-02-21,1.0057268559756778,1.2120116125474982
2018-02-22,1.0057268559756778,1.211556559297947
2018-02-23,1.0057268559756778,1.212314619919147
2018-02-26,1.0057268559756778,1.2112665722404494
2018-02-27,1.0057268559756778,1.2108850888274603
2018-02-28,1.0057268559756778,1.2118397148007922
2018-03-01,1.0057268559756778,1.2122482425454837
2018-03-02,1.0057268559756778,1.2126555859883597
2018-03-05,1.0057268559756778,1.2129793651764358
2018-03-06,1.0057268559756778,1.2126420955097013
2018-03-07,1.0057268559756778,1.2128253494519317
2018-03-08,1.0057268559756778,1.213147802797812
2018-03-09,1.0057268559756778,1.2129553067851675
2018-03-12,1.0057268559756778,1.2130805992678202
2018-03-13,1.0057268559756778,1.2132124179543082
2018-03-14,1.0057268559756778,1.213692771967236
2018-03-15,1.0057268559756778,1.2135522127573335
2018-03-16,1.0057268559756778,1.2140504000353392
2018-03-19,1.0057268559756778,1.215737289920179
2018-03-20,1.0057268559756778,1.2150333259386574
2018-03-21,1.0057268559756778,1.2148958789836581
2018-03-22,1.0057268559756778,1.215187094191852
2018-03-23,1.0057268559756778,1.2162720591421323
2018-03-26,1.0057268559756778,1.2165377024581443
2018-03-27,1.0057268559756778,1.2169007122779103
2018-03-28,1.0057268559756778,1.2174170382018998
2018-03-29,1.0057268559756778,1.217075463526276
2018-03-30,1.0057268559756778,1.2170862656767145
2018-04-02,1.0057268559756778,1.2170337045698814
2018-04-03,1.0057268559756778,1.2168707760392086
2018-04-04,1.0057268559756778,1.2179875530615425
2018-04-05,1.0057268559756778,1.2175089263106693
2018-04-06,1.0057268559756778,1.217088023989049
2018-04-09,1.0057268559756778,1.215676363201962
2018-04-10,1.0057268559756778,1.2174240286956786
2018-04-11,1.0057268559756778,1.2175422221148124
2018-04-12,1.0057268559756778,1.2190967770865189
2018-04-13,1.0057268559756778,1.2191224790790447
2018-04-16,1.0057268559756778,1.2200609207195208
2018-04-17,1.0057268559756778,1.2194311414931764
2018-04-19,1.0048187808731768,1.2209904209993527
2018-04-20,1.0048192082250005,1.220989901709215
2018-04-23,1.0037502342096987,1.2222888482930276
2018-04-24,1.0035866760722474,1.222488016652487
2018-04-25,1.0025781940568441,1.2237164677750796
2018-04-26,1.0024381147552959,1.223887444312486
2018-04-27,1.0012334991633038,1.2253581724068803
2018-04-30,1.001214090395189,1.2253819257997163
2018-05-01,1.0016653477526605,1.2248296337224929
2018-05-02,1.0013184732565288,1.2252537895176372
2018-05-03,1.001163399957576,1.2254435434793083
2018-05-04,1.00080840142545,1.2258780686119257
2018-05-07,1.000989021705241,1.2256568290225827
2018-05-08,1.0012105473889756,1.2253855828238875
2018-05-09,1.000238134164757,1.2265757232480092
2018-05-10,1.0003134468208743,1.226483368565168
2018-05-11,0.9991063688387707,1.2279633657343714
2018-05-14,0.9983509114265553,1.2288918695008433
2018-05-15,0.9981762469021815,1.229106867866084
2018-05-16,0.9981938895650097,1.229085143528206
2018-05-17,0.9981855692778487,1.2290953883728664
2018-05-18,0.9974028178576583,1.2300592133272727
2018-05-21,0.9968380729210505,1.2307556919214946
2018-05-22,0.9968806402669845,1.230703135739381
2018-05-23,0.9970750566662699,1.2304631181659877
2018-05-24,0.9967048061988267,1.230920034164063
2018-05-25,0.9965551664551833,1.23110483768584
2018-05-28,0.9968828774843153,1.230699996441815
2018-05-29,0.9964393196716761,1.231247589956325
2018-05-30,0.9964393196716761,1.231542501510183
2018-05-31,0.9964393196716761,1.230353141081178
2018-06-01,0.9964393196716761,1.2314140432328813
2018-06-04,0.9964393196716761,1.2325797710915065
2018-06-05,0.9964393196716761,1.2320621052261098
2018-06-06,0.9964393196716761,1.2323861710359487
2018-06-07,0.9964393196716761,1.2325034023573245
2018-06-08,0.9964393196716761,1.2330530864034273
2018-06-11,0.9964393196716761,1.2332324841418327
2018-06-12,0.9964393196716761,1.232569713839114
2018-06-13,0.9964393196716761,1.2321589179258285
2018-06-14,0.9964393196716761,1.2319413295004822
2018-06-18,0.9956849625276012,1.233917637192148
2018-06-19,0.9940330017212319,1.2359648545868498
2018-06-20,0.9934308604948341,1.2367135474290762
2018-06-21,0.9938161911457445,1.2362338526106738
2018-06-22,0.9942551253026874,1.2356878509770575
2018-06-25,0.9941290894837183,1.2358444917891838
2018-06-26,0.9937995868669972,1.2362541106185816
2018-06-27,0.9933714566217272,1.2367866906101508
2018-06-28,0.9935776674984047,1.2365299499256528
2018-06-29,0.9937901611683602,1.2362654967322442
2018-07-02,0.9930058406641812,1.2372411839704396
2018-07-03,0.9927484571620635,1.2375618723852042
2018-07-04,0.9930983517458843,1.23712569321699
2018-07-05,0.992631687355871,1.237707027891426
2018-07-06,0.9925935641528453,1.2377545635049991
2018-07-09,0.9937929764421018,1.236258907993855
2018-07-10,0.99353968505824,1.2365739974914065
2018-07-11,0.9934464552734736,1.2366900326426618
2018-07-12,0.9927540216469818,1.237552007396916
2018-07-13,0.9926348036611371,1.2377006227180154
2018-07-16,0.9927846993758195,1.2375137201243112
2018-07-17,0.9927343178492125,1.237576521082521
2018-07-18,0.9917822167580296,1.2387634428348564
2018-07-19,0.9911722996323576,1.2395252462082935
2018-07-20,0.9914341001816538,1.2391978476415215
2018-07-23,0.9910549497847017,1.2396717493922778
2018-07-24,0.9910241781809551,1.2397102403839795
2018-07-25,0.9903879601648695,1.2405061099571173
2018-07-26,0.9901808810838744,1.2407654859547577
2018-07-27,0.9897657188278075,1.2412857131256108
2018-07-30,0.9888967616257516,1.2423754903726012
2018-07-31,0.9886555875148675,1.2426784833804683
2018-08-01,0.9879648388742809,1.2435467113902234
2018-08-02,0.9872900293470052,1.2443960909788885
2018-08-03,0.9870314971182639,1.2447219491211514
2018-08-06,0.9870492343358608,1.2446995811378363
2018-08-07,0.986016632932676,1.2460017234113077
2018-08-08,0.9860147812095883,1.2460040633821372
2018-08-09,0.9859196994313835,1.2461242160251347
2018-08-10,0.9850717058167899,1.2471960126215402
2018-08-13,0.983996780651319,1.2485569718007812
2018-08-15,0.9839426847980465,1.248876292341072
2018-08-16,0.9841405791050315,1.2486251135760875
2018-08-17,0.9835136457777557,1.2494205331671446
2018-08-20,0.9824616463979859,1.2507569555254985
2018-08-21,0.9822300808127225,1.2510517581445022
2018-08-22,0.9820903197741137,1.251229769688322
2018-08-23,0.982197300838009,1.2510934707255446
2018-08-24,0.9815387419362799,1.2519323233077486
2018-08-27,0.9822286920166757,1.251052306279167
2018-08-28,0.9811585604770914,1.252415319334579
2018-08-29,0.9810053555421367,1.2526108801901472
2018-08-30,0.980309609439141,1.2534992536669471
2018-08-31,0.9808625218751152,1.252792257306651
2018-09-03,0.9809663647525527,1.2526596255158253
2018-09-04,0.9807957656241749,1.2528774746164117
2018-09-05,0.9801173080121495,1.2537441425705171
2018-09-06,0.9793274673163088,1.2547544891258517
2018-09-07,0.9795403112081005,1.254481784808224
2018-09-10,0.979216954481312,1.254895902654228
2018-09-11,0.9791086377944705,1.2550347137378028
2018-09-12,0.9791406842217301,1.2549936361932796
2018-09-13,0.9783419446486621,1.256017404378311
2018-09-14,0.9780828327588307,1.2563500580533271
2018-09-17,0.9775844998229138,1.2569901680644628
2018-09-18,0.9770587020172914,1.2576662453469658
2018-09-19,0.976702982595263,1.2581241260341505
2018-09-20,0.9760136562886077,1.2590120705501062
2018-09-21,0.9751388419700441,1.260140540197498
2018-09-24,0.9757364370006226,1.2593682873733452
2018-09-25,0.9755422227015265,1.2596189568369023
2018-09-26,0.9750865173587491,1.2602073630331043
2018-09-27,0.9747256603471938,1.2606737366880247
2018-09-28,0.9743543085092927,1.2611540292751162
2018-10-01,0.9746567238681114,1.2607625984116635
2018-10-02,0.9741855439607324,1.261372090953806
2018-10-03,0.9741596811946298,1.2614055779743831
2018-10-04,0.9741437648606848,1.2614261874830774
2018-10-05,0.9734706833904869,1.2622977658100594
2018-10-08,0.9741488830245454,1.261418345507577
2018-10-09,0.9727077290154635,1.2632844854143572
2018-10-10,0.9729649548457734,1.2629504185708595
2018-10-12,0.9729649548457734,1.2642706787313558
2018-10-15,0.9729649548457734,1.265873235436164
2018-10-16,0.9729649548457734,1.2666987957848554
2018-10-17,0.9729649548457734,1.2672645933406028
2018-10-18,0.9729649548457734,1.2680696862650185
2018-10-19,0.9729649548457734,1.2681788073825913
2018-10-22,0.9729649548457734,1.2676464984521154
2018-10-23,0.9729649548457734,1.267686350580921
2018-10-24,0.9729649548457734,1.268446020570744
2018-10-25,0.9729649548457734,1.2696500666497517
2018-10-26,0.9729649548457734,1.2704795321655025
2018-10-29,0.9729649548457734,1.2702609366728472
2018-10-30,0.9729649548457734,1.2708538068682982
2018-10-31,0.9729649548457734,1.2700906349240462
2018-11-01,0.9729649548457734,1.2704765831236944
2018-11-02,0.9729649548457734,1.2714231257142499
2018-11-05,0.9729649548457734,1.2715348993863311
2018-11-06,0.9729649548457734,1.2711657056032135
2018-11-07,0.9729649548457734,1.2716371980553096
2018-11-08,0.9729649548457734,1.2724874670622177
2018-11-09,0.9729649548457734,1.272765608452047
2018-11-12,0.9727375245532643,1.2730631170654703
2018-11-13,0.9728886877541973,1.2728652833324148
2018-11-14,0.9724624740137383,1.2734229141079991
2018-11-15,0.9721276625463521,1.273861343976368
2018-11-16,0.9721276625463521,1.2740071648438878
2018-11-19,0.9721276625463521,1.2740668451108053
2018-11-20,0.9721276625463521,1.2747160854868322
2018-11-21,0.9721276625463521,1.2763735869253405
2018-11-22,0.9721276625463521,1.2783013374754095
2018-11-23,0.9721276625463521,1.27834587383828
2018-11-26,0.9721276625463521,1.2786793290544425
2018-11-27,0.9721276625463521,1.2789167994086628
2018-11-28,0.9721276625463521,1.2793904098169617
2018-11-29,0.9721276625463521,1.2796529900461304
2018-11-30,0.9721276625463521,1.2790382263184228
2018-12-03,0.9721276625463521,1.2795647979535532
2018-12-04,0.9721276625463521,1.2805445498569246
2018-12-05,0.9721276625463521,1.2806727815291874
2018-12-06,0.9721276625463521,1.281762220487948
2018-12-07,0.9721276625463521,1.2819758595978437
2018-12-11,0.971567080127246,1.2834155867852957
2018-12-12,0.9713195961847814,1.2837425068258517
2018-12-13,0.9711240262596276,1.284000981407197
2018-12-14,0.9710608931175947,1.2840844547989962
2018-12-17,0.9707240278742538,1.2845299092760551
2018-12-18,0.9698145009969115,1.2857334588366809
2018-12-19,0.9690220420762937,1.2867840627902665
2018-12-20,0.9688138856848698,1.2870604778927324
2018-12-21,0.9687444260098227,1.2871527544423167
2018-12-24,0.9682818137495691,1.2877674187738337
2018-12-25,0.9684061525838478,1.2876020542101305
2018-12-26,0.9677446688284369,1.28848156931856
2018-12-27,0.9670792504744089,1.2893675254107688
2018-12-28,0.9671189627513692,1.2893145786432234
2018-12-31,0.9666758262107027,1.28990534609192
2019-01-01,0.9661066423798061,1.2906648491709003
2019-01-02,0.9659269939441216,1.2909048495093467
2019-01-03,0.9659491083076712,1.2908752949577822
2019-01-04,0.9655769656439833,1.2913726190575954
2019-01-07,0.965271481609113,1.2917811765648963
2019-01-08,0.9659228035235399,1.2909095405485311
2019-01-09,0.9659228035235399,1.2913534995676479
2019-01-10,0.9659228035235399,1.2917028655569376
2019-01-11,0.9659228035235399,1.2927767848880305
2019-01-14,0.9659228035235399,1.2936351866801363
2019-01-15,0.9659228035235399,1.2943970985770565
2019-01-16,0.9659228035235399,1.294683638261081
2019-01-17,0.9659228035235399,1.2942750337304232
2019-01-18,0.9659228035235399,1.2939684316228857
2019-01-21,0.9659228035235399,1.2949569772033702
2019-01-22,0.9659228035235399,1.295399506669102
2019-01-23,0.9659228035235399,1.2953299827612337
2019-01-24,0.9659228035235399,1.2959335130668093
2019-01-25,0.9659228035235399,1.2960126642873098
2019-01-28,0.9659228035235399,1.2955416983300057
2019-01-29,0.9659228035235399,1.2972409378067766
2019-01-30,0.9659228035235399,1.2989973666912125
2019-01-31,0.9659228035235399,1.2997139896184957
2019-02-01,0.9659228035235399,1.299296044735521
2019-02-04,0.9659228035235399,1.3002321587093961
2019-02-05,0.9659228035235399,1.3027584343240435
2019-02-07,0.9658867755110573,1.3024793857957024
2019-02-08,0.9655660504721197,1.3029118772246318
2019-02-11,0.9649160078125814,1.3037890293380487
2019-02-12,0.964196015454933,1.3047618789223738
2019-02-13,0.9643149460428075,1.3046009405915686
2019-02-14,0.9642939390761506,1.3046293604647354
2019-02-15,0.964456996557633,1.304408753895343
2019-02-18,0.9627677371505319,1.3066934433797757
2019-02-19,0.9624888437799815,1.307071964724684
2019-02-20,0.9614982928218144,1.3084171453939648
2019-02-21,0.9614789636373051,1.308443448754675
2019-02-22,0.9615696705671989,1.3083200088327789
2019-02-25,0.9619490405503683,1.3078038347531218
2019-02-26,0.9614453214623454,1.3084886587169544
2019-02-27,0.9615552312633747,1.3083390758702564
2019-02-28,0.961635657552555,1.3082296439276695
2019-03-01,0.9623639060660829,1.307238919128666
2019-03-04,0.9617407457612996,1.3080853966390276
2019-03-05,0.961773834214044,1.3080403922841395
2019-03-06,0.9610983080243589,1.3089591275529942
2019-03-07,0.9599351459317196,1.310543285620147
2019-03-08,0.9602353868101107,1.3101333843170104
2019-03-11,0.9601086302569294,1.310306329403481
2019-03-12,0.9606894522198822,1.3095136537933159
2019-03-13,0.959870104396446,1.3106305049875453
2019-03-14,0.9596571921056903,1.3109212207228027
2019-03-15,0.9604796006790922,1.3097977853337435
2019-03-18,0.9607403707692146,1.309442175400662
2019-03-19,0.9608550447194585,1.3092858804104255
2019-03-20,0.9605595931951699,1.3096884702820428
2019-03-21,0.9599253827755378,1.3105531933874173
2019-03-22,0.9601814040284028,1.3102036563540833
2019-03-25,0.9595701571197596,1.3110377257614678
2019-03-26,0.9594395083709181,1.3112162280182167
2019-03-27,0.958018908773931,1.3131576878276507
2019-03-28,0.9576763507697967,1.3136272325021203
2019-03-29,0.9584120150864015,1.3126181351390132
2019-04-01,0.9577825372243641,1.3134802529384277
2019-04-02,0.9580422160910496,1.3131241355002405
2019-04-03,0.9574985326103257,1.3138693259403071
2019-04-04,0.9568549611633753,1.314752427850546
2019-04-08,0.9568549611633753,1.3151052878456544
2019-04-09,0.9568549611633753,1.3149767971821493
2019-04-10,0.9568549611633753,1.315656179176444
2019-04-11,0.9568549611633753,1.3167572417734508
2019-04-12,0.9568549611633753,1.3168690465413748
2019-04-15,0.9568549611633753,1.3165186625279306
2019-04-16,0.9568549611633753,1.3163727406623833
2019-04-17,0.9568549611633753,1.3170231217284374
2019-04-18,0.9568549611633753,1.3164179368674194
2019-04-19,0.9568549611633753,1.3165322871142595
2019-04-22,0.9568549611633753,1.3170663541474745
2019-04-23,0.9568549611633753,1.3177588603502401
2019-04-24,0.9568549611633753,1.3182367999477973
2019-04-25,0.9568549611633753,1.3179817909323717
2019-04-26,0.9568549611633753,1.3186261146951304
2019-04-29,0.9568549611633753,1.3181720626691638
2019-04-30,0.9568549611633753,1.3185131297071921
2019-05-01,0.9568549611633753,1.319246152487959
2019-05-02,0.9568549611633753,1.3189156707184295
2019-05-03,0.9568549611633753,1.3191162830036323
2019-05-06,0.9568549611633753,1.3186034754774614
2019-05-07,0.9568549611633753,1.3186158917146587
2019-05-08,0.9568549611633753,1.319161185132353
2019-05-09,0.9568549611633753,1.3193626308509714
2019-05-10,0.9568549611633753,1.319372077275309
2019-05-13,0.9568549611633753,1.320842774180324
2019-05-14,0.9568549611633753,1.3220988560694718
2019-05-15,0.9568549611633753,1.3216081288094643
2019-05-16,0.9568549611633753,1.3218660874069137
2019-05-17,0.9568549611633753,1.3229185962373162
2019-05-20,0.9568549611633753,1.3240010524756463
2019-05-21,0.9568549611633753,1.3249900486765844
2019-05-22,0.9568549611633753,1.3264067131696649
2019-05-23,0.9568549611633753,1.3265879914874685
2019-05-24,0.9568549611633753,1.3267413967391073
2019-05-27,0.9568549611633753,1.3270244673868516
2019-05-28,0.9568549611633753,1.3272058204215746
2019-05-29,0.9568549611633753,1.3271249931266886
2019-05-30,0.9568549611633753,1.326035131813051
2019-05-31,0.9568549611633753,1.3271305842945302
2019-06-03,0.9568549611633753,1.3263558038582166
2019-06-05,0.9568549611633753,1.326122373712548
2019-06-06,0.9568549611633753,1.3261160486377392
2019-06-07,0.9568549611633753,1.3264041993517564
2019-06-10,0.9568549611633753,1.3268777289588387
2019-06-11,0.9568549611633753,1.3265936978917967
2019-06-12,0.9568549611633753,1.3267399830853932
2019-06-13,0.9568549611633753,1.3270644958923377
2019-06-14,0.9568549611633753,1.3272688180743164
2019-06-17,0.9568549611633753,1.3285638755720897
2019-06-18,0.9568549611633753,1.3288456270346558
2019-06-19,0.9568549611633753,1.3282027415993016
2019-06-20,0.9568549611633753,1.329219010457147
2019-06-21,0.9568549611633753,1.329878645750928
2019-06-24,0.9568549611633753,1.3297836640035947
2019-06-25,0.9568549611633753,1.330268132384394
2019-06-26,0.9568549611633753,1.3304007776648272
2019-06-27,0.9568549611633753,1.3302280423459851
2019-06-28,0.9568549611633753,1.3311023112704328
2019-07-01,0.9568549611633753,1.3308374021943352
2019-07-02,0.9568549611633753,1.3308541483646057
2019-07-03,0.9568549611633753,1.3313883593093692
2019-07-04,0.9568549611633753,1.3317158475145243
2019-07-05,0.9568549611633753,1.3320448700647718
2019-07-08,0.9568549611633753,1.3314206779861433
2019-07-09,0.9568549611633753,1.3311763171899471
2019-07-10,0.9568549611633753,1.3311933147397457
2019-07-11,0.9568549611633753,1.3310450995553917
2019-07-12,0.9568549611633753,1.3322450904555454
2019-07-15,0.9568549611633753,1.3311025852502003
2019-07-16,0.9568549611633753,1.3308670244529717
2019-07-17,0.9568549611633753,1.331474910457932
2019-07-18,0.9568549611633753,1.3306190360000405
2019-07-19,0.9568549611633753,1.3314589677899742
2019-07-22,0.9568549611633753,1.330946916067858
2019-07-23,0.9568549611633753,1.3313854686075537
2019-07-24,0.9568549611633753,1.3316777901010175
2019-07-25,0.9568549611633753,1.3319005062508735
2019-07-26,0.9568549611633753,1.332273037356474
2019-07-29,0.9568549611633753,1.3317728565203828
2019-07-30,0.9568549611633753,1.3322441953185173
2019-07-31,0.9568549611633753,1.3325165400071939
2019-08-02,0.9573056725874045,1.3326220730530185
2019-08-05,0.9570220440810249,1.332227246594791
2019-08-06,0.956189358224524,1.331068102150057
2019-08-07,0.9564300235182671,1.3314031214566835
2019-08-08,0.955986489575284,1.3307856978484331
2019-08-09,0.9566876495507466,1.331761751043143
2019-08-12,0.9568237883552247,1.331951263735945
2019-08-13,0.9569348913212323,1.3321059251665863
2019-08-14,0.9564611501037761,1.3314464513732358
2019-08-15,0.9568491016520531,1.3319865012353782
2019-08-16,0.9575925264558915,1.3330213893924416
2019-08-19,0.9572841024457293,1.332592046231139
2019-08-20,0.9577527031453196,1.3332443641412943
2019-08-21,0.9579093365771939,1.3334624064810305
2019-08-22,0.9576382932292313,1.3330850992545176
2019-08-23,0.9573681299676783,1.3327090171566225
2019-08-26,0.9563929950361657,1.3313515757759333
2019-08-27,0.9559859262347823,1.3307849136475156
2019-08-28,0.9566903557561593,1.3317655182297072
2019-08-29,0.95669386087768,1.331770397551371
2019-08-30,0.9566302444175426,1.3316818399449386
2019-09-02,0.9572527627487697,1.3325484196517434
2019-09-03,0.9577318000786409,1.333215265924447
2019-09-04,0.9575213756172818,1.3329223435173754
2019-09-05,0.9582364279201058,1.333917735594762
2019-09-06,0.9580044808685197,1.3335948525600385
2019-09-09,0.9579553146639007,1.3335264105029196
2019-09-10,0.9583754077199245,1.3341112031091105
2019-09-11,0.9577715082035887,1.3332705418152107
2019-09-12,0.957508491925283,1.33290440871052
2019-09-13,0.9569570347924639,1.3321367500946977
2019-09-16,0.9573001447766539,1.3326143780368582
2019-09-17,0.9570320162346859,1.3322411283803757
2019-09-18,0.9568236583344623,1.3319510827399037
2019-09-19,0.956681131805638,1.3317526779839874
2019-09-20,0.9572260096537326,1.332511177874128
2019-09-23,0.9571662758572659,1.3324280251487675
2019-09-24,0.9568941937300082,1.3320492718844241
2019-09-25,0.9573136405439235,1.3326331648861074
2019-09-26,0.9566609641378043,1.3317246034827215
2019-09-27,0.9568092414600998,1.3319310136589926
2019-10-01,0.9571206562627667,1.332300878704652
2019-10-02,0.9570316866437443,1.3321770340244374
2019-10-03,0.9578577624939952,1.333326922049489
2019-10-04,0.9578690159996881,1.3333425867991995
2019-10-07,0.9582262101100426,1.3338397968677311
2019-10-08,0.9581655281800956,1.3337553283233936
2019-10-09,0.9572827146335592,1.3325264620816228
2019-10-10,0.9571596956794693,1.3323552211209784
2019-10-11,0.9584828231204334,1.3341969992089342
2019-10-14,0.9573450657333411,1.3326132540910567
2019-10-15,0.9574710165978986,1.3327885762371472
2019-10-16,0.9578052282463,1.3332537949845695
2019-10-17,0.9575135005495985,1.332847713406333
2019-10-18,0.9575506101872453,1.3328993695925428
2019-10-21,0.958151823418948,1.3337362514544535
2019-10-22,0.957925034365248,1.333420563715872
2019-10-23,0.957910061808551,1.3333997220901967
2019-10-24,0.9575652232426589,1.332919710796591
2019-10-25,0.9577226982167311,1.3331389141383616
2019-10-28,0.95821988206712,1.3338309883052044
2019-10-29,0.9583396153737052,1.3339976556825406
2019-10-30,0.9583075904261941,1.3339530773261647
2019-10-31,0.957855099798561,1.3333232156082544
2019-11-01,0.9575881564928216,1.3329516336154577
2019-11-04,0.957185535607696,1.3323911900020766
2019-11-05,0.9573796739170701,1.332661428282357
2019-11-06,0.9569537160678083,1.3320684998849295
2019-11-07,0.9573142260554948,1.3325703256163393
2019-11-08,0.95757554301358,1.3329340757983037
2019-11-11,0.9580138623300803,1.333544211215093
2019-11-12,0.9576357279100637,1.3330178524778113
2019-11-13,0.9571299861542091,1.3323138658055838
2019-11-14,0.9568641613405996,1.33194384074089
2019-11-15,0.9560454147947136,1.3308041550227072
2019-11-18,0.9564660439230636,1.331389665902284
2019-11-19,0.9562425738148921,1.3310785980974749
2019-11-20,0.9562577224186326,1.3310996847785976
2019-11-21,0.9557945779989471,1.330454993105425
2019-11-22,0.955665549306542,1.3302753866585841
2019-11-25,0.9556504009433933,1.3302543003123624
2019-11-26,0.9552767635587656,1.329734201396307
2019-11-28,0.9556302028617455,1.3293710827871452
2019-11-29,0.9557536260685006,1.3295427760232041
2019-12-02,0.9561422419616085,1.33008337711457
2019-12-03,0.9571294499428378,1.331456675843527
2019-12-04,0.9568412723904608,1.331055793887629
2019-12-05,0.9566692023414952,1.3308164283395085
2019-12-06,0.9564644727732741,1.3305316303423653
2019-12-09,0.9572180709123486,1.3315799559092298
2019-12-10,0.9573473405357785,1.3317597820582527
2019-12-11,0.9580759295027645,1.3327733175252656
2019-12-12,0.9575371037148883,1.3320237604069183
2019-12-13,0.9576798623904541,1.3322223510903708
2019-12-16,0.957295520263683,1.3316876952081096
2019-12-17,0.9567363221926338,1.3309097983365195
2019-12-18,0.9568889645769829,1.3311221381842488
2019-12-19,0.9569281933202017,1.3311767090388462
2019-12-20,0.9567925116634813,1.3309879631511916
2019-12-23,0.9569315987404574,1.3311814462972535
2019-12-24,0.9567573914406298,1.3309391076330843
2019-12-25,0.9568594638467113,1.3310810999064437
2019-12-26,0.9573366536148634,1.3317449155507
2019-12-27,0.9582341120828606,1.3329933643039784
2019-12-30,0.9579392798452664,1.3325832250579004
2019-12-31,0.957749281289458,1.3323189192782101
2020-01-01,0.9574598141737239,1.3319162434189473
2020-01-02,0.957068043521997,1.3313712537629792
2020-01-03,0.956336882819599,1.3303541407712303
2020-01-06,0.9564383342497819,1.330495269208976
2020-01-07,0.9563851516510139,1.330421287234884
2020-01-08,0.9560750029597193,1.32998984136771
2020-01-09,0.956664293613316,1.3308095998390332
2020-01-10,0.9561224432027842,1.3300558351873926
2020-01-13,0.9560783537840111,1.32999450267802
2020-01-14,0.9557646155672006,1.3295580634447852
2020-01-15,0.9560867587953015,1.3300061948356419
2020-01-16,0.9565047438600356,1.33058765119442
2020-01-17,0.9568819353128674,1.3311123598197516
2020-01-20,0.9566137337780362,1.3307392663745088
2020-01-21,0.956514024300309,1.3306005611557188
2020-01-22,0.9556457814302893,1.3293927540345292
2020-01-23,0.9557564003676703,1.3295466353330927
2020-01-27,0.9552915587463636,1.3296898286063779
2020-01-28,0.9553346026781536,1.3297497423340354
2020-01-29,0.9549460182186396,1.3292088636895634
2020-01-30,0.9545864108195394,1.3287083188072213
2020-01-31,0.9551420620550517,1.3294817411088722
2020-02-03,0.9556994143884316,1.330257531203383
2020-02-04,0.9564785129378157,1.3313419743842247
2020-02-05,0.9563606991504345,1.3311779869676963
2020-02-06,0.9560270793182951,1.3307136147104983
2020-02-07,0.9551442032076751,1.3294847214229333
2020-02-10,0.9545641572481725,1.328677343606796
2020-02-11,0.9542533688004718,1.3282447508198376
2020-02-12,0.9545765815596788,1.3286946372596982
2020-02-13,0.9549140180698716,1.3291643220290188
2020-02-14,0.9544494803204323,1.3285177224492595
2020-02-17,0.9543137412005989,1.3283287843964378
2020-02-18,0.9543754810377568,1.3284147213365656
2020-02-19,0.9541658914734632,1.3281229893420017
2020-02-20,0.9540945472379327,1.3280236838436477
2020-02-21,0.9536284646173911,1.327374933926253
2020-02-24,0.9532686680416131,1.3268741257250298
2020-02-25,0.9530155458289515,1.3265217997482233
2020-02-26,0.952699420751493,1.3260817787973258
2020-02-27,0.9529256433489312,1.3263966626503865
2020-02-28,0.9532429025904872,1.3268382622674522
2020-03-02,0.953169825847954,1.3267365452572217
2020-03-03,0.953661139509601,1.3274204147759734
2020-03-04,0.9535464649578457,1.327260796925619
2020-03-05,0.9543702610981663,1.3284074555960534
2020-03-06,0.9543710999416992,1.328408623199497
2020-03-09,0.9546623669268649,1.3288140436641056
2020-03-10,0.9541884915373356,1.3281544468324211
2020-03-11,0.9546815240338307,1.328840708832498
2020-03-12,0.9552909237633574,1.3296889447605644
2020-03-13,0.9548176217393736,1.3290301460080913
2020-03-16,0.9549302690553434,1.329186942107558
2020-03-17,0.9546190145085156,1.3287537005477061
2020-03-18,0.9543900054930545,1.328434938222498
2020-03-19,0.9541267600033393,1.3280685214496333
2020-03-20,0.9541267600033393,1.3282629422731915
2020-03-23,0.9541267600033393,1.3289593583477146
2020-03-25,0.9541267600033393,1.3282088750411019
2020-03-26,0.9541267600033393,1.3270124859820671
2020-03-27,0.9541267600033393,1.3273833839987979
2020-03-30,0.9541267600033393,1.3268182546257845
2020-03-31,0.9541267600033393,1.3278964011560859
2020-04-01,0.9541267600033393,1.3284402836809166
2020-04-02,0.9541267600033393,1.328717633400856
2020-04-03,0.9541267600033393,1.3289633340665845
2020-04-06,0.9541267600033393,1.3294184367233952
2020-04-07,0.9541267600033393,1.3287170827011094
2020-04-08,0.9541267600033393,1.3283048896183227
2020-04-09,0.9541267600033393,1.327510912617454
2020-04-10,0.9541267600033393,1.3268124043041107
2020-04-13,0.9541267600033393,1.32679948380278
2020-04-14,0.9541267600033393,1.3263251619907328
2020-04-15,0.9541267600033393,1.325503849579792
2020-04-16,0.9541267600033393,1.3264266266074263
2020-04-17,0.9541267600033393,1.3255719544607696
2020-04-20,0.9541267600033393,1.326283224324801
2020-04-21,0.9541267600033393,1.3269947182416681
2020-04-22,0.9541267600033393,1.3269392512498812
2020-04-23,0.9541267600033393,1.3273309510749316
2020-04-24,0.9541267600033393,1.3271529188435363
2020-04-27,0.9541267600033393,1.3270142839719903
2020-04-28,0.9541267600033393,1.3271665029512592
2020-04-29,0.9541267600033393,1.3274334270462769
2020-04-30,0.9541267600033393,1.3274616341202066
2020-05-01,0.9541267600033393,1.3272800978036945
2020-05-04,0.9541267600033393,1.3270008442218995
2020-05-05,0.9541267600033393,1.325440771432749
2020-05-06,0.9541267600033393,1.3245515212792625
2020-05-07,0.9541267600033393,1.3245557816809352
2020-05-08,0.9541267600033393,1.3257113360132244
2020-05-11,0.9541267600033393,1.3251556001239624
2020-05-12,0.9541267600033393,1.3254628239631996
2020-05-13,0.9541267600033393,1.325726177783163
2020-05-14,0.9541267600033393,1.325254952747702
2020-05-15,0.9541267600033393,1.3247677832055875
2020-05-18,0.9541267600033393,1.324668225844523
2020-05-19,0.9541267600033393,1.3249504324771568
2020-05-20,0.9541267600033393,1.3243404388897055
2020-05-22,0.9541267600033393,1.3245026288585562
2020-05-25,0.9541267600033393,1.3247241435064974
2020-05-26,0.9541267600033393,1.3244073233805398
2020-05-27,0.9541267600033393,1.3237015421883582
2020-05-28,0.9541267600033393,1.3240415576184599
2020-05-29,0.9541267600033393,1.322263751624313
2020-06-01,0.9541267600033393,1.3232006634969014
2020-06-02,0.9541267600033393,1.3234052579833637
2020-06-03,0.9541267600033393,1.3229301698355385
2020-06-04,0.9541267600033393,1.3219034530289258
2020-06-05,0.9541267600033393,1.3217826061987803
2020-06-08,0.9541267600033393,1.321426002487201
2020-06-09,0.9541267600033393,1.321071555321635
2020-06-10,0.9541267600033393,1.3209514286860133
2020-06-11,0.9541267600033393,1.3198460695367273
2020-06-12,0.9541267600033393,1.318960950124099
2020-06-15,0.9541267600033393,1.3184117525349794
2020-06-16,0.9541267600033393,1.318366538731573
2020-06-17,0.9541267600033393,1.3177132471400241
2020-06-18,0.9541267600033393,1.318218701051076
2020-06-19,0.9541267600033393,1.317852980923155
2020-06-22,0.9541267600033393,1.3168527202114064
2020-06-23,0.9541267600033393,1.3168969217388962
2020-06-24,0.9541267600033393,1.31559720063153
2020-06-25,0.9541267600033393,1.315920125450049
2020-06-26,0.9541267600033393,1.3147472590976372
2020-06-29,0.9541267600033393,1.315165571123207
2020-06-30,0.9541267600033393,1.3145654073160988
2020-07-01,0.9541267600033393,1.3133294984587451
2020-07-02,0.9541267600033393,1.3129642278634848
2020-07-03,0.9541267600033393,1.3123379198510061
2020-07-06,0.9541267600033393,1.3120959094486337
2020-07-07,0.9541267600033393,1.310988148698094
2020-07-08,0.9541267600033393,1.3101264934351022
2020-07-09,0.9541267600033393,1.309994776228498
2020-07-10,0.9541267600033393,1.3095191826739483
2020-07-13,0.9541267600033393,1.3084545219933874
2020-07-14,0.9541267600033393,1.3086765915337095
2020-07-15,0.9541267600033393,1.3084605894443082
2020-07-16,0.9541267600033393,1.3083219290395824
2020-07-17,0.9541267600033393,1.3082441784867023
2020-07-21,0.9541267600033393,1.306484035354218
2020-07-22,0.9541267600033393,1.3051387197577928
2020-07-23,0.9541267600033393,1.3041950052396938
2020-07-24,0.9541267600033393,1.3042068362917352
2020-07-27,0.9541267600033393,1.3035843469942836
2020-07-28,0.9541267600033393,1.3028059875560838
2020-07-29,0.9541267600033393,1.3019531262621615
2020-07-30,0.9541267600033393,1.300591551661046
2020-07-31,0.9541267600033393,1.2997196678644405
2020-08-03,0.9541267600033393,1.298778056984524
2020-08-04,0.9541267600033393,1.2983243528965693
2020-08-05,0.9541267600033393,1.29864316357538
2020-08-06,0.9541267600033393,1.298760138589005
2020-08-07,0.9541267600033393,1.2979122360919122
2020-08-10,0.9541267600033393,1.297393054105942
2020-08-11,0.9541267600033393,1.297996165702257
2020-08-12,0.9541267600033393,1.2973440179345934
2020-08-13,0.9541267600033393,1.2965630254166203
2020-08-14,0.9541267600033393,1.2964400536940321
2020-08-17,0.9541267600033393,1.295138441980054
2020-08-18,0.9541267600033393,1.294637780085933
2020-08-19,0.9541267600033393,1.2933450052090336
2020-08-20,0.9541267600033393,1.2931805434308818
2020-08-21,0.9541267600033393,1.2919867033808738
2020-08-24,0.9541267600033393,1.2909949151103866
2020-08-25,0.9541267600033393,1.2899220236105207
2020-08-26,0.9541267600033393,1.2906220042270307
2020-08-27,0.9541267600033393,1.2904414110584923
2020-08-28,0.9541267600033393,1.2903194092536865
2020-08-31,0.9541267600033393,1.2902730145100216
2020-09-01,0.9541267600033393,1.289738228654901
2020-09-02,0.9541267600033393,1.2899237993032575
2020-09-03,0.9541267600033393,1.2891879115040428
2020-09-04,0.9541267600033393,1.2897114444539364
2020-09-07,0.9541267600033393,1.288616532657826
2020-09-08,0.9541267600033393,1.2883889407150544
2020-09-09,0.9541267600033393,1.287850469315919
2020-09-10,0.9541267600033393,1.2872894213882018
2020-09-11,0.9541267600033393,1.2862973558688857
2020-09-14,0.9541267600033393,1.2874703314318305
2020-09-15,0.9541267600033393,1.2870964483205491
2020-09-17,0.9541267600033393,1.2867288158668462
2020-09-18,0.9541267600033393,1.2849162977918955
2020-09-21,0.9541267600033393,1.284552531601582
2020-09-22,0.9541267600033393,1.2838113957668502
2020-09-23,0.9541267600033393,1.2831885323891739
2020-09-24,0.9541267600033393,1.282510971668418
2020-09-25,0.9541267600033393,1.2825103869391001
2020-09-28,0.9541267600033393,1.2820518674039874
2020-09-29,0.9541267600033393,1.280671918385395
2020-09-30,0.9541267600033393,1.2798519094582166
2020-10-01,0.9541267600033393,1.2807596099879508
2020-10-02,0.9541267600033393,1.2808829036380989
2020-10-05,0.9541267600033393,1.2800384251782606
2020-10-06,0.9541267600033393,1.2790626086276733
2020-10-07,0.9541267600033393,1.2786618376598813
2020-10-08,0.9541267600033393,1.2794275611198611
2020-10-09,0.9541267600033393,1.2788113008074071
2020-10-12,0.9541267600033393,1.279143782396378
2020-10-13,0.9541267600033393,1.2795446260279948
2020-10-14,0.9541267600033393,1.2808394215426289
2020-10-15,0.9541267600033393,1.2796623273208065
2020-10-16,0.9541267600033393,1.2788870106813255
2020-10-19,0.9541267600033393,1.2783451471761995
2020-10-20,0.9541267600033393,1.2766151493910818
2020-10-21,0.9541267600033393,1.2759100374402144
2020-10-22,0.9541267600033393,1.274727740464947
2020-10-23,0.9541267600033393,1.2750948458350333
2020-10-26,0.9541267600033393,1.274305234492622
2020-10-27,0.9541267600033393,1.2749424094631423
2020-10-28,0.9541267600033393,1.274011573659886
2020-10-29,0.9541267600033393,1.2733574267711223
2020-10-30,0.9541267600033393,1.2725773302152668
2020-11-02,0.9541267600033393,1.2719101595496627
2020-11-03,0.9541267600033393,1.270795763159169
2020-11-04,0.9541267600033393,1.2702858006333606
2020-11-05,0.9541267600033393,1.268972013947897
2020-11-06,0.9541267600033393,1.269092691865354
2020-11-09,0.9541267600033393,1.2693364546920398
2020-11-10,0.9541267600033393,1.2688051497199446
2020-11-11,0.9541267600033393,1.2692829058936463
2020-11-12,0.9541267600033393,1.2684050634585757
2020-11-16,0.9545856478582732,1.2687855609729919
2020-11-17,0.954438498637211,1.268589977886853
2020-11-18,0.9538865426401686,1.2678563467025679
2020-11-19,0.9539126344871945,1.2678910266276642
2020-11-20,0.9539324698067495,1.2679173907020718
2020-11-23,0.9528687967735278,1.2665036118660122
2020-11-24,0.9530206645103129,1.2667054665576714
2020-11-25,0.9526978670049855,1.26627642091384
2020-11-26,0.951721264723343,1.264978371989114
2020-11-27,0.9522914128117173,1.2657361831543756
2020-11-30,0.9516276631476933,1.264853961646328
2020-12-01,0.9515077918580914,1.2646946349669845
2020-12-02,0.9510351007281518,1.26406635851865
2020-12-03,0.9511658618901063,1.2642401594495527
2020-12-04,0.9506471831321294,1.2635507586394934
2020-12-07,0.9498416907981794,1.2624801401516887
2020-12-08,0.9492490352653192,1.261692413262634
2020-12-09,0.9488354654859936,1.2611427178365184
2020-12-10,0.9485147407010279,1.2607164271447155
2020-12-11,0.9486112976535861,1.2608447656206734
2020-12-14,0.9477694588288748,1.2597258372690303
2020-12-15,0.9477694588288748,1.2602201853030444
2020-12-16,0.9477694588288748,1.2598499514519288
2020-12-17,0.9477694588288748,1.2593675692394306
2020-12-18,0.9477694588288748,1.259309662018802
2020-12-21,0.9477694588288748,1.2592644057051232
2020-12-22,0.9477694588288748,1.2597025060123435
2020-12-23,0.9477694588288748,1.2591847439933024
2020-12-24,0.9477694588288748,1.2585512644634296
2020-12-25,0.9477694588288748,1.2580169395236034
2020-12-28,0.9477694588288748,1.2568471289206553
2020-12-29,0.9477694588288748,1.2559248461335555
2020-12-30,0.9477694588288748,1.2554190624972252
2020-12-31,0.9477694588288748,1.2551750740580911
2021-01-01,0.9477694588288748,1.2541546131279384
2021-01-04,0.9477694588288748,1.2532507507878743
2021-01-05,0.9477694588288748,1.2533675719795616
2021-01-06,0.9477694588288748,1.2532721621606444
2021-01-07,0.9477694588288748,1.2535323593772876
2021-01-08,0.9477694588288748,1.2539342133032507
2021-01-11,0.9477694588288748,1.2528355705486527
2021-01-13,0.9477694588288748,1.2514650741992097
2021-01-14,0.9477694588288748,1.251583070032546
2021-01-15,0.9477694588288748,1.250494502821888
2021-01-18,0.9477694588288748,1.2507349278356252
2021-01-19,0.9477694588288748,1.2499733137017317
2021-01-20,0.9477694588288748,1.249552275732041
2021-01-21,0.9477694588288748,1.2492538562567106
2021-01-22,0.9477694588288748,1.2486506608286365
2021-01-25,0.9477694588288748,1.2482852697063316
2021-01-26,0.9477694588288748,1.2477510827777936
2021-01-27,0.9477694588288748,1.2472381223515934
2021-01-28,0.9477694588288748,1.2472927383538133
2021-01-29,0.9477694588288748,1.2455892357522536
2021-02-01,0.9477694588288748,1.2444679358234407
2021-02-02,0.9477694588288748,1.243905609026049
2021-02-03,0.9477694588288748,1.2437164627100377
2021-02-04,0.9477694588288748,1.2428329656402164
2021-02-05,0.9477694588288748,1.2423990785321912
2021-02-08,0.9477694588288748,1.241827706236968
2021-02-09,0.9477694588288748,1.241931972273954
2021-02-10,0.9477694588288748,1.2415129802137361
2021-02-11,0.9477694588288748,1.2428656330134897
2021-02-12,0.9477694588288748,1.2421750785242536
2021-02-15,0.9477694588288748,1.2423827167541206
2021-02-16,0.9477694588288748,1.2410416649519218
2021-02-17,0.9477694588288748,1.2404849378672467
2021-02-18,0.9477694588288748,1.2412884161880093
2021-02-19,0.9477694588288748,1.2413493679197822
2021-02-22,0.9477694588288748,1.241696772804555
2021-02-23,0.9477694588288748,1.2411201541195718
2021-02-24,0.9477694588288748,1.2403175430628464
2021-02-25,0.9477694588288748,1.2396672862568145
2021-02-26,0.9477694588288748,1.2398118351382212
2021-03-01,0.9477694588288748,1.2392281421202482
2021-03-02,0.9477694588288748,1.2395772781586432
2021-03-03,0.9477694588288748,1.2386163970338069
2021-03-04,0.9477694588288748,1.2375358849795868
2021-03-05,0.9477694588288748,1.2372140515910317
2021-03-08,0.9477694588288748,1.2363921527349204
2021-03-09,0.9477694588288748,1.2363332596030823
2021-03-10,0.9477694588288748,1.2350832271057035
2021-03-12,0.9479545925371514,1.2348298545982601
2021-03-15,0.9479369138365161,1.234852883325065
2021-03-16,0.9479101358853654,1.234887766268967
2021-03-17,0.9482889744281223,1.2343942352219501
2021-03-18,0.9491626652769605,1.233256945876345
2021-03-19,0.9491306415748993,1.2332985546062754
2021-03-22,0.9495470180190237,1.23275751584489
2021-03-23,0.9496386370716648,1.2326385706282819
2021-03-24,0.9500584681625045,1.2320936265037317
2021-03-25,0.9504637836424666,1.2315679887284583
2021-03-26,0.9501434531777203,1.231983058458611
2021-03-29,0.9506741211226343,1.2312949792894976
2021-03-30,0.9508390774603546,1.231081330988861
2021-03-31,0.9515058280909134,1.230218067926621
2021-04-01,0.9513476800060094,1.2304225402753057
2021-04-02,0.9516583947315822,1.2300206783588108
2021-04-05,0.9523671895178802,1.229104559456602
2021-04-06,0.9527777020235957,1.228574760868366
2021-04-07,0.9527137366484647,1.2286572420654893
2021-04-08,0.9531689706166819,1.228070154370237
2021-04-09,0.9530005936719713,1.2282870925069762
2021-04-12,0.9530489181091275,1.2282248089335916
2021-04-13,0.9535532992582295,1.2275747967162602
2021-04-14,0.9544573238930636,1.2264109835783936
2021-04-15,0.954596920127406,1.2262316121693444
2021-04-16,0.9542455016033982,1.226683028357847
2021-04-19,0.9547676061759285,1.2260118626912813
2021-04-20,0.9548458587182058,1.225911379029606
2021-04-21,0.9544387496402168,1.2264340598860566
2021-04-22,0.9550499385316432,1.2256486947971477
2021-04-23,0.9551515538921042,1.2255182882823723
2021-04-26,0.9561063123852659,1.2242932743152226
2021-04-27,0.9562005153620684,1.2241726474880321
2021-04-28,0.9550294687310361,1.225671876187046
2021-04-29,0.9556873720022148,1.2248275320457005
2021-04-30,0.9563528258581724,1.2239746734352794
2021-05-03,0.9564365599293176,1.2238675075655143
2021-05-04,0.9566063865709447,1.2236501953910177
2021-05-05,0.9583527071052163,1.2214163764525545
2021-05-06,0.958935109968038,1.220674106525137
2021-05-07,0.9597131993488016,1.2196836395479793
2021-05-11,0.9597131993488016,1.220604809701127
2021-05-12,0.9597131993488016,1.2197397812354076
2021-05-13,0.9597131993488016,1.2194273455938496
2021-05-14,0.9597131993488016,1.219269177110503
2021-05-17,0.9597131993488016,1.2188066219310565
2021-05-18,0.9597131993488016,1.2181247879045898
2021-05-19,0.9597131993488016,1.2175023891366656
2021-05-20,0.9597131993488016,1.2177566343256059
2021-05-21,0.9597131993488016,1.2170919625615224
2021-05-24,0.9597131993488016,1.2176559912168385
2021-05-25,0.9597131993488016,1.218541165341424
2021-05-26,0.9597131993488016,1.217422190854717
2021-05-27,0.9597131993488016,1.2162260031444931
2021-05-28,0.9597131993488016,1.2160969244750233
2021-05-31,0.9597131993488016,1.2158082185587316
2021-06-01,0.9597131993488016,1.215471219565306
2021-06-02,0.9597131993488016,1.2147631448150815
2021-06-03,0.9597131993488016,1.2149529169989404
2021-06-04,0.9597131993488016,1.2146320659772336
2021-06-07,0.9597131993488016,1.2133844768692956
2021-06-08,0.9597131993488016,1.2122932124646921
2021-06-09,0.9599767787996015,1.2119602634343292
2021-06-10,0.9604665355763173,1.2113419508196537
2021-06-11,0.960282363864897,1.2115742284804925
2021-06-14,0.9612024726224818,1.210413340704107
2021-06-15,0.9614892082710392,1.2100522631328827
2021-06-16,0.9619403593548072,1.2094844810036272
2021-06-17,0.9619032214503265,1.2095311759142728
2021-06-18,0.9629017877241582,1.2082755433178927
2021-06-21,0.9633258101642207,1.2077434683433965
2021-06-22,0.96386004086891,1.207073691163787
2021-06-23,0.9639534451257628,1.206956717934989
2021-06-24,0.9644320930622537,1.2063574075166332
2021-06-25,0.9645939963690014,1.2061548911810596
2021-06-28,0.964440109390459,1.206347315695992
2021-06-29,0.965208389842187,1.2053863300924075
2021-06-30,0.965338954353794,1.2052232765185447
2021-07-01,0.9655775427168327,1.2049253995424383
2021-07-02,0.9660222111235409,1.2043705065028703
2021-07-05,0.9665672446089354,1.203690995983022
2021-07-06,0.9668694290361156,1.2033146779605028
2021-07-08,0.9673150853189921,1.202807706584094
2021-07-09,0.9670559114701095,1.2031299762431868
2021-07-12,0.9678450999225771,1.2021481340634257
2021-07-13,0.968752946633677,1.2010205091678183
2021-07-14,0.9681012458224096,1.2018284613323955
2021-07-15,0.9687487241528845,1.201024663290591
2021-07-16,0.9687151779159998,1.2010662528760578
2021-07-19,0.9691873597949795,1.2004808158632072
2021-07-20,0.9701016402831195,1.1993483452678804
2021-07-21,0.9702168231156995,1.1992059433442863
2021-07-22,0.9699062705702807,1.199589792035954
2021-07-23,0.9702695200016739,1.1991405215001463
2021-07-26,0.9707986107746103,1.1984866267087497
2021-07-27,0.9711540726398308,1.198047795949163
2021-07-28,0.9720033416513044,1.1970001095973999
2021-07-29,0.9722997864301106,1.1966350445636547
2021-07-30,0.9716580867375608,1.1974248013350826
2021-08-02,0.9719736739145332,1.1970358868415503
2021-08-03,0.9718919556945498,1.1971365270590315
2021-08-04,0.97215060964724,1.1968179277612192
2021-08-05,0.9711334494210838,1.1980701571812171
2021-08-06,0.9723968063604462,1.1965115760739344
2021-08-09,0.9730117369071122,1.195754918387736
2021-08-10,0.9735787028482321,1.195058161825675
2021-08-11,0.9746055569615588,1.1937977086280596
2021-08-12,0.9760883969949153,1.1919813727561384
2021-08-13,0.9766320475811218,1.1913174765618582
2021-08-16,0.976821240695626,1.1910866945961094
2021-08-17,0.9773164126840006,1.1904829067766824
2021-08-18,0.9773850823768423,1.1903992592552854
2021-08-19,0.9774037312250722,1.190376546022273
2021-08-20,0.9774785425439753,1.1902854335816773
2021-08-23,0.9774765752420204,1.1902878291850163
2021-08-24,0.9769328736601264,1.1909499027241974
2021-08-25,0.9771857552310791,1.1906416222983391
2021-08-26,0.9766925377180911,1.1912425779474227
2021-08-27,0.9769590375346571,1.1909175361187525
2021-08-30,0.9772468216690539,1.1905667259423762
2021-08-31,0.9777521800669333,1.189951054568625
2021-09-01,0.9778747771542562,1.1898018505716195
2021-09-02,0.9778747771542562,1.1875344808054709
2021-09-06,0.9775221056789599,1.1869992430123477
2021-09-07,0.9776127758489265,1.1868891427675667
2021-09-08,0.9776703176599412,1.1868192830517
2021-09-09,0.9775896197856393,1.186917244288318
2021-09-10,0.9776513513617388,1.1868422943597319
2021-09-13,0.9780796832346768,1.1863223110526797
2021-09-14,0.978433776395571,1.185892828031858
2021-09-15,0.9793072129158813,1.1848341952146297
2021-09-16,0.9801861823188769,1.183770756702709
2021-09-17,0.9808660388871264,1.1829496939916
2021-09-20,0.9806414691043229,1.183220530930912
2021-09-21,0.9809702681831562,1.1828238091596186
2021-09-22,0.981300980107879,1.1824250468818795
2021-09-23,0.9814595371646825,1.1822339925171894
2021-09-24,0.981565778748519,1.182106017387218
2021-09-27,0.982862033662556,1.1805449292083854
2021-09-28,0.983159592301326,1.1801875226445842
2021-09-29,0.983804590806081,1.17941326463663
2021-09-30,0.9835784521949962,1.1796843661135414
2021-10-01,0.9830905877462297,1.1802695009969948
2021-10-04,0.9829758746678762,1.1804072221281234
2021-10-05,0.9832295747510632,1.1801025662172653
2021-10-06,0.9831011639137225,1.1802566888785109
2021-10-07,0.9834717388454887,1.1798117971847544
2021-10-08,0.9827142882317252,1.1807204650545116
2021-10-11,0.9827911405725054,1.1806281278079354
2021-10-12,0.9835200806008129,1.179752451313331
2021-10-13,0.9842279167509752,1.1789033873747767
2021-10-14,0.9846006907594103,1.1784568804897453
2021-10-15,0.9846402819517541,1.178409494261539
2021-10-18,0.9846292918573936,1.1784226471172314
2021-10-19,0.9851614535700535,1.1777857460831944
2021-10-20,0.9855616361551712,1.177307317554678
2021-10-21,0.9862199063907248,1.1765209777289225
2021-10-22,0.9861587861121717,1.1765938917812715
2021-10-25,0.986084046131228,1.1766830646470297
2021-10-26,0.9866754109423896,1.1759773956312372
2021-10-27,0.986766511050135,1.1758688172008231
2021-10-28,0.9871058987623992,1.175464389787323
2021-10-29,0.987834308231455,1.1745969860030556
2021-11-01,0.9882658953000172,1.1740838018934263
2021-11-03,0.987706571415232,1.1744188291001376
2021-11-04,0.9876845479702732,1.174445015772566
2021-11-05,0.9881129448257263,1.1739356137041694
2021-11-08,0.9883452739655905,1.1736595931816007
2021-11-09,0.9897042175948252,1.1720458481988933
2021-11-10,0.9903561269878581,1.1712738319904923
2021-11-11,0.9911767700577341,1.170303274302246
2021-11-12,0.9914278016848018,1.170006875976553
2021-11-15,0.9918675192386043,1.169487955122647
2021-11-16,0.9918675192386043,1.1689399023840792
2021-11-17,0.9918675192386043,1.168246408392989
2021-11-18,0.9918675192386043,1.16874173857397
2021-11-19,0.9918675192386043,1.1692092534014182
2021-11-22,0.9918675192386043,1.1689237142330846
2021-11-23,0.9918675192386043,1.1694259519613512
2021-11-24,0.9918675192386043,1.168935094673258
2021-11-25,0.9918675192386043,1.168326901168431
2021-11-26,0.9918675192386043,1.169463073021402
2021-11-29,0.9918675192386043,1.1685101093504138
2021-11-30,0.9918675192386043,1.1673728845047648
2021-12-01,0.9918675192386043,1.1669852196086896
2021-12-02,0.9923771262531207,1.1663856396827272
2021-12-03,0.9925787791510196,1.1661486279277327
2021-12-06,0.9931201119805994,1.1655126335364294
2021-12-07,0.9937618493858807,1.1647594990019
2021-12-08,0.9931086767896286,1.1655250636957375
2021-12-09,0.9933558304154794,1.1652350010346766
2021-12-10,0.9933810115181526,1.1652054628759412
2021-12-13,0.993467310111704,1.1651042372721914
2021-12-14,0.9934703593275057,1.165100661256942
2021-12-15,0.9947013346282859,1.163657024691981
2021-12-16,0.995449620481776,1.162781638222115
2021-12-17,0.9954640522369058,1.162764780533361
2021-12-20,0.9948650545619414,1.163464447586636
2021-12-21,0.9948026057589973,1.1635374795638742
2021-12-22,0.9956812963831172,1.162509748566603
2021-12-23,0.9960205776155925,1.1621136200647513
2021-12-24,0.9971724587535827,1.160769655101338
2021-12-27,0.9979390878190728,1.1598772520389309
2021-12-28,0.9983747432345216,1.1593709016892209
2021-12-29,0.9990176508228035,1.158624319951872
2021-12-31,0.9990176508228035,1.1583960193448426
2022-01-03,0.9990176508228035,1.157219451225925
2022-01-04,0.9990176508228035,1.156674957071542
2022-01-05,0.9990176508228035,1.156160728627916
2022-01-06,0.9990176508228035,1.1556897462028195
2022-01-07,0.9990176508228035,1.1558734801175379
2022-01-10,0.9990176508228035,1.1556127223739938
2022-01-11,0.9990176508228035,1.1553032295645884
2022-01-12,0.9990176508228035,1.155522354228371
2022-01-13,0.9990176508228035,1.154967269007048
2022-01-14,0.9990176508228035,1.1547592418342434
2022-01-17,0.9990176508228035,1.1534836366813754
2022-01-18,0.9990176508228035,1.1534643653344159
2022-01-19,0.9990176508228035,1.1524717058427456
2022-01-20,0.9990176508228035,1.1513548487954155
2022-01-21,0.9990176508228035,1.1509032101328558
2022-01-24,0.9990176508228035,1.1511986355127732
2022-01-25,0.9990176508228035,1.15224055013526
2022-01-26,0.9990176508228035,1.1528601544444397
2022-01-27,0.9990176508228035,1.152725126798264
2022-01-28,0.9990176508228035,1.1517729295283274
2022-01-31,0.9990176508228035,1.1509362681077744
2022-02-01,0.9990176508228035,1.150231374389465
2022-02-02,0.9990176508228035,1.1508025437001563
2022-02-03,0.9990176508228035,1.1509511092300668
2022-02-04,0.9990176508228035,1.149744872026284
2022-02-07,0.9990176508228035,1.1491509986100834
2022-02-08,0.9990176508228035,1.1485249931394526
2022-02-09,0.9990176508228035,1.1478433772551089
2022-02-10,0.9990176508228035,1.1463362716342542
2022-02-11,0.9990176508228035,1.1460332979529297
2022-02-14,0.9990176508228035,1.1456683758811907
2022-02-15,0.9990176508228035,1.145188271521851
2022-02-16,0.9990176508228035,1.1438968887162286
2022-02-17,0.9990176508228035,1.1441955360848677
2022-02-18,0.9990176508228035,1.1435823790059856
2022-02-21,0.9990176508228035,1.143159404669079
2022-02-22,0.9990176508228035,1.1427198446766846
2022-02-23,0.9990176508228035,1.1427706909352164
2022-02-24,0.9990176508228035,1.1427293304821486
2022-02-25,0.9990176508228035,1.1420119659890757
2022-03-01,0.9990176508228035,1.1400024710333936
2022-03-02,0.9990176508228035,1.1399992884996077
2022-03-03,0.9990176508228035,1.139837152901533
2022-03-04,0.9990176508228035,1.1397048509814671
2022-03-07,0.9990176508228035,1.1403485507977975
2022-03-08,0.9990176508228035,1.1403656296735336
2022-03-09,0.9990176508228035,1.1397868862228224
2022-03-10,0.9990176508228035,1.140230917322293
2022-03-11,0.9990176508228035,1.1391647406157615
2022-03-14,0.9990176508228035,1.1387982563304173
2022-03-15,0.9990176508228035,1.1388694596176263
2022-03-16,0.9990176508228035,1.1387727292933905
2022-03-17,0.9990176508228035,1.1373108384088384
2022-03-18,0.9990176508228035,1.1367874896381767
2022-03-21,0.9990176508228035,1.1364021081206954
2022-03-22,0.9990176508228035,1.1359782996629222
2022-03-23,0.9990176508228035,1.1358175943939162
2022-03-24,0.9990176508228035,1.135693597240457
2022-03-25,0.9990176508228035,1.1365255374617487
2022-03-28,0.9990176508228035,1.1349070172759297
2022-03-29,0.9990176508228035,1.134990560547675
2022-03-30,0.9990176508228035,1.134473356782484
2022-03-31,0.9990176508228035,1.1341127732087022
2022-04-01,0.9990176508228035,1.134401958715584
2022-04-04,0.9990176508228035,1.1341425979452109
2022-04-05,0.9990176508228035,1.1352927494849998
2022-04-06,0.9990176508228035,1.1340425979584337
2022-04-07,0.9990176508228035,1.1342331853631458
2022-04-08,0.9990176508228035,1.1343873343291624
2022-04-11,0.9990176508228035,1.134207382980611
2022-04-12,0.9990176508228035,1.1329262781281617
2022-04-13,0.9990176508228035,1.1328616833890603
2022-04-14,0.9990176508228035,1.1330136881291466
2022-04-15,0.9990176508228035,1.1319497268910566
2022-04-18,0.9990176508228035,1.1313119610405955
2022-04-19,0.9990176508228035,1.1305462840164837
2022-04-20,0.9990176508228035,1.1299740186932263
2022-04-21,0.9990176508228035,1.128463803701121
2022-04-22,0.9990176508228035,1.1271693276543984
2022-04-25,0.9990176508228035,1.1274091948993863
2022-04-26,0.9990176508228035,1.1263524051574145
2022-04-28,0.9990176508228035,1.1255436772379532
2022-04-29,0.9990176508228035,1.1258613072736603
2022-05-02,0.9990176508228035,1.125390166789641
2022-05-03,0.9990176508228035,1.1257549728604046
2022-05-04,0.9990176508228035,1.1252629453303185
2022-05-05,0.9990176508228035,1.124814410590327
2022-05-06,0.9990176508228035,1.1260268958040365
2022-05-09,0.9990176508228035,1.1255718907605552
2022-05-10,0.9990176508228035,1.1248926602503306
2022-05-11,0.9990176508228035,1.1249462357665596
2022-05-12,0.9990176508228035,1.1247327067345636
2022-05-13,0.9990176508228035,1.124724291068263
2022-05-16,0.9990176508228035,1.1245991678970872
2022-05-17,0.9990176508228035,1.1248865454845993
2022-05-18,0.9990176508228035,1.1255410574342744
2022-05-19,0.9990176508228035,1.1259499555376367
2022-05-20,0.9990176508228035,1.1256540079322792
2022-05-23,0.9990176508228035,1.1252397028323362
2022-05-24,0.9990176508228035,1.1254469785440349
2022-05-25,0.9990176508228035,1.1260532202608977
2022-05-26,0.9990176508228035,1.1261927618882157
2022-05-27,0.9990176508228035,1.1262209130533465
2022-05-30,0.9990176508228035,1.1266409825773027
2022-05-31,0.9990176508228035,1.127722217575211
2022-06-01,0.9990176508228035,1.1275028276071017
2022-06-02,0.9990176508228035,1.1278210785289973
2022-06-03,0.9990176508228035,1.1279301823277488
2022-06-06,0.9990176508228035,1.1269050035706578
2022-06-07,0.9990176508228035,1.1266535009310743
2022-06-08,0.9990176508228035,1.126638174981997
2022-06-09,0.9990176508228035,1.1272554924816316
2022-06-10,0.9990176508228035,1.1273603073615361
2022-06-13,0.9990176508228035,1.1269030927160244
2022-06-14,0.9990176508228035,1.1280503770510666
2022-06-15,0.9990176508228035,1.127799087132484
2022-06-16,0.9990176508228035,1.1275981548506464
2022-06-17,0.9990176508228035,1.127692131604905
2022-06-20,0.9990176508228035,1.1275511689799584
2022-06-21,0.9990176508228035,1.1277477962078883
2022-06-22,0.9990176508228035,1.1270730457846014
2022-06-23,0.9990176508228035,1.1277491519368055
2022-06-27,0.9986616718414479,1.128646532028691
2022-06-28,0.9978621001340534,1.1295501752344976
2022-06-29,0.9980691908421577,1.1293157547212853
2022-06-30,0.9988716576330501,1.1284077631732938
2022-07-01,0.9982031601234053,1.1291629530655898
2022-07-04,0.9979455807823002,1.1294543256649463
2022-07-05,0.9977003070392383,1.1297319214531416
2022-07-06,0.9970054643136105,1.1305187168485051
2022-07-07,0.9960775733187605,1.1315708656826093
2022-07-08,0.9959772203326136,1.131684869369119
2022-07-11,0.9954993280374577,1.132227877249797
2022-07-12,0.9962748004488977,1.131345896260416
2022-07-13,0.99621115187849,1.131418174058571
2022-07-14,0.9960927792862003,1.1315526123269786
2022-07-15,0.9965012650407667,1.131088576112391
2022-07-18,0.9956219968368382,1.1320865981477786
2022-07-19,0.9948372656347687,1.132978888273784
2022-07-20,0.9945384727376576,1.1333191711080592
2022-07-21,0.9953263149391369,1.1324213911878047
2022-07-22,0.9951982223722342,1.1325671270742528
2022-07-25,0.9950088007920945,1.1327826948375403
2022-07-26,0.9948924893087034,1.1329151113905311
2022-07-27,0.9950028959655958,1.1327893878863982
2022-07-28,0.994976517619962,1.1328194190653276
2022-07-29,0.9941668812861091,1.1337412214849096
2022-08-01,0.9939807837565926,1.1339534458552851
2022-08-02,0.9931534933854606,1.1348972354962907
2022-08-03,0.9929401338789613,1.1351410458596491
2022-08-04,0.9923572159096605,1.13580744465928
2022-08-05,0.9932247343218618,1.13481452209555
2022-08-08,0.9932427458292867,1.1347939429461544
2022-08-09,0.9927842004862469,1.135317837512747
2022-08-10,0.9924802914200909,1.1356653786839501
2022-08-11,0.9924653988916274,1.1356824197568292
2022-08-12,0.9931549419638801,1.1348933726568526
2022-08-15,0.9926476845468069,1.1354730234812538
2022-08-16,0.9918937334469555,1.136335455488332
2022-08-17,0.9922309715634057,1.1359491080241408
2022-08-18,0.9917909358023308,1.136452880073812
2022-08-19,0.9915153738239719,1.1367686353329498
2022-08-22,0.9914399143965091,1.136855149281845
2022-08-24,0.9920094018931691,1.1363958509007426
2022-08-25,0.9914976646974438,1.1369820711773488
2022-08-26,0.9914065134205959,1.1370865972606983
2022-08-29,0.9915397561972272,1.1369337754127093
2022-08-30,0.991612403933019,1.1368504750064345
2022-08-31,0.9918812236068927,1.1365422822360314
2022-09-01,0.9920247904973835,1.1363777768119054
2022-09-02,0.9922360105308579,1.1361358214148658
2022-09-05,0.9922301967004943,1.1361424784005683
2022-09-06,0.9921589694353001,1.136224036411881
2022-09-07,0.9914177782863385,1.1370728511935537
2022-09-08,0.991170283980545,1.1373567063574475
2022-09-09,0.9912018294689183,1.1373205082658213
2022-09-12,0.9912077684145538,1.1373136938265538
2022-09-13,0.9904176933087077,1.1382202275177369
2022-09-14,0.9903111853657864,1.1383426299100237
2022-09-15,0.9900375120362988,1.1386572118537894
2022-09-16,0.9903284017481403,1.1383226551685974
2022-09-19,0.9902269957232446,1.1384392152665463
2022-09-20,0.989778654017317,1.1389546625145732
2022-09-21,0.9899652332341914,1.1387399627247516
2022-09-22,0.9896041215444282,1.1391553432839223
2022-09-23,0.9893724546042966,1.1394220202580454
2022-09-26,0.9890240182032273,1.1398233009953351
2022-09-27,0.98927330725567,1.139536002137646
2022-09-28,0.9894962180441441,1.1392792329851091
2022-09-29,0.990083064756708,1.1386035535227952
2022-09-30,0.9896316923143469,1.1391226354919033
2022-10-03,0.9894697844708406,1.1393090006728428
2022-10-04,0.9887891069322716,1.1400927558298153
2022-10-05,0.9886576775281795,1.1402442964469783
2022-10-06,0.9882811903480255,1.1406785087831726
2022-10-07,0.9881269189878211,1.140856569467545
2022-10-10,0.9893797275457125,1.139410120791681
2022-10-11,0.9893618204836008,1.1394307432961002
2022-10-12,0.9886391382088549,1.1402630438603953
2022-10-13,0.9885886179850488,1.1403213121829279
2022-10-14,0.9872956701938483,1.1418127069805444
2022-10-17,0.987134124392265,1.1419995355614607
2022-10-18,0.987134124392265,1.1418688686721812
2022-10-19,0.987134124392265,1.1412575733287371
2022-10-21,0.987134124392265,1.141449338406377
2022-10-24,0.987134124392265,1.142008373099891
2022-10-25,0.987134124392265,1.1424419601355553
2022-10-26,0.987134124392265,1.1432198942935703
2022-10-27,0.987134124392265,1.1431204115670293
2022-10-28,0.987134124392265,1.1432250193155782
2022-10-31,0.987134124392265,1.143636516801276
2022-11-01,0.987134124392265,1.1440597008278852
2022-11-02,0.987134124392265,1.1439430833364042
2022-11-03,0.987134124392265,1.1431482010979623
2022-11-04,0.987134124392265,1.1436958847604768
2022-11-07,0.987134124392265,1.1446356629661922
2022-11-08,0.987134124392265,1.1446852208016136
2022-11-09,0.987134124392265,1.1447254856042874
2022-11-10,0.987134124392265,1.1447577530365034
2022-11-11,0.987134124392265,1.1450272351805892
2022-11-14,0.987134124392265,1.1455590852984803
2022-11-15,0.987134124392265,1.1456091522765843
2022-11-16,0.987134124392265,1.1453970678927021
2022-11-17,0.987134124392265,1.1466639442029098
2022-11-18,0.987134124392265,1.1468947030105228
2022-11-21,0.9870558706473064,1.1469856215628917
2022-11-22,0.9863808543932492,1.1477700087093021
2022-11-23,0.9870680488984385,1.1469703771676993
2022-11-24,0.9864957798219758,1.1476353522716998
2022-11-25,0.9866606450351686,1.1474435570801846
2022-11-28,0.9865979005908269,1.147516526148896
2022-11-29,0.9863942587187832,1.1477533829407522
2022-11-30,0.9863942587187832,1.1484540115592876
2022-12-01,0.9863942587187832,1.1486136157612865
2022-12-02,0.9863942587187832,1.1481662338216823
2022-12-05,0.9863942587187832,1.1484801605270105
2022-12-06,0.9863942587187832,1.1492541072333455
2022-12-07,0.9863942587187832,1.148706017984237
2022-12-08,0.9863942587187832,1.149334707538215
2022-12-09,0.9863942587187832,1.150042075612465
2022-12-12,0.9863942587187832,1.150083327623453
2022-12-13,0.9863942587187832,1.1495950835384265
2022-12-14,0.9863942587187832,1.1491283320319918
2022-12-15,0.9863942587187832,1.1493646336850794
2022-12-16,0.9863942587187832,1.1491174510681181
2022-12-20,0.9856019941508906,1.1502952320578894
2022-12-21,0.9855588189690022,1.1503456217752035
2022-12-22,0.9852487010173733,1.150707591878889
2022-12-23,0.9845695178508646,1.1515008344633966
2022-12-26,0.984678744893293,1.1513730882471855
2022-12-27,0.9849539788152308,1.151051260511657
2022-12-28,0.9851130171336834,1.1508654028362104
2022-12-29,0.9848446636388385,1.151178908746269
2022-12-30,0.9849191674181563,1.1510918217339317
2023-01-02,0.9849714462030629,1.1510307226267695
2023-01-03,0.9846389965818139,1.151419220922084
2023-01-04,0.9840558326780809,1.152101162354464
2023-01-05,0.9844069326012072,1.1516901057699656
2023-01-06,0.9839518817430741,1.1522224847624105
2023-01-09,0.9839552644105545,1.1522185236078035
2023-01-10,0.9833415367451951,1.1529372030133163
2023-01-11,0.9843056568642825,1.1518068023214583
2023-01-12,0.9836475117107987,1.1525769452739154
2023-01-13,0.9832558950376996,1.1530358173225153
2023-01-16,0.9830570528044964,1.1532689938720144
2023-01-17,0.9830570528044964,1.153242219587742
2023-01-18,0.9830570528044964,1.1531525722552796
2023-01-19,0.9830570528044964,1.1528568069946747
2023-01-20,0.9830570528044964,1.1528494350473353
2023-01-23,0.9830570528044964,1.1539000369504033
2023-01-24,0.9830570528044964,1.1542021317617837
2023-01-25,0.9830570528044964,1.1545525203548535
2023-01-26,0.9830570528044964,1.1536533320763138
2023-01-27,0.9830570528044964,1.1547894607310647
2023-01-30,0.9830570528044964,1.154408902873484
2023-01-31,0.9830570528044964,1.1547670584818146
2023-02-01,0.9830570528044964,1.1544650011523194
2023-02-02,0.9830570528044964,1.1547814685904756
2023-02-03,0.9830570528044964,1.1554909581585817
2023-02-06,0.9830570528044964,1.1551255826310753
2023-02-07,0.9830570528044964,1.1549427835912534
2023-02-08,0.9830570528044964,1.1543854526564794
2023-02-09,0.9830570528044964,1.1548109560917699
2023-02-10,0.9830570528044964,1.1556026235702388
2023-02-13,0.9830570528044964,1.156315077452875
2023-02-14,0.9830570528044964,1.155821978266123
2023-02-16,0.982705508780889,1.156023870398408
2023-02-17,0.9822508290398366,1.1565587413534872
2023-02-20,0.9820653234187608,1.1567771663639657
2023-02-21,0.98128955416142,1.1576909468853418
2023-02-22,0.9810471885562126,1.1579768813129478
2023-02-23,0.9806189257098773,1.15848238041734
2023-02-24,0.980257494027246,1.1589093681340517
2023-02-27,0.980193135526015,1.158985455968575
2023-02-28,0.97965843869693,1.1596176842772636
2023-03-01,0.9805028563480008,1.1586181505597772
2023-03-02,0.9810650669871934,1.1579538103727098
2023-03-03,0.9806175209973662,1.1584820501415856
2023-03-06,0.9806728308524097,1.158416708178086
2023-03-07,0.9810654461244053,1.1579529326184326
2023-03-08,0.9811876274257667,1.1578087218557547
2023-03-09,0.9807127282170318,1.1583691064656976
2023-03-10,0.9807384398924602,1.1583387371132512
2023-03-13,0.9802797926220841,1.1588804400570107
2023-03-14,0.9793273550774436,1.1600064055713128
2023-03-15,0.979347119948568,1.159982994219643
2023-03-16,0.9795266977061903,1.1597702942068089
2023-03-17,0.9795266977061903,1.1586474012714707
2023-03-20,0.9795266977061903,1.159979923002048
2023-03-21,0.9795266977061903,1.1597774819597688
2023-03-22,0.9795266977061903,1.160340400119003
2023-03-23,0.9795266977061903,1.1603991062516141
2023-03-24,0.9795266977061903,1.1621358004363016
2023-03-27,0.9795266977061903,1.163204719133561
2023-03-28,0.9795266977061903,1.163591092905625
2023-03-29,0.9795266977061903,1.1637047083845529
2023-03-30,0.9795266977061903,1.1638093087695054
2023-03-31,0.9795266977061903,1.1639003880157222
2023-04-03,0.9795266977061903,1.1627807042343319
2023-04-04,0.9795266977061903,1.16261537002743
2023-04-05,0.9795266977061903,1.1625256919339146
2023-04-06,0.9795266977061903,1.1627725605389856
2023-04-07,0.9795266977061903,1.1637722826982715
2023-04-10,0.9795266977061903,1.1630322092449485
2023-04-11,0.9795266977061903,1.1639148856806527
2023-04-12,0.9795266977061903,1.1634843135550015
2023-04-13,0.9795266977061903,1.1627656807550675
2023-04-17,0.9795266977061903,1.1640574637057635
2023-04-18,0.9795266977061903,1.1644394279332533
2023-04-19,0.9795266977061903,1.1637818698447475
2023-04-20,0.9795266977061903,1.164200430404509
2023-04-21,0.9795266977061903,1.1643235496702082
2023-04-24,0.9795266977061903,1.1646526822946284
2023-04-25,0.9795266977061903,1.1646330897420976
2023-04-26,0.9795266977061903,1.1645521686857627
2023-04-27,0.9795266977061903,1.1645715135618264
2023-04-28,0.9795266977061903,1.165267294532405
2023-05-01,0.9795266977061903,1.165221127786509
2023-05-02,0.9795266977061903,1.1654354596408898
2023-05-03,0.9795266977061903,1.1658287704240464
2023-05-04,0.9795266977061903,1.1656703218789326
2023-05-05,0.9795266977061903,1.1663989703644546
2023-05-08,0.9795266977061903,1.1671906158147984
2023-05-09,0.9795266977061903,1.1676142445857682
2023-05-10,0.9795266977061903,1.1685404483349227
2023-05-11,0.9795266977061903,1.1688161689648664
2023-05-12,0.9795266977061903,1.1686413729624245
2023-05-15,0.9795266977061903,1.169325624694912
2023-05-16,0.9795266977061903,1.1696700086475458
2023-05-17,0.9795266977061903,1.1703630297521028
2023-05-18,0.9795266977061903,1.1710127369390713
2023-05-19,0.9795266977061903,1.1721971870047108
2023-05-22,0.9795266977061903,1.1721381576754564
2023-05-23,0.9795266977061903,1.171933661227933
2023-05-24,0.9795266977061903,1.1717870946506845
2023-05-25,0.9795266977061903,1.1719962171129046
2023-05-26,0.9795266977061903,1.1726215242849545
2023-05-29,0.9795266977061903,1.172330316622287
2023-05-30,0.9795266977061903,1.1725299929052275
2023-05-31,0.9795266977061903,1.172639066122214
2023-06-01,0.9795266977061903,1.1727335038428912
2023-06-02,0.9795266977061903,1.1729924793248703
2023-06-05,0.9795266977061903,1.1736811915845338
2023-06-06,0.9795266977061903,1.1731769052194558
2023-06-07,0.9795266977061903,1.1740143038896738
2023-06-08,0.9795266977061903,1.1750631964873992
2023-06-09,0.9795266977061903,1.1750990119429692
2023-06-12,0.9795266977061903,1.1749878656143358
2023-06-14,0.9795266977061903,1.1754639773606308
2023-06-15,0.9795266977061903,1.176021402731067
2023-06-16,0.9795266977061903,1.1768141036988045
2023-06-19,0.9795266977061903,1.177155862971059
2023-06-20,0.9795266977061903,1.1775060530570556
2023-06-21,0.9795266977061903,1.177237993523749
2023-06-22,0.9795266977061903,1.17774033014243
2023-06-23,0.9795266977061903,1.1776874614473702
2023-06-26,0.9795266977061903,1.1788416604466192
2023-06-27,0.9795266977061903,1.1793540910034974
2023-06-28,0.9795266977061903,1.179853068301364
2023-06-29,0.9795266977061903,1.1790864384258517
2023-06-30,0.9795266977061903,1.179170867721444
2023-07-03,0.9795266977061903,1.1801254426788523
2023-07-04,0.9795266977061903,1.1810941101026913
2023-07-05,0.9795266977061903,1.1807499616541988
2023-07-06,0.9795266977061903,1.180294668757806
2023-07-07,0.9795266977061903,1.179902534895078
2023-07-10,0.9795266977061903,1.1797763944592916
2023-07-11,0.9795266977061903,1.1797497827945824
2023-07-12,0.9795266977061903,1.1801976478636
2023-07-13,0.9795266977061903,1.1803043064888097
2023-07-14,0.9795266977061903,1.1814582980374433
2023-07-17,0.9795266977061903,1.1819220521424123
2023-07-18,0.9795266977061903,1.1829214108058372
2023-07-19,0.9795266977061903,1.18271285139888
2023-07-20,0.9795266977061903,1.1827088867709836
2023-07-21,0.9795266977061903,1.1824106570785362
2023-07-24,0.9795266977061903,1.1826150560158648
2023-07-25,0.9795266977061903,1.183091945779863
2023-07-26,0.9795266977061903,1.1831966848884279
2023-07-27,0.9795266977061903,1.1839397815921004
2023-07-28,0.9795266977061903,1.183496908363299
2023-07-31,0.9795266977061903,1.18356111327381
2023-08-01,0.9795266977061903,1.1837006549691922
2023-08-02,0.9795266977061903,1.1830912208751474
2023-08-03,0.9795266977061903,1.184176808288296
2023-08-04,0.9795266977061903,1.184968129392905
2023-08-07,0.9795266977061903,1.1861391089581215
2023-08-08,0.9795266977061903,1.1860123860886556
2023-08-09,0.9795266977061903,1.1853577237730488
2023-08-11,0.9795266977061903,1.184053516477566
2023-08-14,0.9795266977061903,1.1856039018216529
2023-08-15,0.9795266977061903,1.1856883525931752
2023-08-16,0.9795266977061903,1.1858329089840312
2023-08-17,0.9795266977061903,1.1862605009984508
2023-08-18,0.9795266977061903,1.1868879654480167
2023-08-21,0.9795266977061903,1.1875600315169532
2023-08-22,0.9795266977061903,1.1867852514461559
2023-08-23,0.9795266977061903,1.1867521239287047
2023-08-24,0.9795266977061903,1.1872404427364174
2023-08-25,0.9795266977061903,1.1863356512261145
2023-08-28,0.9795266977061903,1.1878035174348491
2023-08-29,0.9795266977061903,1.188432508137343
2023-08-30,0.9795266977061903,1.1898555445497634
2023-08-31,0.9795266977061903,1.1902089023294742
2023-09-01,0.9795266977061903,1.1904864594995632
2023-09-04,0.9795266977061903,1.1906947633262697
2023-09-05,0.9795266977061903,1.1908701914241235
2023-09-06,0.9795266977061903,1.1917702371444094
2023-09-07,0.9795266977061903,1.191309017657116
2023-09-08,0.9795266977061903,1.1910845851734573
2023-09-11,0.9795266977061903,1.1905419067590586
2023-09-12,0.9795266977061903,1.1915556397973177
2023-09-13,0.9795266977061903,1.1917294433531014
2023-09-14,0.9795266977061903,1.1922367598471435
2023-09-15,0.9795266977061903,1.1928220744158038
2023-09-18,0.9795266977061903,1.1923982702747542
2023-09-19,0.9795266977061903,1.192448604032742
2023-09-20,0.9795266977061903,1.1931402268670903
2023-09-21,0.9795266977061903,1.1935018049623067
2023-09-22,0.9795266977061903,1.1943251490615405
2023-09-25,0.9795266977061903,1.1939246164639201
2023-09-26,0.9795266977061903,1.1942256224778118
2023-09-27,0.9795266977061903,1.1937453237581737
2023-09-28,0.9795266977061903,1.193979253483764
2023-09-29,0.9795266977061903,1.1945423551523597
2023-10-02,0.9795266977061903,1.1951093268672939
2023-10-03,0.9795266977061903,1.1947297063018192
2023-10-04,0.9795266977061903,1.1953150822990752
2023-10-05,0.9795266977061903,1.1952915250268306
2023-10-06,0.9795266977061903,1.1952935737756292
2023-10-10,0.9796551716272173,1.1965182883194792
2023-10-11,0.9800406779364081,1.196989132921303
2023-10-12,0.9799071859090496,1.1968260901928967
2023-10-13,0.9806723536400123,1.1977606406451828
2023-10-16,0.9803719223596452,1.197393703857879
2023-10-17,0.9802723440011831,1.197272082158253
2023-10-18,0.980470170062179,1.1975137003385505
2023-10-19,0.9803731001914996,1.1973951424225853
2023-10-20,0.9800326375983841,1.1969793127194923
2023-10-23,0.9799682094313813,1.1969006222962348
2023-10-24,0.9802576677366279,1.1972541570561832
2023-10-25,0.9808378977118678,1.1979628306761596
2023-10-26,0.9816273155180271,1.198926999364848
2023-10-27,0.9816130270980886,1.1989095479633112
2023-10-30,0.9813780961845273,1.1986226111484921
2023-10-31,0.9815931598642135,1.198885282783727
2023-11-01,0.9810222596341273,1.198188004204603
2023-11-02,0.9811677585068362,1.1983657116951243
2023-11-03,0.9813150106221677,1.1985455605379525
2023-11-06,0.9809705453121639,1.1981248420493984
2023-11-07,0.9810773814196079,1.1982553281225719
2023-11-08,0.981430234135278,1.1986862907098272
2023-11-09,0.9818607607959903,1.1992121216736915
2023-11-10,0.9821541360740117,1.1995704404940886
2023-11-13,0.982741322864937,1.2002876109376792
2023-11-14,0.9833539821344269,1.2010358926205447
2023-11-15,0.9832602905880582,1.2009214608776848
2023-11-16,0.9833264552726141,1.201002272225805
2023-11-17,0.984152319538363,1.2020109554097018
2023-11-20,0.983614192977741,1.2013537055019152
2023-11-21,0.9834148903855516,1.2011102839354593
2023-11-22,0.9841516865743991,1.2020101823285394
2023-11-23,0.9845852104250561,1.2025396739606533
2023-11-24,0.9848935675622453,1.2029162911262299
2023-11-27,0.9841918433859363,1.202059228524381
2023-11-28,0.9845863306953134,1.2025410422215368
2023-11-29,0.9844488638564091,1.202373144790328
2023-11-30,0.9840301749838899,1.2018617721077822
2023-12-01,0.9846140830298324,1.2025749380011512
2023-12-04,0.9850087358804699,1.2030569538849043
2023-12-05,0.9856981510971344,1.2038989827322737
2023-12-07,0.9860679559512517,1.2045765974796772
2023-12-08,0.985801762887916,1.2042514171180496
2023-12-11,0.985606026230852,1.204012306015265
2023-12-12,0.9862509209023359,1.2048001067184726
2023-12-13,0.9872554998039321,1.2060272962117335
2023-12-14,0.9875558553866814,1.2063942093678894
2023-12-15,0.9874822507449259,1.2063042942374063
2023-12-18,0.9879918926687284,1.2069268707351029
2023-12-19,0.9883521435780859,1.2073669517782133
2023-12-20,0.9887108887025318,1.2078051933606107
2023-12-21,0.9884258377703131,1.2074569763031877
2023-12-22,0.9887904871046581,1.2079024304443424
2023-12-25,0.9892212895392424,1.2084286969432236
2023-12-26,0.9898909192885849,1.2092467139167657
2023-12-27,0.9904634264791827,1.2099460863682492
2023-12-28,0.9900368760421829,1.2094250140922933
2023-12-29,0.990250707332349,1.209686229525153
2024-01-01,0.9908825105125696,1.2104580377159715
2024-01-02,0.9913449364406921,1.2110229353457163
2024-01-03,0.9911282147960558,1.2107581890676118
2024-01-04,0.9906313922699332,1.2101512726938912
2024-01-05,0.990638128248642,1.2101595013380375
2024-01-08,0.9910273217883678,1.2106349385804858
2024-01-09,0.9914264545238384,1.2111225175039606
2024-01-10,0.9927626812435392,1.2127548466205942
2024-01-11,0.9926557177301747,1.2126241804284668
2024-01-12,0.9928062979100227,1.2128081285626642
2024-01-15,0.9928031460018942,1.212804278204536
2024-01-16,0.9935146243565388,1.2136734172638126
2024-01-17,0.9939658755824001,1.214224663922804
2024-01-18,0.9945376033014185,1.2149230841749818
2024-01-19,0.9941974478667918,1.214507551681928
2024-01-22,0.9948222241122645,1.2152707757978882
2024-01-23,0.9943404292838212,1.2146822171984257
2024-01-24,0.9944185231990887,1.2147776164071407
2024-01-25,0.9951422355240548,1.2156617004347174
2024-01-26,0.9955674701515511,1.216181165323145
2024-01-29,0.9957702309593207,1.2164288570998134
2024-01-30,0.9968277720511282,1.217720744988854
2024-01-31,0.9963235891369823,1.2171048371951125
2024-02-01,0.9961918186678295,1.2169438669268644
2024-02-05,0.9963879696918548,1.2169245807833198
2024-02-06,0.9970256322252006,1.2177033810445403
2024-02-07,0.9974713530446028,1.2182477559645477
2024-02-08,0.9972071344254401,1.2179250562309698
2024-02-09,0.9978354606454302,1.2186924537158
2024-02-12,0.9989109327691127,1.2200059666275036
2024-02-13,0.999224701119679,1.2203891832359839
2024-02-14,0.9993237997674589,1.2205102159903667
2024-02-15,0.9991952004642813,1.2203531530210527
2024-02-16,0.9989575303211157,1.2200628778991782
2024-02-19,0.9991720680082377,1.2203249005177812
2024-02-20,0.999302441417225,1.2204841302665368
2024-02-21,0.9991976491981011,1.2203561437480261
2024-02-22,0.9997618664142554,1.2210452425931795
2024-02-23,0.9996816506476031,1.2209472721828827
2024-02-26,0.9994144640836824,1.2206209475912775
2024-02-27,1.0000640270641632,1.2214142822979968
2024-02-28,1.0007221664657016,1.222218091697223
2024-02-29,1.0014102962539542,1.2230585294379082
2024-03-01,1.0019264673914345,1.2236889478734951
2024-03-04,1.0015292391043047,1.2232037986329434
2024-03-05,1.0018186715798925,1.2235572929591831
2024-03-06,1.0023601093429908,1.2242185704363515
2024-03-07,1.0028772414874902,1.2248501625844876
2024-03-08,1.0026742294900612,1.2246022167065969
2024-03-11,1.00292355471694,1.2249067266027691
2024-03-12,1.0035004223065385,1.2256112758054825
2024-03-13,1.0037696239195903,1.2259400614493021
2024-03-14,1.003268560640282,1.2253280947860488
2024-03-15,1.0036265436087575,1.22576531230281
2024-03-18,1.0030195712745966,1.225023995089271
2024-03-19,1.0029182195533017,1.224900210574905
2024-03-20,1.0033601829634256,1.2254399964353795
2024-03-21,1.002841932076532,1.2248070379267892
2024-03-22,1.002841932076532,1.2257902595003423
2024-03-25,1.002841932076532,1.2267607428491594
2024-03-26,1.002841932076532,1.2277221344959686
2024-03-27,1.002841932076532,1.2276166923594203
2024-03-28,1.002841932076532,1.2266410336712885
2024-03-29,1.002841932076532,1.226348655192776
2024-04-01,1.002841932076532,1.2260087945018665
2024-04-03,1.0036347012353943,1.2277838502925622
2024-04-04,1.0047562850364753,1.229155925686151
2024-04-05,1.0042367829833692,1.228520399403319
2024-04-08,1.004405303538753,1.2287265568987582
2024-04-09,1.0050955634307022,1.2295709776295247
2024-04-10,1.0052217914732051,1.229725397112877
2024-04-11,1.0060034333391572,1.2306816088287007
2024-04-12,1.006169658427177,1.230884958193099
2024-04-15,1.006200299475195,1.2309224425326362
2024-04-16,1.0063091284602157,1.2310555770985172
2024-04-17,1.0064948884188045,1.2312828242003815
2024-04-18,1.0073783984994482,1.2323636551115187
2024-04-19,1.0076738924415665,1.2327251438977729
2024-04-22,1.0071320240749366,1.2320622560674561
2024-04-23,1.0075142856363122,1.2325298909261022
2024-04-24,1.0075013586997823,1.2325140769213796
2024-04-25,1.0083865886098606,1.233597011764159
2024-04-26,1.0085118484304345,1.233750246785429
2024-04-29,1.0092424906303006,1.2346440687031384
2024-04-30,1.0091926769041315,1.2345831297096599
2024-05-01,1.0092771117565722,1.2346864220211962
2024-05-02,1.0092771117565722,1.234279268841688
2024-05-03,1.0092771117565722,1.2339012307503114
2024-05-06,1.0092771117565722,1.2341303406360058
2024-05-07,1.0092771117565722,1.2344985777795956
2024-05-08,1.0092771117565722,1.234894409172149
2024-05-09,1.0092771117565722,1.2351489195652599
2024-05-10,1.0092771117565722,1.2357871454353015
2024-05-13,1.0092771117565722,1.2367325061878172
2024-05-14,1.0092771117565722,1.2375190449600453
2024-05-15,1.0092771117565722,1.2382406755259026
2024-05-16,1.0092771117565722,1.239515431077558
2024-05-17,1.0092771117565722,1.2396320756361012
2024-05-20,1.0092771117565722,1.2389617118778078
2024-05-21,1.0092771117565722,1.2396838509080235
2024-05-22,1.0092771117565722,1.2399781775120176
2024-05-23,1.0092771117565722,1.239096911093449
2024-05-24,1.0092771117565722,1.2385667326127867
2024-05-27,1.0092771117565722,1.238182072494923
2024-05-28,1.0092771117565722,1.2387619710110207
2024-05-29,1.0092771117565722,1.238132660013831
2024-05-31,1.0092771117565722,1.239467481761854
2024-06-03,1.0092771117565722,1.2412314261130875
2024-06-04,1.0092771117565722,1.2406526426727627
2024-06-05,1.0092771117565722,1.2407662895464204
2024-06-06,1.0092771117565722,1.2413457761925317
2024-06-07,1.0092771117565722,1.241836658332471
2024-06-10,1.0092771117565722,1.2425430080470914
2024-06-11,1.0092771117565722,1.2422559701025806
2024-06-12,1.0092771117565722,1.2419626744348762
2024-06-13,1.0092771117565722,1.2428276616893839
2024-06-14,1.0092771117565722,1.2432732497796648
2024-06-17,1.0092771117565722,1.2438844108715046
2024-06-18,1.0092771117565722,1.2439087196552194
2024-06-19,1.0092771117565722,1.243861601066508
2024-06-20,1.0092771117565722,1.244480117480862
2024-06-21,1.0092771117565722,1.2448564100720871
2024-06-24,1.0092771117565722,1.2448075563110765
2024-06-25,1.0092771117565722,1.2445752740027591
2024-06-26,1.0092771117565722,1.2449169060386958
2024-06-27,1.0092771117565722,1.2445311641764292
2024-06-28,1.0092771117565722,1.2455566617017644
2024-07-01,1.0092771117565722,1.2457951830715195
2024-07-02,1.0092771117565722,1.2458626618010964
2024-07-03,1.0092771117565722,1.246008471357872
2024-07-04,1.0092771117565722,1.2457998856799535
2024-07-05,1.0092771117565722,1.2453833126820963
2024-07-08,1.0092771117565722,1.2450113890985606
2024-07-09,1.0092771117565722,1.2454254192010157
2024-07-10,1.0092771117565722,1.2461954723647692
2024-07-11,1.0092771117565722,1.2478856433463212
2024-07-12,1.0092771117565722,1.2478875871790622
2024-07-15,1.0092771117565722,1.2480741201883883
2024-07-16,1.0092771117565722,1.2480512699513817
2024-07-17,1.0092771117565722,1.2479022449282078
2024-07-18,1.0092771117565722,1.2483294178400501
2024-07-19,1.0092771117565722,1.2494294095530225
2024-07-22,1.0092771117565722,1.2502026203904806
2024-07-23,1.0092771117565722,1.250205831093532
2024-07-24,1.0092771117565722,1.2491495649767648
2024-07-25,1.0092771117565722,1.2493114879614062
2024-07-26,1.0092771117565722,1.2491425057634973
2024-07-30,1.0092771117565722,1.2494375593766591
2024-07-31,1.0092771117565722,1.2497827258159773
2024-08-01,1.0092771117565722,1.2503070161644882
2024-08-02,1.0092771117565722,1.2503078482433938
2024-08-05,1.0092771117565722,1.250579797534721
2024-08-06,1.0092771117565722,1.2510608965152359
2024-08-07,1.0092771117565722,1.2516947596206578
2024-08-08,1.0092771117565722,1.2513750720696553
2024-08-09,1.0092771117565722,1.2506004658869427
2024-08-12,1.0092771117565722,1.2511393372357424
2024-08-13,1.0092771117565722,1.2516964928036662
2024-08-14,1.0092771117565722,1.2520261129575971
2024-08-15,1.0092771117565722,1.252201120127793
2024-08-16,1.0092771117565722,1.2529553018458106
2024-08-19,1.0092771117565722,1.2547437299672746
2024-08-20,1.0092771117565722,1.254665060019133
2024-08-21,1.0092771117565722,1.2544994238326193
2024-08-22,1.0092771117565722,1.255447845449313
2024-08-23,1.0092771117565722,1.2559525529462197
2024-08-26,1.0092771117565722,1.2549418868648843
2024-08-27,1.0092771117565722,1.2541178206270271
2024-08-28,1.0092771117565722,1.2540136306180498
2024-08-29,1.0092771117565722,1.2541532904816806
2024-08-30,1.0092771117565722,1.254311697069058
2024-09-02,1.0092771117565722,1.2544405774330252
2024-09-03,1.0092771117565722,1.2542109353778437
2024-09-04,1.0092771117565722,1.2548888054808407
2024-09-05,1.0092771117565722,1.2557824028497717
2024-09-06,1.0092771117565722,1.255637022812467
2024-09-09,1.0092771117565722,1.2556658991396357
2024-09-10,1.0092771117565722,1.2554847370320814
2024-09-11,1.0092771117565722,1.2561907809140542
2024-09-12,1.0092771117565722,1.2562541878547078
2024-09-13,1.0092771117565722,1.2571716307160274
2024-09-16,1.0092771117565722,1.2578854986473214
2024-09-17,1.0092771117565722,1.2589012941414612
2024-09-18,1.0092771117565722,1.2589414617657184
2024-09-19,1.0092771117565722,1.2601172311629076
2024-09-20,1.0092771117565722,1.260249381377916
2024-09-23,1.0092771117565722,1.2597530012157234
2024-09-24,1.0092771117565722,1.2606876386852568
2024-09-26,1.0092771117565722,1.2584847434778663
2024-09-27,1.0092771117565722,1.2593304858842755
2024-09-30,1.0092771117565722,1.2600015822057629
2024-10-01,1.0092771117565722,1.2587980305645652
2024-10-02,1.0092771117565722,1.260040311955555
2024-10-03,1.0092771117565722,1.2603220395553836
2024-10-04,1.0092771117565722,1.2604453020859503
2024-10-07,1.0092771117565722,1.2598379373186805
2024-10-08,1.0092771117565722,1.2597622786116718
2024-10-09,1.0092771117565722,1.260549772638598
2024-10-10,1.0092771117565722,1.2617762412699862
2024-10-11,1.0092771117565722,1.2625128354451443
2024-10-14,1.0092771117565722,1.2632704458319066
2024-10-15,1.0092771117565722,1.2634295402276638
2024-10-16,1.0092771117565722,1.264380523988859
2024-10-17,1.0092771117565722,1.2651926591153178
2024-10-18,1.0092771117565722,1.2642314013279758
2024-10-21,1.0092771117565722,1.2647788279313397
2024-10-22,1.0092771117565722,1.2658704293840706
2024-10-23,1.0092771117565722,1.2654638410143038
2024-10-24,1.0092771117565722,1.2656649055082458
2024-10-25,1.0092771117565722,1.2664723125727522
2024-10-28,1.0092771117565722,1.266004932385268
2024-10-29,1.0092771117565722,1.2666029494781632
2024-10-30,1.0092771117565722,1.2654564262483912
2024-10-31,1.0092771117565722,1.264905681062477
2024-11-01,1.0092771117565722,1.2653636002646993
2024-11-04,1.0092771117565722,1.2659521311452357
2024-11-05,1.0092771117565722,1.2657391881977829
2024-11-06,1.0092771117565722,1.2652231168678094
2024-11-07,1.0092771117565722,1.2655664667361906
2024-11-08,1.0092771117565722,1.2660324805023724
2024-11-11,1.0092771117565722,1.2655397833279511
2024-11-12,1.0092771117565722,1.2657625080988493
2024-11-13,1.0092771117565722,1.2661162934695702
2024-11-14,1.0092771117565722,1.2675251654183288
2024-11-15,1.0092771117565722,1.267179913984128
2024-11-18,1.0092771117565722,1.2673185888269483
2024-11-19,1.0092771117565722,1.2677273253562247
2024-11-20,1.0092771117565722,1.266891146129719
2024-11-21,1.0092771117565722,1.2670008191982607
2024-11-25,1.0092771117565722,1.2670394302882533
2024-11-26,1.0092771117565722,1.2671586159347006
2024-11-27,1.0092771117565722,1.2668085919606336
2024-11-28,1.0092771117565722,1.26704107514243
2024-11-29,1.0092771117565722,1.2672458063105108
2024-12-02,1.0092771117565722,1.2676413641433761
2024-12-03,1.0092771117565722,1.2678876995513602
2024-12-04,1.0092771117565722,1.269136578166442
2024-12-05,1.0092771117565722,1.269430167323032
2024-12-06,1.0092771117565722,1.2689755640629103
2024-12-09,1.0092771117565722,1.2695724355401332
2024-12-10,1.0092771117565722,1.270210856075089
2024-12-11,1.0092771117565722,1.2706223124467588
2024-12-12,1.0092771117565722,1.2715006176996366
2024-12-13,1.0092771117565722,1.2727706454757217
2024-12-16,1.0092771117565722,1.273145452508449
2024-12-17,1.0092771117565722,1.273127320489787
2024-12-18,1.0092771117565722,1.2731393805350792
2024-12-19,1.0092771117565722,1.2733673827786078
2024-12-20,1.0092771117565722,1.27304501918668
2024-12-23,1.0092771117565722,1.2728641136647316
2024-12-24,1.0092771117565722,1.272769164475682
2024-12-25,1.0092771117565722,1.2730937569428673
2024-12-26,1.0092771117565722,1.2732911148575692
2024-12-27,1.0092771117565722,1.2731966105380526
2024-12-30,1.0092771117565722,1.2730433728224038
2024-12-31,1.0092771117565722,1.273927586906881
2025-01-01,1.0092771117565722,1.2737453449203684
2025-01-02,1.0092771117565722,1.2735904253730645
2025-01-03,1.0092771117565722,1.2740447610056844
2025-01-06,1.0092771117565722,1.2739214125423204
2025-01-07,1.0092771117565722,1.2747896670148902
2025-01-08,1.0092771117565722,1.276231704179204
2025-01-09,1.0092771117565722,1.2760352088963365
2025-01-10,1.0092771117565722,1.2763190231229864
2025-01-13,1.0092771117565722,1.276368594477705
2025-01-14,1.0092771117565722,1.276267098915413
2025-01-15,1.0092771117565722,1.2769205628310714
2025-01-16,1.0092771117565722,1.277109596324743
2025-01-17,1.0092771117565722,1.2785227329344293
2025-01-20,1.0092771117565722,1.2780668383715863
2025-01-22,1.0092771117565722,1.279594704573164
2025-01-23,1.0092771117565722,1.2804000913567906
2025-01-24,1.0092771117565722,1.2802194586476465
2025-01-27,1.0092771117565722,1.28005648924107
2025-01-28,1.0092771117565722,1.2798200164641378
2025-01-29,1.0092771117565722,1.2791670414197946
2025-01-30,1.0092771117565722,1.2796316834726154
2025-01-31,1.0092771117565722,1.2794243096655198
2025-02-03,1.0092771117565722,1.2803696633624961
2025-02-04,1.0092771117565722,1.2816328047730825
2025-02-05,1.0092771117565722,1.281343952292491
2025-02-06,1.0092771117565722,1.282017152297144
2025-02-07,1.0092771117565722,1.2814965649051941
2025-02-10,1.0092771117565722,1.2816551618812841
2025-02-11,1.0092771117565722,1.2814401448812343
2025-02-12,1.0092771117565722,1.282579159311052
2025-02-13,1.0092771117565722,1.2816209233606415
2025-02-14,1.0092771117565722,1.2821463774110375
2025-02-17,1.0092771117565722,1.2822488000012302
2025-02-18,1.0092771117565722,1.2833784923710996
2025-02-19,1.0092771117565722,1.2836269092038708
2025-02-20,1.0092771117565722,1.2847918390210284
2025-02-21,1.0092771117565722,1.2846060632799685
2025-02-24,1.0092771117565722,1.284965314001646
2025-02-25,1.0092771117565722,1.2852273385176154
2025-02-26,1.0092771117565722,1.284734034548285
2025-02-27,1.0092771117565722,1.285947377486518
2025-02-28,1.0092771117565722,1.2864733961123964
2025-03-03,1.0092771117565722,1.2864303563856458
2025-03-04,1.0092771117565722,1.2850859405756117
2025-03-05,1.0092771117565722,1.2853838485143192
2025-03-06,1.0092771117565722,1.2855861757622151
2025-03-07,1.0092771117565722,1.2860854678462823
2025-03-10,1.0092771117565722,1.2855582312797313
2025-03-11,1.0092771117565722,1.2868481397047768
2025-03-12,1.0092771117565722,1.2871409032765635
2025-03-13,1.0092771117565722,1.288316078686726
2025-03-14,1.0092771117565722,1.290078874144349
2025-03-17,1.0092771117565722,1.2900697118239748
2025-03-18,1.0092771117565722,1.2900156591568832
2025-03-19,1.0092771117565722,1.2896549799190933
2025-03-21,1.0092771117565722,1.287903197591716
2025-03-24,1.0092771117565722,1.2885314284126665
2025-03-25,1.0092771117565722,1.288746962458194
2025-03-26,1.0092771117565722,1.2888103631914487
2025-03-27,1.0092771117565722,1.2889732240803309
2025-03-28,1.0092771117565722,1.2894293272205524
2025-03-31,1.0092771117565722,1.2899835823947505
2025-04-01,1.0092771117565722,1.2888710434033024
2025-04-02,1.0092771117565722,1.2886477470928768
2025-04-03,1.0092771117565722,1.2885980358924705
2025-04-04,1.0092771117565722,1.2903761430879563
2025-04-07,1.0092771117565722,1.2908800096923603
2025-04-08,1.0092771117565722,1.2894824195548056
2025-04-09,1.0092771117565722,1.2900368156903192
2025-04-10,1.0092771117565722,1.2894779096451432
2025-04-11,1.0092771117565722,1.2888818534146798
2025-04-14,1.0092771117565722,1.2894616202001523
2025-04-15,1.0092771117565722,1.2906007465073448
2025-04-16,1.0092771117565722,1.2919722772618245
2025-04-17,1.0092771117565722,1.2916058636957102
2025-04-18,1.0092771117565722,1.2921157182455318
2025-04-21,1.0093365840916955,1.2921918570364728
2025-04-22,1.0099762966527437,1.2930108418778619
2025-04-23,1.0104273200519305,1.2935882595331296
2025-04-24,1.0107926214989256,1.294055932619205
2025-04-25,1.0111187921045537,1.2944735088838923
2025-04-28,1.012127652089675,1.2957650905804348
2025-04-29,1.0113413173017676,1.294758394275304
2025-04-30,1.0116676419373969,1.2951761677351754
2025-05-01,1.0123311695173385,1.2960256414877702
2025-05-02,1.0122124466394717,1.2958736478530983
2025-05-05,1.0125052533840972,1.2962485104084183
2025-05-06,1.0125555865258653,1.2963129488494267
2025-05-07,1.0116977768344488,1.2952147475996099
2025-05-08,1.0124409452224439,1.296166180604724
2025-05-09,1.0122324132898437,1.2958992099336069
2025-05-12,1.0127396535051878,1.2965485985381215
2025-05-13,1.012462981963255,1.296194392895332
2025-05-14,1.0122554305887876,1.295928677572782
2025-05-15,1.0126587707438035,1.2964450492887607
2025-05-16,1.0134478611450233,1.2974552734369713
2025-05-20,1.014146151831317,1.2977855231223152
2025-05-21,1.0139323514923835,1.2975119264772896
2025-05-22,1.0134857605543421,1.2969404316753805
2025-05-23,1.014221327537766,1.2978817241909124
2025-05-26,1.0149511014307067,1.2988156033874174
2025-05-27,1.015610329066782,1.2996592057429515
2025-05-28,1.0150399833668862,1.298929344084291
2025-05-29,1.0151902143292135,1.299121592082946
2025-05-30,1.0134445555643805,1.2968877023529295
2025-06-02,1.014407927581067,1.298120513081816
2025-06-03,1.0146430607108434,1.2984214089352188
2025-06-04,1.0148988030713582,1.298748678069481
2025-06-05,1.0151262286534846,1.2990397107056926
2025-06-06,1.0153085531644694,1.2992730282708573
2025-06-09,1.015117371467628,1.2990283763161083
2025-06-10,1.0153914883176514,1.2993791589710164
2025-06-11,1.01588802325401,1.3000145662552298
2025-06-12,1.016439595927156,1.3007204043919383
2025-06-13,1.0175619919538128,1.3021567154324871
2025-06-16,1.0174777902246295,1.3020489639166346
2025-06-17,1.0172917384339255,1.3018108766152228
2025-06-18,1.0172407004003174,1.3017455641146274
2025-06-19,1.0166321348608234,1.300966793179491
2025-06-20,1.0161523318132923,1.3003527974078646
2025-06-23,1.0158964863375408,1.3000253963187935
2025-06-24,1.0158964863375408,1.3010382339343511
2025-06-25,1.0158964863375408,1.3013501937314416
2025-06-26,1.0158964863375408,1.3019607748134983
2025-06-27,1.0158964863375408,1.3019101524137358
2025-06-30,1.0158964863375408,1.30189785095373
2025-07-01,1.0158964863375408,1.302307938481223
2025-07-02,1.0158964863375408,1.302379208313277
2025-07-03,1.0158964863375408,1.3029708885095876
2025-07-04,1.0158964863375408,1.303016144082047
2025-07-07,1.0158964863375408,1.3028034772329407
2025-07-08,1.0158964863375408,1.3032494960071694
2025-07-09,1.0158964863375408,1.3024329913224955
2025-07-10,1.0158964863375408,1.3029897889001754
2025-07-11,1.0158964863375408,1.3038829670652534
2025-07-14,1.0158964863375408,1.3039523975409524
2025-07-15,1.0158964863375408,1.3038303283646901
2025-07-17,1.0169545100363,1.3048319439147582
2025-07-18,1.016119109012668,1.3037600592524095
2025-07-21,1.0157439627902938,1.3032787173931994
2025-07-22,1.0163200581931813,1.3040178927220971
2025-07-23,1.0171873839343823,1.3051307392867466
2025-07-24,1.0162944210655693,1.303984998288051
2025-07-25,1.0164761102870796,1.3042181197283436
2025-07-28,1.0169847389719944,1.3048707299966675
2025-07-29,1.0178224528721806,1.305945582260006
2025-07-30,1.01782472173649,1.3059484933898529
2025-07-31,1.0175917150838392,1.3056495276834001
2025-08-01,1.0171067518933643,1.305027282090004
2025-08-04,1.0176647097857296,1.3057431855784418
2025-08-05,1.01798104922039,1.306149073742948
2025-08-06,1.0176367614418882,1.3057073256737324
2025-08-07,1.0172222274054499,1.305175446177406
2025-08-08,1.0174777614834067,1.3055033163273355
2025-08-11,1.0168049812801894,1.3046400868596182
2025-08-12,1.0173026053089471,1.305278577295891
2025-08-13,1.016798100253709,1.3046312579660249
2025-08-14,1.017128271645261,1.305054893609913
2025-08-15,1.0182837716668853,1.3065374902497133
2025-08-18,1.0182494123777788,1.306493404602269
2025-08-19,1.017956927749295,1.3061181240144124
2025-08-20,1.0186247251120673,1.3069749601092502
2025-08-21,1.01861848689805,1.3069669559941768
2025-08-22,1.0184738830438889,1.3067814179723083
2025-08-25,1.0194576786206258,1.3080437044188895
2025-08-26,1.0184475568856268,1.3067476394582038
2025-08-27,1.0190584585804394,1.3075314739740218
2025-08-28,1.0188095879459238,1.3072121535416785
2025-08-29,1.0190900757950743,1.3075720413260776
2025-09-01,1.0183452577459549,1.3066163816841723
2025-09-02,1.0180420896109141,1.3062273933242463
2025-09-03,1.018163056601587,1.3063826034069308
2025-09-04,1.0187021276886992,1.3070742736513352
2025-09-05,1.018384789977629,1.3066671046203446
2025-09-08,1.0194364289575506,1.3080164394440021
2025-09-09,1.019261316840084,1.3077917569411153
2025-09-10,1.019896030707279,1.3086061443311001
2025-09-11,1.019511298398737,1.3081125027757627
2025-09-15,1.0188259221811267,1.307537834364402
2025-09-16,1.0189142562525741,1.307651200286849
2025-09-17,1.0199745591078309,1.3090119686663626
2025-09-18,1.0209159841273787,1.3102201719565192
2025-09-19,1.0206270688354537,1.309849384693559
2025-09-22,1.0201689889314276,1.309261495445125
2025-09-23,1.0201689889314276,1.3090756966945762
2025-09-24,1.0201689889314276,1.3087030486904843
2025-09-25,1.0201689889314276,1.3095534222643015
2025-09-26,1.0201689889314276,1.3102725494548415
2025-09-29,1.0201689889314276,1.3103419445587292
2025-09-30,1.0201689889314276,1.3111782406886474
2025-10-01,1.0201689889314276,1.3101335154681009
2025-10-02,1.0201689889314276,1.309571158353761
2025-10-03,1.0201689889314276,1.3091335408784468
2025-10-06,1.0201689889314276,1.3099797613647366
2025-10-07,1.0201689889314276,1.3088368212113286
2025-10-08,1.0201689889314276,1.307963402077654
2025-10-09,1.0201689889314276,1.3086706093405915
2025-10-10,1.0201689889314276,1.3084935979558086
2025-10-13,1.0201689889314276,1.30855480734283
2025-10-14,1.0212071814370949,1.3098864806332142
2025-10-15,1.0212800150725132,1.309979903198296
2025-10-16,1.0211071345173177,1.3097581520138828
2025-10-17,1.021521582710543,1.3102897582296407
2025-10-20,1.0210695962851923,1.3097100023106083
2025-10-21,1.0217403854260998,1.3105704130509575
2025-10-22,1.0223835992174326,1.3113954533216672
2025-10-23,1.0224727874640256,1.3115098536907275
2025-10-24,1.0224727874640256,1.3120908115370435
2025-10-27,1.0224727874640256,1.312732236404398
2025-10-28,1.0224727874640256,1.312527332295477
2025-10-29,1.0224727874640256,1.312317976396685
2025-10-30,1.0224727874640256,1.3121269996192602
2025-10-31,1.0224727874640256,1.3118308966622458
2025-11-03,1.0224727874640256,1.3114940807845064
2025-11-04,1.0224727874640256,1.312146820002847
2025-11-05,1.0224727874640256,1.311380341815387
2025-11-06,1.0224727874640256,1.3119927311484172
2025-11-07,1.0224727874640256,1.3107184972043457
2025-11-10,1.0224727874640256,1.31103322851868
2025-11-12,1.0224727874640256,1.311747643726194
2025-11-13,1.0224727874640256,1.3121729468639742
2025-11-14,1.0224727874640256,1.3124081508688819
2025-11-17,1.0224727874640256,1.3123539712991337
2025-11-18,1.0224727874640256,1.3124816263367651
2025-11-19,1.0224727874640256,1.3132880267464688
2025-11-20,1.0224727874640256,1.313607776434252
2025-11-21,1.0224727874640256,1.3138706216473757
2025-11-24,1.0224727874640256,1.313882106676218
2025-11-25,1.0224727874640256,1.31545259821976
2025-11-26,1.0224727874640256,1.3154349401753522
2025-11-27,1.0224727874640256,1.3158083721776253
2025-11-28,1.0224727874640256,1.3154305932420134
2025-12-01,1.0224727874640256,1.315132387159498
2025-12-02,1.0224727874640256,1.3158008336981024
2025-12-03,1.0224727874640256,1.3162724373039543
2025-12-04,1.0224727874640256,1.3172219850978106
2025-12-05,1.0224727874640256,1.3165678641256595
2025-12-08,1.0224727874640256,1.3155843651027082
2025-12-09,1.0224727874640256,1.3158133107162204
2025-12-10,1.0224727874640256,1.3156337283304091
2025-12-11,1.0224727874640256,1.3162605622870593
2025-12-12,1.0224727874640256,1.317516615511283
2025-12-15,1.0224727874640256,1.3181167294325478
2025-12-16,1.0224727874640256,1.3181815406568695
2025-12-17,1.0224727874640256,1.3189560074142974
2025-12-18,1.0224727874640256,1.3187181646687485
2025-12-19,1.0224727874640256,1.3188396132105211
2025-12-22,1.0224727874640256,1.320305724049384
2025-12-23,1.0224727874640256,1.3205801300862594
2025-12-24,1.0224727874640256,1.3204980355929967
2025-12-25,1.0224727874640256,1.3207289463783671
2025-12-26,1.0224727874640256,1.320366430502124
2025-12-29,1.0224727874640256,1.3213966640199508
2025-12-30,1.0224727874640256,1.3211968239065572
2025-12-31,1.0224727874640256,1.3223096000424621
2026-01-01,1.0224727874640256,1.3234174401380776
2026-01-02,1.0224727874640256,1.323844305270273
2026-01-05,1.0224727874640256,1.3246036216225823
2026-01-06,1.0224727874640256,1.3247775701081037
2026-01-07,1.0224727874640256,1.3249183374951468
2026-01-09,1.0224727874640256,1.3244801088361768
2026-01-12,1.0224727874640256,1.3254910155426547
2026-01-13,1.0224727874640256,1.325013916038066
2026-01-14,1.0224727874640256,1.3254079861027563
2026-01-15,1.0224727874640256,1.3256128389243667
2026-01-16,1.0224727874640256,1.3251619595713993
2026-01-19,1.0224727874640256,1.3252240237637387
2026-01-20,1.0224727874640256,1.325302693955516
2026-01-21,1.0224727874640256,1.3251111291511761
2026-01-22,1.0224727874640256,1.3254449890267817
2026-01-23,1.0224727874640256,1.3246051589135117
2026-01-26,1.0224727874640256,1.3248457884555056
2026-01-27,1.0224727874640256,1.3253246134640644
2026-01-28,1.0224727874640256,1.3253738704876528
2026-01-29,1.0224727874640256,1.325345677390107
2026-01-30,1.0224727874640256,1.325241829179132
2026-02-02,1.0224727874640256,1.3242931191261045
2026-02-03,1.0224727874640256,1.3251601219362852
2026-02-04,1.0224727874640256,1.3257961518806765
2026-02-05,1.0224727874640256,1.326065001598132
2026-02-06,1.0224727874640256,1.3258882501501692
2026-02-09,1.0224727874640256,1.3273163465835731
2026-02-10,1.0224727874640256,1.328318455637552
2026-02-11,1.0224727874640256,1.3285419372782927
2026-02-12,1.0224727874640256,1.3295635755061905
2026-02-13,1.0224727874640256,1.330021684126516
2026-02-16,1.0224727874640256,1.33033882485338
2026-02-17,1.0224727874640256,1.3308784489300458
2026-02-18,1.0224727874640256,1.331776477815682
2026-02-19,1.0224727874640256,1.3315183450591457
2026-02-20,1.0224727874640256,1.3311882645978013
2026-02-23,1.0224727874640256,1.3319050084282595
2026-02-24,1.0224727874640256,1.3314028200069057
2026-02-25,1.0224727874640256,1.3307193185836153
2026-02-26,1.0224727874640256,1.3297092562943236
2026-02-27,1.0224727874640256,1.3298899552153756
2026-03-02,1.0224727874640256,1.329082092416985
2026-03-03,1.0224727874640256,1.3298406377896836
2026-03-04,1.0224727874640256,1.3303253834644095
2026-03-05,1.0224727874640256,1.3312372244053603
2026-03-06,1.0224727874640256,1.3315399935733507
