date,strategy,buy_and_hold
2005-03-07,1.0009804285490673,1.001838250955597
2005-03-08,1.002188025864554,1.0030468831604837
2005-03-09,1.0024625115560217,1.0033216040813022
2005-03-10,1.0025409791918305,1.0034001389624778
2005-03-11,1.001869799952791,1.0027283845347799
2005-03-14,1.0016383611744983,1.0024967474175746
2005-03-15,1.002080584061631,1.0029393492818484
2005-03-16,1.0018567705623078,1.002715343978341
2005-03-17,1.0031506011353444,1.0040102833411442
2005-03-18,1.0030789711533585,1.003938591973539
2005-03-21,1.0029511954485968,1.0038107067672732
2005-03-22,1.0036523733037828,1.0045124855193976
2005-03-23,1.0032848359983835,1.004144633241071
2005-03-24,1.0034642705232444,1.0043242215381252
2005-03-25,1.0037150857226775,1.0045752516817188
2005-03-28,1.0040149160150398,1.0048753389233038
2005-03-29,1.003124277035403,1.0039839366819179
2005-03-30,1.0033653244118494,1.0042251906316746
2005-03-31,1.00382566748327,1.0046859282089118
2005-04-01,1.0046024269038065,1.005463353298443
2005-04-04,1.0053195280997647,1.0061810690373592
2005-04-05,1.00523579477344,1.0060972639530648
2005-04-06,1.0058654838622079,1.0067274926741712
2005-04-07,1.0063153979009123,1.0071777922811969
2005-04-08,1.006921291941395,1.0077842055620854
2005-04-11,1.0071226474179948,1.007985733596744
2005-04-12,1.0075172982384513,1.0083807226259274
2005-04-13,1.0073864209697712,1.0082497331977582
2005-04-14,1.0077856429294298,1.0086492972835288
2005-04-15,1.0082059933205247,1.0090700079074253
2005-04-18,1.008855184959748,1.0097197558923257
2005-04-19,1.0091813126175566,1.010046163035731
2005-04-20,1.0090941274745806,1.0099589031766394
2005-04-21,1.0090560280543015,1.0099207711058353
2005-04-22,1.00979040940452,1.0106557818077966
2005-04-25,1.0094453372733474,1.010310413955951
2005-04-26,1.0091359711019494,1.0100007826632516
2005-04-27,1.0095513803850693,1.0104165479447313
2005-04-28,1.0088711020995356,1.009735686672818
2005-04-29,1.0098270574382424,1.0106924612482309
2005-05-02,1.0104839425810634,1.0113499093299247
2005-05-04,1.0096354988377463,1.0115729790308305
2005-05-05,1.0097059542655857,1.0116435696619153
2005-05-06,1.0099325603994505,1.0118706106506326
2005-05-09,1.0096993483608276,1.0116369510804937
2005-05-10,1.0103339755627363,1.0122727961255102
2005-05-11,1.0098335261793552,1.0117713863848823
2005-05-12,1.0101911696902184,1.0121297162099838
2005-05-13,1.0104599061308743,1.01239896835312
2005-05-16,1.0105428523241586,1.0124820737193008
2005-05-17,1.0108495841888503,1.0127893941993027
2005-05-18,1.011379574396671,1.01332040145291
2005-05-19,1.0119758621367831,1.0139178334630952
2005-05-20,1.0121620400144897,1.0141043686142444
2005-05-23,1.0117303864370029,1.0136718866979584
2005-05-24,1.011527366313398,1.013468476980813
2005-05-25,1.01120022147692,1.0131407043567409
2005-05-26,1.0121879309259016,1.0141303092100502
2005-05-27,1.0130634215362402,1.0150074798779132
2005-05-30,1.013204257579055,1.0151485861836531
2005-05-31,1.0129053194874,1.0148490744328584
2005-06-01,1.012931505422454,1.0148753106184538
2005-06-02,1.0119498201559796,1.0158588797289112
2005-06-03,1.0123863448456665,1.0154206687885992
2005-06-06,1.011923539932596,1.0158848608203679
2005-06-07,1.0109484101249075,1.0168638079145635
2005-06-08,1.0099752438959178,1.0178426684651452
2005-06-09,1.0090973959748282,1.018727354575927
2005-06-10,1.0091631020793943,1.018661021428749
2005-06-13,1.0091357852505838,1.0186885953547884
2005-06-14,1.0082417374385773,1.0195911065164225
2005-06-15,1.0077228569748402,1.0201158278074844
2005-06-16,1.0074618168722318,1.0203800781800154
2005-06-17,1.0080558782566957,1.019778399395002
2005-06-20,1.007996321618721,1.0198386486076272
2005-06-21,1.0073187544842521,1.020524176060394
2005-06-22,1.0075603669338153,1.0202793961980923
2005-06-23,1.007429332753882,1.0204120844998272
2005-06-24,1.0059608209229802,1.0218995210571755
2005-06-27,1.0055521301108807,1.0223146872708673
2005-06-28,1.0051518840701132,1.0227216054143886
2005-06-29,1.0055161211801127,1.0223510015605892
2005-07-01,1.0055161211801127,1.0212556570331266
2005-07-04,1.0052400515860553,1.0215360479972568
2005-07-05,1.0043810353314968,1.0224089898069892
2005-07-06,1.0054473590772592,1.0213235262773512
2005-07-07,1.0049223428902536,1.021856832550051
2005-07-08,1.0046466293958622,1.0221371922415867
2005-07-11,1.0046226732798584,1.0221615654255827
2005-07-12,1.0044858401415253,1.0223007874226575
2005-07-13,1.0040834737004871,1.0227102899891127
2005-07-14,1.0034096855472319,1.0233965776291907
2005-07-15,1.0028213267610957,1.0239966559190683
2005-07-18,1.0026920471330427,1.0241286653840367
2005-07-19,1.0023861679427453,1.024441083985365
2005-07-20,1.0015794951554928,1.025265505521718
2005-07-21,1.0014906431232764,1.025356458785206
2005-07-22,1.0014697912119592,1.0253778076036837
2005-07-25,1.0020935428137272,1.0247391652247297
2005-07-26,1.0011540327080035,1.0256999066728345
2005-07-27,1.0018558961193307,1.0249808352692584
2005-07-28,1.0023471600521294,1.0244782319326626
2005-07-29,1.0014200687748924,1.0254257926884536
2005-08-01,1.0012984907836362,1.0255502851087122
2005-08-02,1.0008798673540646,1.0259790477419348
2005-08-03,1.0000073612414317,1.026873433791436
2005-08-04,0.9998620536217964,1.0270226452273856
2005-08-05,0.9989834430251119,1.027925122700016
2005-08-08,0.9997104178129241,1.0271770866307706
2005-08-09,1.0000154059607385,1.0268637190479717
2005-08-10,1.0005734877038575,1.0262906539823178
2005-08-11,1.0007405716728615,1.0261192755499227
2005-08-12,0.999624699080186,1.0272634465856667
2005-08-15,0.9994407480323472,1.0274524837188828
2005-08-16,0.9994390479629324,1.02745423143684
2005-08-17,0.9988481169461989,1.028061726786224
2005-08-18,0.9993833762966658,1.0275108125453263
2005-08-19,0.9994228869439122,1.0274701898791712
2005-08-22,0.998983965386271,1.0279214291113952
2005-08-23,0.9994851997508485,1.0274056755435619
2005-08-24,0.9997409402890564,1.027142790930076
2005-08-25,0.999223494798092,1.0276744190592488
2005-08-26,0.9993924713769957,1.027500631204516
2005-08-30,0.9990781844663178,1.0279012609753406
2005-08-31,0.9987998336633854,1.027614879843437
2005-09-01,0.9988992703431137,1.0277171852386193
2005-09-02,0.9989491461830947,1.027768499980154
2005-09-05,0.9998346649020037,1.028679565622399
2005-09-06,0.9995265971207876,1.0283626101871775
2005-09-07,0.9999927672376017,1.0288422291582975
2005-09-08,1.0007376200220572,1.0296085707002178
2005-09-09,1.0005470185131453,1.029412470400561
2005-09-12,1.0008188417947355,1.0296921356942819
2005-09-13,1.001624645248327,1.0305211863120647
2005-09-14,1.0026876704393568,1.0316148794296776
2005-09-15,1.0023714430412627,1.031289528975319
2005-09-16,1.0028914845585437,1.0318245735190634
2005-09-19,1.0024321790480244,1.0313520171958683
2005-09-20,1.0031790922244954,1.032120478571435
2005-09-21,1.0025585361108138,1.0314820196182952
2005-09-22,1.0024927547949833,1.0314143405331724
2005-09-23,1.0026084220229328,1.0315333447225454
2005-09-26,1.003342096400266,1.03228818536398
2005-09-27,1.003215084814906,1.032157509536222
2005-09-28,1.003417163519597,1.0323654181449755
2005-09-29,1.0033165280338656,1.0322618793586318
2005-09-30,1.0032232772259801,1.0321659382956572
2005-10-03,1.0035421786289187,1.0324940398990192
2005-10-04,1.0038262886022147,1.0327863463514542
2005-10-05,1.0037939278625125,1.0327530520150718
2005-10-06,1.003760484739657,1.0327186440691387
2005-10-07,1.0047116198377692,1.033697219101512
2005-10-10,1.005469556010393,1.0344770214830392
2005-10-11,1.0050831801702542,1.034079498827191
2005-10-12,1.0050911828719717,1.034087732404217
2005-10-13,1.0050282333032658,1.0340229667611907
2005-10-14,1.0050137157082852,1.0340080303383772
2005-10-17,1.0047332489353027,1.0337194721913845
2005-10-18,1.0051093977841352,1.0341064728105962
2005-10-19,1.0054147909363627,1.034420676454664
2005-10-20,1.0058610219257251,1.0348797810610737
2005-10-21,1.0064848466778495,1.0355216029517988
2005-10-24,1.0060755000205088,1.0351004467782394
2005-10-25,1.006773011288093,1.0358180810161217
2005-10-27,1.006731265683336,1.0355225975470697
2005-10-28,1.0064445815366325,1.0352277145704607
2005-10-31,1.0060211236591354,1.0347921462949887
2005-11-01,1.0056393417829332,1.034399445905503
2005-11-02,1.0056393417829332,1.0343091419062913
2005-11-03,1.0056393417829332,1.03555284802424
2005-11-04,1.0056393417829332,1.0362801938739516
2005-11-07,1.0056393417829332,1.0365407882191915
2005-11-08,1.0056393417829332,1.0364032976547608
2005-11-09,1.0056393417829332,1.0365175435421172
2005-11-10,1.0056393417829332,1.0374135737254206
2005-11-11,1.0056393417829332,1.0375323288348755
2005-11-14,1.0056393417829332,1.0382166087712101
2005-11-15,1.0056393417829332,1.03844795546211
2005-11-16,1.0056393417829332,1.0391715255827625
2005-11-17,1.0056393417829332,1.039619782974997
2005-11-18,1.0056393417829332,1.0403240063161203
2005-11-21,1.0056393417829332,1.0407554751924593
2005-11-22,1.0056393417829332,1.0408292781826993
2005-11-23,1.0056393417829332,1.041448218939697
2005-11-24,1.0056393417829332,1.040560431472906
2005-11-25,1.0056393417829332,1.0405412985514382
2005-11-28,1.0056393417829332,1.0401868903697533
2005-11-29,1.0056393417829332,1.0408400480069926
2005-11-30,1.0056993205085911,1.0409021261866136
2005-12-01,1.0063999096008944,1.0416272382165124
2005-12-02,1.0063999096008944,1.0417155241179656
2005-12-05,1.0063999096008944,1.0404487796523136
2005-12-06,1.0063999096008944,1.0407133714318888
2005-12-07,1.0063999096008944,1.0401728578932188
2005-12-08,1.0063999096008944,1.0410647193550084
2005-12-09,1.0063999096008944,1.041445250910138
2005-12-12,1.0063999096008944,1.040816547262104
2005-12-13,1.0063999096008944,1.041582172354651
2005-12-14,1.0063999096008944,1.041378319754708
2005-12-15,1.0063999096008944,1.0415916437311346
2005-12-16,1.0063999096008944,1.0426353161291775
2005-12-19,1.0063999096008944,1.0425059607917775
2005-12-20,1.0063999096008944,1.042627738198182
2005-12-21,1.0063999096008944,1.042425959530335
2005-12-22,1.0063999096008944,1.0439040763282934
2005-12-26,1.0063999096008944,1.0449662582014863
2005-12-27,1.0063999096008944,1.0449973994847075
2005-12-28,1.0063999096008944,1.0448408571883938
2005-12-29,1.0063999096008944,1.0449638988769867
2005-12-30,1.0063999096008944,1.0458603783729223
2006-01-02,1.0063999096008944,1.0458806320768474
2006-01-03,1.0063999096008944,1.0456870562714076
2006-01-04,1.0063999096008944,1.0459167432593672
2006-01-05,1.0063999096008944,1.0453383699166776
2006-01-06,1.0063999096008944,1.0453873517020786
2006-01-09,1.0063999096008944,1.0455485817632815
2006-01-10,1.0063999096008944,1.0459123618338906
2006-01-11,1.0063999096008944,1.047099888795135
2006-01-12,1.0063999096008944,1.0470003229735527
2006-01-13,1.0063999096008944,1.0469938737607474
2006-01-16,1.0063999096008944,1.0470638289609695
2006-01-17,1.0063999096008944,1.0477796762305878
2006-01-18,1.0063999096008944,1.0484059301561108
2006-01-19,1.0063999096008944,1.0482339800287763
2006-01-20,1.0063999096008944,1.0484731745703133
2006-01-23,1.0063999096008944,1.0483725672767612
2006-01-24,1.0063999096008944,1.048635550527789
2006-01-25,1.0063999096008944,1.0487782372311427
2006-01-26,1.0063999096008944,1.0487729766502802
2006-01-27,1.0063999096008944,1.0493842341894524
2006-01-30,1.006583525083114,1.0495756920685284
2006-01-31,1.0067776938915873,1.0497781540167452
2006-02-01,1.0074284065968309,1.05045665929815
2006-02-02,1.006980800880972,1.0509233826919762
2006-02-03,1.0067928355320286,1.0511195504641597
2006-02-06,1.0060656337645617,1.051878769210996
2006-02-07,1.0063021947040665,1.0516314360136991
2006-02-08,1.005712070935988,1.0522481421174086
2006-02-09,1.0055590705076485,1.0524082221453965
2006-02-10,1.0053125556059606,1.0526662222142407
2006-02-13,1.005723071347283,1.052236369774651
2006-02-14,1.0053942551684318,1.052580393246136
2006-02-15,1.0054148470595325,1.0525588349164348
2006-02-16,1.0047930472041027,1.0532097910200733
2006-02-17,1.0045280956912557,1.0534875094301006
2006-02-20,1.004763229866398,1.0532409151161983
2006-02-22,1.004905199816908,1.0531841324174955
2006-02-23,1.0042460212172275,1.0538749801131182
2006-02-24,1.0048469072199764,1.053244398850342
2006-02-27,1.0054819799040038,1.0525787384969998
2006-02-28,1.0052626564330869,1.0528083350755109
2006-03-01,1.004558374087636,1.0535459277024648
2006-03-02,1.0050831440272179,1.0529955672186062
2006-03-03,1.0053512399435893,1.0527146911406358
2006-03-06,1.0047834317447912,1.0533092495485594
2006-03-07,1.0043461634461393,1.0537676356335137
2006-03-08,1.004291636050535,1.0538248461918196
2006-03-09,1.0036896356375844,1.0544565381922428
2006-03-10,1.0030735426302368,1.0551037933562555
2006-03-13,1.0026373733412934,1.0555625871054188
2006-03-14,1.0022230015263496,1.0559988319499014
2006-03-15,1.0022438820236739,1.05597683107709
2006-03-16,1.002272324059501,1.055946864188391
2006-03-17,1.0030304291090002,1.0551481604523627
2006-03-20,1.0024861975439767,1.0557206704361373
2006-03-21,1.002790667254991,1.055400032637605
2006-03-22,1.0024808878054998,1.0557260640335677
2006-03-23,1.002624989171395,1.055574308953058
2006-03-24,1.0027049900191949,1.0554900832051024
2006-03-27,1.0022241562383534,1.0559962293721208
2006-03-28,1.0024872999878085,1.055718967239216
2006-03-29,1.0021198930233566,1.0561058833638117
2006-03-30,1.0019853152215794,1.0562477111123842
2006-03-31,1.0017801505734973,1.0564639864276466
2006-04-03,1.002642558927593,1.0555545020790351
2006-04-04,1.0021590189676335,1.0560635596460872
2006-04-05,1.00134831324073,1.056917871945408
2006-04-06,1.0008026165053578,1.0574938519761832
2006-04-07,1.0005263132970708,1.057785806592634
2006-04-10,1.0002614656177455,1.0580658113385122
2006-04-11,1.0005399696369603,1.0577712127848535
2006-04-12,1.000995863784498,1.0572892413294628
2006-04-13,1.0002709407327324,1.058054932149129
2006-04-14,0.9996607319616485,1.0587003916677402
2006-04-17,0.9999004721915755,1.0584464924525292
2006-04-18,0.9990745207861846,1.0593208048388971
2006-04-19,0.9993552830557068,1.0590231120170597
2006-04-21,0.9985044670860259,1.0598058954880436
2006-04-24,0.9989132129756088,1.0593720553623198
2006-04-25,0.9996312034031256,1.0586106088371876
2006-04-26,0.9989346986831869,1.0593482081469354
2006-04-27,0.9986093132191635,1.0596932722524517
2006-04-28,0.9980069335281867,1.060332498922401
2006-05-01,0.997839864311462,1.0605100016171332
2006-05-02,0.997839864311462,1.0602493503419643
2006-05-03,0.997839864311462,1.0594834826536441
2006-05-04,0.997839864311462,1.0600383483390292
2006-05-05,0.997839864311462,1.06057120072277
2006-05-08,0.997839864311462,1.0614712212633233
2006-05-09,0.997839864311462,1.0624416417680196
2006-05-10,0.997839864311462,1.0627793820878124
2006-05-11,0.997839864311462,1.0622816043834844
2006-05-12,0.997839864311462,1.0632054842203709
2006-05-15,0.997839864311462,1.063181185463237
2006-05-16,0.997839864311462,1.0634294538791855
2006-05-17,0.997839864311462,1.0630668953358773
2006-05-18,0.997839864311462,1.0620809955050077
2006-05-19,0.997839864311462,1.062660341483348
2006-05-22,0.997839864311462,1.063134872211423
2006-05-23,0.997839864311462,1.0628359059690957
2006-05-24,0.997839864311462,1.062813611358712
2006-05-25,0.997839864311462,1.062204494514239
2006-05-26,0.997839864311462,1.0624409196690319
2006-05-29,0.997839864311462,1.0628344256452666
2006-05-30,0.9981624385300493,1.0631780108202054
2006-05-31,0.9982140593514536,1.063232993977354
2006-06-01,0.998360570126238,1.0633890477698895
2006-06-02,0.998360570126238,1.0635079611780127
2006-06-05,0.998360570126238,1.0634790080425633
2006-06-06,0.998360570126238,1.0633914521908774
2006-06-07,0.998360570126238,1.0632659809705909
2006-06-08,0.998360570126238,1.063214499131603
2006-06-09,0.998360570126238,1.0638351219506337
2006-06-12,0.998360570126238,1.0643207593364463
2006-06-13,0.998360570126238,1.06454370204909
2006-06-14,0.998360570126238,1.0651887336840602
2006-06-15,0.998360570126238,1.0651928091755771
2006-06-16,0.998360570126238,1.0659981016925075
2006-06-20,0.998360570126238,1.0661332212000252
2006-06-21,0.998360570126238,1.066702119562854
2006-06-22,0.998360570126238,1.067196726428336
2006-06-23,0.998360570126238,1.0678642664471774
2006-06-26,0.998360570126238,1.0677865773685111
2006-06-27,0.998360570126238,1.0678020444302012
2006-06-28,0.998360570126238,1.0672191426579942
2006-06-29,0.998360570126238,1.067898403492881
2006-06-30,0.9984781835865117,1.0680242089685916
2006-07-03,0.9989364615926807,1.0685144069649746
2006-07-04,0.9987169600687588,1.0682796167158657
2006-07-05,0.9992568820998777,1.0688571454087004
2006-07-06,0.9994663130080217,1.0690811636032698
2006-07-07,0.9996515746771957,1.0692793291224811
2006-07-10,0.999517766313775,1.0691362007358574
2006-07-11,1.000149992395251,1.069812462642885
2006-07-12,1.0007256532877462,1.0704282194810895
2006-07-13,1.000746071979135,1.0704500603756402
2006-07-14,1.0016687241964184,1.0714369771863586
2006-07-17,1.0020599365254323,1.0718554382455006
2006-07-18,1.002888541014681,1.0727417567136708
2006-07-19,1.0025876794479678,1.0724199395302008
2006-07-20,1.0037273705649752,1.0736390124390731
2006-07-21,1.0042752742102534,1.0742250786816396
2006-07-24,1.0043178852701784,1.0742706576880894
2006-07-25,1.004127367206787,1.0740668696561697
2006-07-26,1.0042889716137688,1.0742397301370195
2006-07-27,1.0046556101333457,1.0746319057711848
2006-07-28,1.0036076257699125,1.0735109271767935
2006-07-31,1.0043437656223193,1.0742983406591122
2006-08-01,1.0054250236580335,1.0754549105043707
2006-08-02,1.0053595594814742,1.0753848866154818
2006-08-03,1.0058210339580755,1.0758785037229293
2006-08-04,1.0065728213434137,1.0766826546205024
2006-08-07,1.006101034295258,1.0761780066500297
2006-08-08,1.006157057043899,1.076237931496446
2006-08-09,1.0063539893044993,1.076448580487386
2006-08-10,1.0067665827095709,1.0768899118577864
2006-08-11,1.0065417613293606,1.0766494312136368
2006-08-14,1.0064148811532763,1.076513713576613
2006-08-15,1.0067211662310074,1.0768413320296146
2006-08-17,1.0073260473331949,1.0769415459250884
2006-08-18,1.0083922135721435,1.0780813940612766
2006-08-21,1.0086299350056553,1.078335544233193
2006-08-22,1.00853915611038,1.0782384916809693
2006-08-23,1.0086242631633953,1.0783294804144443
2006-08-24,1.0088981484392685,1.0786222936829843
2006-08-25,1.0087066191782001,1.0784175279876558
2006-08-28,1.0092193251229886,1.0789656666307965
2006-08-29,1.0087712580065795,1.0784866339538381
2006-08-30,1.009022846241861,1.0787556092511195
2006-08-31,1.0084986726839409,1.0781952104772627
2006-09-01,1.0084369947992762,1.0781292700832503
2006-09-04,1.0082844087151126,1.0779661388966788
2006-09-05,1.007855412900467,1.0775074955239168
2006-09-06,1.0082000447188166,1.0778759445719792
2006-09-07,1.008245881152753,1.0779249487252558
2006-09-08,1.0082020110177563,1.077878046760268
2006-09-11,1.0083950159670896,1.0780843901274988
2006-09-12,1.0082272783098893,1.0779050602547795
2006-09-13,1.008437414508531,1.0781297187982761
2006-09-14,1.007971679622089,1.077631797345809
2006-09-15,1.008532298113387,1.0782311597332812
2006-09-18,1.0077756486891762,1.0774222188716902
2006-09-19,1.0081054658453577,1.0777748294281142
2006-09-20,1.0089710809708892,1.0787002665236147
2006-09-21,1.009381267390891,1.079138800599492
2006-09-22,1.0100661495323284,1.079871014398717
2006-09-25,1.0098731543677038,1.0796646814924078
2006-09-26,1.0105249417973263,1.0803615134307167
2006-09-27,1.0107337546275335,1.0805847571488432
2006-09-28,1.0115042856559702,1.0814085389612411
2006-09-29,1.0118093054168622,1.0817346383941928
2006-10-02,1.0129880251284993,1.0829948184836717
2006-10-03,1.013659544654839,1.0837127461881422
2006-10-04,1.0135732867605127,1.0836205270796322
2006-10-05,1.0133952420057941,1.083430177794117
2006-10-06,1.0133952420057941,1.0835350255838856
2006-10-09,1.0133952420057941,1.0839686289138333
2006-10-10,1.0133952420057941,1.0841352722237985
2006-10-11,1.0133952420057941,1.0839936731756976
2006-10-12,1.0133952420057941,1.084463400320701
2006-10-16,1.0133952420057941,1.0834318583672324
2006-10-17,1.0133952420057941,1.0835440822463003
2006-10-18,1.0133952420057941,1.08379844036513
2006-10-19,1.0133952420057941,1.0837139686793107
2006-10-20,1.0133952420057941,1.0850515613421046
2006-10-23,1.0133952420057941,1.0852142259105495
2006-10-24,1.0133952420057941,1.0855853466397225
2006-10-25,1.0133952420057941,1.0861750220961695
2006-10-26,1.0133952420057941,1.086314703797154
2006-10-27,1.0133952420057941,1.085587203513323
2006-10-30,1.0130645856314118,1.0852329919343549
2006-10-31,1.012923808475266,1.0850821861352706
2006-11-01,1.0125330298491242,1.0846635693327025
2006-11-02,1.0120095832560312,1.0841028336003542
2006-11-03,1.0119439255941924,1.084032498636709
2006-11-06,1.0126231729860655,1.0847601340607491
2006-11-07,1.013043959593851,1.085210896545007
2006-11-08,1.012837886471507,1.0849901432442892
2006-11-09,1.012989571505315,1.0851526339733166
2006-11-10,1.0129120729618022,1.0850696146106424
2006-11-13,1.0129843087770198,1.0851469963402827
2006-11-14,1.0127909530823709,1.0849398664277503
2006-11-15,1.012962785863118,1.0851239401831727
2006-11-16,1.0127393911314706,1.084884631321283
2006-11-17,1.0129933935633115,1.0851567283059915
2006-11-20,1.0121187679495287,1.0842197963619373
2006-11-21,1.0129472938658908,1.0851073445714607
2006-11-22,1.0127094848439102,1.0848525945781302
2006-11-23,1.0131560672359037,1.0853309904793216
2006-11-24,1.0137581411608103,1.0859759547749444
2006-11-27,1.0143652595527437,1.0866263228938986
2006-11-28,1.0146372873694627,1.086917729350717
2006-11-29,1.0144622340738954,1.0867302056583572
2006-11-30,1.0145134476780577,1.086785067602661
2006-12-01,1.0147641912180885,1.087053673539553
2006-12-04,1.0150184757579461,1.0873260727290088
2006-12-05,1.0143448462240299,1.08660445536629
2006-12-06,1.0137805119305507,1.0859999191872054
2006-12-07,1.0143903922774802,1.0866532460165188
2006-12-08,1.0146540649790015,1.086935702158824
2006-12-11,1.0150267899953154,1.0873349792536509
2006-12-13,1.0160336188871424,1.088481420106867
2006-12-14,1.016388325596921,1.088861419012419
2006-12-15,1.0171390139826466,1.0896656348818183
2006-12-18,1.017255704986965,1.089790646483534
2006-12-19,1.0168903839140186,1.0893992763626208
2006-12-20,1.0171712381817168,1.089700156812307
2006-12-21,1.0166043582871902,1.0890928558124637
2006-12-22,1.0173198841086868,1.089859401867464
2006-12-25,1.0181014571142633,1.0906967045700646
2006-12-26,1.0180695030904785,1.090662472079583
2006-12-27,1.0178066792010538,1.0903809076558464
2006-12-28,1.0171521560164511,1.0896797140021859
2006-12-29,1.0177211933809742,1.0902893263094129
2007-01-01,1.0173359011975294,1.0898765610473231
2007-01-02,1.0173359011975294,1.0899311301155534
2007-01-03,1.0173359011975294,1.0900639938261443
2007-01-04,1.0173359011975294,1.0898460576939484
2007-01-05,1.0173359011975294,1.0900692872911224
2007-01-08,1.0173359011975294,1.091126145221286
2007-01-09,1.0173359011975294,1.0905865404299822
2007-01-10,1.0173359011975294,1.0902473194308355
2007-01-11,1.0173359011975294,1.090635466290336
2007-01-12,1.0173359011975294,1.0903966372938652
2007-01-15,1.0173359011975294,1.0902751776945447
2007-01-16,1.0173359011975294,1.0902588863146567
2007-01-17,1.0173359011975294,1.0913686836409133
2007-01-18,1.0173359011975294,1.092392428689111
2007-01-19,1.0173359011975294,1.0930740641026857
2007-01-22,1.0173359011975294,1.0925087316065603
2007-01-23,1.0173359011975294,1.0929346582704493
2007-01-24,1.0173359011975294,1.0932614772411084
2007-01-25,1.0173359011975294,1.093543972303255
2007-01-26,1.0173359011975294,1.0952728310010544
2007-01-29,1.0173359011975294,1.094685448348933
2007-01-30,1.0186310215164545,1.0960790385734789
2007-01-31,1.019245193274039,1.096739906714496
2007-02-01,1.0196316331559385,1.0971557281898605
2007-02-02,1.0196316331559385,1.0979122070704437
2007-02-05,1.0196316331559385,1.0969771382619191
2007-02-06,1.0196316331559385,1.0972114052018302
2007-02-07,1.0196316331559385,1.0970546765115148
2007-02-09,1.0196316331559385,1.0973575907047501
2007-02-12,1.0196316331559385,1.0971810613595532
2007-02-13,1.0196316331559385,1.0978906109125444
2007-02-14,1.0196316331559385,1.0976954513923751
2007-02-15,1.0196316331559385,1.097796913759572
2007-02-16,1.0196316331559385,1.098469486274624
2007-02-19,1.0196316331559385,1.0989872768486957
2007-02-20,1.0196316331559385,1.0986471231235533
2007-02-21,1.0196316331559385,1.0983036652247578
2007-02-22,1.0196316331559385,1.098847998701159
2007-02-23,1.0196316331559385,1.099530417600584
2007-02-26,1.0196316331559385,1.0997539008872634
2007-02-27,1.0196316331559385,1.0991083517684164
2007-02-28,1.0196316331559385,1.0990899864380193
2007-03-01,1.0194153484105903,1.0988568469491082
2007-03-02,1.0196026597657446,1.0986549387029323
2007-03-05,1.019460084900337,1.0988085677451034
2007-03-06,1.019242055510885,1.0990435671969685
2007-03-07,1.0189540877238825,1.099354081409126
2007-03-08,1.018714858842443,1.0996121865096107
2007-03-09,1.0183980391605139,1.099954165209687
2007-03-12,1.0182651214409484,1.1000977273471264
2007-03-13,1.0178135779490638,1.1005855590117497
2007-03-14,1.0178921382842272,1.1005006098891743
2007-03-15,1.0176880397731085,1.1007212723027209
2007-03-16,1.017182184585833,1.1012684002472164
2007-03-19,1.0160768808184948,1.1024650748745248
2007-03-20,1.0164272292794567,1.102084939326184
2007-03-21,1.0163343695226685,1.1021856246841495
2007-03-22,1.0169163798644407,1.1015544510749957
2007-03-23,1.0155001629277327,1.1030885399157382
2007-03-26,1.0163842835005708,1.102128162648058
2007-03-27,1.0162618326858195,1.1022609436184718
2007-03-28,1.0164508965817565,1.1020558805710985
2007-03-29,1.0155249314510701,1.1030598300200176
2007-03-30,1.0158089439554752,1.1033683234652596
2007-04-02,1.0163920840666154,1.1040017283300256
2007-04-03,1.0167826634766237,1.104425974396538
2007-04-04,1.0159690786080862,1.1035422611965937
2007-04-05,1.0163981112463845,1.1040082750328057
2007-04-06,1.016148271798074,1.1037369002483464
2007-04-10,1.0162553712693077,1.1036078520706554
2007-04-11,1.0163389230204192,1.1036985855331174
2007-04-12,1.0163663092363213,1.1037283257379542
2007-04-13,1.0158085805508434,1.1031226573459143
2007-04-16,1.0161949392811696,1.1035422256360887
2007-04-17,1.0167023608400754,1.1040932627400983
2007-04-18,1.0169244123200545,1.1043344007097435
2007-04-19,1.0169268081474887,1.104337002471115
2007-04-20,1.0167557377557834,1.1041512276817458
2007-04-23,1.0172320840666742,1.1046685184571414
2007-04-24,1.017645832975781,1.1051178312556613
2007-04-25,1.0169821155353784,1.104397063819156
2007-04-26,1.018045627340449,1.1055519900434374
2007-04-27,1.0187574885338844,1.1063250394411281
2007-04-30,1.0195594959266774,1.1071959835769505
2007-05-01,1.0199130188870713,1.1075798936904988
2007-05-02,1.0198762408613191,1.1076198329805151
2007-05-03,1.0196229271046258,1.10789494022357
2007-05-04,1.0192863440500324,1.1082606623481281
2007-05-07,1.0195417150929618,1.1079829997630914
2007-05-08,1.0193750765167633,1.1081640935886794
2007-05-09,1.0187054113015432,1.108892087595329
2007-05-10,1.0187355001402614,1.1088593349714504
2007-05-11,1.0187940792725778,1.1087955735557595
2007-05-14,1.0176776673155772,1.1100106106877683
2007-05-15,1.0178137753266865,1.1098621537240527
2007-05-16,1.017796695333957,1.1098807783860252
2007-05-17,1.0173040487556808,1.1104179966441243
2007-05-18,1.0178318296351168,1.109841907924604
2007-05-21,1.0176305418715086,1.1100613917225168
2007-05-22,1.0174786587745737,1.1102270702817045
2007-05-23,1.0168684118106364,1.1108929443942255
2007-05-24,1.016613459595881,1.1111714707140914
2007-05-25,1.0158234298692288,1.1120349832763003
2007-05-28,1.0149079514276438,1.113037169309368
2007-05-29,1.0153042922255378,1.1126025071913415
2007-05-30,1.0146030137194229,1.1133709903250357
2007-05-31,1.0139700555339803,1.1140655647272713
2007-06-01,1.0129229512350721,1.1152160354297587
2007-06-04,1.012368929112176,1.115826007150395
2007-06-05,1.0118575946487938,1.116389596446932
2007-06-07,1.0123198561420927,1.115402723020726
2007-06-08,1.011940797715057,1.1158203803442828
2007-06-11,1.0126519512227907,1.115036224216499
2007-06-12,1.0123772336725416,1.115338717111107
2007-06-13,1.0123728590917205,1.1153435365985458
2007-06-14,1.0108871784991642,1.1169803290426303
2007-06-15,1.011654660623209,1.1161322992588094
2007-06-18,1.0109230317027944,1.1169394864353541
2007-06-19,1.0099825553021557,1.1179785914858786
2007-06-20,1.01057266617934,1.117325380869684
2007-06-21,1.011636387712563,1.1161492921953868
2007-06-22,1.0118915405934101,1.1158677792814402
2007-06-25,1.0120324461932946,1.115712395020851
2007-06-26,1.0119403489814212,1.1158139273395238
2007-06-27,1.0121126022145195,1.1156239926692502
2007-06-28,1.0121799348668294,1.1155497737313151
2007-06-29,1.0117168156212044,1.116060189470524
2007-07-02,1.0116377995706125,1.1161473548383753
2007-07-03,1.0112718115851376,1.1165511520492584
2007-07-04,1.0105246492903133,1.1173760983312537
2007-07-05,1.0100730681223788,1.1178754290540232
2007-07-06,1.00920930860498,1.1188313752836425
2007-07-09,1.0089178153899874,1.1191545309975617
2007-07-10,1.0085301776867102,1.1195845229011543
2007-07-11,1.0080259686569804,1.1201442529305397
2007-07-12,1.0076957390750776,1.1205112124929097
2007-07-13,1.0080595042994107,1.1201067223310732
2007-07-16,1.0082815331197852,1.1198600146980495
2007-07-17,1.007306751422727,1.1209426677168126
2007-07-18,1.0069054691661439,1.1213892192787536
2007-07-19,1.0071501133937517,1.1211167593430404
2007-07-20,1.0066711234950783,1.1216499505682784
2007-07-23,1.006581702223137,1.1217495852582102
2007-07-24,1.006734633876132,1.1215791559548152
2007-07-25,1.0063031826214954,1.122059825555053
2007-07-26,1.0062191449879765,1.122153530170158
2007-07-27,1.0054518290629195,1.1230092545701034
2007-07-30,1.0057159169779382,1.1233042196435294
2007-07-31,1.0050532773804461,1.1225641042258454
2007-08-01,1.0056332765903364,1.123211916942002
2007-08-02,1.0056332765903364,1.1227767647895395
2007-08-06,1.0056332765903364,1.1225701284295027
2007-08-07,1.0056332765903364,1.1224607068234924
2007-08-08,1.0056332765903364,1.1221279487811417
2007-08-09,1.0056332765903364,1.122094747145452
2007-08-10,1.0056332765903364,1.1225524293035192
2007-08-13,1.0056332765903364,1.1225412253153007
2007-08-14,1.0056332765903364,1.1223690708434981
2007-08-15,1.0056332765903364,1.1223041677374042
2007-08-16,1.0056332765903364,1.122387999872383
2007-08-17,1.0056332765903364,1.1230567211214362
2007-08-20,1.0056332765903364,1.1233406173258356
2007-08-21,1.0056332765903364,1.1240033244359826
2007-08-22,1.0056332765903364,1.123750984835877
2007-08-23,1.0056332765903364,1.124588462864496
2007-08-24,1.0061114399663726,1.1251231876280579
2007-08-27,1.0063833559436832,1.1254272682288797
2007-08-28,1.0063833559436832,1.1253105850424583
2007-08-29,1.0063833559436832,1.1258548596138649
2007-08-30,1.00583920198504,1.1252461071190047
2007-08-31,1.0065135806427175,1.1260005437702887
2007-09-03,1.0068073971266318,1.1263292402995944
2007-09-04,1.0069069100943024,1.1264405668210287
2007-09-05,1.006286695371264,1.1257467241061099
2007-09-06,1.0068626387675328,1.1263910398807322
2007-09-07,1.0071636169335396,1.1267277482819942
2007-09-10,1.0069122092085225,1.126446495012767
2007-09-11,1.0070653414525388,1.1266178061538656
2007-09-12,1.0070129206471687,1.126559162280115
2007-09-13,1.00750361732341,1.127108111380157
2007-09-14,1.0077016618835108,1.1273296665450878
2007-09-17,1.0082265106137107,1.1279168220161793
2007-09-18,1.0078620054092815,1.1275090450459648
2007-09-19,1.0071911614454743,1.1267585627051806
2007-09-20,1.00805829127017,1.127728632729972
2007-09-21,1.0089242756165901,1.1286974212925096
2007-09-24,1.0092638975469128,1.1290773610027869
2007-09-25,1.0085059839184194,1.128229472634237
2007-09-26,1.0088530034804721,1.1286176881765657
2007-09-27,1.0083127485144907,1.1280132975382584
2007-09-28,1.0081526284778752,1.127834169057764
2007-10-01,1.0083635548378744,1.1280701352688736
2007-10-03,1.0088299667391307,1.1279102899636817
2007-10-04,1.00784949275583,1.1290064971851834
2007-10-05,1.0073104195258151,1.1296103742357946
2007-10-08,1.0068863648726472,1.1300859143733493
2007-10-09,1.0059596641829314,1.1311260033375299
2007-10-10,1.00515401600936,1.1320318941312808
2007-10-11,1.004304283704077,1.1329888858516872
2007-10-12,1.0042583700159866,1.1330406826020933
2007-10-15,1.0034866079509197,1.133911412528891
2007-10-16,1.0036493106438098,1.133727563099456
2007-10-17,1.002631847573065,1.134876894758937
2007-10-18,1.0031799715901875,1.1342564743284462
2007-10-19,1.0034116002923397,1.13399458078741
2007-10-22,1.0025298679709438,1.1349910608698375
2007-10-23,1.002903152337989,1.1345684555856514
2007-10-24,1.0030756249408994,1.134373340061028
2007-10-25,1.002840299197681,1.1346394687981836
2007-10-26,1.0031741729876251,1.134261715351328
2007-10-29,1.0034798680179478,1.1339160743063283
2007-10-30,1.0041900256023857,1.1347185409286784
2007-10-31,1.0042229939989555,1.1347557946853366
2007-11-01,1.00371848046049,1.1341857025198592
2007-11-02,1.0037118345802578,1.1341781927823313
2007-11-05,1.0036825705560488,1.1341451249067247
2007-11-06,1.0039756922022478,1.1344763476416748
2007-11-07,1.003968044661694,1.134467706044131
2007-11-08,1.0047074195811623,1.1353031877840687
2007-11-09,1.0049714096351812,1.1356014922894697
2007-11-12,1.0052696024794219,1.135938445396457
2007-11-13,1.0056678654167497,1.1363884760954568
2007-11-14,1.005122498156817,1.1357722198833022
2007-11-15,1.004501037312818,1.135069979147816
2007-11-16,1.0043744287883474,1.1349269135561515
2007-11-19,1.0049383443955502,1.1355641291017136
2007-11-20,1.0048987022673121,1.1355193341358538
2007-11-21,1.0043625184424165,1.13491345505725
2007-11-22,1.0042427398815434,1.1347781072143486
2007-11-23,1.0032457477266574,1.1336515221512964
2007-11-26,1.0034289525196045,1.1338585406139816
2007-11-27,1.0031576517812515,1.1335519751531347
2007-11-28,1.003302995483273,1.1337162111934123
2007-11-30,1.0034501013069108,1.1337483186748087
2007-12-03,1.0029620616102317,1.133196906915683
2007-12-04,1.0023646375331332,1.132521907190172
2007-12-05,1.0026384672948814,1.132831293806986
2007-12-06,1.0032035320231334,1.133469732315053
2007-12-07,1.0037292878654078,1.134063757669613
2007-12-10,1.0027316090709784,1.1329365300632888
2007-12-11,1.0027890454449717,1.1330014245631357
2007-12-12,1.003722957120186,1.1340566048757252
2007-12-13,1.0035142891737094,1.1338208413502933
2007-12-14,1.0020296301152292,1.1321433989850327
2007-12-17,1.0021892775616785,1.1323237766876777
2007-12-18,1.0015629759552316,1.1316161496792518
2007-12-19,1.0010525013722307,1.1310393898588584
2007-12-20,1.0008651031752174,1.130827657964557
2007-12-21,1.0004431445245205,1.130350907889835
2007-12-24,1.000313408372515,1.1302043254698262
2007-12-25,1.000161331026479,1.1300325008468057
2007-12-26,0.9999255237216995,1.1297660739113988
2007-12-27,1.000008173284292,1.1298594555379555
2007-12-28,0.9995631322498271,1.129356625826833
2007-12-31,0.9997443922048874,1.1295614224271076
2008-01-01,0.9999493540823853,1.129792998649685
2008-01-02,0.9999493540823853,1.129453936177791
2008-01-03,0.9999493540823853,1.1293659774211715
2008-01-04,0.9999493540823853,1.129429221589261
2008-01-07,0.9999493540823853,1.129077839645909
2008-01-08,0.9999493540823853,1.1281268796016448
2008-01-09,0.9999493540823853,1.127917086784237
2008-01-10,0.9999493540823853,1.1276781268243397
2008-01-11,0.9999493540823853,1.1269576159393773
2008-01-14,0.9999493540823853,1.1260872123173153
2008-01-15,0.9999493540823853,1.1254658448681354
2008-01-16,0.9999493540823853,1.125233715533487
2008-01-17,0.9999493540823853,1.1260070511467037
2008-01-18,0.9999493540823853,1.1266173002258355
2008-01-21,0.9999493540823853,1.1265579615657972
2008-01-22,0.9999493540823853,1.126460924936871
2008-01-23,0.9999493540823853,1.1263793140873353
2008-01-24,0.9999493540823853,1.1256552895943375
2008-01-25,0.9999493540823853,1.125402728286454
2008-01-29,0.9999493540823853,1.1244852699135288
2008-01-30,1.0000306509278722,1.124576691648907
2008-01-31,1.000691463799373,1.1253198036246668
2008-02-01,1.0007322461102586,1.125365665055225
2008-02-04,1.000567305152787,1.1255511481262674
2008-02-05,1.0004600785180302,1.1256717687594209
2008-02-06,1.0009091538061237,1.1251664898535367
2008-02-07,1.0017256467002442,1.1242486338821187
2008-02-08,1.0026433171420455,1.1232187214066345
2008-02-11,1.0027548469389944,1.1230937793122864
2008-02-12,1.0036270588706864,1.1221168946851858
2008-02-13,1.0041691275685336,1.1215108284790607
2008-02-14,1.0045453158144437,1.1210906809364287
2008-02-15,1.004868610626675,1.1207298780980879
2008-02-18,1.0050096569319447,1.1205725691655177
2008-02-19,1.0052387078272018,1.1203171804253222
2008-02-20,1.0057116381575646,1.1197901096210205
2008-02-21,1.0060696326056808,1.119391507648954
2008-02-22,1.0062679611816612,1.1191708396986635
2008-02-25,1.0067158868041421,1.1186726569934862
2008-02-26,1.007547104107081,1.1177490000998123
2008-02-27,1.0076956090948377,1.1175842521680297
2008-02-28,1.007197437660213,1.1181367489192229
2008-02-29,1.0060748704419626,1.119382963030702
2008-03-03,1.0070076437547366,1.1183451371338775
2008-03-04,1.0063901633241397,1.1190308878738209
2008-03-05,1.00669598374365,1.1186908383502405
2008-03-06,1.0059238930030148,1.1195488241293352
2008-03-07,1.0057510723961756,1.1197411658248828
2008-03-10,1.0065950373476862,1.1188015473400938
2008-03-11,1.0073133753010852,1.118003135283649
2008-03-12,1.0074458365209868,1.1178561184140388
2008-03-13,1.006894746855521,1.1184676043441044
2008-03-14,1.006785653501608,1.1185887862080302
2008-03-17,1.0071008550827079,1.118238581620999
2008-03-18,1.006920874976896,1.1184384232726343
2008-03-19,1.00722549366071,1.1181000677484905
2008-03-20,1.00733165372665,1.1179822216676807
2008-03-21,1.007961741469984,1.117282921797045
2008-03-24,1.008485558363954,1.1167022929440809
2008-03-25,1.0081290132698977,1.1170970975307886
2008-03-27,1.0085967814445562,1.1158758819405383
2008-03-28,1.0085813386866012,1.1158929672629085
2008-03-31,1.0085003742769083,1.1158033883544862
2008-04-01,1.0084588288571146,1.1157574225607603
2008-04-02,1.0084588288571146,1.115644548225349
2008-04-03,1.0084588288571146,1.1153831134413337
2008-04-04,1.0084588288571146,1.1142251157595522
2008-04-07,1.0084588288571146,1.1150966845727612
2008-04-08,1.0084588288571146,1.115163990835167
2008-04-09,1.0084588288571146,1.1138934409362704
2008-04-10,1.0084588288571146,1.1135756118383926
2008-04-11,1.0084588288571146,1.113651433818976
2008-04-14,1.0084588288571146,1.112752899791065
2008-04-15,1.0084588288571146,1.112274032556901
2008-04-16,1.0084588288571146,1.1112756441690552
2008-04-17,1.0084588288571146,1.1110475955260772
2008-04-18,1.0084588288571146,1.1112005363001816
2008-04-21,1.0084588288571146,1.1098786444211308
2008-04-22,1.0084588288571146,1.1101084461069513
2008-04-23,1.0084588288571146,1.1093461033933107
2008-04-24,1.0084588288571146,1.1093255915537317
2008-04-25,1.0084588288571146,1.1087111889698669
2008-04-28,1.0084588288571146,1.107796665791596
2008-04-29,1.0084588288571146,1.107796782369565
2008-04-30,1.0084588288571146,1.1083567858044263
2008-05-01,1.0084249051635932,1.1083195016289715
2008-05-02,1.0086356694779515,1.1085511442616105
2008-05-05,1.008098040078876,1.1079602572807423
2008-05-06,1.008285011557212,1.1081657501584243
2008-05-07,1.0085063654576072,1.1084090313817592
2008-05-08,1.0082741166767513,1.108153776030831
2008-05-09,1.0086996392058767,1.1086214508323928
2008-05-12,1.009008351778525,1.1089607444802512
2008-05-13,1.0082757209265665,1.1081555391976734
2008-05-14,1.0087556692718116,1.1086830312380682
2008-05-15,1.0088372021128655,1.1087726407244074
2008-05-16,1.008483501010255,1.1083839019816775
2008-05-19,1.0073717170325174,1.107161984655146
2008-05-20,1.0069912958258826,1.1067438789142152
2008-05-21,1.006617706215137,1.1063332815072338
2008-05-22,1.0071435247804845,1.106911187672888
2008-05-26,1.0061576724303336,1.1062203072308652
2008-05-27,1.0063663560132303,1.1064497444488197
2008-05-28,1.0065586716304475,1.1066611859027713
2008-05-29,1.0057739147618303,1.1057983847652455
2008-05-30,1.005025393242515,1.104975422591667
2008-06-02,1.0045169612163602,1.1044164268720198
2008-06-03,1.0034830693577605,1.103279714206796
2008-06-04,1.0034638374831657,1.1032585697174124
2008-06-05,1.0031587454379876,1.102923136191238
2008-06-06,1.0029492715248176,1.1026928300444647
2008-06-09,1.002775777949023,1.1025020824887117
2008-06-10,1.0022957260712402,1.1019742893303643
2008-06-11,1.002155284021415,1.1018198802831913
2008-06-12,1.002319556196255,1.102000489367334
2008-06-13,1.0021497659592025,1.101813813448297
2008-06-16,1.0021294327828245,1.1017914581323898
2008-06-17,1.0025997599076977,1.1023085594086932
2008-06-18,1.003014412673933,1.102764449497322
2008-06-19,1.0039710575237724,1.1038162329192422
2008-06-20,1.0029866704658699,1.1027339483196559
2008-06-23,1.003233987016044,1.1030058605632471
2008-06-24,1.0032462505894528,1.1030193437521305
2008-06-25,1.0031011100216738,1.1028597689182058
2008-06-26,1.0026385167835035,1.1023511706655922
2008-06-27,1.0020804404322257,1.1017375934801419
2008-06-30,1.0016098542664356,1.101220207401237
2008-07-01,1.0019971292608183,1.1016459969916834
2008-07-02,1.0018148191371128,1.101445556080102
2008-07-03,1.0011453242846613,1.1007094797953787
2008-07-04,1.0010557340527588,1.100610979792272
2008-07-07,1.0002527831342647,1.099728175202011
2008-07-08,0.9999765140833703,1.099424431124186
2008-07-09,0.9995211275519292,1.0989237562871075
2008-07-10,0.9993581459447597,1.098744566117916
2008-07-11,0.998866822519353,1.098204380453685
2008-07-14,0.9988910966505049,1.0982310686533145
2008-07-15,0.9990452875431199,1.0984005938691674
2008-07-16,0.9987394998724273,1.0980643955373455
2008-07-17,0.9988942006244851,1.0982344813182916
2008-07-18,0.9993230619529666,1.098705993014273
2008-07-21,0.9988918095436737,1.0982318524438894
2008-07-23,0.9986473414170094,1.097087167717275
2008-07-24,0.9986106004418911,1.0970468050680595
2008-07-25,0.9976746364241668,1.0960185801174642
2008-07-28,0.9973677295404378,1.0956814204517253
2008-07-29,0.9964074736599395,1.0946265091126286
2008-07-30,0.9963009489226041,1.0945094838950886
2008-07-31,0.9970534155598937,1.0953361235482162
2008-08-01,0.9964237672810887,1.094644408847537
2008-08-04,0.9965030505155186,1.0945573104139852
2008-08-05,0.9969132642157269,1.0941067323608997
2008-08-06,0.9973789843459879,1.0935956071224213
2008-08-07,0.9972296477906748,1.0937593500961922
2008-08-08,0.996739867334054,1.0942965402560618
2008-08-11,0.9969072375889213,1.0941127885101494
2008-08-12,0.9967356104208386,1.0943011505486366
2008-08-13,0.996644751691103,1.0944009029919601
2008-08-14,0.99733209017161,1.0936461467436063
2008-08-15,0.9980781510563568,1.0928280374900485
2008-08-18,0.9984726833338421,1.0923960513433981
2008-08-19,0.9981785868257533,1.0927178126389372
2008-08-20,0.9984081037500702,1.0924665577685029
2008-08-21,0.9991340744256973,1.0916721945396144
2008-08-22,0.9990015231208103,1.091817022523765
2008-08-25,0.999086113843414,1.091724572623791
2008-08-26,0.9993808226136054,1.0914025375141765
2008-08-27,0.999289892083946,1.0915018408113402
2008-08-28,0.9997468240678756,1.09100274429737
2008-08-29,0.9998508024403981,1.0908892748798749
2008-09-01,1.0000854207959886,1.090633294040355
2008-09-02,0.999740858062246,1.0910090535319852
2008-09-03,0.9995008752375555,1.0912709448334341
2008-09-04,1.000317393433994,1.0903794572862229
2008-09-05,1.0001525185734863,1.090559176405475
2008-09-08,1.0011486923140476,1.0894729556602503
2008-09-09,1.0009672386939166,1.089670417649021
2008-09-10,1.0011397440477885,1.0894826253080394
2008-09-11,1.0017924201014778,1.0887723556132474
2008-09-12,1.0009898290520234,1.0896446310766814
2008-09-15,1.000263339453405,1.0904354637781657
2008-09-16,0.9997828442954659,1.0909592747984485
2008-09-17,1.0001927477837453,1.0905119896556175
2008-09-19,1.0015389948462312,1.0888199133856002
2008-09-22,1.001333952242776,1.0890428247958233
2008-09-23,1.0018025795282113,1.0885331494956263
2008-09-24,1.0027624575860827,1.0874901704628128
2008-09-25,1.003524460540675,1.0866637826012473
2008-09-26,1.0045331722427242,1.085571501828029
2008-09-29,1.0042347231774775,1.0852489760927608
2008-09-30,1.0037413391106482,1.0847157894373016
2008-10-01,1.0039819124869702,1.084975770499799
2008-10-02,1.0046993402205031,1.0842004659865538
2008-10-03,1.004170561655495,1.0847710864136157
2008-10-06,1.0037324075113505,1.0852444093381364
2008-10-07,1.0040580514031563,1.0848923202650202
2008-10-08,1.0040674951668314,1.0848821162069269
2008-10-09,1.0043213181988584,1.0846078636597096
2008-10-10,1.0046409602679116,1.0842626690537907
2008-10-13,1.0052423797839227,1.0836135846988413
2008-10-14,1.0057169751475812,1.0831019886960884
2008-10-15,1.00637109822524,1.0823975340395877
2008-10-16,1.0058600775484607,1.0829471598400153
2008-10-17,1.0054275838784388,1.0834127989503184
2008-10-20,1.0050492902283894,1.0838204346555613
2008-10-21,1.0048671774788482,1.0840168205654694
2008-10-22,1.0051591648420792,1.0837018344456828
2008-10-23,1.005106756294182,1.0837583381731357
2008-10-24,1.0063045786815292,1.0824667838264868
2008-10-27,1.006886189161965,1.0818411541319246
2008-10-28,1.0065807981947577,1.0821692791176294
2008-10-29,1.0076635763499715,1.0810051904942686
2008-10-30,1.0073564064689333,1.0806756636129173
2008-10-31,1.0070824590679246,1.0803817772709245
2008-11-03,1.0071361100422376,1.0804393331686157
2008-11-04,1.007287890511891,1.0806021608021255
2008-11-05,1.007097560061795,1.0803979773729617
2008-11-06,1.006502209090011,1.0797592944774308
2008-11-07,1.0055722332842918,1.0787616314710353
2008-11-10,1.0046325392955322,1.0777535429550198
2008-11-11,1.0049034960827763,1.078044221014925
2008-11-12,1.005366492708238,1.0785409163079298
2008-11-13,1.005152912530829,1.0783117909472593
2008-11-14,1.0060524192829192,1.0792767672456152
2008-11-18,1.005898760645538,1.0787662658658534
2008-11-19,1.0061480543112864,1.079033618414067
2008-11-20,1.0066002077935536,1.0795185259840403
2008-11-21,1.006032226679656,1.0789094002058868
2008-11-24,1.0057864392240108,1.07864580785833
2008-11-25,1.0060424179044807,1.0789203296850542
2008-11-26,1.0071578122998084,1.0801165234710404
2008-11-27,1.0066724874607733,1.0795960416046528
2008-11-28,1.0052543815598352,1.0780752078317037
2008-12-01,1.00445201566057,1.077214718387962
2008-12-02,1.0042599075300047,1.0774207428695106
2008-12-03,1.0041167331293657,1.0775743475966733
2008-12-04,1.0045506730677745,1.0771086621533386
2008-12-05,1.0042670993509792,1.0774127182003934
2008-12-08,1.0049735286368022,1.0766548362608708
2008-12-09,1.0056639993661698,1.07591511662758
2008-12-10,1.006260591533137,1.0752768492427414
2008-12-11,1.0063032971286154,1.0752312146044205
2008-12-12,1.006196299324494,1.0753455413478723
2008-12-15,1.005685621869587,1.0758913142995017
2008-12-16,1.0057933448967837,1.075776071258545
2008-12-17,1.0058454267972858,1.0757203655188021
2008-12-18,1.0063046026420472,1.0752292912499286
2008-12-19,1.0070138370278356,1.074471479366768
2008-12-22,1.0063580531610354,1.075171192752619
2008-12-23,1.0075331938384446,1.0739156978521573
2008-12-24,1.0076073493577424,1.0738366565096553
2008-12-25,1.007814608149834,1.0736157747460657
2008-12-26,1.0076570520454349,1.0737836178371687
2008-12-29,1.0072224332814528,1.0742467580571684
2008-12-30,1.006337894593297,1.0733033588766798
2008-12-31,1.0057741585817652,1.0727021097754112
2009-01-01,1.0053939543949202,1.0722966053886718
2009-01-02,1.005328021058981,1.0722262846034707
2009-01-05,1.0050019294913843,1.0718784936908126
2009-01-06,1.0051533839393987,1.072040026480787
2009-01-07,1.0050697872029815,1.0719508669067812
2009-01-08,1.0045275280781523,1.0713725238440908
2009-01-09,1.0045511526057982,1.0713977204356238
2009-01-12,1.0038240156808351,1.0706221971167473
2009-01-13,1.0039477919545692,1.070754209923839
2009-01-15,1.003901285528632,1.0707333277765694
2009-01-16,1.004194366711577,1.0710459200551599
2009-01-19,1.003095158365539,1.069873534854305
2009-01-20,1.0029729207745162,1.069743159622694
2009-01-21,1.003330429088753,1.0701244680964739
2009-01-22,1.0033351072993892,1.070129457746467
2009-01-23,1.00238615892854,1.069117335676644
2009-01-26,1.0026453725210747,1.0693938057206018
2009-01-27,1.0022917996759777,1.0690166947092907
2009-01-28,1.0021006068965985,1.0688127737821413
2009-01-29,1.001348757018569,1.0680108715099803
2009-01-30,1.0012672807982084,1.0679239712282305
2009-02-02,1.0009615419274347,1.0675978786101084
2009-02-03,1.0012945487942015,1.067953054518104
2009-02-04,1.0008452472527365,1.0674738419285765
2009-02-05,1.0010052593938494,1.0676445064498878
2009-02-06,1.0018443323863326,1.0685394384819908
2009-02-09,1.0016604917170961,1.068343359112047
2009-02-10,1.0011228797150844,1.0677699570293278
2009-02-11,1.0017492630562301,1.068438040165585
2009-02-12,1.0016267796397482,1.0683074027433428
2009-02-13,1.001215892317732,1.0678691616971505
2009-02-16,0.9992984304496503,1.0658240499351763
2009-02-17,0.9991296607375135,1.0656440448309803
2009-02-18,0.9989990922243867,1.0655047840684149
2009-02-19,0.9992542281077902,1.0657769049406658
2009-02-20,0.9989438674171678,1.0654458828174038
2009-02-23,0.9990191777936762,1.065526206780743
2009-02-24,0.9990547022642394,1.0655640961978918
2009-02-25,0.9990128836377988,1.0655194936082775
2009-02-26,0.9990197977158597,1.0655268679725873
2009-02-27,0.998503112843814,1.064975786187523
2009-03-02,0.9975719158138645,1.063982597206628
2009-03-03,0.997350485980454,1.0637464262744711
2009-03-04,0.9972912871771626,1.0636832864692312
2009-03-05,0.9972698090964952,1.0636603785428056
2009-03-06,0.9975922552100835,1.0640042906437341
2009-03-09,0.9967536945924321,1.0631099050964465
2009-03-10,0.9963677938694698,1.0626983140652912
2009-03-11,0.9963686240041142,1.0626991994639285
2009-03-12,0.9947997151780194,1.061025844730193
2009-03-16,0.9950970137089074,1.061152922061381
2009-03-17,0.9951358163505648,1.0611943004757578
2009-03-18,0.9945178760215588,1.0605353404178433
2009-03-19,0.9946194073901504,1.0606436115783207
2009-03-20,0.995270860881786,1.0613383094486917
2009-03-23,0.9946681334118322,1.060695572100336
2009-03-24,0.9947157909361867,1.0607463931967016
2009-03-25,0.9939545296428003,1.0599345983316781
2009-03-26,0.9934693220884484,1.05941718203255
2009-03-27,0.9935389571993919,1.059491439617929
2009-03-30,0.992651543798432,1.0585451184949308
2009-03-31,0.9929141869828061,1.0588251962951034
2009-04-01,0.9922745430226095,1.0581430918891102
2009-04-02,0.9924553657448631,1.057950265905863
2009-04-03,0.9917633684970613,1.0586879299838527
2009-04-06,0.9916386626643037,1.0588210510126512
2009-04-07,0.9921987397859984,1.0582230293047767
2009-04-08,0.9919682864231538,1.0584688178206898
2009-04-09,0.9921394873860209,1.0582861397217467
2009-04-10,0.9921978452775484,1.0582238910676691
2009-04-13,0.9926233450010514,1.057770076362067
2009-04-14,0.9936366341957376,1.0566902841183747
2009-04-15,0.9932463777393112,1.057105305255507
2009-04-16,0.9931057555709111,1.0572549684645394
2009-04-17,0.9940248654791828,1.0562764890713487
2009-04-20,0.994100054351423,1.056196591434232
2009-04-21,0.9940854393542181,1.056212119358372
2009-04-22,0.9937758002152649,1.0565411098035016
2009-04-23,0.9937009485609276,1.056620688970077
2009-04-24,0.9937940677508197,1.0565216736046168
2009-04-27,0.9944879715173962,1.0557839711040946
2009-04-28,0.9950998294379585,1.0551344008693364
2009-04-29,0.9962033805889817,1.0539642722569929
2009-04-30,0.9964936318782449,1.0536571919008921
2009-05-01,0.9965127721110277,1.0536369536943637
2009-05-04,0.9965940603515635,1.0535510056799215
2009-05-05,0.9961740399951912,1.0539950308717896
2009-05-06,0.9962337738442103,1.0539318298873095
2009-05-07,0.9961263932238523,1.0540454295831636
2009-05-08,0.9963098042219606,1.0538513542874919
2009-05-11,0.9967631268057909,1.053371850204651
2009-05-13,0.9974086036927726,1.0531336539509903
2009-05-14,0.9981461760527272,1.0523548735478374
2009-05-15,0.997950145135502,1.0525615507821517
2009-05-18,0.9971621343548991,1.0533926843345718
2009-05-19,0.9970890841324316,1.0534698539013705
2009-05-20,0.997684956217537,1.0528402880095866
2009-05-21,0.9975655499737458,1.0529662954263768
2009-05-22,0.9971360026358608,1.0534196980815658
2009-05-25,0.9969145918936718,1.0536536064316526
2009-05-26,0.9973158750986311,1.0532294843458252
2009-05-27,0.9976966178960442,1.0528273955490854
2009-05-28,0.9976474643473419,1.0528792652274366
2009-05-29,0.9972741021761462,1.053273297490857
2009-06-01,0.9973130317266917,1.0532321819580426
2009-06-02,0.9973244941338848,1.0532200768558786
2009-06-03,0.9987367693129954,1.0517286499617902
2009-06-04,0.9983644088781412,1.0521207674340627
2009-06-05,0.9986534693094326,1.051816142709763
2009-06-08,0.9996148060232876,1.0508036298559182
2009-06-09,0.9998414662606713,1.0505653626766491
2009-06-10,0.9994807899686808,1.0509443367763343
2009-06-11,0.9995873247776677,1.0508323164600881
2009-06-12,0.9995344988383917,1.0508878505817825
2009-06-15,0.9993712392141808,1.0510594980394472
2009-06-16,0.9996048601766786,1.0508137940188196
2009-06-17,0.9991487413344604,1.0512932794537244
2009-06-18,0.9998107615097397,1.0505967091310673
2009-06-19,0.9997463064492693,1.0506644382224353
2009-06-22,0.9997195441156419,1.0506925635898858
2009-06-23,0.9997794105419577,1.0506296447349839
2009-06-24,0.9996292816779269,1.0507874093712808
2009-06-25,0.9998425109883824,1.0505632676030852
2009-06-26,0.9997234658083628,1.0506883517957848
2009-06-29,1.0000147882751669,1.0503821780057756
2009-06-30,1.0002271813817087,1.0506052686404928
2009-07-01,1.0000034198447745,1.0503702369856867
2009-07-02,1.0000034198447745,1.0494659902616947
2009-07-03,1.0000034198447745,1.049925221793503
2009-07-06,1.0000034198447745,1.0501514114524513
2009-07-07,1.0000034198447745,1.0499276134654167
2009-07-08,1.0000034198447745,1.049983681346936
2009-07-10,1.0000034198447745,1.049139396743752
2009-07-13,1.0000034198447745,1.0485744520309692
2009-07-14,1.0000034198447745,1.048196225636705
2009-07-15,1.0000034198447745,1.0480987294897741
2009-07-16,0.9998536747634721,1.0479417823970485
2009-07-17,0.9994855261637566,1.0475559276369868
2009-07-20,0.9983155298458162,1.0463296601762901
2009-07-21,0.9985674369809496,1.0465936828216564
2009-07-22,0.998855478413337,1.0468955776485487
2009-07-23,0.9980834313864534,1.0460863989078313
2009-07-24,0.9980259595437623,1.046026162948523
2009-07-27,0.9990052575786443,1.0470525604645546
2009-07-28,0.9985389845180496,1.0465638619334232
2009-07-29,0.998539081827531,1.0465639639230182
2009-07-30,0.998399007786719,1.046417153000879
2009-07-31,0.9980358552877163,1.0460365346297191
2009-08-03,0.9976171085340089,1.045597648190104
2009-08-04,0.9967979272003422,1.0447390682112765
2009-08-05,0.9968616474738458,1.0448058531205842
2009-08-06,0.9966164685302256,1.0445488822600786
2009-08-07,0.9965970259718553,1.0445285046090411
2009-08-10,0.9965497316288252,1.0444789356377173
2009-08-11,0.996054900083816,1.0439603050977178
2009-08-12,0.9963469713240445,1.0442664235466441
2009-08-13,0.9958401112134917,1.0437351859254949
2009-08-14,0.9960534559397358,1.0439587914973183
2009-08-17,0.99552806280042,1.0434081294986974
2009-08-18,0.9952589836346032,1.043126108931339
2009-08-19,0.9943698820456209,1.0421942458723665
2009-08-20,0.9945748644491688,1.0424090869343696
2009-08-21,0.9945341679212333,1.0423664331010154
2009-08-24,0.9939801488271603,1.0417857683781877
2009-08-25,0.9939508100819363,1.041755018581753
2009-08-26,0.9938371411274215,1.0416358827023697
2009-08-27,0.9945950742361739,1.0424302687140143
2009-08-28,0.994565971636352,1.0423997664204292
2009-08-31,0.9949426512117885,1.042794562454728
2009-09-01,0.9943308749411828,1.0421533627155777
2009-09-02,0.9933295578048218,1.0411038870861853
2009-09-03,0.9930309212376405,1.0407908875499532
2009-09-04,0.9928025168151808,1.0405514979836386
2009-09-08,0.9925271754851719,1.0399590090381314
2009-09-09,0.992942058722014,1.0403937191100667
2009-09-10,0.9925501933282949,1.0399831268798547
2009-09-11,0.9918880674419003,1.039289358691254
2009-09-14,0.9915639127121826,1.0389497129467156
2009-09-15,0.9913064865523649,1.0386799846605015
2009-09-16,0.9907956251331499,1.0381447097094425
2009-09-17,0.9918466090832911,1.0392459190811352
2009-09-18,0.9913953030075809,1.0387730455610331
2009-09-21,0.9911190558592946,1.0384835968510358
2009-09-22,0.9918631697544573,1.0392632711694207
2009-09-23,0.9912740089249285,1.0386459549612863
2009-09-24,0.9906428041185308,1.0379845855386904
2009-09-25,0.9909670825965049,1.0383243609452848
2009-09-28,0.9901025344150517,1.037418496912282
2009-09-29,0.9893085739968264,1.0365865939577361
2009-09-30,0.9886015151607521,1.03584574552088
2009-10-01,0.9879639970325164,1.0351777610694117
2009-10-02,0.9879639970325164,1.0344437484550042
2009-10-05,0.9879639970325164,1.034376495064273
2009-10-06,0.9879639970325164,1.0349323139344189
2009-10-07,0.9879639970325164,1.035306929424323
2009-10-08,0.9879639970325164,1.035969910036298
2009-10-09,0.9879639970325164,1.0348151635434417
2009-10-12,0.9879639970325164,1.0346068934798323
2009-10-13,0.9879639970325164,1.0343094103462156
2009-10-14,0.9879639970325164,1.0339992207336393
2009-10-15,0.9879639970325164,1.0336279055157678
2009-10-16,0.9879639970325164,1.0329181546170958
2009-10-19,0.9879639970325164,1.0331422718273926
2009-10-20,0.9879639970325164,1.0330766215295966
2009-10-21,0.9879639970325164,1.0334258455195873
2009-10-22,0.9879639970325164,1.0341869439558289
2009-10-23,0.9879639970325164,1.0344172063192314
2009-10-26,0.9879639970325164,1.0342954878087365
2009-10-27,0.9879639970325164,1.0343369464107413
2009-10-28,0.9879639970325164,1.0340159778564726
2009-10-29,0.9879639970325164,1.0344275425125464
2009-10-30,0.9879639970325164,1.0342910628063304
2009-11-02,0.9879639970325164,1.0346355207749764
2009-11-03,0.9879639970325164,1.0342981155149202
2009-11-05,0.9879639970325164,1.0338618064085996
2009-11-06,0.9879639970325164,1.0335290868797427
2009-11-09,0.9879639970325164,1.0335257333071919
2009-11-10,0.9879639970325164,1.0328981417539695
2009-11-11,0.9879639970325164,1.0317309481248673
2009-11-12,0.9879639970325164,1.0322306711161089
2009-11-13,0.9879639970325164,1.0320644277368551
2009-11-16,0.9879639970325164,1.0319843225254013
2009-11-17,0.9879639970325164,1.0312455193238246
2009-11-18,0.9879639970325164,1.0308157130028273
2009-11-19,0.9879639970325164,1.0307424754858505
2009-11-20,0.9879639970325164,1.030352405894773
2009-11-23,0.9879639970325164,1.0305138534376677
2009-11-24,0.9879639970325164,1.0294778506460756
2009-11-25,0.9879639970325164,1.0293636482631092
2009-11-26,0.9879639970325164,1.0286718002616708
2009-11-27,0.9879639970325164,1.0286299454806496
2009-11-30,0.9882387405958398,1.0289159978645537
2009-12-01,0.9888133017857723,1.029514208778363
2009-12-02,0.9888133017857723,1.0299503403686407
2009-12-03,0.9888133017857723,1.0303953859433717
2009-12-04,0.9888133017857723,1.029962446351354
2009-12-07,0.9888133017857723,1.0292623190219756
2009-12-08,0.9888133017857723,1.0291267234738743
2009-12-09,0.9888133017857723,1.0281536108794118
2009-12-10,0.9888133017857723,1.0278630753889
2009-12-11,0.9888133017857723,1.027585630652793
2009-12-14,0.9888133017857723,1.0262813564144346
2009-12-15,0.9888133017857723,1.0260602068954077
2009-12-16,0.9888133017857723,1.0263403320804019
2009-12-17,0.9888133017857723,1.0267608986679897
2009-12-18,0.9888133017857723,1.0273721440216086
2009-12-21,0.9888133017857723,1.0269457053761268
2009-12-22,0.9888793110062766,1.026877150588899
2009-12-23,0.9889260005716451,1.0268286669698017
2009-12-24,0.9890567047846704,1.0266929532432432
2009-12-25,0.9893004441953172,1.0264399388972223
2009-12-28,0.989604534892653,1.0261244322797696
2009-12-29,0.9898798970891963,1.0258389082470507
2009-12-30,0.9895243820299586,1.0254704785200643
2009-12-31,0.9887283693368498,1.024645549360021
2010-01-04,0.9879236340206016,1.024065907705365
2010-01-05,0.9876027196373519,1.0237332529658072
2010-01-06,0.9870674873341801,1.0231784396831751
2010-01-07,0.9868680835591316,1.0229717409051897
2010-01-08,0.9864756518436468,1.0225649524378517
2010-01-11,0.9858575874960395,1.0219242767769436
2010-01-12,0.9858154956543534,1.0218806450441065
2010-01-13,0.9858315333629222,1.0218972694774304
2010-01-14,0.9853710677296288,1.0214199581342382
2010-01-15,0.9861013115225307,1.0221769172218358
2010-01-18,0.9857153445691658,1.0217768300239687
2010-01-19,0.9857801021293872,1.0218439566797195
2010-01-20,0.9857085359916266,1.0217697723609087
2010-01-21,0.9855922413343889,1.0216492231710481
2010-01-22,0.9860815645317417,1.0221564478056273
2010-01-25,0.9859961705759052,1.022067929790788
2010-01-26,0.9860209102397444,1.0220935745323787
2010-01-27,0.9858491627021776,1.0219155437697796
2010-01-28,0.9857546472705987,1.0218175705784327
2010-01-29,0.984737708723536,1.0207634282738904
2010-02-01,0.9849496173252424,1.0209830893560672
2010-02-02,0.9854870036904474,1.0204260432070318
2010-02-03,0.9857231591339506,1.0201815152082927
2010-02-04,0.9856544363076007,1.0202526404085737
2010-02-05,0.9867780530134681,1.0190895827803215
2010-02-08,0.9865713910103259,1.0193030118223594
2010-02-09,0.9875989824245928,1.0182413278600742
2010-02-10,0.9878441011354353,1.0179886038232402
2010-02-11,0.9881898763916267,1.0176322770811133
2010-02-12,0.9889651118926945,1.0168339440005252
2010-02-15,0.9892972846710587,1.0164924106620363
2010-02-16,0.9896401691824421,1.016140100482927
2010-02-17,0.9897359483397992,1.016041756614507
2010-02-18,0.9902286605727827,1.015535948773996
2010-02-19,0.9906101631623342,1.015144696117245
2010-02-22,0.9908535455476759,1.0148952858579972
2010-02-23,0.9902574433867241,1.0155058516431814
2010-02-24,0.9904066234035384,1.0153528680114654
2010-02-25,0.9902420339060927,1.015521603169659
2010-02-26,0.991184789433841,1.0145547803403356
2010-03-01,0.9905243546415745,1.0138787739258508
2010-03-03,0.9905824163594443,1.0142666149249133
2010-03-04,0.9910733483482469,1.0147692847868226
2010-03-05,0.9907078905051531,1.0143950890780244
2010-03-08,0.990355872630764,1.0140346546790757
2010-03-09,0.9896686129545745,1.013330963059044
2010-03-10,0.9891380012948509,1.012787664810398
2010-03-11,0.9885846774940577,1.0122211113877655
2010-03-12,0.988735036217282,1.0123750650928893
2010-03-15,0.988616658005091,1.012253856532575
2010-03-16,0.9891730491437599,1.01282355063119
2010-03-17,0.9893867398345824,1.01304235053117
2010-03-18,0.9887724864357724,1.012413410722399
2010-03-19,0.9876334241478462,1.0112471141761614
2010-03-22,0.9877473091520943,1.0113637220987752
2010-03-23,0.9877750203283931,1.011392095831759
2010-03-24,0.9877344066890837,1.011350511146041
2010-03-25,0.987213624505594,1.010817277390184
2010-03-26,0.9874543054942211,1.011063712908905
2010-03-29,0.9867102668820544,1.0103018848044762
2010-03-30,0.9867322605661194,1.010324404343606
2010-03-31,0.9863753325085274,1.0099589423620818
2010-04-01,0.9855285452457011,1.009091908951793
2010-04-02,0.9855285452457011,1.0087957602653994
2010-04-05,0.9855285452457011,1.0085459587119092
2010-04-06,0.9855285452457011,1.0083373206354576
2010-04-07,0.9855285452457011,1.0082565063377071
2010-04-08,0.9855285452457011,1.0083044078857584
2010-04-09,0.9855285452457011,1.0078007518753733
2010-04-12,0.9855285452457011,1.0070093112887049
2010-04-13,0.9855285452457011,1.006703464109025
2010-04-14,0.9855285452457011,1.006617335090338
2010-04-15,0.9855285452457011,1.0059191234189815
2010-04-16,0.9855285452457011,1.0058625134986505
2010-04-19,0.9855285452457011,1.0055481462693552
2010-04-20,0.9855285452457011,1.0054198376560528
2010-04-21,0.9855285452457011,1.0055785720580013
2010-04-22,0.9855285452457011,1.005091880021372
2010-04-23,0.9855285452457011,1.0055709823812895
2010-04-26,0.9855285452457011,1.0056306798210735
2010-04-27,0.9855285452457011,1.0057963027887102
2010-04-28,0.9855285452457011,1.0057501721769124
2010-04-30,0.9842993300992726,1.003422740863668
2010-05-03,0.9840136818880797,1.0031315429503573
2010-05-04,0.9836421529837466,1.002752795815115
2010-05-05,0.9843735446778322,1.00349839731649
2010-05-06,0.9843601204590173,1.003484712285905
2010-05-07,0.9845716590701233,1.0037003607644355
2010-05-10,0.9845665361962035,1.0036951383610135
2010-05-11,0.984202830962017,1.0033243668977057
2010-05-12,0.9843912288744716,1.0035164250896675
2010-05-13,0.9853456663190565,1.0044894057748537
2010-05-14,0.9848218467004998,1.0039554091527922
2010-05-17,0.9847119325046481,1.0038433594944325
2010-05-18,0.9842679631473971,1.0033907645005222
2010-05-19,0.983172867697354,1.0022743930427882
2010-05-20,0.9830481182558726,1.002147219912964
2010-05-21,0.9837843248936485,1.002897729904924
2010-05-24,0.9833103700684421,1.0024145668718798
2010-05-25,0.9823337100246172,1.0014189318367854
2010-05-26,0.9813298760034064,1.000395594876032
2010-05-27,0.9816707614481841,1.000743103196783
2010-05-28,0.9810342602947214,1.000094235812198
2010-05-31,0.9810263003777497,1.0000861212463739
2010-06-01,0.9807931984602033,0.9998484905197722
2010-06-02,0.9819289347910073,0.9986906885919391
2010-06-03,0.9818010025582841,0.998820804657435
2010-06-04,0.9822149119720218,0.998399720005242
2010-06-07,0.9822645993144442,0.9983492139213314
2010-06-08,0.9830809762174042,0.9975194688201616
2010-06-09,0.98342678099973,0.9971685852092221
2010-06-10,0.9837530523676165,0.996837754724843
2010-06-11,0.983429482823949,0.9971656280022173
2010-06-14,0.9835768343564459,0.9970162183231241
2010-06-15,0.98375040766979,0.9968402733410675
2010-06-16,0.984155305461195,0.9964299879455926
2010-06-17,0.9841760587715807,0.996408975793646
2010-06-18,0.9843730404107707,0.9962095457510167
2010-06-21,0.9844849486535023,0.9960962918776569
2010-06-22,0.9850396714211319,0.9955350265250361
2010-06-23,0.9851608599250357,0.9954125467874695
2010-06-24,0.9842482919478952,0.9963346110423478
2010-06-25,0.9849570413741859,0.9956171583530753
2010-06-29,0.9846361479629975,0.9960799779601285
2010-06-30,0.9848121588012525,0.996258034465826
2010-07-01,0.9838453827750436,0.9952800221870053
2010-07-02,0.9838130817891583,0.9952473457863111
2010-07-05,0.9823660503699756,0.9937834963967584
2010-07-06,0.9817375148970604,0.9931476558364624
2010-07-07,0.9815884181517095,0.992996826229881
2010-07-08,0.9817782480060397,0.9931888623617137
2010-07-09,0.9813943277069913,0.992800479989397
2010-07-12,0.9808816712668323,0.9922818652537192
2010-07-13,0.9802770358322153,0.9916702025074009
2010-07-14,0.980432335610355,0.9918273072408669
2010-07-15,0.9805943930610845,0.9919912481872609
2010-07-16,0.9807648171739438,0.9921636530364348
2010-07-19,0.9803859182086823,0.9917803503578285
2010-07-20,0.9801076174278008,0.9914988150554124
2010-07-21,0.9796761878504862,0.9910623712332431
2010-07-22,0.9794512902496653,0.9908348597837271
2010-07-23,0.9805795496012051,0.9919762322108313
2010-07-26,0.9798629915985562,0.9912513460882141
2010-07-27,0.9798395604450227,0.9912276426085648
2010-07-28,0.9800560060889522,0.99144660386921
2010-07-29,0.9801583783497486,0.991550165940833
2010-07-30,0.979378034397079,0.9907607525227045
2010-08-02,0.9791652096710474,0.9905454542636942
2010-08-03,0.9794378541805833,0.9908212675553465
2010-08-04,0.979464890014839,0.9908486176107404
2010-08-05,0.9796892716109122,0.9910756070582979
2010-08-06,0.9805115418022415,0.9919074339983823
2010-08-09,0.980469780924806,0.9918651877595441
2010-08-10,0.9797447262933051,0.9911317062569004
2010-08-11,0.9793178279462983,0.9906998463287864
2010-08-12,0.9789399707188321,0.9903175974954633
2010-08-13,0.9789399707188321,0.9899575741494088
2010-08-16,0.9789399707188321,0.9894345246433544
2010-08-17,0.9789399707188321,0.989417664470323
2010-08-18,0.9789399707188321,0.9890371486165209
2010-08-19,0.9789399707188321,0.9886620272722066
2010-08-20,0.9789399707188321,0.9881099170838774
2010-08-23,0.9789399707188321,0.9877641026195155
2010-08-24,0.9789399707188321,0.9874269973870176
2010-08-26,0.9789399707188321,0.986951054061761
2010-08-27,0.9789399707188321,0.9870536572499315
2010-08-30,0.9794007534063971,0.9875182590136378
2010-08-31,0.9794721998590388,0.987590297631415
2010-09-01,0.9797050906415102,0.9878251186678975
2010-09-02,0.9797050906415102,0.9881664854361066
2010-09-03,0.9797050906415102,0.9878394377723819
2010-09-06,0.9797050906415102,0.9880761523536907
2010-09-07,0.9797050906415102,0.9878239730531014
2010-09-08,0.9797050906415102,0.9883071691591132
2010-09-09,0.9797050906415102,0.9879966208606488
2010-09-10,0.9797050906415102,0.9879294905629703
2010-09-13,0.9797050906415102,0.9877563907496213
2010-09-14,0.9797050906415102,0.9875346810367712
2010-09-15,0.9797050906415102,0.987106661482006
2010-09-16,0.9797050906415102,0.9876038678015803
2010-09-17,0.9797050906415102,0.9874616138339581
2010-09-20,0.9797050906415102,0.9878113574642249
2010-09-21,0.9797050906415102,0.9880009681675775
2010-09-22,0.9797050906415102,0.9874212706646404
2010-09-23,0.9797050906415102,0.9870969638660934
2010-09-24,0.9797050906415102,0.9870116481782839
2010-09-27,0.9797050906415102,0.9875248407328835
2010-09-28,0.9797050906415102,0.9872484123315002
2010-09-29,0.9802857321360475,0.9878335245240278
2010-09-30,0.9800363783411152,0.9875822508085932
2010-10-01,0.9796517449817536,0.9871946559323524
2010-10-04,0.979130964018461,0.9866698651722612
2010-10-05,0.9797796755501625,0.9873235715129255
2010-10-06,0.9807505764236543,0.9883019479192972
2010-10-07,0.9804560524545965,0.9880051562381847
2010-10-08,0.9800169773857854,0.9875627004739769
2010-10-11,0.979485795586988,0.9870274287962736
2010-10-12,0.9795021089499183,0.9870438677653129
2010-10-13,0.9798921743620306,0.9874369365188509
2010-10-14,0.9795150978746824,0.987056956699395
2010-10-15,0.9795150978746824,0.987731225190276
2010-10-18,0.9795150978746824,0.9876859410066756
2010-10-19,0.9795150978746824,0.9878061841544985
2010-10-20,0.9795150978746824,0.9871666677448498
2010-10-21,0.9795150978746824,0.9862659780040257
2010-10-25,0.9795150978746824,0.9866868492127159
2010-10-26,0.9795150978746824,0.9869185076696536
2010-10-27,0.9795150978746824,0.9880012632278942
2010-10-28,0.9795150978746824,0.9884834275650155
2010-10-29,0.9795150978746824,0.9888016980651569
2010-11-01,0.9795150978746824,0.9891562040735479
2010-11-02,0.9795514195692681,0.9891195248741971
2010-11-03,0.9786855229860588,0.9899938794000174
2010-11-04,0.9789865628580081,0.989689361121484
2010-11-05,0.9787702682349431,0.989908020391628
2010-11-08,0.9788685036004015,0.9898086671732995
2010-11-09,0.9786341113556384,0.9900456790646123
2010-11-10,0.9786540721226924,0.9900254855408598
2010-11-11,0.9788455208485871,0.9898318122877573
2010-11-12,0.9783534314952556,0.9903294247159099
2010-11-15,0.9780440338188859,0.9906426097193901
2010-11-16,0.9778313184784692,0.9908580651310807
2010-11-17,0.9773602956997863,0.991335362912711
2010-11-18,0.9768309841378301,0.9918722429882312
2010-11-19,0.9764270600067536,0.9922823867494279
2010-11-22,0.9766504422353831,0.9920553772163447
2010-11-23,0.9764999132145558,0.9922082805664901
2010-11-24,0.976314851134067,0.9923963196294688
2010-11-25,0.9767920582421101,0.991911252156437
2010-11-26,0.9762761950248855,0.9924351001191851
2010-11-29,0.9761058519014734,0.9926082626889575
2010-11-30,0.9759563883060773,0.992456272206089
2010-12-01,0.9758738576629259,0.9923723462690018
2010-12-02,0.976062146176903,0.9925638180590531
2010-12-03,0.9773203790100748,0.9938433230473287
2010-12-06,0.9773336532980371,0.9938568217553705
2010-12-07,0.9768154889350629,0.9933298971117805
2010-12-08,0.9769081813195379,0.9934241565883927
2010-12-09,0.976970304361856,0.9934873299061103
2010-12-10,0.9764906615651685,0.9929995780888216
2010-12-13,0.9768110183540523,0.9933253509494545
2010-12-14,0.9773486324788689,0.9938720541798386
2010-12-15,0.9776888044964718,0.9942179772728622
2010-12-16,0.9782379232257117,0.9947763796088168
2010-12-17,0.978159503834047,0.9946966344295725
2010-12-20,0.9777079382412831,0.9942374344999231
2010-12-22,0.978072949428018,0.995251116514993
2010-12-23,0.9782779506183081,0.9954597181981726
2010-12-24,0.9781876658867643,0.995367847770792
2010-12-27,0.9792429095159373,0.9964416249371515
2010-12-28,0.9805729279530149,0.9977950028577464
2010-12-29,0.9807425980717168,0.9979676529399064
2010-12-30,0.9813459837483935,0.9985816360469465
2010-12-31,0.9816618607338632,0.9989030608677166
2011-01-03,0.9819398147285614,0.999185896645687
2011-01-04,0.9820439399418036,0.9992918506389933
2011-01-05,0.9817391504344146,0.9989817080287633
2011-01-06,0.9818682966196062,0.9991131224443044
2011-01-07,0.9816829192417925,0.9989244892320746
2011-01-10,0.9816631752034892,0.9989043984237382
2011-01-11,0.9824086872470541,0.9996630041025552
2011-01-12,0.9819629427042876,0.9992094308244799
2011-01-13,0.9822544640181637,0.9995060722082262
2011-01-14,0.9821483807105543,0.9993981257299971
2011-01-17,0.9824970895160609,0.9997529590051857
2011-01-18,0.9826728407878081,0.9999317970453725
2011-01-19,0.9828264134399309,1.0000880669366734
2011-01-20,0.9827804097755446,1.0000412552971418
2011-01-21,0.9833340793686667,1.000604649143232
2011-01-24,0.9836160138251077,1.0008915352929013
2011-01-25,0.9831177390767349,1.0003845092066168
2011-01-26,0.9841869895983079,1.001472539272321
2011-01-27,0.9840755240584811,1.001359116032234
2011-01-28,0.9842635506602394,1.001550444997465
2011-01-31,0.9841466229288511,1.0014314636318278
2011-02-01,0.9848216128495492,1.002118308588131
2011-02-02,0.9848780928323823,1.0020608366316597
2011-02-03,0.9843306165991271,1.002617864446903
2011-02-04,0.9841343942585313,1.0028177322766416
2011-02-07,0.9838934645249618,1.0030632359501903
2011-02-08,0.9830293763928311,1.0039441596164327
2011-02-09,0.9831160712924163,1.003855620209374
2011-02-10,0.982983332844439,1.0039911588715025
2011-02-11,0.9828736458036484,1.004103190088632
2011-02-14,0.9821736598739677,1.0048182953394547
2011-02-15,0.9810218921049629,1.0059966178434676
2011-02-16,0.9810526540855498,1.0059650727284428
2011-02-18,0.9814501109796608,1.0043143526135347
2011-02-21,0.9814188057976171,1.0043463870932152
2011-02-22,0.9810551253751388,1.0047185636973468
2011-02-23,0.98101130590848,1.004763440106903
2011-02-24,0.9810465925827379,1.0047272990757001
2011-02-25,0.9803403352172311,1.0054506042282412
2011-02-28,0.9805208622582227,1.00526545319862
2011-03-01,0.980795875953732,1.0049834992108024
2011-03-02,0.9805645802032761,1.0052204989967362
2011-03-03,0.9808521250372029,1.0049257239586822
2011-03-04,0.9806717458609365,1.0051105302813372
2011-03-07,0.9807896366283633,1.0049897016225495
2011-03-08,0.9809239686837846,1.0048520550495696
2011-03-09,0.9809256585487581,1.0048503239630169
2011-03-10,0.9801908039783237,1.0056031015529712
2011-03-11,0.9798452745310359,1.0059575891511616
2011-03-14,0.9801677712723115,1.0056264980566845
2011-03-15,0.9795089224003745,1.006302459767785
2011-03-16,0.9787746800310678,1.0070567866405697
2011-03-17,0.9787527449296332,1.0070793555659987
2011-03-18,0.9786555522817778,1.0071793611186524
2011-03-21,0.9784037710763414,1.0074384807170054
2011-03-22,0.9784256233665399,1.0074159799471916
2011-03-23,0.9783140480664316,1.007530861178439
2011-03-24,0.9787289308591105,1.0071035881384351
2011-03-25,0.9778166102792575,1.0080423581088866
2011-03-28,0.9772089239218908,1.0086688289442467
2011-03-29,0.9767632147221277,1.0091288871422117
2011-03-30,0.9760290442354366,1.0098873848364744
2011-03-31,0.9757069191312753,1.010220684425204
2011-04-01,0.9762973592347957,1.0096093586328014
2011-04-04,0.9759553103840918,1.0099630784472757
2011-04-05,0.9756565588993462,1.0102722401127886
2011-04-06,0.9751159046283807,1.0108320764573226
2011-04-07,0.9743601996785937,1.0116154610785317
2011-04-08,0.9740747249039747,1.0119118511567056
2011-04-11,0.9740793719892883,1.0119070235592105
2011-04-12,0.9747490389479949,1.0112113505797315
2011-04-13,0.9745473223012959,1.0114206128150276
2011-04-14,0.9736590802179179,1.0123424627157351
2011-04-15,0.9734219883371547,1.0125889742343337
2011-04-19,0.9738013505438252,1.0120170011771084
2011-04-20,0.9745488969204372,1.0112401182513686
2011-04-21,0.9739095452857474,1.0119035411177952
2011-04-22,0.973317120100383,1.0125190778951267
2011-04-25,0.972320171309391,1.0135561804485678
2011-04-26,0.9721454874824016,1.0137382726006117
2011-04-27,0.9722768104339089,1.0136013310587046
2011-04-28,0.9724776898335247,1.0133919137151581
2011-04-29,0.9720864060326007,1.0137996596654966
2011-05-02,0.9727096905592533,1.0144496899890088
2011-05-03,0.9726854690689904,1.0144244291290352
2011-05-04,0.9731783129330744,1.0149384214434796
2011-05-05,0.9724864478154776,1.014216867663485
2011-05-06,0.9733346334848163,1.015101449875079
2011-05-09,0.9733002645744611,1.015065606158507
2011-05-10,0.9725850296303195,1.014319679728046
2011-05-11,0.9726016460092152,1.0143370091332973
2011-05-12,0.9728108800480225,1.0145552216255376
2011-05-13,0.9729520491209173,1.0147024484123415
2011-05-16,0.9732415430338742,1.0150043648146383
2011-05-17,0.9727986977653477,1.0145425165882558
2011-05-18,0.9738625552852084,1.0156520253571
2011-05-19,0.9733869072763423,1.0151559667901695
2011-05-20,0.973715913914765,1.0154990914506838
2011-05-23,0.973922203617636,1.0157142332624254
2011-05-24,0.9742862075798988,1.0160938570188824
2011-05-25,0.9743656727434975,1.0161767321165196
2011-05-26,0.9753080284068689,1.0171595252559782
2011-05-27,0.9754611799845373,1.017319248729482
2011-05-30,0.9744664394580421,1.0162818228371355
2011-05-31,0.9754484976180757,1.0173060221492904
2011-06-01,0.9755812956846718,1.0174445187210805
2011-06-02,0.9759141921048897,1.0177917000780323
2011-06-03,0.9758956498507523,1.0177723621562003
2011-06-06,0.9766565136918637,1.0185658754677573
2011-06-07,0.977112509091024,1.0190414381107578
2011-06-08,0.9770614860625809,1.018988225630314
2011-06-09,0.9766400180028255,1.0185486719312926
2011-06-10,0.9769129067789545,1.018833270652815
2011-06-13,0.9766816347932397,1.0185920745421062
2011-06-14,0.9777405001815673,1.0196963769617846
2011-06-16,0.977698295138875,1.0199680199286214
2011-06-17,0.9772373127123901,1.0194871074271867
2011-06-20,0.977157439981289,1.0194037814852346
2011-06-21,0.9772695828181853,1.0195207726959865
2011-06-22,0.9774650170768953,1.019724656342786
2011-06-23,0.9782716054660099,1.0205661167055922
2011-06-24,0.9783846298939403,1.0206840276220097
2011-06-27,0.9780532477697956,1.0203383185513444
2011-06-28,0.9783096661413677,1.0206058228929455
2011-06-29,0.9790019193506645,1.0213280049185114
2011-06-30,0.9789761529177021,1.0213011245017818
2011-07-01,0.9792800029559849,1.0216181111667308
2011-07-04,0.9792800029559849,1.0220710307641767
2011-07-05,0.9792800029559849,1.0209956108441303
2011-07-06,0.9792800029559849,1.021122756040553
2011-07-07,0.9792800029559849,1.0218088797634886
2011-07-08,0.9792800029559849,1.0221916688131967
2011-07-11,0.9792800029559849,1.0219512560000037
2011-07-12,0.9792800029559849,1.0221615991183521
2011-07-13,0.9792800029559849,1.0225898865415954
2011-07-14,0.9792800029559849,1.0221022605001893
2011-07-15,0.9792800029559849,1.021752937804034
2011-07-18,0.9800573663311907,1.0225640166680567
2011-07-19,0.980923703379435,1.0234679281351553
2011-07-20,0.9805490588952223,1.0230770347224225
2011-07-21,0.9810452759391735,1.0235947734906146
2011-07-22,0.9811969924415671,1.023753070179576
2011-07-25,0.9821667345773413,1.0247648715776938
2011-07-26,0.9817383328773378,1.0243178894130243
2011-07-27,0.9820105580140117,1.0246019213878437
2011-07-28,0.9816699447614509,1.0242465351955303
2011-07-29,0.9816442310174537,1.0242197062054645
2011-08-01,0.9819617901328408,1.024551038365923
2011-08-02,0.9816621075872354,1.0248637186212703
2011-08-03,0.9818953267742803,1.0246202357757563
2011-08-04,0.9815188681335009,1.02501307514545
2011-08-05,0.981572153589999,1.0249574284417555
2011-08-08,0.9820233497148388,1.0244862895467215
2011-08-09,0.9811457742839637,1.0254018115628076
2011-08-10,0.9818081401041395,1.024709568748613
2011-08-11,0.981478461492068,1.025053653111537
2011-08-15,0.9804929700293061,1.0265024358935668
2011-08-16,0.9804160622257179,1.0265829525827586
2011-08-17,0.98051518214466,1.0264791651980267
2011-08-18,0.9802066022008417,1.0268022105612151
2011-08-19,0.9808512157642244,1.0261269543138556
2011-08-22,0.9797701884598774,1.0272578814488904
2011-08-23,0.97921766765209,1.027837181943179
2011-08-24,0.978672304701991,1.0284096229195656
2011-08-25,0.9788326208963245,1.028241159261025
2011-08-26,0.9790481752394841,1.0280147243803697
2011-08-29,0.9785224416690482,1.02856675222249
2011-08-30,0.9785224416690482,1.0301277907456414
2011-08-31,0.9785224416690482,1.0300246746732635
2011-09-01,0.9785224416690482,1.0299410539071983
2011-09-02,0.9786561366007795,1.029800333681452
2011-09-05,0.9791236617820792,1.0293083758121855
2011-09-06,0.9785984244445287,1.0298605340450344
2011-09-07,0.9790105925888446,1.0294267752174924
2011-09-08,0.97916788920451,1.0292613782860975
2011-09-09,0.9781872905550406,1.0302921436212622
2011-09-12,0.9778801945083909,1.03061559767475
2011-09-13,0.9773513372293062,1.0311729753206307
2011-09-14,0.977257149087679,1.0312723502972045
2011-09-15,0.9774860114113495,1.0310308382380227
2011-09-16,0.9767616778894124,1.0317948493743134
2011-09-19,0.97667464406764,1.0318867868971084
2011-09-20,0.9766420495936802,1.0319212239608835
2011-09-21,0.9761335108408342,1.0324585466498732
2011-09-22,0.9757285186962308,1.0328869077258718
2011-09-23,0.9761315327931057,1.0324602849754707
2011-09-26,0.9758073099845129,1.032803217420648
2011-09-27,0.9761782718404014,1.032410588061981
2011-09-28,0.9762926283411748,1.03228964410572
2011-09-29,0.9762926283411748,1.0332321089893823
2011-09-30,0.9762926283411748,1.033473181420111
2011-10-03,0.9762926283411748,1.0328741424988412
2011-10-04,0.9762926283411748,1.0331918844017522
2011-10-05,0.9762926283411748,1.0334976557322988
2011-10-06,0.9762926283411748,1.033362927286568
2011-10-07,0.9762926283411748,1.0331887068519012
2011-10-10,0.9762926283411748,1.0333223082137237
2011-10-12,0.9762926283411748,1.0330043503230255
2011-10-13,0.9762926283411748,1.0325265778928847
2011-10-14,0.9762926283411748,1.0321690688769365
2011-10-17,0.9762926283411748,1.0322930372366492
2011-10-18,0.9762926283411748,1.0326784992519564
2011-10-19,0.9762926283411748,1.0330388830259478
2011-10-20,0.9762926283411748,1.032892366144007
2011-10-21,0.9762926283411748,1.0327526113479466
2011-10-24,0.9762926283411748,1.0325353858787345
2011-10-25,0.9762926283411748,1.0325455468812554
2011-10-26,0.9762926283411748,1.033773701899802
2011-10-27,0.9762926283411748,1.0338041152895592
2011-10-28,0.9769655519386051,1.0345166794983875
2011-10-31,0.9769394808011984,1.034489072561329
2011-11-01,0.9770999989030441,1.0346590464702259
2011-11-02,0.9775095113940772,1.034225410400258
2011-11-03,0.9784012804249402,1.0332819002029903
2011-11-04,0.9781887867891059,1.0335063130611997
2011-11-07,0.977761760669821,1.0339574879224158
2011-11-08,0.9778451339456123,1.033869322863948
2011-11-09,0.9777202464154052,1.03400136564026
2011-11-10,0.9772368125593318,1.0345126277003527
2011-11-11,0.9775682434482557,1.0341617716587104
2011-11-14,0.9773682725521602,1.0343733193000872
2011-11-15,0.9767879166788408,1.0349875244548066
2011-11-16,0.9766234902057785,1.035161747892058
2011-11-17,0.9764728000633747,1.0353214703160682
2011-11-18,0.9766483217525399,1.0351353705360364
2011-11-21,0.9762582097120756,1.0355488446213983
2011-11-22,0.9755476745901438,1.0363025323417774
2011-11-23,0.9748893430733452,1.0370018632261089
2011-11-24,0.9749034814788466,1.0369868240291455
2011-11-25,0.9750664983657418,1.0368134259779374
2011-11-28,0.9751803182097063,1.0366923983941132
2011-11-29,0.9756346328890813,1.0362094266136208
2011-11-30,0.9760018775116568,1.0365994725662322
2011-12-01,0.9758637496604877,1.0364527686909961
2011-12-02,0.976728651723725,1.0373713704306353
2011-12-05,0.9769350100036112,1.037590540996818
2011-12-06,0.9768175719285132,1.0374658114757886
2011-12-07,0.9768142933670025,1.0374623293563265
2011-12-09,0.9768009120171656,1.0378964360363325
2011-12-12,0.9771507481716912,1.0382681532342917
2011-12-13,0.9776016200898486,1.0387472256340073
2011-12-14,0.977541960799303,1.0386838348608498
2011-12-15,0.9776007049387441,1.0387462532433613
2011-12-16,0.9775804443844968,1.0387247254614083
2011-12-19,0.9777587180445734,1.0389141495233192
2011-12-20,0.9779770904067422,1.039146180322672
2011-12-21,0.9786015693670047,1.0398097182854875
2011-12-22,0.9784866368445025,1.0396875971305806
2011-12-23,0.978613003064705,1.0398218671214967
2011-12-26,0.978905966258226,1.0401331541511303
2011-12-27,0.9791896482969356,1.040434579521768
2011-12-28,0.9802737524605842,1.0415864906572927
2011-12-29,0.9797774424025393,1.0410591381189438
2011-12-30,0.9800792679837278,1.0413798418479905
2012-01-02,0.9805776220055217,1.0419093661929628
2012-01-03,0.9802403324489032,1.0415509803392848
2012-01-04,0.9802434562799198,1.0415542995551446
2012-01-05,0.9796893391615219,1.0409655243244331
2012-01-06,0.979710035619424,1.0409875152743093
2012-01-09,0.9795093780162792,1.040774307230986
2012-01-10,0.9802745004423862,1.0415872854227735
2012-01-11,0.9799549710633562,1.0412477705844638
2012-01-12,0.9802497530470204,1.0415609901632839
2012-01-13,0.9805795206083014,1.0419113835467904
2012-01-16,0.9807784326627624,1.0421227368633872
2012-01-17,0.9815093805918264,1.0428994030613505
2012-01-18,0.9814417194983495,1.0428275100001196
2012-01-19,0.9818346922542166,1.0432450618448774
2012-01-20,0.9824853896135871,1.0439364580771293
2012-01-23,0.9832094419869828,1.0447057974262288
2012-01-24,0.9827088428861299,1.0441738875802549
2012-01-25,0.9829618978065235,1.0444427702120858
2012-01-26,0.9824311981360216,1.0438788771097727
2012-01-27,0.9827085876458865,1.0441736163756157
2012-01-30,0.9834547350877498,1.044966432763418
2012-01-31,0.9837633777726021,1.0452943799824224
2012-02-01,0.9833608079357126,1.0448666307923642
2012-02-02,0.9833608079357126,1.0450146664784978
2012-02-03,0.9833608079357126,1.0452485859734066
2012-02-07,0.9833608079357126,1.0453950331236326
2012-02-08,0.9833608079357126,1.0443930254919822
2012-02-09,0.9833608079357126,1.0437723600754514
2012-02-10,0.9833608079357126,1.0440768025144367
2012-02-13,0.9833608079357126,1.0450808516274974
2012-02-14,0.9830987011055065,1.0453594094336645
2012-02-15,0.9830358075293919,1.0454262861282528
2012-02-16,0.9825693224537029,1.0459223776810491
2012-02-17,0.9816950345653923,1.0468530369699387
2012-02-20,0.9816829049861489,1.0468659716252249
2012-02-21,0.9816881601836562,1.0468603674862338
2012-02-22,0.9814563690123188,1.0471075467847608
2012-02-23,0.9810732691853549,1.0475162727685654
2012-02-24,0.9805295409674677,1.0480968248782698
2012-02-27,0.9797915115471265,1.048885711148196
2012-02-28,0.980047072153321,1.0486121285900591
2012-02-29,0.9796758126302914,1.0482148953858947
2012-03-01,0.9804763621299831,1.0490714521154292
2012-03-02,0.9798354559731078,1.0497571966969736
2012-03-05,0.9788769179654088,1.050784136644651
2012-03-06,0.9786629691294414,1.0510138019261202
2012-03-07,0.9785494062005842,1.0511357603626617
2012-03-08,0.9778418911091664,1.0518957571588101
2012-03-09,0.9773229154348118,1.0524540358691885
2012-03-12,0.9771137341504945,1.0526792978408779
2012-03-13,0.9771876302779281,1.0525996869206533
2012-03-14,0.976819209831261,1.052996539310922
2012-03-15,0.9765179223708456,1.053321322699662
2012-03-16,0.9765307802422749,1.053307453553146
2012-03-19,0.9762304702540748,1.0536313744733539
2012-03-20,0.9760154386585685,1.0538634549527404
2012-03-21,0.9769345807841033,1.0528710010860884
2012-03-22,0.9770028008182744,1.0527974783578684
2012-03-23,0.9762907306103763,1.0535647900980813
2012-03-26,0.9764282248624505,1.053416413084673
2012-03-27,0.9766053596764236,1.0532253117670167
2012-03-28,0.9757649205390273,1.0541316878827474
2012-03-29,0.976071480804488,1.0538005067926448
2012-03-30,0.9767953567622935,1.0530189852891565
2012-04-02,0.9761183772595553,1.0537487924735371
2012-04-03,0.9754631253235886,1.054456156408462
2012-04-05,0.9755191304664786,1.0540198246898453
2012-04-06,0.9754824725074522,1.0540594325400041
2012-04-09,0.9755869083600766,1.0539465841817235
2012-04-10,0.9753303303727912,1.054223770653742
2012-04-11,0.9746029406256158,1.0550099981892982
2012-04-12,0.9747633386709921,1.054836366924187
2012-04-13,0.9752544340398039,1.0543049299752378
2012-04-16,0.9746314690873583,1.0549783901489531
2012-04-17,0.9742770596426807,1.0553620164910718
2012-04-18,0.9732874895591527,1.056433944305111
2012-04-19,0.9735859180540412,1.056110021522449
2012-04-20,0.9737809343014431,1.055898475104797
2012-04-23,0.973506376622099,1.0561961858369913
2012-04-24,0.9739788719372228,1.0556835566836096
2012-04-25,0.9737156970048025,1.0559688087118542
2012-04-26,0.9735764237566985,1.056119846849925
2012-04-27,0.9730282998386753,1.0567144427483384
2012-04-30,0.9727511706893756,1.057015406630499
2012-05-01,0.9728534452384754,1.057126540677275
2012-05-02,0.9728534452384754,1.0573501800685308
2012-05-03,0.9728534452384754,1.057485943403398
2012-05-04,0.9728534452384754,1.0578587110935995
2012-05-07,0.9728534452384754,1.0581273908387814
2012-05-08,0.9728534452384754,1.0584306400902501
2012-05-09,0.9728534452384754,1.0592103820586027
2012-05-10,0.9728534452384754,1.0587877957249994
2012-05-11,0.9728534452384754,1.0583890815559074
2012-05-14,0.9728534452384754,1.058992316887179
2012-05-15,0.9728534452384754,1.0589569292022918
2012-05-16,0.9728534452384754,1.0594618525347201
2012-05-17,0.9728534452384754,1.059414851484967
2012-05-18,0.9728534452384754,1.059355966729477
2012-05-21,0.9728534452384754,1.0598717849979877
2012-05-22,0.9728534452384754,1.060227275711266
2012-05-23,0.9728534452384754,1.0604221264064257
2012-05-24,0.9728534452384754,1.0608150293288847
2012-05-25,0.9728534452384754,1.0614811596580513
2012-05-28,0.9728534452384754,1.0615339712156686
2012-05-29,0.9728534452384754,1.0618231724423681
2012-05-30,0.9726166816466614,1.061564756265287
2012-05-31,0.9721950145718646,1.0611045267484296
2012-06-04,0.9721950145718646,1.0619979717732004
2012-06-05,0.9721950145718646,1.0623600216142877
2012-06-06,0.9721950145718646,1.0624978741183564
2012-06-07,0.9721950145718646,1.0626166979651868
2012-06-08,0.9721950145718646,1.0626877544789322
2012-06-11,0.9721950145718646,1.0628534552556348
2012-06-12,0.9721950145718646,1.0639238143397782
2012-06-13,0.9721950145718646,1.0638881517927514
2012-06-14,0.9721950145718646,1.0637502713937008
2012-06-15,0.9721950145718646,1.0642675753962718
2012-06-18,0.9721950145718646,1.0645106604891483
2012-06-19,0.9721950145718646,1.0641150406002267
2012-06-20,0.9721950145718646,1.0644312349210145
2012-06-21,0.9721950145718646,1.0639350654898347
2012-06-22,0.9721950145718646,1.0632478138128159
2012-06-25,0.9721950145718646,1.0641622931124262
2012-06-26,0.9721950145718646,1.0651815170937455
2012-06-27,0.9721950145718646,1.0652601986231969
2012-06-28,0.9721950145718646,1.0651310312419993
2012-06-29,0.9721950145718646,1.0657753978256963
2012-07-02,0.9721950145718646,1.0655915677026544
2012-07-03,0.9721950145718646,1.0662942997992109
2012-07-04,0.9721950145718646,1.0662831181693346
2012-07-05,0.9721950145718646,1.066901032728056
2012-07-06,0.9721950145718646,1.0663157792023925
2012-07-09,0.9721950145718646,1.0654326873588302
2012-07-10,0.9721950145718646,1.0657312582826748
2012-07-11,0.9721950145718646,1.0663510363410458
2012-07-12,0.9721950145718646,1.0658948265131414
2012-07-13,0.9721950145718646,1.066281715907312
2012-07-16,0.9721950145718646,1.0667405389106182
2012-07-17,0.9721950145718646,1.0670977766677736
2012-07-18,0.9721950145718646,1.0681131133960784
2012-07-19,0.9721950145718646,1.0684869657132836
2012-07-20,0.9721950145718646,1.0690895567048926
2012-07-23,0.9721950145718646,1.0693558178591953
2012-07-24,0.97201084925193,1.0691532471266076
2012-07-25,0.972806511216308,1.0700284272477807
2012-07-26,0.9724473873650173,1.0696334126941638
2012-07-27,0.9723301386256129,1.0695044461599401
2012-07-30,0.9726448476117776,1.0698506070435525
2012-08-01,0.972689386392696,1.0695921382542328
2012-08-02,0.9727772268190245,1.0694955468544127
2012-08-03,0.9733893865601869,1.0688225231660626
2012-08-06,0.9730573440705739,1.0691871197976333
2012-08-07,0.9727888086284407,1.0694821842536877
2012-08-08,0.9722403202647364,1.070085191327833
2012-08-09,0.971860992426989,1.0705026941749907
2012-08-10,0.9729479220163803,1.0693054436804357
2012-08-13,0.9731576665454961,1.069074926751738
2012-08-14,0.9722182017381742,1.0701069879527136
2012-08-15,0.9719154109386279,1.0704402655542882
2012-08-16,0.9716757927810903,1.0707041742456203
2012-08-17,0.9720357547834435,1.0703075266998516
2012-08-20,0.9720604307176317,1.0702803560551917
2012-08-21,0.9718922221711868,1.070465560901816
2012-08-22,0.971575086606711,1.0708148616701154
2012-08-23,0.9718669348302997,1.070493203139057
2012-08-24,0.9713915065381452,1.0710168784870822
2012-08-27,0.9703358175731314,1.0721808383244413
2012-08-28,0.9700308664445904,1.0725177966750719
2012-08-29,0.9697257843041636,1.0728551117403695
2012-08-30,0.9697257843041636,1.0732204544682038
2012-08-31,0.9697257843041636,1.0716712297353195
2012-09-03,0.9697257843041636,1.071191238767901
2012-09-04,0.9697257843041636,1.07188768256849
2012-09-05,0.9697257843041636,1.0714557828455709
2012-09-06,0.9697257843041636,1.0714981668434702
2012-09-07,0.9697257843041636,1.0719310563963245
2012-09-10,0.9697257843041636,1.07186695067586
2012-09-11,0.9697257843041636,1.0713018737938764
2012-09-12,0.9697257843041636,1.0723886494202295
2012-09-13,0.9697257843041636,1.0725040521937637
2012-09-14,0.9697257843041636,1.073538197297462
2012-09-17,0.9697257843041636,1.0737124775971159
2012-09-18,0.9697257843041636,1.0742326039386356
2012-09-19,0.9697257843041636,1.0748206912971034
2012-09-20,0.9697257843041636,1.0751639901873375
2012-09-21,0.9697257843041636,1.0749112350940362
2012-09-24,0.9697257843041636,1.0748062636033562
2012-09-25,0.9697257843041636,1.0758530713839658
2012-09-26,0.9697257843041636,1.0758342379617893
2012-09-28,0.9697257843041636,1.0776755557394075
2012-10-01,0.9697257843041636,1.077760866799788
2012-10-02,0.9691502876967959,1.0784004782574146
2012-10-03,0.9700828737173149,1.0773627638561385
2012-10-04,0.9699434658673012,1.0775175885939656
2012-10-05,0.9692432239404536,1.0782954926873496
2012-10-08,0.9686919588223167,1.0789087821873227
2012-10-09,0.9690615224551217,1.078497169965936
2012-10-10,0.9697080644904313,1.077777614252302
2012-10-11,0.9692945930810198,1.0782371651682068
2012-10-12,0.9684195636517263,1.079210542362318
2012-10-15,0.9691870019216821,1.0783553061582645
2012-10-16,0.9695188777870999,1.0779860481102825
2012-10-17,0.9688030341419066,1.0787819784215191
2012-10-18,0.9689287156702866,1.0786420294710526
2012-10-19,0.9680044389416335,1.0796709634991846
2012-10-22,0.9678095956874514,1.0798882833744985
2012-10-23,0.9676445965477022,1.0800723904949239
2012-10-24,0.9679400466515522,1.079742612908116
2012-10-25,0.9676604387209504,1.0800545171408444
2012-10-26,0.9679462686500934,1.0797354879713634
2012-10-29,0.9676796293362168,1.0800329217639257
2012-10-30,0.9675029960830263,1.0798357803518916
2012-10-31,0.9683094831097122,1.0807359052624406
2012-11-01,0.9685144473530025,1.0809646670590383
2012-11-02,0.9685144473530025,1.0812239695001236
2012-11-05,0.9685144473530025,1.0808340277965027
2012-11-06,0.9685144473530025,1.0807581800963215
2012-11-07,0.9685144473530025,1.0811226858234066
2012-11-08,0.9685144473530025,1.0812461156890076
2012-11-09,0.9685144473530025,1.0820137919115616
2012-11-12,0.9685144473530025,1.0822287866454539
2012-11-13,0.9685144473530025,1.0823590406547325
2012-11-14,0.9685144473530025,1.0811938454904277
2012-11-15,0.9685144473530025,1.0819406823392876
2012-11-16,0.9685144473530025,1.081362402473636
2012-11-19,0.9685144473530025,1.0809493180931677
2012-11-20,0.9685144473530025,1.0810353695565673
2012-11-21,0.9685144473530025,1.080575142330084
2012-11-22,0.9685144473530025,1.080595730837627
2012-11-23,0.9685144473530025,1.0808579303600918
2012-11-27,0.9685144473530025,1.081257841075458
2012-11-28,0.9685144473530025,1.081007222403326
2012-11-29,0.9685144473530025,1.0817219405963718
2012-11-30,0.9685144473530025,1.082717664176579
2012-12-03,0.9685144473530025,1.0831328504755204
2012-12-04,0.9685144473530025,1.0840840618035479
2012-12-05,0.9685144473530025,1.0840782397501327
2012-12-06,0.9685144473530025,1.0837631657041458
2012-12-07,0.9685144473530025,1.0841521900525048
2012-12-10,0.9685144473530025,1.084137859955153
2012-12-11,0.9685144473530025,1.0840673971843295
2012-12-12,0.9685144473530025,1.0840944824986345
2012-12-13,0.9685144473530025,1.0850881311312692
2012-12-14,0.9685144473530025,1.085583959277374
2012-12-17,0.9685144473530025,1.0856419275995963
2012-12-18,0.9685144473530025,1.0850445048473827
2012-12-19,0.9685144473530025,1.0856548746127188
2012-12-20,0.9685144473530025,1.0864419593945775
2012-12-21,0.9685144473530025,1.0861283026471178
2012-12-24,0.9685144473530025,1.0863145705835948
2012-12-25,0.9685144473530025,1.087136236586927
2012-12-26,0.9685144473530025,1.0877414633233202
2012-12-27,0.9685144473530025,1.0879243617607595
2012-12-28,0.969299134333818,1.088805794232024
2012-12-31,0.9703253618885147,1.0899585472554982
2013-01-01,0.9700314946769448,1.0896284486189076
2013-01-02,0.9700314946769448,1.089270853461105
2013-01-03,0.9700314946769448,1.088912909441875
2013-01-04,0.9700314946769448,1.0896583392854466
2013-01-07,0.9700314946769448,1.0896241981295545
2013-01-08,0.9700314946769448,1.089424486203705
2013-01-09,0.9700314946769448,1.0894798517965016
2013-01-10,0.9700314946769448,1.0891170505392058
2013-01-11,0.9700314946769448,1.0896655900629124
2013-01-14,0.9700314946769448,1.0901199737460787
2013-01-15,0.9700314946769448,1.0896589852747558
2013-01-16,0.9700314946769448,1.0892978249696637
2013-01-17,0.9700314946769448,1.0892078659644808
2013-01-18,0.9700314946769448,1.0890957861776212
2013-01-21,0.9700314946769448,1.0893671843035484
2013-01-22,0.9700314946769448,1.0890084680575167
2013-01-24,0.9700314946769448,1.0897974381650455
2013-01-25,0.9700314946769448,1.0895500323592757
2013-01-28,0.9700314946769448,1.0893290524300252
2013-01-29,0.9700314946769448,1.0903567949349764
2013-01-30,0.9704991662841316,1.0908824777787731
2013-01-31,0.9706703810762128,1.0910749305114562
2013-02-01,0.971085095762566,1.0915410875163636
2013-02-04,0.9711253729446194,1.0915863607877716
2013-02-05,0.9712646586891119,1.0917429239084315
2013-02-06,0.9705618219423777,1.090952905412396
2013-02-07,0.970264165554242,1.090618326930006
2013-02-08,0.970269884816921,1.09062475562532
2013-02-11,0.9703860162765683,1.0907552923417327
2013-02-12,0.9712926806484924,1.0917744217865784
2013-02-13,0.9713512736722395,1.0918402828456564
2013-02-14,0.9708163997171221,1.0912390616950067
2013-02-15,0.971466256624464,1.0919695285907147
2013-02-18,0.9721575757133561,1.0927466007478337
2013-02-19,0.9725486208722489,1.0931861521938073
2013-02-20,0.9734589340432902,1.0942093830445687
2013-02-21,0.973953915089765,1.0947657628635226
2013-02-22,0.9744014941424131,1.0952688608185923
2013-02-25,0.975145262039643,1.0961048876744721
2013-02-26,0.9756353850980369,1.0966558069075143
2013-02-27,0.9753207920528878,1.0963021908998898
2013-02-28,0.9754499670129481,1.0964473890673825
2013-03-01,0.9748852994226798,1.095812678599416
2013-03-04,0.9748852994226798,1.0958340585688882
2013-03-05,0.9748852994226798,1.0956784387003033
2013-03-06,0.9748852994226798,1.0964308282809787
2013-03-07,0.9748852994226798,1.0961356322563682
2013-03-08,0.9748852994226798,1.0972534964691927
2013-03-11,0.9748852994226798,1.0972581031275872
2013-03-12,0.9748852994226798,1.0974548911030186
2013-03-13,0.9748852994226798,1.0972952970239371
2013-03-14,0.9748852994226798,1.0985377097011317
2013-03-15,0.9748852994226798,1.099324282618677
2013-03-18,0.9748852994226798,1.0991018824367773
2013-03-19,0.9748852994226798,1.1000487310542786
2013-03-20,0.9748852994226798,1.100031446762214
2013-03-21,0.9748852994226798,1.101179691871296
2013-03-25,0.9748852994226798,1.1014058767798531
2013-03-26,0.9748852994226798,1.1015593350584105
2013-03-27,0.9748852994226798,1.1012612736194505
2013-03-28,0.9748852994226798,1.1017081654584076
2013-03-29,0.9748852994226798,1.100977728918668
2013-04-01,0.9750149868119293,1.1011241901765922
2013-04-02,0.9756325820526738,1.101821665670323
2013-04-03,0.9760179778757324,1.1022569088915073
2013-04-04,0.9770269773635005,1.103396413164657
2013-04-05,0.9768080185537443,1.1031491340506578
2013-04-08,0.9772228741306124,1.1036176473733226
2013-04-09,0.9771255894409797,1.1035077798056059
2013-04-10,0.9771490984521239,1.103534329490696
2013-04-11,0.9769219329424966,1.1032777822158257
2013-04-12,0.9770596832623376,1.1034333492701103
2013-04-15,0.977527267756456,1.1039614115095522
2013-04-16,0.9771801764942689,1.1035694271911953
2013-04-17,0.977122813216739,1.103504644502344
2013-04-18,0.9771658427421975,1.103553239500385
2013-04-19,0.9771061232351207,1.1034857958254087
2013-04-22,0.9778065456882767,1.1042768114681885
2013-04-23,0.9776059652397692,1.104050287787101
2013-04-24,0.9775962392443687,1.1040393038238245
2013-04-25,0.978364783553446,1.104907252256817
2013-04-26,0.9781801492757909,1.1046987372368309
2013-04-29,0.97841815983999,1.1049675322741401
2013-04-30,0.9784678818379654,1.105023685354344
2013-05-01,0.9786803036197147,1.1052635819360053
2013-05-02,0.9789501100704839,1.1049588785072109
2013-05-03,0.979013439408625,1.1048873975259748
2013-05-06,0.9783342068363421,1.1056539605565678
2013-05-07,0.9786801978700967,1.1052629424830764
2013-05-08,0.9787743606556519,1.105156600658994
2013-05-09,0.9784450245510977,1.1055284616153227
2013-05-10,0.9790225358109382,1.104875941423961
2013-05-13,0.9792863404568641,1.104578224675002
2013-05-14,0.9792677105038202,1.1045992381820926
2013-05-15,0.9789482095004631,1.1049596305049694
2013-05-16,0.979158826261671,1.104721902894475
2013-05-17,0.9786132150473063,1.1053374809220713
2013-05-20,0.9783237780337852,1.105664398211243
2013-05-22,0.979057613452142,1.1053135604205473
2013-05-23,0.9784793486968425,1.1059663962360948
2013-05-24,0.978982967266475,1.105397160702125
2013-05-27,0.9792213196286222,1.1051280303564768
2013-05-28,0.9779567680101677,1.106555175999013
2013-05-29,0.9778365272273812,1.1066912280873167
2013-05-30,0.9778365272273812,1.107702910385008
2013-05-31,0.9778365272273812,1.107420886152659
2013-06-03,0.9778365272273812,1.1071278005929381
2013-06-04,0.9778365272273812,1.107562385759383
2013-06-05,0.9778365272273812,1.1079319786370285
2013-06-06,0.9778365272273812,1.1072029552036635
2013-06-07,0.9778365272273812,1.1077999905045666
2013-06-10,0.9778365272273812,1.1085386892648712
2013-06-11,0.9778365272273812,1.108336658747384
2013-06-12,0.9778365272273812,1.1080211287064303
2013-06-13,0.9778365272273812,1.1083748096399504
2013-06-14,0.9778365272273812,1.1080548915669606
2013-06-17,0.9778365272273812,1.1077952754134925
2013-06-18,0.9778365272273812,1.1078949350234024
2013-06-19,0.9778365272273812,1.108572317591314
2013-06-20,0.9778365272273812,1.1080287943225005
2013-06-21,0.9778365272273812,1.1075675449439653
2013-06-24,0.9778365272273812,1.107848899851982
2013-06-25,0.9778365272273812,1.1085805138313292
2013-06-26,0.9778365272273812,1.107924467826662
2013-06-27,0.9778365272273812,1.1086842707116344
2013-06-28,0.9782210102112417,1.1091202027152907
2013-07-01,0.9785817730777882,1.1095292405293422
2013-07-02,0.9785817730777882,1.109332263231044
2013-07-03,0.9785817730777882,1.1094761873649799
2013-07-04,0.9785817730777882,1.1095790119759035
2013-07-05,0.9785817730777882,1.1099211658817116
2013-07-08,0.9785817730777882,1.1101669990864202
2013-07-09,0.9785817730777882,1.1102937998289846
2013-07-10,0.9785817730777882,1.111316383558165
2013-07-11,0.9785817730777882,1.111985978470024
2013-07-12,0.9785817730777882,1.1125064707440793
2013-07-15,0.9785817730777882,1.1133572024645697
2013-07-16,0.9785817730777882,1.1130177792319298
2013-07-17,0.9785817730777882,1.1132796188812597
2013-07-19,0.9785817730777882,1.1122102810893422
2013-07-22,0.9785817730777882,1.1133451031800707
2013-07-23,0.9785817730777882,1.1136739580837938
2013-07-24,0.9785817730777882,1.1138732073720943
2013-07-25,0.9785817730777882,1.1144028570077325
2013-07-26,0.9785817730777882,1.1145281568095016
2013-07-29,0.9785817730777882,1.114973428394074
2013-07-30,0.9788923561333283,1.1153272995408332
2013-07-31,0.9789131130723234,1.1153509495168201
2013-08-01,0.9786477566581189,1.1150486085586788
2013-08-02,0.9789776903363959,1.1154245273572216
2013-08-05,0.9786032577206623,1.1149979074990222
2013-08-06,0.9787754133079622,1.115194057591605
2013-08-07,0.9789651774353274,1.1154102704472861
2013-08-08,0.9789038683271828,1.1153404162681255
2013-08-09,0.9791662635653943,1.1156393833308604
2013-08-12,0.979321556574544,1.1158163205920897
2013-08-13,0.9798418973986336,1.1164091848866533
2013-08-14,0.9802334134712707,1.1168552692403466
2013-08-15,0.980860646114592,1.1175699236003243
2013-08-16,0.9815382774657326,1.1183420010817924
2013-08-19,0.9817887800784426,1.1186274179622198
2013-08-20,0.9823896332120742,1.1193120161192645
2013-08-21,0.9823573963506608,1.1192752861853135
2013-08-22,0.982195782971992,1.1190911476413041
2013-08-23,0.9825522864690934,1.1194973394766043
2013-08-26,0.9826072558987683,1.1195599703728132
2013-08-27,0.9827130445251195,1.1196805034857864
2013-08-28,0.9823978090169871,1.1193213314421988
2013-08-29,0.982567994505897,1.119515236850263
2013-08-30,0.9826319868163611,1.1195881482080585
2013-09-02,0.9832822722665634,1.120329068402767
2013-09-03,0.9837223553639737,1.1208304889006724
2013-09-04,0.9839706356264746,1.1211133736866954
2013-09-05,0.9840883833717698,1.121247532743066
2013-09-06,0.9842674876106645,1.1214515999684878
2013-09-09,0.9846035566694704,1.1218345092776358
2013-09-10,0.9851729880473016,1.1224833062132038
2013-09-11,0.9850139294596544,1.122302078538968
2013-09-12,0.9848351445193957,1.1220983751150235
2013-09-13,0.9847991131523417,1.1220573218091485
2013-09-17,0.9850837040763786,1.1221418915482102
2013-09-18,0.9852741157533678,1.1223587958767514
2013-09-19,0.9852741157533678,1.1227931373266993
2013-09-20,0.9852741157533678,1.122397782897898
2013-09-23,0.9852741157533678,1.1233926056965193
2013-09-24,0.9852949508510699,1.1234163615166746
2013-09-25,0.9854229604309361,1.1235623158386048
2013-09-26,0.9856397808890396,1.1238095307968612
2013-09-27,0.984435448638795,1.1224363718727661
2013-09-30,0.9843005238246313,1.1222825329195927
2013-10-01,0.9848859777728036,1.122950057444836
2013-10-02,0.9846252094635589,1.1232473809873116
2013-10-03,0.9837995936257312,1.1241892325858978
2013-10-04,0.9834951068095822,1.1245371701154485
2013-10-07,0.983022516802339,1.1250775337895438
2013-10-08,0.9831440599151173,1.1249384266752749
2013-10-09,0.9830373870570464,1.125060484471299
2013-10-10,0.9830231365388669,1.1250767938152753
2013-10-11,0.9825668689857767,1.1255989951925083
2013-10-14,0.9832148982660616,1.1248566323775508
2013-10-15,0.9829667871238769,1.1251404863593664
2013-10-16,0.9836951178510694,1.1243068118147548
2013-10-17,0.9837990314913886,1.1241880445142658
2013-10-18,0.9834709898502625,1.1245628979947553
2013-10-21,0.9837591838067109,1.1242333588073334
2013-10-22,0.9836859642261319,1.1243170336500794
2013-10-23,0.9826271263583539,1.1255272465573591
2013-10-24,0.9825415515922736,1.1256252661705548
2013-10-25,0.982755290090485,1.125380401764006
2013-10-28,0.9828517030416762,1.1252699966134658
2013-10-29,0.9821797207600695,1.1260393512347255
2013-10-30,0.9822867336247832,1.126162038248323
2013-10-31,0.9817132000338379,1.1255044993285013
2013-11-01,0.9817746334303621,1.1255749308600267
2013-11-04,0.9819017240708071,1.1257206364363992
2013-11-05,0.9814946341512546,1.125253920152996
2013-11-06,0.9821241760416831,1.1259756708946267
2013-11-07,0.9822142494752701,1.1260789373626425
2013-11-08,0.982653976646941,1.126583071268732
2013-11-11,0.982653976646941,1.1259173406169305
2013-11-12,0.982653976646941,1.1260714871655582
2013-11-14,0.982653976646941,1.1265857178501162
2013-11-15,0.982653976646941,1.1254704409242224
2013-11-18,0.982653976646941,1.1251123228928053
2013-11-19,0.982653976646941,1.1245490765052095
2013-11-20,0.982653976646941,1.124843725877849
2013-11-21,0.982653976646941,1.1249892526978411
2013-11-22,0.982653976646941,1.1265331332579367
2013-11-25,0.982653976646941,1.1262349831296479
2013-11-26,0.982653976646941,1.127161258119204
2013-11-27,0.982653976646941,1.12771618588695
2013-11-28,0.982653976646941,1.128171263669427
2013-11-29,0.982653976646941,1.128227191986321
2013-12-02,0.982653976646941,1.128866385410685
2013-12-03,0.982653976646941,1.1295067014213924
2013-12-04,0.982653976646941,1.129512256131635
2013-12-05,0.982653976646941,1.1295950466302482
2013-12-06,0.982653976646941,1.129468981122322
2013-12-09,0.982653976646941,1.1298842245948855
2013-12-10,0.982653976646941,1.1298169380591665
2013-12-11,0.982653976646941,1.1293963313413267
2013-12-12,0.982653976646941,1.1300414642399395
2013-12-13,0.982653976646941,1.1304763871792955
2013-12-16,0.982653976646941,1.130827008197815
2013-12-17,0.982653976646941,1.1301037901497353
2013-12-18,0.982653976646941,1.1303315129856002
2013-12-19,0.982653976646941,1.1305791706555837
2013-12-20,0.982653976646941,1.130206423160607
2013-12-23,0.982653976646941,1.131399949199785
2013-12-24,0.982653976646941,1.131630245749071
2013-12-25,0.982653976646941,1.1316486490084623
2013-12-26,0.982653976646941,1.1323492229113288
2013-12-27,0.982653976646941,1.132865620441977
2013-12-30,0.9831248311559506,1.1334084512839253
2013-12-31,0.982960934320655,1.133219500651843
2014-01-01,0.9823921934436813,1.132563820217249
2014-01-02,0.9824065677420724,1.1325472486174264
2014-01-03,0.982506839377177,1.1324316525208804
2014-01-06,0.9812066638967047,1.1339302271963012
2014-01-07,0.9808242005941781,1.1343722204230962
2014-01-08,0.9805831108648838,1.1346510527473548
2014-01-09,0.980049988161259,1.1352679389961686
2014-01-13,0.9797027666056375,1.135985140178008
2014-01-14,0.9798823077887086,1.1357769585509156
2014-01-15,0.9799773150266321,1.1356668361098108
2014-01-16,0.9788242444566735,1.1370030956190023
2014-01-17,0.9782379958327085,1.137684082531643
2014-01-20,0.9782226934893383,1.1377018790520723
2014-01-21,0.9780853549270625,1.1378616078555517
2014-01-22,0.9768661434110236,1.139279985064624
2014-01-23,0.9767628287445151,1.139400476835693
2014-01-24,0.9771098751063144,1.1389956448964733
2014-01-27,0.9778417787687907,1.1381424807792304
2014-01-28,0.9779541328503946,1.1380117081369292
2014-01-29,0.978168508943697,1.1377622460242105
2014-01-30,0.97806925654885,1.137646800038522
2014-01-31,0.9788070445458801,1.1385049623294927
2014-02-03,0.9786622952006747,1.138336596308091
2014-02-04,0.9787590058203457,1.138449085813575
2014-02-05,0.9783523522541792,1.1379760844129319
2014-02-06,0.9770881724042778,1.1365056464543888
2014-02-07,0.9779635765056656,1.137523877697234
2014-02-10,0.9777131782082096,1.1372326254981402
2014-02-11,0.9780066888732589,1.137574024091987
2014-02-12,0.9780073739409494,1.1375748209323546
2014-02-13,0.9785248395619283,1.1381767140027022
2014-02-14,0.9788707414911776,1.1385790517924883
2014-02-17,0.9795031781419619,1.1393146740678786
2014-02-18,0.979266105388868,1.1390389215512469
2014-02-19,0.980072946321747,1.1399774031559837
2014-02-20,0.9799595749985051,1.1398455346586982
2014-02-21,0.9805108563100805,1.1404867606412505
2014-02-24,0.9812498750440186,1.1413463544708324
2014-02-25,0.9815312315409976,1.1416736158751912
2014-02-26,0.981173918681077,1.1412580053967107
2014-02-27,0.9813900987613563,1.141509456482526
2014-02-28,0.9814757249322235,1.1416090530485508
2014-03-03,0.982010731773207,1.1422313492883807
2014-03-04,0.9816503006693609,1.1418121118068023
2014-03-05,0.9815345138287738,1.141677433686824
2014-03-06,0.9810916243566473,1.1411622842867568
2014-03-07,0.9818975298230461,1.1420996777983545
2014-03-10,0.9820885828903027,1.1423219022565374
2014-03-12,0.9818562382862808,1.1423554193380476
2014-03-13,0.98242591348809,1.1430182165263458
2014-03-14,0.9823914197893846,1.1429780843133877
2014-03-17,0.9829020779591969,1.1435722172474845
2014-03-18,0.9833341977485887,1.144074973520721
2014-03-19,0.9835248733320149,1.144296817898308
2014-03-20,0.9834449001142253,1.1442037718543134
2014-03-21,0.9836959449642795,1.1444958537638372
2014-03-24,0.9836734981370724,1.1444697376648534
2014-03-25,0.9830087683013817,1.143696347732003
2014-03-26,0.9830098845830985,1.1436976464867687
2014-03-27,0.9830363973566366,1.143728493172212
2014-03-28,0.9833885154454647,1.1441381702627418
2014-03-31,0.9840018530123499,1.1448517670868938
2014-04-01,0.9839168545006337,1.1447528742890396
2014-04-02,0.9838867589968442,1.144717859222158
2014-04-03,0.9836675681990582,1.1444628383892133
2014-04-04,0.984127525237252,1.144997982328575
2014-04-07,0.9846069935301502,1.145555826930906
2014-04-08,0.9855723261253958,1.1466789576690346
2014-04-09,0.986096479469353,1.1472887917666197
2014-04-10,0.9860777304987318,1.147266977994541
2014-04-11,0.987097351194935,1.1484532710408732
2014-04-14,0.9872882240502503,1.1486753449374087
2014-04-15,0.9876177485646579,1.1490587351937005
2014-04-16,0.987685058351566,1.149137047778426
2014-04-17,0.9882018829334334,1.1497383551174452
2014-04-18,0.9881518597103595,1.14968015484561
2014-04-21,0.9896313627713713,1.15140150495143
2014-04-22,0.9898128225229353,1.1516126270307199
2014-04-23,0.9910758082461244,1.1530820667808301
2014-04-24,0.9904136566621884,1.1523116765537917
2014-04-25,0.9899803731313044,1.1518075663079994
2014-04-28,0.9899356961028617,1.151755586146779
2014-04-29,0.9893242115549941,1.1510441452454945
2014-04-30,0.9899957511477525,1.1518254580927059
2014-05-01,0.9893192782520593,1.151038405519939
2014-05-02,0.9895401112167187,1.1507814740832274
2014-05-05,0.9890951657902409,1.151298921479209
2014-05-06,0.98944398324103,1.150892900735426
2014-05-07,0.9887690480956843,1.1516779659643748
2014-05-09,0.98832239728327,1.1529828671321931
2014-05-12,0.988072421181668,1.153274490759394
2014-05-13,0.9875911307092822,1.1538362512260856
2014-05-14,0.9878071229380092,1.1535839001713435
2014-05-15,0.9874865853457435,1.1539582313512378
2014-05-16,0.9875648247244895,1.1538668022863172
2014-05-19,0.9869957645473759,1.1545316899275488
2014-05-20,0.9860107819108349,1.1556838667744642
2014-05-21,0.9857953470928776,1.155936373692261
2014-05-22,0.9847365428394639,1.1571779197725407
2014-05-23,0.9844674680044678,1.1574941134388446
2014-05-26,0.983938845436917,1.158115644906422
2014-05-27,0.984965267440308,1.1569075257373131
2014-05-28,0.9851131230043682,1.1567338594970529
2014-05-29,0.9848750916369141,1.1570133593188774
2014-05-30,0.9852879068356054,1.1565283915256297
2014-06-02,0.9849463671185886,1.1569292899603136
2014-06-03,0.9849590966628344,1.1569143376917663
2014-06-04,0.9847882144428167,1.1571150527174614
2014-06-05,0.9849809864560877,1.1568885477745434
2014-06-06,0.9852457751890897,1.1565775457785636
2014-06-09,0.985080667063636,1.156771365793157
2014-06-10,0.9851923652102177,1.1566401996644349
2014-06-11,0.9841253447214665,1.1578929081046712
2014-06-12,0.9832764683727366,1.1588916710258013
2014-06-13,0.9828084840418085,1.1594432383222104
2014-06-16,0.9830724954160529,1.1591317776381829
2014-06-17,0.9822369352066723,1.1601169790300834
2014-06-18,0.9832017663080418,1.1589774200270822
2014-06-19,0.9837089866142108,1.1583795194720043
2014-06-20,0.9831964876826333,1.1589830193628958
2014-06-23,0.9828985987821572,1.1593341680718605
2014-06-24,0.9826095856325513,1.159675060631658
2014-06-25,0.9817993446546612,1.1606313063969138
2014-06-26,0.9812942922159134,1.161228352702734
2014-06-27,0.9811623672033032,1.1613844680152237
2014-06-30,0.981787368746189,1.1621242712411282
2014-07-01,0.9818209836572479,1.162164060614327
2014-07-02,0.9813717817881311,1.162695772888701
2014-07-03,0.9804737933121429,1.1637596789684457
2014-07-04,0.9798179478522138,1.164538125579774
2014-07-08,0.9809184237103509,1.1634677267316225
2014-07-09,0.9807126836049956,1.1637117551512026
2014-07-10,0.9799248022894854,1.1646466535815492
2014-07-11,0.9798113198372054,1.164781528173946
2014-07-14,0.978972605024989,1.1657785767902427
2014-07-15,0.9793425217537449,1.1653380731486018
2014-07-16,0.978874619199679,1.165894839191804
2014-07-17,0.9787545073456303,1.1660378991792777
2014-07-18,0.978838554619504,1.1659377695697342
2014-07-21,0.9781359975240185,1.166774616309209
2014-07-22,0.977081076141074,1.1680329847722215
2014-07-23,0.9766562843130119,1.1685407940819645
2014-07-24,0.9775025044257096,1.1675283163676011
2014-07-25,0.9769602187031992,1.1681760220601456
2014-07-28,0.9755712765146153,1.169836815334702
2014-07-29,0.9756227570103312,1.1697750835262635
2014-07-30,0.9756227570103312,1.1691165882342487
2014-07-31,0.9756227570103312,1.1688074678465619
2014-08-01,0.9756227570103312,1.168733906945147
2014-08-04,0.975252589530859,1.1691773440025535
2014-08-05,0.975759373066378,1.1685697887554276
2014-08-06,0.9747446951509902,1.1697849674049685
2014-08-07,0.9747446951509902,1.1700768904829053
2014-08-08,0.9747446951509902,1.1695299998140876
2014-08-11,0.9747446951509902,1.1692917680850694
2014-08-12,0.9747446951509902,1.1695828499634386
2014-08-13,0.9747446951509902,1.1697409346951322
2014-08-14,0.9747446951509902,1.1711451266416393
2014-08-15,0.9747446951509902,1.1713934893405586
2014-08-18,0.9747446951509902,1.1708690182585615
2014-08-19,0.9747446951509902,1.1714830670157848
2014-08-20,0.9747446951509902,1.1716395357628346
2014-08-21,0.9747446951509902,1.1715008108563942
2014-08-22,0.9747446951509902,1.1716673882275797
2014-08-25,0.9747446951509902,1.1715407705159793
2014-08-26,0.9747446951509902,1.1718736773077902
2014-08-27,0.9747446951509902,1.1720682368818767
2014-08-28,0.9747446951509902,1.1718489385659565
2014-08-29,0.9747446951509902,1.1720526916178386
2014-09-01,0.9747446951509902,1.1723035511092657
2014-09-02,0.9747438142910061,1.1723046104997834
2014-09-04,0.9738345798414688,1.17284002728136
2014-09-05,0.974379063454584,1.1721842771274025
2014-09-08,0.9739289797115582,1.1727257307636239
2014-09-09,0.9736759951023901,1.1730303541672178
2014-09-10,0.9742790876659622,1.1723037819943378
2014-09-11,0.9733589169375874,1.1734109797558525
2014-09-12,0.9728159653915006,1.1740655227970342
2014-09-15,0.972711292980533,1.1741918491252166
2014-09-16,0.9724461431828139,1.1745119201817837
2014-09-17,0.9732493106125025,1.1735418616066284
2014-09-18,0.972823544872404,1.1740552489923632
2014-09-19,0.9725525843087927,1.1743822586270034
2014-09-22,0.9725736757491442,1.1743567901703282
2014-09-23,0.9720672291374729,1.1749683109549276
2014-09-24,0.9716826591272943,1.1754331528524418
2014-09-25,0.971656921293402,1.1754642876092019
2014-09-26,0.9714718103774206,1.1756882259831425
2014-09-29,0.9714812127029018,1.175699604803657
2014-09-30,0.9716702309098177,1.1759283571750523
2014-10-01,0.9724477255197642,1.1768692915891186
2014-10-02,0.9723391000066609,1.176737831534969
2014-10-03,0.9716940727871356,1.1759572109350362
2014-10-06,0.9719798861233273,1.1763031060712614
2014-10-07,0.9720072653355762,1.1763362407614644
2014-10-08,0.9721310501963424,1.176486046861655
2014-10-09,0.9724403884041443,1.1768604121133015
2014-10-10,0.9716012722468038,1.1758449024753697
2014-10-13,0.9720646958465163,1.176405743936753
2014-10-14,0.9715136255536083,1.175738831270693
2014-10-15,0.9721382096798674,1.1764947113647262
2014-10-16,0.9718544255669398,1.1761512720217353
2014-10-17,0.9718938260425554,1.1761989550062384
2014-10-20,0.9721551460123904,1.1765152079416992
2014-10-21,0.9724986853236313,1.176930963827844
2014-10-22,0.9731073826843292,1.1776676175449308
2014-10-23,0.9729963387483882,1.1775332306829982
2014-10-24,0.9734072592020482,1.178030532132225
2014-10-27,0.9744243141369763,1.1792613856674485
2014-10-28,0.9752083039584005,1.1802101806736371
2014-10-29,0.9754449165117874,1.1804965323620396
2014-10-30,0.9754587563852393,1.1805132815626778
2014-11-03,0.9750403001628695,1.1798472559256028
2014-11-04,0.9760421261521859,1.1810595151975656
2014-11-05,0.9764191290341949,1.1815157074346865
2014-11-06,0.9772611141392221,1.1825345512871206
2014-11-07,0.9770695211588144,1.1823027142521274
2014-11-10,0.9774873810705421,1.1828083455271945
2014-11-11,0.9771826703610885,1.18243963041425
2014-11-12,0.9776009894962125,1.1829458173724656
2014-11-13,0.9773428107490355,1.1826334082481
2014-11-14,0.9775539055264056,1.1828888434273217
2014-11-17,0.9771283515101287,1.1823739019030906
2014-11-18,0.9773844223417824,1.1826837603448377
2014-11-19,0.9774802500724693,1.1827997166648725
2014-11-20,0.9781715511237716,1.1836362253181676
2014-11-21,0.9784522742570244,1.1839759142709092
2014-11-24,0.9778695016754906,1.1832707304635972
2014-11-25,0.9776704751378243,1.1830298984546201
2014-11-26,0.9779790672311242,1.1834033102350556
2014-11-27,0.9781313745006478,1.1835876096060405
2014-11-28,0.9790502245305199,1.1846994638403432
2014-12-01,0.9794374766542392,1.1851680581696702
2014-12-02,0.9794374766542392,1.1856292142338887
2014-12-03,0.9794374766542392,1.1872295855467823
2014-12-04,0.9794374766542392,1.1878450257959534
2014-12-05,0.9794374766542392,1.1882252077494952
2014-12-08,0.9794374766542392,1.1885976851615343
2014-12-09,0.9794374766542392,1.1894398177378183
2014-12-10,0.9794374766542392,1.1892996517651426
2014-12-11,0.9794374766542392,1.1895414494409255
2014-12-12,0.9794374766542392,1.1896779681351226
2014-12-15,0.9794374766542392,1.190259589475646
2014-12-16,0.9794374766542392,1.190165680585996
2014-12-17,0.9794374766542392,1.189996039365107
2014-12-18,0.9794374766542392,1.1902871280857734
2014-12-19,0.9794374766542392,1.1909425803434044
2014-12-22,0.9794374766542392,1.190984664826743
2014-12-23,0.9794374766542392,1.1916660839929059
2014-12-24,0.9794374766542392,1.192316553952331
2014-12-25,0.9794374766542392,1.1920469801143212
2014-12-26,0.9794374766542392,1.1932205198800276
2014-12-29,0.9798693460850859,1.1926943857682764
2014-12-31,0.980370170659949,1.193581197211637
2015-01-01,0.9804837934142439,1.1937195306566566
2015-01-02,0.9810116075240842,1.1943621338446997
2015-01-05,0.9815229274453443,1.1949846556859802
2015-01-06,0.9807428898691306,1.1940349754407515
2015-01-07,0.9809946090722658,1.1943414385674673
2015-01-08,0.9809308664320552,1.194263833169942
2015-01-09,0.9805963980393554,1.1938566245496314
2015-01-12,0.9814225875659043,1.1948624938770898
2015-01-13,0.9815495700391536,1.1950170925144021
2015-01-14,0.9820913839034439,1.1956767401252328
2015-01-15,0.9817065143637621,1.195208169110231
2015-01-16,0.9829604073537109,1.1967347589034627
2015-01-19,0.98327293349865,1.1971152532732425
2015-01-20,0.9834416176559332,1.197320622882015
2015-01-21,0.9833634896470167,1.1972255035840098
2015-01-22,0.9834775095240844,1.1973643205181121
2015-01-23,0.984181572798648,1.1982215035611261
2015-01-26,0.9845672573597714,1.198691066848534
2015-01-27,0.9844890720842325,1.1985958778295545
2015-01-28,0.9852607951019605,1.1995354352650847
2015-01-29,0.9849801900592481,1.1991938042028107
2015-01-30,0.9848723688328912,1.199062534002746
2015-02-02,0.9861417105895649,1.2006079323624101
2015-02-03,0.9865062398388957,1.2010517394781877
2015-02-04,0.9866873642462602,1.2012722548441752
2015-02-05,0.9873550305021846,1.202085125240413
2015-02-06,0.9877218707990142,1.2025317460105867
2015-02-09,0.987553871918029,1.2023272107120866
2015-02-10,0.9868282128897878,1.2014437352682015
2015-02-11,0.9867950001392258,1.2014032994045196
2015-02-12,0.9870342558957772,1.2016945885327395
2015-02-13,0.9869895158896475,1.2016401184645165
2015-02-16,0.9871603659101024,1.2018481249686523
2015-02-17,0.9877159530004965,1.2025245412085117
2015-02-18,0.9882293152015977,1.203149549484907
2015-02-19,0.9887179444411818,1.2037444458722406
2015-02-20,0.9887179444411818,1.2036584557954255
2015-02-23,0.9887179444411818,1.2032272747825687
2015-02-24,0.9887179444411818,1.2029756014344355
2015-02-25,0.9887179444411818,1.202854940366203
2015-02-27,0.9884256646086684,1.202704896856858
2015-03-02,0.989134910809017,1.2035678994161594
2015-03-03,0.9885110050485906,1.2028087381154062
2015-03-04,0.9887950851035784,1.2031544034349813
2015-03-05,0.9892642272835022,1.20372525020406
2015-03-06,0.9898291670478526,1.2044126623639644
2015-03-09,0.9896373866229258,1.2041793061648696
2015-03-10,0.9891728770502091,1.2036140962985673
2015-03-11,0.9890298784461705,1.2034400972539463
2015-03-12,0.9887214000725988,1.2030647443429956
2015-03-13,0.9890405829469826,1.2034531223665126
2015-03-16,0.9894793442891846,1.203987002084242
2015-03-17,0.9899178219877324,1.2045205366676592
2015-03-18,0.9903172035505958,1.2050064995261411
2015-03-19,0.9899018153268871,1.204501059948195
2015-03-20,0.9903959023950826,1.2051022593683127
2015-03-23,0.9899597523260708,1.204571557017547
2015-03-24,0.9894565447910524,1.203959259919068
2015-03-25,0.9885590253261535,1.2028671686327843
2015-03-26,0.9891039000766173,1.2035301659162634
2015-03-27,0.9889138050434154,1.2032988604822927
2015-03-30,0.9886988372765706,1.2030372901941992
2015-03-31,0.9891941857382971,1.2036400244633512
2015-04-01,0.990259724508517,1.204936559693688
2015-04-02,0.9892471216551096,1.2061686831137597
2015-04-03,0.9897817022860104,1.2055168799379132
2015-04-06,0.9890955699372476,1.2063525633278915
2015-04-07,0.9891563973215932,1.2062783750762642
2015-04-08,0.9889755499638985,1.206498918821791
2015-04-09,0.9886948286499568,1.2068413842768504
2015-04-10,0.988376644909574,1.2072297723765661
2015-04-13,0.988770306423015,1.2067489436340901
2015-04-14,0.9894275471759683,1.2059468113499918
2015-04-15,0.9887008874868154,1.2068324880602992
2015-04-16,0.9884059588127156,1.2071924852142097
2015-04-17,0.9878102022624089,1.2079201142052483
2015-04-20,0.9881421881266385,1.2075141532199127
2015-04-21,0.9884828275655806,1.2070978903089573
2015-04-22,0.9888456067653166,1.2066548780537747
2015-04-23,0.9892542517856269,1.2061562223447577
2015-04-24,0.9884363881097616,1.2071534092255762
2015-04-28,0.9888033160461436,1.2058454858329855
2015-04-29,0.9890050118275852,1.2055995178597636
2015-04-30,0.9895765537777526,1.2049028068306809
2015-05-01,0.9886297986356861,1.206055570529156
2015-05-04,0.988020787168274,1.2067985196834319
2015-05-05,0.9872810674660975,1.2077020357360908
2015-05-06,0.9870002661612504,1.2080455289100982
2015-05-07,0.9861604779881787,1.2090733932202635
2015-05-08,0.9862133256498803,1.2090085998087616
2015-05-11,0.9862159164401443,1.2090054237335373
2015-05-12,0.9861792093632789,1.2090504230630754
2015-05-13,0.9858846737711445,1.209411522119815
2015-05-14,0.9849905644905887,1.2105083502729517
2015-05-15,0.9843649327458738,1.211277223070799
2015-05-18,0.9847072052119605,1.2108560511776694
2015-05-19,0.9848225607310143,1.210714202994226
2015-05-20,0.984650380414299,1.2109258768157196
2015-05-21,0.9843165605932549,1.211336409394122
2015-05-22,0.9830302088712993,1.212919441457661
2015-05-25,0.9826603125597511,1.21337584088827
2015-05-26,0.9833357056602514,1.2125418745005212
2015-05-27,0.9826221244860732,1.213421784636567
2015-05-28,0.9828539594972454,1.2131354958934297
2015-05-29,0.9829707937548937,1.2129912875054794
2015-06-01,0.9825251880491502,1.2135411673616905
2015-06-02,0.9826193339786583,1.2134248853949916
2015-06-03,0.9828871663805576,1.2130941423591675
2015-06-04,0.982417043740974,1.2136743748006689
2015-06-05,0.9833312588348858,1.2125449568619167
2015-06-08,0.9822726243923117,1.2138503581119742
2015-06-09,0.9822328194551568,1.2138995473452077
2015-06-10,0.9819571665719204,1.2142402149583817
2015-06-11,0.9816479543169474,1.2146225717125536
2015-06-12,0.9814694489815649,1.2148434417388938
2015-06-15,0.9808651392911439,1.2155914443027525
2015-06-16,0.9810823043537027,1.2153223104723478
2015-06-17,0.9798822750483999,1.2168088548544893
2015-06-18,0.9798791946710633,1.216812680038917
2015-06-19,0.9798713748269691,1.2168223907109077
2015-06-22,0.9800491965525684,1.216601568404202
2015-06-23,0.9798834811351317,1.2168072821963987
2015-06-25,0.9796186664750888,1.2170641325054343
2015-06-26,0.9789901028796816,1.2178450508700478
2015-06-29,0.9783499870525629,1.2186413427730476
2015-06-30,0.9776551489605352,1.2177758463385564
2015-07-01,0.9774131137083801,1.217474365101179
2015-07-02,0.9781021780247035,1.2183326696699062
2015-07-03,0.9779673706284133,1.2181647523922399
2015-07-06,0.9784072289950744,1.21871264383975
2015-07-07,0.9782333335334615,1.2184960381243655
2015-07-08,0.9781789029968436,1.218428238969554
2015-07-09,0.97777262812112,1.217922179413527
2015-07-10,0.9786216994750832,1.21897979015467
2015-07-13,0.9791075699203493,1.2195849946516994
2015-07-14,0.9796133951390404,1.2202150549898931
2015-07-15,0.9797493778421763,1.2203844362400964
2015-07-16,0.9798545749822969,1.220515470722428
2015-07-17,0.9806106346846003,1.2214572253327667
2015-07-20,0.9804467879480292,1.2212531363976142
2015-07-21,0.9804960125081877,1.2213144509423914
2015-07-22,0.9813716644912209,1.222405170748726
2015-07-23,0.9813402463821935,1.2223660360759818
2015-07-24,0.981137199899993,1.2221131195931394
2015-07-27,0.9815530973368659,1.2226311650959083
2015-07-28,0.9816068017570037,1.22269805979365
2015-07-29,0.9815734553435282,1.2226565232079372
2015-07-30,0.9821222467997068,1.2233401026691837
2015-07-31,0.9825630795695861,1.2238892078419068
2015-08-03,0.984044705865527,1.2257347345784204
2015-08-04,0.9844514700249466,1.2262414035905196
2015-08-05,0.9854591409978165,1.2274965674109344
2015-08-06,0.9851681798821692,1.2271341436879726
2015-08-07,0.9851507534176853,1.227112437130647
2015-08-10,0.9850566964138898,1.2269952789000347
2015-08-11,0.9853087343252829,1.227309219537674
2015-08-12,0.9853168039205096,1.2273192710964136
2015-08-13,0.9849493629056931,1.2268615833388505
2015-08-14,0.9865223310706001,1.2288208863101688
2015-08-17,0.9860718811778169,1.22825980196463
2015-08-18,0.9859454495276418,1.2281023175899408
2015-08-19,0.9866723170782257,1.2290077101995225
2015-08-20,0.987091964478066,1.2295304266891227
2015-08-24,0.9876012903995225,1.2292431376343265
2015-08-25,0.9882750083860405,1.2300816979113114
2015-08-26,0.9875373930570929,1.2291636061771904
2015-08-27,0.9871214367816288,1.2286458755888037
2015-08-28,0.9874905614473943,1.229105316019608
2015-08-31,0.98761081140593,1.2292549881978116
2015-09-01,0.987914376970633,1.2296328288212097
2015-09-02,0.987914376970633,1.22961316696028
2015-09-03,0.987914376970633,1.229440515485109
2015-09-04,0.987914376970633,1.2295589861253378
2015-09-07,0.987914376970633,1.2298375983621759
2015-09-08,0.987914376970633,1.2292930824280117
2015-09-09,0.987914376970633,1.2297751853254864
2015-09-10,0.987914376970633,1.2310404383240972
2015-09-11,0.987914376970633,1.2313181885237074
2015-09-14,0.987914376970633,1.230584911292171
2015-09-15,0.987914376970633,1.231975307737611
2015-09-16,0.987914376970633,1.232499149266926
2015-09-17,0.987914376970633,1.2324547109885995
2015-09-18,0.987914376970633,1.2324175467302847
2015-09-21,0.987914376970633,1.2330421535102498
2015-09-22,0.987914376970633,1.2329794707024915
2015-09-23,0.987914376970633,1.2320408857089353
2015-09-24,0.987914376970633,1.232456509567163
2015-09-25,0.987914376970633,1.2333414829680154
2015-09-28,0.987914376970633,1.2341827343925325
2015-09-29,0.9879355714097121,1.234209212204159
2015-09-30,0.9875023028677189,1.2336679380144635
2015-10-01,0.9874553612469903,1.2336092947360802
2015-10-02,0.9874553612469903,1.2337055031810236
2015-10-05,0.9874553612469903,1.23443668538521
2015-10-06,0.9874553612469903,1.2354732900728647
2015-10-07,0.9874553612469903,1.2352438261326715
2015-10-08,0.9874553612469903,1.2345174621511956
2015-10-09,0.9874553612469903,1.2352839636405415
2015-10-12,0.9874553612469903,1.2348086109516716
2015-10-13,0.9874553612469903,1.2346048985880531
2015-10-14,0.9874553612469903,1.2339907998217556
2015-10-15,0.9874553612469903,1.2350819128717063
2015-10-16,0.9874553612469903,1.2358881069544774
2015-10-19,0.9874553612469903,1.235645972111817
2015-10-21,0.9874553612469903,1.234531615231128
2015-10-22,0.9874553612469903,1.234341513807293
2015-10-23,0.9874553612469903,1.234985697206937
2015-10-26,0.9874553612469903,1.2358640243518955
2015-10-27,0.9874553612469903,1.2354750899539866
2015-10-28,0.9874553612469903,1.236580571988438
2015-10-29,0.9874553612469903,1.2355908486401834
2015-10-30,0.9874553612469903,1.2364599207201938
2015-11-02,0.9874553612469903,1.2363386713247777
2015-11-03,0.9874553612469903,1.236333505425179
2015-11-04,0.9874553612469903,1.2367071520045176
2015-11-05,0.9874553612469903,1.2376848928645188
2015-11-06,0.9874553612469903,1.2381279452261549
2015-11-09,0.9873268992359441,1.2382890182346353
2015-11-10,0.9870552629974899,1.2386296998987252
2015-11-11,0.9864656006894936,1.2393696516268353
2015-11-12,0.9864021013096684,1.2394494305914514
2015-11-13,0.9861488179081652,1.2397676902214285
2015-11-16,0.9852309437494099,1.2409216242981613
2015-11-17,0.985434204181248,1.2406656129874811
2015-11-18,0.9847091328288993,1.2415784807263972
2015-11-19,0.9842316509949431,1.242180517561655
2015-11-20,0.98359868002659,1.2429793784845644
2015-11-23,0.9828155294183523,1.243969050467716
2015-11-24,0.9820494644431347,1.2449386740555548
2015-11-25,0.981379695982299,1.24578773582866
2015-11-26,0.9820718384158871,1.2449091130501972
2015-11-27,0.9816239122483507,1.2454769201556726
2015-11-30,0.9815457083517704,1.245377695649177
2015-12-01,0.9819055504423139,1.245834260544429
2015-12-02,0.9818658112255235,1.2458846813590811
2015-12-03,0.9817686187357562,1.2460080084296032
2015-12-04,0.981116867053689,1.2468351766644252
2015-12-07,0.981633726610024,1.246178334755093
2015-12-08,0.982535713742838,1.2450332673102096
2015-12-09,0.9817786848602703,1.2459925465811086
2015-12-10,0.9811586106671505,1.246779493613947
2015-12-11,0.9811173424294359,1.2468319340572767
2015-12-14,0.9805118244076908,1.2476014436495642
2015-12-15,0.9806707606785876,1.2473992134305263
2015-12-16,0.9801054343015031,1.2481183005149812
2015-12-18,0.9803493326149729,1.2467002863805516
2015-12-21,0.9805847866832816,1.2464008618339901
2015-12-22,0.9811154040276565,1.2457264051992203
2015-12-23,0.9814828713248125,1.2452598304076767
2015-12-24,0.9808974713181493,1.2460025587163575
2015-12-25,0.9804575483598514,1.2465613787232441
2015-12-28,0.9801375511349916,1.2469682256922703
2015-12-29,0.9802121938515325,1.2468732623927843
2015-12-30,0.9802121938515325,1.2469908401344019
2015-12-31,0.9802121938515325,1.2481857788009978
2016-01-01,0.9802121938515325,1.248711106675892
2016-01-04,0.9799881015077934,1.2489965822089484
2016-01-05,0.9799247505322906,1.2490773231401504
2016-01-06,0.9805365540246043,1.2482974776795146
2016-01-07,0.9794742339685074,1.2496498917645082
2016-01-08,0.9797723892533954,1.2492694940913815
2016-01-11,0.9803517680308643,1.248530750848405
2016-01-12,0.9811883598948337,1.2474653060742569
2016-01-13,0.9806328803166225,1.2481715328604421
2016-01-14,0.9803808078794158,1.2484923763143538
2016-01-15,0.9806589602575598,1.2481381556678708
2016-01-18,0.9804656053180643,1.2483842490472734
2016-01-19,0.9801144501031224,1.2488313597229836
2016-01-20,0.9798371670523778,1.2491846651652745
2016-01-21,0.9786661315960069,1.2506776066290728
2016-01-22,0.9786342132959369,1.2507183963344182
2016-01-25,0.9784287921101948,1.2509809296206182
2016-01-26,0.9777870359339724,1.2518014540618387
2016-01-27,0.9780197704189263,1.2515034982125905
2016-01-28,0.9773117237282725,1.2524095360423488
2016-01-29,0.9769622853413708,1.2528573358153277
2016-02-01,0.9774839855511294,1.2521883069851474
2016-02-02,0.9767366276281323,1.2531456964320775
2016-02-03,0.9761645067370183,1.2538797232027121
2016-02-04,0.9758114896822687,1.2543331723128164
2016-02-05,0.9758567402597661,1.2542750060573242
2016-02-08,0.9755074192567312,1.2547239906112257
2016-02-09,0.9743101358921186,1.25626396881281
2016-02-10,0.974270731975499,1.256314775756981
2016-02-11,0.9736175541288352,1.2571570436739252
2016-02-12,0.9734336241296888,1.2573945382558476
2016-02-16,0.9737232218425195,1.2567558180922476
2016-02-17,0.9727634558015464,1.257994559789008
2016-02-18,0.9731051127691517,1.2575527230773205
2016-02-19,0.9732767013154815,1.2573309776144157
2016-02-22,0.9737001236692828,1.2567839779365961
2016-02-23,0.9734685813378318,1.2570828365741868
2016-02-24,0.9733951143698764,1.2571777077043316
2016-02-25,0.973296842804198,1.2573046292594618
2016-02-26,0.9735539684803111,1.2569724743724215
2016-02-29,0.9737796062386977,1.2572637992097224
2016-03-01,0.974373550692749,1.2580306512325374
2016-03-02,0.974373550692749,1.25725751153194
2016-03-03,0.974373550692749,1.257369575961345
2016-03-04,0.974373550692749,1.2574804376714703
2016-03-07,0.974373550692749,1.2586412673593037
2016-03-08,0.974373550692749,1.2595900666689606
2016-03-09,0.974373550692749,1.2595023878302816
2016-03-10,0.974373550692749,1.259454689260587
2016-03-11,0.974373550692749,1.2598960704117572
2016-03-14,0.974373550692749,1.2598710840642584
2016-03-15,0.974373550692749,1.2593811122895346
2016-03-16,0.9744539853022737,1.259485074294597
2016-03-17,0.9751429007724925,1.2603754998716676
2016-03-18,0.9752628772151185,1.260530569829853
2016-03-21,0.9762417868516664,1.261795813848464
2016-03-22,0.9765026062675259,1.262132923826273
2016-03-23,0.9767262281579807,1.262421955876592
2016-03-24,0.9767673848410594,1.2624751510287764
2016-03-25,0.9775209571242094,1.2634491457554078
2016-03-28,0.9780120869927623,1.2640839327728683
2016-03-29,0.9782936001539502,1.2644477894865578
2016-03-30,0.9795131260679445,1.266024030858196
2016-03-31,0.978668941558592,1.2649329195224972
2016-04-01,0.9783392253501376,1.2645067602070603
2016-04-04,0.9781259734150038,1.2642311313590937
2016-04-05,0.9783519057560837,1.2645231496746658
2016-04-06,0.9793197137959803,1.2657740448420287
2016-04-07,0.9786946308954219,1.2649661230773024
2016-04-08,0.9780339582893854,1.264112201497783
2016-04-11,0.978354356393617,1.2645263171319725
2016-04-12,0.9782912834927844,1.2644447951941598
2016-04-14,0.9792616104319855,1.2659930775934554
2016-04-15,0.9797912568278674,1.2666778064377353
2016-04-18,0.9796834436683822,1.2665384251813605
2016-04-19,0.9798289062654145,1.2667264797716047
2016-04-20,0.9798274302575564,1.2667245715831177
2016-04-21,0.9797206772474594,1.2665865608918423
2016-04-22,0.9800624953699987,1.267028464640872
2016-04-25,0.980347556063534,1.2673969921731119
2016-04-26,0.9810283357935836,1.2682771067578433
2016-04-27,0.9817614350447493,1.269224860215426
2016-04-28,0.9823207820367441,1.269947986101598
2016-04-29,0.9818151518209138,1.2692943054648367
2016-05-02,0.982809332814909,1.2705795863773783
2016-05-03,0.9825626760037302,1.270260707528083
2016-05-04,0.9819420975231699,1.269458421344163
2016-05-05,0.9825909946539266,1.270297317985119
2016-05-06,0.9837952267647713,1.2718541537682275
2016-05-09,0.9840725741744504,1.2722127095382094
2016-05-10,0.9841556440805138,1.27232010262389
2016-05-11,0.9845359630724096,1.272811780441021
2016-05-12,0.9849368962587743,1.2733301083659678
2016-05-13,0.9836118652592025,1.2716171033270849
2016-05-16,0.9833480897063829,1.2712760933044815
2016-05-17,0.9840078496644121,1.2721290334492197
2016-05-18,0.9844731157560801,1.2727305311950883
2016-05-19,0.9844958054213584,1.2727598644793396
2016-05-20,0.9845122851736439,1.272781169564816
2016-05-23,0.9842691385718152,1.272466828727315
2016-05-24,0.9844384277010072,1.2726856863475728
2016-05-25,0.9840754112815142,1.2722163773608475
2016-05-26,0.9833364849401609,1.2712610906192463
2016-05-27,0.983327870142326,1.2712499533763404
2016-05-30,0.9836303201391334,1.2716409618649784
2016-05-31,0.9841099102222348,1.2722609777206197
2016-06-01,0.9844093346626603,1.2726480747586357
2016-06-02,0.9843356555224658,1.2725528220902418
2016-06-03,0.9845680406931986,1.2728532505093169
2016-06-06,0.9849964286913769,1.2734070721178026
2016-06-07,0.9853788920272732,1.2739015221508887
2016-06-08,0.985466722137508,1.27401506924635
2016-06-09,0.9862989716962214,1.2750910045928778
2016-06-13,0.9864303648769414,1.2751925671881965
2016-06-14,0.9863617886541206,1.2751039163388913
2016-06-15,0.9866162169609657,1.2754328245896136
2016-06-16,0.9864212332406012,1.2751807624068334
2016-06-17,0.986976468844329,1.2758985346289002
2016-06-20,0.9861841265904495,1.2748742464593625
2016-06-21,0.9871308741288121,1.2760981396675508
2016-06-22,0.9869975166017405,1.2759257437911105
2016-06-23,0.9870830376068118,1.2760362997450718
2016-06-24,0.9873406853603672,1.2763693698856362
2016-06-27,0.9877062034629065,1.2768418877481504
2016-06-28,0.9873607383001987,1.2763952930128368
2016-06-29,0.9882683674921502,1.2775686165849311
2016-06-30,0.9881398790359792,1.2774025151244401
2016-07-01,0.9892396653367324,1.2788242468210216
2016-07-04,0.9895329124930751,1.2792033375378447
2016-07-05,0.988947312332544,1.278446312005539
2016-07-06,0.9897322128524668,1.279460979988831
2016-07-07,0.9897322128524668,1.2806826655258592
2016-07-08,0.9897322128524668,1.280893908338592
2016-07-11,0.9897322128524668,1.2796256857234631
2016-07-12,0.9897322128524668,1.2808797224918764
2016-07-13,0.9897322128524668,1.2817298951842544
2016-07-14,0.9897322128524668,1.281010095269895
2016-07-15,0.9897322128524668,1.280332282237944
2016-07-18,0.9897322128524668,1.2807534740813997
2016-07-19,0.9897322128524668,1.281742612480688
2016-07-20,0.9897322128524668,1.2804602518078847
2016-07-21,0.9897322128524668,1.2798488696932027
2016-07-22,0.9897322128524668,1.280337707615561
2016-07-25,0.9897322128524668,1.281295601397849
2016-07-26,0.9897322128524668,1.281950438570927
2016-07-27,0.9897322128524668,1.2828685396126367
2016-07-28,0.9897322128524668,1.282681701754884
2016-07-29,0.9897322128524668,1.2828634943447976
2016-08-01,0.9897322128524668,1.2830097573902444
2016-08-02,0.9887345369905315,1.284303064659578
2016-08-03,0.9891920823524254,1.2837087424340294
2016-08-04,0.9888772978251444,1.2841172491910715
2016-08-05,0.989022229485623,1.2839290466248041
2016-08-08,0.9892914493586354,1.2835795507241214
2016-08-10,0.9890262171172356,1.2850896884363656
2016-08-11,0.9882926082790406,1.286042901947791
2016-08-12,0.9874887582273114,1.2870889339069462
2016-08-15,0.9878584851478937,1.2866070333039428
2016-08-16,0.9887741306419943,1.285414477942588
2016-08-17,0.9874621678532122,1.287120040326312
2016-08-18,0.9867633438965838,1.2880309312429656
2016-08-19,0.9865772669667612,1.2882738191072998
2016-08-22,0.9861997213147902,1.2887668186880092
2016-08-23,0.9860088345338986,1.2890162697312635
2016-08-24,0.9848022652262975,1.2905936262554487
2016-08-25,0.9846165732035396,1.2908369775854365
2016-08-26,0.983997845799973,1.2916481321336184
2016-08-29,0.9828302917592121,1.2931807259318169
2016-08-30,0.9828302917592121,1.2922767272319597
2016-08-31,0.9828302917592121,1.29198407390737
2016-09-01,0.9828302917592121,1.2917752952129156
2016-09-02,0.9828302917592121,1.292063348694821
2016-09-05,0.9828302917592121,1.291774498764622
2016-09-06,0.9828302917592121,1.2917616654868747
2016-09-07,0.9828302917592121,1.2918364822561559
2016-09-08,0.9828302917592121,1.292231053060167
2016-09-09,0.9828302917592121,1.291720315446758
2016-09-12,0.9828302917592121,1.2920421309608894
2016-09-13,0.9828302917592121,1.2922947856723277
2016-09-14,0.9828302917592121,1.293411805903961
2016-09-15,0.9828302917592121,1.2937960975125145
2016-09-16,0.9828302917592121,1.2943471723312623
2016-09-19,0.9828302917592121,1.2947168808216645
2016-09-20,0.9828302917592121,1.2953002369240387
2016-09-21,0.9828302917592121,1.2960230198408984
2016-09-22,0.9828302917592121,1.295118615218446
2016-09-23,0.9828302917592121,1.2951169818685004
2016-09-26,0.9828302917592121,1.2943494213522226
2016-09-27,0.9828302917592121,1.2954291638078872
2016-09-28,0.9828302917592121,1.2955330676095886
2016-09-29,0.9834510446716825,1.2963513227363013
2016-09-30,0.9840463383989778,1.297136018441265
2016-10-03,0.9845792378127854,1.2978384681094186
2016-10-04,0.9844108568240568,1.297616514084717
2016-10-05,0.9849632253290181,1.2983446272388226
2016-10-07,0.9846150007349377,1.2977142582064125
2016-10-10,0.9840000487994043,1.296903756747205
2016-10-11,0.9847403361370801,1.297879449208273
2016-10-12,0.9840714650398268,1.2969978827491393
2016-10-13,0.9839109387852383,1.296786310500859
2016-10-14,0.9848974105168549,1.2980864719146916
2016-10-17,0.9848725762163697,1.2980537405163195
2016-10-18,0.9848478200071915,1.2980211120416307
2016-10-19,0.985784850662853,1.2992561105347686
2016-10-20,0.9865600245463237,1.3002777831686594
2016-10-21,0.9869192103453525,1.3007511870192985
2016-10-24,0.9858429836246672,1.2993327292876433
2016-10-25,0.9860732123390097,1.2996361687894058
2016-10-26,0.9856180412997068,1.2990362572024554
2016-10-27,0.9860292255950086,1.2995781946321772
2016-10-28,0.9862584633713377,1.299880328086004
2016-10-31,0.9858532272172983,1.2993462302562482
2016-11-01,0.9865524386135327,1.3002677849732864
2016-11-02,0.9865524386135327,1.3005001052923995
2016-11-03,0.9865524386135327,1.3012850416914301
2016-11-04,0.9865524386135327,1.3013832738477085
2016-11-07,0.9865524386135327,1.3020432161218336
2016-11-08,0.9865524386135327,1.3021774669002188
2016-11-09,0.9865524386135327,1.3019678950222888
2016-11-10,0.9865524386135327,1.3017020730081788
2016-11-11,0.9865524386135327,1.30289964527134
2016-11-14,0.9865524386135327,1.3030240209282848
2016-11-15,0.9865524386135327,1.3024178550952457
2016-11-16,0.9865524386135327,1.3020403782062004
2016-11-17,0.9865524386135327,1.3031471997289428
2016-11-18,0.9865524386135327,1.3029555360388037
2016-11-21,0.9865524386135327,1.3045516303433995
2016-11-22,0.9865524386135327,1.3049481175235909
2016-11-23,0.9865524386135327,1.303860188235071
2016-11-24,0.9865524386135327,1.3047863176319963
2016-11-25,0.9865524386135327,1.3052356826342002
2016-11-28,0.9865524386135327,1.3050190276548375
2016-11-29,0.9865524386135327,1.3063882712310417
2016-11-30,0.9869310261667403,1.3068895951544204
2016-12-01,0.9867332541617084,1.3066277063610434
2016-12-02,0.9859084383281278,1.3077199237523762
2016-12-06,0.9863022991954311,1.3075373851821852
2016-12-07,0.9865372171365951,1.3072259553185699
2016-12-08,0.9860541166148667,1.3078660949200582
2016-12-09,0.9859000241857175,1.3080704774789584
2016-12-12,0.9860493811058267,1.3078723140009088
2016-12-13,0.985830927936307,1.3081620650598265
2016-12-14,0.9857221266629097,1.3083064404232434
2016-12-15,0.9855824508570679,1.3084918260927045
2016-12-16,0.9854069715170911,1.3087247982624182
2016-12-19,0.9851100017114086,1.3091192056090941
2016-12-20,0.9850189056260209,1.3092402638002907
2016-12-21,0.9844068277596268,1.3100538085786568
2016-12-22,0.9839085155666996,1.310716965078385
2016-12-23,0.98358634456518,1.3111461462376768
2016-12-26,0.9837764221454057,1.3108927678859175
2016-12-27,0.9839766398093382,1.310625975674045
2016-12-28,0.9834140297624627,1.311375354583846
2016-12-29,0.9832756849239388,1.3115598364055239
2016-12-30,0.9828535955410396,1.3121228478686078
2017-01-02,0.9828176969343021,1.3121707729943035
2017-01-03,0.9824719331203803,1.3126324060849597
2017-01-04,0.9823772368213501,1.3127589251504443
2017-01-05,0.9825453521332316,1.3125342712518657
2017-01-06,0.9823596664075851,1.3127823197292863
2017-01-09,0.9810816038447644,1.3144902664145512
2017-01-10,0.9809353558711063,1.3146862149850913
2017-01-11,0.9817869319167555,1.3135449009509648
2017-01-12,0.9815807727561772,1.3138207238462982
2017-01-13,0.9810407387805886,1.314543545491141
2017-01-16,0.9809518110261486,1.3146627040550958
2017-01-17,0.9811698472025555,1.314370493952586
2017-01-18,0.9816955910474178,1.313666209980719
2017-01-19,0.9810071404175971,1.314587467382589
2017-01-20,0.9814118983480157,1.3140450761188256
2017-01-23,0.981821762975876,1.313496294718252
2017-01-24,0.981751275988606,1.3135905932967682
2017-01-25,0.9816154345207888,1.3137723502026857
2017-01-26,0.9818127889752982,1.3135082153730917
2017-01-27,0.9820141246983689,1.3132388604316294
2017-01-30,0.9825846708401337,1.3140018467738728
2017-01-31,0.9825325903340573,1.3139321999707054
2017-02-02,0.9820836141309668,1.3149817005548248
2017-02-03,0.9823771032278203,1.3145887270990806
2017-02-06,0.9824314002184321,1.3145160684311017
2017-02-07,0.9825317035353415,1.314381860259656
2017-02-08,0.982146273190153,1.3148974697329041
2017-02-09,0.9812517195627389,1.316095098164977
2017-02-10,0.9810747018322196,1.3163325216138029
2017-02-13,0.981056950460211,1.316356339074629
2017-02-14,0.9816450242670348,1.3155672771520839
2017-02-15,0.9821299459351248,1.3149174016240157
2017-02-16,0.9815033684164893,1.3157562902925979
2017-02-17,0.9820624676917611,1.3150067886484786
2017-02-20,0.9819058185877733,1.3152165458095113
2017-02-21,0.9822818421524836,1.314712879974602
2017-02-22,0.9821016868140588,1.3149540048062534
2017-02-23,0.9817929310487522,1.3153674035770202
2017-02-24,0.9818078883384413,1.3153473643908733
2017-02-27,0.9819540954280126,1.315151487873474
2017-02-28,0.9823076368758793,1.3146779824791266
2017-03-01,0.9824573821118237,1.3144775699430873
2017-03-02,0.9817738882017416,1.3153920497264895
2017-03-03,0.9812693328565596,1.3160680588337543
2017-03-06,0.9812118929938203,1.316145096570616
2017-03-07,0.9807871713262788,1.3167147954747296
2017-03-08,0.9803365437044694,1.3173197667409051
2017-03-09,0.980498150836423,1.31710260838775
2017-03-10,0.980785476640484,1.3167166437985631
2017-03-13,0.9801496158650094,1.31757029476113
2017-03-14,0.9794896823482315,1.3184574132011617
2017-03-15,0.978777544327637,1.319415997726753
2017-03-16,0.9785686907714957,1.3196975374134283
2017-03-17,0.9784036528039938,1.3199201075828462
2017-03-20,0.9788244787113412,1.3193523903883042
2017-03-21,0.9787037083690996,1.3195151761003394
2017-03-22,0.9787324607227341,1.3194764113887674
2017-03-23,0.977955151981146,1.3205243387744947
2017-03-24,0.9773960013928362,1.3212793549522892
2017-03-27,0.9774493198143622,1.3212072771767502
2017-03-28,0.9763955201611547,1.3226316863428118
2017-03-29,0.9766138130674111,1.3223359853602112
2017-03-30,0.9766565666531958,1.3222780969664267
2017-04-03,0.9774243966471287,1.3195497225259887
2017-04-04,0.9770510046907664,1.3200538119001657
2017-04-05,0.9768518161231106,1.320322927459905
2017-04-06,0.976979528829332,1.3201503096571134
2017-04-07,0.9772674238683101,1.3197612895050628
2017-04-10,0.9764817691399179,1.320822285371828
2017-04-11,0.975116031634038,1.322669628139244
2017-04-12,0.974475383871579,1.3235386173777042
2017-04-13,0.9748546186521105,1.3230235383050115
2017-04-14,0.9745861867674499,1.323387840525099
2017-04-17,0.9745246066176113,1.3234714600372783
2017-04-18,0.9738769069129264,1.324351080795958
2017-04-19,0.9726882564310415,1.3259674971409794
2017-04-20,0.9729347605097777,1.325631463068237
2017-04-21,0.9727272296560309,1.325914225531303
2017-04-24,0.9715916240066592,1.3274621576125585
2017-04-25,0.9719939440644482,1.3269124774395649
2017-04-26,0.9722229568473294,1.3265998418301004
2017-04-27,0.9717808256355026,1.3272031306040863
2017-04-28,0.9718308814391204,1.3271347672267548
2017-05-01,0.9717448660411128,1.3272522300769207
2017-05-02,0.9721980228906574,1.3278711717972749
2017-05-03,0.9729044439492451,1.3288360330053446
2017-05-04,0.9733863627973351,1.329494259138763
2017-05-05,0.9730450074756123,1.3290280209029481
2017-05-08,0.9727738682421951,1.3286576869142743
2017-05-09,0.9727350063953277,1.3286046076804938
2017-05-10,0.9732832779380898,1.3293534612667066
2017-05-11,0.9735264201271007,1.329685555650601
2017-05-12,0.9745681982845378,1.331108462455694
2017-05-15,0.9746593565154617,1.3312329704099026
2017-05-16,0.974090216850401,1.3304556142168575
2017-05-17,0.9745715589089766,1.3311130525455797
2017-05-18,0.9745720771263083,1.3311137603497918
2017-05-19,0.9745945360542391,1.331144435749501
2017-05-22,0.974310966548501,1.3307571239436708
2017-05-23,0.9749840206138116,1.3316764110326629
2017-05-24,0.9758338143824618,1.3328370970460002
2017-05-25,0.9769086914504288,1.3343052118108663
2017-05-26,0.976932692095386,1.3343379929560577
2017-05-29,0.9760188140709313,1.3330897778243254
2017-05-31,0.9761726539680202,1.333067498178032
2017-06-01,0.976151916875991,1.3330391794751073
2017-06-02,0.9766779581513986,1.3337575447397922
2017-06-05,0.9772798462633001,1.3345794869200553
2017-06-06,0.9770100211196592,1.3342110120117316
2017-06-07,0.9768996564073378,1.3340602972684499
2017-06-08,0.9771622570851681,1.3344189064009555
2017-06-09,0.9777599626379874,1.3352351368523054
2017-06-12,0.977254398638018,1.334544735483379
2017-06-13,0.9770264443730644,1.3342334397095776
2017-06-14,0.9775710694256926,1.3349771830969803
2017-06-15,0.9772552270257654,1.334545866734882
2017-06-16,0.9776186853247879,1.335042207667401
2017-06-19,0.9780421419963868,1.335620482753781
2017-06-20,0.9790699617697054,1.3370240798820412
2017-06-21,0.9799642108196753,1.338245271992828
2017-06-22,0.9796622339802581,1.3378328905271177
2017-06-23,0.9800065020203842,1.338303025121739
2017-06-26,0.98021319185886,1.3385852820613855
2017-06-27,0.9810001217654792,1.3396599184769766
2017-06-28,0.9812794515578495,1.340041372993212
2017-06-29,0.9817231583855378,1.3406473018197436
2017-06-30,0.9817614200202498,1.3406995521480582
2017-07-03,0.9822240262876826,1.3413312901680297
2017-07-04,0.982613583461058,1.34186327188704
2017-07-05,0.9824152191633593,1.341592384358091
2017-07-06,0.9825490983237292,1.341775210579095
2017-07-07,0.9822564687776152,1.3413755938357397
2017-07-10,0.9824805699522347,1.3416816278052168
2017-07-11,0.9825085533543244,1.3417198421146044
2017-07-12,0.9822117012438039,1.3413144590108144
2017-07-13,0.981941796857831,1.3409458758886652
2017-07-14,0.982353957586614,1.341508725164695
2017-07-17,0.9823638852427328,1.3415222824341506
2017-07-18,0.9824936929676993,1.3416995486774344
2017-07-19,0.9827235796268542,1.342013483340876
2017-07-20,0.9832308131430884,1.3427061646116836
2017-07-21,0.983235564509558,1.342712653107532
2017-07-24,0.983181038785429,1.3426381924367117
2017-07-25,0.9839972198077945,1.34375277435941
2017-07-26,0.9844897413447812,1.3444253648590934
2017-07-28,0.9851886511799076,1.3460178075281333
2017-07-31,0.9856453027737128,1.3466417095354917
2017-08-01,0.9857024059720043,1.346719727001157
2017-08-02,0.9860151880942933,1.3471470667862562
2017-08-03,0.9857290439791787,1.3467561212815529
2017-08-04,0.9856798306085989,1.3466888833235338
2017-08-07,0.9865331462663103,1.3478547291433638
2017-08-08,0.9864871541152984,1.3477918921890462
2017-08-09,0.9862704153663755,1.347495772034513
2017-08-10,0.9865138387517667,1.3478283501768953
2017-08-11,0.9863968506836902,1.3476685147761214
2017-08-14,0.9868611070112792,1.3483028067804437
2017-08-15,0.9869077129076547,1.3483664822667398
2017-08-16,0.9871780979793001,1.3487358969173133
2017-08-17,0.9879507844527983,1.349791582802163
2017-08-18,0.9879320661408436,1.3497660088360117
2017-08-21,0.9876277523750973,1.349350238975813
2017-08-22,0.9879901143585321,1.3498453174380856
2017-08-23,0.9883916695315932,1.3503939437473695
2017-08-24,0.9884372938569466,1.3504562781584577
2017-08-25,0.9884353278630672,1.3504535921117111
2017-08-28,0.9886275297114646,1.3507161886309391
2017-08-29,0.9884894764128221,1.3505275727773782
2017-08-30,0.9887896655924313,1.3509377074058042
2017-08-31,0.9880969105472613,1.3499912281442568
2017-09-01,0.9884698984879052,1.3505008243616905
2017-09-04,0.988546832214153,1.3506059353629234
2017-09-05,0.9881186690706911,1.350020955811102
2017-09-06,0.9882281646053352,1.3501705545090765
2017-09-07,0.9884248008714318,1.350439209568648
2017-09-08,0.9888674419768457,1.3510439696920187
2017-09-11,0.9882050203630611,1.3501389335984972
2017-09-12,0.9891386246593363,1.3514144740814964
2017-09-13,0.9896462472455831,1.3521080154045448
2017-09-14,0.9897910093815797,1.3523057972331052
2017-09-15,0.9894577745193575,1.3518505138129164
2017-09-18,0.9896198231604443,1.352071913395958
2017-09-19,0.9900916183295693,1.3527165053717054
2017-09-20,0.9900911641987322,1.3527158849136918
2017-09-21,0.9907778064336418,1.3536540125245633
2017-09-22,0.9911131286281718,1.354112147770596
2017-09-26,0.9917167935506042,1.353931647091989
2017-09-27,0.9911848804101502,1.3532054578824808
2017-09-28,0.9909555628843641,1.3528923843745866
2017-09-29,0.990643988010096,1.3524670098266776
2017-10-02,0.9909874811408529,1.352935960461894
2017-10-03,0.9911604154621179,1.3531720573516026
2017-10-04,0.9916947965324724,1.3539016158782555
2017-10-05,0.9917794897802126,1.3540172425058938
2017-10-06,0.9917465729913487,1.3539723031820332
2017-10-09,0.991574354990504,1.3537371842417683
2017-10-10,0.9921742761922347,1.354556220791383
2017-10-11,0.9927422107646735,1.3553315879083898
2017-10-12,0.9931497831922697,1.3558880221765128
2017-10-13,0.9938358573521515,1.3568246782091191
2017-10-16,0.993780947179094,1.3567497126327235
2017-10-17,0.9942865031235404,1.3574399179383236
2017-10-18,0.994346535293723,1.3575218762711687
2017-10-19,0.9941866566880097,1.357303603569349
2017-10-20,0.99461552576279,1.3578891128766235
2017-10-23,0.9948021367045916,1.3581438816386753
2017-10-24,0.9948392123987208,1.3581944988672487
2017-10-25,0.9954534126535097,1.3590330297543114
2017-10-26,0.9960196170193217,1.3598060347236534
2017-10-27,0.9956236964220962,1.359265508002915
2017-10-30,0.9949448849829112,1.3583387673286647
2017-10-31,0.9948590704387862,1.3582216098621105
2017-11-01,0.9945136146745225,1.3577499797607058
2017-11-02,0.9954238606378704,1.3589926841541669
2017-11-03,0.9954378120887057,1.3590117312358858
2017-11-06,0.9959294760565305,1.3596829706563551
2017-11-07,0.996670306623863,1.3606943823383673
2017-11-08,0.9971758669645527,1.3613845936458957
2017-11-09,0.9968422898969143,1.3609291808188093
2017-11-10,0.9966498442736685,1.3606664463150162
2017-11-13,0.9969558448874813,1.3610842106583902
2017-11-14,0.9977363947227079,1.3621498486821875
2017-11-15,0.9978331927139515,1.3622820011924324
2017-11-16,0.9977600509213592,1.362182145075888
2017-11-17,0.9976309456718585,1.3620058853974784
2017-11-20,0.9983671323296026,1.3630109570273719
2017-11-21,0.9989391670552298,1.3637919218383934
2017-11-23,0.998215894555289,1.3630964327280108
2017-11-24,0.9994046978697154,1.3647197825123096
2017-11-27,0.9993769248567969,1.364681857555352
2017-11-28,0.9991866001603794,1.364421962961245
2017-11-29,0.9987807262733007,1.3638677289016272
2017-11-30,0.9983056932378451,1.3632190557642936
2017-12-01,0.9981354014200291,1.362986516720732
2017-12-04,0.9972726112863314,1.3641646848503433
2017-12-05,0.9966627962543341,1.3649988480686317
2017-12-06,0.9963386685161687,1.3654427634940751
2017-12-07,0.996537577928467,1.3651701660066986
2017-12-08,0.9969244196060811,1.3646402264149127
2017-12-11,0.9967646740725148,1.3648588941261328
2017-12-12,0.996564213703109,1.3651333823029514
2017-12-13,0.996388031693555,1.3653747234421336
2017-12-14,0.9957296611659074,1.3662769045688792
2017-12-15,0.9952893638725004,1.366881052508413
2017-12-18,0.9958847080575137,1.3660634363298882
2017-12-19,0.995109813138348,1.3671263662127406
2017-12-20,0.9956449953426192,1.3663911089652219
2017-12-21,0.995506769730457,1.3665808053413129
2017-12-22,0.9954577989785193,1.3666480298862946
2017-12-25,0.9946797282604103,1.3677162306830608
2017-12-26,0.994488521792628,1.3679791456515347
2017-12-27,0.9938300576081027,1.3688849029859333
2017-12-28,0.9932082617299073,1.3697413542311787
2017-12-29,0.9933159679984019,1.3695928156660542
2018-01-01,0.9935118438029759,1.3693227403794888
2018-01-02,0.9928795901085371,1.370194153606099
2018-01-03,0.9921639949424006,1.3711816895800049
2018-01-04,0.992343803051689,1.3709331927706558
2018-01-05,0.9920486495859754,1.3713409503259142
2018-01-08,0.9927573908750227,1.3703612343076896
2018-01-09,0.9929558276922745,1.370087320334023
2018-01-10,0.9925283461537738,1.3706771623181702
2018-01-11,0.9935035872014815,1.3693303588369112
2018-01-12,0.9933130036344088,1.3695930371680718
2018-01-15,0.9929879139360732,1.3700412751209288
2018-01-16,0.9920367657506418,1.371353589454778
2018-01-17,0.9915738585044335,1.3719934946836856
2018-01-18,0.9915501618582416,1.3720262826037606
2018-01-22,0.9915959636672048,1.3715317462826588
2018-01-23,0.9912845914022813,1.3719624226487417
2018-01-24,0.991094777574798,1.3722251296865238
2018-01-25,0.9908960699620619,1.3725002512852105
2018-01-26,0.991217844995146,1.3720545574055465
2018-01-29,0.9913135727873793,1.3719220499509366
2018-01-30,0.9911758215002165,1.3721126899597649
2018-01-31,0.9910145261278989,1.3723359757001836
2018-02-01,0.9910584161997479,1.3722751976560819
2018-02-02,0.9911835699523627,1.3721019027344108
2018-02-05,0.9902364028958022,1.3734130722895888
2018-02-06,0.9897594303938885,1.3740746115617617
2018-02-07,0.9893603864601346,1.3746286008660624
2018-02-08,0.9896126236751702,1.374278139603679
2018-02-09,0.9901170631624837,1.3735776229130232
2018-02-12,0.9897675460192595,1.374062503887828
2018-02-13,0.988932613763195,1.3752216135302473
2018-02-14,0.9885379959012407,1.3757703738858995
2018-02-15,0.989061248967674,1.375042150924487
2018-02-16,0.9893924481004553,1.374581701414005
2018-02-19,0.9894387144421154,1.3745174227076538
2018-02-20,0.9892966034227105,1.3747148417789712
2018-02-21,0.9888812236589127,1.3752920485785216
2018-02-22,0.9892525019615194,1.374775691219146
2018-02-23,0.9886335350957913,1.3756358766611698
2018-02-26,0.9894882101648825,1.3744466375283744
2018-02-27,0.9897998453971072,1.374013761226599
2018-02-28,0.9890195164876718,1.3750969930181909
2018-03-01,0.9890195164876718,1.3755605570245761
2018-03-02,0.9890195164876718,1.376022777181733
2018-03-05,0.9890195164876718,1.37639017542961
2018-03-06,0.9890195164876718,1.3760074692854734
2018-03-07,0.9890195164876718,1.3762154109314206
2018-03-08,0.9890195164876718,1.3765813047215756
2018-03-09,0.988862583991143,1.376362875926973
2018-03-12,0.9889647287671769,1.3765050476300782
2018-03-13,0.9890721940350311,1.376654624737677
2018-03-14,0.9894638029490587,1.3771996913423554
2018-03-15,0.9893492119639413,1.3770401962007808
2018-03-16,0.9897553594586465,1.3776054985419885
2018-03-19,0.9911305975083092,1.3795196437708215
2018-03-21,0.9910184788694818,1.3785648791806109
2018-03-22,0.9912560298050312,1.3788953264767487
2018-03-23,0.9921410606403922,1.3801264563220896
2018-03-26,0.9923577519960138,1.3804278867180424
2018-03-27,0.9926538674455947,1.38083980069107
2018-03-28,0.9930750463635947,1.3814256852901832
2018-03-29,0.9927964160535302,1.381038094172641
2018-03-30,0.9928052276158058,1.3810503515730255
2018-04-02,0.9927623523134506,1.38099070951057
2018-04-03,0.9926294477679459,1.3808058314859695
2018-04-04,0.993540428441315,1.3820730590792951
2018-04-05,0.993150001604907,1.3815299524308948
2018-04-06,0.9928066619115714,1.3810523467626323
2018-04-09,0.991655137776788,1.3794505090940228
2018-04-10,0.9930807486699657,1.3814336175330841
2018-04-11,0.9931771617572669,1.381567733797191
2018-04-12,0.9944452479612207,1.383331716146479
2018-04-13,0.9944662136669881,1.3833608806739368
2018-04-16,0.9952317220723917,1.3844257478029645
2018-04-17,0.9947179966892442,1.3837111256381398
2018-04-18,0.9950914644427463,1.3842306412066807
2018-04-19,0.995989936804504,1.3854804690042881
2018-04-20,0.9959895132076088,1.3854798797561407
2018-04-23,0.9970490937773442,1.3869538185284689
2018-04-24,0.9972115599837448,1.3871798185587136
2018-04-25,0.9982136357862372,1.3885737648241443
2018-04-26,0.9983531052757252,1.388767775071203
2018-04-27,0.9995528119700606,1.390436637508577
2018-04-30,0.999572188158295,1.390463590923838
2018-05-01,0.9991216708228344,1.3898368948638045
2018-05-02,0.9991216708228344,1.390318192308797
2018-05-03,0.9991216708228344,1.39053350964732
2018-05-04,0.9991216708228344,1.3910265733718004
2018-05-07,0.9991216708228344,1.3907755287077854
2018-05-08,0.9991216708228344,1.3904677406169696
2018-05-09,0.9991216708228344,1.3918182150225293
2018-05-10,0.9991216708228344,1.3917134184515676
2018-05-11,0.9991216708228344,1.3933927986799848
2018-05-14,0.9991216708228344,1.3944463891191228
2018-05-15,0.9991216708228344,1.3946903517504305
2018-05-16,0.9991216708228344,1.394665700741451
2018-05-18,0.9991216708228344,1.3957709958026105
2018-05-21,0.9991216708228344,1.396561302976834
2018-05-22,0.9991216708228344,1.3965016665025494
2018-05-23,0.9991216708228344,1.3962293141118713
2018-05-24,0.9991216708228344,1.3967477851665342
2018-05-25,0.9991216708228344,1.3969574851491235
2018-05-28,0.9991216708228344,1.3964981042833957
2018-05-29,0.9991216708228344,1.3971194687972026
2018-05-30,0.9991216708228344,1.3974541104052993
2018-05-31,0.9991216708228344,1.3961045210746605
2018-06-01,0.9991216708228344,1.3973083464163094
2018-06-04,0.9981758443786464,1.3986311194311685
2018-06-05,0.9985950639491905,1.398043714375697
2018-06-06,0.9983324063147034,1.3984114378586023
2018-06-07,0.9982374394691519,1.3985444624125452
2018-06-08,0.997792235672027,1.3991681990913107
2018-06-11,0.9976470661959908,1.39937176503128
2018-06-12,0.9981832269414883,1.3986197072804083
2018-06-13,0.9985159055605828,1.3981535695410656
2018-06-14,0.9986922346853521,1.3979066679205334
2018-06-15,0.997846813129764,1.3990900359179153
2018-06-18,0.9970913904388721,1.4001492209008468
2018-06-19,0.9954370961998672,1.4024722364359266
2018-06-20,0.9948341044351373,1.4033217920854615
2018-06-21,0.995219979374455,1.4027774734810328
2018-06-22,0.9956595335359906,1.402157915303991
2018-06-25,0.9955333196885281,1.4023356585377766
2018-06-26,0.9952033516417821,1.4028004606182078
2018-06-27,0.9947746166526933,1.4034047890091692
2018-06-28,0.9949811188069771,1.4031134605942586
2018-06-29,0.9951939126291289,1.40281338065249
2018-07-02,0.9944084842541977,1.403920511051818
2018-07-03,0.9941507371919631,1.4042844021419125
2018-07-04,0.9945011260099315,1.4037894615525732
2018-07-05,0.9940338024457335,1.4044491127861405
2018-07-06,0.9939956253928066,1.4045030523282165
2018-07-09,0.9951967318795094,1.4028059042888792
2018-07-10,0.9949430827157418,1.4031634421838026
2018-07-11,0.9948497212417602,1.4032951094213313
2018-07-12,0.9941563095368442,1.4042732081567961
2018-07-13,0.9940369231528523,1.4044418447171136
2018-07-17,0.9939864780787858,1.4043010242903589
2018-07-18,0.9930331760790623,1.4056478464093654
2018-07-19,0.9924224896499076,1.4065122788217463
2018-07-20,0.9926846204146804,1.4061407735977567
2018-07-23,0.9923049917860005,1.4066785187009183
2018-07-24,0.9922741813692728,1.406722195142861
2018-07-25,0.991637160875744,1.4076252831036615
2018-07-26,0.9914298206008072,1.407919601857256
2018-07-27,0.9910141346903683,1.4085099132735177
2018-07-30,0.991884187929531,1.40974650372116
2018-07-31,0.9921260906198895,1.4100903155049587
2018-08-01,0.9928192640131729,1.4110755099253813
2018-08-02,0.9928192640131729,1.412039316692926
2018-08-03,0.9928192640131729,1.4124090739686643
2018-08-06,0.9928192640131729,1.4123836926032736
2018-08-07,0.9928192640131729,1.4138612575839085
2018-08-08,0.9928192640131729,1.413863912792194
2018-08-09,0.9928192640131729,1.4140002522239448
2018-08-10,0.9928192640131729,1.4152164396939904
2018-08-13,0.9928192640131729,1.4167607453081221
2018-08-14,0.9928192640131729,1.4170451812792217
2018-08-15,0.9928192640131729,1.417123084245689
2018-08-16,0.9928192640131729,1.4168380670439737
2018-08-17,0.9928192640131729,1.417740644401764
2018-08-20,0.9928192640131729,1.4192571076302998
2018-08-21,0.9928192640131729,1.4195916256279977
2018-08-22,0.9928192640131729,1.4197936186272693
2018-08-23,0.9928192640131729,1.4196389576670965
2018-08-24,0.9928192640131729,1.4205908192452292
2018-08-27,0.9928192640131729,1.4195922476065648
2018-08-28,0.9928192640131729,1.4211388837920687
2018-08-29,0.9928192640131729,1.4213607903207617
2018-08-30,0.9928192640131729,1.422368844176156
2018-08-31,0.9928192640131729,1.4215666022977587
2018-09-03,0.9928192640131729,1.4214161025455923
2018-09-04,0.9928192640131729,1.4216632999591523
2018-09-05,0.9928192640131729,1.4226467241555045
2018-09-06,0.9928192640131729,1.4237931831246062
2018-09-07,0.9928192640131729,1.4234837404792025
2018-09-10,0.9928192640131729,1.4239536476771926
2018-09-11,0.9928192640131729,1.4241111591874116
2018-09-13,0.9928192640131729,1.425226236477193
2018-09-14,0.9928192640131729,1.425603704769942
2018-09-17,0.9928192640131729,1.4263300494678117
2018-09-18,0.9928192640131729,1.4270972068953685
2018-09-19,0.9928192640131729,1.4276167726006501
2018-09-20,0.9928192640131729,1.428624339706221
2018-09-21,0.9928192640131729,1.429904835137992
2018-09-24,0.9928192640131729,1.429028545540141
2018-09-25,0.9928192640131729,1.4293129848280839
2018-09-26,0.9928192640131729,1.429980660248512
2018-09-27,0.9928192640131729,1.4305098630817508
2018-09-28,0.9928192640131729,1.431054859985394
2018-10-01,0.9928192640131729,1.4306106961271423
2018-10-02,0.9923393037590587,1.431302298615269
2018-10-03,0.9923129590452958,1.4313402969583984
2018-10-04,0.9922967461135362,1.4313636829500331
2018-10-05,0.9916111218999047,1.432352679037531
2018-10-08,0.9923019596533936,1.431354784515035
2018-10-09,0.9908339500171928,1.4334723280672255
2018-10-10,0.9910959692012598,1.433093256225999
2018-10-11,0.9904371787178283,1.4340458463165757
2018-10-12,0.9900604008389842,1.4345913799089636
2018-10-15,0.9888054259667348,1.436409830714799
2018-10-16,0.9881605600122318,1.437346609349115
2018-10-17,0.9877191773951477,1.4379886303260339
2018-10-18,0.9870916796135405,1.4389021841945389
2018-10-19,0.9870067374779521,1.4390260059498554
2018-10-22,0.9874210264549803,1.4384219851369424
2018-10-23,0.9873899840232142,1.4384672060863937
2018-10-24,0.9867982836086988,1.4393292177088328
2018-10-25,0.9858615858029728,1.4406954711188151
2018-10-26,0.9852175200007437,1.4416366810185985
2018-10-29,0.9853870340335986,1.4413886366601192
2018-10-30,0.9858469447390261,1.4420613774632614
2018-10-31,0.9852549248501253,1.4411953921082021
2018-11-01,0.9855543187311481,1.4416333346861812
2018-11-02,0.9848200516455704,1.442707394113463
2018-11-05,0.9847334738955787,1.4428342257715614
2018-11-06,0.985019394067149,1.442415294740662
2018-11-07,0.9846540371294784,1.4429503059679636
2018-11-08,0.9839956568842494,1.4439151219748791
2018-11-12,0.9837656481681509,1.4445683227066555
2018-11-13,0.9839185251371085,1.4443438371017363
2018-11-14,0.9834874793245874,1.4449765910817844
2018-11-15,0.9831488720313418,1.4454740855823196
2018-11-16,0.9830363294676644,1.4456395512243485
2018-11-19,0.9829902795927883,1.4457072715297474
2018-11-20,0.9824893663312881,1.4464439766219448
2018-11-21,0.981211844570518,1.448324774235836
2018-11-22,0.9797298868643407,1.4505122285272847
2018-11-23,0.9796957528112208,1.4505627647639794
2018-11-26,0.9794402001742446,1.4509411425803282
2018-11-27,0.979258303113748,1.4512106045941828
2018-11-28,0.9788956626941504,1.4517480191056567
2018-11-29,0.978694755570359,1.4520459737601756
2018-11-30,0.9791649346274178,1.4513483899600554
2018-12-03,0.9787618188564583,1.451945900557565
2018-12-04,0.9780123892406192,1.4530576432078306
2018-12-05,0.9779144526524853,1.4532031500638816
2018-12-06,0.9770825632593318,1.4544393566495972
2018-12-07,0.9769197069621398,1.4546817769086635
2018-12-10,0.9763862274957882,1.4554761542280337
2018-12-11,0.9758231893532897,1.4563154620421441
2018-12-12,0.9755746212667528,1.4566864242735642
2018-12-13,0.9753781946154091,1.4569797201733756
2018-12-14,0.9753147849082746,1.4570744389787242
2018-12-17,0.9749764439713873,1.4575799044329825
2018-12-18,0.9740629327621206,1.458945594434351
2018-12-19,0.9732670023449975,1.4601377342196575
2018-12-20,0.9730579340903002,1.4604513875614185
2018-12-21,0.972988170135734,1.4605560954731247
2018-12-24,0.9725235313264657,1.4612535664865447
2018-12-25,0.9726484148474372,1.461065924250098
2018-12-26,0.9719840333537519,1.46206392635066
2018-12-27,0.9713157000252938,1.463069237154938
2018-12-28,0.9712758137821794,1.4630091574761221
2018-12-31,0.9717208550033007,1.4636795122535355
2019-01-01,0.9722930093737903,1.4645413344791467
2019-01-02,0.9722930093737903,1.4648136673130112
2019-01-03,0.9722930093737903,1.4647801312153823
2019-01-04,0.9722930093737903,1.465344454092291
2019-01-07,0.9722930093737903,1.4658080518708612
2019-01-09,0.9722930093737903,1.4653227588525546
2019-01-10,0.9722930093737903,1.4657191909181715
2019-01-11,0.9722930093737903,1.4669377870946243
2019-01-14,0.9722930093737903,1.4679118315236932
2019-01-15,0.9722930093737903,1.4687763870796828
2019-01-16,0.9722930093737903,1.469101528971857
2019-01-17,0.9722930093737903,1.4686378778350122
2019-01-18,0.9722930093737903,1.4682899707389017
2019-01-21,0.9722930093737903,1.4694116917376308
2019-01-22,0.9722930093737903,1.469913838127304
2019-01-23,0.9722930093737903,1.469834948060008
2019-01-24,0.9722930093737903,1.470519785087757
2019-01-25,0.9722930093737903,1.470609599445196
2019-01-28,0.9722930093737903,1.4700751856412968
2019-01-29,0.9722930093737903,1.472003344181067
2019-01-30,0.9736094676168414,1.473996396602059
2019-01-31,0.9741465825368597,1.474809561924502
2019-02-01,0.9738333293267762,1.4743353121167047
2019-02-04,0.9745349546349589,1.4753975379992832
2019-02-05,0.9764284194866201,1.4782641497787194
2019-02-06,0.9761828595613129,1.4778923842432645
2019-02-07,0.9762192702642399,1.4779475082397922
2019-02-08,0.9765434262330402,1.4784382642829912
2019-02-11,0.9772008591301816,1.4794335850493001
2019-02-12,0.9779300180878158,1.4805374955101687
2019-02-13,0.9778093934533151,1.4803548758022578
2019-02-14,0.9778306943876305,1.480387124359271
2019-02-15,0.9776653479057311,1.4801367979947309
2019-02-18,0.9793777419179485,1.4827292775129812
2019-02-19,0.9796614468541921,1.483158792701186
2019-02-20,0.9806696710960957,1.4846851941475179
2019-02-21,0.9806893856864977,1.4847150410586045
2019-02-22,0.9805968664253185,1.4845749714905383
2019-02-25,0.9802099896049501,1.4839892591920048
2019-02-26,0.9807232709340237,1.484766341641038
2019-02-27,0.9806111573305071,1.484596607211485
2019-02-28,0.9805291371678075,1.4844724327572616
2019-03-01,0.9797865805862114,1.4833482389588746
2019-03-04,0.9797865805862114,1.484308752684361
2019-03-05,0.9797865805862114,1.484257685408447
2019-03-06,0.9797865805862114,1.4853001913522215
2019-03-08,0.9797865805862114,1.4866326422741618
2019-03-11,0.9797865805862114,1.4868288862703423
2019-03-12,0.9797865805862114,1.485929422558546
2019-03-13,0.9797865805862114,1.4871967343160966
2019-03-14,0.9797865805862114,1.4875266148510329
2019-03-15,0.9797865805862114,1.4862518318855318
2019-03-18,0.9797865805862114,1.4858483147011259
2019-03-19,0.9797865805862114,1.4856709638778502
2019-03-20,0.9797865805862114,1.4861277900695646
2019-03-21,0.9797865805862114,1.4871090074100024
2019-03-22,0.9797865805862114,1.4867123812575371
2019-03-25,0.9797865805862114,1.4876588152785177
2019-03-26,0.9797865805862114,1.4878613650988484
2019-03-27,0.9797865805862114,1.4900643755410812
2019-03-28,0.9797865805862114,1.490597176588996
2019-03-29,0.9797865805862114,1.489452135101476
2019-04-01,0.980430097103421,1.4904303961529364
2019-04-02,0.9801642779152595,1.4900263030930772
2019-04-03,0.9807205155396019,1.4908718845019437
2019-04-04,0.9813796953709475,1.4918739566130212
2019-04-05,0.9809521625065106,1.491224029628534
2019-04-08,0.9816430830834725,1.4922743533918228
2019-04-09,0.9815471729139702,1.4921285526536072
2019-04-10,0.9820542886876155,1.4928994599989065
2019-04-11,0.9828761624131512,1.4941488561424532
2019-04-12,0.9829596176148775,1.4942757230855808
2019-04-15,0.9826980780663719,1.4938781358490807
2019-04-16,0.9825891566048668,1.4937125556027173
2019-04-17,0.983074625016226,1.494450555057038
2019-04-18,0.9826228927189752,1.4937638405745515
2019-04-19,0.9827082479600322,1.4938935959198008
2019-04-22,0.9831068952880474,1.4944996116844886
2019-04-23,0.9836238074548678,1.495285411312475
2019-04-24,0.9839805591951352,1.4958277382352672
2019-04-25,0.983790211062229,1.4955383747773598
2019-04-26,0.9842711580790374,1.496269500897323
2019-04-29,0.983932236903091,1.4957542796449126
2019-04-30,0.9841868219175705,1.496141294736663
2019-05-01,0.9847339771523131,1.4969730692769223
2019-05-02,0.9844872933725868,1.4965980654855982
2019-05-03,0.9846370377801037,1.4968257039651558
2019-05-07,0.9846463093217321,1.4962579006918382
2019-05-08,0.985053494730769,1.4968766552431425
2019-05-09,0.9852039197215585,1.4971052394350495
2019-05-10,0.9852109736232434,1.4971159584678908
2019-05-13,0.9863091829567975,1.4987847855140977
2019-05-14,0.9872471334275346,1.5002100849226383
2019-05-15,0.9868806940508473,1.499653247602169
2019-05-16,0.9870733187435514,1.4999459580054866
2019-05-17,0.9878592556808325,1.5011402592898355
2019-05-20,0.9886675551611975,1.5023685424532125
2019-05-21,0.9894060654926032,1.5034907747793251
2019-05-22,0.9904639273562615,1.5050982902458987
2019-05-23,0.9905992928009728,1.5053039901141787
2019-05-24,0.9907138446699483,1.505478061897489
2019-05-27,0.9909252212128296,1.5057992674098772
2019-05-28,0.9910606424506945,1.5060050520608312
2019-05-29,0.9910002865137594,1.505913335830711
2019-05-30,0.9901864574624877,1.5046766499910855
2019-05-31,0.9910044615906826,1.5059196802325265
2019-06-03,0.9904259119903446,1.5050405225062928
2019-06-04,0.9899038943117452,1.5042472700779734
2019-06-05,0.9902516033589522,1.504775644991991
2019-06-06,0.9902468802537585,1.5047684678123325
2019-06-07,0.9904620502201361,1.5050954377701096
2019-06-10,0.9908156476421738,1.5056327605949444
2019-06-11,0.9906035539281113,1.5053104652769722
2019-06-12,0.9907127890563152,1.5054764577984094
2019-06-13,0.9909551115853347,1.505844688497218
2019-06-14,0.9911076845094606,1.5060765366654323
2019-06-17,0.992074739126013,1.5075460624197243
2019-06-18,0.9922851305974831,1.507865771028232
2019-06-19,0.9918050705775672,1.5071362770050427
2019-06-20,0.9925639461428046,1.5082894561206084
2019-06-21,0.9930565137370531,1.5090379565187124
2019-06-24,0.9929855882859402,1.5089301789689638
2019-06-25,0.9933473539874871,1.5094799142231503
2019-06-26,0.9934464038219752,1.509630429282225
2019-06-27,0.9933174176666769,1.5094344233132615
2019-06-28,0.9939702580239189,1.5104264724715901
2019-07-01,0.9937724432199838,1.5101258752312818
2019-07-02,0.9937849480402697,1.5101448774211772
2019-07-04,0.9940293942581356,1.5111226634232924
2019-07-05,0.9942749857534462,1.511496011411442
2019-07-08,0.9938090715909182,1.5107877290867213
2019-07-09,0.993626673961066,1.5105104483606013
2019-07-10,0.9936393614004785,1.510529735795508
2019-07-11,0.9935287295038933,1.5103615532777745
2019-07-12,0.9944244357687253,1.5117232052011245
2019-07-15,0.9935716384100953,1.5104267833615117
2019-07-16,0.993395809341892,1.5101594881573803
2019-07-17,0.9938495522018395,1.51084926767798
2019-07-18,0.9932107039291193,1.5098780910619032
2019-07-19,0.9938376521552925,1.5108311772370564
2019-07-22,0.9934554426440714,1.5102501426540567
2019-07-23,0.9937827903408024,1.5107477763520207
2019-07-24,0.9940009871563008,1.5110794789705662
2019-07-25,0.9941672286258652,1.511332199115172
2019-07-26,0.9944452961054506,1.5117549170677695
2019-07-29,0.9940719473505739,1.5111873525992399
2019-07-30,0.9944237676137888,1.511722189472542
2019-07-31,0.9946270531918796,1.5120312240403069
2019-08-01,0.9942375060828005,1.5114390348471092
2019-08-02,0.993769186201128,1.5121509743440849
2019-08-05,0.9940636180404447,1.511702957441485
2019-08-06,0.9949285330341211,1.5103876547484307
2019-08-07,0.994678117396678,1.5107678073672288
2019-08-08,0.99513938847408,1.51006720535134
2019-08-09,0.9944095121454779,1.51117475100831
2019-08-12,0.994268005435102,1.5113897945745738
2019-08-13,0.9941525545801433,1.5115652917674889
2019-08-14,0.9946447208140382,1.5108169746269173
2019-08-15,0.9942412815741031,1.5114297792185163
2019-08-16,0.9934688048811259,1.5126040859981236
2019-08-19,0.9937887840207987,1.5121169023525725
2019-08-20,0.993302313893229,1.5128570995798059
2019-08-21,0.9931398665831846,1.513104516265412
2019-08-22,0.9934208785163137,1.5126763787598614
2019-08-23,0.9937011365495736,1.5122496314304683
2019-08-26,0.9947132787542299,1.5107093175275765
2019-08-27,0.9951366577879579,1.5100663155040188
2019-08-28,0.9944033795876069,1.5111790257047513
2019-08-29,0.9943997362931334,1.5111845623615103
2019-09-02,0.993752639812521,1.512067398464055
2019-09-03,0.9932553368747251,1.5128240812936407
2019-09-04,0.9934735662571438,1.5124916968072832
2019-09-05,0.9927316657842807,1.5136211866529872
2019-09-06,0.9929719626214555,1.513254805286935
2019-09-09,0.9930229234088735,1.5131771428157428
2019-09-10,0.9925874521210056,1.5138407178285853
2019-09-11,0.9932129096165009,1.512886803871756
2019-09-12,0.9934856585559033,1.5124713458494157
2019-09-13,0.9940578359907608,1.5116002693849384
2019-09-16,0.9937014237841619,1.5121422426665736
2019-09-17,0.9939797478974137,1.5117187093609676
2019-09-18,0.9941961497832688,1.5113895891950087
2019-09-19,0.9943442432432963,1.5111644556398622
2019-09-20,0.9937779143657725,1.5120251395284972
2019-09-23,0.9938399291115808,1.5119307845893017
2019-09-24,0.99412243601648,1.511501006237814
2019-09-25,0.993686670504304,1.5121635604527424
2019-09-26,0.9943641452810605,1.511132598982748
2019-09-27,0.9945182663943661,1.5113668164367993
2019-09-30,0.9944707624293745,1.5112946247850583
2019-10-01,0.9947944350098852,1.5117865091617504
2019-10-02,0.9948869066134488,1.5116459803069158
2019-10-03,0.994028155478294,1.5129507795689336
2019-10-04,0.9940164770204429,1.512968554650869
2019-10-07,0.9936458033424596,1.5135327481343683
2019-10-08,0.9937087283015082,1.5134369001109833
2019-10-09,0.9946242898624863,1.5120424828021246
2019-10-10,0.9947521075259423,1.5118481725091149
2019-10-11,0.9933770143033949,1.5139380722537945
2019-10-14,0.9945561924888857,1.5121409673044337
2019-10-15,0.9944253460294651,1.512339908594238
2019-10-16,0.9940782352257463,1.5128678009325256
2019-10-17,0.9943810109314444,1.5124070126365712
2019-10-18,0.9943424724471542,1.5124656278688173
2019-10-21,0.9937181588652724,1.5134152532340943
2019-10-22,0.9939533662670488,1.5130570365039822
2019-10-23,0.9939689019536596,1.5130333871249053
2019-10-24,0.9943267213610932,1.512488709410196
2019-10-25,0.99416320082916,1.5127374435063363
2019-10-28,0.9936470995724772,1.5135227528951507
2019-10-30,0.9936470995724772,1.513661289570878
2019-10-31,0.9936470995724772,1.5129465738013441
2019-11-01,0.9936470995724772,1.5125249328246426
2019-11-04,0.9940648815511074,1.511888987065394
2019-11-05,0.99386326329808,1.512195631452497
2019-11-06,0.9943054534444018,1.5115228246064927
2019-11-07,0.9939308720610402,1.5120922555682383
2019-11-08,0.9936595598994064,1.5125050096439796
2019-11-11,0.9932047235344774,1.5131973416138877
2019-11-12,0.9935967480206138,1.5126000725955144
2019-11-13,0.99412148132923,1.511801245865971
2019-11-14,0.9943975798334063,1.5113813715644546
2019-11-15,0.9952484420734398,1.510088149049201
2019-11-18,0.9948105648782745,1.5107525391001722
2019-11-19,0.9950429938557127,1.5103995646945694
2019-11-20,0.9950272305834726,1.510423492142606
2019-11-21,0.9955091522437907,1.5096919485478748
2019-11-22,0.9956435422551467,1.5094881457825742
2019-11-25,0.9956593243140016,1.5094642187145557
2019-11-26,0.9960486042698826,1.5088740528313909
2019-11-27,0.9966888887511908,1.5079041115693534
2019-11-28,0.9963201275297665,1.5084620154130188
2019-11-29,0.9961914490674008,1.508656838911327
2019-12-02,0.9957863908817693,1.5092702689929463
2019-12-03,0.994758250685117,1.5108285765229275
2019-12-04,0.9950577577140841,1.5103736883348464
2019-12-05,0.9952367002848469,1.5101020758093344
2019-12-06,0.9954496833927262,1.5097789102415566
2019-12-09,0.9946653688151321,1.5109684646992074
2019-12-10,0.994531042038849,1.5111725167646475
2019-12-11,0.9937741544246326,1.5123225942509557
2019-12-12,0.9943330570389659,1.511472057891282
2019-12-13,0.9941848124751328,1.5116974024218512
2019-12-16,0.9945838049988729,1.511090718479233
2019-12-17,0.9951647847835677,1.5102080244761094
2019-12-18,0.9950060113346602,1.510448970438306
2019-12-19,0.9949652199400838,1.5105108929988118
2019-12-20,0.9951062948194351,1.510296719540566
2019-12-23,0.9949616381419008,1.5105162684537596
2019-12-24,0.9951427687270343,1.5102412822783429
2019-12-25,0.9950366011471365,1.5104024035435923
2019-12-27,0.99410380073644,1.5125722854106327
2019-12-30,0.9937979320095013,1.5121068928037453
2019-12-31,0.9936008212157174,1.5118069801350562
2020-01-01,0.9933005184438676,1.5113500563715665
2020-01-02,0.9937069542918381,1.510731646504325
2020-01-03,0.9944661056182204,1.5095775095343682
2020-01-06,0.9943606093119544,1.5097376505893305
2020-01-07,0.994415900572689,1.5096537018716338
2020-01-08,0.994738382356971,1.5091641322467444
2020-01-09,0.9941252609703829,1.5100943273832381
2020-01-10,0.9946883291065859,1.509239016657525
2020-01-13,0.994734196903752,1.5091694215219782
2020-01-14,0.9950606200801598,1.5086741858320378
2020-01-15,0.9947252320200792,1.5091826888300148
2020-01-16,0.9942903548641373,1.5098424781410613
2020-01-17,0.9938982629002499,1.5104378747468103
2020-01-20,0.994176839629247,1.5100145186969944
2020-01-21,0.9942804643734333,1.5098571273135097
2020-01-22,0.9951829884369183,1.5084866061792304
2020-01-23,0.9950677929462672,1.5086612181418126
2020-01-24,0.9944763745713329,1.509557890682402
2020-01-27,0.9949600480367986,1.5088237022039457
2020-01-28,0.9949152167054114,1.508891687421575
2020-01-29,0.9953199006670956,1.5082779423953
2020-01-30,0.9956947118018855,1.5077099648367396
2020-01-31,0.9951151320063477,1.5085875814623906
2020-02-03,0.9951151320063477,1.5094678848665009
2020-02-04,0.9951151320063477,1.5106984226503855
2020-02-05,0.9951151320063477,1.5105123430883716
2020-02-06,0.9951151320063477,1.509985411278236
2020-02-07,0.9951151320063477,1.5085909632800132
2020-02-10,0.9951151320063477,1.5076748167025078
2020-02-11,0.9951151320063477,1.5071839456464742
2020-02-12,0.9951151320063477,1.5076944401310963
2020-02-13,0.9951151320063477,1.5082274001472362
2020-02-14,0.9951151320063477,1.5074936916155266
2020-02-17,0.9951151320063477,1.5072793001039029
2020-02-18,0.9951151320063477,1.5073768143432167
2020-02-19,0.9951151320063477,1.5070457806400028
2020-02-20,0.9951151320063477,1.5069330968498045
2020-02-21,0.9951151320063477,1.506196948290111
2020-02-25,0.9951151320063477,1.5052288811204007
2020-02-26,0.9951151320063477,1.5047295811890202
2020-02-27,0.9951151320063477,1.5050868857353272
2020-02-28,0.9951151320063477,1.5055879770084786
2020-03-02,0.9951151320063477,1.5054725568310423
2020-03-03,0.9951151320063477,1.5062485562535457
2020-03-04,0.9951151320063477,1.5060674349192853
2020-03-05,0.9951151320063477,1.507368569772744
2020-03-06,0.9951151320063477,1.5073698946740197
2020-03-09,0.9951151320063477,1.5078299327920832
2020-03-10,0.9951151320063477,1.507081476037633
2020-03-11,0.9951151320063477,1.507860190253055
2020-03-12,0.9951151320063477,1.5088226992877138
2020-03-13,0.9951151320063477,1.508075148128542
2020-03-16,0.9951151320063477,1.508253067569752
2020-03-17,0.9951151320063477,1.5077614603390874
2020-03-18,0.9951151320063477,1.507399754818524
2020-03-19,0.9951151320063477,1.506983974912647
2020-03-20,0.9951151320063477,1.507204587825881
2020-03-23,0.9951151320063477,1.5079948240578431
2020-03-24,0.9951151320063477,1.508207816859983
2020-03-25,0.9951151320063477,1.5071432367351725
2020-03-26,0.9951151320063477,1.5057856718877216
2020-03-27,0.9951151320063477,1.5062065367440998
2020-03-30,0.9951151320063477,1.5055652739665182
2020-03-31,0.9959237430750321,1.506788666824289
2020-04-01,0.9963316555593577,1.5074058204093015
2020-04-02,0.9963316555593577,1.507720534278838
2020-04-03,0.9963316555593577,1.5079993353797587
2020-04-06,0.9963316555593577,1.5085157488024679
2020-04-07,0.9963316555593577,1.5077199093896252
2020-04-08,0.9963316555593577,1.5072521862561445
2020-04-09,0.9963316555593577,1.506351245832188
2020-04-10,0.9963316555593577,1.5055586354980446
2020-04-13,0.9963316555593577,1.5055439743656263
2020-04-14,0.9963316555593577,1.5050057526111296
2020-04-15,0.9963316555593577,1.50407379419054
2020-04-16,0.9963316555593577,1.5051208863929397
2020-04-17,0.9963316555593577,1.504151074061713
2020-04-20,0.9963316555593577,1.5049581651640334
2020-04-21,0.9963316555593577,1.5057655105032604
2020-04-23,0.9963316555593577,1.5061470401332335
2020-04-24,0.9963316555593577,1.5059450236593863
2020-04-27,0.9963316555593577,1.5057877121002239
2020-04-28,0.9963316555593577,1.5059604377982816
2020-04-29,0.9963316555593577,1.5062633215179189
2020-04-30,0.9963316555593577,1.506295328607692
2020-05-01,0.9963316555593577,1.506089335983494
2020-05-04,0.9963316555593577,1.5057724617666104
2020-05-05,0.9963316555593577,1.504002218247563
2020-05-06,0.9963316555593577,1.5029931696108783
2020-05-07,0.9963316555593577,1.502998003967648
2020-05-08,0.9963316555593577,1.504309232893547
2020-05-11,0.9963316555593577,1.503678629076142
2020-05-12,0.9963316555593577,1.5040272416627396
2020-05-13,0.9963316555593577,1.5043260741250766
2020-05-14,0.9963316555593577,1.5037913663403892
2020-05-15,0.9963316555593577,1.503238566028376
2020-05-18,0.9963316555593577,1.5031255964448902
2020-05-19,0.9963316555593577,1.5034458215433129
2020-05-20,0.9963316555593577,1.5027536505097843
2020-05-21,0.9963316555593577,1.5030611187962248
2020-05-22,0.9963316555593577,1.502937690474592
2020-05-25,0.9963316555593577,1.503189047252698
2020-05-26,0.9963316555593577,1.5028295455816347
2020-05-27,0.9963316555593577,1.5020286825770275
2020-05-28,0.9963316555593577,1.5024145043897656
2020-05-29,0.9963316555593577,1.500397194966033
2020-06-01,0.9963316555593577,1.5014603262390753
2020-06-02,0.9961776018553059,1.501692483396236
2020-06-03,0.9965352188202645,1.5011533920663231
2020-06-04,0.9973086227994568,1.4999883574695765
2020-06-05,0.9973997955590602,1.499851230330798
2020-06-08,0.9976688840365121,1.4994465854875052
2020-06-09,0.9979364895683046,1.499044387716958
2020-06-10,0.9980272331412573,1.4989080777962585
2020-06-11,0.9988623725032599,1.4976538062751785
2020-06-12,0.999532232797466,1.4966494448667333
2020-06-15,0.9999484245675467,1.4960262601797258
2020-06-16,0.9999827169435045,1.4959749552386947
2020-06-17,1.000478239456767,1.4952336531571313
2020-06-18,1.0000944718653333,1.4958072010815866
2020-06-22,1.0008535513853742,1.4942571972962602
2020-06-23,1.0008199566977636,1.49430735358904
2020-06-24,1.0018077233186133,1.4928325359504753
2020-06-25,1.0015618208667927,1.4931989647293749
2020-06-26,1.0024545028288936,1.4918680915332618
2020-06-29,1.0021355527259608,1.4923427579445694
2020-06-30,1.001678237311257,1.4916617409450494
2020-07-01,1.00073649413224,1.4902593322497122
2020-07-02,1.0004581636635044,1.4898448529328143
2020-07-03,0.999980926774064,1.4891341696187226
2020-07-06,0.9997965186404633,1.488859555928053
2020-07-07,0.9989524223103851,1.4876025592655027
2020-07-08,0.9982958545046294,1.486624823062697
2020-07-09,0.9981954880575888,1.486475361106204
2020-07-10,0.9978330932229564,1.4859356962819104
2020-07-13,0.9970218384706987,1.4847276060678802
2020-07-14,0.9971910519799485,1.4849795924926592
2020-07-15,0.9970264617732056,1.484734490916936
2020-07-16,0.9969208047180164,1.4845771503848009
2020-07-17,0.996861560015299,1.4844889253908804
2020-07-20,0.9956813518681619,1.4827314035901056
2020-07-21,0.9955203585349086,1.4824916583437622
2020-07-22,0.9944952491354412,1.480965103793098
2020-07-23,0.9937761534634011,1.4798942534320674
2020-07-24,0.9937851685396297,1.4799076783461775
2020-07-27,0.9933108414511896,1.4792013281988297
2020-07-28,0.9927177437584379,1.4783181093127975
2020-07-29,0.9920678768192863,1.4773503517897435
2020-07-30,0.9910303783130707,1.4758053478450002
2020-07-31,0.9903660165250124,1.4748160051354564
2020-08-03,0.9896485237922975,1.473747541811675
2020-08-04,0.9893028083881389,1.4732327153709779
2020-08-05,0.9895457371287019,1.4735944757592703
2020-08-06,0.9896348702557455,1.473727209476056
2020-08-07,0.9889887818420591,1.472765078791705
2020-08-10,0.9885931733058416,1.4721759533661083
2020-08-11,0.9890527348897207,1.472860315276696
2020-08-12,0.9885558085118136,1.472120311113303
2020-08-13,0.9879607044535424,1.4712341044228323
2020-08-14,0.9878670019282548,1.4710945661292016
2020-08-17,0.9868751942022451,1.4696176031842607
2020-08-19,0.9858897390600238,1.4675825572282006
2020-08-20,0.9857643733000028,1.4673959393992577
2020-08-21,0.9848543340988295,1.4660412669596103
2020-08-24,0.9840983147263841,1.4649158664204127
2020-08-25,0.9832804720652362,1.46369843654311
2020-08-26,0.9838140525906015,1.4644927175269546
2020-08-27,0.9836763902104252,1.4642877951102493
2020-08-28,0.9835833907964866,1.4641493574003095
2020-08-31,0.9835480250576147,1.4640967124244715
2020-09-01,0.9831403690300009,1.4634898809992398
2020-09-02,0.9832818256385225,1.463700451454582
2020-09-03,0.9827208738217813,1.4628654259247698
2020-09-04,0.9831199519960357,1.4634594884698011
2020-09-07,0.9822853237254557,1.4622170717540732
2020-09-08,0.982111835166589,1.4619588189568442
2020-09-09,0.9817013697261637,1.4613478054764855
2020-09-10,0.9812736946720757,1.4607111739905552
2020-09-11,0.98051746395867,1.4595854588519712
2020-09-14,0.9814115985994796,1.460916455971301
2020-09-15,0.9811265953547649,1.4604922038727899
2020-09-16,0.9809896661517817,1.4602883728540548
2020-09-17,0.9808463568550672,1.460075044511326
2020-09-18,0.9794647123868413,1.4580183466459111
2020-09-21,0.9791874210585394,1.4576055744051992
2020-09-22,0.9786224687745247,1.4567645938321825
2020-09-23,0.9781476731009696,1.4560578192090676
2020-09-24,0.9776311827913516,1.455288978496621
2020-09-25,0.9776307370644711,1.4552883149934226
2020-09-28,0.9772812172511146,1.454768024375552
2020-09-29,0.9762293110912138,1.453202170638619
2020-09-30,0.9756042355050502,1.4522716913052225
2020-10-01,0.9762961565584428,1.4533016759259227
2020-10-02,0.9762961565584428,1.4534415795167244
2020-10-05,0.9762961565584428,1.452483334150931
2020-10-06,0.9762961565584428,1.4513760570184344
2020-10-07,0.9762961565584428,1.4509212947706147
2020-10-08,0.9762961565584428,1.451790175377878
2020-10-09,0.9762961565584428,1.451090893375298
2020-10-12,0.9762961565584428,1.4514681663988207
2020-10-13,0.9762961565584428,1.4519230110996293
2020-10-14,0.9762961565584428,1.4533922395767958
2020-10-16,0.9762961565584428,1.4511768027729641
2020-10-19,0.9762961565584428,1.4505619402070449
2020-10-20,0.9762961565584428,1.4485988796445062
2020-10-21,0.9762961565584428,1.4477987760404265
2020-10-22,0.9762961565584428,1.4464572017417068
2020-10-23,0.9762961565584428,1.4468737630116182
2020-10-26,0.9762961565584428,1.4459777763812565
2020-10-27,0.9762961565584428,1.4467007906341214
2020-10-28,0.9762961565584428,1.4456445539896063
2020-10-29,0.9762961565584428,1.4449022813864352
2020-10-30,0.9762961565584428,1.4440170913607913
2020-11-02,0.9762961565584428,1.4432600404365667
2020-11-03,0.9762961565584428,1.4419955141903296
2020-11-04,0.9762961565584428,1.441416850257116
2020-11-05,0.9762961565584428,1.4399260721462954
2020-11-06,0.9762961565584428,1.4400630076167147
2020-11-09,0.9762961565584428,1.4403396098157444
2020-11-10,0.9762961565584428,1.4397367282130205
2020-11-11,0.9762961565584428,1.4402788470013628
2020-11-12,0.9762961565584428,1.4392827429142743
2020-11-13,0.9762961565584428,1.4390224017851148
2020-11-16,0.9762961565584428,1.4397145004986593
2020-11-17,0.9762961565584428,1.4394925687445255
2020-11-18,0.9762961565584428,1.4386601038375137
2020-11-19,0.9762961565584428,1.4386994557915185
2020-11-20,0.9762961565584428,1.4387293715955631
2020-11-23,0.9762961565584428,1.437125130537514
2020-11-24,0.9762961565584428,1.437354178798713
2020-11-25,0.9762961565584428,1.436867332751753
2020-11-26,0.9762961565584428,1.435394412569834
2020-11-27,0.9762961565584428,1.4362543149495792
2020-11-30,0.9756156755237665,1.4352532418471915
2020-12-01,0.9754927825965117,1.4350724509100758
2020-12-02,0.9759773890176038,1.434359533975322
2020-12-03,0.9758431984526796,1.4345567491140478
2020-12-04,0.9763753339701886,1.4337744732327422
2020-12-07,0.97720262600926,1.432559622584369
2020-12-08,0.9778123534497803,1.4316657742781704
2020-12-09,0.9782383677244486,1.4310420246862936
2020-12-10,0.9785690312604842,1.4305583047344794
2020-12-11,0.9784694148397036,1.4307039327826634
2020-12-15,0.9780854388845723,1.4299952099159505
2020-12-16,0.9783727857648884,1.4295750987006104
2020-12-17,0.9787473935731448,1.4290277306602746
2020-12-18,0.9787923975439023,1.4289620222633737
2020-12-21,0.9788275727967458,1.4289106690851483
2020-12-22,0.9784870369581918,1.4294077896265376
2020-12-23,0.9788892139971698,1.4288202754637431
2020-12-24,0.9793816804775958,1.4281014544958976
2020-12-25,0.9797974824177028,1.4274951460797964
2020-12-28,0.9807085810266835,1.4261677402992563
2020-12-29,0.9814282315097289,1.4251212089207548
2020-12-30,0.9818234703978345,1.4245472868509126
2020-12-31,0.9820142860252241,1.424270428645255
2021-01-01,0.9828126664523471,1.4231124927075174
2021-01-04,0.9835209741420413,1.4220868633517996
2021-01-05,0.9834292956872894,1.4222194225239806
2021-01-06,0.9835041570552688,1.4221111592334685
2021-01-07,0.9832999675328737,1.4224064098394915
2021-01-08,0.9829847439573539,1.422862400940027
2021-01-11,0.9838459925423049,1.4216157506365277
2021-01-12,0.9843893825431442,1.4208305751214705
2021-01-13,0.9849228259307394,1.4200606230185397
2021-01-14,0.9848299613418559,1.420194515078379
2021-01-15,0.9856865194318933,1.4189592976813983
2021-01-18,0.9854970074472823,1.4192321124021892
2021-01-19,0.9860971093818148,1.4183678947234268
2021-01-20,0.9864292639328768,1.4178901351327837
2021-01-21,0.986664844075549,1.417551513021152
2021-01-22,0.9871412498276763,1.416867055985113
2021-01-25,0.987430115769499,1.416452439903943
2021-01-26,0.9878526732357206,1.4158462880918092
2021-01-27,0.9882587873519734,1.4152642223854373
2021-01-28,0.9882155119395589,1.4153261961757875
2021-01-29,0.9895651772135767,1.4133932001892773
2021-02-01,0.9904560000714792,1.4121208403701113
2021-02-02,0.9909035487261652,1.41148275772705
2021-02-03,0.9910542239497545,1.4112681298953236
2021-02-04,0.9917582377094388,1.410265609389341
2021-02-05,0.9921044717775045,1.409773269643195
2021-02-08,0.9925607350015648,1.4091249229060323
2021-02-09,0.9924773978576223,1.4092432355113893
2021-02-11,0.9913960742208181,1.4103026776634777
2021-02-12,0.9919469085117337,1.40951909268102
2021-02-15,0.9917810976660918,1.4097547036302556
2021-02-16,0.9928516452602233,1.4082329872859547
2021-02-17,0.9932970351432471,1.4076012587407365
2021-02-18,0.9926536636604886,1.40851298048854
2021-02-19,0.9926049207905304,1.4085821435486843
2021-02-22,0.9923271296971897,1.4089763503126451
2021-02-23,0.9927879462001648,1.408322050399749
2021-02-24,0.993429965089278,1.4074113127525283
2021-02-25,0.9939507870350195,1.406673454298359
2021-02-26,0.9938348894260143,1.4068374765941618
2021-03-01,0.9933670002919254,1.4061751493044572
2021-03-02,0.9930871323585191,1.4065713204405301
2021-03-03,0.9938569421135176,1.40548099081255
2021-03-04,0.9947239372612451,1.4042549137509297
2021-03-05,0.9949826250126802,1.4038897234378465
2021-03-08,0.9956436060937605,1.4029570995670488
2021-03-09,0.9956910316375314,1.4028902724384187
2021-03-10,0.9966977554615714,1.4014718373868797
2021-03-11,0.9967075348523985,1.40145808643705
2021-03-12,0.9969022279397053,1.4011843309049221
2021-03-15,0.9968836363993624,1.4012104620282015
2021-03-16,0.9968554757687036,1.4012500443514093
2021-03-17,0.9972538756396224,1.4006900255218353
2021-03-18,0.9981726795154559,1.3993995222149764
2021-03-19,0.9981390022695382,1.3994467364122931
2021-03-22,0.9985768783113624,1.398832809698388
2021-03-23,0.9985768783113624,1.398697840355748
2021-03-24,0.9985768783113624,1.3980794821538507
2021-03-25,0.9985768783113624,1.3974830312244355
2021-03-26,0.9985768783113624,1.3979540185430177
2021-03-29,0.9985768783113624,1.397173242352198
2021-03-30,0.9985768783113624,1.396930811664228
2021-03-31,0.9985768783113624,1.3959512510618053
2021-04-01,0.9987428499914848,1.3961832696269652
2021-04-02,0.999069044207411,1.3957272694594252
2021-04-05,0.9998131504262038,1.3946877323553935
2021-04-06,1.0002441142457748,1.3940865600743642
2021-04-07,1.0001769621809704,1.3941801530180182
2021-04-08,1.0006548754406392,1.3935139737250644
2021-04-12,1.0007056163152666,1.393689463125542
2021-04-13,1.0012352187722646,1.392951882210706
2021-04-14,1.0021844486724052,1.3916312818649925
2021-04-15,1.0023310253413134,1.391427745801432
2021-04-16,1.0019620343231508,1.3919399761202012
2021-04-19,1.0025102464538267,1.3911783919943141
2021-04-20,1.0025924119723642,1.3910643713203505
2021-04-21,1.0021649456240418,1.3916574669791535
2021-04-22,1.0028066966870337,1.3907662986513705
2021-04-23,1.0029133932689036,1.390618323961197
2021-04-26,1.003915893946652,1.3892282778997753
2021-04-27,1.004014807492608,1.389091400402429
2021-04-28,1.0027852033050644,1.3907926030042925
2021-04-29,1.0034760046752258,1.3898345100521834
2021-04-30,1.0027772751573574,1.3888667555741478
2021-05-03,1.0026894763644532,1.3887451524747705
2021-05-04,1.0025114369695787,1.3884985643211998
2021-05-05,1.0006813150586245,1.385963808554648
2021-05-06,1.000073188574146,1.3851215411056337
2021-05-07,0.999261719351748,1.3839976398624754
2021-05-10,0.9994298187565502,1.384230460929272
2021-05-11,1.0000164151115363,1.3850429087146021
2021-05-12,0.9993077150815324,1.3840613448761192
2021-05-13,0.9990517429865998,1.3837068183607963
2021-05-14,0.9989221588014133,1.3835273416501523
2021-05-17,0.9985431968567567,1.3830024717118317
2021-05-18,0.9979845842628777,1.3822287820001637
2021-05-19,0.9974746657538545,1.381522534578349
2021-05-20,0.9976829636078222,1.3818110313081815
2021-05-21,0.9971384117025192,1.381056815933844
2021-05-24,0.9976005087788429,1.3816968297066465
2021-05-25,0.9983257137327987,1.382701253197764
2021-05-26,0.9974089609509774,1.3814315321008714
2021-05-27,0.9964289489632553,1.3800741957276497
2021-05-28,0.9963231974642568,1.3799277277681639
2021-05-31,0.9960866666451605,1.379600127812072
2021-06-01,0.9958105703012634,1.3792177288059575
2021-06-02,0.9963906813803961,1.3784142632585146
2021-06-03,0.9962350236817004,1.378629601274092
2021-06-04,0.9964981145560347,1.3782655256708853
2021-06-07,0.9975216510068039,1.3768498631786472
2021-06-09,0.9977956143211688,1.375233781787751
2021-06-10,0.9983046653468636,1.3745321709997886
2021-06-11,0.9981132380852926,1.3747957407681861
2021-06-14,0.9990695950548484,1.3734784598843843
2021-06-15,0.9993676268186561,1.3730687384696025
2021-06-16,0.999836551257998,1.3724244655603284
2021-06-17,0.9997979502844804,1.372477451141205
2021-06-18,1.0008358556491126,1.3710526615534981
2021-06-21,1.0012765826962784,1.3704489062147733
2021-06-22,1.0018318597258344,1.3696888976307795
2021-06-23,1.0019289436969314,1.36955616593927
2021-06-24,1.0024264482432723,1.3688761172957902
2021-06-25,1.0025947298236029,1.368646318254974
2021-06-28,1.0024347803793228,1.368864665919797
2021-06-29,1.0032333276798748,1.367774217737844
2021-06-30,1.0030976195044852,1.3675891978244172
2021-07-01,1.0028496988980224,1.3672511912967136
2021-07-02,1.0033115319026737,1.3666215438764833
2021-07-05,1.0038776041677548,1.3658504906908553
2021-07-06,1.0041914531839164,1.3654234756534172
2021-07-07,1.004151654121476,1.3654775914039476
2021-07-08,1.0046144947907338,1.364848205832886
2021-07-09,1.0043453272679588,1.3652138911902372
2021-07-12,1.0051649466148533,1.3640997766645964
2021-07-13,1.0061077996509127,1.362820239788338
2021-07-14,1.0054309694316774,1.3637370380896674
2021-07-15,1.0061034143523968,1.3628249535484696
2021-07-16,1.0060685745816422,1.3628721460222084
2021-07-19,1.0065589636668535,1.362207839789181
2021-07-20,1.007508498564665,1.3609228044076072
2021-07-21,1.0076281228162838,1.3607612183046411
2021-07-22,1.0073055954482557,1.3611967785319876
2021-07-23,1.0076828516800054,1.3606869829251136
2021-07-26,1.0082323440508152,1.3599449963814993
2021-07-27,1.0086015124299355,1.3594470469822666
2021-07-28,1.0094835290260291,1.358258217853843
2021-07-29,1.0097914046357592,1.3578439717914075
2021-07-30,1.0091249611756887,1.3587401234427705
2021-08-02,1.0094527173093089,1.3582988149561235
2021-08-03,1.009367848056746,1.3584130132768626
2021-08-04,1.0096364756362712,1.3580514927465082
2021-08-06,1.0109499215365116,1.3577038698069015
2021-08-09,1.0115892325501183,1.356845276301236
2021-08-10,1.0121786772808496,1.3560546537117515
2021-08-11,1.013246243606147,1.3546243940984444
2021-08-12,1.0147878745592387,1.3525633641080217
2021-08-13,1.0153530795392156,1.35181002878712
2021-08-16,1.0155497736902168,1.351548156211673
2021-08-17,1.0160645780165165,1.3508630269781823
2021-08-18,1.0161359702919088,1.3507681105847502
2021-08-19,1.0161553585205942,1.3507423374581267
2021-08-20,1.016233135922248,1.3506389504824734
2021-08-23,1.0162310906216632,1.350641668817999
2021-08-24,1.0156658326241463,1.351392935938366
2021-08-25,1.015928740320511,1.3510431244233392
2021-08-26,1.0154159679596866,1.3517250399406302
2021-08-27,1.0156930338312367,1.3513562089510607
2021-08-30,1.0153938397715845,1.35095813813958
2021-08-31,1.0148687546112076,1.3502595244166655
2021-09-01,1.0147415036003005,1.3500902198748828
2021-09-02,1.0147415036003005,1.3475173933620928
2021-09-03,1.0147415036003005,1.3464244598429593
2021-09-06,1.0147415036003005,1.3469100491144301
2021-09-07,1.0147415036003005,1.3467851163253164
2021-09-08,1.0147415036003005,1.3467058452104583
2021-09-09,1.0147415036003005,1.3468170036419411
2021-09-10,1.0147415036003005,1.346731956568333
2021-09-13,1.0147415036003005,1.3461419218688475
2021-09-14,1.0147415036003005,1.3456545795221069
2021-09-15,1.0147415036003005,1.3444533292363623
2021-09-16,1.0147415036003005,1.3432466258397482
2021-09-17,1.0147415036003005,1.3423149507581877
2021-09-20,1.0147415036003005,1.3426222744547933
2021-09-21,1.0147415036003005,1.3421721069053165
2021-09-22,1.0147415036003005,1.341719623955343
2021-09-23,1.0147415036003005,1.3415028310254038
2021-09-24,1.0147415036003005,1.3413576152726474
2021-09-27,1.0147415036003005,1.3395862195721016
2021-09-28,1.0147415036003005,1.3391806637175068
2021-09-29,1.0140757858901137,1.3383020988004186
2021-09-30,1.0143088826777267,1.3386097226727434
2021-10-01,1.0148119897179655,1.339273686073942
2021-10-05,1.014550072927487,1.3390842620842571
2021-10-06,1.0146825742554924,1.3392591479255498
2021-10-07,1.014300094873389,1.338754321071939
2021-10-08,1.0150812888813674,1.3397854033512986
2021-10-11,1.015001905306643,1.3396806265655903
2021-10-12,1.0142490744282988,1.3386869802113073
2021-10-13,1.0135191227228793,1.3377235316177958
2021-10-14,1.013135254739079,1.3372168719766981
2021-10-15,1.0130945161603668,1.337163101944968
2021-10-18,1.0131058238475832,1.3371780267341882
2021-10-19,1.0125582714491497,1.3364553233221297
2021-10-20,1.01214695999844,1.335912441600313
2021-10-21,1.0114709330577283,1.3350201672205575
2021-10-22,1.0115336182507326,1.3351029041476523
2021-10-25,1.0116102813646415,1.3352040902517759
2021-10-26,1.0110036082059433,1.3344033545357974
2021-10-27,1.010910261866694,1.3342801485776616
2021-10-28,1.0105625701714072,1.333821237293103
2021-10-29,1.0098168514535784,1.3328369781366232
2021-11-01,1.0093756601616055,1.3322546586125168
2021-11-02,1.0096587438158982,1.3318810221834907
2021-11-03,1.009087312328093,1.332634820195688
2021-11-04,1.009064812144815,1.3326645346984178
2021-11-05,1.0095024824448715,1.3320865067266208
2021-11-08,1.0097398407799336,1.3317733011219852
2021-11-09,1.0111282012648344,1.3299421547697765
2021-11-10,1.0117942224459575,1.3290661336642065
2021-11-11,1.0126326298573562,1.3279648238603126
2021-11-12,1.0128890955296501,1.3276284951846486
2021-11-15,1.0133383315855713,1.3270396660704469
2021-11-16,1.0138132085137932,1.3264177804665873
2021-11-17,1.0138132085137932,1.3256308599768747
2021-11-18,1.0138132085137932,1.3261929203171154
2021-11-19,1.0138132085137932,1.32672341805998
2021-11-22,1.0138132085137932,1.3263994114715105
2021-11-23,1.0138132085137932,1.3269693099337285
2021-11-24,1.0138132085137932,1.3264123250679791
2021-11-25,1.0138132085137932,1.3257221966215795
2021-11-26,1.0138132085137932,1.327011431888827
2021-11-29,1.0138132085137932,1.3259300863425254
2021-11-30,1.0128265387705508,1.324639656224963
2021-12-02,1.0133469142225489,1.3235194112209612
2021-12-03,1.01355282822079,1.3232504695881508
2021-12-06,1.0141055998817947,1.3225287949604123
2021-12-07,1.0147608977541251,1.3216741992402679
2021-12-08,1.014093923055337,1.3225428996926456
2021-12-09,1.0143462992513104,1.3222137602131085
2021-12-10,1.014372012452487,1.3221802427167266
2021-12-13,1.0144601346100455,1.322065380147335
2021-12-14,1.0144632482584173,1.3220613223765287
2021-12-15,1.015720235133195,1.320423201199905
2021-12-16,1.0164843329147044,1.31942988394207
2021-12-17,1.0164990696253164,1.3194107552100836
2021-12-20,1.0158874146108126,1.3202046803879117
2021-12-21,1.0158236462105883,1.3202875511265646
2021-12-22,1.0167209043284473,1.3191213657088736
2021-12-23,1.0170673548671458,1.3186718713532322
2021-12-24,1.0182435762509867,1.3171468493908887
2021-12-27,1.0190264048524489,1.3161342230899937
2021-12-28,1.0194712660440568,1.315559657959972
2021-12-29,1.020127758826368,1.3147124978202835
2021-12-30,1.0202886151362547,1.31491980499248
2021-12-31,1.0199267482118166,1.314453440888582
2022-01-03,1.0188908215722758,1.3131183672293805
2022-01-04,1.0184114137160452,1.3125005196169748
2022-01-05,1.0179586537483079,1.3119170150677195
2022-01-06,1.0175439703712317,1.311382582577511
2022-01-07,1.0177057415885404,1.3115910688571395
2022-01-10,1.0174761536125785,1.3112951822108494
2022-01-11,1.0172036561338058,1.310943994981733
2022-01-12,1.0173965876546782,1.3111926398005018
2022-01-13,1.0169078547383785,1.3105627743080712
2022-01-14,1.0167246941660397,1.3103267220180728
2022-01-17,1.015601568918853,1.3088792692002094
2022-01-18,1.015584601179056,1.3088574016455057
2022-01-19,1.0147105995850298,1.3077310125154786
2022-01-20,1.013727246433363,1.3064636941163061
2022-01-21,1.01332959455544,1.3059512113520995
2022-01-24,1.013589706159802,1.3062864360081528
2022-01-25,1.0145070751554484,1.3074687158483531
2022-01-26,1.0150526148479941,1.3081717923460188
2022-01-27,1.014933727778475,1.3080185739723653
2022-01-31,1.0141964679656417,1.3059887228491653
2022-02-01,1.013575320870698,1.3051888668776155
2022-02-02,1.013575320870698,1.3058369832844663
2022-02-03,1.013575320870698,1.3060055633457985
2022-02-04,1.013575320870698,1.3046368236259083
2022-02-07,1.013575320870698,1.3039629444495808
2022-02-08,1.013575320870698,1.3032526044353332
2022-02-09,1.013575320870698,1.302479162253577
2022-02-10,1.013575320870698,1.3007690215624554
2022-02-11,1.013575320870698,1.3004252317088432
2022-02-14,1.013575320870698,1.300011147868047
2022-02-15,1.013575320870698,1.2994663645499236
2022-02-16,1.013575320870698,1.298001008536947
2022-02-17,1.013575320870698,1.2983398892433415
2022-02-18,1.013575320870698,1.2976441285374325
2022-02-21,1.013575320870698,1.2971641717150075
2022-02-22,1.013575320870698,1.2966653948417872
2022-02-23,1.013575320870698,1.2967230910340801
2022-02-24,1.013575320870698,1.2966761585611228
2022-02-25,1.013575320870698,1.2958621517702291
2022-02-28,1.013575320870698,1.29414347173331
2022-03-01,1.0131355287416723,1.293581940586114
2022-03-02,1.0131327003810928,1.2935783293060201
2022-03-03,1.0129886082944024,1.29339435103674
2022-03-04,1.0128710297986139,1.293244225595041
2022-03-07,1.0134430944829804,1.2939746437114235
2022-03-08,1.0134582727095536,1.2939940234283795
2022-03-09,1.0129439356209589,1.2933373125044165
2022-03-10,1.0133385520311604,1.293841162825735
2022-03-11,1.0123910264522686,1.2926313523489272
2022-03-14,1.0120653269387658,1.2922154958353884
2022-03-15,1.012128606257774,1.2922962915255596
2022-03-16,1.012042640717628,1.292186529833179
2022-03-17,1.0107434386264775,1.290527695141663
2022-03-18,1.0102783315350867,1.2899338415882209
2022-03-21,1.0099358377972207,1.2894965420350035
2022-03-22,1.0095591935206851,1.289015638720166
2022-03-23,1.0094163725866756,1.2888332834717997
2022-03-24,1.0093061746486673,1.2886925816027472
2022-03-25,1.010045531112707,1.2896365995967913
2022-03-28,1.0086071304548976,1.2878000347330754
2022-03-30,1.008147518345685,1.2873079521306945
2022-03-31,1.0078270864616825,1.2868987912639698
2022-04-01,1.0080840705938894,1.2872269354203967
2022-04-04,1.0083145510326275,1.2869326339454645
2022-04-05,1.0072920036602222,1.288237732222541
2022-04-06,1.0084012044691282,1.2868191621063758
2022-04-07,1.0082317323797954,1.2870354251681702
2022-04-08,1.008094707752887,1.2872103408579743
2022-04-11,1.008254624914017,1.2870061467263079
2022-04-12,1.0093934641702802,1.28555245329736
2022-04-13,1.0094510155826955,1.2854791564492551
2022-04-14,1.0093155697983571,1.28565163904614
2022-04-15,1.010263371801561,1.2844443425024499
2022-04-18,1.0108325768317845,1.2837206577671605
2022-04-19,1.0115167128667222,1.282851829851538
2022-04-20,1.0120287272325672,1.2822024697789072
2022-04-21,1.0133813078503726,1.2804888008265767
2022-04-22,1.0145437712142007,1.2790199348555726
2022-04-25,1.0143278712483748,1.2792921166658218
2022-04-26,1.0152786629344643,1.2780929577517433
2022-04-27,1.0158122861114187,1.2774212012680728
2022-04-28,1.0160078446876881,1.277175279186964
2022-04-29,1.015721125820608,1.2775356998776366
2022-05-02,1.0152960758257679,1.277001088035038
2022-05-03,1.0156251938356933,1.2774150402473765
2022-05-04,1.0151813001219958,1.2768567274863403
2022-05-05,1.0147766444080721,1.2763477668006213
2022-05-06,1.0158705152413205,1.2777235962532192
2022-05-09,1.0154600221974321,1.277207293594165
2022-05-10,1.0148472391005445,1.2764365581406487
2022-05-11,1.0148955734587013,1.2764973512722537
2022-05-12,1.0147029334351272,1.2762550559206212
2022-05-13,1.0146953410523054,1.2762455065080358
2022-05-16,1.0145824583664258,1.2761035269258028
2022-05-17,1.0148417225269735,1.2764296196026
2022-05-18,1.0154322052179514,1.2771723064471556
2022-05-19,1.015801101847767,1.2776362907063916
2022-05-20,1.0155341060526764,1.2773004734714493
2022-05-23,1.0151603313791633,1.2768303537929426
2022-05-24,1.0153473298290447,1.2770655533860913
2022-05-25,1.015894264442743,1.2777534671025
2022-05-27,1.0159196585032995,1.2779437512232716
2022-05-30,1.016298586724556,1.2784204119005838
2022-05-31,1.0172739263556225,1.2796473092998113
2022-06-01,1.0170760232809262,1.2793983634353039
2022-06-02,1.0167889416221298,1.2797594886570465
2022-06-03,1.0166905789135658,1.2798832907603757
2022-06-06,1.017614651697828,1.2787200014169382
2022-06-07,1.0178417629185343,1.2784346167087102
2022-06-08,1.0178556086936676,1.2784172260701347
2022-06-09,1.0172978962946913,1.27911770768261
2022-06-10,1.0172033055319594,1.279236643070203
2022-06-13,1.017615844669372,1.2787178331347566
2022-06-14,1.0165798241586232,1.2800196779414459
2022-06-15,1.0168062823615922,1.2797345346116817
2022-06-16,1.0169874398113834,1.2795065330260096
2022-06-17,1.0169026816213278,1.279613170191483
2022-06-20,1.017029795456123,1.2794532172873783
2022-06-21,1.0168524414211981,1.2796763338485617
2022-06-22,1.01746084129356,1.2789106820327587
2022-06-23,1.0168504890745995,1.2796778722193007
2022-06-24,1.0164038464987195,1.2802399593966052
2022-06-27,1.016041672311282,1.2806961460478232
2022-06-28,1.0152281854241605,1.2817215267478363
2022-06-29,1.015438880192284,1.2814555254451203
2022-06-30,1.0146224478376817,1.280425210600608
2022-07-01,1.0153014866055015,1.281282138573318
2022-07-04,1.0153014866055015,1.2816127644641264
2022-07-05,1.0153014866055015,1.2819277575518753
2022-07-06,1.0153014866055015,1.2828205488749116
2022-07-07,1.0153014866055015,1.284014441664786
2022-07-08,1.0153014866055015,1.2841438037616029
2022-07-11,1.0153014866055015,1.2847599648716783
2022-07-12,1.0153014866055015,1.283759164690281
2022-07-13,1.0153014866055015,1.283841179647945
2022-07-14,1.0153014866055015,1.2839937292437174
2022-07-15,1.0153014866055015,1.2834671787473624
2022-07-18,1.0153014866055015,1.2845996528551722
2022-07-19,1.0153014866055015,1.285612151005038
2022-07-20,1.0153014866055015,1.28599827624625
2022-07-21,1.0153014866055015,1.284979548725064
2022-07-22,1.0153014866055015,1.2851449179374952
2022-07-26,1.0153014866055015,1.2855397821931287
2022-07-27,1.0153014866055015,1.2853971214019586
2022-07-28,1.0153014866055015,1.2854311983374958
2022-07-29,1.0153014866055015,1.2864771846340683
2022-08-01,1.0153014866055015,1.2867179995619704
2022-08-02,1.014456451009853,1.2877889351663558
2022-08-03,1.014238514981642,1.2880655913061292
2022-08-04,1.0136430935303706,1.288821766379723
2022-08-05,1.0145292200510834,1.2876950787369519
2022-08-08,1.014547617901991,1.2876717271945763
2022-08-09,1.0140792368466705,1.288266200072781
2022-08-10,1.0137688089875976,1.2886605614834812
2022-08-11,1.0137535970171698,1.2886798983048344
2022-08-12,1.01445793066001,1.287784551930825
2022-08-15,1.0139397926657325,1.2884422924685375
2022-08-16,1.0131696694550867,1.2894209100572593
2022-08-17,1.0135141412663806,1.2889825144264009
2022-08-18,1.0130646668201138,1.2895541539115645
2022-08-19,1.0127831940885965,1.2899124472585037
2022-08-22,1.0127061160704565,1.2900106162403642
2022-08-23,1.0125334551954743,1.2902305560217102
2022-08-24,1.0131150589157913,1.2894894418515086
2022-08-25,1.012592434172309,1.290154636868442
2022-08-26,1.0124993435916776,1.2902732445532292
2022-08-29,1.012635421196627,1.2900998347688573
2022-08-30,1.0125612278321428,1.2900053122533905
2022-08-31,1.0122867290683482,1.2896556002026338
2022-09-01,1.012140208643807,1.2894689328477948
2022-09-02,1.0119247056737215,1.2891943815726963
2022-09-05,1.0119306348664912,1.2892019353777997
2022-09-06,1.0120032763280464,1.2892944807653974
2022-09-07,1.0127592921422879,1.2902576466359759
2022-09-08,1.0130121140741053,1.2905797423533845
2022-09-09,1.0129798734365651,1.29053866770767
2022-09-12,1.0129738040042666,1.290530935237087
2022-09-13,1.0137812284524206,1.2915595958244492
2022-09-14,1.0138902488727382,1.291698488088431
2022-09-15,1.0141704382962695,1.2920554500526635
2022-09-16,1.0138724579238414,1.2916758223789846
2022-09-19,1.0139762747744214,1.2918080852832599
2022-09-20,1.0144353693605779,1.2923929728324666
2022-09-22,1.014805407073103,1.2926206890222547
2022-09-23,1.0150429736498456,1.2929232923292309
2022-09-26,1.015400450673815,1.293378633021951
2022-09-27,1.0151445132935903,1.2930526296813434
2022-09-28,1.0149157730029004,1.2927612689632213
2022-09-29,1.0143138505558462,1.291994562949609
2022-09-30,1.0147762696561653,1.2925835748842178
2022-10-03,1.014942291256663,1.2927950469104135
2022-10-04,1.0156404918803148,1.2936843884185787
2022-10-05,1.015775490358437,1.2938563443665774
2022-10-06,1.0161623041755214,1.2943490531551571
2022-10-07,1.0163209277963943,1.294551101915125
2022-10-10,1.0150323731265025,1.2929097897841204
2022-10-11,1.0150507444830654,1.2929331905222452
2022-10-12,1.015792191308502,1.2938776174041764
2022-10-13,1.0158440990743003,1.293943735550103
2022-10-14,1.0171726935575942,1.2956360488788028
2022-10-17,1.0173391279734336,1.295848046733544
2022-10-18,1.0172227246518428,1.2956997765915932
2022-10-19,1.0166781581679976,1.2950061284314038
2022-10-20,1.0164386929532954,1.2947011067113106
2022-10-21,1.0168489902137097,1.2952237278205045
2022-10-24,1.0173470008081944,1.2958580748522572
2022-10-25,1.0177332575824116,1.296350074100732
2022-10-26,1.018426272626018,1.2972328104134534
2022-10-27,1.0183376494111076,1.297119925519145
2022-10-28,1.0184308382017981,1.2972386258709483
2022-10-31,1.0187974167162608,1.297705559697515
2022-11-01,1.0191744060715069,1.2981857544587332
2022-11-02,1.0190705185186706,1.2980534264289532
2022-11-03,1.0183624054432125,1.2971514588151383
2022-11-04,1.0188503040826404,1.297772925621557
2022-11-07,1.0196874963147904,1.298839309375943
2022-11-08,1.0197316444282545,1.298895543570644
2022-11-09,1.0197675139342959,1.2989412327887846
2022-11-10,1.019796259061006,1.2989778472423883
2022-11-11,1.0200363245960011,1.2992836336277318
2022-11-14,1.0205101180769083,1.299887133817498
2022-11-15,1.0205547197551563,1.2999439457458408
2022-11-16,1.020365786454015,1.2997032896632084
2022-11-17,1.0214943708365325,1.3011408377014644
2022-11-21,1.0215753484443335,1.3015058509660329
2022-11-22,1.0222739714761704,1.302395909604331
2022-11-23,1.02156177085623,1.3014885528681628
2022-11-24,1.0221540382402363,1.3022431124479281
2022-11-25,1.0219832137452134,1.302025478888055
2022-11-28,1.0220482044481423,1.3021082782432363
2022-11-29,1.0222591635527056,1.3023770440365006
2022-11-30,1.0228831861312406,1.303172060320258
2022-12-01,1.0230253393676936,1.3033531661674762
2022-12-02,1.0230253393676936,1.3028455135857306
2022-12-05,1.0230253393676936,1.3032017320387592
2022-12-06,1.0230253393676936,1.3040799437161281
2022-12-07,1.0230253393676936,1.303458016683081
2022-12-08,1.0230253393676936,1.304171402376468
2022-12-09,1.0230253393676936,1.3049740660455804
2022-12-12,1.0230253393676936,1.305020875467299
2022-12-13,1.0230253393676936,1.3044668558515207
2022-12-14,1.0230253393676936,1.3039372242631628
2022-12-15,1.0230253393676936,1.3042053601301733
2022-12-16,1.0230253393676936,1.303924877431712
2022-12-19,1.0230253393676936,1.3042137924928523
2022-12-20,1.0230253393676936,1.3052613273579587
2022-12-21,1.0230253393676936,1.3053185055044672
2022-12-22,1.0230253393676936,1.3057292396923807
2022-12-23,1.0230253393676936,1.306629346760476
2022-12-26,1.0230253393676936,1.3064843907604078
2022-12-27,1.0230253393676936,1.3061192068619185
2022-12-28,1.0230253393676936,1.3059083107116154
2022-12-29,1.0230253393676936,1.3062640516804496
2022-12-30,1.0230253393676936,1.3061652324328765
2023-01-02,1.0230253393676936,1.3060959021431453
2023-01-03,1.0230253393676936,1.3065367383619577
2023-01-04,1.0230253393676936,1.3073105499491067
2023-01-05,1.0233903431673568,1.3068441164213056
2023-01-06,1.0229172718810413,1.3074482167348338
2023-01-09,1.022920788505233,1.3074437219392578
2023-01-10,1.0222827566656931,1.3082592207856767
2023-01-11,1.023285056819066,1.3069765341619468
2023-01-12,1.0226008485184417,1.3078504296492655
2023-01-13,1.0221937234686274,1.3083711202707258
2023-01-16,1.0219870069019974,1.3086357100247523
2023-01-18,1.022066451104979,1.3085036042576785
2023-01-19,1.0223285948642176,1.3081679939327076
2023-01-20,1.0223351321483967,1.3081596288473787
2023-01-23,1.0214034690857658,1.3093517663059249
2023-01-24,1.021136062310087,1.3096945588895164
2023-01-25,1.0208260694428415,1.3100921513226025
2023-01-26,1.0216211089234088,1.3090718257111578
2023-01-27,1.0206150068441497,1.310361011960584
2023-01-30,1.0202786658282095,1.309929185903691
2023-01-31,1.0205952075018891,1.3103355917130013
2023-02-01,1.0203282460739465,1.3099928416607998
2023-02-02,1.0200485488412099,1.310351943130476
2023-02-03,1.0194218382262155,1.3111570140980016
2023-02-06,1.0197441876044286,1.3107424157125385
2023-02-07,1.0199055624896889,1.3105349902527883
2023-02-08,1.0203977296590059,1.3099025765076673
2023-02-09,1.0200216137452671,1.3103854031449202
2023-02-10,1.0193223495629542,1.3112837229109893
2023-02-13,1.0186939154015984,1.312092157541173
2023-02-14,1.0191283273979723,1.3115326287514486
2023-02-15,1.0193146886740043,1.311292797429248
2023-02-16,1.0189501788157451,1.3117617194972202
2023-02-17,1.0184787293333626,1.3123686474869527
2023-02-20,1.0182863817947791,1.312616498396145
2023-02-21,1.0174820002008795,1.31365338209609
2023-02-22,1.0172306955378263,1.3139778371925845
2023-02-23,1.016786637272197,1.3145514363987612
2023-02-24,1.0164118750729867,1.3150359472776625
2023-02-27,1.0163451428671002,1.3151222855542353
2023-02-28,1.0157907250636586,1.3158396867382043
2023-03-01,1.0157907250636586,1.3147054972966892
2023-03-02,1.0163731694177232,1.3139516581689399
2023-03-03,1.0159095164435756,1.3145510616287392
2023-03-06,1.0159668168760978,1.3144769168912558
2023-03-07,1.0163735621999175,1.3139506621648873
2023-03-08,1.0165001407528464,1.313787023538675
2023-03-09,1.016008150129413,1.3144229023456284
2023-03-10,1.016034787156788,1.3143884416783316
2023-03-13,1.0155596333718628,1.315003122052291
2023-03-14,1.0145729180167933,1.3162807759978161
2023-03-15,1.01459339421698,1.3162542107030082
2023-03-17,1.0155757264600955,1.3147386886215837
2023-03-20,1.014407746690694,1.3162507257354603
2023-03-21,1.0145847823078318,1.3160210121313412
2023-03-22,1.0140923359490022,1.3166597658036496
2023-03-23,1.0140410290746158,1.3167263807407896
2023-03-24,1.0125233795446045,1.3186970398320776
2023-03-27,1.0115920725739378,1.3199099616966032
2023-03-28,1.0112560589398445,1.3203483871794928
2023-03-29,1.0111573177736775,1.3204773087699686
2023-03-30,1.0110664292141271,1.3205960007661626
2023-03-31,1.0109873035639418,1.3206993500755386
2023-04-03,1.0119598834330166,1.319428824128818
2023-04-04,1.0121037726325317,1.3192412163387965
2023-04-05,1.0121818410454475,1.3191394569433694
2023-04-06,1.0119668987685493,1.3194195833267166
2023-04-07,1.011096835466837,1.3205539865966356
2023-04-10,1.0117398185811393,1.319714211527501
2023-04-11,1.0109719646130149,1.3207158008447353
2023-04-12,1.011345957894768,1.3202272226705518
2023-04-13,1.011970621561443,1.3194117767083473
2023-04-14,1.0116044889688511,1.3198891420035543
2023-04-17,1.010846913855601,1.3208775867733575
2023-04-18,1.010515222875903,1.3213110086642619
2023-04-19,1.0110858600790245,1.3205648653094968
2023-04-20,1.010722217480246,1.3210398137371597
2023-04-21,1.010722217480246,1.3211795194506941
2023-04-24,1.010722217480246,1.3215529923420481
2023-04-25,1.010722217480246,1.3215307603094273
2023-04-26,1.010722217480246,1.3214389376864526
2023-04-27,1.010722217480246,1.321460888675994
2023-04-28,1.010722217480246,1.3222504042437346
2023-05-01,1.010722217480246,1.322198017981192
2023-05-02,1.0109081306618477,1.3224412243102697
2023-05-03,1.0112492916118436,1.3228875213482647
2023-05-04,1.0111118520640574,1.322707726846341
2023-05-05,1.011743887645535,1.3235345377926824
2023-05-08,1.0124305673031118,1.3244328325630295
2023-05-09,1.0127980263206087,1.3249135319839198
2023-05-10,1.013601422933372,1.325964512550763
2023-05-11,1.013840585234721,1.3262773778616768
2023-05-12,1.0136889657704136,1.3260790335968258
2023-05-16,1.0139875123902777,1.3272462455805938
2023-05-17,1.014588292730586,1.3280326294771894
2023-05-18,1.0151515242141889,1.3287698642684171
2023-05-19,1.0161783245653382,1.3301138817187024
2023-05-22,1.0161271520104413,1.330046900044339
2023-05-23,1.0159498739383492,1.32981485413378
2023-05-24,1.0158228152996178,1.3296485423210955
2023-05-25,1.0160041036661518,1.3298858374563012
2023-05-26,1.0165461827646831,1.330595385098202
2023-05-29,1.016293734697045,1.3302649463641127
2023-05-30,1.0164668341660623,1.3304915227445493
2023-05-31,1.0165613897921302,1.3306152901461825
2023-06-01,1.0166432578991667,1.3307224503787982
2023-06-02,1.0166432578991667,1.331016314659846
2023-06-05,1.0166432578991667,1.3317978092302512
2023-06-06,1.0166432578991667,1.3312255861418596
2023-06-07,1.0166432578991667,1.332175797939105
2023-06-08,1.0166432578991667,1.3333659958171868
2023-06-09,1.0166432578991667,1.333406636278674
2023-06-12,1.0166432578991667,1.3332805164788177
2023-06-13,1.0166432578991667,1.3329816371354186
2023-06-14,1.0166432578991667,1.3338207693048927
2023-06-15,1.0166432578991667,1.3344532902079105
2023-06-16,1.0166432578991667,1.3353527826934144
2023-06-19,1.0166432578991667,1.3357405832761757
2023-06-20,1.0166432578991667,1.3361379504596054
2023-06-21,1.0166432578991667,1.3358337783370897
2023-06-22,1.0166432578991667,1.3364037890120946
2023-06-23,1.0166432578991667,1.3363437979235753
2023-06-26,1.0166432578991667,1.3376534889279443
2023-06-27,1.0166432578991667,1.3382349533817726
2023-06-28,1.0166432578991667,1.3388011521731642
2023-06-29,1.0166432578991667,1.3379312430393908
2023-06-30,1.0166432578991667,1.3380270465264972
2023-07-03,1.0166432578991667,1.3391102204293746
2023-07-04,1.0166432578991667,1.3402093853151984
2023-07-05,1.0166432578991667,1.3398188736898622
2023-07-06,1.0166432578991667,1.339302244398772
2023-07-07,1.0166432578991667,1.3388572828342087
2023-07-10,1.0166432578991667,1.338714148942961
2023-07-11,1.0166432578991667,1.3386839521936107
2023-07-13,1.0166432578991667,1.3393131805108345
2023-07-14,1.0166432578991667,1.3406226361171438
2023-07-17,1.0166432578991667,1.3411488664984839
2023-07-18,1.0166432578991667,1.3422828573029097
2023-07-19,1.0166432578991667,1.3420462010769503
2023-07-20,1.0166432578991667,1.3420417023401683
2023-07-21,1.0166432578991667,1.3417032955786927
2023-07-24,1.0166432578991667,1.3419352308426256
2023-07-25,1.0166432578991667,1.3424763664998134
2023-07-26,1.0166432578991667,1.3425952159082624
2023-07-27,1.0166432578991667,1.3434384215156225
2023-07-28,1.0162629648393628,1.3429358850516204
2023-07-31,1.0163180972797201,1.343008739553996
2023-08-01,1.0164379210461074,1.343167080102979
2023-08-02,1.0159146029918638,1.3424755439369922
2023-08-03,1.016846791555503,1.3437073801024906
2023-08-04,1.0175262950896713,1.3446053068317187
2023-08-07,1.0185318094736158,1.3459340390554184
2023-08-08,1.018422993169892,1.3457902442658756
2023-08-09,1.017860837864605,1.3450473867983093
2023-08-10,1.017740273025378,1.3448880669621297
2023-08-11,1.0167409214850132,1.3435674785989105
2023-08-14,1.0180722297421712,1.3453267295944298
2023-08-15,1.0181447472036396,1.345422557450672
2023-08-16,1.0182688770643258,1.345586588267586
2023-08-17,1.0186360482206211,1.346071784854301
2023-08-18,1.0191748488523262,1.346783780398997
2023-08-21,1.0197519486748596,1.3475463862281485
2023-08-22,1.019086648844938,1.3466672289166728
2023-08-23,1.0190582024089017,1.346629638508406
2023-08-24,1.0194775193634338,1.347183742913402
2023-08-25,1.0187005793508963,1.3461570592109864
2023-08-28,1.0199610288330494,1.3478226742136403
2023-08-29,1.0205011400506248,1.3485364016258319
2023-08-30,1.021723094407532,1.350151147427422
2023-08-31,1.02202652099219,1.350552109051641
2023-09-01,1.0222648579667892,1.3508670583187086
2023-09-04,1.0224437274365952,1.3511034245330187
2023-09-05,1.0225943666799944,1.3513024860482534
2023-09-06,1.023367231506024,1.3523237846147456
2023-09-07,1.022971184604434,1.351800430311076
2023-09-11,1.0225051015173492,1.3509299753521018
2023-09-12,1.023375753106606,1.3520802770261664
2023-09-13,1.0235250254853787,1.3522774951433936
2023-09-14,1.0239607377440543,1.3528531565753021
2023-09-15,1.0244634391853473,1.3535173238686367
2023-09-18,1.0240994520851814,1.3530364254520653
2023-09-19,1.0241426815792705,1.3530935401004887
2023-09-20,1.024736686605412,1.3538783373539534
2023-09-21,1.0250472304383142,1.354288626722589
2023-09-22,1.0257543651783778,1.3552228905375538
2023-09-25,1.0254103650032762,1.3547683987727874
2023-09-26,1.0256688860877037,1.3551099558776816
2023-09-27,1.0252563782303201,1.3545649520153238
2023-09-28,1.025457290383395,1.3548303964122257
2023-09-29,1.0259409141227553,1.3554693583160091
2023-10-02,1.0264278616780198,1.356112711633127
2023-10-03,1.0261018219454954,1.3556819491389651
2023-10-04,1.02660457614516,1.356346186136466
2023-10-05,1.026584343819938,1.3563194552628763
2023-10-06,1.0265861034019288,1.3563217800161238
2023-10-09,1.0275031914290176,1.3575334333408773
2023-10-10,1.0276379579077464,1.3577114863163755
2023-10-11,1.0280423460310484,1.3582457624159612
2023-10-12,1.0279023156628486,1.358060754809075
2023-10-13,1.0287049607437675,1.3591212065347176
2023-10-16,1.0283898145613253,1.3587048365588152
2023-10-17,1.0282853589284604,1.3585668301612703
2023-10-18,1.028492874363718,1.3588409987902794
2023-10-19,1.0283910500825135,1.3587064689248598
2023-10-20,1.0280339118832102,1.3582346192508912
2023-10-23,1.027966328072204,1.3581453277686273
2023-10-24,1.028269963831314,1.3585464902156035
2023-10-25,1.0288786130419152,1.3593506353116578
2023-10-26,1.0297066959487915,1.3604446953992955
2023-10-27,1.0296917076926044,1.3604248929704066
2023-10-30,1.0294452700365253,1.3600993004465565
2023-10-31,1.029670867376297,1.3603973588212337
2023-11-01,1.0290720048748718,1.359606143889309
2023-11-02,1.0292246301748336,1.3598077918736655
2023-11-03,1.0293790945899455,1.3600118696901873
2023-11-06,1.0290177576236388,1.3595344726207135
2023-11-08,1.0293878524980358,1.3601715588254815
2023-11-09,1.0298394168571716,1.3607682289695726
2023-11-10,1.0301471279271128,1.3611748199786409
2023-11-13,1.0307630076185086,1.3619886065779891
2023-11-14,1.031405604501912,1.362837695677374
2023-11-15,1.0313073347152688,1.36270784785708
2023-11-16,1.031376732539156,1.3627995459921092
2023-11-17,1.0322429526874717,1.3639441175028
2023-11-20,1.031678530556031,1.3631983238464107
2023-11-21,1.0314694890365879,1.3629221088816914
2023-11-22,1.0322422887937042,1.3639432402732714
2023-11-23,1.0326969968005628,1.3645440642454976
2023-11-24,1.0330204218186776,1.3649714187261095
2023-11-27,1.0322844078690634,1.3639988939010548
2023-11-28,1.0326981718128603,1.364545616836491
2023-11-29,1.0325539876526748,1.364355100508324
2023-11-30,1.0321148395356137,1.363774836444115
2023-12-01,1.032727280266053,1.3645840790060788
2023-12-04,1.032727280266053,1.3651310313663954
2023-12-05,1.032727280266053,1.3660864971115023
2023-12-06,1.032727280266053,1.3663427876416923
2023-12-07,1.032727280266053,1.3668553991289876
2023-12-08,1.032727280266053,1.3664864109435029
2023-12-11,1.032727280266053,1.3662150871418313
2023-12-12,1.032727280266053,1.3671090192063176
2023-12-13,1.032727280266053,1.3685015338775537
2023-12-14,1.032727280266053,1.3689178770387542
2023-12-15,1.032727280266053,1.368815848673085
2023-12-18,1.032727280266053,1.3695222977681678
2023-12-19,1.032727280266053,1.3700216658872963
2023-12-20,1.032727280266053,1.3705189467362486
2023-12-21,1.032727280266053,1.3701238183849231
2023-12-22,1.032727280266053,1.370629283458025
2023-12-25,1.032727280266053,1.371226447811775
2023-12-26,1.032727280266053,1.3721546668384477
2023-12-27,1.032727280266053,1.3729482577261607
2023-12-28,1.032727280266053,1.3723569873534696
2023-12-29,1.032727280266053,1.3726533933483123
2024-01-01,1.032727280266053,1.3735291784124748
2024-01-02,1.0322453261836992,1.3741701782266729
2024-01-03,1.0324709892163484,1.373869765716266
2024-01-05,1.0324639687416741,1.3731904236492916
2024-01-08,1.032058343019046,1.3737299111033456
2024-01-09,1.0316426851854446,1.3742831759479788
2024-01-10,1.030252255754357,1.3761354100615208
2024-01-11,1.030363258517665,1.3759871407106412
2024-01-12,1.0302069583201192,1.3761958700690844
2024-01-15,1.0302102289658561,1.3761915009963273
2024-01-16,1.0294719433534523,1.3771777292015337
2024-01-17,1.0290043604260959,1.3778032390061161
2024-01-18,1.0284124786218019,1.3785957494156225
2024-01-19,1.0287642200667506,1.378124236991396
2024-01-22,1.0281177212769288,1.3789902815466601
2024-01-23,1.0286156411958212,1.378322433191427
2024-01-24,1.0285348553599436,1.3784306844423457
2024-01-25,1.0277863140424643,1.379433870980176
2024-01-26,1.0273471302606934,1.380023317420436
2024-01-29,1.0271378970944471,1.3803043778718571
2024-01-30,1.0260470424983184,1.3817703070123526
2024-01-31,1.0265660041509148,1.3810714250192915
2024-02-01,1.0267017743820508,1.380888769071372
2024-02-02,1.0269201610262046,1.3805950443776471
2024-02-05,1.0267179595651978,1.380866884726709
2024-02-06,1.0260608866226868,1.381750603822796
2024-02-07,1.025602185577939,1.382368316137745
2024-02-08,1.0258738557291234,1.3820021427669014
2024-02-09,1.025227467010366,1.3828729229212002
2024-02-12,1.024122471643204,1.3843633903758596
2024-02-13,1.0238007840851207,1.3847982333666942
2024-02-14,1.0236992480910794,1.384935571477152
2024-02-15,1.0238309841810218,1.3847573492137784
2024-02-16,1.0240745142304803,1.384427968651017
2024-02-19,1.0238545823804714,1.3847252905744885
2024-02-20,1.023720988361497,1.384905971522669
2024-02-21,1.0238283412405533,1.384760742847126
2024-02-22,1.0232502158046315,1.385542676083254
2024-02-23,1.0233323161560206,1.3854315072422279
2024-02-26,1.0236058238723276,1.3850612206777724
2024-02-27,1.0229405378736884,1.3859614322786489
2024-02-28,1.0222673435029421,1.3868735297073236
2024-02-29,1.0229702884702816,1.3878271899941752
2024-03-01,1.023497572580884,1.388542537481579
2024-03-05,1.0232017914647429,1.3883931462093049
2024-03-06,1.0226487970907259,1.3891435100233465
2024-03-07,1.0221211977174267,1.3898601893441414
2024-03-08,1.0223281052604232,1.3895788405593517
2024-03-11,1.0220738928958366,1.3899243735844347
2024-03-12,1.021486010299787,1.39072383862775
2024-03-13,1.0212119838264841,1.3910969177937833
2024-03-14,1.0217217540100916,1.3904025078745594
2024-03-15,1.0213571866342106,1.3908986266972472
2024-03-18,1.0219748820902854,1.390057440310335
2024-03-19,1.0220781491813635,1.389916979726804
2024-03-20,1.0216277424229476,1.3905294847508156
2024-03-21,1.0221554287838135,1.3898112549954798
2024-03-22,1.021334887067458,1.3909269347448314
2024-03-25,1.0205262752402853,1.3920281601943967
2024-03-26,1.019726506057839,1.3931190691211253
2024-03-27,1.0198140846218096,1.3929994219737887
2024-03-28,1.0206245904402242,1.3918923239707475
2024-03-29,1.0208678634571005,1.3915605566902107
2024-04-01,1.0211507788057925,1.3911749104629028
2024-04-02,1.020480096081907,1.3920886217362187
2024-04-03,1.0196733835567022,1.393189099179788
2024-04-04,1.0185338761761953,1.3947460185684453
2024-04-05,1.0190605018342895,1.394024875112068
2024-04-08,1.018889493716833,1.3942588058444945
2024-04-09,1.0181892798197505,1.39521698570404
2024-04-10,1.0180614073622793,1.3953922083548804
2024-04-11,1.0172697816485765,1.3964772395178788
2024-04-12,1.017101694986652,1.3967079838119476
2024-04-15,1.0170707210235495,1.396750517987015
2024-04-16,1.016960716311445,1.3969015882473588
2024-04-17,1.0167729901195566,1.3971594497472166
2024-04-18,1.0158804578306861,1.3983858886216927
2024-04-19,1.0155824699825722,1.398796076649793
2024-04-22,1.0161285911218765,1.3980438855381767
2024-04-23,1.0157429148723724,1.3985745194826669
2024-04-24,1.0157559473865299,1.3985565750383018
2024-04-25,1.0148634646735266,1.399785401283021
2024-04-26,1.0147374003080067,1.3999592799027758
2024-04-29,1.0140022478478734,1.400973516205089
2024-04-30,1.0140522965039478,1.4009043675993236
2024-05-02,1.0143866928408196,1.4005595710385732
2024-05-03,1.0146973816929779,1.400130604207111
2024-05-06,1.0145089734190087,1.4003905794423186
2024-05-07,1.0142062664242795,1.4008084249566086
2024-05-08,1.0138810698740355,1.4012575821768207
2024-05-09,1.013672110089503,1.4015463798387426
2024-05-10,1.0131483256663043,1.4022705865667793
2024-05-13,1.01237328065382,1.4033433049405248
2024-05-14,1.011729430158084,1.4042358050685315
2024-05-15,1.0111394635760318,1.4050546526513106
2024-05-16,1.01009850629675,1.4065011414109259
2024-05-17,1.0100034510103066,1.4066335001542034
2024-05-20,1.0105496370300266,1.4058728259685012
2024-05-21,1.009960629857429,1.4066922505152153
2024-05-22,1.0097208443007035,1.407026228369856
2024-05-23,1.0104384642462385,1.4060262390252085
2024-05-24,1.0108708055142868,1.4054246356731994
2024-05-27,1.0111847503934404,1.4049881547055039
2024-05-28,1.0107111653292726,1.4056461763035768
2024-05-29,1.0112246228507409,1.4049320854470553
2024-05-30,1.0118569148153371,1.40581055225686
2024-05-31,1.0123148167066258,1.406446732433372
2024-06-03,1.0137554894381615,1.408448312793883
2024-06-04,1.0132827775187876,1.4077915564929637
2024-06-05,1.013375596746213,1.4079205137076218
2024-06-06,1.0138488829974248,1.4085780679491848
2024-06-07,1.0142498029657412,1.4091350810147847
2024-06-10,1.0148267025556121,1.409936589132344
2024-06-11,1.0145922690037352,1.4096108818547577
2024-06-12,1.0143527245586716,1.4092780738226394
2024-06-13,1.0150591887676041,1.4102595908979962
2024-06-14,1.0154231155608253,1.4107652079656552
2024-06-17,1.0159222713981244,1.41145870378806
2024-06-18,1.015942125200094,1.4114862874156486
2024-06-19,1.0159036418625342,1.4114328210794154
2024-06-20,1.016408805039334,1.4121346631226517
2024-06-21,1.016716135865773,1.4125616493027289
2024-06-24,1.0166762353545853,1.412506214034316
2024-06-25,1.0164865225740336,1.4122426389923386
2024-06-26,1.0167655449581858,1.412630295197691
2024-06-27,1.0164504965939953,1.4121925867545648
2024-07-01,1.0166451446354619,1.413626892430908
2024-07-02,1.0167002114102597,1.4137034617964772
2024-07-03,1.0168192009359471,1.413868914603995
2024-07-04,1.0166489822518665,1.4136322285678886
2024-07-05,1.0163090331804523,1.41315953546357
2024-07-08,1.0160055207648362,1.4127375068775234
2024-07-09,1.0163433946779108,1.4132073145112818
2024-07-10,1.016971805206928,1.414081108113694
2024-07-11,1.018351088210545,1.4159989764638006
2024-07-12,1.0183526744970752,1.4160011821668523
2024-07-15,1.0185048968533843,1.4162128446310298
2024-07-16,1.0184862496609548,1.416186916043434
2024-07-17,1.0183646361178156,1.416017814586576
2024-07-18,1.018713235368034,1.416502535609826
2024-07-19,1.0196108959540826,1.4177507166014036
2024-07-22,1.020241883338175,1.4186280932747144
2024-07-23,1.020244503468444,1.4186317365189964
2024-07-24,1.019382525646049,1.417433171772146
2024-07-25,1.019514664715438,1.4176169087850212
2024-07-26,1.019376764895814,1.4174251615519669
2024-07-29,1.0190663605432635,1.416993549850865
2024-07-30,1.0196175467091524,1.4177599643573897
2024-07-31,1.01989922365685,1.4181516311157905
2024-08-01,1.0203270766815171,1.4187465530950758
2024-08-02,1.020327755708849,1.4187474972704375
2024-08-05,1.0205496829809815,1.4190560831734989
2024-08-06,1.0209422892049225,1.4196019951067111
2024-08-07,1.0214595603079475,1.420321251324844
2024-08-08,1.0211986756930898,1.4199584959334173
2024-08-09,1.0205665496218381,1.4190795359359754
2024-08-12,1.0210063016354796,1.4196910032466337
2024-08-13,1.0214609746913985,1.4203232179997385
2024-08-14,1.0217299649183809,1.4206972440998678
2024-08-15,1.0218727814842767,1.4208958279806845
2024-08-16,1.022488239941826,1.4217516119593485
2024-08-19,1.0239477067875182,1.423780974507892
2024-08-20,1.0238835072931762,1.4236917062591217
2024-08-21,1.0237483380237142,1.4235037558072359
2024-08-22,1.0245223081311454,1.4245799474003158
2024-08-23,1.0249341803499208,1.4251526483548014
2024-08-26,1.024109414948353,1.4240058268136224
2024-08-28,1.0240243336526547,1.4229525172396063
2024-08-29,1.0241383795412324,1.4231109918762916
2024-08-30,1.0242677339566268,1.423290738767994
2024-09-02,1.0243729773332617,1.4234369817065493
2024-09-03,1.0241854522164733,1.4231764026087579
2024-09-04,1.0247389992143496,1.4239455943829697
2024-09-05,1.0254687085475906,1.424959575885621
2024-09-06,1.0253499915797741,1.4247946104618103
2024-09-09,1.0253499915797741,1.4248273769656425
2024-09-10,1.0253499915797741,1.424621808963287
2024-09-11,1.0253499915797741,1.4254229700468708
2024-09-12,1.0253499915797741,1.425494919078054
2024-09-13,1.0253499915797741,1.426535958503036
2024-09-16,1.0253499915797741,1.4273459976804497
2024-09-17,1.0253499915797741,1.428498639661442
2024-09-18,1.0253499915797741,1.4285442186094317
2024-09-19,1.0253499915797741,1.4298783859442787
2024-09-20,1.0253499915797741,1.4300283392434365
2024-09-23,1.0253499915797741,1.4294650874700474
2024-09-24,1.0253499915797741,1.4305256379357736
2024-09-25,1.0253499915797741,1.4298619707958597
2024-09-26,1.0253499915797741,1.4280259719002244
2024-09-27,1.026039059900852,1.4289856514896266
2024-09-30,1.0265858353871282,1.4297471569283675
2024-10-01,1.0256052421208504,1.4283814645661355
2024-10-02,1.0266173904368252,1.4297911042935423
2024-10-03,1.026846927897338,1.430110785824559
2024-10-04,1.0269473559997315,1.4302506541033948
2024-10-07,1.026452505774305,1.4295614660408669
2024-10-08,1.0263908628700136,1.4294756147032412
2024-10-09,1.0270324733448823,1.430369198776465
2024-10-10,1.0280317382206658,1.4317608954723688
2024-10-11,1.028631878059635,1.4325967225400609
2024-10-14,1.029249140849441,1.4334563970927203
2024-10-15,1.0293787629510958,1.4336369244533438
2024-10-16,1.030153576628089,1.434716023359294
2024-10-17,1.0308152634299288,1.4356375681450262
2024-10-18,1.0300320789938322,1.4345468111111173
2024-10-21,1.0304780946217995,1.4351679862277518
2024-10-22,1.0313674765123364,1.4364066466354701
2024-10-23,1.0310362087844778,1.4359452832737698
2024-10-25,1.0316939388954347,1.4370896146491405
2024-10-28,1.031313201549817,1.4365592696847396
2024-10-29,1.0318003583585138,1.4372378507678398
2024-10-30,1.030866377366418,1.435936869601412
2024-10-31,1.0304177292084262,1.4353119288276281
2024-11-01,1.0307907594442605,1.435831538236637
2024-11-04,1.031270188592671,1.4364993551386906
2024-11-05,1.031096720964491,1.436257724828056
2024-11-06,1.0306763188302432,1.4356721291214933
2024-11-07,1.0309560185714952,1.4360617345831708
2024-11-08,1.0313356428027072,1.4365905290439853
2024-11-11,1.030934281727921,1.4360314564251064
2024-11-12,1.0311157178271522,1.4362841863521687
2024-11-13,1.0314039185394923,1.4366856331718352
2024-11-14,1.0325516140996593,1.438284306293886
2024-11-15,1.0322703653044634,1.4378925430902159
2024-11-18,1.032383332633788,1.4380499000055242
2024-11-19,1.0327162976703492,1.438513700923649
2024-11-20,1.0320351291747951,1.4375648728517938
2024-11-21,1.03212447107272,1.4376893209161086
2024-11-22,1.0326764512757403,1.4384581972149282
2024-11-25,1.032155924446887,1.4377331336358088
2024-11-26,1.0322530154830054,1.4378683757986452
2024-11-27,1.0319678788803903,1.4374711971055016
2024-11-28,1.0321572643783385,1.43773500008234
2024-11-29,1.0323240425250972,1.4379673123346672
2024-12-02,1.0326462719292449,1.4384161591416291
2024-12-03,1.0328469417305737,1.4386956804963558
2024-12-04,1.0338643034879569,1.4401128062162587
2024-12-05,1.0341034671478113,1.440445947275657
2024-12-06,1.0337331381454213,1.4399301005276304
2024-12-09,1.0342193617124407,1.4406073816593867
2024-12-10,1.0347394319815193,1.4413318092773106
2024-12-11,1.0350746126566572,1.4417986964510274
2024-12-12,1.0357900978645835,1.442795325706063
2024-12-13,1.0368246881559053,1.4442364497710811
2024-12-16,1.037130013538925,1.4446617502603871
2024-12-17,1.0371152428301083,1.444641175522627
2024-12-18,1.0371250671867145,1.4446548602796243
2024-12-19,1.0373108024217985,1.4449135786527296
2024-12-20,1.0370481985254394,1.4445477867080487
2024-12-24,1.0369708400042914,1.4442347692528767
2024-12-25,1.0372352971680496,1.4446030903436378
2024-12-26,1.0373960917632536,1.444827036028649
2024-12-27,1.0373190956933234,1.4447198002250956
2024-12-30,1.0371942474119917,1.4445459185479794
2024-12-31,1.0379146484458286,1.4455492526637859
2025-01-01,1.0377661693412803,1.4453424593027544
2025-01-02,1.037639950811177,1.4451666692200766
2025-01-03,1.0380101144007357,1.445682212286215
2025-01-06,1.0379096179688312,1.4455422464978407
2025-01-07,1.0386170161325265,1.4465274709461098
2025-01-08,1.0397918957032553,1.4481637772531648
2025-01-09,1.0396318039252495,1.44794081041249
2025-01-10,1.039863037589003,1.448262859677649
2025-01-13,1.0399034251555606,1.4483191092129473
2025-01-14,1.0398207330685552,1.4482039403165925
2025-01-15,1.0403531336361096,1.4489454379375177
2025-01-16,1.0405071460259385,1.4491599377476434
2025-01-17,1.0416584792748007,1.4507634500595197
2025-01-20,1.04128704556869,1.4502461380463532
2025-01-21,1.0423601167261327,1.4517406513110218
2025-01-22,1.0425318531447103,1.4519798361533416
2025-01-23,1.043188030739875,1.4528937234693418
2025-01-24,1.0430408627715102,1.4526887561851778
2025-01-27,1.0429080857313764,1.4525038317779313
2025-01-28,1.042715422850331,1.4522355017335216
2025-01-29,1.0421834205838296,1.4514945588439416
2025-01-30,1.0425619811848112,1.4520217967961724
2025-01-31,1.0423930262816434,1.451786485892358
2025-02-03,1.0431632399579456,1.4528591962600526
2025-02-04,1.0441923667203932,1.4542925062384597
2025-02-05,1.0439570282098474,1.4539647399731392
2025-02-06,1.0445055084793262,1.4547286325001723
2025-02-07,1.0440813671973144,1.4541379123343532
2025-02-10,1.044210581860985,1.4543178752636576
2025-02-11,1.0440353997734706,1.454073891487086
2025-02-12,1.0449633958178686,1.4553663522789857
2025-02-13,1.0441826865061146,1.4542790241794703
2025-02-14,1.0446107928298936,1.4548752666328608
2025-02-17,1.0446942401998895,1.4549914874449623
2025-02-18,1.0456146412265852,1.4562733703225987
2025-02-20,1.0465635677909069,1.4578771209710326
2025-02-21,1.0464122389013018,1.4576663177931972
2025-02-24,1.0467048767478315,1.4580739662479267
2025-02-25,1.0469183162358118,1.4583712903243753
2025-02-26,1.0465164815210604,1.4578115291640623
2025-02-27,1.047504844363837,1.4591883318925802
2025-02-28,1.0479333277283045,1.4597852149802384
2025-03-03,1.0478982685003295,1.4597363770042981
2025-03-04,1.0468031365388626,1.4582108434579346
2025-03-05,1.0470458058847736,1.458548885119476
2025-03-06,1.047210617272882,1.4587784695989985
2025-03-07,1.0476173297760287,1.4593450255841283
2025-03-10,1.047187854303504,1.4587467604766073
2025-03-11,1.048238585731303,1.4602104434826066
2025-03-12,1.0484770645874901,1.4605426477356214
2025-03-13,1.0494343369896693,1.4618761410623762
2025-03-14,1.0508702719383387,1.4638764177520058
2025-03-17,1.0508628085108722,1.4638660210971994
2025-03-18,1.0508187783805414,1.4638046865336638
2025-03-19,1.0505249768957676,1.4633954171152157
2025-03-20,1.0507228159616724,1.4636710095939656
2025-03-21,1.049098013004146,1.4614076372286695
2025-03-24,1.049609756205964,1.462120502389185
2025-03-25,1.049785325564997,1.4623650728668465
2025-03-26,1.0498369704272854,1.462437014854379
2025-03-27,1.0499696333752786,1.4626218161245856
2025-03-28,1.050341165101441,1.4631393648143707
2025-03-31,1.0507926493457815,1.463768288436939
2025-04-01,1.0498863992118426,1.4625058698158369
2025-04-02,1.0500682915435156,1.4622524913522759
2025-04-03,1.05010879924269,1.462196083131483
2025-04-04,1.0486597779342854,1.4642137343339596
2025-04-07,1.0482502968350624,1.4647854811121315
2025-04-08,1.0493852003625364,1.4631996096704292
2025-04-09,1.0489340308925816,1.4638286932444158
2025-04-10,1.0493884796057706,1.4631944921923172
2025-04-11,1.04987355541573,1.4625181361361743
2025-04-14,1.0494012997045,1.4631760082570646
2025-04-15,1.0484742456467686,1.4644685959982955
2025-04-16,1.0473600244772274,1.4660248973748573
2025-04-17,1.0476570640719065,1.4656091211077396
2025-04-21,1.0475953301721845,1.4662740586163638
2025-04-22,1.046931369406104,1.4672033759006275
2025-04-23,1.046463843042852,1.4678585824199195
2025-04-24,1.0460855132525688,1.4683892597417825
2025-04-25,1.0457479540558163,1.468863091271575
2025-04-28,1.044704542269182,1.470328672969766
2025-04-29,1.0455161864555402,1.4691863560072498
2025-04-30,1.0451788347793525,1.4696604112980738
2025-05-01,1.0444933280436433,1.4706243249151754
2025-05-02,1.0446158227939304,1.4704518549198102
2025-05-05,1.0443136425950281,1.4708772184116317
2025-05-06,1.0442617282109325,1.4709503379053925
2025-05-07,1.0451463984875622,1.4697041885855542
2025-05-08,1.0443786595619977,1.4707837972569087
2025-05-09,1.0445937696889365,1.4704808606865079
2025-05-12,1.044070312860517,1.4712177339763186
2025-05-13,1.044355543662279,1.4708158102661435
2025-05-14,1.044569632900484,1.4705142981630372
2025-05-15,1.0441534169287763,1.4711002347231694
2025-05-16,1.0433397850692565,1.472246554794638
2025-05-19,1.0437927918728969,1.4716073213296608
2025-05-20,1.0430735927774821,1.4726212952357336
2025-05-21,1.0432934915438143,1.4723108400498872
2025-05-22,1.0437530147243848,1.4716623543021166
2025-05-23,1.042995480394489,1.4727304563719281
2025-05-26,1.042245002316992,1.47379014641119
2025-05-27,1.0415680468379347,1.4747473976451855
2025-05-28,1.0421529698538405,1.4739192100887906
2025-05-29,1.0419987260347605,1.4741373574573207
2025-05-30,1.0437904830704106,1.4716025213622808
2025-06-02,1.0427982644658975,1.4730014145538042
2025-06-03,1.042556550641525,1.4733428466575489
2025-06-04,1.0422937726424872,1.4737142050120697
2025-06-05,1.0420602082050552,1.4740444451403945
2025-06-06,1.0418730461433185,1.4743091949075113
2025-06-09,1.0420692299105432,1.474031583798383
2025-06-10,1.0417878351252325,1.4744296233807435
2025-06-11,1.0412783921543542,1.4751506318071816
2025-06-12,1.040713033873616,1.4759515594277992
2025-06-13,1.0395638340797568,1.4775813681960506
2025-06-16,1.0396498564283883,1.4774591005531994
2025-06-18,1.039702016179921,1.4771148271725478
2025-06-19,1.0403240192300751,1.4762311413533122
2025-06-20,1.0408150037442667,1.4755344289671957
2025-06-23,1.041077058754589,1.4751629208811066
2025-06-24,1.0402659653645778,1.4763122065024297
2025-06-25,1.0400165329105493,1.4766661930682123
2025-06-26,1.0395285670862229,1.4773590307427624
2025-06-27,1.0395689856853894,1.4773015885671656
2025-06-30,1.0395591630288281,1.4772876298724165
2025-07-01,1.0398866159442293,1.4777529637932665
2025-07-02,1.0398297073266254,1.477833834993107
2025-07-03,1.0393573052478502,1.4785052254821611
2025-07-04,1.0393212056617018,1.4785565778193108
2025-07-07,1.0394908345393037,1.478315260802589
2025-07-08,1.039134961657518,1.4788213665753085
2025-07-09,1.0397859947611574,1.4778948635708538
2025-07-10,1.0393414802816825,1.4785266721057915
2025-07-11,1.0386290287151734,1.4795401779300583
2025-07-14,1.0385737227487946,1.4796189619781395
2025-07-15,1.0386709485670549,1.4794804478205588
2025-07-16,1.038954478400539,1.4790765885948893
2025-07-17,1.0378724405405177,1.4806169995561034
2025-07-18,1.0387250250865032,1.4794007121559993
2025-07-21,1.0391085173029082,1.4788545246238287
2025-07-22,1.0385191703199588,1.479693280574526
2025-07-23,1.0376328998957083,1.4809560482046427
2025-07-24,1.038543811361678,1.4796559546503205
2025-07-25,1.0383581444794445,1.4799204818709084
2025-07-28,1.0378385663682108,1.4806610108423761
2025-07-29,1.0369836746870682,1.4818806656343453
2025-07-30,1.0369836746870682,1.4818839689473577
2025-07-31,1.0369836746870682,1.481544727017144
2025-08-01,1.0369836746870682,1.4808386534053062
2025-08-04,1.0369836746870682,1.4816510023671523
2025-08-05,1.0369836746870682,1.4821115711929609
2025-08-06,1.0369836746870682,1.4816103114684023
2025-08-07,1.0369836746870682,1.481006777942381
2025-08-08,1.0369836746870682,1.481378818280523
2025-08-11,1.0369836746870682,1.480399295798428
2025-08-12,1.0369836746870682,1.4811238027346723
2025-08-13,1.0369836746870682,1.4803892774891716
2025-08-15,1.0369836746870682,1.4825523146047896
2025-08-18,1.0369836746870682,1.4825022898032456
2025-08-19,1.0369836746870682,1.4820764519621543
2025-08-20,1.0369836746870682,1.4830487197655038
2025-08-21,1.0369836746870682,1.4830396373477264
2025-08-22,1.0369836746870682,1.482829103914265
2025-08-25,1.0369836746870682,1.4842614437491637
2025-08-26,1.0369836746870682,1.4827907748080256
2025-08-27,1.0369836746870682,1.483680206366144
2025-08-28,1.0369836746870682,1.4833178675510668
2025-08-29,1.0369836746870682,1.483726238892678
2025-09-01,1.0369836746870682,1.4826418341781906
2025-09-02,1.0369836746870682,1.4822004418739774
2025-09-03,1.0369836746870682,1.4823765616325386
2025-09-04,1.0369836746870682,1.483161412683073
2025-09-05,1.0369836746870682,1.482699390434316
2025-09-08,1.0369836746870682,1.484230505676641
2025-09-09,1.0369836746870682,1.4839755542747928
2025-09-10,1.0369836746870682,1.4848996547457072
2025-09-11,1.0365924964580422,1.484339510520293
2025-09-12,1.0368341314713805,1.48468551765294
2025-09-15,1.0361371098136183,1.4836874236190356
2025-09-16,1.0362269447967052,1.4838160620331458
2025-09-17,1.0373052635870446,1.4853601511432892
2025-09-18,1.038262684651452,1.486731121817841
2025-09-19,1.0379688603100814,1.4863103826358197
2025-09-22,1.0375029970281526,1.485643293805609
2025-09-23,1.0373557638274444,1.48543246451848
2025-09-24,1.0370604649720003,1.4850096139189968
2025-09-25,1.0377343296923012,1.485974548579923
2025-09-26,1.0383041903488814,1.4867905555363146
2025-09-29,1.0383591813713113,1.4868692994473456
2025-09-30,1.039021890649948,1.4878182601716707
2025-10-01,1.0381940151253422,1.4866327910937407
2025-10-02,1.0377483843681883,1.485994674049476
2025-10-03,1.037401601511005,1.4854981013864026
2025-10-06,1.038072175184581,1.4864583234619093
2025-10-07,1.037166470832387,1.4851614080786655
2025-10-08,1.0364743440326596,1.4841703231936831
2025-10-09,1.0370347589363058,1.4849728043872177
2025-10-10,1.0368944891408072,1.484771946286949
2025-10-14,1.037949702639231,1.4863524760863398
2025-10-15,1.0380237303699391,1.486458484403079
2025-10-16,1.0378480154669116,1.4862068592226525
2025-10-17,1.0382692584690536,1.486810082652146
2025-10-20,1.0378098618017393,1.4861522228616066
2025-10-21,1.0384916484185926,1.487128546881495
2025-10-22,1.03914540759262,1.4880647353736822
2025-10-23,1.039236058065622,1.488194547593544
2025-10-24,1.0396964071361292,1.4888537712332568
2025-10-27,1.0402046700735512,1.4895816079228565
2025-10-28,1.0400423047372653,1.4893490994313512
2025-10-29,1.0398764118174515,1.4891115394113392
2025-10-30,1.0397250824524493,1.4888948345211086
2025-10-31,1.0394904514514216,1.4885588410057606
2025-11-03,1.0392235596670474,1.4881766497844104
2025-11-04,1.0397407880586635,1.4889173250778527
2025-11-05,1.0391334332851652,1.4880475880673245
2025-11-06,1.039618688561493,1.4887424775977807
2025-11-07,1.0386089898105735,1.4872965807159622
2025-11-10,1.0388583818601551,1.487653712173748
2025-11-11,1.0396416362243754,1.488775338838994
2025-11-12,1.0394244821010261,1.4884643723556357
2025-11-13,1.0397614908967634,1.4889469717115902
2025-11-14,1.0399478657701307,1.4892138620568596
2025-11-17,1.0399049340587643,1.4891523834945268
2025-11-18,1.0400060874871788,1.48929723603257
2025-11-19,1.0406450764971695,1.4902122735288734
2025-11-20,1.0408984450892274,1.490575099428057
2025-11-21,1.041106722764305,1.490873354764783
2025-11-24,1.0411158234630664,1.4908863870399536
2025-11-25,1.042360275753183,1.4926684529127823
2025-11-26,1.0423462835773623,1.4926484160023963
2025-11-27,1.0426421898573688,1.4930721562191516
2025-11-28,1.0423428390818024,1.4926434834565405
2025-12-01,1.0421065415711033,1.4923051034856927
2025-12-02,1.0426362163911984,1.4930636021666666
2025-12-03,1.0430099135242668,1.4935987395221955
2025-12-04,1.0437623320466707,1.4946762090093824
2025-12-05,1.043244008757918,1.493933965814272
2025-12-08,1.0424646873941883,1.492817971237944
2025-12-09,1.0426461031389715,1.4930777600704606
2025-12-11,1.0431428720862423,1.493585264720351
2025-12-12,1.0441383003512459,1.4950105316022708
2025-12-15,1.0446138935410316,1.4956914919953996
2025-12-16,1.0446652567502772,1.4957650344932978
2025-12-17,1.0452790254073543,1.496643836282284
2025-12-18,1.0450905338793046,1.4963739517090842
2025-12-19,1.045186782437003,1.4965117616212023
2025-12-22,1.046348682379208,1.4981753847731165
2025-12-23,1.0465661504927604,1.4984867583909016
2025-12-24,1.0465010902091523,1.4983936042472883
2025-12-25,1.0466840881251793,1.4986556229967485
2025-12-26,1.04639679253709,1.4982442695105944
2025-12-29,1.04639679253709,1.4994132945847587
2025-12-30,1.0462385417564055,1.49918653230287
2025-12-31,1.0471197346723011,1.500449220016184
2026-01-01,1.0479970188022378,1.5017063067130632
2026-01-02,1.0479970188022378,1.5021906784930412
2026-01-05,1.0479970188022378,1.5030522888364368
2026-01-06,1.0479970188022378,1.5032496714081245
2026-01-07,1.0479970188022378,1.5034094027721605
2026-01-08,1.0479970188022378,1.502663601031494
2026-01-09,1.0479970188022378,1.5029121365876612
2026-01-12,1.0479970188022378,1.5040592311706507
2026-01-13,1.0479970188022378,1.5035178575169261
2026-01-14,1.0479970188022378,1.5039650161257552
2026-01-15,1.0479970188022378,1.5041974664205982
2026-01-16,1.0479970188022378,1.503685845259064
2026-01-19,1.0479970188022378,1.5037562706488392
2026-01-20,1.0479970188022378,1.5038455391740673
2026-01-21,1.0479970188022378,1.5036281670387937
2026-01-22,1.0479970188022378,1.5040070040297153
2026-01-23,1.0479970188022378,1.5030540332289577
2026-01-26,1.0479970188022378,1.5033270800317533
2026-01-27,1.0479970188022378,1.5038704116468253
2026-01-28,1.0479970188022378,1.5039263045047622
2026-01-29,1.0479970188022378,1.5038943132742506
2026-01-30,1.0479970188022378,1.503776474783815
2026-02-02,1.0479970188022378,1.5026999558966794
2026-02-03,1.0479970188022378,1.5036837600604287
2026-02-04,1.0479970188022378,1.5044054750309155
2026-02-05,1.0479970188022378,1.5047105437900357
