date,strategy,buy_and_hold
2003-12-22,0.9992692394486848,0.9989077294430673
2003-12-23,0.9991783923982427,0.99881691525876
2003-12-24,0.999889362279985,0.9995276279298171
2003-12-25,1.0000721901000584,0.99971038960747
2003-12-26,0.9999847529959874,0.9996229841359028
2003-12-29,1.0005777248830823,1.0002157415009632
2003-12-30,1.000415767187096,1.0000538423971213
2003-12-31,1.0002771312013965,0.999915256566369
2004-01-01,1.0008401463993943,1.000478068079895
2004-01-02,1.0010998864211706,1.000737714134387
2004-01-05,1.0027449777117186,1.0023822102730597
2004-01-06,1.0028360929559286,1.002473292554109
2004-01-07,1.0032639752633923,1.002901020064718
2004-01-08,1.003866941876734,1.0035037685401895
2004-01-09,1.0030590339872618,1.0026961529310898
2004-01-12,1.0039507579916642,1.003587554332597
2004-01-13,1.0039832129148427,1.0036199975144158
2004-01-14,1.00391221446133,1.0035490247463243
2004-01-15,1.003121572210126,1.0027586685292278
2004-01-16,1.00402613286771,1.0036629019399443
2004-01-20,1.0042466289938172,1.0037136277670955
2004-01-21,1.0047805744301659,1.0042472898133243
2004-01-22,1.0044422289892116,1.0039091239483129
2004-01-23,1.004408652892779,1.003875565672304
2004-01-26,1.004868563554371,1.004335232237536
2004-01-27,1.0048585620377808,1.004325236029224
2004-01-28,1.0050761717636456,1.0045427302593057
2004-01-29,1.004935302704997,1.0044019359665353
2004-01-30,1.0046474502962077,1.0041142363346462
2004-02-02,1.0038535850957944,1.003320792476076
2004-02-03,1.0046848314119774,1.0041515976104882
2004-02-04,1.003973576127061,1.0034407198224222
2004-02-05,1.0051073104559425,1.0045738524248249
2004-02-06,1.0052894742252354,1.004755919511182
2004-02-09,1.0051031616542019,1.0045697058250498
2004-02-10,1.0051332978519947,1.004599826028136
2004-02-11,1.0055342336173416,1.0050005489978922
2004-02-12,1.005845311627307,1.0053114619040313
2004-02-13,1.006607735143109,1.0060734807655807
2004-02-16,1.006984885359381,1.0064504308103785
2004-02-18,1.0069649101318177,1.0060889335222125
2004-02-19,1.0073616799598044,1.0064853581930988
2004-02-20,1.0070456762236637,1.0061696293542048
2004-02-23,1.00700690352212,1.006130890381721
2004-02-24,1.0070188895992245,1.0061428660319247
2004-02-25,1.0071389472750714,1.006262819267473
2004-02-26,1.007950818403889,1.0070739841352165
2004-02-27,1.0086472036277716,1.0077697635612592
2004-03-01,1.0084573980460192,1.007580123094744
2004-03-02,1.008114890828603,1.0072379138304224
2004-03-03,1.0087782502759057,1.007900696209593
2004-03-04,1.0085228798133277,1.0076455478983033
2004-03-05,1.0081560392432944,1.007279026449379
2004-03-08,1.0084213851705106,1.0075441415474735
2004-03-09,1.00853192851437,1.00765458872772
2004-03-10,1.0087063076164482,1.007828816134329
2004-03-11,1.0092914047691564,1.0084134043006614
2004-03-12,1.009114311498658,1.0082364650867357
2004-03-15,1.0093547625086552,1.0084767069241405
2004-03-16,1.0093417299756753,1.008463685728392
2004-03-18,1.0094943017709674,1.0086287118924209
2004-03-19,1.009763659356938,1.0088978385179987
2004-03-22,1.0102451409787898,1.0093789072939159
2004-03-23,1.0104983527294058,1.0096319019283697
2004-03-24,1.0110849067399077,1.0102179529987225
2004-03-25,1.0114442829015111,1.010577021013596
2004-03-26,1.0113428551124195,1.0104756801936607
2004-03-29,1.0119236827772697,1.0110560098284112
2004-03-30,1.0110896240883656,1.0102226663022948
2004-03-31,1.0120281320211986,1.0111603695124403
2004-04-01,1.0127819258200794,1.0119135169715827
2004-04-02,1.012431103348738,1.0115629953126182
2004-04-05,1.0124157506655516,1.0115476557935745
2004-04-06,1.0124089625903034,1.0115408735387545
2004-04-07,1.0127004660410428,1.011832127040152
2004-04-08,1.0132043656268497,1.0123355945577635
2004-04-09,1.0140619979257421,1.0131924914806998
2004-04-12,1.0142184367630644,1.0133487961796976
2004-04-13,1.0149232283635787,1.0140529834573595
2004-04-14,1.0148371410610995,1.0139669699703517
2004-04-16,1.0154003876064859,1.0146173409638963
2004-04-19,1.0157199087242343,1.0149366156764419
2004-04-20,1.0160452694474975,1.0152617254911718
2004-04-21,1.016420745195781,1.0156369116837018
2004-04-22,1.0170647231827583,1.0162803930539686
2004-04-23,1.0173795270541648,1.0165949541579726
2004-04-26,1.0172559797148883,1.0164715020947375
2004-04-27,1.0177153548937588,1.0169305230171037
2004-04-28,1.018495746445857,1.0177103127543985
2004-04-29,1.018221531022669,1.0174363087980063
2004-04-30,1.0188855740752305,1.018099839760274
2004-05-03,1.0196524974014698,1.018866171658006
2004-05-04,1.020087971710875,1.0193013101425485
2004-05-05,1.0202458706840374,1.019459087348709
2004-05-06,1.020262625239582,1.0194758289836379
2004-05-07,1.0199495471925644,1.019162992373118
2004-05-10,1.019735127738563,1.0189487382730358
2004-05-11,1.0199779738842885,1.019191397143021
2004-05-12,1.02029013338656,1.0195033159171492
2004-05-13,1.0213138007338247,1.0205261938425374
2004-05-17,1.021797025350649,1.0212804597644036
2004-05-18,1.0214738281006455,1.0209574259055365
2004-05-19,1.0219544954402988,1.021437850245651
2004-05-20,1.0216069929084945,1.0210905233924255
2004-05-21,1.0211004976808333,1.0205842842214936
2004-05-24,1.021665730997586,1.0211492317867006
2004-05-25,1.0214460514198687,1.0209296632671552
2004-05-26,1.0217353970875107,1.0212188626571994
2004-05-27,1.0221694049983465,1.0216526511569926
2004-05-28,1.0224914824573625,1.0219745657909785
2004-05-31,1.02293902949073,1.0224218865686512
2004-06-01,1.0235435519891882,1.0230261034530677
2004-06-02,1.0242376163243658,1.0237198169066697
2004-06-03,1.0242494267800564,1.0237316213916294
2004-06-04,1.0244414172986487,1.0239235148501478
2004-06-07,1.0234850623523783,1.0229676433854704
2004-06-08,1.0231653663798728,1.0226481090340436
2004-06-09,1.0224268099303306,1.0219099259588955
2004-06-10,1.0227283428593048,1.0222113064490483
2004-06-11,1.023038214088667,1.022521021024193
2004-06-15,1.0225373620816733,1.0225802313650563
2004-06-16,1.0235270318645664,1.0235699426392786
2004-06-17,1.0243461718749187,1.0243891169915986
2004-06-18,1.0251081898788412,1.025151166942682
2004-06-21,1.026577399271949,1.026620437931538
2004-06-22,1.026693833183969,1.0267368767249823
2004-06-23,1.027375248909841,1.0274183210188117
2004-06-24,1.0276744633749428,1.0277175480283056
2004-06-25,1.0275497847224673,1.02759286414875
2004-06-28,1.0268488356102174,1.0268918856496168
2004-06-29,1.0265260241038634,1.0265690606095783
2004-06-30,1.027129091372698,1.0271721531616569
2004-07-01,1.02785475919928,1.0278978514114399
2004-07-02,1.0278884372434423,1.0279315308675345
2004-07-05,1.0285363963016838,1.028579517091082
2004-07-06,1.028185433566934,1.0282285396424242
2004-07-07,1.0278013659422462,1.0278444559159248
2004-07-08,1.0284172585017992,1.0284603742964147
2004-07-09,1.0295950432245398,1.0296382083970936
2004-07-12,1.0288348364789657,1.0288779697802946
2004-07-14,1.0287871450888642,1.029194659688704
2004-07-15,1.0297675045780228,1.0301754075097025
2004-07-16,1.030422387694502,1.0308305500330304
2004-07-19,1.0304604158038029,1.0308685932057093
2004-07-20,1.0308391408965507,1.031247468315888
2004-07-21,1.0309875016696743,1.0313958878564462
2004-07-22,1.0308772513428244,1.0312855938581547
2004-07-23,1.031797187611498,1.0322058945243249
2004-07-26,1.0322537437382653,1.0326626314983045
2004-07-27,1.0320816921665228,1.0324905117749257
2004-07-28,1.0319706348283781,1.0323794104456727
2004-07-29,1.0317199011071825,1.0321285774059226
2004-07-30,1.0326741590376165,1.0330832133290644
2004-08-02,1.0334982013904868,1.0339075820947319
2004-08-03,1.0330693063795422,1.0334785171934657
2004-08-04,1.0331905276453779,1.0335997864764601
2004-08-05,1.0334536482696932,1.0338630113259268
2004-08-06,1.032987734913329,1.0333969134158423
2004-08-09,1.0329547330171494,1.0333638984472262
2004-08-10,1.032564700549418,1.0329737114830806
2004-08-12,1.032032869207812,1.0325979791662976
2004-08-13,1.0314549803445188,1.0320197738685561
2004-08-16,1.0318833176968507,1.0324483457654559
2004-08-17,1.0319083149269068,1.0324733566832385
2004-08-18,1.0323196152335505,1.0328848822054795
2004-08-19,1.0322256336256945,1.03279084913614
2004-08-20,1.0333366661643695,1.0339024900426008
2004-08-23,1.032982886471559,1.0335485166307397
2004-08-24,1.0332124731824688,1.0337782290563826
2004-08-25,1.0342321220362716,1.034798436239032
2004-08-26,1.034950901971571,1.0355176097564656
2004-08-27,1.0365094921586901,1.037077053380391
2004-08-30,1.0368274143184564,1.037395149624708
2004-08-31,1.0365115169623176,1.0370790792927393
2004-09-01,1.0359146371112251,1.0364818726083087
2004-09-02,1.03585448943289,1.0364216919949258
2004-09-03,1.035397102646458,1.035964054757335
2004-09-06,1.036257379525247,1.0368248026977014
2004-09-07,1.0373956329237453,1.0379636793693046
2004-09-08,1.0379458278223448,1.0385141755379754
2004-09-10,1.038273552617755,1.0385819949814594
2004-09-13,1.0390564390271633,1.0393651139647728
2004-09-14,1.0392847485455918,1.0395934913076466
2004-09-15,1.0397217765927482,1.0400306491837517
2004-09-16,1.039202237585577,1.0395109558359068
2004-09-17,1.0396708191060138,1.0399796765589568
2004-09-20,1.0406591631727535,1.0409683142353907
2004-09-21,1.040831201201528,1.0411404033719065
2004-09-22,1.0417755754325357,1.0420850581503858
2004-09-23,1.0418401301231506,1.042149632018414
2004-09-24,1.041189387347119,1.041498695924697
2004-09-27,1.0418753080212666,1.0421848203669108
2004-09-28,1.041929249980533,1.042238778350842
2004-09-29,1.0424346682459416,1.0427443467620423
2004-09-30,1.0425324797859477,1.0428421873591525
2004-10-01,1.042415186130186,1.0427248588586888
2004-10-04,1.0431505341024685,1.0434604252825213
2004-10-05,1.0432026195545707,1.0435125262077711
2004-10-06,1.0439840332550905,1.0442941720446948
2004-10-07,1.043037229802936,1.0433470873234143
2004-10-11,1.0431910881199584,1.0432503922320562
2004-10-12,1.0432865235722217,1.0433458331097059
2004-10-13,1.043556420604619,1.0436157454854127
2004-10-14,1.0440989034860237,1.0441582592062926
2004-10-15,1.043947212008801,1.0440065591055985
2004-10-18,1.0437216186782308,1.0437809529503288
2004-10-19,1.0445228178997283,1.0445821977190028
2004-10-20,1.0447710561367507,1.0448304500680592
2004-10-21,1.0449793232342524,1.0450387290052856
2004-10-22,1.0462392909369553,1.0462987683355807
2004-10-25,1.046767563558276,1.046827070988541
2004-10-26,1.0462431362212357,1.0463026138384606
2004-10-27,1.0455850731416498,1.0456445133488095
2004-10-28,1.0460916378300336,1.0461511068347638
2004-10-29,1.0458996115331798,1.0459590696214547
2004-11-01,1.0458098275095808,1.045869280493746
2004-11-02,1.045040414988988,1.0450998242330112
2004-11-03,1.0450562023435779,1.0451156124850924
2004-11-04,1.0457114627694228,1.0457709101616752
2004-11-05,1.04665940500389,1.0467189062854758
2004-11-09,1.046578380034762,1.0475023735332178
2004-11-10,1.0469343952384598,1.0478587030523456
2004-11-11,1.047629284840738,1.0485542061523674
2004-11-12,1.0482893176121442,1.0492148216474388
2004-11-15,1.0488654033969784,1.0497914160415946
2004-11-16,1.04837176282814,1.0492973396519092
2004-11-17,1.0483025233450678,1.049228039039319
2004-11-18,1.0488374279842967,1.049763415930238
2004-11-19,1.0485417397264594,1.04946746661787
2004-11-22,1.0488147062653836,1.0497406741509827
2004-11-23,1.0491861049924884,1.0501124007751814
2004-11-24,1.0491298389933081,1.050056085100393
2004-11-25,1.049395169536614,1.0503216498962895
2004-11-26,1.050245048643942,1.0511722793370706
2004-11-29,1.0506166156273213,1.0515441743660923
2004-11-30,1.0508628011843406,1.0517905772731528
2004-12-01,1.0517563580041087,1.052684922988151
2004-12-02,1.0513572655396155,1.0522854781765718
2004-12-03,1.0503347061060793,1.0512620159551638
2004-12-06,1.0511206299641687,1.0520486336824837
2004-12-08,1.0517102013616524,1.0526322384065538
2004-12-09,1.0518692311006963,1.0527914075673799
2004-12-10,1.0520157046816743,1.052938009562124
2004-12-13,1.0524832616826614,1.053405976471539
2004-12-14,1.0526934386567062,1.053616337708279
2004-12-15,1.053020847414209,1.0539440335058838
2004-12-16,1.0528994942436636,1.053822573944701
2004-12-17,1.0530776633061008,1.0540008992084144
2004-12-20,1.0531342343526695,1.0540575198509656
2004-12-21,1.0532373480391892,1.0541607239375201
2004-12-22,1.053647866225942,1.0545716020266256
2004-12-23,1.0530140543423747,1.0539372344785458
2004-12-24,1.0529788342071569,1.0539019834657446
2004-12-27,1.0535198588235202,1.0544434823997837
2004-12-28,1.0535382314846595,1.0544618711682825
2004-12-29,1.053093810436951,1.0540170604954955
2004-12-30,1.053937074956154,1.0548610643068765
2004-12-31,1.0536029128650204,1.054526609254976
2005-01-03,1.0546292041717864,1.0555538003139766
2005-01-04,1.0543108879279444,1.0552352050014628
2005-01-06,1.0551140064342834,1.0567432860463815
2005-01-07,1.0559364685141075,1.0575670181507624
2005-01-10,1.055900589876506,1.0575310841103016
2005-01-11,1.0557572980900014,1.0573875710563465
2005-01-12,1.056160886369596,1.0577917825464678
2005-01-13,1.0559413177914634,1.0575718749162466
2005-01-14,1.0570399224030804,1.0586721759645374
2005-01-17,1.0568316485526872,1.0584635805030802
2005-01-18,1.057020463387475,1.0586526869008261
2005-01-19,1.057120102747411,1.058752480121271
2005-01-20,1.057100784996503,1.0587331325403946
2005-01-21,1.0574248632165506,1.0590577111936024
2005-01-24,1.0579053654575272,1.0595389554136447
2005-01-25,1.0577396241781736,1.0593729582009173
2005-01-26,1.0579561061592677,1.0595897744678573
2005-01-27,1.0579493897570904,1.0595830476943864
2005-01-28,1.0586425825694323,1.0602773109170436
2005-01-31,1.0583059103320558,1.0599401187991526
2005-02-01,1.0577270498959068,1.0593603645017706
2005-02-02,1.058968034908456,1.0606032658111062
2005-02-04,1.0586146972566692,1.0605149725047192
2005-02-07,1.0588840963943604,1.0607848552296064
2005-02-08,1.0587179087855856,1.0606183693043616
2005-02-09,1.0590438338525436,1.0609448794258622
2005-02-10,1.0590565467704547,1.060957615164204
2005-02-11,1.059201168519613,1.061102496517854
2005-02-14,1.0589828354534825,1.0608837715311101
2005-02-15,1.0588673725958182,1.0607681014108685
2005-02-16,1.0589527108206451,1.0608535928227962
2005-02-17,1.0590227968772075,1.060923804687926
2005-02-18,1.0593181752561291,1.0612197132883
2005-02-21,1.0594020772980295,1.0613037659392688
2005-02-22,1.0597177908005,1.0616200461659269
2005-02-23,1.060109297857896,1.062012256001371
2005-02-24,1.0600457644656809,1.0619486085630037
2005-02-25,1.0589175901526124,1.0608184091111117
2005-02-28,1.0585134069821651,1.0604135004082524
2005-03-01,1.0591440186230314,1.0610452440338676
2005-03-02,1.0589572115855959,1.0608581016668828
2005-03-03,1.0591609335238779,1.0610621892979497
2005-03-07,1.0601993651411614,1.0630126878813746
2005-03-08,1.0614784050411532,1.0642951218147478
2005-03-09,1.061769129562367,1.0645866177964376
2005-03-10,1.0618522394167615,1.0646699481893942
2005-03-11,1.0611413525873787,1.0639571749656702
2005-03-14,1.0608962216749087,1.0637113935789657
2005-03-15,1.0613646068808698,1.0641810216820595
2005-03-16,1.0611275523659913,1.0639433381243055
2005-03-17,1.0624979271635506,1.0653173493196098
2005-03-18,1.0624220594849623,1.0652412803201448
2005-03-21,1.0622867244502252,1.0651055861632055
2005-03-22,1.0630293846418901,1.0658502170623376
2005-03-23,1.0626401034863986,1.065459902918558
2005-03-24,1.0628301535252567,1.0656504572702026
2005-03-25,1.0630958071860301,1.0659168158639438
2005-03-28,1.0634133757183875,1.0662352270894804
2005-03-29,1.0624700457052827,1.0652893938756902
2005-03-30,1.0627253536695433,1.0655453793197958
2005-03-31,1.0632129310668104,1.066034250542191
2005-04-01,1.0640356442997894,1.066859146909704
2005-04-05,1.0639470204927959,1.0675317655367162
2005-04-06,1.0646134868416015,1.0682004774032918
2005-04-07,1.0650896783018005,1.0686782732901625
2005-04-08,1.065730959842368,1.0693217154936014
2005-04-11,1.0659440755715355,1.069535549271261
2005-04-12,1.0663617761416335,1.0699546571953151
2005-04-13,1.066223254930206,1.069815669265887
2005-04-14,1.0666457936188425,1.0702396316094995
2005-04-15,1.067090694753973,1.070686031745152
2005-04-18,1.0677778027080187,1.0713754547645022
2005-04-19,1.0681229779909025,1.0717217930426863
2005-04-20,1.0680307007624323,1.071629204905561
2005-04-21,1.0679903761292475,1.0715887444070311
2005-04-22,1.0687676493357259,1.0723686364716116
2005-04-25,1.0684024231194242,1.0720021797026191
2005-04-26,1.0680749882847203,1.0716736416453125
2005-04-27,1.068514659724355,1.0721147944651137
2005-04-28,1.0677946494951505,1.0713923583133291
2005-04-29,1.0688064378135027,1.0724075556389814
2005-05-02,1.0695016886135083,1.073105148939893
2005-05-04,1.0686036911511703,1.0733418397651022
2005-05-05,1.0686782615583494,1.0734167408146649
2005-05-06,1.0689181027201984,1.0736576454232136
2005-05-09,1.068671269832904,1.0734097180881716
2005-05-10,1.0693429627074564,1.074084389223691
2005-05-11,1.0688132843642018,1.073552362306565
2005-05-12,1.0691918161969916,1.0739325725352782
2005-05-13,1.069476248304185,1.0742182658037476
2005-05-16,1.0695640390052972,1.0743064457655296
2005-05-17,1.0698886856754872,1.0746325319068566
2005-05-18,1.0704496301876436,1.0751959636259023
2005-05-19,1.0710807443677668,1.0758298761425862
2005-05-20,1.0712777960438984,1.0760278015384455
2005-05-23,1.0708209315549495,1.0755689113295193
2005-05-24,1.070606053954358,1.0753530809697207
2005-05-25,1.0702598020840506,1.0750052938316308
2005-05-26,1.0713051991250437,1.076055326123823
2005-05-27,1.0722318231382177,1.0769860587530538
2005-05-30,1.0723808847702345,1.077135781318746
2005-05-31,1.0720644870717226,1.0768179807247276
2005-06-02,1.073103481224866,1.077889446942922
2005-06-03,1.072640576686703,1.0774244778832203
2005-06-06,1.0731309263752156,1.0779170144967034
2005-06-07,1.0741650380571421,1.0789557382436776
2005-06-08,1.0751990583186406,1.079994370162495
2005-06-09,1.0761335973222517,1.0809330771440429
2005-06-10,1.076063526239961,1.0808626935496752
2005-06-13,1.0760926539826172,1.0808919512000061
2005-06-14,1.077046022495429,1.0818495716690355
2005-06-15,1.0776003123238171,1.082406333590901
2005-06-16,1.0778794534529015,1.0826867196697016
2005-06-17,1.0772438695035351,1.082048301060821
2005-06-20,1.0773075138158497,1.0821122292222725
2005-06-21,1.0780316713841092,1.0828396164821292
2005-06-22,1.077773097946783,1.0825798898255392
2005-06-23,1.07791326335888,1.0827206803654723
2005-06-24,1.079484518362545,1.0842989430554542
2005-06-27,1.0799230795821098,1.0847394602270766
2005-06-28,1.0803529279450073,1.0851712256833064
2005-06-29,1.079961440216147,1.0847779919468317
2005-07-01,1.0795913094226017,1.0836157632844865
2005-07-04,1.079887716738469,1.0839132755347458
2005-07-05,1.0808105222915434,1.0848395210825101
2005-07-06,1.079663055459686,1.0836877767733495
2005-07-07,1.0802268249852716,1.0842536478946265
2005-07-08,1.080523199242207,1.0845511269627184
2005-07-11,1.08054896465897,1.0845769884266894
2005-07-12,1.0806961392249932,1.0847247116237042
2005-07-13,1.081129033191246,1.0851592193133903
2005-07-14,1.0818545226089933,1.0858874131792595
2005-07-15,1.0824888782693645,1.0865241335632672
2005-07-18,1.0826284283126468,1.0866642038151746
2005-07-19,1.0829586927323083,1.0869956993802774
2005-07-20,1.0838302064613319,1.0878704619005444
2005-07-21,1.0839263551114267,1.087966968969425
2005-07-22,1.0839489234063842,1.0879896213934979
2005-07-25,1.0832738008184215,1.0873119821127064
2005-07-26,1.0842894212566858,1.0883313885369816
2005-07-27,1.0835292754177779,1.0875684090592417
2005-07-28,1.082997962625982,1.087035115662565
2005-08-01,1.0831294446293251,1.0881726307525879
2005-08-02,1.083582279989564,1.0886275745708842
2005-08-03,1.0845268810287785,1.0895765737906455
2005-08-04,1.0846844698882416,1.0897348964035425
2005-08-05,1.0856376166406867,1.0906924811264438
2005-08-08,1.0848475823498196,1.0898987683371364
2005-08-09,1.084516620854464,1.0895662658436769
2005-08-10,1.0839113812525538,1.0889582081705038
2005-08-11,1.0837303808384375,1.0887763649958282
2005-08-12,1.0849387909539638,1.089990401619946
2005-08-15,1.0851384415104384,1.0901909817743747
2005-08-16,1.0851402873534048,1.0901928362118167
2005-08-17,1.0857818903151975,1.0908374265572223
2005-08-18,1.085200045188297,1.09025287228666
2005-08-19,1.0851571417768593,1.0902097691115742
2005-08-22,1.0856337156768334,1.090688561999215
2005-08-23,1.0850890053066016,1.0901413153893915
2005-08-24,1.0848113611290893,1.0898623784658734
2005-08-25,1.0853728373323153,1.0904264689725058
2005-08-26,1.085189292219693,1.0902420692508896
2005-08-30,1.0848480240993894,1.0906671623526185
2005-08-31,1.0845457771649025,1.0903632941618273
2005-09-01,1.0846537503818172,1.0904718465484164
2005-09-02,1.0847079080116153,1.0905262946804124
2005-09-05,1.0856694476062614,1.091492991985367
2005-09-06,1.0853349325213189,1.091156682557361
2005-09-07,1.0858411228655611,1.0916655881128865
2005-09-08,1.086649920499245,1.0924787241471063
2005-09-09,1.0864429560458635,1.0922706495338304
2005-09-12,1.0867381150779816,1.0925673918026566
2005-09-13,1.0876130959333672,1.0934470660662001
2005-09-14,1.088767380749097,1.0946075424799946
2005-09-15,1.0884240055525185,1.0942623254146038
2005-09-16,1.0889886921018235,1.094830040949561
2005-09-19,1.0884899556833008,1.0943286293027052
2005-09-20,1.0893009905915458,1.0951440146122549
2005-09-21,1.088627160370611,1.0944665699576595
2005-09-22,1.08855573179614,1.0943947582394293
2005-09-23,1.0886813289372297,1.094521029085141
2005-09-26,1.08947798850898,1.095321961948713
2005-09-28,1.089697443244101,1.0954039107324014
2005-09-29,1.089588154470211,1.0952940496410863
2005-09-30,1.089486885356399,1.0951922502067628
2005-10-03,1.089833207958865,1.0955403864123383
2005-10-04,1.0901417475401642,1.0958505417367048
2005-10-05,1.090106604215337,1.0958152143752518
2005-10-06,1.0900702854370714,1.0957787054048107
2005-10-07,1.0911032052657068,1.0968170343710528
2005-10-10,1.0919263136791142,1.097644453193216
2005-10-11,1.0915067147521298,1.097222656933706
2005-10-12,1.0915154055777583,1.097231393270971
2005-10-13,1.0914470431991126,1.09716267289599
2005-10-14,1.0914312772876775,1.0971468244224993
2005-10-17,1.0911266941725533,1.0968406462833116
2005-10-18,1.0915351867255552,1.097251278007592
2005-10-19,1.0918668395507862,1.097584667614052
2005-10-20,1.0923514403587882,1.0980718061528458
2005-10-21,1.0930289055867477,1.098752819093358
2005-10-24,1.0925843606635375,1.0983059462018048
2005-10-25,1.0933418484488313,1.0990674007573673
2005-10-27,1.0932965132877197,1.0987538744207939
2005-10-28,1.09298517818898,1.0984409852440467
2005-10-31,1.0925253086718876,1.0979788202160856
2005-11-01,1.09211069872749,1.0975621406810798
2005-11-02,1.092015356484155,1.0974663225219738
2005-11-03,1.093328451500651,1.0987859720583277
2005-11-04,1.0940963774573877,1.0995577312379996
2005-11-07,1.0943715108921463,1.0998342380444786
2005-11-08,1.0942263494489697,1.099688352005176
2005-11-09,1.094346969347174,1.0998095739965328
2005-11-10,1.0952929908801918,1.1007603177445058
2005-11-11,1.0954183715791834,1.1008863243009344
2005-11-14,1.0961408288874832,1.1016123878682742
2005-11-15,1.09638508288167,1.1018578610946073
2005-11-16,1.09714902245373,1.1026256139909374
2005-11-17,1.0976222890392648,1.1031012429609106
2005-11-18,1.098365802435544,1.1038484677209979
2005-11-21,1.0988213438396728,1.10430628303154
2005-11-22,1.0988992644491222,1.1043845925939408
2005-11-23,1.099552737172132,1.1050413272286066
2005-11-25,1.099532519551383,1.1040790282959216
2005-11-28,1.0991580189702912,1.1037029791747581
2005-11-29,1.099848205956178,1.104396020047284
2005-11-30,1.0999138035228897,1.1044618888564603
2005-12-01,1.100680024198899,1.105231277814391
2005-12-02,1.1007733152771109,1.1053249546462711
2005-12-05,1.0994347554949235,1.1039808599902654
2005-12-06,1.099714347728748,1.1042616083231716
2005-12-07,1.0991431909530844,1.1036880898444852
2005-12-08,1.1000856145565854,1.1046344103196823
2005-12-09,1.100487719518842,1.1050381779646652
2005-12-12,1.0998233728877798,1.1043710842954628
2005-12-13,1.1006324034262234,1.105183460132342
2005-12-14,1.1004169938474353,1.1049671598463524
2005-12-15,1.100642411761753,1.1051935098518093
2005-12-16,1.1017452528916571,1.1063009111713864
2005-12-19,1.1016085640353408,1.1061636571138873
2005-12-20,1.1017372453463805,1.106292870515334
2005-12-21,1.1015240272767481,1.1060787708002744
2005-12-22,1.1030859426849238,1.1076471446459544
2005-12-26,1.1033904091059645,1.108774185669757
2005-12-27,1.1034232915009357,1.1088072285079094
2005-12-28,1.1032579969117406,1.108641127396265
2005-12-29,1.1033879178714348,1.1087716822797384
2005-12-30,1.104334519610976,1.1097229027763567
2006-01-02,1.1043559057011816,1.1097443932157849
2006-01-03,1.1041515070562675,1.1095389972478698
2006-01-04,1.1043940358629367,1.1097827094261674
2006-01-05,1.103783325618278,1.1091690193409416
2006-01-06,1.103835045979398,1.109220992061395
2006-01-09,1.104005290426809,1.1093920671831154
2006-01-10,1.104389409471595,1.109778060461259
2006-01-11,1.105643331164576,1.1110381004186074
2006-01-12,1.1055381986095805,1.1109324548899802
2006-01-13,1.1055313888207476,1.1109256118741215
2006-01-16,1.1056052552220659,1.1109998386920221
2006-01-17,1.106361125572407,1.1117593971631263
2006-01-18,1.1070223934072905,1.1124238915243982
2006-01-19,1.1068408295339536,1.1122414417458386
2006-01-20,1.1070933974623158,1.11249524202975
2006-01-24,1.1073711107771655,1.1126675330186786
2006-01-25,1.1075217895645733,1.112818932484523
2006-01-26,1.1075162343311367,1.112813350681076
2006-01-27,1.1081617292695671,1.113461932943815
2006-01-30,1.1083639109752252,1.1136650816601457
2006-01-31,1.1085777131034997,1.1138799063781701
2006-02-01,1.1092942224253124,1.1145998426775077
2006-02-02,1.1097870876565044,1.1150950652235574
2006-02-03,1.109994243063044,1.1153032114293802
2006-02-06,1.1107959867256387,1.1161087897350546
2006-02-07,1.1105348000461628,1.1158463538312446
2006-02-08,1.1111860487309362,1.1165007173598
2006-02-09,1.1113550950676898,1.1166705722247598
2006-02-10,1.1116275460852743,1.1169443263426466
2006-02-13,1.1111736170026116,1.1164882261720208
2006-02-14,1.1115369097152799,1.1168532564698446
2006-02-15,1.1115141438730425,1.116830381741334
2006-02-16,1.1122015609486802,1.1175210866497978
2006-02-17,1.1124948347596246,1.1178157631539496
2006-02-20,1.1122344283494472,1.117554111251372
2006-02-22,1.112077273049517,1.1174938612767724
2006-02-23,1.1128067523473841,1.1182268936451614
2006-02-24,1.1121409095288688,1.1175578077099497
2006-02-27,1.111438026027555,1.1168515006781037
2006-02-28,1.1116804614470346,1.1170951169263539
2006-03-01,1.1124592996121343,1.1178777485739195
2006-03-02,1.1118781634487185,1.1172937818740134
2006-03-03,1.1115815810247722,1.1169957548878007
2006-03-06,1.112209386621724,1.1176266183337777
2006-03-07,1.1126934052578477,1.118112994476623
2006-03-08,1.1127538149808127,1.11817369843687
2006-03-09,1.1134208306484579,1.118843962933801
2006-03-10,1.1141042797582636,1.1195307409151625
2006-03-13,1.1145887288548244,1.120017549615086
2006-03-14,1.1150493681315674,1.1204804325248425
2006-03-15,1.1150261369890848,1.1204570882305709
2006-03-16,1.1149944943780348,1.1204252914980413
2006-03-17,1.1141511278237952,1.1195778171632909
2006-03-20,1.114755652067897,1.1201852858600696
2006-03-21,1.1144170844825594,1.1198450692155872
2006-03-23,1.114256892875912,1.1200299872244046
2006-03-24,1.1141679847626498,1.1199406184678835
2006-03-27,1.114702269133366,1.120477671027965
2006-03-28,1.1144095931558413,1.1201834786622153
2006-03-29,1.1148180191237138,1.1205940207324536
2006-03-30,1.1149677315078705,1.1207445087938572
2006-03-31,1.1151960302252095,1.1209739903533606
2006-04-03,1.1142359848775654,1.1200089708992909
2006-04-04,1.114773342501891,1.1205491126358658
2006-04-05,1.1156751486183463,1.1214555911145272
2006-04-06,1.1162831491295435,1.1220667417469734
2006-04-07,1.1165913343904277,1.1223765237514804
2006-04-10,1.1168869054511161,1.1226736262001558
2006-04-11,1.1165759292685193,1.1223610388138465
2006-04-12,1.1160671635551218,1.1218496371262106
2006-04-13,1.1168754214545311,1.1226620827036509
2006-04-14,1.1175567640294544,1.1233469553935715
2006-04-17,1.1172887497852224,1.1230775525364187
2006-04-18,1.118211667854348,1.1240052523512287
2006-04-19,1.1178974253838003,1.1236893817539517
2006-04-21,1.1188491639677738,1.1245199636974201
2006-04-24,1.11839115400196,1.1240596323438143
2006-04-25,1.117587286226099,1.1232516902268241
2006-04-26,1.1183659782248583,1.1240343289652497
2006-04-27,1.1187302663342336,1.124400463440497
2006-04-28,1.119405105215866,1.125078722690371
2006-05-01,1.1195924968339432,1.1252670640882498
2006-05-02,1.1193173243117376,1.1249904968755757
2006-05-03,1.1185087890635048,1.1241778636294941
2006-05-04,1.1190945670921517,1.1247666106283951
2006-05-05,1.119657105427336,1.1253320001452596
2006-05-08,1.1206072673708005,1.1262869779104323
2006-05-09,1.1216317513588583,1.1273166544156852
2006-05-10,1.121988307664166,1.1276750178988189
2006-05-11,1.1214627980678329,1.1271468447980808
2006-05-12,1.1224381485423942,1.128127138760456
2006-05-15,1.1224124960675206,1.128101356268014
2006-05-16,1.1226745958641025,1.128364784496974
2006-05-17,1.1222918386773413,1.1279800873352626
2006-05-18,1.1212510129882027,1.1269339863022916
2006-05-22,1.121751707366997,1.1280522150276506
2006-05-23,1.121436257369502,1.1277349932520406
2006-05-24,1.1214127335270276,1.1277113372839374
2006-05-25,1.120770032513136,1.1270650264314024
2006-05-26,1.1210194931676452,1.127315888223752
2006-05-29,1.1214346954267735,1.1277334225363973
2006-05-30,1.1217972244592487,1.128097987774328
2006-05-31,1.1218552391590013,1.1281563283234266
2006-06-01,1.122019897108612,1.1283219111021825
2006-06-02,1.1221453669074846,1.1284480856233425
2006-06-05,1.1221148174165658,1.1284173645460556
2006-06-06,1.1220224340993725,1.1283244623423798
2006-06-07,1.1218900449178486,1.1281913295746888
2006-06-08,1.1218357245843777,1.1281367041419033
2006-06-09,1.1224905659644093,1.1287952235489922
2006-06-12,1.123002979375855,1.1293105150167875
2006-06-13,1.1232382142224298,1.1295470710995532
2006-06-14,1.1239188102189928,1.1302314897783212
2006-06-15,1.1239231104161616,1.1302358141282727
2006-06-16,1.1247728034131728,1.131090279569312
2006-06-20,1.1248704419467475,1.1312336497697753
2006-06-21,1.1254706830236534,1.1318372863121267
2006-06-22,1.1259925396099608,1.1323620949556565
2006-06-23,1.126696856876396,1.1330703964294924
2006-06-26,1.1266148876191626,1.1329879634855984
2006-06-27,1.1266312068184643,1.1330043749999372
2006-06-28,1.1260161908325859,1.1323858799693736
2006-06-29,1.126732874658155,1.1331066179579428
2006-06-30,1.126865611222637,1.133240105391426
2006-07-03,1.127382816038947,1.1337602359506578
2006-07-04,1.127135090326974,1.1335111088949124
2006-07-05,1.1277444372106724,1.134123902754114
2006-07-06,1.1279807973957963,1.1343615999900862
2006-07-07,1.1281898805860968,1.1345718659297441
2006-07-10,1.1280388667274954,1.1344199978104825
2006-07-11,1.1287523864031825,1.135137553750092
2006-07-12,1.1294020675621121,1.1357909100489123
2006-07-13,1.1294251117522913,1.1358140845963005
2006-07-14,1.1304664014588328,1.1368612647081364
2006-07-17,1.1309079170848113,1.1373052779156856
2006-07-19,1.1305686503429675,1.137904248884691
2006-07-20,1.1318538237740559,1.1391977610542932
2006-07-21,1.1324716676768467,1.1398196137847045
2006-07-24,1.1325197180663502,1.139867975945074
2006-07-25,1.132304880247963,1.1396517441697724
2006-07-26,1.1324871135628503,1.1398351598900258
2006-07-27,1.1329005537284724,1.1402512826270028
2006-07-28,1.131718793477838,1.1390618546254818
2006-07-31,1.1325489020623138,1.1398973492989137
2006-08-01,1.1337681833911877,1.1411245418309997
2006-08-02,1.1336943626698128,1.141050242130152
2006-08-03,1.1342147446642,1.1415740005788553
2006-08-04,1.1350624981993866,1.1424272546907601
2006-08-07,1.1345304872269633,1.1418917918103857
2006-08-08,1.1345936613159908,1.1419553757991174
2006-08-09,1.134815732108042,1.1421788874786176
2006-08-10,1.1352809933302515,1.1426471675087007
2006-08-11,1.1350274733542904,1.1423920025899355
2006-08-14,1.1348843968410125,1.1422479977368687
2006-08-15,1.1352297794085913,1.1425956212898651
2006-08-17,1.135911873977811,1.1427019544651946
2006-08-18,1.1371141370322233,1.1439114042240455
2006-08-21,1.1373822037616999,1.1441810733618696
2006-08-22,1.1372798368812616,1.1440780945683302
2006-08-23,1.1373758079050775,1.1441746392730727
2006-08-24,1.137684654814969,1.1444853323608453
2006-08-25,1.1374686767188624,1.1442680632238666
2006-08-28,1.1380468299117497,1.1448496724125963
2006-08-29,1.137541566735824,1.1443413889516376
2006-08-30,1.137825270373356,1.1446267884694379
2006-08-31,1.1372341857190449,1.1440321705195697
2006-09-01,1.1371646346121933,1.1439622036607358
2006-09-04,1.1369925708149113,1.1437891113267695
2006-09-05,1.1365088134048524,1.1433024621855599
2006-09-06,1.136897437699489,1.1436934095391416
2006-09-07,1.1369491251840993,1.1437454059933019
2006-09-08,1.1368996549977701,1.1436956400916496
2006-09-11,1.1371172971547108,1.1439145832366306
2006-09-12,1.1369281476762163,1.1437243030892765
2006-09-13,1.1371651078976082,1.1439626797752835
2006-09-15,1.1377975818053923,1.1440703149158644
2006-09-18,1.1369439513497768,1.143211978354252
2006-09-19,1.1373160417264985,1.143586120083221
2006-09-20,1.138292604200944,1.14456806639383
2006-09-21,1.1387553649054258,1.145033378320462
2006-09-22,1.1395280295447308,1.1458103026973019
2006-09-25,1.1393102978647232,1.1455913706520093
2006-09-26,1.1400456259872462,1.146330752674044
2006-09-27,1.1402812027096814,1.1465676281423463
2006-09-28,1.1411504939981223,1.147441711875713
2006-09-29,1.1414946086556252,1.1477877236539695
2006-10-02,1.142824406858455,1.1491248530986218
2006-10-03,1.1435819961737737,1.1498866190404848
2006-10-04,1.1434846824598155,1.149788768831314
2006-10-05,1.1432838174089381,1.149586796401694
2006-10-06,1.1433944574702823,1.1496980464270488
2006-10-09,1.1438520150318718,1.15015812652561
2006-10-10,1.1440278644806574,1.1503349454409135
2006-10-11,1.1438784428533368,1.1501847000449332
2006-10-12,1.1443741198747885,1.150683109757783
2006-10-16,1.1438867507753272,1.1495885795942826
2006-10-17,1.1440052366841502,1.149707656109098
2006-10-18,1.1442737878439064,1.1499775458915291
2006-10-19,1.144184602685211,1.14988791617964
2006-10-20,1.1455968322713062,1.151307185178813
2006-10-23,1.1457685734317933,1.1514797824019285
2006-10-24,1.1461604024903174,1.1518735645753186
2006-10-25,1.1467829815077957,1.1524992469061115
2006-10-26,1.146930457369658,1.152647457877563
2006-10-27,1.146162362976427,1.1518755348336864
2006-10-30,1.1457883865892426,1.151499694320232
2006-10-31,1.1456291659108213,1.1513396799888969
2006-11-01,1.1451871905245417,1.150895501527887
2006-11-02,1.1445951660515987,1.150300526044104
2006-11-03,1.1445209064362767,1.1502258962735943
2006-11-06,1.1452891435104648,1.150997962709637
2006-11-07,1.1457650582895136,1.1514762497380369
2006-11-08,1.1455319870779457,1.1512420167574826
2006-11-09,1.1457035446988728,1.151414429526165
2006-11-10,1.1456158929021425,1.1513263408194518
2006-11-14,1.145397220850805,1.151188669928455
2006-11-15,1.1455915519602209,1.1513839836303759
2006-11-16,1.145338907814849,1.1511300620454608
2006-11-17,1.1456261671733914,1.151418773867757
2006-11-20,1.1446370254909317,1.1504246308079757
2006-11-21,1.1455740315721132,1.1513663746542802
2006-11-22,1.1453050858513396,1.1510960690686332
2006-11-23,1.1458101399586196,1.1516036768709026
2006-11-24,1.1464910443429213,1.152288024098435
2006-11-27,1.147177653674029,1.1529781051185821
2006-11-28,1.1474852985086472,1.1532873054916295
2006-11-29,1.1472873252174824,1.153088331192069
2006-11-30,1.1473452442971295,1.153146543126801
2006-12-01,1.147628818072175,1.1534315507302584
2006-12-04,1.1479163964755679,1.1537205832105852
2006-12-05,1.1471545675969799,1.1529549023118633
2006-12-06,1.1465163441517423,1.152313451830174
2006-12-07,1.147206077064836,1.1530066722260124
2006-12-08,1.1475042728362512,1.1533063757587474
2006-12-11,1.147925799308746,1.153730033587121
2006-12-13,1.1490644538465469,1.1549464786287353
2006-12-14,1.1494656028480865,1.1553496810993913
2006-12-15,1.1503145800117531,1.1562030041504443
2006-12-18,1.1504465495476557,1.1563356492342485
2006-12-19,1.150033396428152,1.1559203811969265
2006-12-20,1.1503510233744694,1.1562396340655876
2006-12-21,1.1497099210287474,1.1555952499371311
2006-12-22,1.1505191317398966,1.1564086029724476
2006-12-25,1.1514030372939055,1.157297033211174
2006-12-26,1.1513668994809374,1.1572607104098787
2006-12-27,1.1510696636578843,1.1569619530460005
2006-12-28,1.150329442752134,1.1562179429727257
2006-12-29,1.1509729850486972,1.156864779542055
2007-01-01,1.1505372459706673,1.1564268099293957
2007-01-02,1.1505948522608849,1.1564847111044003
2007-01-03,1.1507351109407538,1.156625687764038
2007-01-04,1.1505050448522665,1.1563944439744829
2007-01-05,1.150740699031034,1.1566313044595764
2007-01-08,1.1518563798850054,1.1577526964487326
2007-01-09,1.1512867416042236,1.157180142207516
2007-01-11,1.1516966195513405,1.1572320555880162
2007-01-12,1.151444419291595,1.1569786431701532
2007-01-15,1.15131615956204,1.156849766981787
2007-01-16,1.1512989560804692,1.1568324808145762
2007-01-17,1.1524708873705678,1.158010044795251
2007-01-18,1.153551948593803,1.1590963019573746
2007-01-19,1.1542717465701615,1.1598195595216052
2007-01-22,1.1536747629355428,1.1592197065855852
2007-01-23,1.1541245358561378,1.1596716412640518
2007-01-24,1.154469652364217,1.1600184165165635
2007-01-25,1.1547679634114645,1.1603181613456706
2007-01-26,1.156593615317605,1.1621525879405443
2007-01-29,1.155973347010054,1.1615293384177288
2007-01-30,1.1574449598451917,1.1630080243123695
2007-01-31,1.1581428278565518,1.1637092465089145
2007-02-01,1.158581929831791,1.1641504589539218
2007-02-02,1.1593807615188743,1.1649531300911111
2007-02-05,1.1583933412312426,1.1639609639339938
2007-02-06,1.1586407240196328,1.164209535726136
2007-02-07,1.1584752205967181,1.164043236838864
2007-02-09,1.1587433415672912,1.1643646476359077
2007-02-12,1.1585569372401414,1.1641773390224177
2007-02-13,1.159306178715304,1.1649302152245298
2007-02-14,1.159100102048541,1.1647231388367965
2007-02-15,1.1592072401805456,1.1648307967182658
2007-02-16,1.1599174361368492,1.1655444379835485
2007-02-19,1.160464191711435,1.1660938459836707
2007-02-20,1.1601050099210535,1.1657329217273733
2007-02-21,1.1597423391228476,1.1653684915373455
2007-02-22,1.1603171223992517,1.1659460632075238
2007-02-23,1.161037715542787,1.166670152098966
2007-02-26,1.1612737003963887,1.1669072817644015
2007-02-27,1.1605920395144165,1.1662223140030583
2007-02-28,1.1605726468346795,1.16620282724538
2007-03-01,1.1603264656147014,1.1659554517488644
2007-03-02,1.1601132627008603,1.1657412145431396
2007-03-05,1.1602754856910644,1.1659042245109654
2007-03-06,1.1605236309195908,1.1661535735438453
2007-03-07,1.16085151517432,1.1664830484336053
2007-03-08,1.1611240585723377,1.1667569139965945
2007-03-12,1.1612756043884755,1.1672721030206425
2007-03-13,1.1617905650116025,1.1677897227547167
2007-03-14,1.1617008917569374,1.167699586452738
2007-03-15,1.161933825496629,1.1679337229963513
2007-03-16,1.1625113799434998,1.168514259770964
2007-03-19,1.1637746032158858,1.169784005970893
2007-03-20,1.1633733278312763,1.1693806585137405
2007-03-21,1.1634796124340148,1.1694874919400937
2007-03-22,1.1628133384328752,1.1688177774885378
2007-03-23,1.1644327399655143,1.1704455411524737
2007-03-26,1.163418954858753,1.1694265211462769
2007-03-27,1.163559119953031,1.1695674100134412
2007-03-28,1.1633426530807194,1.1693498253674512
2007-03-29,1.164402433474849,1.1704150781676659
2007-03-30,1.1647280826450708,1.1707424088980585
2007-04-02,1.1653967119848727,1.171414490850579
2007-04-03,1.1658445509314057,1.1718646423107135
2007-04-04,1.1649116932817076,1.1709269676480691
2007-04-05,1.1654036227583784,1.1714214373093634
2007-04-06,1.1651171564663347,1.1711334917864447
2007-04-10,1.1652399568832088,1.1709965636444992
2007-04-11,1.1653357574483179,1.1710928374908218
2007-04-12,1.165367158525192,1.171124393697676
2007-04-13,1.1647276659647667,1.1704817418676297
2007-04-16,1.165170665473546,1.170926929916162
2007-04-17,1.1657524758060047,1.171511614552127
2007-04-18,1.1660070803712268,1.1717674769341215
2007-04-19,1.1660098274306128,1.1717702375647385
2007-04-20,1.165813677858871,1.171573118960014
2007-04-23,1.1663598572646148,1.172121996642659
2007-04-24,1.1668342623941108,1.172598745464336
2007-04-25,1.1660732429658236,1.1718339663901831
2007-04-26,1.167292667221695,1.1730594149381968
2007-04-27,1.168108888350553,1.173879668424546
2007-04-30,1.1690284712489252,1.174803794316058
2007-05-01,1.1694338212138775,1.1752111468216333
2007-05-02,1.1694759909542334,1.175253524892137
2007-05-03,1.1697664618415455,1.1755454307857445
2007-05-04,1.1701526080907334,1.175933484703903
2007-05-07,1.1698594391557633,1.1756388674335376
2007-05-09,1.1706279631182839,1.1766034661590756
2007-05-10,1.1705933870420302,1.1765687135882776
2007-05-11,1.1705260758067795,1.176501058760952
2007-05-14,1.17180875827775,1.1777902887203193
2007-05-15,1.1716520361990292,1.1776327666493829
2007-05-16,1.1716716977606478,1.1776525285739903
2007-05-17,1.1722388248258182,1.1782225505550596
2007-05-18,1.1716306632455784,1.1776112845970956
2007-05-21,1.1718623664691492,1.1778441705562244
2007-05-22,1.172037268929401,1.1780199658109558
2007-05-23,1.1727402145674424,1.178726499654584
2007-05-24,1.1730342474153153,1.179022033401318
2007-05-25,1.1739458347222622,1.1799382739310618
2007-05-28,1.1750038159340317,1.1810016556373923
2007-05-29,1.174544954665598,1.1805404520988343
2007-05-30,1.1753562219255513,1.1813558604951107
2007-05-31,1.1760894656981589,1.1820928471309768
2007-06-01,1.1773039871021311,1.1833135680932814
2007-06-04,1.1779479180678905,1.1839607860225896
2007-06-05,1.1785428843388384,1.184558789315438
2007-06-07,1.1780044736014854,1.183511655237268
2007-06-08,1.1784455718572346,1.1839548156313775
2007-06-11,1.1776174051265407,1.18312277721368
2007-06-12,1.1779368753732296,1.18344374098668
2007-06-13,1.1779419653534189,1.1834488547625732
2007-06-14,1.1796706224399525,1.18518559333672
2007-06-15,1.1787749971572896,1.184285780997709
2007-06-18,1.179627487549664,1.1851422567904266
2007-06-19,1.180724912159445,1.1862448118702467
2007-06-20,1.1800350402304995,1.1855517147837544
2007-06-21,1.1787929438189704,1.1843038115601963
2007-06-22,1.1784956310500831,1.1840051088514083
2007-06-25,1.178331525879526,1.1838402364876852
2007-06-26,1.1784387566788983,1.1839479685920207
2007-06-27,1.1782381619639521,1.1837464360949566
2007-06-28,1.1781597775032466,1.1836676851861838
2007-06-29,1.1786988402218281,1.1842092680278808
2007-07-02,1.1787908977281913,1.1843017559039242
2007-07-03,1.1792173579752667,1.184730209856536
2007-07-04,1.180088604199267,1.1856055291645633
2007-07-06,1.181097751750489,1.1871496685136997
2007-07-09,1.181438892064934,1.1874925568229948
2007-07-10,1.1818928143286669,1.1879488049736013
2007-07-11,1.1824836950403619,1.1885427133439967
2007-07-12,1.1828710770209476,1.1889320802606291
2007-07-13,1.1824440757486343,1.1885028910439615
2007-07-16,1.1821836380838164,1.1882411189027489
2007-07-17,1.1833265440432268,1.1893898810850876
2007-07-18,1.1837979475607725,1.1898637000630352
2007-07-19,1.183510324399122,1.1895746031271515
2007-07-20,1.184073189341323,1.1901403521759168
2007-07-23,1.184178369005457,1.190246070778146
2007-07-24,1.1839984547918239,1.1900652346883651
2007-07-25,1.1845058751204964,1.1905752550267223
2007-07-26,1.1846047946830633,1.190674681450773
2007-07-27,1.1855081427542928,1.1915826582560147
2007-07-30,1.1858195235331705,1.1918956345425906
2007-07-31,1.1850382184364656,1.1911103260571696
2007-08-01,1.1857220839049454,1.1917976956360299
2007-08-02,1.1852627142087633,1.1913359721404602
2007-08-06,1.18488619352409,1.191116718111891
2007-08-07,1.1847706977105534,1.1910006149830612
2007-08-08,1.1844194676179471,1.190647538006138
2007-08-09,1.184384422894473,1.1906123090058849
2007-08-10,1.1848675118849796,1.191097938238526
2007-08-13,1.184855685941445,1.191086050110258
2007-08-14,1.1846739748379456,1.1909033835095097
2007-08-15,1.184605468833394,1.1908345172776653
2007-08-16,1.1846939546542743,1.1909234683863392
2007-08-17,1.1853997979287858,1.1916330232188899
2007-08-20,1.1856994537671763,1.1919342547470633
2007-08-21,1.186398949046159,1.1926374282042194
2007-08-22,1.1861326015809341,1.1923696801956847
2007-08-23,1.1870165696541612,1.19325829646622
2007-08-24,1.1875809780359934,1.193825672694517
2007-08-27,1.1879019387461598,1.1941483211225479
2007-08-28,1.18777877824767,1.1940245130053093
2007-08-29,1.1883532665658727,1.194602022173625
2007-08-30,1.1877107210284796,1.193956097918688
2007-08-31,1.188507037934975,1.194756602123586
2007-09-04,1.1886245101176187,1.1952234939451456
2007-09-05,1.187892364559823,1.1944872836750255
2007-09-06,1.1885722490957047,1.1951709427814454
2007-09-07,1.1889275451231125,1.1955282113348433
2007-09-10,1.1886307655688237,1.1952297841252502
2007-09-11,1.1888115337577223,1.1954115558996754
2007-09-12,1.1887496525118213,1.1953493311026044
2007-09-13,1.1893289057581407,1.1959318002365082
2007-09-14,1.1895626916383162,1.1961668840448598
2007-09-17,1.1901822603974195,1.1967898925144744
2007-09-18,1.1897519725369365,1.1963572157897133
2007-09-19,1.1889600606234798,1.1955609073541713
2007-09-20,1.1899836823235146,1.1965902119784488
2007-09-21,1.1910059518195464,1.1976181568915818
2007-09-24,1.1914068656940147,1.1980212965523698
2007-09-25,1.190512170557505,1.197121634263756
2007-09-26,1.1909218171224567,1.1975335550970188
2007-09-27,1.1902840617472175,1.1968922590431452
2007-09-28,1.1900950446710865,1.1967021925854662
2007-10-01,1.1903440371437883,1.1969525674100263
2007-10-03,1.1897934513725659,1.1967829616005505
2007-10-04,1.1909498023564125,1.1979461056349214
2007-10-05,1.1915868113159411,1.1985868567403097
2007-10-08,1.1920884421163354,1.1990914343997625
2007-10-09,1.1931855958965945,1.2001950334731606
2007-10-10,1.1941411886805722,1.2011562399420428
2007-10-11,1.1951506860600083,1.2021716676720373
2007-10-12,1.1952053246558114,1.2022266272454216
2007-10-15,1.1961238274605435,1.2031505258478365
2007-10-16,1.1959298910729366,1.2029554501697393
2007-10-17,1.1971422811841657,1.2041749625365774
2007-10-18,1.196487821186891,1.2035166578763157
2007-10-19,1.1962115587723583,1.2032387725423008
2007-10-22,1.1972627110555187,1.204296099880153
2007-10-23,1.1968169193962759,1.2038476893921057
2007-10-24,1.1966110987955385,1.203640659686383
2007-10-25,1.19689182877159,1.203923038826864
2007-10-26,1.1964933497601813,1.2035222189275285
2007-10-29,1.1961287450079015,1.20315547228361
2007-10-30,1.1969752392199968,1.2040069392747592
2007-11-01,1.1963738885070543,1.2034415645861556
2007-11-02,1.1963659670054274,1.2034335962876133
2007-11-05,1.1963310859953458,1.2033985092151267
2007-11-06,1.1966804699017852,1.203749957135418
2007-11-07,1.1966713544794754,1.203740787863009
2007-11-08,1.1975526462606758,1.2046272859471057
2007-11-09,1.197867307008288,1.2049438055786839
2007-11-12,1.198222735487024,1.2053013337800744
2007-11-13,1.1986974416802991,1.2057788443388067
2007-11-14,1.1980473957140927,1.2051249581731693
2007-11-15,1.1973066506337102,1.2043798370809602
2007-11-16,1.1971557406567717,1.2042280355910553
2007-11-19,1.1978278951711228,1.204904160912884
2007-11-20,1.197780644066324,1.2048566306683395
2007-11-21,1.1971415442190732,1.2042137552867462
2007-11-22,1.1969987751603968,1.2040701428082405
2007-11-23,1.1958104186596727,1.202874765994808
2007-11-26,1.1960287880877525,1.2030944254580498
2007-11-27,1.1957054134307976,1.2027691404390004
2007-11-28,1.195878654646679,1.202943405091459
2007-11-30,1.196053996208754,1.2029774731259624
2007-12-03,1.1954722813544116,1.20239239095762
2007-12-04,1.1947601866982704,1.2016761742710935
2007-12-05,1.1950865758036113,1.2020044527120697
2007-12-06,1.1957601000032323,1.2026818756731714
2007-12-07,1.1963867703033932,1.2033121735163794
2007-12-10,1.1951975953683804,1.202116114924576
2007-12-11,1.1952660561763,1.2021849720246571
2007-12-12,1.1963792244243188,1.2033045839572376
2007-12-13,1.1961305044023276,1.2030544241947863
2007-12-14,1.194360877394876,1.2012745535262817
2007-12-17,1.1945511678398733,1.2014659454863508
2007-12-18,1.1938046528529824,1.2007151092235842
2007-12-19,1.193196196922622,1.2001031311858585
2007-12-20,1.1929728292014685,1.199878470478547
2007-12-21,1.1924698790998707,1.1993726090005146
2007-12-24,1.192315241173324,1.1992170759370273
2007-12-25,1.192133973846506,1.19903475932635
2007-12-26,1.1918529052922755,1.198752063778979
2007-12-27,1.1919514187504883,1.1988511474920933
2007-12-31,1.1921675662389521,1.1985349158270138
2008-01-01,1.1924119776150734,1.198780632600731
2008-01-02,1.1920541225450478,1.1984208662319944
2008-01-03,1.192146956431481,1.1983275365211277
2008-01-04,1.1920801965467251,1.198394642516581
2008-01-07,1.192451070124358,1.1980218044224882
2008-01-08,1.1934554059483469,1.1970127766759864
2008-01-09,1.193677347625823,1.1967901734498485
2008-01-10,1.1939302395222764,1.1965366220716454
2008-01-11,1.1946930810751974,1.1957721152146341
2008-01-14,1.1956158000579815,1.1948485628418362
2008-01-15,1.19627553292037,1.194189253335851
2008-01-16,1.1965222668792717,1.1939429496758287
2008-01-17,1.1956999370217398,1.1947635068546505
2008-01-18,1.1950519172915415,1.1954110190785712
2008-01-21,1.1951148603862676,1.195348057070041
2008-01-22,1.1952178021976858,1.1952450951721105
2008-01-23,1.195304394407019,1.1951585009854315
2008-01-24,1.1960727231993848,1.194390265971786
2008-01-25,1.1963410839436441,1.194122282717511
2008-01-29,1.19708733476435,1.1931488023277455
2008-01-30,1.19699001041118,1.1932458064744353
2008-01-31,1.1961990482489666,1.1940342944943285
2008-02-01,1.196150298196396,1.194082956324241
2008-02-04,1.1959531483831156,1.1942797653976789
2008-02-05,1.1958249830605356,1.1944077513907674
2008-02-06,1.1963617515536602,1.1938716190486838
2008-02-07,1.1973376851488589,1.1928977167821908
2008-02-08,1.1984345537437033,1.1918049155961683
2008-02-11,1.1985678625287424,1.1916723442640038
2008-02-12,1.1996103957000666,1.190635808922881
2008-02-13,1.2002583168968632,1.1899927349873503
2008-02-14,1.2007079653260733,1.189546932315937
2008-02-15,1.2010943915530277,1.189164098066382
2008-02-18,1.2012629806843997,1.1889971835059931
2008-02-19,1.2015367595075854,1.1887262001701995
2008-02-20,1.2021020413378536,1.188166945268672
2008-02-21,1.2025299431742653,1.1877440037875326
2008-02-22,1.2027670003753517,1.1875098613690895
2008-02-25,1.203302394701839,1.1869812585372637
2008-02-27,1.2034797525709298,1.1858263933303226
2008-02-28,1.2028847919206411,1.1864126267427235
2008-02-29,1.2015441222721173,1.1877349374161836
2008-03-03,1.2026581231524727,1.1866337395979891
2008-03-04,1.2019206730840934,1.187361363779426
2008-03-05,1.2022859110383741,1.187000550087466
2008-03-06,1.2013638115818361,1.1879109263566188
2008-03-07,1.2011574138370402,1.1881150128571898
2008-03-10,1.2021653518709619,1.1871180192106148
2008-03-11,1.203023254966516,1.1862708543660414
2008-03-12,1.203181451940596,1.1861148603245089
2008-03-13,1.2025232916308224,1.1867636849241894
2008-03-14,1.2023930026413803,1.1868922664180297
2008-03-17,1.2027694444134873,1.1865206775722124
2008-03-18,1.202554496158027,1.1867327219926094
2008-03-19,1.2029182988926188,1.1863737057394004
2008-03-20,1.2030450846885845,1.1862486637188963
2008-03-21,1.2037975915315258,1.185506663067184
2008-03-24,1.2044231802710794,1.1848905797452884
2008-03-25,1.2039973623974056,1.1853094919644054
2008-03-27,1.2045560127696189,1.1840137062766096
2008-03-28,1.2045375696541036,1.1840318348661687
2008-03-31,1.2046342645556838,1.183936786073483
2008-04-01,1.2046838897591001,1.1838880135077594
2008-04-02,1.2048057602398048,1.1837682468183124
2008-04-03,1.2050880886339244,1.1834908482540265
2008-04-04,1.2063392185785717,1.1822621406985936
2008-04-07,1.2053955963013558,1.1831869294116608
2008-04-08,1.2053228396754687,1.1832583455418024
2008-04-09,1.206696111072925,1.181910213084467
2008-04-10,1.207040419713501,1.18157297664605
2008-04-11,1.206958233830213,1.1816534284827647
2008-04-14,1.2079320511400375,1.1807000279999507
2008-04-15,1.208451878210806,1.1801919200840856
2008-04-16,1.2095365968027725,1.1791325679155085
2008-04-17,1.2097848099090172,1.1788905941231238
2008-04-18,1.2096182775065603,1.1790528737957278
2008-04-21,1.2110572478143962,1.177650264304527
2008-04-22,1.2108064969790937,1.177894098184388
2008-04-23,1.2116379918783873,1.1770852051556573
2008-04-25,1.2123090604254276,1.176411521467501
2008-04-28,1.2133090365653065,1.1754411555018012
2008-04-29,1.21330890888384,1.175441279198276
2008-04-30,1.2126955679107154,1.1760354776688844
2008-05-01,1.2127363619536684,1.1759959168400502
2008-05-02,1.2124828958338654,1.1762417040789728
2008-05-05,1.2131291811779221,1.175614736245425
2008-05-06,1.2129041826684521,1.1758327769681034
2008-05-07,1.2126379076881026,1.1760909134755502
2008-05-08,1.212917165891448,1.1758200716740645
2008-05-09,1.2124052777337404,1.1763163037228892
2008-05-12,1.2120342210407131,1.1766763153837008
2008-05-13,1.2129142669416204,1.1758219425037346
2008-05-14,1.2123369088011229,1.1763816443629533
2008-05-15,1.2122389214732692,1.1764767256007103
2008-05-16,1.2126639357791,1.1760642496192844
2008-05-19,1.2140008146996069,1.1747677193456536
2008-05-20,1.2144592667754144,1.1743240831528237
2008-05-21,1.2149098261463067,1.173888413769252
2008-05-22,1.214275203749078,1.17450160815059
2008-05-26,1.2154638089814922,1.173768541036234
2008-05-27,1.2152117139575316,1.174011988193023
2008-05-28,1.2149794881985694,1.1742363407250613
2008-05-29,1.2159267389902677,1.1733208550611494
2008-05-30,1.2168316613755936,1.1724476410155429
2008-06-02,1.2174472440178254,1.1718545117934458
2008-06-03,1.2187002928387638,1.170648388964281
2008-06-04,1.21872364937752,1.1706259533460839
2008-06-05,1.2190941887799445,1.1702700375144373
2008-06-06,1.2193487531062863,1.1700256683701333
2008-06-09,1.2195596802003312,1.1698232733510228
2008-06-10,1.220143511528752,1.1692632519869302
2008-06-11,1.220314478491279,1.1690994143852893
2008-06-12,1.2201144459049456,1.169291051855517
2008-06-13,1.220321130010549,1.1690929770961744
2008-06-16,1.2203458897875972,1.1690692567157352
2008-06-17,1.2197731476298295,1.1696179333280585
2008-06-18,1.2192686768229637,1.1701016610635784
2008-06-19,1.2181057751881372,1.1712176686839084
2008-06-20,1.219300119936689,1.1700692974172278
2008-06-24,1.2192852151620088,1.1703721197196248
2008-06-25,1.2194616102876414,1.1702028008969838
2008-06-26,1.220023981009288,1.1696631465215925
2008-06-27,1.2207030557908727,1.1690121029698954
2008-06-30,1.221276309142016,1.1684631241643002
2008-07-01,1.220804099554872,1.1689149133993197
2008-07-02,1.2210262208962515,1.1687022331268522
2008-07-03,1.2218422107917717,1.1679212104126935
2008-07-04,1.221951550689145,1.1678166957837512
2008-07-07,1.2229316830500168,1.1668799852124865
2008-07-08,1.2232694558421366,1.1665576938562834
2008-07-09,1.2238265293600326,1.1660264467175263
2008-07-10,1.2240260861369268,1.1658363148043034
2008-07-11,1.2246278650806102,1.1652631442207868
2008-07-14,1.224598104579271,1.165291462060314
2008-07-15,1.224409073086776,1.1654713388569882
2008-07-16,1.224783840079927,1.1651146115189868
2008-07-17,1.224594125964091,1.165295083110086
2008-07-18,1.2240683635125886,1.1657953863425035
2008-07-21,1.2245966035292581,1.1652922937108572
2008-07-23,1.2248963104992463,1.1640777120287797
2008-07-24,1.2249413753414584,1.1640348847478372
2008-07-25,1.2260894715569746,1.162943874130668
2008-07-28,1.2264666439187348,1.162586126757596
2008-07-29,1.2276474739899068,1.1614668002226187
2008-07-30,1.2277787203205137,1.1613426291890927
2008-07-31,1.2268514276927043,1.162219745269201
2008-08-01,1.22762619550127,1.1614857929545288
2008-08-04,1.2277238750013444,1.1613933760999398
2008-08-05,1.2282292715009717,1.1609152847644832
2008-08-06,1.2288030537113668,1.160372949099938
2008-08-07,1.2286190662621828,1.1605466905781694
2008-08-08,1.2280156409542609,1.16111668274527
2008-08-11,1.2282218465025123,1.1609217107154648
2008-08-12,1.2280103962999815,1.1611215745524028
2008-08-13,1.2278984554166186,1.1612274180983035
2008-08-14,1.2287452785771587,1.160426574781039
2008-08-15,1.2296644496323144,1.159558509985374
2008-08-18,1.2301505261137429,1.1591001458188628
2008-08-19,1.2297881897372027,1.1594415545635388
2008-08-21,1.230682403395554,1.158332088733902
2008-08-22,1.2305191334574674,1.1584857602318361
2008-08-25,1.230623327995982,1.1583876651385694
2008-08-26,1.2309863352308312,1.158045965860131
2008-08-27,1.2308743316412754,1.158151332834024
2008-08-28,1.2314371571584553,1.1576217603942398
2008-08-29,1.2315652324154929,1.1575013622856942
2008-09-01,1.2318542233418655,1.1572297506956948
2008-09-02,1.2314298085369488,1.1576284548845335
2008-09-03,1.2311342099310925,1.157906337842207
2008-09-04,1.2321399554082315,1.1569604141136312
2008-09-05,1.2319368709626273,1.1571511072757634
2008-09-08,1.233163906977727,1.1559985595137745
2008-09-09,1.2329404016614298,1.1562080789638827
2008-09-10,1.2331528849596534,1.1560088196114273
2008-09-11,1.233956818040261,1.1552551792940793
2008-09-12,1.2329682273125808,1.1561807178069814
2008-09-15,1.232073374471351,1.1570198404845868
2008-09-16,1.231481525037998,1.1575756365525465
2008-09-17,1.2319864232523903,1.1571010391996537
2008-09-19,1.233644661733924,1.15530564104813
2008-09-22,1.2333921007108564,1.1555421639170806
2008-09-23,1.233969331904045,1.1550013667272225
2008-09-24,1.2351516607480562,1.1538947011112735
2008-09-25,1.2360902571302197,1.1530178521976715
2008-09-26,1.2373327367669238,1.1518588743691125
2008-09-29,1.2377003511064908,1.1515166545063438
2008-09-30,1.2383084376610094,1.1509509103063977
2008-10-01,1.2380116440248718,1.1512267663817475
2008-10-02,1.238896305269077,1.150404120077551
2008-10-03,1.238244267605401,1.1510095838371475
2008-10-06,1.2377039790547986,1.1515118088956842
2008-10-07,1.2381055310397964,1.1511382204929357
2008-10-08,1.2381171761593426,1.1511273933527153
2008-10-09,1.2384301657314283,1.1508363943445445
2008-10-10,1.2388243168595376,1.1504701214002542
2008-10-13,1.2395659281918785,1.1497814025335527
2008-10-14,1.2401511524664413,1.1492385673588357
2008-10-15,1.2409577526418978,1.1484910971587479
2008-10-16,1.2403276122575726,1.1490742843138442
2008-10-20,1.2398609371163478,1.1500008832014863
2008-10-21,1.23963627700614,1.1502092608650007
2008-10-22,1.2399964819526252,1.1498750410031413
2008-10-23,1.239931829092372,1.149934994971896
2008-10-24,1.2414095010852926,1.1485645754892433
2008-10-27,1.2421269943687772,1.1479007434758413
2008-10-28,1.2417502543078967,1.1482489044915365
2008-10-29,1.2430860040579486,1.1470137340682964
2008-10-30,1.243464938643805,1.1466640855541375
2008-10-31,1.2438030950162662,1.1463522538686979
2008-11-03,1.2437368330659162,1.146413324255509
2008-11-04,1.2435493956790868,1.1465860945007988
2008-11-05,1.243784368538808,1.146369443184432
2008-11-06,1.2445196381510726,1.1456917609130328
2008-11-07,1.2456695344382047,1.1446331784192851
2008-11-10,1.2468335961880699,1.1435635338114756
2008-11-11,1.2464973159938328,1.1438719613100994
2008-11-12,1.2459230080595862,1.1443989859051091
2008-11-13,1.246187692091757,1.1441558696482923
2008-11-14,1.245072484415956,1.1451797695120465
2008-11-18,1.2452626495979375,1.1446380958003968
2008-11-19,1.244954033956997,1.1449217734805186
2008-11-20,1.2443945633111968,1.1454362905683215
2008-11-21,1.2450967215312383,1.1447899702365962
2008-11-24,1.2454009157181654,1.1445102823632154
2008-11-25,1.2450839537164626,1.1448015670936893
2008-11-26,1.2437035351188248,1.1460708030910722
2008-11-27,1.2443028455849874,1.1455185394624332
2008-11-28,1.2460557028745805,1.1439048402497496
2008-12-01,1.2470502696458488,1.1429918074367051
2008-12-02,1.2468117629852145,1.143210412224146
2008-12-03,1.2466340086752628,1.1433733963922357
2008-12-04,1.2471727550850122,1.142879275176207
2008-12-05,1.2468206917962932,1.1432018975511642
2008-12-08,1.247697739995347,1.142397737681185
2008-12-09,1.2485549752796767,1.1416128491476187
2008-12-10,1.2492956581705321,1.1409356077589043
2008-12-11,1.2493486781491139,1.1408871865696597
2008-12-12,1.2492158379154334,1.141008494354362
2008-12-15,1.2485818201147674,1.1415875933972772
2008-12-17,1.2486464740662515,1.14140620610977
2008-12-18,1.2492164903771705,1.1408851457709313
2008-12-19,1.250096926865231,1.1400810602351088
2008-12-22,1.249282843317984,1.1408234996521809
2008-12-23,1.2507416512265221,1.1394913414844448
2008-12-24,1.2508337071480753,1.1394074737045246
2008-12-25,1.251090996144048,1.1391731044168742
2008-12-26,1.250895407568523,1.1393511963745784
2008-12-29,1.2503558761725935,1.1398426169503633
2008-12-30,1.2514539336720025,1.1388416117505322
2008-12-31,1.2521549801624252,1.1382036490628267
2009-01-01,1.252628321580053,1.1377733836904629
2009-01-02,1.2527104684475299,1.1376987689641642
2009-01-05,1.253116801815191,1.1373297411769614
2009-01-06,1.252927956293658,1.137501137512735
2009-01-07,1.2530321599801657,1.1374065336599437
2009-01-08,1.253708200719928,1.13679287570368
2009-01-09,1.2536787159490084,1.136819610854255
2009-01-12,1.2545861820188466,1.1359967323836764
2009-01-13,1.2544314855777747,1.1361368061817845
2009-01-15,1.2544895952976671,1.1361146489248852
2009-01-16,1.2541233568040204,1.136446328772364
2009-01-19,1.2554961417015043,1.1352023551644443
2009-01-20,1.2556491369807858,1.135064018935761
2009-01-21,1.2552015625777915,1.1354686109397478
2009-01-22,1.2551957099721787,1.1354739052686935
2009-01-23,1.2563828666015135,1.13439998080945
2009-01-26,1.2560579703391799,1.1346933327195674
2009-01-27,1.2565009065979518,1.1342931944842973
2009-01-28,1.2567405911895073,1.1340768216988926
2009-01-29,1.2576834907883079,1.1332259535183904
2009-01-30,1.257785824062825,1.1331337469151863
2009-02-02,1.2581698913592392,1.1327877423678876
2009-02-03,1.2577513146249373,1.1331646060944114
2009-02-04,1.2583156936132391,1.1326561317350283
2009-02-05,1.2581145178681539,1.1328372174056465
2009-02-06,1.2570599280910397,1.1337867959469026
2009-02-09,1.257290601391252,1.1335787435413538
2009-02-10,1.2579654153855284,1.1329703282721155
2009-02-11,1.2571783306071254,1.1336792060273058
2009-02-13,1.2576940502824179,1.1330755905941443
2009-02-16,1.2601027020044226,1.130905599830625
2009-02-17,1.260315518480262,1.130714603220682
2009-02-18,1.2604802193492133,1.130566838891071
2009-02-19,1.2601583034067672,1.1308555760595354
2009-02-20,1.2605496988998635,1.1305043410007207
2009-02-23,1.2604546660601532,1.1305895697211146
2009-02-24,1.2604098451140933,1.1306297727490258
2009-02-25,1.2604626035950406,1.1305824466276413
2009-02-26,1.2604538800470495,1.1305902712867806
2009-02-27,1.2611057764891627,1.130005539241438
2009-03-02,1.262281874929331,1.128951703966983
2009-03-03,1.2625620621126827,1.12870111192066
2009-03-04,1.2626370028323282,1.1286341166606801
2009-03-05,1.2626641955088804,1.1286098099261148
2009-03-06,1.2622559397300577,1.128974722052852
2009-03-09,1.2633169725467481,1.1280257233659707
2009-03-10,1.2638060752565563,1.1275889996853576
2009-03-11,1.2638050223028043,1.1275899391483741
2009-03-12,1.2657950436725918,1.1258144057111246
2009-03-16,1.2654167574697033,1.1259492426623652
2009-03-17,1.2653674140264903,1.1259931477333136
2009-03-18,1.2661531575835903,1.1252939501316028
2009-03-19,1.2660238946854205,1.1254088325661769
2009-03-20,1.2651946773178941,1.1261459502094133
2009-03-23,1.2659608683286339,1.1254639659114234
2009-03-24,1.2659002123581773,1.1255178902551957
2009-03-25,1.2668690125338042,1.1246565254184528
2009-03-26,1.2674874456682423,1.1241075145473214
2009-03-27,1.2673986038419913,1.1241863064634354
2009-03-30,1.2685306243805494,1.1231822009008883
2009-03-31,1.2681949870416012,1.1234793808647132
2009-04-01,1.2690119692888564,1.1227556256703604
2009-04-02,1.2692432220207468,1.1225510253104227
2009-04-03,1.2683582322804068,1.1233337327719808
2009-04-06,1.268198746989242,1.1234749824622392
2009-04-07,1.2689150251364072,1.122840444239634
2009-04-08,1.2686203001755896,1.1231012411404329
2009-04-09,1.2688392477164288,1.1229074083168313
2009-04-10,1.2689138811567116,1.122841358623655
2009-04-14,1.2702092130983171,1.121214106276514
2009-04-15,1.269710331183778,1.1216544695128845
2009-04-16,1.269530567709163,1.1218132714851177
2009-04-17,1.270705506145568,1.120775043997996
2009-04-20,1.2708016233728876,1.1206902676362371
2009-04-21,1.2707829403820838,1.1207067437294205
2009-04-22,1.2703871151140746,1.1210558230513878
2009-04-23,1.2702914289671645,1.121140261496097
2009-04-24,1.2704104673045673,1.1210352000356476
2009-04-27,1.2712975148700212,1.120252451805393
2009-04-28,1.2720796796383669,1.1195632173899976
2009-04-29,1.273490397390626,1.1183216381628243
2009-04-30,1.2738614383215334,1.1179958068078895
2009-05-01,1.2738859061191015,1.117974332812163
2009-05-04,1.273989820435957,1.1178831366237931
2009-05-05,1.2734528900249875,1.11835427496598
2009-05-06,1.2735292504194686,1.1182872147910219
2009-05-07,1.2733919810711045,1.1184077511330084
2009-05-08,1.2736264433801248,1.1182018251748944
2009-05-11,1.274205945486499,1.117693041522978
2009-05-13,1.275031086851531,1.117440300484586
2009-05-14,1.2759739578918075,1.1166139660450343
2009-05-15,1.275723362987652,1.1168332634437539
2009-05-18,1.2747160143059555,1.1177151478304836
2009-05-19,1.274622631008275,1.1177970295399784
2009-05-20,1.275384360383261,1.1171290209765348
2009-05-21,1.2752317181539539,1.117262722682062
2009-05-22,1.2746826089854044,1.1177438110960103
2009-05-25,1.2743995699398132,1.1179920024020484
2009-05-26,1.2749125478297774,1.1175419824931307
2009-05-27,1.275399268017471,1.11711534127417
2009-05-28,1.275336432884114,1.1171703782286395
2009-05-29,1.2748591476740543,1.1175884709647184
2009-06-01,1.2749089130229383,1.1175448448274563
2009-06-02,1.2749235659199027,1.1175320005612526
2009-06-03,1.2767289391138856,1.1159495038758334
2009-06-04,1.2762529344672493,1.1163655648994248
2009-06-05,1.2766224530722732,1.1160423391225451
2009-06-08,1.2778513718830382,1.1149680000171525
2009-06-09,1.2781411215881715,1.1147151837222793
2009-06-11,1.278277358844168,1.1149984382881764
2009-06-12,1.278209804764137,1.1150573634449221
2009-06-15,1.2780010275257014,1.1152394920721393
2009-06-16,1.2782997832016787,1.114978784826093
2009-06-17,1.2777164961045964,1.1154875486913896
2009-06-18,1.2785630908744388,1.114748444259831
2009-06-19,1.2784806654150318,1.114820309037797
2009-06-22,1.2784464416065684,1.1148501518017588
2009-06-23,1.2785229990972624,1.1147833909838285
2009-06-24,1.278331013541781,1.1149507890742114
2009-06-25,1.2786036922693327,1.1147129607189366
2009-06-26,1.2784514566871814,1.1148456828262892
2009-06-29,1.2788240013405674,1.1145208133943565
2009-06-30,1.2785523919548367,1.1147575264316412
2009-07-01,1.2788384178233594,1.1145081432294381
2009-07-02,1.279939349103696,1.1135486812208137
2009-07-03,1.2793792656771108,1.1140359544353486
2009-07-06,1.2791036438006549,1.114275955730069
2009-07-07,1.2793762338458325,1.1140384921479856
2009-07-08,1.2793079130262084,1.1140979836570999
2009-07-10,1.2796778026663842,1.1132021451876548
2009-07-13,1.2803668886076094,1.1126027037138775
2009-07-14,1.2808287237693143,1.112201381987929
2009-07-15,1.2809478578230267,1.1120979325128184
2009-07-16,1.281139672808163,1.111931401887007
2009-07-17,1.2816113916091123,1.1115219859905447
2009-07-20,1.2831116440589585,1.110220839954033
2009-07-21,1.2827878736991392,1.1105009844001497
2009-07-22,1.282417847556782,1.1108213135861096
2009-07-23,1.283409068917455,1.1099627246199506
2009-07-24,1.2834829704389086,1.1098988105210925
2009-07-27,1.282223571984654,1.1109878821165429
2009-07-28,1.2828220336090952,1.1104693425831937
2009-07-29,1.2828219085957018,1.1104694508004969
2009-07-30,1.2830018615406085,1.110313675282039
2009-07-31,1.2834685340118446,1.109909815519849
2009-08-03,1.284007039997632,1.1094441297133777
2009-08-04,1.2850613869915486,1.1085331229613555
2009-08-05,1.2849792394862083,1.1086039859034376
2009-08-06,1.2852952811889957,1.1083313238396038
2009-08-10,1.2853562759485018,1.108257106123347
2009-08-11,1.285994512869077,1.1077068068671383
2009-08-12,1.285617423200356,1.1080316175787406
2009-08-13,1.286271440533681,1.1074679414254065
2009-08-14,1.2859958749832816,1.1077052008429848
2009-08-17,1.2866742054542772,1.107120914217165
2009-08-18,1.2870219778926633,1.1068216728565368
2009-08-19,1.2881717221345292,1.1058329081990574
2009-08-20,1.2879061745344327,1.1060608679266577
2009-08-21,1.2879588737444003,1.106015609556857
2009-08-24,1.2886763491529392,1.1053994881748053
2009-08-25,1.288714386277854,1.10536686072848
2009-08-26,1.2888617646143579,1.1052404501514776
2009-08-27,1.2878788359597717,1.106083343112141
2009-08-28,1.2879165202630154,1.106050978281731
2009-08-31,1.2874287377911777,1.10646988142621
2009-09-01,1.2882203596509074,1.10578952862721
2009-09-02,1.2895176311668943,1.104675969718272
2009-09-03,1.2899053143035388,1.1043438577451083
2009-09-04,1.2902020020219576,1.1040898505277794
2009-09-08,1.2905598233703124,1.1034611829101246
2009-09-09,1.2900203604215053,1.1039224373307621
2009-09-10,1.290529468009407,1.1034867734400646
2009-09-11,1.2913903745647306,1.1027506422470026
2009-09-14,1.2918124083723423,1.1023902569897168
2009-09-15,1.2921477839373754,1.1021040585038309
2009-09-16,1.2928136813764544,1.1015360984923839
2009-09-17,1.2914423325380227,1.1027045501191874
2009-09-18,1.2920299594611437,1.102202801906687
2009-09-21,1.2923899768938658,1.1018956788247678
2009-09-22,1.291419674351411,1.1027229617639727
2009-09-23,1.2921867699648102,1.1020679508766804
2009-09-24,1.2930095843356317,1.101366196789206
2009-09-25,1.292586328669441,1.1017267196259966
2009-09-28,1.2937140181552453,1.1007655415519324
2009-09-29,1.2947514437624077,1.0998828407816987
2009-09-30,1.2956768026169596,1.0990967545173502
2009-10-01,1.2965123439724353,1.098387981472858
2009-10-02,1.2974316608772223,1.0976091484412425
2009-10-05,1.2975160121805835,1.0975377884112356
2009-10-07,1.2970463490054978,1.0985250371303084
2009-10-08,1.2962157580398777,1.0992285007899127
2009-10-09,1.2976605882285548,1.0980032429481186
2009-10-12,1.2979217593659476,1.0977822554584598
2009-10-13,1.298294954088116,1.0974666073534252
2009-10-14,1.298684313021516,1.0971374768840076
2009-10-15,1.2991506782169304,1.0967434883460132
2009-10-16,1.300042752972705,1.0959903985036121
2009-10-19,1.299760676456032,1.096228200801429
2009-10-20,1.299843268832513,1.0961585417527213
2009-10-21,1.299403866330081,1.096529090124096
2009-10-22,1.2984468801515392,1.0973366628971257
2009-10-23,1.2981577801497226,1.0975809855845504
2009-10-26,1.2983105326662334,1.0974518346753266
2009-10-27,1.2982584913102697,1.097495824830335
2009-10-28,1.2986613582410789,1.0971552572334469
2009-10-29,1.2981444579932035,1.0975919529284583
2009-10-30,1.2983157318301535,1.097447139472586
2009-11-02,1.297883343679729,1.0978126307989187
2009-11-03,1.298306596756106,1.0974546228350026
2009-11-05,1.2980494617587894,1.0969916717394395
2009-11-06,1.2984672027012174,1.0966386356277282
2009-11-09,1.2984714159391653,1.0966350772786955
2009-11-10,1.2992598914134394,1.0959691636112485
2009-11-11,1.3007280786494342,1.0947306985838186
2009-11-12,1.300098065827355,1.0952609357549479
2009-11-13,1.3003074499329355,1.0950845411910006
2009-11-16,1.3004083752244509,1.0949995445799612
2009-11-17,1.3013393446684651,1.0942156284374358
2009-11-18,1.3018817216927723,1.0937595772015043
2009-11-19,1.3019742179396683,1.0936818676414022
2009-11-20,1.3024669312631836,1.093267979547115
2009-11-23,1.3022628456663032,1.0934392854304356
2009-11-24,1.303572044896373,1.0923400220402701
2009-11-25,1.303716653188627,1.0922188462097768
2009-11-26,1.304592897227818,1.091484752454709
2009-11-27,1.3046459787354685,1.091440341929126
2009-11-30,1.3042831688697751,1.0917438612978452
2009-12-01,1.303524859709518,1.0923786002797136
2009-12-02,1.302972649390142,1.0928413630197156
2009-12-04,1.3035201173378177,1.0928542082202368
2009-12-07,1.304406198244724,1.0921113295833393
2009-12-08,1.304578041389206,1.091967454274212
2009-12-09,1.3058116128178534,1.0909349212942983
2009-12-10,1.306180608864195,1.090626645070667
2009-12-11,1.3065331781343743,1.0903322589515643
2009-12-14,1.3081915095813785,1.0889483428727669
2009-12-15,1.308473406861623,1.088713689479946
2009-12-16,1.3081161799146137,1.0890109197220135
2009-12-17,1.3075801491841055,1.089457167026185
2009-12-18,1.3068017281401116,1.090105736359294
2009-12-21,1.307344151605751,1.089653258436518
2009-12-22,1.3074314246715788,1.089580517543895
2009-12-23,1.3074931545553854,1.0895290734088707
2009-12-24,1.307665963100922,1.089385072705051
2009-12-25,1.3079882193776622,1.0891166087491382
2009-12-28,1.3083902681708992,1.0887818366068858
2009-12-29,1.3087543340229404,1.0884788778516319
2009-12-30,1.3092243727376935,1.0880879509989134
2009-12-31,1.3102775647941527,1.087212649858342
2010-01-04,1.3113440120239261,1.0865976140152445
2010-01-05,1.3117699853890274,1.0862446466490088
2010-01-06,1.3124809004731506,1.0856559552526877
2010-01-07,1.312746043079499,1.0854366349947933
2010-01-08,1.313268061361642,1.0850050071330584
2010-01-11,1.3140908735274184,1.0843252104136654
2010-01-12,1.3141469795063256,1.0842789144316982
2010-01-13,1.3141256003472772,1.0842965539893168
2010-01-14,1.31473940671917,1.0837900969705325
2010-01-15,1.3137650729656407,1.0845932776372276
2010-01-18,1.3142792898079922,1.0841687602391488
2010-01-19,1.3141929469091762,1.0842399857954599
2010-01-20,1.3142883553205242,1.084161271619731
2010-01-21,1.3144434160795748,1.0840333614324196
2010-01-22,1.3137908260650426,1.0845715583136522
2010-01-25,1.3139045994077507,1.0844776351950345
2010-01-26,1.3138716321822421,1.0845048458606907
2010-01-27,1.3141004855616814,1.0843159441499648
2010-01-28,1.314226471137599,1.0842119885010617
2010-01-29,1.3155822725652366,1.0830934779595724
2010-02-02,1.3163000513867582,1.0827354914218952
2010-02-03,1.3166154806326584,1.0824760320082085
2010-02-04,1.3165236885953033,1.082551500268933
2010-02-05,1.3180244863959172,1.08131742379562
2010-02-08,1.3177484510912028,1.0815438852822246
2010-02-09,1.3191209893655167,1.0804173725728596
2010-02-10,1.3194483907117238,1.0801492166530484
2010-02-11,1.3199102374796554,1.0797711318199419
2010-02-12,1.3209457077862867,1.078924050773664
2010-02-15,1.3213893859307906,1.0785616626618086
2010-02-16,1.3218473715747043,1.078187839651851
2010-02-17,1.3219753023432266,1.0780834906915213
2010-02-18,1.3226334106035753,1.0775467971169046
2010-02-19,1.323142977829069,1.077131653716364
2010-02-22,1.3234680599916264,1.076867013920653
2010-02-23,1.3226718553718249,1.077514862189391
2010-02-24,1.3228711128587964,1.0773525370421957
2010-02-25,1.3226512731621447,1.0775315755385602
2010-02-26,1.3239104974289013,1.076505716390615
2010-03-01,1.3247926301691024,1.0757884315444823
2010-03-03,1.3247149745965074,1.076199954964047
2010-03-04,1.3240584467333687,1.0767333189482187
2010-03-05,1.3245466926789182,1.0763362740302156
2010-03-08,1.3250173300037589,1.0759538307177687
2010-03-09,1.325936828747927,1.075207170146827
2010-03-10,1.3266477308945457,1.074630696917677
2010-03-11,1.327389857639056,1.0740295485027045
2010-03-12,1.3271879683636512,1.0741929029581139
2010-03-15,1.3273468685069467,1.0740642931377449
2010-03-16,1.326599840799496,1.0746687740052516
2010-03-17,1.3263132559226933,1.0749009343061426
2010-03-18,1.3271366876431079,1.0742335900557114
2010-03-19,1.3286655442532538,1.07299607688899
2010-03-22,1.328512334491968,1.073119805146648
2010-03-23,1.328475063178571,1.0731499114418863
2010-03-24,1.3285296851379615,1.0731057875042171
2010-03-25,1.329230151362051,1.07253999332782
2010-03-26,1.3289060873307195,1.072801476738835
2010-03-29,1.3299074070225936,1.071993129742481
2010-03-30,1.3298777635048078,1.0720170243739717
2010-04-01,1.3310194420465733,1.0707092701152352
2010-04-02,1.3314100701507425,1.0703950379416927
2010-04-05,1.3317397585940889,1.0701299829584563
2010-04-06,1.3320152558276726,1.0699086049842856
2010-04-07,1.3321220116476642,1.069822855988588
2010-04-08,1.3320587234802683,1.0698736825100341
2010-04-09,1.3327240973267178,1.0693392721610018
2010-04-12,1.3337707049418566,1.068499504479412
2010-04-13,1.334175795544171,1.0681749816013502
2010-04-14,1.3342899416220608,1.0680835933562203
2010-04-15,1.3352154341381723,1.0673427473516173
2010-04-16,1.3352905758047253,1.0672826807056148
2010-04-19,1.3357079008297525,1.0669491175250552
2010-04-20,1.3358783380476704,1.0668129741069188
2010-04-21,1.3356674312790509,1.0669814011789671
2010-04-22,1.336313883700027,1.0664649906610675
2010-04-23,1.3356768960295486,1.0669733480599795
2010-04-26,1.335597601288085,1.067036690756132
2010-04-27,1.3353776342139565,1.0672124270247707
2010-04-28,1.3354388809963087,1.0671634795768228
2010-04-30,1.3371045270169837,1.064693930212151
2010-05-03,1.3374925609256136,1.0643849511167345
2010-05-04,1.337997551003354,1.063983076852224
2010-05-05,1.3370026767062915,1.0647742064136168
2010-05-06,1.3370209098420611,1.0647596857451036
2010-05-07,1.33673358456302,1.064988502191852
2010-05-10,1.3367405397882237,1.0649829608970436
2010-05-11,1.3372343403727414,1.064589549316457
2010-05-12,1.3369783645207491,1.0647933350020926
2010-05-13,1.3356820687226267,1.0658257280180607
2010-05-14,1.3363921306792244,1.0652591243931784
2010-05-17,1.3365412830024372,1.0651402327373691
2010-05-18,1.3371438789036005,1.0646600013022653
2010-05-19,1.3386315837082534,1.0634754617592523
2010-05-20,1.338801435367004,1.0633405231597013
2010-05-21,1.3377988043817273,1.0641368609348605
2010-05-24,1.3384433117015209,1.0636241949092307
2010-05-25,1.3397727028513085,1.0625677642191516
2010-05-26,1.3411417991228576,1.061481940063185
2010-05-27,1.340675925485579,1.0618506680028006
2010-05-31,1.3406868034635302,1.0611535692961702
2010-06-01,1.341005364407917,1.0609014283171578
2010-06-02,1.3425582182761453,1.059672928468838
2010-06-03,1.3423833008617179,1.0598109897061558
2010-06-04,1.3429492252024176,1.0593641927032202
2010-06-07,1.343017161025011,1.0593106026072532
2010-06-08,1.3441333655500494,1.058430191453647
2010-06-09,1.3446061727318945,1.0580578821212347
2010-06-10,1.3450522725369047,1.057706850403193
2010-06-11,1.3446098668447586,1.058054744340696
2010-06-14,1.3448113356108984,1.0578962113794952
2010-06-15,1.345048656531025,1.0577095228116382
2010-06-16,1.3456022595853319,1.0572741844916786
2010-06-17,1.3456306348846305,1.0572518892917324
2010-06-18,1.3458999612168874,1.0570402816140885
2010-06-21,1.346052969571819,1.0569201122112748
2010-06-22,1.3468114232482091,1.056324574767446
2010-06-23,1.3469771201903318,1.0561946161489588
2010-06-24,1.3457293968632804,1.0571729836659134
2010-06-25,1.3466984459800249,1.0564117217447162
2010-06-29,1.3462596992732956,1.0569028021302262
2010-06-30,1.3460190456078092,1.0570917311559804
2010-07-01,1.3473404132742057,1.0560539993062548
2010-07-02,1.3473846482977507,1.0560193276129959
2010-07-05,1.349366435240719,1.0544660923749147
2010-07-06,1.3502297841626314,1.0537914259979626
2010-07-07,1.3504348439298703,1.0536313864053923
2010-07-08,1.3501736826885953,1.053835148683859
2010-07-09,1.3507016624896124,1.053423050833604
2010-07-12,1.351407236066369,1.0528727683467636
2010-07-13,1.35224027100367,1.052223756134043
2010-07-14,1.3520260431819398,1.0523904540264837
2010-07-15,1.351802564328867,1.0525644055659802
2010-07-16,1.3515676254444342,1.0527473378326901
2010-07-19,1.3520897766939433,1.0523406298533644
2010-07-20,1.3524735925298168,1.052041903389018
2010-07-21,1.353068932367993,1.0515788093515617
2010-07-22,1.3533795472021686,1.051337405554848
2010-07-23,1.3518205486633803,1.0525484726811554
2010-07-26,1.3528083908355775,1.0517793234248993
2010-07-28,1.3525095567252927,1.0519865040734802
2010-07-29,1.3523682796347891,1.0520963898719247
2010-07-30,1.3534449550294043,1.051258773142224
2010-08-02,1.3537390667427942,1.0510303283001665
2010-08-03,1.3533621236894195,1.0513229833552447
2010-08-04,1.3533247662665795,1.0513520034648984
2010-08-05,1.3530147386441953,1.0515928533850714
2010-08-06,1.3518791299157389,1.0524754734992343
2010-08-09,1.3519367076761681,1.052430647612563
2010-08-10,1.3529364610499763,1.0516523781235583
2010-08-11,1.3535259680137062,1.0511941478827636
2010-08-12,1.3540482086540606,1.0507885580988212
2010-08-13,1.3545404638336431,1.050406550939058
2010-08-16,1.3552561427061927,1.0498515628850529
2010-08-17,1.3552792365567699,1.0498336731929443
2010-08-18,1.355800457527809,1.0494299222080465
2010-08-19,1.356314684613173,1.049031895133196
2010-08-20,1.3570721074081211,1.0484460718880337
2010-08-23,1.3575470496749782,1.048079141235387
2010-08-24,1.358010354843281,1.047721451619369
2010-08-26,1.35892069020087,1.0472164461526905
2010-08-27,1.3587794171410645,1.0473253145161596
2010-08-30,1.3581398457164975,1.0478182858807095
2010-08-31,1.358040770568934,1.0478947233342022
2010-09-01,1.3577178668890426,1.0481438830572654
2010-09-02,1.3572486747703154,1.048506094427695
2010-09-03,1.3576978754006943,1.0481590765176185
2010-09-06,1.3573725321598493,1.0484102454095008
2010-09-07,1.3577189642187384,1.0481426674887218
2010-09-08,1.3570548332252972,1.0486553686068267
2010-09-09,1.3574812503176061,1.0483258575493752
2010-09-10,1.3575734855727706,1.0482546281287524
2010-09-13,1.3578113524642899,1.0480709584618333
2010-09-14,1.3581161239321118,1.0478357106685279
2010-09-15,1.3587047617489372,1.0473815553026864
2010-09-16,1.358020381204931,1.0479091221286667
2010-09-17,1.35821598978205,1.0477581818223454
2010-09-20,1.357734930686387,1.0481292815643692
2010-09-21,1.357474313035832,1.0483304703123828
2010-09-22,1.3582707945119867,1.0477153752107857
2010-09-24,1.3583881910913578,1.0472807402786266
2010-09-27,1.3576819028654683,1.0478252694941415
2010-09-28,1.358061945799596,1.0475319617693857
2010-09-29,1.3572570636718864,1.048152802193374
2010-09-30,1.3576023070926875,1.0478861851547618
2010-10-01,1.3581351231672687,1.0474749228868172
2010-10-04,1.3588571051586729,1.0469180872539914
2010-10-05,1.3579568106051914,1.0476117103349747
2010-10-06,1.3566111596527561,1.048649828546677
2010-10-07,1.3570185563067207,1.0483349141157505
2010-10-08,1.3576262663764342,1.0478654410339125
2010-10-11,1.3583621172636222,1.0472974844956995
2010-10-12,1.3583394937051085,1.0473149272641782
2010-10-13,1.3577985645436916,1.0477319976563517
2010-10-14,1.358321064801006,1.0473288154372309
2010-10-15,1.3573931820802783,1.0480442562383399
2010-10-18,1.357455414032157,1.0479962069033482
2010-10-19,1.3572901543020794,1.0481237923610252
2010-10-20,1.3581688786310568,1.0474452256793114
2010-10-21,1.3594080703656035,1.0464895378510344
2010-10-25,1.3590757669365294,1.0469361083771396
2010-10-26,1.358756677455119,1.0471819124066273
2010-10-27,1.3572659755041698,1.0483307833897286
2010-10-28,1.356603602616874,1.048842389736876
2010-10-29,1.3561668053018576,1.049180094530545
2010-11-01,1.3556805912492316,1.0495562474519275
2010-11-02,1.3557308616498593,1.0495173285403627
2010-11-03,1.3545324327594492,1.0504450730677521
2010-11-04,1.3549490816834722,1.0501219602364502
2010-11-05,1.3546497229261472,1.0503539713203396
2010-11-08,1.3547856838507057,1.0502485513769861
2010-11-09,1.3544612773993359,1.050500035733272
2010-11-10,1.3544889037468422,1.0504786091487497
2010-11-11,1.3542239325151808,1.0502731097828042
2010-11-12,1.3549047336886284,1.0508011075152417
2010-11-15,1.3553332131754994,1.0511334162806896
2010-11-16,1.3556279853491953,1.0513620278715141
2010-11-17,1.3562809933358007,1.0518684705006378
2010-11-18,1.357015517967293,1.0524381336489597
2010-11-19,1.3575766501619642,1.052873321686142
2010-11-23,1.3577858905155333,1.0527946904174332
2010-11-24,1.3580432122811132,1.052994211557271
2010-11-25,1.3573794224461255,1.0524795248023786
2010-11-26,1.358096281382425,1.0530353600685913
2010-11-29,1.358333245433832,1.0532190963239785
2010-11-30,1.3581252542920792,1.0530578249694735
2010-12-01,1.358010405972974,1.0529687743309288
2010-12-02,1.3582724252486196,1.0531719378076696
2010-12-03,1.360023361875487,1.054529572171747
2010-12-06,1.3600418341616776,1.0545438951404544
2010-12-07,1.3593207649462273,1.0539847953245318
2010-12-08,1.3594497541815502,1.054084810491148
2010-12-09,1.3595362036107015,1.0541518413099507
2010-12-10,1.3588687403889574,1.0536343062988642
2010-12-13,1.3593145437574072,1.0539799715635814
2010-12-14,1.3600626789494366,1.0545600576901089
2010-12-15,1.3605360568723084,1.0549271036045211
2010-12-16,1.3613002016873035,1.0555196032096181
2010-12-17,1.3611910745198172,1.0554349886151433
2010-12-20,1.3605626830846564,1.0549477489324641
2010-12-22,1.3610706267968382,1.0560233285906262
2010-12-23,1.3613559031647464,1.0562446679492719
2010-12-24,1.3612302643806204,1.0561471877124637
2010-12-27,1.3626987244874271,1.0572865320634193
2010-12-28,1.3645495568091504,1.058722550202793
2010-12-29,1.3647856670245953,1.0589057426769524
2010-12-30,1.3656253288531275,1.0595572169367002
2010-12-31,1.3660648981990084,1.0598982686607215
2011-01-03,1.3664516945192684,1.0601983750105064
2011-01-04,1.3665965934957056,1.0603107987866087
2011-01-05,1.3661724533064634,1.0599817181896034
2011-01-06,1.3663521710660946,1.0601211570570628
2011-01-07,1.3660942028808356,1.05992100548792
2011-01-10,1.366066727393854,1.059899687890842
2011-01-11,1.3671041699946465,1.0607046156932214
2011-01-12,1.3664838790392844,1.0602233462377797
2011-01-13,1.3668895554232738,1.060538101193854
2011-01-14,1.3667419315941258,1.060423563267337
2011-01-17,1.3672271891741028,1.0608000634391446
2011-01-18,1.3674717618245757,1.060989821721595
2011-01-20,1.3674077538663763,1.061105963733854
2011-01-21,1.3681781111986802,1.0617037596416237
2011-01-24,1.3685703853608275,1.0620081636876708
2011-01-25,1.3678771025606176,1.0614701774785267
2011-01-26,1.3693648219325965,1.0626246450420647
2011-01-27,1.3692097325128931,1.0625042959306208
2011-01-28,1.3694713464305293,1.062707307861345
2011-01-31,1.369308657100388,1.0625810612330364
2011-02-01,1.3702478154740831,1.0633098464460795
2011-02-02,1.3701692311171954,1.0632488651261227
2011-02-03,1.3709308838486687,1.0638399062792647
2011-02-04,1.3712041733941602,1.0640519784762574
2011-02-07,1.371539863171992,1.0643124731415936
2011-02-08,1.372744395330444,1.065247187935501
2011-02-09,1.37262333085326,1.065153242118408
2011-02-10,1.3728086598250013,1.0652970570679805
2011-02-11,1.3729618458602437,1.0654159291564975
2011-02-14,1.3739396459856148,1.066174700299514
2011-02-15,1.3755508268444123,1.0674249737553212
2011-02-16,1.375507693589006,1.0673915024265113
2011-02-18,1.3749504299055093,1.0656399857274688
2011-02-21,1.3749942865142433,1.0656739763026115
2011-02-22,1.375503812620805,1.0660688788249968
2011-02-23,1.3755652503951943,1.0661164954863682
2011-02-24,1.3755157717371822,1.0660781476046766
2011-02-25,1.3765060082381853,1.0668456193533624
2011-02-28,1.3762525283520197,1.066649162596522
2011-03-01,1.3758665209672258,1.066349991880927
2011-03-02,1.3761909840765194,1.0666014633926528
2011-03-03,1.3757874241112127,1.0662886887454248
2011-03-04,1.376040432078412,1.0664847797467374
2011-03-07,1.3758750123411427,1.066356573025514
2011-03-08,1.3756865681411756,1.0662105214514386
2011-03-09,1.3756841982077044,1.066208684660951
2011-03-10,1.376714783769125,1.0670074284986024
2011-03-11,1.377200092850151,1.0673835618856173
2011-03-14,1.3767468146096236,1.0670322536440544
2011-03-15,1.377672235861305,1.0677494910571161
2011-03-16,1.378704942458921,1.0685498787801992
2011-03-17,1.3787358403084244,1.068573825813625
2011-03-21,1.3790905511881022,1.068954879932584
2011-03-22,1.3790597497052934,1.0689310052165046
2011-03-23,1.3792170115367153,1.0690529013472414
2011-03-24,1.378632114072974,1.0685995380799869
2011-03-25,1.3799172037541498,1.0695956314000814
2011-03-28,1.3807747846647234,1.0702603559161799
2011-03-29,1.3814045619920283,1.0707485062749171
2011-03-30,1.382442875520127,1.0715533194989688
2011-03-31,1.3828991319787889,1.0719069710902782
2011-04-01,1.3820622832380103,1.0712583164066174
2011-04-04,1.3825464931061529,1.0716336351273617
2011-04-05,1.382969706969688,1.0719616748810177
2011-04-06,1.3837360713956421,1.0725556960583977
2011-04-07,1.384808452836032,1.0733869158596403
2011-04-08,1.3852141835720515,1.0737014041648738
2011-04-11,1.3852075750354331,1.0736962817837066
2011-04-12,1.38425526275922,1.072958129489065
2011-04-13,1.384541723497956,1.0731801697345857
2011-04-14,1.3858036511610472,1.0741583098084346
2011-04-15,1.386141102740042,1.074419873860046
2011-04-19,1.3856008955598136,1.073812974875727
2011-04-20,1.3845372279767612,1.0729886537777136
2011-04-21,1.3854455519641906,1.0736925866967946
2011-04-22,1.3862883128159633,1.0743457094973434
2011-04-25,1.3877082595413284,1.075446139803224
2011-04-26,1.387957570618764,1.0756393509007256
2011-04-27,1.3877700774018664,1.075494047408464
2011-04-28,1.3874833540973899,1.0752718425834435
2011-04-29,1.3880416185863191,1.075704486394187
2011-05-02,1.3889316062024875,1.0763942089923628
2011-05-03,1.3888970203505093,1.0763674056489756
2011-05-04,1.3896007518198192,1.0769127834594223
2011-05-05,1.3886128380173908,1.076147170025925
2011-05-06,1.3898239618455035,1.077085766763973
2011-05-09,1.3897748864982273,1.0770477343515947
2011-05-10,1.3887536029339527,1.0762562600202346
2011-05-11,1.3887773294517953,1.0762746475969096
2011-05-12,1.3890760946151461,1.0765061846216581
2011-05-13,1.3892776698529223,1.0766624013983876
2011-05-16,1.3896910380442868,1.0769827534771936
2011-05-18,1.3912108111119346,1.0776699615902998
2011-05-19,1.3905313244137067,1.0771436126012526
2011-05-20,1.3910013266638366,1.0775076892047402
2011-05-23,1.391296021704012,1.0777359680465162
2011-05-24,1.3918160193616274,1.078138772460652
2011-05-25,1.3919295392768405,1.078226708093189
2011-05-26,1.3932757409350518,1.07926951273337
2011-05-27,1.393494525536056,1.0794389892718483
2011-05-30,1.3920734895107967,1.0783382158832808
2011-05-31,1.3934764081485087,1.0794249550477135
2011-06-01,1.3936661167526034,1.0795719085233875
2011-06-02,1.3941416757483511,1.0799402895340782
2011-06-03,1.3941151872215274,1.0799197707964026
2011-06-06,1.3952021188381027,1.0807617377680003
2011-06-07,1.3958535308116777,1.0812663393071307
2011-06-08,1.3957806418928047,1.081209877556133
2011-06-09,1.395178553930712,1.0807434837459355
2011-06-10,1.3955683890399082,1.0810454606884654
2011-06-13,1.395238005573486,1.0807895366151867
2011-06-14,1.3967506471344118,1.0819612701582577
2011-06-16,1.3966903551441732,1.082249500239357
2011-06-17,1.3960318189554906,1.081739222167724
2011-06-20,1.3959177168099488,1.081650808161331
2011-06-21,1.3960779183971566,1.08177494311154
2011-06-22,1.39635710589862,1.0819912763401751
2011-06-23,1.3975093572927861,1.0828841181149418
2011-06-24,1.3976708182763748,1.083009228930058
2011-06-27,1.3971974225274395,1.0826424101066776
2011-06-28,1.3975637288493765,1.0829262488490237
2011-06-29,1.3985526467860752,1.0836925288901422
2011-06-30,1.3985158381626135,1.0836640070963177
2011-07-01,1.3989499029656205,1.084000349661007
2011-07-04,1.3995701071495248,1.0844809255206487
2011-07-05,1.3980974838900584,1.0833398381058696
2011-07-06,1.398271589809143,1.0834747470663446
2011-07-07,1.399211131409993,1.084202767005932
2011-07-08,1.3997353025245145,1.0846089299930546
2011-07-11,1.3994060939112256,1.0843538370471528
2011-07-12,1.399694126671987,1.0845770241768113
2011-07-13,1.4002806008570454,1.0850314637677667
2011-07-15,1.3998020285910708,1.0841434091079596
2011-07-18,1.4009132070347037,1.0850040142231128
2011-07-19,1.4021515661903237,1.0859631205033238
2011-07-20,1.4016160420221404,1.0855483582830274
2011-07-21,1.402325344389847,1.0860977113138899
2011-07-22,1.402542210931776,1.0862656739452379
2011-07-25,1.40392837934609,1.0873392581518593
2011-07-26,1.4033160135600977,1.086864982277638
2011-07-27,1.4037051375056488,1.0871663578666704
2011-07-28,1.4032182582469481,1.0867892710154081
2011-07-29,1.403181502517329,1.0867608037884722
2011-08-01,1.4036354277405285,1.087112367816033
2011-08-02,1.4040637998445287,1.0874441410123221
2011-08-03,1.4037302282261193,1.0871857905712043
2011-08-04,1.4042684183562983,1.087602617572854
2011-08-05,1.4041921823447987,1.0875435729596046
2011-08-08,1.4035467218262958,1.0870436652921762
2011-08-09,1.4048009874397536,1.088015091086915
2011-08-10,1.4038526144429802,1.0872805784109598
2011-08-11,1.404324010189845,1.0876456733183872
2011-08-15,1.4057340761029469,1.0891829219489049
2011-08-16,1.4058443389233104,1.0892683551634137
2011-08-17,1.4057022082684911,1.0891582302937488
2011-08-18,1.4061445996932769,1.089501001514056
2011-08-19,1.4052198763961634,1.0887845126418958
2011-08-22,1.406768613891291,1.0899844966637324
2011-08-23,1.4075619314876744,1.0905991705144638
2011-08-24,1.4083458553819843,1.0912065659901125
2011-08-25,1.4081151544141983,1.0910278155717643
2011-08-26,1.4078050653032277,1.0907875540815628
2011-08-29,1.408561034623408,1.0913732899522763
2011-08-30,1.4106987841010243,1.0930296489052298
2011-08-31,1.4105575727685744,1.0929202363397206
2011-09-01,1.4104430590994221,1.0928315095066086
2011-09-02,1.4102503511139255,1.0926821965957998
2011-09-05,1.4095766440513278,1.0921601987019933
2011-09-06,1.4103327919338615,1.0927460729253788
2011-09-07,1.4097387849998637,1.0922858278341998
2011-09-08,1.4095122837326337,1.092110331404071
2011-09-09,1.4109238555959245,1.0932040375272534
2011-09-13,1.4116869115975252,1.0941386547385885
2011-09-14,1.411822957010979,1.0942440977687935
2011-09-15,1.4114923244002535,1.0939878384545363
2011-09-16,1.4125382638761994,1.094798501783457
2011-09-19,1.412664127335309,1.0948960532126724
2011-09-20,1.4127112720465926,1.0949325930789544
2011-09-21,1.4134468725961664,1.0955027258676935
2011-09-22,1.4140333035237582,1.0959572436088025
2011-09-23,1.4134492523826354,1.0955045703392576
2011-09-26,1.413918730594347,1.0958684429903187
2011-09-27,1.4133812167727042,1.0954518388234287
2011-09-28,1.413215643193706,1.0953235097644163
2011-09-29,1.414505887772209,1.0963235236172113
2011-09-30,1.4148359185268464,1.0965793164583397
2011-10-03,1.414015827790439,1.0959436989090625
2011-10-04,1.4144508198784214,1.096280842828197
2011-10-05,1.4148694241238828,1.0966052852256112
2011-10-06,1.4146849794303058,1.0964623299660234
2011-10-07,1.414446469778445,1.0962774712501953
2011-10-10,1.4146293714820102,1.096419230603664
2011-10-12,1.4139163594718243,1.096081857508055
2011-10-13,1.4132624123177107,1.0955749112473436
2011-10-14,1.412773074740236,1.0951955719481878
2011-10-17,1.4129427554311256,1.0953271100873483
2011-10-18,1.4134703534506572,1.0957361092572013
2011-10-19,1.41396362582998,1.09611849885342
2011-10-20,1.4137630820314468,1.0959630353298988
2011-10-21,1.4135717937833359,1.095814746800026
2011-10-24,1.4132744681771883,1.0955842570680927
2011-10-25,1.4132883759673043,1.0955950385236732
2011-10-26,1.4149694032274003,1.0968981873764498
2011-10-27,1.4150110313089386,1.0969304578743695
2011-10-28,1.4159863478133865,1.0976865328138043
2011-10-31,1.4159485610413078,1.0976572401367293
2011-11-01,1.4161812114559917,1.0978375930246271
2011-11-02,1.4155876755883132,1.0973774781868686
2011-11-03,1.4142962536278654,1.0963763551913308
2011-11-04,1.4146034169146404,1.096614471189969
2011-11-07,1.4152209588611546,1.0970931957759673
2011-11-08,1.4151002836496103,1.0969996471660097
2011-11-10,1.4157999801009862,1.0976822336041112
2011-11-11,1.4153198100542659,1.0973099535244377
2011-11-14,1.4156093272031454,1.0975344187279379
2011-11-15,1.4164499081903128,1.0981861285940826
2011-11-16,1.4166883446601914,1.0983709904958396
2011-11-17,1.4169069355199646,1.0985404659207398
2011-11-18,1.4166522454777062,1.0983430024807115
2011-11-21,1.4172181125209424,1.0987817241989435
2011-11-22,1.4182495847629846,1.099581433741576
2011-11-23,1.4192066660258027,1.1003234673007485
2011-11-24,1.4191860838751442,1.1003075097774933
2011-11-25,1.418948777001476,1.1001235236616584
2011-11-28,1.4187831426281663,1.0999951058686004
2011-11-29,1.4181221633236116,1.099482642773822
2011-11-30,1.4186559673943975,1.0998965057862267
2011-12-01,1.4184551932925853,1.0997408438511902
2011-12-02,1.4197123614410234,1.1007155374241446
2011-12-05,1.4200123110742435,1.100948091024928
2011-12-06,1.4198416103513496,1.1008157452462746
2011-12-07,1.4198368448371035,1.1008120505009749
2011-12-09,1.4198173945345627,1.1012726646852509
2011-12-12,1.4203258947328343,1.101667079749117
2011-12-13,1.420981254268469,1.1021754053583914
2011-12-14,1.420894537213417,1.1021081438058435
2011-12-15,1.4209799240614218,1.1021743735914435
2011-12-16,1.420950474572801,1.1021515312759937
2011-12-19,1.4212096021395857,1.1023525219858308
2011-12-20,1.4215270146997896,1.1025987210937767
2011-12-21,1.4224347186949369,1.103302776137284
2011-12-22,1.422267659888338,1.1031731979972987
2011-12-23,1.4224513380107862,1.1033156668078172
2011-12-26,1.4228771711903032,1.1036459617049803
2011-12-27,1.4232895138571882,1.1039657927686592
2011-12-28,1.4248653006220235,1.1051880421199958
2011-12-29,1.424143895016413,1.1046284882811233
2011-12-30,1.424582610014541,1.1049687748819816
2012-01-02,1.425306986599446,1.1055306331427446
2012-01-03,1.4248167233599363,1.1051503634642277
2012-01-04,1.4248212639675057,1.1051538853586744
2012-01-05,1.4240158335940982,1.1045291582233714
2012-01-09,1.4237241762734416,1.1043262649955672
2012-01-10,1.4248362874183738,1.1051888854155965
2012-01-11,1.4243718490861181,1.1048286390579607
2012-01-12,1.4248003168948926,1.1051609845099943
2012-01-13,1.4252796365013034,1.1055327736806133
2012-01-16,1.4255687566539474,1.105757032693437
2012-01-17,1.426631194912898,1.1065811238298018
2012-01-18,1.4265328490095937,1.1065048408208569
2012-01-19,1.427104037837084,1.106947889295401
2012-01-20,1.4280498312952838,1.1076815036952665
2012-01-23,1.4291022468127128,1.108497820589335
2012-01-24,1.4283746222911913,1.1079334311636568
2012-01-25,1.4287424395027213,1.1082187323576516
2012-01-26,1.4279710635790277,1.1076204067079813
2012-01-27,1.4283742512975968,1.1079331433986688
2012-01-30,1.4294587821616063,1.1087743708908215
2012-01-31,1.4299073966027913,1.1091223432849924
2012-02-01,1.4293222583465566,1.108668474792919
2012-02-02,1.429524763331389,1.1088255498621422
2012-02-03,1.4298447528217997,1.1090737529935295
2012-02-07,1.430336221387671,1.1092291425273648
2012-02-08,1.4289652489186568,1.1081659501160326
2012-02-09,1.4281160386215943,1.107507385510347
2012-02-10,1.4285325845530468,1.107830417871172
2012-02-13,1.4299063502291391,1.1088957764212388
2012-02-14,1.4302874801439431,1.1091913435768963
2012-02-15,1.4303789825479203,1.1092623039088694
2012-02-16,1.431057747698515,1.1097886878979717
2012-02-17,1.4323310995401553,1.1107761752805312
2012-02-20,1.432348797066335,1.110789899754187
2012-02-21,1.4323411293400357,1.1107839534141999
2012-02-22,1.4326793263781485,1.111046226021844
2012-02-23,1.4332385557227831,1.1114799097090429
2012-02-24,1.4340328819675061,1.1120959116015674
2012-02-27,1.435112256338608,1.1129329689942424
2012-02-28,1.434737933685406,1.112642680886152
2012-02-29,1.4341944290558148,1.1122211917528795
2012-03-01,1.4353663918804953,1.1131300517115772
2012-03-02,1.436304645155597,1.1138576693585698
2012-03-05,1.4377097306570692,1.11494731650773
2012-03-07,1.4378765608458166,1.1153204111397712
2012-03-08,1.4389161806748696,1.116126815004152
2012-03-09,1.4396798649698415,1.1167191834348245
2012-03-12,1.4399880068116053,1.1169582003956708
2012-03-13,1.4398791049166313,1.1168737282583652
2012-03-14,1.4404219698553011,1.1172948133244118
2012-03-15,1.4408662496901534,1.1176394286979159
2012-03-16,1.4408472777157932,1.1176247126709498
2012-03-19,1.4412903777570039,1.117968412911705
2012-03-20,1.4416078468167803,1.118214664733256
2012-03-21,1.440250242778947,1.1171616094607293
2012-03-22,1.4401496690837274,1.117083597273761
2012-03-23,1.4411992952193022,1.1178977627487052
2012-03-26,1.4409963263566745,1.1177403255100167
2012-03-27,1.4407349137820418,1.1175375551275264
2012-03-28,1.4419747697752106,1.118499276553211
2012-03-29,1.4415217383545218,1.1181478728206926
2012-03-30,1.4404526743058637,1.117318629903218
2012-04-02,1.4414509969621072,1.1180930007120424
2012-04-03,1.4424186189005572,1.1188435578374643
2012-04-05,1.442335804021387,1.1183805827488484
2012-04-06,1.4423900039700657,1.1184226091410514
2012-04-09,1.4422355806624954,1.1183028700149555
2012-04-10,1.4426148865954747,1.1185969820997992
2012-04-11,1.4436907716007437,1.1194312184099626
2012-04-12,1.4434531720940729,1.119246984839673
2012-04-13,1.442725946171852,1.1186830971871473
2012-04-16,1.4436475187062376,1.1193976803134746
2012-04-17,1.4441724784798986,1.1198047317199153
2012-04-18,1.4456393198326882,1.1209421137930493
2012-04-19,1.445196059263743,1.1205984115761145
2012-04-20,1.4449065761200253,1.1203739476710626
2012-04-23,1.4453139677441926,1.120689837272342
2012-04-24,1.444612478678439,1.1201459058605567
2012-04-25,1.4450028216339217,1.1204485760021474
2012-04-26,1.4452095043823951,1.1206088368595963
2012-04-27,1.4460231579144414,1.1212397400853142
2012-04-30,1.4464350011955536,1.1215590814810192
2012-05-01,1.4465870786147403,1.1216770016159967
2012-05-02,1.4468931099565063,1.1219142969180957
2012-05-04,1.447403145107263,1.122453879960881
2012-05-07,1.4477707631115624,1.1227389658795237
2012-05-08,1.448185680449506,1.1230607321941901
2012-05-09,1.4492525535257779,1.1238880869142178
2012-05-10,1.4486743545830245,1.1234396965339173
2012-05-11,1.4481288184577454,1.1230166360047564
2012-05-14,1.4489541883361292,1.1236567062060174
2012-05-15,1.4489057695389242,1.1236191576716166
2012-05-16,1.4495966251434873,1.1241549127281507
2012-05-17,1.4495323164919418,1.1241050416914005
2012-05-18,1.4494517480952347,1.1240425613038239
2012-05-21,1.4501575105721296,1.1245898765650897
2012-05-22,1.4506439066957892,1.1249670743195959
2012-05-23,1.4509105089424246,1.125173823024788
2012-05-24,1.4514480938956185,1.125590717459874
2012-05-25,1.4523595191392509,1.1262975231652974
2012-05-28,1.4524317779520692,1.126353559512243
2012-05-29,1.4528274742399612,1.1266604199989925
2012-05-30,1.4524738992459365,1.1263862243643887
2012-05-31,1.4518441954460009,1.1258978922256524
2012-06-04,1.4520131173745827,1.1268458929596532
2012-06-05,1.4525081287892696,1.1272300503566721
2012-06-06,1.4526966071569227,1.1273763204364395
2012-06-07,1.4528590686576417,1.1275023999274982
2012-06-08,1.452956220434552,1.1275777953075368
2012-06-11,1.453182774258313,1.1277536141364333
2012-06-12,1.454646219078158,1.1288893316895896
2012-06-13,1.454597459581946,1.1288514915093655
2012-06-14,1.4544089430749736,1.1287051918312876
2012-06-15,1.455116225214269,1.129254083548788
2012-06-18,1.455448582481304,1.1295120119496214
2012-06-19,1.4549076725328136,1.1290922346441523
2012-06-20,1.4553399881432256,1.129427736482411
2012-06-21,1.454661602174832,1.1289012698595005
2012-06-22,1.4537219596552677,1.1281720530904842
2012-06-25,1.4549722783695158,1.1291423724981964
2012-06-26,1.4563658088938232,1.1302238325272
2012-06-27,1.4564733859475418,1.130307318523097
2012-06-28,1.4562967822846153,1.1301702638988176
2012-06-29,1.4571777903060936,1.1308539769168255
2012-07-03,1.4581387641300936,1.1314045641808739
2012-07-04,1.4581234734472384,1.1313926997761976
2012-07-05,1.4589684607749973,1.1320483455506736
2012-07-06,1.4581681368374366,1.1314273551634386
2012-07-09,1.4569605242208938,1.1304903397985573
2012-07-10,1.4573688147256652,1.1308071421166725
2012-07-11,1.4582163503565302,1.1314647651801666
2012-07-12,1.4575924914136758,1.1309806981813912
2012-07-13,1.4581215558785023,1.131391211888986
2012-07-16,1.458748988292913,1.1318780516293743
2012-07-17,1.4592375046638788,1.1322571031060815
2012-07-18,1.4606259598422149,1.1333344385178914
2012-07-19,1.4611371963328155,1.1337311190760593
2012-07-20,1.4619612289511517,1.134370505592867
2012-07-23,1.4623253364124256,1.1346530252361764
2012-07-24,1.462048324486431,1.1344380850911693
2012-07-25,1.4632451179612895,1.1353667056265713
2012-07-26,1.4627049424833443,1.134947570619506
2012-07-27,1.4625285830084205,1.1348107291063565
2012-07-30,1.46300195194898,1.1351780273313716
2012-08-01,1.4630689448740761,1.134903775871911
2012-08-02,1.4629368198589752,1.1348012863897503
2012-08-03,1.4620162072045133,1.1340871664015402
2012-08-06,1.462514930026025,1.1344740261016453
2012-08-07,1.462918541484028,1.1347871078393703
2012-08-08,1.463743380123139,1.135426935845625
2012-08-09,1.4643144720639136,1.1358699323306682
2012-08-10,1.4626767823734512,1.1345995750997775
2012-08-13,1.4623614639005653,1.1343549823027435
2012-08-14,1.4637731951935993,1.1354500634201399
2012-08-15,1.4642290774794224,1.1358036916817105
2012-08-16,1.4645900717283147,1.1360837152155099
2012-08-17,1.4640475072446024,1.135662847502217
2012-08-20,1.464010341183828,1.1356340177585094
2012-08-21,1.4642636783670822,1.1358305316185373
2012-08-22,1.4647414783510586,1.1362011614564724
2012-08-23,1.4643014895078221,1.1358598617513014
2012-08-24,1.4650178122176565,1.1364155138625582
2012-08-27,1.466609964431771,1.1376505476358414
2012-08-28,1.4670708815242695,1.1380080814010636
2012-08-30,1.467570467788917,1.1387536450173716
2012-08-31,1.4654519874184737,1.137109821230583
2012-09-03,1.4647956259359318,1.1366005209638506
2012-09-04,1.4657479748684963,1.1373394911476264
2012-09-05,1.465157375541244,1.1368812186820687
2012-09-06,1.465215333347923,1.136926190739671
2012-09-07,1.4658072862136537,1.1373855134763469
2012-09-10,1.4657196251354678,1.1373174933202446
2012-09-11,1.4649469133029858,1.1367179116067254
2012-09-12,1.466433019729404,1.1378710481320993
2012-09-13,1.4665908267313434,1.1379934976516366
2012-09-14,1.4680049637870414,1.1390907899194187
2012-09-17,1.4682432825964011,1.1392757121557209
2012-09-18,1.4689545270151554,1.1398275985503652
2012-09-19,1.469758704419876,1.1404515958104395
2012-09-20,1.4702281469382652,1.140815857282495
2012-09-21,1.4698825181264326,1.1405476684098403
2012-09-24,1.469738975335163,1.1404362871301255
2012-09-25,1.4711704279112656,1.1415470152855933
2012-09-26,1.471144674233092,1.1415270318534267
2012-09-28,1.472541823245584,1.1434807845257393
2012-10-01,1.4726583927490182,1.143571304866238
2012-10-02,1.4735323613724747,1.1442499723997672
2012-10-03,1.472114422691092,1.143148892885283
2012-10-04,1.4723259760667897,1.1433131715605596
2012-10-05,1.4733889085104934,1.1441385761809495
2012-10-08,1.4742269106658343,1.1447893144804644
2012-10-09,1.4736644814562982,1.144352568315698
2012-10-10,1.4726812765605033,1.1435890749548676
2012-10-11,1.4733092094666336,1.1440766870557917
2012-10-12,1.4746392374332962,1.145109500792388
2012-10-15,1.473470637967051,1.144202041993348
2012-10-16,1.472966081733658,1.1438102362405405
2012-10-17,1.4740536453008586,1.1446547677991097
2012-10-18,1.4738624182830575,1.1445062732593378
2012-10-19,1.475268359414148,1.1455980362518707
2012-10-22,1.4755653064903975,1.1458286261545494
2012-10-23,1.4758168714751834,1.1460239752588133
2012-10-24,1.475366261561692,1.1456740607305735
2012-10-25,1.4757924492255894,1.1460050105186037
2012-10-29,1.4761989844836205,1.1459820964806917
2012-10-30,1.4759295297786943,1.1457729171824376
2012-10-31,1.4771598288298478,1.1467280056906664
2012-11-01,1.4774725025687876,1.146970736183392
2012-11-02,1.4778269195430211,1.1472458721992203
2012-11-05,1.4772939436167385,1.1468321198014777
2012-11-06,1.4771902742787704,1.1467516406746703
2012-11-07,1.4776884840771187,1.147138403919463
2012-11-08,1.4778571891587726,1.1472693706828823
2012-11-09,1.4789064561184273,1.1480839228962572
2012-11-12,1.479200312908758,1.1483120456792886
2012-11-13,1.4793783452930933,1.1484502532835386
2012-11-14,1.4777857457680132,1.1472139087515418
2012-11-15,1.4788065292790025,1.1480063490934416
2012-11-16,1.4780161310113011,1.1473927581931662
2012-11-19,1.4774515234603043,1.1469544499760618
2012-11-20,1.477569139396193,1.1470457559302087
2012-11-21,1.4769400965673347,1.1465574262217018
2012-11-22,1.4769682371298256,1.1465792719085897
2012-11-23,1.4773266138616779,1.146857481907929
2012-11-27,1.477114039713836,1.1472818120470991
2012-11-28,1.4767716677603968,1.147015890050168
2012-11-29,1.4777480493756614,1.1477742505008122
2012-11-30,1.4791083144522459,1.1488307751427624
2012-12-03,1.4796755034130706,1.1492713136260837
2012-12-04,1.4809749599848414,1.1502806080002856
2012-12-05,1.4809670064361942,1.150274430439543
2012-12-06,1.480536581537343,1.149940117282517
2012-12-07,1.4810680304710964,1.1503528963092773
2012-12-10,1.4810484540230144,1.1503376911848082
2012-12-11,1.4809521943298065,1.1502629258029342
2012-12-12,1.4809891957706378,1.1502916650058286
2012-12-13,1.4823466262465614,1.1513459879993648
2012-12-14,1.4830239806092989,1.151872092497586
2012-12-17,1.4831031715472607,1.1519336004924732
2012-12-18,1.4822870280693448,1.151299697799073
2012-12-19,1.4831208585541238,1.1519473380785619
2012-12-20,1.4841961006819149,1.152782483980364
2012-12-21,1.483767611964679,1.1524496746652164
2012-12-24,1.4840220739196972,1.1526473165296909
2012-12-26,1.4848482535706982,1.1541613384639973
2012-12-27,1.4850979235838122,1.1543554050804459
2012-12-28,1.4863011446705572,1.155290659748124
2012-12-31,1.4878747385542312,1.1565138023949315
2013-01-01,1.4874241292867036,1.1561635472129064
2013-01-02,1.4869359852162127,1.155784116511886
2013-01-03,1.4864473649238445,1.1554043156471956
2013-01-04,1.4874649322766649,1.1561952630689836
2013-01-07,1.4874183270516086,1.1561590371793675
2013-01-08,1.4871457053723645,1.1559471304060969
2013-01-09,1.4872212835373457,1.1560058767432013
2013-01-10,1.4867260327526204,1.155620922046855
2013-01-11,1.4874748301288845,1.1562029565947956
2013-01-14,1.488095097757866,1.1566850859404372
2013-01-15,1.487465814100269,1.1561959485038142
2013-01-16,1.486972803337733,1.1558127349598055
2013-01-17,1.486850002583838,1.155717282860819
2013-01-18,1.4866970053125281,1.1555983592367978
2013-01-21,1.487067484003369,1.1558863295264656
2013-01-22,1.4865778095638011,1.1555057092811145
2013-01-24,1.4872858446250548,1.1563428556306996
2013-01-25,1.4869482010044026,1.1560803426847843
2013-01-28,1.4866466217299332,1.155845869237263
2013-01-29,1.4880492189704875,1.1569363679496012
2013-01-30,1.4887666372951789,1.1574941501387166
2013-01-31,1.4890292844762558,1.1576983544565935
2013-02-01,1.4896654657430597,1.158192976028777
2013-02-04,1.4897272518083842,1.158241013785254
2013-02-05,1.4899409191423245,1.1584071369928246
2013-02-06,1.4888627524252842,1.1575688782378355
2013-02-07,1.4884061411107883,1.1572138696608187
2013-02-08,1.4884149145829995,1.1572206909063427
2013-02-11,1.4885930627449657,1.1573591984804434
2013-02-12,1.489983905431944,1.1584405582003694
2013-02-13,1.4900737883931698,1.158510440879904
2013-02-14,1.4892532802184066,1.1578725078495435
2013-02-15,1.4902501747199968,1.1586475786531132
2013-02-18,1.4913106731016788,1.1594721005373883
2013-02-19,1.4919105448032324,1.159938491956962
2013-02-20,1.4933069848266953,1.161024203523628
2013-02-22,1.4939932317991917,1.1621483753300461
2013-02-25,1.4951336079287143,1.163035451816058
2013-02-26,1.4958850851548793,1.163620011383596
2013-02-27,1.4954027379057737,1.163244802808375
2013-02-28,1.4956007943714176,1.1633988670938569
2013-03-01,1.4947350223429996,1.162725399815146
2013-03-04,1.4947641855291636,1.1627480852923615
2013-03-05,1.4945519134207195,1.1625829629339026
2013-03-06,1.4955782047555841,1.163381295069579
2013-03-07,1.4951755448438502,1.1630680737294339
2013-03-08,1.4967003590951948,1.164254197178431
2013-03-11,1.4967066427728457,1.1642590851294723
2013-03-12,1.496975069927046,1.164467889409511
2013-03-13,1.4967573768267375,1.164298550166562
2013-03-14,1.4984520804718708,1.1656168272818377
2013-03-15,1.499524999329667,1.166451430063771
2013-03-18,1.4992216360383372,1.1662154496398642
2013-03-19,1.5005131777562566,1.167220114906884
2013-03-20,1.5004896012479814,1.1672017751981056
2013-03-21,1.5020558563318087,1.1684201346673988
2013-03-25,1.5030034277405218,1.1686601309216587
2013-03-26,1.5032128403862588,1.1688229596986706
2013-03-27,1.5028060989897594,1.1685066979757024
2013-03-28,1.503415937724001,1.1689808780087256
2013-03-29,1.5024191674632639,1.1682058394147263
2013-04-01,1.5026190318160264,1.168361243917707
2013-04-02,1.5035708226861708,1.1691013087920665
2013-04-03,1.5041647654525316,1.1695631289172133
2013-04-04,1.5057197588156288,1.170772213815996
2013-04-05,1.5053823161309792,1.1705098352979282
2013-04-08,1.5060216600320357,1.17100695706979
2013-04-09,1.50587173225849,1.1708903807478557
2013-04-10,1.5059079625606313,1.1709185516148426
2013-04-11,1.5055578723335525,1.1706463390017101
2013-04-12,1.5057701626624516,1.1708114053209118
2013-04-15,1.5064907683652846,1.1713717121967795
2013-04-16,1.5059558576783785,1.1709557924577734
2013-04-17,1.5058674537525827,1.170887053996112
2013-04-18,1.5059337675885325,1.1709386163111226
2013-04-19,1.5058417324207474,1.1708670543776978
2013-04-23,1.5055328344987584,1.1714660154544119
2013-04-24,1.5055178562703675,1.1714543607862906
2013-04-25,1.5067014299526327,1.1723753080507995
2013-04-26,1.5064170894542444,1.1721540606471914
2013-04-29,1.5067836305066729,1.1724392688979512
2013-04-30,1.5068602033828729,1.1724988508081684
2013-05-01,1.5071873371960427,1.172753396000311
2013-05-02,1.5067718298392592,1.1724300867130677
2013-05-03,1.5066743551449597,1.172354240946624
2013-05-06,1.5077196751136577,1.1731676119941
2013-05-07,1.5071864652091491,1.172752717500986
2013-05-08,1.5070414526951288,1.172639882212311
2013-05-09,1.5075485390894843,1.1730344498127476
2013-05-10,1.5066587330868633,1.1723420853099404
2013-05-13,1.5062527530822416,1.1720261893244992
2013-05-14,1.5062814080495406,1.1720484859623377
2013-05-15,1.5067728552973645,1.1724308846294553
2013-05-16,1.5064486791912348,1.1721786408506076
2013-05-17,1.5072881091909316,1.1728318074202526
2013-05-20,1.507733908370967,1.1731786869948204
2013-05-22,1.5066029652535016,1.1728064262805362
2013-05-23,1.5074928162521206,1.1734991256802332
2013-05-24,1.5067169170194357,1.172895131378333
2013-05-27,1.506350077607243,1.172609567344573
2013-05-28,1.5082953553400844,1.1741238576244895
2013-05-29,1.5084808017934774,1.1742682173511636
2013-05-30,1.5098597802156877,1.175341675184826
2013-05-31,1.509475365729206,1.1750424299354147
2013-06-03,1.5090758740472432,1.1747314479297655
2013-06-04,1.5096682374487849,1.1751925698179098
2013-06-05,1.5101720127984564,1.1755847308458134
2013-06-06,1.5091783139008972,1.1748111916455575
2013-06-07,1.5099921057396215,1.1754446832290217
2013-06-10,1.5109989926381053,1.1762284885528622
2013-06-11,1.5107236139694478,1.1760141216096722
2013-06-12,1.5102935292293795,1.1756793246136286
2013-06-13,1.510775615727072,1.1760546020792624
2013-06-14,1.5103395498588297,1.1757151491083397
2013-06-17,1.5099856788120527,1.1754396802241638
2013-06-18,1.5101215203227178,1.1755454252680393
2013-06-20,1.5093811210073038,1.175687458308998
2013-06-21,1.508752796989368,1.1751980440335972
2013-06-24,1.5091360648147525,1.1754965790882672
2013-06-25,1.5101326854205976,1.1762728670189144
2013-06-26,1.509239005166952,1.175576761408922
2013-06-27,1.5102740253181797,1.1763829595214859
2013-06-28,1.5108678614528839,1.1768455104876703
2013-07-01,1.5114250617327603,1.1772795250461534
2013-07-02,1.5111567349376067,1.177070519882779
2013-07-03,1.511352791548891,1.177223232339426
2013-07-04,1.5114928614886778,1.1773323356462064
2013-07-05,1.5119589510420828,1.17769538221858
2013-07-08,1.512293830424284,1.1779562265369703
2013-07-09,1.5124665611763517,1.1780907700104801
2013-07-10,1.5138595471559424,1.1791757949409047
2013-07-11,1.5147716840280716,1.1798862767840246
2013-07-12,1.5154807100173913,1.1804385514558464
2013-07-15,1.5166395954222922,1.1813412307176954
2013-07-16,1.5161772256517565,1.180981081559372
2013-07-17,1.5165339093638177,1.181258909710935
2013-07-19,1.5159119499355063,1.180124275812344
2013-07-22,1.5174586811585817,1.1813283926243963
2013-07-23,1.517906901325959,1.181677328128502
2013-07-24,1.5181784726126901,1.1818887440145622
2013-07-25,1.518900370463838,1.1824507352165134
2013-07-26,1.519071150639184,1.182583686098497
2013-07-29,1.519678043532998,1.1830561469408556
2013-07-30,1.5201603601499458,1.1834316262345652
2013-07-31,1.5201925944151955,1.1834567203298627
2013-08-01,1.5197805120246672,1.1831359177709029
2013-08-02,1.5202928789831511,1.1835347909942828
2013-08-05,1.5197114078781628,1.1830821207935436
2013-08-06,1.5199787550465742,1.1832902482402106
2013-08-07,1.520273447207966,1.1835196635262137
2013-08-08,1.5201782378876216,1.183445543897942
2013-08-09,1.5205857217517278,1.1837627665440555
2013-08-12,1.5208268823606943,1.1839505079818238
2013-08-13,1.521634940049155,1.1845795738681701
2013-08-14,1.5222429407248732,1.1850528971091117
2013-08-15,1.52321699491479,1.1858111898289008
2013-08-19,1.523605741686781,1.186933257111704
2013-08-20,1.5245381859180527,1.187659658331007
2013-08-21,1.5244881585922776,1.1876206855868763
2013-08-22,1.524237356101284,1.1874253031402355
2013-08-23,1.5247906021620834,1.187856297938274
2013-08-26,1.5248759074134464,1.1879227532141232
2013-08-27,1.5250400773059776,1.1880506463428575
2013-08-28,1.5245508736810027,1.187669542467954
2013-08-29,1.5248149789481602,1.1878752881647512
2013-08-30,1.5249142865116863,1.1879526516496783
2013-09-02,1.5259234431304698,1.1887388140535706
2013-09-03,1.5266063936261762,1.189270852384837
2013-09-04,1.5269916916059145,1.1895710107352138
2013-09-05,1.5271744204621032,1.1897133618372804
2013-09-06,1.5274523664442508,1.1899298898542503
2013-09-09,1.5279739009718292,1.1903361804441175
2013-09-10,1.5288575828129385,1.1910245943409812
2013-09-11,1.5286107450181692,1.190832300508195
2013-09-12,1.5283332945450812,1.1906161585072172
2013-09-13,1.5282773786507073,1.1905725983966076
2013-09-17,1.528719025952747,1.1906623321490848
2013-09-18,1.5290145195764588,1.1908924811307948
2013-09-19,1.5296062326595337,1.1913533444205795
2013-09-20,1.5290676324683676,1.190933848784807
2013-09-23,1.5304229018430862,1.1919894176414756
2013-09-24,1.530455264928826,1.1920146240440181
2013-09-25,1.5306541017698132,1.192169490656383
2013-09-26,1.5309908882431045,1.1924318011012178
2013-09-27,1.5291202030929183,1.1909747940869635
2013-09-30,1.5289106248422353,1.19081156139051
2013-10-01,1.52982000845024,1.1915198464246746
2013-10-02,1.5302250589698487,1.1918353251935836
2013-10-03,1.5315081644926236,1.1928346883127732
2013-10-04,1.5319821675801775,1.1932038716696174
2013-10-07,1.5327183171132666,1.19377723113267
2013-10-08,1.5325288083765998,1.193629629833457
2013-10-09,1.5326950904452519,1.1937591407457273
2013-10-10,1.532717309029751,1.1937764459739528
2013-10-11,1.5334287156591333,1.1943305341105341
2013-10-14,1.5324173781732657,1.193542840996842
2013-10-16,1.5312819311998507,1.1929594471867606
2013-10-17,1.531120172666197,1.1928334276948869
2013-10-18,1.5316307151226591,1.193231170549561
2013-10-21,1.531181889768211,1.192881508977896
2013-10-22,1.5312958531218495,1.192970293189729
2013-10-23,1.5329441373253676,1.1942544043466439
2013-10-24,1.5330776379508306,1.1943584092520154
2013-10-25,1.5327441378444524,1.1940985928887218
2013-10-28,1.532593768380924,1.1939814461579796
2013-10-29,1.5336416129886772,1.19479777925676
2013-10-30,1.5338087100880993,1.194927957808006
2013-10-31,1.5329131560841538,1.1942302681221915
2013-11-01,1.5330090823299776,1.1943050003572273
2013-11-04,1.5332075302216293,1.194459603035086
2013-11-05,1.532571872584175,1.1939643880336372
2013-11-06,1.5335548817217834,1.1947302104556794
2013-11-07,1.5336955284517595,1.1948397826003134
2013-11-08,1.5343821480943585,1.1953747000264079
2013-11-11,1.5334754371259316,1.1946683184035247
2013-11-12,1.5336853814420115,1.1948318774778843
2013-11-14,1.533959635035756,1.1953775082138456
2013-11-15,1.532441073457084,1.1941941300371832
2013-11-18,1.5319534597796969,1.1938141445347406
2013-11-19,1.5311865432375624,1.193216505089604
2013-11-20,1.5315877379597715,1.193529146398012
2013-11-21,1.5317858873452521,1.1936835594042345
2013-11-22,1.5338880358306974,1.195321712691344
2013-11-25,1.5334820744779754,1.1950053568634824
2013-11-26,1.534743290932622,1.195988192231793
2013-11-27,1.5354988808381171,1.1965770051039395
2013-11-28,1.5361185149574397,1.1970598709321154
2013-11-29,1.5361946669796174,1.1971192143544827
2013-12-02,1.5370649930421791,1.1977974383287233
2013-12-03,1.5379368476188258,1.198476853436887
2013-12-04,1.5379444109148641,1.198482747329898
2013-12-05,1.538057138496108,1.1985705931976096
2013-12-06,1.5378854876421468,1.1984368298537744
2013-12-09,1.5384508833466475,1.1988774290018642
2013-12-10,1.5383592659684588,1.198806033802964
2013-12-11,1.5377865676667064,1.1983597439180993
2013-12-13,1.5383784208643778,1.1995057503300985
2013-12-16,1.5388555540578783,1.1998777810356227
2013-12-17,1.5378713822066454,1.1991104017101875
2013-12-18,1.5381812727099815,1.1993520298009634
2013-12-19,1.538518290996772,1.1996148099904727
2013-12-20,1.53801104758222,1.1992193017173975
2013-12-23,1.5396352254281567,1.2004857070695119
2013-12-24,1.5399486183002582,1.200730066030285
2013-12-25,1.5399736618813913,1.2007495930329852
2013-12-26,1.5409270190559534,1.2014929455121257
2013-12-27,1.5416297447623426,1.2020408754065433
2013-12-30,1.5423684415302747,1.2026168526881194
2013-12-31,1.542111313138828,1.202416364316773
2014-01-01,1.5412190480344863,1.2017206465993626
2014-01-02,1.5411964970180694,1.2017030631013748
2014-01-03,1.5410391911756127,1.2015804084540993
2014-01-06,1.5430784862629463,1.203170489380028
2014-01-07,1.5436799608713332,1.2036394716809058
2014-01-08,1.5440594023488763,1.2039353301173306
2014-01-09,1.5448988754277178,1.2045898847910446
2014-01-13,1.5454462170911876,1.205350879847214
2014-01-14,1.5451629972701897,1.2051299861942
2014-01-15,1.5450131816572887,1.2050131394357504
2014-01-16,1.5468310902993054,1.2064309938760434
2014-01-17,1.5477575360870244,1.207153563340453
2014-01-20,1.547781747288564,1.2071724465553817
2014-01-21,1.5479990496689975,1.2073419287492955
2014-01-22,1.5499286749912315,1.208846915176004
2014-01-23,1.55009259751557,1.2089747644384066
2014-01-24,1.54954184560263,1.2085452125746805
2014-01-27,1.5483811620594066,1.2076399523886083
2014-01-28,1.548203252966941,1.2075011944824678
2014-01-29,1.5478638732824952,1.2072364996669998
2014-01-30,1.5477068152757043,1.2071140042966795
2014-01-31,1.5488742985634023,1.2080245678559098
2014-02-03,1.5486452457160902,1.207845921036638
2014-02-04,1.5487982815917933,1.2079652793976
2014-02-05,1.5481547888211147,1.2074633954958924
2014-02-06,1.5461543376707223,1.205903169376374
2014-02-07,1.5475395860923105,1.206983576048119
2014-02-11,1.5480041593262894,1.2070367844915209
2014-02-12,1.5480052436620577,1.2070376299887058
2014-02-13,1.5488242962745777,1.2076762759676518
2014-02-14,1.5493717952142976,1.2081031813837195
2014-02-17,1.5503728257563816,1.2088837223657416
2014-02-18,1.5499975833249877,1.20859113179674
2014-02-19,1.551274663670369,1.2095869191428779
2014-02-20,1.5510952177811705,1.2094469984664487
2014-02-21,1.551967794393362,1.2101273791113305
2014-02-24,1.553137524710109,1.2110394616220537
2014-02-25,1.5535828601383141,1.2113867063242352
2014-02-26,1.5530172998005058,1.2109457177600433
2014-02-27,1.5533594729852531,1.21121252299966
2014-02-28,1.553495003416852,1.2113182011500527
2014-03-03,1.5543418205445187,1.2119784961606785
2014-03-04,1.5537713246018507,1.2115336591206392
2014-03-05,1.5535880553943255,1.2113907572598046
2014-03-06,1.5528870430671364,1.2108441517095536
2014-03-07,1.5541626427416604,1.2118387845212033
2014-03-10,1.5544650445003905,1.2120745784913183
2014-03-12,1.5540972858566973,1.2121101421992044
2014-03-13,1.554998976603702,1.2128134112348807
2014-03-14,1.5549443794422777,1.212770828461138
2014-03-17,1.5557526571154847,1.2134012404529249
2014-03-18,1.5564366230217672,1.2139346961248885
2014-03-19,1.5567384272932347,1.2141700868058543
2014-03-20,1.5566118444434633,1.2140713591667078
2014-03-21,1.5570092021266804,1.2143812762370814
2014-03-24,1.5569736729403512,1.2143535654319177
2014-03-25,1.5559215282442214,1.2135329506165866
2014-03-26,1.55592329511224,1.2135343286761615
2014-03-27,1.5559652599414986,1.2135670589277505
2014-03-28,1.5565225979150332,1.2140017517983333
2014-03-31,1.5574933981308305,1.214758922406844
2014-04-01,1.557358861167873,1.214653990998247
2014-04-02,1.5573112255375925,1.2146168378347233
2014-04-03,1.5569642869424694,1.2143462448714022
2014-04-04,1.5576923140780052,1.2149140658712907
2014-04-07,1.5584512239301727,1.215505973686328
2014-04-08,1.5599791673374872,1.2166976852461944
2014-04-10,1.5599495069501044,1.2173216113801277
2014-04-11,1.5615625205626456,1.2185803420770178
2014-04-14,1.5618644764909968,1.2188159762918618
2014-04-15,1.562385775763741,1.2192227771965582
2014-04-16,1.5624922581085425,1.2193058717191565
2014-04-17,1.5633098612515077,1.2199438962007372
2014-04-18,1.5632307258043145,1.219882142092886
2014-04-21,1.5655712614428074,1.2217086016047156
2014-04-22,1.5658583260840913,1.2219326152603762
2014-04-23,1.567856336885103,1.2234917822186697
2014-04-24,1.5668088301775287,1.2226743502777544
2014-04-25,1.5661233868200053,1.2221394579567064
2014-04-28,1.5660527089146683,1.2220843037730418
2014-04-29,1.5650853561498195,1.2213294207327687
2014-04-30,1.566147714444932,1.2221584422529574
2014-05-01,1.5650775517919655,1.2213233305270048
2014-05-02,1.5647281997442677,1.221050710294268
2014-05-05,1.565431777748095,1.221599754161095
2014-05-06,1.5648797075924779,1.221168940901796
2014-05-07,1.5659471680356982,1.222001943932366
2014-05-09,1.5666545441172495,1.2233865252223088
2014-05-12,1.5670507976035328,1.2236959560266374
2014-05-13,1.5678141086751334,1.224292018817286
2014-05-14,1.5674712181275854,1.22402425865467
2014-05-15,1.5679798533039646,1.224421447315931
2014-05-16,1.567855620963567,1.224324435392141
2014-05-19,1.5687590595784475,1.2250299225283834
2014-05-20,1.5703246189152797,1.2262524538160298
2014-05-21,1.5706677212470355,1.2265203793590402
2014-05-22,1.572354714058333,1.227837736961096
2014-05-23,1.572784352917901,1.2281732381049066
2014-05-26,1.573628879862533,1.228832721644612
2014-05-27,1.5719873069995924,1.2275508320741044
2014-05-28,1.5717513321102687,1.2273665613930067
2014-05-29,1.5721311119651336,1.22766312808586
2014-05-30,1.5714721455409995,1.2271485470974177
2014-06-02,1.5720168798751613,1.2275739252682096
2014-06-03,1.5719965629735557,1.22755805998141
2014-06-04,1.5722692913167442,1.2277710311059988
2014-06-05,1.5719615200495354,1.2275306952753795
2014-06-09,1.5722249503797094,1.2274063579056635
2014-06-10,1.572046676032401,1.2272671824859598
2014-06-11,1.5737492937868958,1.228596384046109
2014-06-12,1.5751067616760133,1.2296561336177927
2014-06-13,1.5758564239609483,1.2302413808208656
2014-06-16,1.5754331024015018,1.2299109016655911
2014-06-17,1.5767721381481488,1.2309562616113805
2014-06-18,1.5752233073679887,1.229747118640822
2014-06-19,1.5744106712686374,1.2291127089688685
2014-06-20,1.5752309177011383,1.229753059884339
2014-06-23,1.5757081812104659,1.2301256505022422
2014-06-24,1.5761715050822016,1.2304873587080563
2014-06-25,1.5774711858102073,1.2315019949332455
2014-06-26,1.5782826608573086,1.2321354981936112
2014-06-27,1.5784948448693705,1.2323011462488642
2014-06-30,1.5795003478793288,1.2330861234793922
2014-07-01,1.5795544275766253,1.2331283424788295
2014-07-02,1.5802771039229755,1.2336925222687534
2014-07-03,1.5817231110881755,1.2348213927829346
2014-07-04,1.582781136226989,1.2356473730486022
2014-07-08,1.5810034463684284,1.2345116133033607
2014-07-09,1.5813350496982879,1.2347705426324913
2014-07-10,1.5826054567808585,1.235762528007766
2014-07-11,1.582788734056633,1.2359056383380551
2014-07-14,1.5841435952722422,1.2369635689256995
2014-07-15,1.5835450073100918,1.2364961671673063
2014-07-16,1.5843015809673573,1.237086930564033
2014-07-17,1.5844959811454085,1.2372387261075428
2014-07-18,1.5843599178458991,1.237132482364827
2014-07-21,1.585497085253979,1.2380204287983212
2014-07-22,1.5872070466316037,1.2393556359946287
2014-07-23,1.5878970943659376,1.2398944532525706
2014-07-24,1.5865212669845659,1.238820151432353
2014-07-25,1.5874014159638776,1.2395074074525048
2014-07-28,1.5896582210564911,1.241269612400377
2014-07-29,1.5895743354448408,1.2412041111125658
2014-07-30,1.588679524783425,1.240505406656378
2014-07-31,1.588259469815808,1.2401774107010626
2014-08-01,1.5881595099836763,1.2400993580099606
2014-08-04,1.5887620840816934,1.2405698723049083
2014-08-06,1.5904142145597817,1.2412145985225433
2014-08-07,1.5908111068311355,1.2415243470627255
2014-08-08,1.5900675661653434,1.240944062052363
2014-08-11,1.5897436714849134,1.2406912833724109
2014-08-12,1.5901394200796197,1.2410001393475383
2014-08-13,1.590354348644609,1.2411678770790437
2014-08-14,1.5922634574927501,1.2426578120599991
2014-08-15,1.5926011260196453,1.2429213403290544
2014-08-18,1.5918880665367694,1.2423648438945671
2014-08-19,1.5927229138797705,1.243016387813242
2014-08-20,1.5929356453871644,1.2431824108845437
2014-08-21,1.5927470380197728,1.2430352151316058
2014-08-22,1.5929735129928142,1.2432119640817634
2014-08-25,1.592801366304358,1.2430776148154887
2014-08-26,1.5932539791422493,1.2434308496248399
2014-08-27,1.5935184981101176,1.2436372894324688
2014-08-28,1.5932203448865878,1.243404600281269
2014-08-29,1.5934973631070324,1.2436207949405753
2014-09-01,1.5938384262187493,1.243886972461755
2014-09-02,1.5938398665430695,1.2438880965409769
2014-09-04,1.5953265896106694,1.2444562070434235
2014-09-05,1.5944346217101752,1.2437604153494328
2014-09-08,1.5951711206041528,1.244334931330085
2014-09-09,1.5955854770417461,1.244658155705614
2014-09-10,1.5945971752446515,1.243887217445175
2014-09-11,1.5961032135685618,1.2450620231259935
2014-09-12,1.5969935395238093,1.2457565339982595
2014-09-15,1.597165371781943,1.2458905740886066
2014-09-16,1.5976007405067725,1.2462301893846188
2014-09-17,1.596281242363439,1.2452008969091173
2014-09-18,1.596979564835543,1.245745632852583
2014-09-19,1.5974243715892904,1.2460926104114358
2014-09-22,1.5973897287520873,1.2460655867950379
2014-09-23,1.5982215347487094,1.246714448377546
2014-09-24,1.5988538244231916,1.2472076745389997
2014-09-25,1.5988961747047006,1.2472407104521708
2014-09-26,1.5992007813297062,1.247478322993492
2014-09-29,1.599216259088397,1.2474903966296986
2014-09-30,1.599527413834172,1.2477331171216985
2014-10-01,1.600807296558945,1.2487315070510736
2014-10-03,1.5997453581061067,1.2477637327554367
2014-10-06,1.600215905957187,1.2481307490059474
2014-10-07,1.6002609816337094,1.2481659069728759
2014-10-08,1.600464774434304,1.2483248605615143
2014-10-09,1.6009740523808047,1.2487220853750234
2014-10-10,1.5995925762401024,1.2476445664953462
2014-10-13,1.6003555321675276,1.2482396541642107
2014-10-14,1.5994482793934717,1.2475320183506904
2014-10-15,1.600476561426585,1.248334054138112
2014-10-16,1.6000093543805873,1.2479696436369472
2014-10-17,1.6000742212247292,1.2480202382488763
2014-10-20,1.6005044445022316,1.2483558022809482
2014-10-21,1.6010700293234996,1.2487969451317147
2014-10-22,1.6020721562321005,1.2495785805375212
2014-10-23,1.6018893394114135,1.2494359877195862
2014-10-24,1.6025658569560846,1.2499636554840439
2014-10-27,1.604240282021191,1.2512696676308332
2014-10-28,1.605531001099088,1.2522763981372946
2014-10-29,1.6059205474023444,1.2525802350867
2014-10-30,1.6059433326327284,1.252598007030198
2014-11-03,1.605254408599893,1.251891312409595
2014-11-04,1.6069037615402089,1.2531775948867006
2014-11-05,1.6075244390017442,1.2536616432205607
2014-11-06,1.6089106384250855,1.2547426999091773
2014-11-07,1.6085952099485346,1.2544967063972672
2014-11-10,1.6092831522472948,1.2550332126249675
2014-11-11,1.608781492767562,1.2546419829599993
2014-11-12,1.6094701911072589,1.2551790788020778
2014-11-13,1.609045139371404,1.2548475932926217
2014-11-14,1.6093926745675895,1.2551186259031104
2014-11-17,1.6086920651049734,1.2545722409220494
2014-11-18,1.609113646481002,1.2549010199986221
2014-11-19,1.6092714121519447,1.2550240568654212
2014-11-20,1.6104095333763573,1.255911644568453
2014-11-21,1.6108717009884803,1.2562720756723293
2014-11-24,1.6099122552552505,1.2555238317978854
2014-11-25,1.6095845885660236,1.255268294059187
2014-11-26,1.6100926381493545,1.2556645071804455
2014-11-27,1.610343388724304,1.255860060274509
2014-11-28,1.6118561344652216,1.2570398067625383
2014-12-02,1.6124833174422961,1.2580263297506145
2014-12-03,1.6146598596637374,1.259724423239563
2014-12-04,1.615496872722084,1.2603774436177306
2014-12-05,1.6160139290246103,1.2607808403136873
2014-12-08,1.6165205069714308,1.2611760620119694
2014-12-09,1.6176658268691106,1.2620696170470405
2014-12-10,1.6174751978850244,1.2619208922332084
2014-12-11,1.6178040483500058,1.2621774546044418
2014-12-12,1.6179897169505,1.2623223094289866
2014-12-15,1.6187807355062196,1.2629394458419048
2014-12-16,1.6186530172313134,1.262839802669858
2014-12-17,1.618422301223855,1.2626598027846263
2014-12-18,1.6188181886567348,1.2629686660198567
2014-12-19,1.6197096189775477,1.2636641416273189
2014-12-22,1.6197668548540698,1.2637087958813458
2014-12-23,1.6206936007746593,1.264431823993624
2014-12-24,1.6215782550539892,1.2651220130728444
2014-12-25,1.62121162836211,1.2648359784661083
2014-12-26,1.6228076697482694,1.266081177139137
2014-12-29,1.6220921151147036,1.265522916126658
2014-12-31,1.622921188497994,1.2664638782182447
2015-01-01,1.6231092815071033,1.2666106586062702
2015-01-02,1.6239830338183059,1.267292500551825
2015-01-05,1.6248294813736772,1.26795303493962
2015-01-06,1.6235381941148965,1.2669453651394846
2015-01-07,1.6239548942966706,1.2672705415756567
2015-01-08,1.623849373663236,1.2671881974226573
2015-01-09,1.623295689088123,1.2667561237524896
2015-01-12,1.6246633770579115,1.26782341366323
2015-01-13,1.6248735859693735,1.2679874524317991
2015-01-14,1.6257705137083995,1.2686873795699123
2015-01-15,1.6251333942310326,1.268190196582893
2015-01-16,1.6272091096724024,1.2698100032910595
2015-01-19,1.6277264706833352,1.2702137314800737
2015-01-20,1.628005713260488,1.2704316414067731
2015-01-21,1.6278763788469364,1.2703307139161872
2015-01-22,1.6280651292597306,1.2704780073161976
2015-01-23,1.629230647388014,1.2713875318324472
2015-01-26,1.629869116065516,1.2718857676821982
2015-01-27,1.6297396868518395,1.2717847662133226
2015-01-29,1.6292755324099775,1.2724192032799688
2015-01-30,1.6290971831520424,1.2722799174340989
2015-02-02,1.6311968268680144,1.2739196812009412
2015-02-03,1.631799802027085,1.2743905881508342
2015-02-04,1.6320994035502623,1.2746245686678428
2015-02-05,1.6332038037255876,1.2754870747100904
2015-02-06,1.6338106016347826,1.2759609671222767
2015-02-09,1.6335327113086382,1.2757439424506616
2015-02-10,1.6323323841228552,1.2748065200619818
2015-02-11,1.632277446244509,1.2747636150959374
2015-02-12,1.6326732040009304,1.275072690976045
2015-02-13,1.6325991986574293,1.2750148948462052
2015-02-16,1.6328818051106841,1.275235602682872
2015-02-17,1.633800812885295,1.2759533223792137
2015-02-18,1.6346499756217232,1.276616495029295
2015-02-19,1.635458227069325,1.2772477170924448
2015-02-20,1.6353413973061177,1.2771564762732814
2015-02-23,1.6347555765056554,1.2766989664037958
2015-02-24,1.6344136424272468,1.2764319253300374
2015-02-25,1.6342497071855064,1.2763038964328157
2015-02-27,1.6337665984957264,1.2761446909383003
2015-03-02,1.6349389099742009,1.2770603903232423
2015-03-03,1.6339076575204339,1.2762548729714347
2015-03-04,1.6343772128160479,1.2766216453721875
2015-03-05,1.6351526568893342,1.27722734929474
2015-03-06,1.6360864445783894,1.277956736346078
2015-03-09,1.6357694511374967,1.2777091309065802
2015-03-10,1.6350016642904337,1.2771094080884287
2015-03-11,1.6347653022135726,1.2769247842812073
2015-03-12,1.634255418991045,1.2765265114997546
2015-03-13,1.6347829956593285,1.2769386047356628
2015-03-16,1.6355082233130283,1.2775050843177786
2015-03-17,1.6362329821327581,1.2780711976909256
2015-03-18,1.6368931190361433,1.278586834505464
2015-03-19,1.636206524758391,1.2780505316803306
2015-03-20,1.637023200182421,1.2786884416532456
2015-03-23,1.6363022886964114,1.2781253334550766
2015-03-24,1.6354705380729084,1.2774756481552638
2015-03-25,1.6339870301311836,1.2763168713841264
2015-03-26,1.634887652403091,1.2770203527332333
2015-03-30,1.6345322643542168,1.2764973809405282
2015-03-31,1.6353511821199345,1.2771369194837194
2015-04-01,1.637112747354139,1.2785126239937226
2015-04-02,1.6387867981089983,1.2798199835673092
2015-04-03,1.6379012118269989,1.2791283798625541
2015-04-06,1.6390366308824498,1.2800150919098845
2015-04-07,1.638935833432604,1.2799363735611926
2015-04-08,1.6392354798946907,1.280170384190657
2015-04-09,1.6397007778869341,1.2805337613361614
2015-04-10,1.6402284696594593,1.280945865263543
2015-04-13,1.639575181436715,1.280435676065374
2015-04-14,1.6384853473066132,1.279584563827902
2015-04-15,1.6396886908526398,1.280524321897151
2015-04-16,1.6401778086613217,1.2809063012654203
2015-04-17,1.6411664173038185,1.2816783608756483
2015-04-20,1.6406148497555735,1.2812476110237787
2015-04-21,1.640049285276437,1.280805930188157
2015-04-22,1.6394473772304416,1.280335866634787
2015-04-23,1.6387698680195166,1.2798067619164715
2015-04-24,1.6401247172362234,1.280864839211372
2015-04-28,1.6395158691756462,1.2794770511529956
2015-04-29,1.6391814412575223,1.2792160638368317
2015-04-30,1.6382341650087566,1.2784768101070052
2015-05-01,1.639801508751603,1.2796999640806526
2015-05-04,1.6408116522092322,1.2804882793368257
2015-05-05,1.6420401088596015,1.281446966057726
2015-05-06,1.6425071359508456,1.281811433676947
2015-05-07,1.6439046614776847,1.2829020616321922
2015-05-08,1.643816565757608,1.2828333117931319
2015-05-11,1.6438122474383927,1.2828299417798008
2015-05-12,1.643873430331016,1.2828776888669176
2015-05-13,1.6443643950863054,1.283260837422615
2015-05-14,1.6458556866190543,1.284424640304066
2015-05-15,1.6469010769018546,1.2852404621582416
2015-05-18,1.6463284347096754,1.2847935725872468
2015-05-19,1.6461355722322673,1.2846430628431744
2015-05-20,1.646423372446727,1.2848676619316255
2015-05-21,1.6469815490000348,1.2853032625280432
2015-05-22,1.6491339028630119,1.2869829579951106
2015-05-25,1.6497544418275454,1.287467226174147
2015-05-27,1.6509516257647587,1.2875159753482994
2015-05-28,1.650562108391736,1.287212205187735
2015-05-29,1.6503659020308892,1.2870591911199014
2015-06-01,1.6511140549436532,1.2876426478439837
2015-06-02,1.6509558445798709,1.2875192654458223
2015-06-03,1.650505843797276,1.2871683265161356
2015-06-04,1.6512952936858034,1.2877839892208167
2015-06-05,1.6497586356121154,1.286585606550092
2015-06-08,1.6515347322203555,1.2879707184583902
2015-06-09,1.6516016578727586,1.2880229112938946
2015-06-10,1.6520651617894808,1.288384380817352
2015-06-11,1.6525853869188751,1.2887900851120266
2015-06-12,1.6528858972061353,1.2890244419457255
2015-06-15,1.653903610967759,1.2898181191837337
2015-06-16,1.6535374341441018,1.2895325514524305
2015-06-17,1.6555599896112454,1.291109867489034
2015-06-18,1.6555651940624343,1.2911139262475972
2015-06-19,1.6555784061622278,1.2911242298744792
2015-06-22,1.65527796080112,1.2908899236742801
2015-06-23,1.6555578498915993,1.2911081988009971
2015-06-25,1.6560052663422702,1.2913807329522247
2015-06-26,1.6570678273773416,1.2922093359018445
2015-06-29,1.6581513065052647,1.2930542511317618
2015-06-30,1.656973663836125,1.292135905590151
2015-07-01,1.656563451667788,1.291816015248387
2015-07-02,1.6577313086836807,1.292726729773165
2015-07-03,1.6575028310803248,1.2925485590989034
2015-07-06,1.6582483227090963,1.2931299059976962
2015-07-07,1.6579535969047474,1.2929000738631158
2015-07-08,1.6578613455973408,1.2928281347434791
2015-07-09,1.6571727727707484,1.292291174083046
2015-07-10,1.6586118168689976,1.293413364851468
2015-07-13,1.659435291826091,1.2940555244600591
2015-07-14,1.6602925870254939,1.2947240576618928
2015-07-15,1.6605230565914477,1.2949037817020597
2015-07-16,1.6607013494085785,1.2950428174367559
2015-07-17,1.6619827532004334,1.2960420776453834
2015-07-20,1.6617050584246298,1.295825526593039
2015-07-21,1.6617884864103396,1.2958905851381561
2015-07-22,1.6632725805473312,1.2970479066837761
2015-07-24,1.662928437272187,1.2967380222452427
2015-07-27,1.6636333414128466,1.2972877007405665
2015-07-28,1.6637243649796458,1.2973586801750048
2015-07-29,1.6636678461775303,1.2973146072744324
2015-07-30,1.6645979922556777,1.2980399275941417
2015-07-31,1.665345159266763,1.298622562330866
2015-08-03,1.6678563661613557,1.300580780970319
2015-08-04,1.668545790319395,1.3011183883015462
2015-08-05,1.6702536908213532,1.302450195172763
2015-08-06,1.6697605411238392,1.3020656410638236
2015-08-07,1.6697310050269973,1.3020426090565855
2015-08-10,1.6695715879074018,1.3019182968879177
2015-08-11,1.6699987667058094,1.302251407428201
2015-08-12,1.6700124438545112,1.302262072757123
2015-08-13,1.669389668454067,1.3017764375830685
2015-08-14,1.672055690589008,1.3038553798833135
2015-08-17,1.671292223526143,1.303260034499255
2015-08-18,1.6710779346514895,1.303092933783867
2015-08-19,1.6723099017200294,1.3040536116483639
2015-08-20,1.6730211616690893,1.3046082463512012
2015-08-24,1.6738844176527745,1.3043034147977577
2015-08-25,1.6750263015795046,1.3051931794011138
2015-08-26,1.6737761181124013,1.3042190269757312
2015-08-27,1.6730711142462737,1.303669682624151
2015-08-28,1.6736967432649907,1.304157177493512
2015-08-31,1.673900554796803,1.3043159889825937
2015-09-01,1.6744150677621383,1.3047169013816622
2015-09-02,1.674388293821634,1.3046960389244582
2015-09-03,1.6741531909317942,1.3045128449722276
2015-09-04,1.6743145147192184,1.3046385496891164
2015-09-07,1.6746939064502215,1.304934174599101
2015-09-08,1.673952428454977,1.3043564093298892
2015-09-09,1.6746089173977103,1.3048679504857505
2015-09-10,1.6763318371472067,1.3062104626024724
2015-09-11,1.6767100550252598,1.306505172837349
2015-09-14,1.6757115370802658,1.3057271200926923
2015-09-15,1.6776048671084172,1.307202417189083
2015-09-16,1.6783181923623025,1.307758245629023
2015-09-17,1.6782576798897406,1.3077110938521335
2015-09-18,1.678207072592468,1.3076716602628424
2015-09-22,1.6781217594253468,1.3082678965430112
2015-09-23,1.6768443173120087,1.3072719994949065
2015-09-24,1.6774099937541564,1.307713002255842
2015-09-25,1.6786144688940687,1.308652014070021
2015-09-28,1.679759437122798,1.3095446341482693
2015-09-29,1.6797954742125372,1.3095727287530414
2015-09-30,1.6790587839292626,1.3089984031763124
2015-10-01,1.6789789686818577,1.3089361790109635
2015-10-02,1.679109911239083,1.3090382621541843
2015-10-05,1.680105071982717,1.309814091944534
2015-10-06,1.6815159218172928,1.3109139939838534
2015-10-07,1.6812036145646652,1.3106705184731071
2015-10-08,1.6802150115655552,1.3098998011166951
2015-10-09,1.6812582429075746,1.3107131068650806
2015-10-12,1.6806112737490864,1.3102087281003396
2015-10-13,1.6803340151586759,1.3099925766138116
2015-10-14,1.6794982084590129,1.309340979632399
2015-10-15,1.680983245797122,1.3104987184339512
2015-10-16,1.6820804999402486,1.3113541404924154
2015-10-19,1.6817509472122119,1.3110972203661568
2015-10-21,1.680636790617673,1.3099148184146738
2015-10-22,1.6803779949392925,1.309713108981711
2015-10-23,1.681254957754979,1.3103966276300465
2015-10-26,1.6824506735194058,1.3113285873533957
2015-10-27,1.6819211954159712,1.3109159037696572
2015-10-28,1.6834261498096406,1.3120888889573616
2015-10-29,1.68207878417632,1.3110387309346634
2015-10-30,1.6832619005042813,1.311960870458537
2015-11-02,1.6830968369350194,1.3118322173095858
2015-11-03,1.6830898043075717,1.3118267359688478
2015-11-04,1.6835984702503288,1.3122231982263446
2015-11-05,1.6849295234536121,1.3132606420838233
2015-11-06,1.6855326753615494,1.3137307481926344
2015-11-09,1.6857519530379474,1.3139016566716495
2015-11-10,1.6862157420017083,1.3142631411040022
2015-11-11,1.6872230795880447,1.3150482759046056
2015-11-12,1.687331687145273,1.3151329263474612
2015-11-13,1.6877649517425575,1.31547061960721
2015-11-16,1.6893358666056342,1.3166950154249735
2015-11-17,1.6889873441196686,1.316423371503178
2015-11-19,1.689806327865947,1.3180307794672281
2015-11-20,1.6908930622201992,1.318878420587035
2015-11-23,1.6922393673312504,1.3199285241081649
2015-11-24,1.693558399509918,1.320957355035072
2015-11-25,1.6947134248356723,1.3218582623788921
2015-11-26,1.6935181860520472,1.3209259889700096
2015-11-27,1.6942906052184037,1.3215284676204442
2015-11-30,1.69415562467686,1.3214231842483501
2015-12-01,1.6947767149597706,1.3219076279956627
2015-12-02,1.694845305160994,1.3219611276156438
2015-12-03,1.6950130737431115,1.3220919853070916
2015-12-04,1.69613831608724,1.3229696622452496
2015-12-07,1.6952447779910413,1.3222727121309108
2015-12-08,1.6936870799054238,1.3210577243609491
2015-12-09,1.6949920401420708,1.3220755793242773
2015-12-10,1.696062567377835,1.3229105790658022
2015-12-11,1.6961339049907838,1.3229662216374094
2015-12-14,1.6971807111192148,1.3237827191700877
2015-12-15,1.6969056062540322,1.323568140331133
2015-12-16,1.6978838198779134,1.3243311364472607
2015-12-18,1.6974613030897774,1.3228265352653275
2015-12-21,1.6970536176287763,1.3225088272004235
2015-12-22,1.6961353022560752,1.3217931867669481
2015-12-23,1.6955000311630193,1.3212981218971618
2015-12-24,1.6965113027384475,1.322086202822424
2015-12-25,1.697272171527398,1.3226791456023548
2015-12-28,1.697826119411862,1.3231108355380188
2015-12-29,1.6976968208724679,1.3230100735715633
2015-12-30,1.697856910405358,1.3231348308674968
2015-12-31,1.699483894988799,1.324402735105152
2016-01-01,1.700199162121412,1.3249601406501865
2016-01-04,1.700587855118146,1.3252630479442824
2016-01-05,1.7006977890034496,1.3253487190935096
2016-01-06,1.6996359800776952,1.3245212545617333
2016-01-07,1.7014773774047907,1.325956250011594
2016-01-08,1.700959441909811,1.3255526244237426
2016-01-11,1.6999535962534245,1.3247687719010208
2016-01-12,1.6985029257960156,1.3236382687363872
2016-01-13,1.6994644982395701,1.3243876192762778
2016-01-14,1.699901346897836,1.3247280541339073
2016-01-18,1.7002365136942434,1.3246133243791762
2016-01-19,1.7008454559306463,1.3250877366116036
2016-01-20,1.7013266401605245,1.3254626156576916
2016-01-21,1.7033599512916888,1.3270467193957634
2016-01-22,1.7034155048173472,1.3270899998098178
2016-01-25,1.7037730619393616,1.3273685639532369
2016-01-26,1.7048905749297782,1.3282391914132108
2016-01-27,1.704484774059776,1.3279230417274934
2016-01-28,1.7057187519813326,1.3288844042107237
2016-01-29,1.7063286327335319,1.3293595476182078
2016-02-01,1.7054174491402954,1.3286496664229532
2016-02-02,1.7067213653798172,1.3296655161655238
2016-02-03,1.707721072896485,1.3304443642177768
2016-02-04,1.708338647761507,1.330925501923279
2016-02-05,1.7082594282491428,1.3308637839088833
2016-02-08,1.7088709226133265,1.331340184442607
2016-02-09,1.7109682954139085,1.3329741970846511
2016-02-10,1.711037491914661,1.3330281064120646
2016-02-11,1.7121846184246232,1.3339218050519928
2016-02-12,1.712508074091656,1.3341738015730336
2016-02-16,1.7119986008115395,1.3334960797578954
2016-02-17,1.7136860599194195,1.3348104617346346
2016-02-18,1.7130841738399543,1.334341645506019
2016-02-19,1.7127821040848243,1.3341063597796825
2016-02-22,1.7120369611783104,1.33352595910399
2016-02-23,1.7124440773117948,1.3338430667042829
2016-02-24,1.712573314224588,1.3339437308733353
2016-02-25,1.7127462113949594,1.334078402536491
2016-02-26,1.7122937378963852,1.333725965544862
2016-02-29,1.7126905912124077,1.3340350793145253
2016-03-01,1.7137352249998061,1.3348487570007208
2016-03-02,1.7126820259084634,1.3340284076973719
2016-03-03,1.7128346841604325,1.3341473150261787
2016-03-04,1.7129857040243437,1.3342649461950333
2016-03-07,1.7145670285527377,1.3354966586850079
2016-03-08,1.7158595175686622,1.3365033937577167
2016-03-09,1.7157400782575578,1.3364103610571927
2016-03-10,1.7156751015266747,1.3363597499084061
2016-03-11,1.7162763670249919,1.3368280827589818
2016-03-14,1.7162423297113454,1.3368015706904022
2016-03-16,1.7163840056440942,1.3363919903191148
2016-03-17,1.7175974477482463,1.337336787231328
2016-03-18,1.717808771884925,1.3375013261006543
2016-03-21,1.7195330039866805,1.3388438286890376
2016-03-22,1.7199924061549665,1.339201523340126
2016-03-23,1.7203862893366022,1.3395082043202147
2016-03-24,1.7204587819053916,1.3395646476848517
2016-03-25,1.7217861092429612,1.340598116661856
2016-03-28,1.7226511756943204,1.3412716651643406
2016-03-29,1.7231470274169558,1.3416577397655587
2016-03-30,1.7252950762779793,1.3433302298862113
2016-03-31,1.723808146354638,1.342172492903587
2016-04-01,1.7232273907364883,1.3417203113673597
2016-04-04,1.7228517729893633,1.3414278520185026
2016-04-05,1.7232497257531019,1.3417377016117387
2016-04-06,1.7249544037217563,1.343064979176603
2016-04-07,1.7238533950452026,1.3422077239401409
2016-04-08,1.7226896993642655,1.3413016600394874
2016-04-11,1.7232540422576563,1.341741062480923
2016-04-12,1.723142946895729,1.3416545626351117
2016-04-14,1.7248520616038738,1.3432973865473599
2016-04-15,1.7257849703058241,1.344023926433947
2016-04-18,1.725595070335862,1.3438760342529108
2016-04-19,1.7258512852815973,1.344075571868143
2016-04-20,1.725848685470505,1.3440735471614893
2016-04-21,1.7256606528267389,1.3439271092352583
2016-04-22,1.7262627245173625,1.3443959965946628
2016-04-25,1.7267648247934162,1.3447870272248377
2016-04-26,1.7279639367655033,1.345720883532946
2016-04-27,1.7292552033088489,1.3467265088915632
2016-04-28,1.7302404260542483,1.347493790427483
2016-04-29,1.7293498189775558,1.3468001946199393
2016-05-02,1.7311009497467316,1.3481639575988635
2016-05-03,1.730666493310639,1.3478256073089094
2016-05-04,1.7295734186305143,1.3469743317741558
2016-05-05,1.7307163732218425,1.347864453280603
2016-05-06,1.732837483880029,1.3495163528650056
2016-05-09,1.7333259981302245,1.349896802835288
2016-05-10,1.7334723158222534,1.3500107535778956
2016-05-11,1.7341422021838246,1.3505324543189698
2016-05-13,1.7318092687905409,1.3492648276049524
2016-05-16,1.7313448488670042,1.3489029947637963
2016-05-17,1.7325064639825263,1.3498080173011122
2016-05-18,1.7333256408941347,1.3504462438162015
2016-05-19,1.7333655897540687,1.3504773682550086
2016-05-20,1.7333946050483768,1.3504999742756472
2016-05-23,1.7329665057608485,1.350166439098423
2016-05-24,1.7332645669101647,1.350398660644118
2016-05-25,1.732625417239237,1.3499006946232062
2016-05-26,1.7313244167815292,1.3488870759817555
2016-05-27,1.7313092490235282,1.348875258674415
2016-05-30,1.7318417616195192,1.3492901429974036
2016-05-31,1.7326861582565158,1.34994801837859
2016-06-01,1.7332133438665578,1.3503587524092178
2016-06-02,1.7330836197117239,1.3502576834043554
2016-06-03,1.7334927717429454,1.3505764566404266
2016-06-06,1.7342470187504155,1.3511640958088071
2016-06-07,1.7349204078924865,1.351688738043412
2016-06-08,1.7350750471402991,1.3518092185731108
2016-06-09,1.7365403583576937,1.3529508528874405
2016-06-13,1.7367716975030048,1.3530586171171801
2016-06-14,1.7366509578672864,1.3529645530529333
2016-06-15,1.7370989204382958,1.353313545161523
2016-06-16,1.7367556197664384,1.353046091510023
2016-06-17,1.7377332026920418,1.3538076924753866
2016-06-20,1.7363381547998926,1.3527208590277449
2016-06-21,1.738005058402879,1.3540194858346921
2016-06-22,1.737770260705126,1.3538365630886104
2016-06-23,1.7379208343963244,1.3539538698311606
2016-06-24,1.7383744653288595,1.3543072779636975
2016-06-27,1.7390180196212037,1.3548086488013793
2016-06-28,1.7384097718031846,1.3543347840137985
2016-06-29,1.7400078011710312,1.3555797532919598
2016-06-30,1.7397815762675009,1.3554035093126455
2016-07-01,1.7417179295960887,1.3569120550592144
2016-07-04,1.7422342390890277,1.3573142938851492
2016-07-05,1.7412031944039925,1.3565110427164866
2016-07-06,1.7425851399086074,1.357587668548249
2016-07-07,1.744249036733726,1.3588839528788017
2016-07-08,1.7445367427225276,1.3591080946401535
2016-07-12,1.7462463936334383,1.3590930425745802
2016-07-13,1.7474054493761138,1.3599951286728362
2016-07-14,1.7464241331896553,1.3592313761998496
2016-07-15,1.7455000584761453,1.3585121744202329
2016-07-18,1.7460742769017688,1.3589590851597644
2016-07-19,1.7474227870953734,1.360008622515232
2016-07-20,1.7456745216955092,1.3586479580922777
2016-07-21,1.7448410134478978,1.3579992436471757
2016-07-22,1.7455074549911591,1.3585179310832851
2016-07-25,1.746813368835708,1.3595343159570343
2016-07-26,1.7477061201470334,1.3602291389215344
2016-07-27,1.748957783831706,1.3612033012228477
2016-07-28,1.7487030644153818,1.361005054636457
2016-07-29,1.7489509055271986,1.3611979478799088
2016-08-01,1.7491503085711755,1.3613531420671239
2016-08-02,1.750913497663232,1.362725421509758
2016-08-03,1.7501032474697154,1.3620948086679687
2016-08-04,1.7506601720885797,1.3625282597419388
2016-08-05,1.7504035921405596,1.3623285651149437
2016-08-08,1.7499271180849243,1.3619577282294146
2016-08-10,1.750396279212433,1.3635600782565096
2016-08-11,1.7516946332485037,1.364571497071811
2016-08-12,1.7531194135309371,1.365681402032468
2016-08-15,1.7524630258639613,1.3651700755236211
2016-08-16,1.750838668835768,1.363904700121043
2016-08-17,1.753161782994491,1.3657144078779015
2016-08-18,1.7544024902273212,1.3666809197881375
2016-08-19,1.7547333231783768,1.366938638917222
2016-08-22,1.7554048285522756,1.3674617421316526
2016-08-23,1.7557446010847977,1.3677264252017307
2016-08-24,1.7578930884750317,1.369400098568586
2016-08-25,1.7582245527038594,1.3696583094635513
2016-08-26,1.7593294109217565,1.3705189948843042
2016-08-29,1.7614169278523257,1.3721451722151252
2016-08-30,1.7601856083772094,1.3711859733755323
2016-08-31,1.7597869908370716,1.3708754499982378
2016-09-01,1.7595026173390658,1.3706539228196213
2016-09-02,1.7598949695207684,1.3709595654777669
2016-09-05,1.7595015325119583,1.3706530777384514
2016-09-06,1.7594840525478583,1.3706394608326689
2016-09-08,1.7600214588270542,1.3711375102388157
2016-09-09,1.7593258331049348,1.3705955858685752
2016-09-12,1.759764146523664,1.3709370521425497
2016-09-13,1.7601082627811646,1.3712051345038048
2016-09-14,1.7616296467263677,1.3723903624362719
2016-09-15,1.7621530527193592,1.3727981197317725
2016-09-16,1.7629036178014463,1.3733828443854201
2016-09-19,1.7634071615563172,1.3737751280856485
2016-09-20,1.764201693815765,1.374394105188774
2016-09-21,1.7651861256948274,1.3751610228129245
2016-09-22,1.763954324664192,1.3742013932642139
2016-09-23,1.7639521000380718,1.3741996601783448
2016-09-26,1.7629066809728065,1.3733852307365246
2016-09-27,1.7643772925073893,1.3745309046304102
2016-09-28,1.7645188097075952,1.3746411530257199
2016-09-29,1.7656332749407275,1.375509372601874
2016-09-30,1.7667020321696418,1.3763419835445154
2016-10-03,1.7676587701204662,1.377087326327278
2016-10-04,1.7673564682639809,1.3768518193039045
2016-10-05,1.7683481599375754,1.3776243926412566
2016-10-07,1.7677229768806328,1.3769555318956617
2016-10-10,1.7666189263986596,1.3760955394429257
2016-10-11,1.7679479970865188,1.377130809821748
2016-10-12,1.7667471431422832,1.3761954129846081
2016-10-13,1.7664589432383442,1.3759709216716531
2016-10-14,1.7682299996865196,1.377350473787855
2016-10-17,1.7681854135654982,1.3773157437386396
2016-10-18,1.7681409676452633,1.377281122897853
2016-10-19,1.769823260337146,1.3785915331027614
2016-10-20,1.7712149643878319,1.3796755913044234
2016-10-21,1.7718598265821295,1.3801779022306044
2016-10-24,1.7699276290215922,1.3786728303644278
2016-10-25,1.7703409688427172,1.3789947985464872
2016-10-26,1.7695237800897672,1.3783582550446525
2016-10-27,1.770261997490472,1.3789332843602955
2016-10-28,1.7706735582366353,1.379253866744273
2016-10-31,1.7699460197977293,1.3786871557317328
2016-11-01,1.771201345026268,1.3796649825973513
2016-11-02,1.7715178075784017,1.3799114889037676
2016-11-03,1.7725870337961012,1.3807443552377827
2016-11-07,1.7734859274131287,1.3815488254587764
2016-11-08,1.773668787600304,1.381691273883605
2016-11-09,1.773383334113286,1.3814689050879934
2016-11-10,1.7730212634881457,1.381186851399738
2016-11-11,1.7746524517079212,1.3824575500471303
2016-11-14,1.7748218611980007,1.3825895203539837
2016-11-15,1.7739962153505644,1.3819463407081016
2016-11-16,1.7734820619473928,1.381545814253802
2016-11-17,1.7749896404750765,1.382720220721885
2016-11-18,1.7747285793574046,1.382516853627217
2016-11-21,1.776902586143797,1.3842104089443774
2016-11-22,1.777442633068325,1.3846311064998198
2016-11-23,1.7759607872591228,1.3834767458671415
2016-11-24,1.7772222488082274,1.3844594267526162
2016-11-25,1.7778343195120359,1.3849362309656486
2016-11-28,1.7775392182801826,1.3847063465589236
2016-11-29,1.7794042364174698,1.386159199145573
2016-11-30,1.780087079284879,1.3866911350052606
2016-12-01,1.779730366017723,1.3864132547088075
2016-12-02,1.781218052562394,1.3875721652852442
2016-12-06,1.7805064732110416,1.387378480510326
2016-12-07,1.780082391349672,1.3870480340574254
2016-12-08,1.7809540855108679,1.3877272619844367
2016-12-09,1.7812323983707963,1.3879441245898378
2016-12-12,1.7809625541893448,1.3877338608159795
2016-12-13,1.7813571154782755,1.388041304708906
2016-12-14,1.7815537150340885,1.3881944959480939
2016-12-15,1.7818061593528949,1.3883912016723967
2016-12-16,1.782123403403393,1.3886383996328384
2016-12-19,1.7826604777859665,1.3890568903555776
2016-12-20,1.7828253257631665,1.389185340624961
2016-12-21,1.7839331501057387,1.390048562228586
2016-12-22,1.7848361869549323,1.3907522125160348
2016-12-23,1.7854206137108775,1.3912076004165181
2016-12-26,1.785075582050145,1.3909387502278796
2016-12-27,1.7847122843994434,1.3906556670994625
2016-12-28,1.7857327324683931,1.3914508047261098
2016-12-29,1.7859839459949887,1.391646551411705
2016-12-30,1.7867506128344024,1.3922439415873245
2017-01-02,1.786815873680859,1.3922947931261176
2017-01-04,1.7869880972778716,1.3929188591405526
2017-01-05,1.7866822880123043,1.3926804873830925
2017-01-06,1.7870199430594012,1.3929436822435963
2017-01-09,1.7893448789930906,1.3947559198926678
2017-01-10,1.7896116132399695,1.3949638335119148
2017-01-11,1.788058003848964,1.393752828344188
2017-01-12,1.7884334667168789,1.3940454935893691
2017-01-13,1.7894174049335934,1.3948124523063177
2017-01-16,1.7895796090758744,1.394938886953061
2017-01-17,1.789181839184476,1.394628833861957
2017-01-18,1.788223135304641,1.3938815447688804
2017-01-19,1.7894771934413867,1.3948590561646155
2017-01-20,1.7887388653951297,1.3942835453028306
2017-01-23,1.7879918387994276,1.3937012541084919
2017-01-24,1.7881202023810192,1.39380131076466
2017-01-25,1.788367618278371,1.393994166145173
2017-01-26,1.7880080657455197,1.3937139026646141
2017-01-27,1.7876414073552285,1.3934281003207278
2017-01-30,1.78868001961362,1.3942376762794328
2017-01-31,1.7885852131675246,1.3941637766899866
2017-02-02,1.7894025216271234,1.3952773620774417
2017-02-03,1.7888677706930651,1.3948603928021537
2017-02-06,1.788768898135641,1.3947832974368364
2017-02-07,1.7885862701642352,1.3946408942206203
2017-02-08,1.7892879018988943,1.3951879879371278
2017-02-09,1.7909176122860575,1.3964587461832285
2017-02-10,1.7912406936778693,1.3967106672276304
2017-02-13,1.7912731040334224,1.396735939034758
2017-02-14,1.7901993633164786,1.395898695263731
2017-02-15,1.7893150248438,1.3952091369131479
2017-02-16,1.7904565688655092,1.396099249960411
2017-02-17,1.789436661036081,1.3953039821050193
2017-02-20,1.789722094660536,1.3955265474975254
2017-02-21,1.7890367156057065,1.394992126724062
2017-02-22,1.78936483377009,1.395247975165828
2017-02-23,1.7899273790910901,1.395686616970591
2017-02-24,1.7899001101411058,1.3956653541478663
2017-02-27,1.7896335650370836,1.3954575169814827
2017-02-28,1.7889892277460844,1.394955098311112
2017-03-01,1.7887165101126732,1.3947424481468595
2017-03-03,1.7896357711431794,1.396430055771245
2017-03-06,1.789740529775296,1.3965117976009782
2017-03-07,1.790515226441429,1.3971162835674176
2017-03-08,1.7913378877097381,1.397758195703568
2017-03-09,1.7910425881207843,1.397527777185945
2017-03-10,1.7905177398573782,1.397118244753951
2017-03-13,1.7916785645491,1.3980240215131887
2017-03-14,1.7928848994972548,1.3989653093473353
2017-03-15,1.7941884165495436,1.3999824271426862
2017-03-16,1.7945712641468914,1.4002811582590042
2017-03-17,1.794873922914503,1.4005173190502394
2017-03-20,1.7941019210469507,1.3999149358008964
2017-03-21,1.7943232828004967,1.400087661564895
2017-03-22,1.7942705691782628,1.4000465297951667
2017-03-23,1.7956955778033639,1.4011584459212918
2017-03-24,1.796722275435377,1.4019595650398577
2017-03-27,1.7966242615336316,1.4018830860375446
2017-03-28,1.798561223364152,1.403394472745742
2017-03-29,1.7981591187370605,1.4030807156137661
2017-03-30,1.79808040005716,1.4030192924279223
2017-04-03,1.796666781278762,1.4001243174709264
2017-04-04,1.7973531370999325,1.4006591876458925
2017-04-05,1.7977195582951744,1.4009447359908838
2017-04-06,1.7974845260968124,1.4007615777671418
2017-04-07,1.7969548457274367,1.400348803192926
2017-04-10,1.7983994718725147,1.4014745857901523
2017-04-11,1.800914768816004,1.4034347313513305
2017-04-12,1.80209796340987,1.4043567829751673
2017-04-13,1.8013966442827156,1.4038102520466345
2017-04-14,1.8018926693176225,1.4041967993578466
2017-04-17,1.802006523609912,1.4042855248605075
2017-04-18,1.803204193822913,1.405218857188464
2017-04-19,1.805405066970957,1.4069339754543295
2017-04-20,1.8049475311573628,1.406577422405427
2017-04-21,1.8053325336439765,1.406877450963539
2017-04-24,1.807440160285543,1.4085199031665605
2017-04-25,1.80669172914249,1.4079366583187902
2017-04-26,1.8062660521069218,1.4076049324945594
2017-04-27,1.8070874754161277,1.4082450594018638
2017-04-28,1.8069943935056767,1.4081725216070446
2017-05-02,1.8078370549028415,1.4089538926528495
2017-05-03,1.8091506701705227,1.4099776703986526
2017-05-04,1.8100468155344505,1.4106760892608308
2017-05-05,1.8094120530838296,1.4101813814976025
2017-05-08,1.8089078599650736,1.4097884341048088
2017-05-09,1.8088355949685044,1.4097321137368073
2017-05-10,1.80985512554542,1.4105266939624577
2017-05-11,1.8103072571570409,1.4108790667564863
2017-05-12,1.812244480965009,1.412388859366265
2017-05-15,1.8124139929613752,1.4125209700487427
2017-05-16,1.8113556573633944,1.4116961467846858
2017-05-17,1.8122507301665554,1.412393729737088
2017-05-18,1.8122516938102502,1.4123944807613749
2017-05-19,1.8122934569913827,1.412427029268148
2017-05-22,1.8117661493359016,1.4120160673555129
2017-05-23,1.8130177174841309,1.412991488126752
2017-05-24,1.814597939442846,1.4142230481691513
2017-05-25,1.8165967118607926,1.415780809235701
2017-05-26,1.8166413419199716,1.4158155920693856
2017-05-29,1.8149419529916149,1.4144911581889947
2017-05-31,1.815228023791937,1.414467518098722
2017-06-01,1.8151894624263523,1.4144374701937987
2017-06-02,1.8161676550246695,1.415199700414261
2017-06-05,1.8172868875328427,1.416071832183527
2017-06-06,1.8167851380111062,1.4156808573906
2017-06-07,1.8165799108744627,1.415520939675134
2017-06-08,1.8170682262431905,1.4159014462663728
2017-06-09,1.8181796811329,1.416767517536054
2017-06-12,1.817239566761908,1.4160349587480465
2017-06-13,1.8168156776392157,1.4157046545727776
2017-06-14,1.817828427437083,1.416493812559691
2017-06-15,1.8172411071786032,1.416036159076243
2017-06-16,1.8179169709074052,1.4165628076727397
2017-06-19,1.8187044037595994,1.4171763935019106
2017-06-20,1.8206156714522062,1.4186656973437148
2017-06-21,1.822278559599253,1.4199614581183395
2017-06-22,1.8217170228473085,1.4195238957375071
2017-06-23,1.8223572016021554,1.4200227377797405
2017-06-26,1.822741548761963,1.4203222299460665
2017-06-27,1.8242048731169822,1.4214624860138931
2017-06-29,1.8250297269911966,1.4225101611452455
2017-06-30,1.8251008556186068,1.4225656019929986
2017-07-03,1.8259608436740435,1.4232359153195324
2017-07-04,1.826685032989229,1.4238003810069721
2017-07-05,1.8263162724715805,1.423512952492452
2017-07-06,1.8265651547001525,1.4237069424827715
2017-07-07,1.826021154473518,1.4232829242661869
2017-07-10,1.8264377600125041,1.4236076453398396
2017-07-11,1.8264897813387202,1.423648193098621
2017-07-12,1.8259379313374315,1.423218056415009
2017-07-13,1.8254361773310823,1.4228269668004832
2017-07-14,1.8262023868025636,1.4234241848855522
2017-07-17,1.826220842379761,1.4234385699915617
2017-07-18,1.826462155783477,1.423626660499749
2017-07-19,1.8268895165757868,1.4239597647010367
2017-07-20,1.8278324669765658,1.4246947426067256
2017-07-21,1.8278412997976894,1.4247016273043358
2017-07-24,1.82773993612243,1.4246226199019385
2017-07-25,1.8292572219434886,1.4258052606369886
2017-07-26,1.8301728226793033,1.4265189209850837
2017-07-28,1.831472100601696,1.4282086016898268
2017-07-31,1.832321018880188,1.4288706005196619
2017-08-01,1.8324271740966542,1.4289533819025841
2017-08-02,1.8330086380932737,1.4294068159905355
2017-08-03,1.8324766943249853,1.4289919984974186
2017-08-04,1.8323852063494734,1.4289206548424789
2017-08-07,1.8339715256988014,1.4301576897604518
2017-08-08,1.833886025991386,1.4300910158441347
2017-08-09,1.8334831072495836,1.4297768139446707
2017-08-10,1.8339356329038774,1.4301297000365394
2017-08-11,1.8337181513255738,1.429960104736267
2017-08-14,1.834581206853557,1.4306331279990272
2017-08-15,1.8346678475175893,1.4307006916499212
2017-08-16,1.8351704951217256,1.4310926635678174
2017-08-17,1.8366069242939753,1.4322128119440067
2017-08-18,1.8365721268304904,1.4321856763754934
2017-08-21,1.8360064055636793,1.4317445186973867
2017-08-22,1.8366800388441529,1.43226982773444
2017-08-23,1.8374265325186718,1.4328519543672753
2017-08-24,1.8375113484357994,1.4329180950539733
2017-08-28,1.8378686536308537,1.4331938762289258
2017-08-29,1.8376120111416654,1.4329937430784103
2017-08-30,1.8381700658860278,1.433428921425155
2017-08-31,1.8368822271966336,1.4324246480677723
2017-09-01,1.8375756155797103,1.4329653613459004
2017-09-04,1.8377186361608981,1.433076890654988
2017-09-05,1.836922676513448,1.4324561909710378
2017-09-06,1.8371262298283084,1.4326149244930269
2017-09-07,1.83749177865106,1.4328999842187018
2017-09-08,1.8383146529773355,1.4335416723192056
2017-09-11,1.8370832044460392,1.43258137274042
2017-09-12,1.8388187843479262,1.4339348005178492
2017-09-13,1.8397624599093485,1.4346706909924516
2017-09-14,1.8400315741955533,1.4348805498124673
2017-09-15,1.839412087190418,1.4343974657898908
2017-09-18,1.8397133372657661,1.4346323845161826
2017-09-19,1.840590409293613,1.435316336689173
2017-09-20,1.8405895650597586,1.4353156783446346
2017-09-21,1.8418660399725781,1.4363110900812668
2017-09-22,1.8424894073497473,1.4367972000684166
2017-09-26,1.8436116265929832,1.4366056776232041
2017-09-27,1.8426227946437252,1.4358351457107186
2017-09-28,1.84219649102613,1.435502955249021
2017-09-29,1.8416172701593556,1.4350516063999452
2017-10-02,1.842255827390247,1.4355491921876207
2017-10-03,1.8425773140559911,1.4357997056703011
2017-10-04,1.8435707339120868,1.4365738126378125
2017-10-05,1.8437281795228129,1.4366964996804754
2017-10-06,1.8436669868768334,1.4366488162631141
2017-10-09,1.843346831858051,1.436399340445611
2017-10-10,1.8444620914863474,1.4372683891600604
2017-10-11,1.8455178876447884,1.4380911018907412
2017-10-12,1.8462755689415877,1.4386815132534763
2017-10-13,1.847550987797141,1.4396753635540527
2017-10-16,1.8474489092257935,1.4395958204154402
2017-10-17,1.848388742879046,1.4403281711680653
2017-10-18,1.8485003432952514,1.440415134056145
2017-10-19,1.848203127337779,1.4401835331452884
2017-10-20,1.849000399318745,1.4408047949327194
2017-10-23,1.849347310961456,1.4410751204331467
2017-10-25,1.8504890729421153,1.4420185618793335
2017-10-26,1.8515416134012355,1.4428387682244417
2017-10-27,1.8508056204058771,1.4422652357587609
2017-10-30,1.8495437500512901,1.4412819062700293
2017-10-31,1.849384225884529,1.4411575949120745
2017-11-01,1.848742044031688,1.4406571660441394
2017-11-02,1.8504341374912654,1.4419757526885155
2017-11-03,1.8504600724139795,1.441995962826744
2017-11-06,1.8513740466778215,1.4427081895957703
2017-11-07,1.8527512069269345,1.4437813602893677
2017-11-08,1.8536910137267981,1.444513717410412
2017-11-09,1.853070913669073,1.4440304960790693
2017-11-10,1.85271316862704,1.4437517184312705
2017-11-13,1.8532820056865913,1.4441949923800617
2017-11-14,1.8547330017077144,1.445325700594591
2017-11-15,1.8549129434536589,1.4454659226264326
2017-11-16,1.8547769771831664,1.445359969076797
2017-11-17,1.8545369781531529,1.4451729465965388
2017-11-20,1.855905505648749,1.4462393901005548
2017-11-21,1.8569688844022507,1.447068042332702
2017-11-23,1.8556243635629155,1.4463300851346066
2017-11-24,1.8578342786782391,1.448052560210731
2017-11-27,1.8577826502883263,1.4480123194728727
2017-11-28,1.8574288479239418,1.4477365551458627
2017-11-29,1.8566743523508846,1.4471484783411812
2017-11-30,1.8557912940075978,1.4464601958019432
2017-12-01,1.8554747315807936,1.4462134574152845
2017-12-04,1.8570786074572085,1.447463567070251
2017-12-05,1.8582141790527897,1.44834866612088
2017-12-06,1.8588184945355657,1.448819687994064
2017-12-07,1.8584473993387205,1.448530445107311
2017-12-08,1.8577259765588467,1.4479681462438552
2017-12-11,1.8580236555217742,1.4482001662842512
2017-12-12,1.858397324571289,1.4484914153100827
2017-12-13,1.858725869556841,1.448747493267591
2017-12-14,1.8599540359865523,1.449704763549079
2017-12-15,1.8607764808326235,1.4503458020844606
2017-12-18,1.8596634352222865,1.4494782604720697
2017-12-19,1.8611104337911497,1.4506060951806392
2017-12-20,1.8601095058822918,1.4498259415158898
2017-12-22,1.8602010079834923,1.4500985505908797
2017-12-25,1.861654980151468,1.4512319780669063
2017-12-26,1.8620128445603528,1.4515109471989542
2017-12-27,1.8632457082308744,1.4524720120591639
2017-12-28,1.8644114593495635,1.4533807600924709
2017-12-29,1.864209277381327,1.4532231514373646
2018-01-01,1.863841666768123,1.4529365847625262
2018-01-02,1.8650277832568325,1.4538612083885365
2018-01-03,1.8663719592069725,1.4549090454710194
2018-01-04,1.8660337199492243,1.454645374902458
2018-01-05,1.8665887355777673,1.455078031026743
2018-01-08,1.8652552036918797,1.4540384914035556
2018-01-09,1.8648823680833158,1.4537478516429776
2018-01-10,1.8656852263390387,1.4543737106700168
2018-01-11,1.8638520365647835,1.452944668419638
2018-01-12,1.86420957887686,1.4532233864647806
2018-01-15,1.864819694044399,1.4536989948083654
2018-01-16,1.8666059392174308,1.4550914419284866
2018-01-17,1.867476940620716,1.4557704211716145
2018-01-18,1.8675215696112382,1.4558052111938717
2018-01-22,1.8674353048215622,1.455280477402316
2018-01-23,1.8680217004723776,1.4557374518101909
2018-01-24,1.8683793942687548,1.456016200314844
2018-01-25,1.8687539913481872,1.4563081214406697
2018-01-26,1.8681471483142704,1.4558352125169567
2018-01-29,1.8679667302528138,1.45569461386707
2018-01-30,1.8682262998063164,1.455896894772205
2018-01-31,1.868530318780614,1.4561338148287728
2018-02-01,1.8684475652711736,1.456069325544237
2018-02-02,1.8682116122531323,1.4558854488552544
2018-02-05,1.8699968602611223,1.4572766812940123
2018-02-06,1.870897591721207,1.4579786156024506
2018-02-07,1.8716518864636718,1.4585664327065195
2018-02-08,1.8711747092228816,1.458194571512191
2018-02-09,1.8702209073125047,1.457451279738764
2018-02-12,1.8708811062859816,1.4579657686074394
2018-02-13,1.872459314208824,1.4591956560222612
2018-02-14,1.8732064893761569,1.4597779248866294
2018-02-15,1.8722149634624408,1.4590052350368958
2018-02-16,1.8715880296169118,1.4585166694712426
2018-02-20,1.8718568419030217,1.4586579396783779
2018-02-21,1.8726427856231993,1.4592703919887864
2018-02-22,1.8719396964976296,1.4587225047185872
2018-02-23,1.873110953223769,1.4596352149669032
2018-02-26,1.8714916461938824,1.4583733582890603
2018-02-27,1.8709022276158975,1.4579140496126033
2018-02-28,1.8723771915712109,1.459063425908907
2018-03-01,1.8730083955348555,1.459555296148402
2018-03-02,1.8736377696692907,1.4600457404802927
2018-03-05,1.8741380311803264,1.460435572869529
2018-03-06,1.8736169259353919,1.4600294978503738
2018-03-07,1.8739000661044316,1.4602501368684688
2018-03-08,1.874398279096462,1.4606383729345012
2018-03-09,1.8741008592816615,1.4604066063994945
2018-03-12,1.8742944449381878,1.4605574594180475
2018-03-13,1.8744981140364922,1.4607161700313052
2018-03-14,1.8752402946126034,1.4612945195961784
2018-03-15,1.8750231207937624,1.4611252853320769
2018-03-16,1.8757928550127982,1.4617251062718541
2018-03-19,1.878399217971934,1.4637561333989937
2018-03-21,1.8781867297650086,1.4627430687926406
2018-03-22,1.8786369383376087,1.4630936939241281
2018-03-23,1.8803142563754156,1.4643999992531356
2018-03-26,1.8807249316930421,1.4647198356489861
2018-03-27,1.8812861322354533,1.4651569019910091
2018-03-28,1.882084354136973,1.4657785619864199
2018-03-29,1.8815562915810957,1.465367303706688
2018-03-30,1.8815729913295742,1.4653803095707751
2018-04-02,1.881491733688435,1.465317025633412
2018-04-03,1.8812398518527127,1.4651208585518762
2018-04-04,1.8829663502463108,1.466465465836389
2018-04-05,1.8822264099538533,1.465889195907015
2018-04-06,1.8815757096192238,1.4653824265910274
2018-04-09,1.8793933311923134,1.4636827772074728
2018-04-10,1.8820951611969658,1.4657869785894386
2018-04-11,1.8822778841077954,1.4659292842862524
2018-04-12,1.8846811719689673,1.4678009792596711
2018-04-13,1.8847209063545434,1.4678319246370253
2018-04-16,1.8861717044569086,1.4689618148842627
2018-04-17,1.8851980877000627,1.4682035563255331
2018-04-19,1.8869002411590772,1.4700809396712382
2018-04-20,1.886899438655905,1.470080314442309
2018-04-23,1.8889068111791414,1.4716442551429667
2018-04-24,1.8892146029677022,1.4718840552298396
2018-04-25,1.891113032864945,1.473363118906001
2018-04-26,1.89137725743552,1.4735689758434916
2018-04-27,1.8936500985227749,1.4753397426749286
2018-04-30,1.893686806658973,1.4753683419247345
2018-05-01,1.8928333027855762,1.4747033784312509
2018-05-02,1.8934887867749521,1.475214064951938
2018-05-03,1.8937820296947,1.475442530038545
2018-05-04,1.8944535383023224,1.4759657013135057
2018-05-07,1.8941116379669016,1.4756993273126944
2018-05-08,1.8936924581691499,1.4753727450072136
2018-05-09,1.89553168328891,1.4768056823365676
2018-05-10,1.8953889597504379,1.476694486657552
2018-05-11,1.8976761251265586,1.47847641351938
2018-05-14,1.8991110208888358,1.479594338497355
2018-05-15,1.8994432761303546,1.4798531980210374
2018-05-16,1.8994097036651854,1.4798270417674813
2018-05-18,1.9008991718450778,1.4809998285648955
2018-05-21,1.9019754904227688,1.481838393625395
2018-05-22,1.9018942715660074,1.4817751156174284
2018-05-23,1.9015233551080448,1.481486132793515
2018-05-24,1.9022294603369099,1.4820362628258632
2018-05-25,1.9025150505407749,1.4822587675484853
2018-05-28,1.9018894201831809,1.4817713358813744
2018-05-29,1.902735655914731,1.4824306422727465
2018-05-30,1.9031914039977682,1.4827857178300639
2018-05-31,1.9013533995911307,1.481353719620243
2018-06-01,1.902992888161869,1.4826310531727853
2018-06-04,1.9047943714539322,1.484034597603876
2018-06-05,1.9039943850759078,1.4834113243097127
2018-06-06,1.9044951873323128,1.4838015017935404
2018-06-07,1.9046763533439188,1.4839426491179772
2018-06-08,1.9055258197246363,1.4846044725238936
2018-06-11,1.905803055981778,1.484820468645824
2018-06-12,1.9047788292568275,1.4840224886022053
2018-06-13,1.9041439967195797,1.483527887471984
2018-06-14,1.9038077416409112,1.483265909497961
2018-06-18,1.9052490245594988,1.485645397672869
2018-06-19,1.908410061266286,1.4881102616222937
2018-06-20,1.9095660916724908,1.4890116929997197
2018-06-21,1.9088254116973449,1.488434137109629
2018-06-22,1.9079823496902057,1.4877767473538996
2018-06-25,1.9082242132842693,1.4879653439786733
2018-06-26,1.908856691378129,1.488458527891726
2018-06-27,1.9096790294976702,1.4890997578972942
2018-06-28,1.9092826051951393,1.4887906403315645
2018-06-29,1.9088742722776117,1.4884722368515872
2018-07-02,1.9103807967836373,1.4896469710569364
2018-07-03,1.910875960537685,1.490033082133658
2018-07-04,1.9102024715545272,1.4895079193883611
2018-07-05,1.9111000900729982,1.490207850370423
2018-07-06,1.9111734881497113,1.4902650835790279
2018-07-09,1.908864098837335,1.488464303964846
2018-07-10,1.90935061749933,1.4888436739063904
2018-07-11,1.9095297833140328,1.4889833810337014
2018-07-12,1.9108607283546393,1.4900212046193033
2018-07-13,1.911090200068978,1.4902001384971897
2018-07-17,1.9111871834751724,1.4900507192668793
2018-07-18,1.9130201445908754,1.4914797812930671
2018-07-19,1.9141965961628296,1.4923969978410483
2018-07-20,1.913690995148231,1.4920028076947462
2018-07-23,1.9144228407649202,1.4925733886911912
2018-07-24,1.914482282333798,1.4926197321122996
2018-07-25,1.9157113422763445,1.4935779646011151
2018-07-26,1.916111896160445,1.4938902551021553
2018-07-27,1.916915282039615,1.4945166122258617
2018-07-30,1.9185982230713898,1.495828711593502
2018-07-31,1.9190661346255067,1.4961935172775258
2018-08-01,1.9204069375708686,1.4972388698261436
2018-08-02,1.9217186329336267,1.4982615287449748
2018-08-03,1.9222218550734418,1.4986538642094784
2018-08-06,1.9221873122372586,1.4986269330023494
2018-08-07,1.9241982081953872,1.500194721335532
2018-08-08,1.9242018218081076,1.5001975386766484
2018-08-09,1.9243873733174046,1.5003422032925895
2018-08-10,1.9260425468629974,1.5016326538321527
2018-08-13,1.9281442736623413,1.5032712581280283
2018-08-15,1.9282502746287746,1.5036557222743911
2018-08-16,1.9278624575763312,1.5033533012983515
2018-08-17,1.929090576049159,1.5043109920056192
2018-08-20,1.9311539964177893,1.5059200537988793
2018-08-21,1.9316091681866356,1.5062749981978762
2018-08-22,1.931884015912037,1.5064893253319063
2018-08-23,1.931673571920091,1.5063252204349065
2018-08-24,1.9329687504192967,1.5073352047649087
2018-08-27,1.9316100145000972,1.5062756581558165
2018-08-28,1.9337144905915555,1.5079167353328546
2018-08-29,1.9340164342474393,1.5081521919600092
2018-08-30,1.935388072424189,1.509221799790744
2018-08-31,1.9342964783773942,1.5083705712669053
2018-09-03,1.9340916964557158,1.5082108816703828
2018-09-04,1.9344280528991917,1.5084731734992036
2018-09-05,1.9357661780047482,1.5095166477299935
2018-09-06,1.937326141177035,1.5107331119936889
2018-09-07,1.936905088925036,1.5104047741028948
2018-09-10,1.9375444819979792,1.5109033748631608
2018-09-11,1.937758804674826,1.5110705043710333
2018-09-13,1.939339542423033,1.5122536707213652
2018-09-14,1.939853172587426,1.5126541880544597
2018-09-17,1.940841527248571,1.5134248849497665
2018-09-18,1.9418854167704211,1.514238886689386
2018-09-19,1.942592402294088,1.5147901782141162
2018-09-20,1.9439634230341412,1.515859269573018
2018-09-21,1.9457058238973637,1.5172179548592388
2018-09-24,1.9445134356124505,1.5162881571000841
2018-09-25,1.9449004789775022,1.5165899648736711
2018-09-26,1.9458090009448918,1.5172984100170108
2018-09-27,1.946529099939841,1.5178599271338298
2018-09-28,1.9472706903054142,1.5184382027415702
2018-10-01,1.9466663058844877,1.5179669172657266
2018-10-02,1.9476073859870948,1.5187007505159023
2018-10-03,1.9476590912444716,1.5187410691210528
2018-10-04,1.947690913124504,1.5187658831125357
2018-10-05,1.9490366638345997,1.5198152694663434
2018-10-08,1.947678804810458,1.5187564413196153
2018-10-09,1.9505601971385398,1.5210032867170364
2018-10-10,1.9500443849872517,1.5206010679192836
2018-10-12,1.9507862125385746,1.522190670314169
2018-10-15,1.9532589785191068,1.5241201597073393
2018-10-16,1.95453282894761,1.525114140095954
2018-10-17,1.9554058619850825,1.5257953642792987
2018-10-18,1.9566481309099133,1.5267647017470563
2018-10-19,1.9568165062232372,1.5268960843298351
2018-10-22,1.9559951465730825,1.5262551806837041
2018-10-23,1.9560566389296816,1.526303162923331
2018-10-24,1.9572288196716356,1.5272178108626366
2018-10-25,1.9590866785381769,1.5286674906969684
2018-10-26,1.9603665546905895,1.5296661729338215
2018-10-29,1.9600292589829782,1.5294029824437705
2018-10-30,1.9609440654580212,1.5301168022731826
2018-10-31,1.9597664811545263,1.5291979379564433
2018-11-01,1.9603620042804628,1.5296626222670204
2018-11-02,1.9618225318923892,1.5308022661143683
2018-11-05,1.9619950001320543,1.5309368423911824
2018-11-06,1.9614253292902186,1.5304923305143716
2018-11-07,1.9621528483178592,1.531060010698511
2018-11-08,1.9634648245295432,1.5320837404830785
2018-11-12,1.9639237838961163,1.532776827081588
2018-11-13,1.9636185905648538,1.5325386338941667
2018-11-14,1.964478834120827,1.5332100252175236
2018-11-15,1.9651551893105406,1.5337378978214251
2018-11-16,1.9653801436478953,1.5339134671578099
2018-11-19,1.9654722109570943,1.5339853226133164
2018-11-20,1.9664737784354487,1.5347670125313102
2018-11-21,1.9690307659510655,1.5367626557651322
2018-11-22,1.972004660256814,1.539083680804606
2018-11-23,1.972073365430279,1.5391373028945523
2018-11-26,1.9725877787544157,1.5395387852887492
2018-11-27,1.9729541185457202,1.5398247012431023
2018-11-28,1.9736847459063678,1.540394931461207
2018-11-29,1.9740898220964895,1.5407110798792425
2018-11-30,1.9731414409124484,1.539970900085068
2018-12-03,1.9739537702811143,1.5406048959877903
2018-12-04,1.9754652099258223,1.541784524078217
2018-12-05,1.9756630298356368,1.5419389159014565
2018-12-06,1.9773436810567206,1.5432506079677206
2018-12-07,1.9776732569618507,1.5435078309385355
2018-12-11,1.9788136924224413,1.5452412724628901
2018-12-12,1.9793177488319478,1.5456348864603076
2018-12-13,1.9797162737103862,1.5459460916498737
2018-12-14,1.9798449758177517,1.5460465941928447
2018-12-17,1.9805317926428168,1.5465829244743545
2018-12-18,1.9823874661865988,1.548032006497109
2018-12-19,1.9840073230046662,1.5492969409476554
2018-12-20,1.984433509187212,1.5496297466491447
2018-12-21,1.9845757843019038,1.5497408482551767
2018-12-24,1.9855234946211282,1.550480908375648
2018-12-25,1.985268529926709,1.5502818082934389
2018-12-26,1.9866245961590134,1.551340750587185
2018-12-27,1.9879905933186235,1.5524074478700973
2018-12-28,1.9879089581961682,1.5523436995945605
2018-12-31,1.9888198234907426,1.553054987702289
2019-01-01,1.989990851104555,1.5539694346797817
2019-01-02,1.990360891768541,1.5542583967526995
2019-01-03,1.9903153235582813,1.5542228128675288
2019-01-04,1.9910821147274202,1.5548215945347725
2019-01-07,1.9917120425527586,1.5553135006086556
2019-01-09,1.9923970158192812,1.5547985745362003
2019-01-10,1.9929360438659955,1.5552192136116518
2019-01-11,1.9945929671416258,1.556512219938509
2019-01-14,1.995917373796766,1.5575457416528904
2019-01-15,1.9970929086059792,1.5584630888638984
2019-01-16,1.9975350035176784,1.5588080846318413
2019-01-17,1.996904577807131,1.5583161219415103
2019-01-18,1.9964315290839842,1.5579469708764389
2019-01-21,1.997956731335125,1.5591371866151318
2019-01-22,1.9986394989794853,1.5596699951627064
2019-01-23,1.9985322322809311,1.5595862878951874
2019-01-24,1.999463404094217,1.560312942571163
2019-01-25,1.999585524532638,1.5604082411898976
2019-01-28,1.9988588829366696,1.5598411949091413
2019-01-29,2.0014805970248837,1.5618870910306633
2019-01-30,2.004190547219792,1.5640018435958667
2019-01-31,2.0052962068104967,1.5648646625731593
2019-02-01,2.004651370103976,1.5643614540338235
2019-02-04,2.006095676940671,1.5654885417543212
2019-02-05,2.0099934044006154,1.5685301951248771
2019-02-07,2.010068375264953,1.5681942187603601
2019-02-08,2.0107358233285035,1.568714941441968
2019-02-11,2.0120894998186687,1.5697710386733217
2019-02-12,2.013590862684498,1.5709423563237197
2019-02-13,2.0133424924971095,1.570748585456635
2019-02-14,2.013386351838689,1.5707828031811413
2019-02-15,2.013045897860417,1.5705171913407432
2019-02-18,2.01657177483785,1.5732679733340882
2019-02-19,2.0171559328622,1.5737237156600214
2019-02-20,2.019231900552612,1.5753433225204139
2019-02-21,2.0192724935586153,1.5753749919492352
2019-02-22,2.019081993282024,1.5752263694266888
2019-02-25,2.018285400871453,1.5746048922529081
2019-02-26,2.0193422644251764,1.5754294250575442
2019-02-27,2.019111418737399,1.5752493262721234
2019-02-28,2.0189425364583884,1.5751175694538704
2019-03-01,2.0174135874333325,1.5739247299209587
2019-03-04,2.0187199249404797,1.5749438947173742
2019-03-05,2.018650471380219,1.5748897091617915
2019-03-06,2.0200683216197732,1.575995872800849
2019-03-08,2.0194365007203476,1.577409686093215
2019-03-11,2.019703077867697,1.5776179131774388
2019-03-12,2.0184812495565034,1.5766635262422062
2019-03-13,2.0202027613464466,1.5780082228301957
2019-03-14,2.0206508698933625,1.578358246592802
2019-03-15,2.018919209241077,1.5770056225885478
2019-03-18,2.01837107293108,1.5765774657614429
2019-03-19,2.0181301602026958,1.5763892855086243
2019-03-20,2.0187507112788663,1.5768740065077336
2019-03-21,2.020083593428816,1.5779151391271555
2019-03-22,2.01954481787213,1.5774942941134877
2019-03-25,2.02083045048448,1.5784985194678156
2019-03-26,2.0211055934409567,1.5787134374236176
2019-03-27,2.0240981550005546,1.5810509685064993
2019-03-28,2.0248219100515237,1.58161630355286
2019-03-29,2.023266489762084,1.5804013433252753
2019-04-01,2.0245953560995873,1.5814393391382426
2019-04-02,2.0240464375224203,1.5810105712714684
2019-04-03,2.025195072304705,1.58190778573239
2019-04-04,2.0265562835010154,1.5829710465604043
2019-04-08,2.0279836613999174,1.5833958924431075
2019-04-09,2.027785519875707,1.5832411887926154
2019-04-10,2.0288331740802885,1.5840591694281645
2019-04-11,2.030531089051466,1.5853848564355364
2019-04-12,2.0307034997661915,1.585519470151961
2019-04-15,2.0301631832903566,1.5850976053683632
2019-04-16,2.0299381616423515,1.5849219144296522
2019-04-17,2.0309410944020563,1.5857049777463543
2019-04-18,2.030007857328482,1.5849763309741445
2019-04-19,2.030184193348428,1.5851140094648477
2019-04-22,2.0310077617938314,1.5857570298788763
2019-04-23,2.0320756544390868,1.586590812152497
2019-04-24,2.032812670481787,1.58716625474451
2019-04-25,2.032419428874767,1.58685922212036
2019-04-26,2.0334130208522327,1.587634992401861
2019-04-29,2.0327128411034354,1.5870883106118054
2019-04-30,2.033238790156303,1.5874989576923495
2019-05-01,2.0343691621778954,1.5883815222070394
2019-05-02,2.033859536343986,1.587983619863222
2019-05-03,2.0341688944162466,1.58822515844671
2019-05-07,2.034188048562252,1.5876226838624332
2019-05-08,2.0350292558920007,1.5882792209212782
2019-05-09,2.035340019986247,1.5885217629643817
2019-05-10,2.035354592693591,1.5885331365248354
2019-05-13,2.0376233914287165,1.5903038658040431
2019-05-14,2.0395611102010855,1.5918161971148743
2019-05-15,2.0388040803990917,1.591225358088534
2019-05-16,2.039202025167733,1.5915359420299084
2019-05-17,2.0408256980638844,1.592803169965361
2019-05-20,2.0424955699021794,1.5941064547877717
2019-05-21,2.0440212638246193,1.5952972130766176
2019-05-22,2.046206708425093,1.5970028869569106
2019-05-23,2.0464863608923936,1.5972211473094862
2019-05-24,2.046723014440581,1.5974058482969804
2019-05-27,2.047159698794348,1.5977466673211698
2019-05-28,2.0474394665251343,1.5979650176334348
2019-05-29,2.0473147767513438,1.5978677010095093
2019-05-30,2.0456334813318646,1.5965555004250422
2019-05-31,2.04732340207345,1.597874432814389
2019-06-03,2.046128172201194,1.5969415917926533
2019-06-05,2.0468468856857127,1.5966605402774323
2019-06-06,2.046837123042437,1.596652924843471
2019-06-07,2.0472818786722984,1.5969998603027045
2019-06-10,2.0480127634086918,1.5975699932355836
2019-06-11,2.047574366382492,1.5972280178598954
2019-06-12,2.0478001550418723,1.5974041462480988
2019-06-13,2.0483010349315616,1.5977948619195435
2019-06-14,2.0486164026760094,1.5980408672444935
2019-06-17,2.0506153014644224,1.5996001254585723
2019-06-18,2.0510501799606478,1.5999393561746529
2019-06-19,2.0500578974403525,1.599165317649328
2019-06-20,2.0516264907979,1.6003889124063426
2019-06-21,2.0526446264341938,1.6011831178774452
2019-06-24,2.052498023754396,1.6010687591945516
2019-06-25,2.053245792298317,1.601652062486893
2019-06-26,2.053450527988279,1.601811768324997
2019-06-27,2.0531839140192907,1.6016037938024532
2019-06-28,2.0545333329422575,1.6026564196542805
2019-07-01,2.054124450377459,1.6023374672883821
2019-07-02,2.054150297800853,1.602357629793594
2019-07-04,2.054655567348571,1.6033951215496631
2019-07-05,2.0551632041810914,1.603791266983339
2019-07-08,2.054200161102613,1.6030397353892298
2019-07-09,2.0538231457871583,1.6027455232949228
2019-07-10,2.0538493706837007,1.602765988462831
2019-07-11,2.053620694908559,1.602587536352363
2019-07-12,2.0554721168829766,1.6040323337232145
2019-07-15,2.0537093874799526,1.6026567495278214
2019-07-16,2.053345949360343,1.602373132693337
2019-07-17,2.054283834395455,1.6031050316615971
2019-07-18,2.0529633370662834,1.6020745528751479
2019-07-19,2.054259237037438,1.6030858365787457
2019-07-22,2.05346921120454,1.6024693227520501
2019-07-23,2.0541458378429795,1.6029973430530804
2019-07-24,2.0545968499602583,1.60334930015971
2019-07-25,2.054940470544255,1.6036174519496251
2019-07-26,2.055515235132032,1.6040659819858638
2019-07-29,2.054743524454057,1.603463760788318
2019-07-30,2.055470735808868,1.6040312559720213
2019-07-31,2.0558909264462866,1.6043591608670627
2019-08-02,2.05685932141179,1.6044862233865582
2019-08-05,2.0562499194685335,1.6040108495910432
2019-08-06,2.0544608172885344,1.6026152316359614
2019-08-07,2.0549779088162987,1.6030185972059308
2019-08-08,2.0540249353292395,1.602275214897125
2019-08-09,2.0555314420518345,1.603450389716657
2019-08-12,2.055823948799695,1.6036785643138713
2019-08-13,2.056062663744997,1.6038647777496016
2019-08-14,2.0550447871492925,1.6030707667261377
2019-08-15,2.055878336747064,1.6037209905077114
2019-08-16,2.0574756533423066,1.604967003030189
2019-08-19,2.056812975977683,1.6044500708846503
2019-08-20,2.057819807697762,1.6052354661750907
2019-08-21,2.05815634903834,1.6054979906651887
2019-08-22,2.0575739874659313,1.6050437101462285
2019-08-23,2.0569935168401523,1.6045909046906257
2019-08-26,2.0548983497154296,1.6029565358486173
2019-08-27,2.054023724940337,1.602274270713778
2019-08-28,2.0555372565831673,1.6034549254354213
2019-08-29,2.0555447876592687,1.6034608001725636
2019-09-02,2.056882414520267,1.6043975441803209
2019-09-03,2.057911738746902,1.6052004317200854
2019-09-04,2.0574595923640473,1.6048477511093022
2019-09-05,2.058996050198776,1.6060462100777748
2019-09-06,2.058497657475273,1.6056574566633937
2019-09-09,2.0583920123357604,1.6055750519516843
2019-09-10,2.0592946809443275,1.6062791463075745
2019-09-11,2.057997060980587,1.6052669842761393
2019-09-12,2.057431908725475,1.6048261574773934
2019-09-13,2.0562469735411666,1.6039018911769494
2019-09-16,2.056984225936971,1.6044769585337022
2019-09-17,2.0564080887825362,1.6040275633572152
2019-09-18,2.0559603828917057,1.6036783463933806
2019-09-19,2.0556541311657774,1.6034394656904725
2019-09-20,2.056824929211415,1.604352704821641
2019-09-23,2.0566965771185446,1.6042525883632872
2019-09-24,2.056111944757438,1.603796566804745
2019-09-25,2.057013224763036,1.6044995780305655
2019-09-26,2.055610796194155,1.6034056637961316
2019-09-27,2.055929404850688,1.603654183080699
2019-10-01,2.0565985527039543,1.604099503162268
2019-10-02,2.0564073805789786,1.6039503933078976
2019-10-03,2.058182398584215,1.6053348664694487
2019-10-04,2.0582065793845867,1.6053537269368021
2019-10-07,2.058974094833744,1.6059523713095913
2019-10-08,2.0588437054533792,1.6058506705960585
2019-10-09,2.0569467731802806,1.604371107113526
2019-10-10,2.0566824380608986,1.604164931808622
2019-10-11,2.0595254881636462,1.606382445407125
2019-10-14,2.057080749164115,1.6044756052951579
2019-10-15,2.057351384181828,1.6046866943756595
2019-10-16,2.058069516413017,1.6052468209758366
2019-10-17,2.057442670931317,1.6047578959377282
2019-10-18,2.0575224097046645,1.6048200903443814
2019-10-21,2.058814257554876,1.6058277019134752
2019-10-22,2.0583269480014184,1.6054476116855791
2019-10-23,2.0582947759463783,1.6054225182236403
2019-10-24,2.0575538092867522,1.604844581295209
2019-10-25,2.0578921812586084,1.6051085036398127
2019-10-28,2.0589604975471008,1.6059417657391841
2019-10-30,2.0588916930222707,1.6060887617676296
2019-10-31,2.0579195320963724,1.6053304038884821
2019-11-01,2.05734601336378,1.6048830165906454
2019-11-04,2.0564809959058117,1.6042082385910623
2019-11-05,2.056898095547368,1.6045336073557777
2019-11-06,2.055982939405244,1.6038197174507818
2019-11-07,2.056757483013491,1.6044239191137057
2019-11-08,2.0573189137269936,1.6048618768569534
2019-11-11,2.0582606280665745,1.605596484132665
2019-11-12,2.0574482189570196,1.6049627445604302
2019-11-13,2.0563616497694786,1.604115139721911
2019-11-14,2.056932765459271,1.6036696269763142
2019-11-15,2.058692792289495,1.6022974374630299
2019-11-18,2.057787033900447,1.603002396625061
2019-11-19,2.0582678182356373,1.602627868829486
2019-11-20,2.058235211568225,1.602653257339884
2019-11-21,2.059232076880044,1.6018770440916914
2019-11-22,2.0595100655068417,1.6016607966833565
2019-11-25,2.0595427110347706,1.6016354085761815
2019-11-26,2.060347944989908,1.6010092058721417
2019-11-28,2.059585644503439,1.600572008546931
2019-11-29,2.0593196413318458,1.6007787283945727
2019-12-02,2.058482308027757,1.6014296158599566
2019-12-03,2.0563569441702465,1.6030830770593179
2019-12-04,2.0569760828990984,1.6026004124025868
2019-12-05,2.05734599166612,1.6023122146216262
2019-12-06,2.0577862687812654,1.6019693158567743
2019-12-09,2.0561649394513113,1.6032315071138983
2019-12-10,2.055887260126704,1.603448019045185
2019-12-11,2.0543226276138515,1.6046683227806695
2019-12-12,2.0531672682375333,1.6037658508087966
2019-12-13,2.0528611626685778,1.6040049553697489
2019-12-16,2.0536850298670135,1.6033612259773824
2019-12-17,2.054884676875628,1.6024246327459477
2019-12-18,2.054556830540786,1.6026802913960985
2019-12-19,2.054472601664378,1.6027459950837157
2019-12-20,2.0547639027758158,1.60251874372522
2019-12-23,2.054465205721199,1.602751698775711
2019-12-24,2.054839216608236,1.6024599213423967
2019-12-25,2.0546199944889962,1.6026308810248449
2019-12-27,2.052693884060018,1.6049332606292046
2019-12-30,2.0520623052805718,1.6044394501308576
2019-12-31,2.051655297359887,1.60412122413802
2020-01-01,2.052275383172541,1.6036363996091894
2020-01-02,2.0531151273085206,1.6029802282815708
2020-01-03,2.0546836229956846,1.6017556171814789
2020-01-06,2.054465655252444,1.6019255367998535
2020-01-07,2.0545798934826704,1.6018364619896657
2020-01-08,2.055246178675434,1.6013169981716666
2020-01-09,2.05397939797289,1.602303993059669
2020-01-10,2.055142762788997,1.6013964551885136
2020-01-13,2.0552375310381383,1.6013226104216258
2020-01-14,2.055911959609351,1.6007971345562393
2020-01-15,2.0552190085369086,1.6013366878605375
2020-01-16,2.0543205013225543,1.6020367653513918
2020-01-17,2.053510393333598,1.6026685181773885
2020-01-20,2.054085965532172,1.6022193110803182
2020-01-21,2.054300066408626,1.6020523090343814
2020-01-22,2.0561647869879662,1.6005981008791637
2020-01-23,2.0559267795920917,1.6007833750304588
2020-01-27,2.0569267000081575,1.6009557807251515
2020-01-28,2.0568340181334337,1.6010279172690092
2020-01-29,2.0576706399128666,1.6003766956277592
2020-01-30,2.0584455042223744,1.5997740361160009
2020-01-31,2.057247312236094,1.6007052419341785
2020-02-03,2.0560468504039062,1.6016392985913903
2020-02-04,2.0543707343631317,1.6029449757063727
2020-02-05,2.054623780504395,1.6027475337189188
2020-02-06,2.055340521835747,1.6021884262988457
2020-02-07,2.0572385967806657,1.600708830252989
2020-02-10,2.058487929532504,1.5997367417597432
2020-02-11,2.059158135158152,1.599215897042365
2020-02-12,2.0584606828836636,1.599757563437843
2020-02-13,2.05773303064222,1.6003230671593767
2020-02-14,2.058734057596389,1.5995445567784141
2020-02-17,2.059026844961997,1.5993170740517237
2020-02-18,2.0588936351205964,1.5994205427239778
2020-02-19,2.0593457869502334,1.5990692953781143
2020-02-20,2.059499766936498,1.598949730868988
2020-02-21,2.0605058486200774,1.598168631466591
2020-02-25,2.0610529764310397,1.5971414519961107
2020-02-26,2.0617366489426496,1.5966116637178038
2020-02-27,2.061247080659309,1.5969907860619543
2020-02-28,2.06056082597613,1.5975224750652826
2020-03-02,2.0607187910368134,1.5974000070791228
2020-03-03,2.0596565886176923,1.598223390725258
2020-03-04,2.0599042554107325,1.5980312097257992
2020-03-05,2.058124645043122,1.599411794721982
2020-03-06,2.0581228360549138,1.5994132005246304
2020-03-09,2.057494712221748,1.5999013295773432
2020-03-10,2.0585160116276806,1.5991071704148714
2020-03-11,2.057452369278932,1.5999334346251244
2020-03-12,2.0561390402935182,1.6009547165686586
2020-03-13,2.0571577611304432,1.6001615182990954
2020-03-16,2.0569150621112358,1.6003503018909044
2020-03-17,2.0575855028609613,1.5998286760464608
2020-03-18,2.058079108815877,1.599444883994931
2020-03-19,2.0586467803545085,1.599003715657735
2020-03-20,2.058345407499127,1.5992377996784386
2020-03-23,2.057266204893166,1.6000762894647869
2020-03-25,2.0587183421176856,1.5991727023558153
2020-03-26,2.060572740282332,1.597732241626665
2020-03-27,2.059996813265236,1.598178805412572
2020-03-30,2.060873850541372,1.5974983857258762
2020-03-31,2.0591992248090207,1.5987964816299138
2020-04-01,2.0583558137774496,1.5994513199639604
2020-04-02,2.0579260734153877,1.5997852509513732
2020-04-03,2.0575455307074804,1.6000810762578948
2020-04-06,2.0568409255362683,1.6006290230147773
2020-04-07,2.0579260418671974,1.599784587905057
2020-04-08,2.0585644493132884,1.5992883045730606
2020-04-09,2.05979492948417,1.59833235075439
2020-04-10,2.0608787502410104,1.5974913418979837
2020-04-13,2.0608988190816007,1.5974757855247224
2020-04-14,2.0616355764245493,1.5969046987715683
2020-04-15,2.062912221801022,1.595915832929483
2020-04-16,2.061476082623525,1.597026862874158
2020-04-17,2.062804377874446,1.5959978316787784
2020-04-20,2.0616975269151774,1.5968542055307693
2020-04-21,2.0605915148493406,1.597710849143929
2020-04-23,2.0599832478656737,1.5981156758083903
2020-04-24,2.060259549276379,1.5979013237663757
2020-04-27,2.060474764730386,1.5977344064190089
2020-04-28,2.060238412063135,1.597917679126338
2020-04-29,2.0598240501330847,1.598239057588999
2020-04-30,2.059780280247469,1.598273019101747
2020-05-01,2.0600619644146714,1.598054448116936
2020-05-04,2.060495391905398,1.5977182248666377
2020-05-05,2.062917788851925,1.5958398864027268
2020-05-06,2.064301818979792,1.594769223047178
2020-05-07,2.0642951791815047,1.594774352600356
2020-05-08,2.0624942695705863,1.5961656480351412
2020-05-11,2.0633588635857847,1.5954965381680657
2020-05-12,2.0628804948329114,1.5958664378024179
2020-05-13,2.062470624824775,1.5961835176291383
2020-05-14,2.0632037232651674,1.5956161594164833
2020-05-15,2.0639621660169323,1.595029603907174
2020-05-18,2.064117274428528,1.5949097361535967
2020-05-19,2.0636775359536306,1.5952495148975971
2020-05-20,2.0646276319214816,1.5945150783853925
2020-05-22,2.064797174942865,1.5947103562333695
2020-05-25,2.064451850736395,1.5949770614066416
2020-05-26,2.064945583638139,1.594595607776487
2020-05-27,2.066046000201897,1.5937458423234905
2020-05-28,2.0655153008735527,1.5941552232607932
2020-05-29,2.0682886922839403,1.592014732507156
2020-06-01,2.066823172088472,1.5931427809032415
2020-06-02,2.0665035980154176,1.5933891140846794
2020-06-03,2.0672454504154536,1.5928171046579307
2020-06-04,2.0688498250799148,1.5915809304980988
2020-06-05,2.0690389568526135,1.5914354300760143
2020-06-08,2.069597162845002,1.591006076732702
2020-06-09,2.070152292566116,1.590579319885754
2020-06-10,2.0703405340199033,1.5904346865828738
2020-06-11,2.072072974593962,1.5891038264967425
2020-06-12,2.073462554831026,1.5880381365818514
2020-06-15,2.0743259167343,1.5873768988735184
2020-06-16,2.074397053967429,1.5873224611404662
2020-06-17,2.0754249821748565,1.5865358935308715
2020-06-18,2.0746288820547347,1.5871444635472614
2020-06-22,2.0762035415897646,1.5854998131373828
2020-06-23,2.076133851664301,1.585553032083207
2020-06-24,2.0781829072465423,1.5839881588508162
2020-06-25,2.0776727991086945,1.5843769625731772
2020-06-26,2.079524607945923,1.5829648233460316
2020-06-29,2.078862967356865,1.5834684739275997
2020-06-30,2.07981163750178,1.58274587253914
2020-07-01,2.0817670043554264,1.5812578296985749
2020-07-02,2.0823459971167755,1.5808180413671684
2020-07-03,2.0833393143413197,1.580063962174021
2020-07-06,2.0837235063837163,1.5797725799701878
2020-07-07,2.085482727717101,1.578438828339482
2020-07-08,2.086853424446893,1.577401389423577
2020-07-09,2.0870632320532865,1.5772428009928037
2020-07-10,2.0878209402816807,1.5766701830528516
2020-07-13,2.0895183731200686,1.5753883242054834
2020-07-14,2.0891637422354536,1.5756556974730327
2020-07-15,2.089508566721766,1.5753956294584956
2020-07-16,2.08972999647355,1.575228681369003
2020-07-17,2.0898541843045337,1.575135069163803
2020-07-21,2.090192096218334,1.573015844618175
2020-07-22,2.0923444133921176,1.5713960753045646
2020-07-23,2.093857337474355,1.570259836476079
2020-07-24,2.093838342971978,1.5702740811448357
2020-07-27,2.0948377181652558,1.5695245997110798
2020-07-28,2.096088528450904,1.5685874495462373
2020-07-29,2.097460699588914,1.567560598630116
2020-07-30,2.0996542111353684,1.5659212533620326
2020-07-31,2.101061766399606,1.5648714992206783
2020-08-03,2.10258392742212,1.5637377931871623
2020-08-04,2.1033184262212097,1.5631915303168877
2020-08-05,2.1028019448244595,1.5635753805864905
2020-08-06,2.102612535375393,1.5637162193146168
2020-08-07,2.1039852372055403,1.5626953388242886
2020-08-10,2.104826859006714,1.5620702401104338
2020-08-11,2.10384840033308,1.5627963906575542
2020-08-12,2.1049054296788006,1.5620112002198547
2020-08-13,2.1061725688253143,1.5610708798086934
2020-08-14,2.1063723274670307,1.5609228210013626
2020-08-17,2.108487102375148,1.5593556714654917
2020-08-19,2.110592555495816,1.5571963611480326
2020-08-20,2.1108609384897057,1.5569983480258924
2020-08-21,2.1128096457612213,1.5555609563212986
2020-08-24,2.1144315353820318,1.5543668363613405
2020-08-25,2.116188750375528,1.553075067550413
2020-08-26,2.115040393281823,1.553917849070049
2020-08-27,2.1153363450360607,1.5537004136419432
2020-08-28,2.1155363346285005,1.5535535226223531
2020-08-31,2.115612400884076,1.553497663029035
2020-09-01,2.116489269247738,1.5528537771484439
2020-09-02,2.1161847436647885,1.5530772054967907
2020-09-03,2.117392004539104,1.5521911914800086
2020-09-04,2.1165321419292193,1.5528215287846194
2020-09-07,2.1183289903785454,1.5515032473842088
2020-09-08,2.1187031238760845,1.5512292251057886
2020-09-09,2.1195886181545696,1.5505809018046286
2020-09-10,2.1205120101400228,1.5499053962063913
2020-09-11,2.1221462089562353,1.5487109424369196
2020-09-14,2.120211022171668,1.550123213154305
2020-09-15,2.120826734296592,1.5496730552938445
2020-09-17,2.121136558342892,1.5492304232684833
2020-09-18,2.1241244438274065,1.5470481389286816
2020-09-21,2.1247257940149717,1.5466101619112707
2020-09-22,2.125951676480798,1.5457178292233085
2020-09-23,2.1269831188300063,1.5449678973943661
2020-09-24,2.1281062275382383,1.544152109584796
2020-09-25,2.128107197795905,1.5441514055666397
2020-09-28,2.128868032743474,1.5435993448645708
2020-09-29,2.1311594605922126,1.54193787667034
2020-09-30,2.132524033171527,1.5409505802317498
2020-10-01,2.131011597880947,1.542043457968333
2020-10-02,2.130806453842705,1.5421919043786798
2020-10-05,2.132211281830684,1.5411751464529664
2020-10-06,2.133836738549196,1.5400002565546
2020-10-07,2.1345053374192204,1.5395177255283186
2020-10-08,2.133227094208877,1.5404396618876997
2020-10-09,2.1342546031007923,1.5396976801951054
2020-10-12,2.1336997125072705,1.5400979903354075
2020-10-13,2.1330310777898047,1.540580608849438
2020-10-14,2.130872623120919,1.5421395516339993
2020-10-16,2.1321636676144915,1.5397888354086746
2020-10-19,2.1330670638244666,1.539136427988363
2020-10-20,2.1359537656702674,1.5370534986501514
2020-10-21,2.1371335155168776,1.5362045389683414
2020-10-22,2.1391138483122893,1.5347810452058361
2020-10-23,2.138497810741274,1.535223042618865
2020-10-26,2.1398220903684715,1.5342723450832718
2020-10-27,2.1387521417875166,1.5350395081693105
2020-10-28,2.1403136453135505,1.5339187754028645
2020-10-29,2.141412598840353,1.5331311780094878
2020-10-30,2.1427244917605184,1.5321919363429335
2020-11-02,2.143847852118613,1.5313886582318657
2020-11-03,2.145726205153401,1.5300469172446087
2020-11-04,2.1465872718857555,1.5294329188247653
2020-11-05,2.148807368950198,1.5278511105387405
2020-11-06,2.148603019606437,1.527996407588776
2020-11-09,2.1481903235529165,1.528289899723643
2020-11-10,2.1490894895665384,1.527650204850369
2020-11-11,2.148280270931428,1.5282254265987871
2020-11-12,2.149766032360572,1.5271684982153724
2020-11-16,2.1487321010586182,1.527626619863106
2020-11-17,2.149063327759597,1.52739113647019
2020-11-18,2.1503061405688824,1.5265078394334424
2020-11-19,2.150247322820261,1.5265495943039118
2020-11-20,2.1502026113433095,1.5265813368324461
2020-11-23,2.152600173650956,1.5248791373032307
2020-11-24,2.152257093346844,1.5251221717527135
2020-11-25,2.1529860840670114,1.524605597820275
2020-11-26,2.155193091340634,1.5230427379073868
2020-11-27,2.1539019788409437,1.5239551478090219
2020-11-30,2.155403254286214,1.522892946991355
2020-12-01,2.155674758549603,1.522701116563814
2020-12-02,2.156745657123551,1.5219446673602364
2020-12-03,2.1564491185752366,1.5221539248870954
2020-12-04,2.157625048447489,1.5213238815278425
2020-12-07,2.1594532245225886,1.5200348494392097
2020-12-08,2.160800619476784,1.5190864207985344
2020-12-09,2.1617420392751345,1.5184245836910037
2020-12-10,2.162472749999931,1.5179113267399247
2020-12-11,2.16225261448725,1.518065847155554
2020-12-15,2.1614040922950477,1.517313848118994
2020-12-16,2.162039080506028,1.5168680839930966
2020-12-17,2.162866900671406,1.516287292461866
2020-12-18,2.162966351867281,1.5162175717663953
2020-12-21,2.1630440832519033,1.51616308285068
2020-12-22,2.1622915564012195,1.5166905586606716
2020-12-23,2.1631802999233245,1.5160671695968533
2020-12-24,2.1642685679046214,1.515304455846998
2020-12-25,2.1651874201635373,1.5146611249116197
2020-12-28,2.167200794643563,1.5132526648280331
2020-12-29,2.16879110100867,1.5121422299523912
2020-12-30,2.16966451238586,1.511533262944478
2020-12-31,2.170086182785518,1.5112394991706577
2021-01-01,2.1718504690674605,1.510010857129495
2021-01-04,2.173415709769597,1.5089226005999088
2021-01-05,2.1732131158249395,1.5090632541253548
2021-01-06,2.1733785468401376,1.5089483800413035
2021-01-07,2.1729273223849286,1.5092616592957218
2021-01-08,2.1722307313724976,1.5097454942111563
2021-01-11,2.174133945695082,1.5084227207108365
2021-01-13,2.1753121150228343,1.5067726335958562
2021-01-14,2.1751070132017203,1.5069147013979989
2021-01-15,2.1769988174542196,1.5056040589224995
2021-01-18,2.1765802590603913,1.5058935323074145
2021-01-19,2.177905651237391,1.504976543605157
2021-01-20,2.1786392516779154,1.5044696109679512
2021-01-21,2.179159556746416,1.5041103118488386
2021-01-22,2.1802117520829283,1.5033840603676987
2021-01-25,2.1808497447929365,1.5029441269208943
2021-01-26,2.181783010173091,1.5023009621520647
2021-01-27,2.1826799585774816,1.5016833542393464
2021-01-28,2.182584379993628,1.5017491122850144
2021-01-29,2.185565266561083,1.4996980833316638
2021-02-01,2.187532748382111,1.4983480304363648
2021-02-02,2.1885212095944713,1.497670985070165
2021-02-03,2.1888539926620156,1.4974432515931493
2021-02-04,2.190408885715831,1.4963795149902555
2021-02-05,2.191173582342884,1.4958571119013313
2021-02-08,2.1921812906554616,1.495169175692973
2021-02-09,2.191997231261084,1.4952947127250347
2021-02-11,2.1896090071835497,1.4964188467343642
2021-02-12,2.190825586264521,1.4955874143373766
2021-02-15,2.1904593744844396,1.4958374122069953
2021-02-16,2.1928237984676304,1.494222776531221
2021-02-17,2.1938074917915564,1.49355247325799
2021-02-18,2.1923865339824182,1.4945198667317448
2021-02-19,2.192278879907653,1.49459325303976
2021-02-22,2.191665347238006,1.4950115309317644
2021-02-23,2.192683111975844,1.4943172780337293
2021-02-24,2.19410108243078,1.4933509287518933
2021-02-25,2.195251375893895,1.4925680150451204
2021-02-26,2.194995403074164,1.4927420529013986
2021-03-01,2.196028788508103,1.4920392824573527
2021-03-02,2.1954100866199187,1.492459644670331
2021-03-03,2.197111899125422,1.4913027371282102
2021-03-04,2.1990285586312712,1.4900017931169591
2021-03-05,2.1996004376540483,1.4896143034838487
2021-03-08,2.201061663447018,1.4886247315577088
2021-03-09,2.2011665067319277,1.4885538238183
2021-03-10,2.203392063347981,1.4870487760171371
2021-03-12,2.203822465635874,1.4867437137599537
2021-03-15,2.20378136586387,1.4867714405068293
2021-03-16,2.203719111985051,1.4868134398133497
2021-03-17,2.2045998428744302,1.4862192250079937
2021-03-18,2.206631015607648,1.4848499207439219
2021-03-19,2.2065565663095583,1.4849000179434926
2021-03-22,2.207524566010121,1.484248603520368
2021-03-23,2.2077375636875205,1.484105392654178
2021-03-24,2.208713594815012,1.4834492761467026
2021-03-25,2.209655879780392,1.4828164046177286
2021-03-26,2.2089111695588337,1.483316151453115
2021-03-29,2.210144876265886,1.4824876993587321
2021-03-30,2.2105283698274754,1.4822304653222016
2021-03-31,2.212078444092815,1.4811910906048449
2021-04-01,2.2117107784839845,1.4814372767315511
2021-04-02,2.2124331338562904,1.480953432195461
2021-04-05,2.214080953156779,1.4798504186800006
2021-04-06,2.215035320264278,1.4792125375033462
2021-04-07,2.2148866123706235,1.4793118454370426
2021-04-08,2.215944948765822,1.478604987777996
2021-04-12,2.2160573141653077,1.4787911929454653
2021-04-13,2.217230116015618,1.4780085737251851
2021-04-14,2.2193321806275628,1.4766073346311746
2021-04-15,2.2196567738884823,1.476391370209972
2021-04-16,2.2188396452231394,1.4769348784334302
2021-04-19,2.2200536580977466,1.476126790313482
2021-04-20,2.2202356132055807,1.476005807287541
2021-04-21,2.219288991229732,1.4766351186657336
2021-04-22,2.220710145577055,1.4756895336488232
2021-04-23,2.220946424595374,1.4755325233001069
2021-04-26,2.223166457063624,1.47405759798295
2021-04-27,2.223385500589924,1.47391236244595
2021-04-28,2.220662548595942,1.4757174442031227
2021-04-29,2.2221923245900235,1.4747008479978068
2021-04-30,2.2237396574254253,1.4736740003126394
2021-05-03,2.2239343583450535,1.4735449718617888
2021-05-04,2.2243292442361833,1.473283326495706
2021-05-05,2.228389839992934,1.4705937929927129
2021-05-06,2.2297440602217415,1.4697000948492873
2021-05-07,2.231553296485014,1.468507565735667
2021-05-11,2.2302435286502864,1.4696166609923096
2021-05-12,2.23182407636109,1.4685751607169133
2021-05-13,2.2323957568111905,1.4681989860364006
2021-05-14,2.232685314571528,1.4680085500848767
2021-05-17,2.23353233028858,1.4674516304390255
2021-05-18,2.2347818298520066,1.4666306975397259
2021-05-19,2.235923687789133,1.4658813251041491
2021-05-20,2.235456770561265,1.4661874380759106
2021-05-21,2.2366769199354,1.465387168659614
2021-05-24,2.2356403919536745,1.4660662630745647
2021-05-25,2.234015194819911,1.4671320188630321
2021-05-26,2.2360666692198086,1.4657847658161656
2021-05-27,2.2382637340417366,1.464344547512381
2021-05-28,2.2385012820829444,1.464189135898627
2021-05-31,2.2390327105823977,1.4638415319720022
2021-06-01,2.239653328010538,1.463435782845389
2021-06-02,2.240958041725921,1.4625832559325938
2021-06-03,2.2406079557825582,1.4628117429588412
2021-06-04,2.241199667067661,1.4624254361022329
2021-06-07,2.2435016779989287,1.4609233301589117
2021-06-09,2.2441178422244046,1.4592085673002038
2021-06-10,2.245262736502319,1.4584641146214934
2021-06-11,2.2448322021052802,1.458743778536982
2021-06-14,2.2469831212996643,1.4573460615984948
2021-06-15,2.247653417289255,1.4569113216971243
2021-06-16,2.2487080638379853,1.4562277080735044
2021-06-17,2.248621247327515,1.4562839290699505
2021-06-18,2.250955575033391,1.4547721387107293
2021-06-21,2.251946803513352,1.4541315167492215
2021-06-22,2.2531956635719843,1.4533251003772036
2021-06-23,2.2534140127695608,1.4531842637980215
2021-06-24,2.2545329381416583,1.4524626898955417
2021-06-25,2.2549114161500974,1.4522188588221947
2021-06-28,2.2545516777461487,1.45245053927346
2021-06-29,2.2563476710531027,1.4512935059382008
2021-06-30,2.2566528890089215,1.4510971883037964
2021-07-01,2.257210632085907,1.4507385423575143
2021-07-02,2.25825012421468,1.4500704472873192
2021-07-05,2.259524237710126,1.4492523119061116
2021-07-06,2.2602306479896805,1.4487992223956243
2021-07-08,2.2612724494561216,1.4481888253404143
2021-07-09,2.2606665841150426,1.4485768402462798
2021-07-12,2.262511453622485,1.4473946954485748
2021-07-13,2.2646337080846517,1.4460370272493646
2021-07-14,2.263110240589755,1.4470098072621176
2021-07-15,2.2646238372787177,1.4460420288420093
2021-07-16,2.2645454169352313,1.446092102991513
2021-07-19,2.265649226738546,1.4453872327655326
2021-07-20,2.2677865213081065,1.4440237303102346
2021-07-21,2.2680557818312974,1.4438522774060611
2021-07-22,2.2673298095749748,1.4443144338944605
2021-07-23,2.2681789702507014,1.4437735090517363
2021-07-26,2.2694158147972825,1.4429862151853394
2021-07-27,2.2702467706407865,1.44245785990563
2021-07-28,2.272232089227221,1.4411964382679237
2021-07-29,2.2729250820495945,1.4407568974340077
2021-07-30,2.271424993962879,1.4417077700671461
2021-08-02,2.2721627355731564,1.4412395143181487
2021-08-03,2.2719717045820436,1.4413606858383663
2021-08-04,2.2725763545725566,1.4409770900729522
2021-08-06,2.27553277123135,1.4406082405156029
2021-08-09,2.276971787280988,1.4396972194107645
2021-08-10,2.2782985600251515,1.4388583196750577
2021-08-11,2.2807015298527618,1.4373407252784975
2021-08-12,2.284171564995129,1.4351538442846508
2021-08-13,2.2854437768297626,1.4343545086597793
2021-08-16,2.2858865128911416,1.4340766455715583
2021-08-17,2.2870452786126783,1.433349680847119
2021-08-18,2.28720597446794,1.4332489686509038
2021-08-19,2.2872496151555843,1.4332216217607436
2021-08-20,2.2874246832005527,1.433111921750012
2021-08-23,2.287420079462614,1.4331148060730559
2021-08-24,2.2861477482915555,1.4339119472085402
2021-08-25,2.2867395234785772,1.4335407754365643
2021-08-26,2.285585331479171,1.4342643302082574
2021-08-27,2.286208975100948,1.433872977590984
2021-08-30,2.2868824267459726,1.4334505997042588
2021-08-31,2.288065029967281,1.4327093270979496
2021-09-01,2.2883519228159988,1.4325296844501876
2021-09-02,2.292712766566249,1.4297997555178428
2021-09-06,2.2918858975103062,1.4291553255007605
2021-09-07,2.292098481637728,1.4290227640420283
2021-09-08,2.2922333934360553,1.428938652459349
2021-09-09,2.292044190226228,1.429056598468017
2021-09-10,2.2921889252944903,1.428966358233901
2021-09-13,2.293193186756546,1.428340294723903
2021-09-14,2.2940233890784616,1.427823194186533
2021-09-15,2.2960712372362067,1.426548592928446
2021-09-16,2.298132057720332,1.4252682055806014
2021-09-17,2.299726040784294,1.4242796403788465
2021-09-20,2.2991995173274593,1.42460572993319
2021-09-21,2.2999704154662477,1.4241280741675912
2021-09-22,2.3007457984391824,1.4236479616180724
2021-09-23,2.3011175492981426,1.4234179308372068
2021-09-24,2.3013666419644974,1.4232638478926665
2021-09-27,2.304405824751056,1.4213842868925322
2021-09-28,2.3051034769513667,1.4209539669095732
2021-09-29,2.306615732242961,1.4200217548952072
2021-09-30,2.306085530531289,1.4203481629546564
2021-10-01,2.304941689749041,1.421052669414746
2021-10-05,2.3055365811532966,1.4208516787815453
2021-10-06,2.305235475602255,1.4210372435351843
2021-10-07,2.306104422268614,1.4205015908486758
2021-10-08,2.3043283059441118,1.4215956332693593
2021-10-11,2.304508513992736,1.4214844585837283
2021-10-12,2.306217776960294,1.420430138007665
2021-10-13,2.3078775542692456,1.4194078591337576
2021-10-14,2.3087516574644913,1.4188702617457456
2021-10-15,2.3088444933032255,1.4188132083981593
2021-10-18,2.308818723060721,1.4188290445276843
2021-10-19,2.310066568250831,1.4180622112630725
2021-10-20,2.311004940745742,1.4174861799947918
2021-10-21,2.3125484928797766,1.416539421387954
2021-10-22,2.312405174328674,1.416627210412953
2021-10-25,2.3122299194700275,1.4167345751621208
2021-10-26,2.3136165876907073,1.4158849447702755
2021-10-27,2.3138302047709374,1.4157542155866014
2021-10-28,2.3146260217458456,1.4152672821743142
2021-10-29,2.3163340406257618,1.414222921998903
2021-11-01,2.3173460522658456,1.4136050447697837
2021-11-03,2.316034515560482,1.41400841985151
2021-11-04,2.315982873645613,1.4140399487868305
2021-11-05,2.3169874046797294,1.4134266251616
2021-11-08,2.317532184194687,1.4130942945370448
2021-11-09,2.3207187179700965,1.4111513343796454
2021-11-10,2.322247354813242,1.410221821507498
2021-11-11,2.324171648656974,1.409053263315883
2021-11-12,2.324760282902824,1.4086963976749594
2021-11-15,2.3257913593998096,1.4080716133659221
2021-11-16,2.3268812862505075,1.407411754065598
2021-11-17,2.3282617491696906,1.40657678248798
2021-11-18,2.3272745787360374,1.4071731634631133
2021-11-19,2.3263436327988876,1.407736054559575
2021-11-22,2.326911762262655,1.4073922634194664
2021-11-23,2.3259119854054267,1.4079969611294652
2021-11-24,2.3268882685532266,1.4074059655484072
2021-11-25,2.3280989417016684,1.4066736963481736
2021-11-26,2.325834917406886,1.4080416551433594
2021-11-29,2.32773017706248,1.406894280270613
2021-11-30,2.3299955854403276,1.4055250536649362
2021-12-02,2.3311927030705575,1.4043364040484398
2021-12-03,2.3316664058108754,1.4040510402507367
2021-12-06,2.332938050540348,1.4032852985902677
2021-12-07,2.334445555617705,1.4023785193844867
2021-12-08,2.332911188137896,1.4033002645883308
2021-12-09,2.3334917766197125,1.4029510271315888
2021-12-10,2.3335509295377457,1.4029154629834981
2021-12-13,2.3337536535287065,1.402793586654151
2021-12-14,2.333760816440304,1.4027892811069755
2021-12-15,2.3366525000179714,1.401051132664972
2021-12-16,2.3384102980116164,1.3999971612807058
2021-12-17,2.338444199641714,1.3999768645064659
2021-12-20,2.337037094447436,1.400819268493791
2021-12-21,2.3368903959898764,1.4009071995011748
2021-12-22,2.338954527777092,1.3996698042487523
2021-12-23,2.3397515331821053,1.3991928627836783
2021-12-24,2.342457416694179,1.3975747196415864
2021-12-27,2.344258304719662,1.3965002601618182
2021-12-28,2.345281702678643,1.395890610827063
2021-12-29,2.3467919566324102,1.394991721234559
2021-12-31,2.3476242960068228,1.394716845719455
2022-01-03,2.3500087481766774,1.3933002495397486
2022-01-04,2.351114472786452,1.392644674799477
2022-01-05,2.352159718841739,1.3920255401849788
2022-01-06,2.3531179125090755,1.391458474076886
2022-01-07,2.3527438090204185,1.3916796909851872
2022-01-10,2.3532745731371927,1.3913657368524905
2022-01-11,2.353904820230221,1.3909931053623108
2022-01-12,2.35345835856621,1.3912569329780713
2022-01-13,2.3545889035089873,1.3905886065197097
2022-01-14,2.3550130007850383,1.3903381403600952
2022-01-17,2.357614466623147,1.3888023029042675
2022-01-18,2.357653855483932,1.388779100068799
2022-01-19,2.359682827984561,1.3875839311524911
2022-01-20,2.3619695898916326,1.3862392275173276
2022-01-21,2.36289611292465,1.3856954514335609
2022-01-24,2.3622895810497537,1.3860511456410194
2022-01-25,2.3601515451095465,1.3873056180766252
2022-01-26,2.3588824003398234,1.3880516259644822
2022-01-27,2.3591586821914388,1.3878890517414928
2022-01-31,2.3608724028422277,1.3857352534647613
2022-02-01,2.3623183248907433,1.3848865565364656
2022-02-02,2.361145270704165,1.3855742483500388
2022-02-03,2.3608404531659537,1.385753122278988
2022-02-04,2.363314696914421,1.3843008043152223
2022-02-07,2.3645354110108796,1.383585776601066
2022-02-08,2.36582350291924,1.3828320616704024
2022-02-09,2.3672275497521564,1.3820113914157326
2022-02-10,2.370335693264388,1.3801968257900037
2022-02-11,2.370962166794654,1.3798320433752713
2022-02-14,2.371717133013757,1.3793926746686032
2022-02-15,2.372711025974977,1.3788146256883822
2022-02-16,2.375386636874819,1.3772597918291525
2022-02-17,2.3747664734880654,1.3776193653333901
2022-02-18,2.3760390749167457,1.3768811199555508
2022-02-21,2.376917895341603,1.3763718559187803
2022-02-22,2.3778318518797117,1.37584262263771
2022-02-23,2.3777260482974523,1.3759038418858187
2022-02-24,2.3778121056555985,1.3758540436133135
2022-02-25,2.3793048108223385,1.3749903317856644
2022-03-01,2.3803371953988037,1.3725708859145855
2022-03-02,2.380343840562949,1.3725670541218231
2022-03-03,2.3806823832937267,1.3723718417366375
2022-03-04,2.380958711231955,1.372212549306799
2022-03-07,2.3796139572074453,1.3729875683524706
2022-03-08,2.3795783179890266,1.3730081314373719
2022-03-09,2.3807859704569325,1.3723113203066557
2022-03-10,2.3798584786382033,1.372845936831672
2022-03-11,2.3820837732133797,1.371562252678515
2022-03-14,2.3828501209049207,1.3711210030558256
2022-03-15,2.382701133355465,1.3712067323077244
2022-03-16,2.382903509010761,1.371090268326106
2022-03-17,2.385962543380816,1.3693301415566426
2022-03-18,2.3870604759088048,1.368700026005105
2022-03-21,2.38786971158118,1.3682360239837892
2022-03-22,2.3887602408864295,1.3677257556597069
2022-03-23,2.3890981754730465,1.3675322654006454
2022-03-24,2.389358993208707,1.3673829719674304
2022-03-25,2.3876086937842977,1.3683846337669274
2022-03-28,2.391008875073103,1.3664359242318451
2022-03-30,2.392098433731808,1.3659137939884476
2022-03-31,2.392858743700232,1.3654796488634258
2022-04-01,2.3922485926772996,1.3658278302204494
2022-04-04,2.3927955376408145,1.3655155580531444
2022-04-05,2.3903689666990267,1.366900348488268
2022-04-06,2.3930011718409436,1.3653951573751373
2022-04-07,2.3925990036299476,1.365624625932949
2022-04-08,2.392273835342455,1.3658102223577149
2022-04-11,2.392653329091853,1.3655935596853273
2022-04-12,2.3953558681831377,1.3640511005530396
2022-04-13,2.3954924414009606,1.363973328038921
2022-04-14,2.3951710198088345,1.3641563428007875
2022-04-15,2.397420215163112,1.3628753260870075
2022-04-18,2.398770975454062,1.3621074515774199
2022-04-19,2.400394474440426,1.361185571127146
2022-04-20,2.4016095175919374,1.3604965597068377
2022-04-21,2.4048192787356895,1.358678250376546
2022-04-22,2.4075778793596614,1.357119692233567
2022-04-25,2.407065534799845,1.3574084940610371
2022-04-26,2.4093218248646577,1.3561361118783488
2022-04-28,2.409785654208216,1.3551623978513323
2022-04-29,2.4091056092496137,1.3555448266184456
2022-05-02,2.4101137504615573,1.3549775702063134
2022-05-03,2.4093324888570535,1.355416799247002
2022-05-04,2.410385522547535,1.354824394686464
2022-05-05,2.4113463127771624,1.3542843557470086
2022-05-06,2.408747020198896,1.3557441963580827
2022-05-09,2.4097203468989465,1.3551963671283263
2022-05-10,2.411174501532834,1.3543785688806487
2022-05-11,2.411059663981481,1.3544430741739637
2022-05-12,2.4115173136182073,1.3541859837377037
2022-05-13,2.4115353574830896,1.3541758512170794
2022-05-16,2.4118036356324346,1.3540252020507197
2022-05-17,2.411187328658229,1.3543712066602762
2022-05-18,2.4097843863563173,1.3551592435895232
2022-05-19,2.4089089351601256,1.3556515597434278
2022-05-20,2.409542099029779,1.3552952367729156
2022-05-23,2.4104289484285473,1.3547964105576074
2022-05-24,2.4099849333671104,1.3550459719528356
2022-05-25,2.408686752793994,1.3557758911868163
2022-05-27,2.4086265434401244,1.355977794472591
2022-05-30,2.4077281490010187,1.3564835610944121
2022-05-31,2.4054174573251363,1.3577853755348805
2022-06-01,2.4058854133971437,1.3575212284908698
2022-06-02,2.405206323968682,1.3579044048092626
2022-06-03,2.4049736477474952,1.3580357665400606
2022-06-06,2.4071595347231822,1.356801444202526
2022-06-07,2.4076967645473144,1.3564986332792215
2022-06-08,2.4077295166205794,1.3564801807301814
2022-06-09,2.406410252283544,1.357223435283477
2022-06-10,2.4061864985708525,1.3573496331262214
2022-06-13,2.4071623566880804,1.356799143520287
2022-06-14,2.4047116582370935,1.358180481820999
2022-06-15,2.405247343352853,1.357877927015256
2022-06-16,2.4056758698897136,1.3576360031535992
2022-06-17,2.4054753750511244,1.357749151817857
2022-06-20,2.4057760618375337,1.3575794318392431
2022-06-21,2.405356532248923,1.357816172386121
2022-06-22,2.4067956974095632,1.357003768194205
2022-06-23,2.4053519139882464,1.3578178046931453
2022-06-27,2.404494817295873,1.3588982565509422
2022-06-28,2.402569674796971,1.359986249241362
2022-06-29,2.403068290642945,1.359704005316746
2022-06-30,2.405000403683986,1.3586107771921614
2022-07-01,2.4033908507766912,1.3595200310629558
2022-07-04,2.402770672584023,1.3598708456944957
2022-07-05,2.402180122790594,1.3602050729497963
2022-07-06,2.4005071380554064,1.3611523800656036
2022-07-07,2.398273039009612,1.3624191745630148
2022-07-08,2.3980314174055253,1.3625564357926754
2022-07-11,2.3968807879387817,1.3632102210490924
2022-07-12,2.3987479061499224,1.3621483098175693
2022-07-13,2.398594658396465,1.3622353327881034
2022-07-14,2.3983096506779398,1.3623971973961702
2022-07-15,2.397326132528111,1.3618384945737319
2022-07-18,2.399441426022187,1.3630401200298876
2022-07-19,2.4013326222397473,1.3641144435334445
2022-07-20,2.402053846862016,1.3645241464272282
2022-07-21,2.400151015103709,1.3634432131733003
2022-07-22,2.400459900240035,1.3636186801918853
2022-07-26,2.4007405018302883,1.3640376557234433
2022-07-27,2.400474083362241,1.3638862837520371
2022-07-28,2.400537721905719,1.3639224414998627
2022-07-29,2.402491097212594,1.3650322980096798
2022-08-01,2.4029408181460634,1.3652878176242953
2022-08-02,2.404940786187437,1.3664241469012817
2022-08-03,2.4054574404435196,1.3667176962706322
2022-08-04,2.406869594428015,1.3675200450497123
2022-08-05,2.404765509673596,1.3663245593928186
2022-08-08,2.404721900759786,1.3662997819541423
2022-08-09,2.4058320765285286,1.3669305546477681
2022-08-10,2.4065685449164707,1.3673489966295804
2022-08-11,2.406604656354516,1.3673695141995794
2022-08-12,2.4049326005122733,1.366419496015793
2022-08-15,2.406160928387034,1.3671173996307282
2022-08-16,2.407988492896193,1.368155773751903
2022-08-17,2.407169790774792,1.3676906087240457
2022-08-18,2.4082373252715743,1.3682971537676625
2022-08-19,2.4089064366918884,1.368677325290777
2022-08-22,2.40908976688053,1.368781488685591
2022-08-24,2.4077059750030316,1.368228490247546
2022-08-25,2.4089480123279072,1.3689343035285233
2022-08-26,2.4091694739561107,1.3690601536582112
2022-08-29,2.4088456870677457,1.3688761550927597
2022-08-30,2.408669196731435,1.3687758608255605
2022-08-31,2.408016222176693,1.3684047945913607
2022-09-01,2.4076676810479354,1.3682067289191648
2022-09-02,2.407155045020028,1.3679154129421343
2022-09-05,2.4071691493167298,1.3679234279991148
2022-09-06,2.407341948003905,1.3680216244106886
2022-09-07,2.4091403498723074,1.3690436032979818
2022-09-08,2.409741759824307,1.3693853668850589
2022-09-09,2.409665066160367,1.3693417841315525
2022-09-12,2.40965062826346,1.3693335794993873
2022-09-13,2.4115713204087834,1.3704250523542583
2022-09-14,2.4118306569516172,1.3705724256839553
2022-09-15,2.41249716838338,1.37095118452722
2022-09-16,2.4117883360435965,1.3705483759566681
2022-09-19,2.4120352943935908,1.3706887151234413
2022-09-20,2.413127383402794,1.3713093171868957
2022-09-22,2.414007624928234,1.3715509382257711
2022-09-23,2.4145727456141186,1.3718720191531601
2022-09-26,2.415423107915683,1.3723551639454543
2022-09-27,2.4148142869702482,1.3720092541271507
2022-09-28,2.4142701621538003,1.3717001022857047
2022-09-29,2.4128383158444717,1.3708865795243534
2022-09-30,2.4139383131703656,1.3715115578172121
2022-10-03,2.4143332434759306,1.3717359427883025
2022-10-04,2.4159941152228464,1.3726795894359898
2022-10-05,2.416315248075775,1.3728620453906362
2022-10-06,2.4172353964090036,1.373384840056533
2022-10-07,2.417612728484308,1.3735992263561294
2022-10-10,2.4145475292090826,1.3718576921130843
2022-10-11,2.414591230784295,1.3718825217515103
2022-10-12,2.416354976106903,1.3728846174064842
2022-10-13,2.416478453713109,1.3729547728711533
2022-10-14,2.4196388992436066,1.3747504225566818
2022-10-17,2.4200348115496375,1.37497536546456
2022-10-18,2.419757912644755,1.3748180416231341
2022-10-19,2.418462504052014,1.374082037787681
2022-10-21,2.4194387444752743,1.3743129242718704
2022-10-24,2.420623685542288,1.3749860059221564
2022-10-25,2.4215427252560024,1.375508047721876
2022-10-26,2.423191649986363,1.3764446858464248
2022-10-27,2.422980784418439,1.3763249079533313
2022-10-28,2.4232025130850525,1.376450856408486
2022-10-31,2.4240747313488447,1.3769463022367603
2022-11-01,2.4249717206374366,1.377455818741388
2022-11-02,2.4247245358805847,1.377315410472404
2022-11-03,2.423039687661507,1.3763583667414137
2022-11-04,2.42420056885721,1.3770177816716085
2022-11-07,2.4261925414534673,1.378149281152669
2022-11-08,2.4262975852281463,1.378208949130412
2022-11-09,2.4263829313055845,1.3782574282322397
2022-11-10,2.4264513259973692,1.3782962784445405
2022-11-11,2.427022525715489,1.3786207368160306
2022-11-14,2.428149845814755,1.3792610880486256
2022-11-15,2.428255968778401,1.3793213690376913
2022-11-16,2.4278064304956253,1.3790660179677854
2022-11-17,2.43049172674684,1.3805913458364782
2022-11-21,2.4306844007462582,1.380978647610104
2022-11-22,2.432346668838449,1.3819230551774602
2022-11-23,2.430652094924026,1.3809602932525074
2022-11-24,2.4320613057997265,1.3817609278921688
2022-11-25,2.4316548546887535,1.381530005150665
2022-11-28,2.43180949026022,1.3816178604157459
2022-11-29,2.432311435618865,1.3819030376367551
2022-11-30,2.4337962031885487,1.3827465993553263
2022-12-01,2.4341344353658307,1.3829387639220705
2022-12-02,2.4331863464959027,1.382400112962281
2022-12-05,2.4338516179093137,1.3827780828939198
2022-12-06,2.4354917606894246,1.383709920098976
2022-12-07,2.434330253550207,1.3830500168397073
2022-12-08,2.4356625683264674,1.3838069634253463
2022-12-09,2.437161618106466,1.3846586394953646
2022-12-12,2.437249039097386,1.3847083072028532
2022-12-13,2.436214355437086,1.3841204579364215
2022-12-14,2.435225218708267,1.3835584858837573
2022-12-15,2.4357259876204767,1.3838429947138366
2022-12-16,2.435202159841045,1.3835453851277473
2022-12-20,2.4371580961918946,1.3849634416123777
2022-12-21,2.4372648580944865,1.3850241111816919
2022-12-22,2.438031772834451,1.385459925698339
2022-12-23,2.4397124349229293,1.3864149952746145
2022-12-26,2.4394417759508498,1.3862611879438302
2022-12-27,2.438759911809051,1.385873705117003
2022-12-28,2.438366130694577,1.3856499311860477
2022-12-29,2.4390303631851666,1.3860273944772619
2022-12-30,2.438845849843482,1.385922541110087
2023-01-02,2.4387163976997708,1.3858489773610803
2023-01-03,2.439539518355577,1.386316732004535
2023-01-04,2.440984364023658,1.3871377942212995
2023-01-05,2.440113448579533,1.386642879241129
2023-01-06,2.4412414127191027,1.3872838672423566
2023-01-09,2.4412330201258348,1.3872790979847223
2023-01-10,2.4427557034186953,1.3881443929760735
2023-01-11,2.440360696361964,1.3867833826989153
2023-01-12,2.4419924167060083,1.3877106401579073
2023-01-13,2.442964639920705,1.3882631252886608
2023-01-16,2.4434586766685036,1.3885438714723342
2023-01-18,2.443268734305464,1.388403699037904
2023-01-19,2.4426420748058315,1.3880475956117393
2023-01-20,2.4426264553215766,1.3880387197359865
2023-01-23,2.44485244244915,1.3893036517176955
2023-01-24,2.4454925128311618,1.3896673759669163
2023-01-25,2.446234906782233,1.390089246264415
2023-01-26,2.444329730780316,1.3890066173373388
2023-01-27,2.446736929694916,1.3903745241215677
2023-01-30,2.445930613915554,1.389916329820245
2023-01-31,2.446689464410193,1.3903475516580153
2023-02-01,2.446049473443794,1.3899838725372444
2023-02-02,2.446719996161842,1.390364901528839
2023-02-03,2.4482232436251676,1.391219131892182
2023-02-06,2.4474490957594686,1.3907792172216231
2023-02-07,2.4470617860578696,1.3905591259091845
2023-02-08,2.4458809282248675,1.3898880955962443
2023-02-09,2.4467824734885193,1.3904004046850194
2023-02-10,2.4484598373037225,1.391353577822694
2023-02-13,2.4499693654771497,1.3922113772413012
2023-02-14,2.4489246001487017,1.391617682398701
2023-02-16,2.449800342614504,1.391860761926957
2023-02-17,2.4509338201166218,1.3925047502684889
2023-02-20,2.4513966978124957,1.392767735496816
2023-02-21,2.453333145572498,1.393867933585527
2023-02-22,2.45393908657134,1.3942122006205424
2023-02-23,2.455010320402095,1.3948208250500278
2023-02-24,2.455915175986376,1.3953349212239334
2023-02-27,2.45607641833427,1.395426531504694
2023-02-28,2.4574162117130194,1.3961877387755612
2023-03-01,2.4552980391507964,1.3949842932436685
2023-03-02,2.453890195541711,1.3941844230484002
2023-03-03,2.4550096204947,1.3948204273957276
2023-03-06,2.4548711503742577,1.3947417552182484
2023-03-07,2.453888335439352,1.3941833662261596
2023-03-08,2.453582729660039,1.3940097354671772
2023-03-09,2.454770274696597,1.3946844424262113
2023-03-10,2.454705917158718,1.3946478775151245
2023-03-13,2.45585387274268,1.3953000916184366
2023-03-14,2.458239974598656,1.3966557619110405
2023-03-15,2.458190362182502,1.396627574481172
2023-03-17,2.455810335201988,1.3950195113035264
2023-03-20,2.458634680757195,1.396623876713876
2023-03-21,2.458205596979548,1.3963801362941777
2023-03-22,2.4593987297926914,1.3970578936641393
2023-03-23,2.4595231603373486,1.397128576255181
2023-03-24,2.463204169351101,1.3992195681049429
2023-03-27,2.465469795270893,1.4005065536339638
2023-03-28,2.466288733544646,1.4009717503366828
2023-03-29,2.4665295471580744,1.4011085441617208
2023-03-30,2.4667512528350133,1.4012344837510544
2023-03-31,2.4669442997912627,1.4013441437955234
2023-04-03,2.464571074770882,1.399996036752936
2023-04-04,2.4642206407616865,1.3997969732205267
2023-04-05,2.464030563617721,1.399689000173633
2023-04-06,2.464553813806782,1.3999862316872276
2023-04-07,2.4666727742501497,1.4011899041043547
2023-04-10,2.4651041520502597,1.4002988505309808
2023-04-11,2.4669750283074046,1.4013615990847028
2023-04-12,2.466062409442456,1.4008431872575604
2023-04-13,2.4645392317653156,1.3999779483796495
2023-04-17,2.4663848874617593,1.4015332640163243
2023-04-18,2.467194186682464,1.4019931515967767
2023-04-19,2.4658009639398717,1.4012014470952396
2023-04-20,2.466687802838526,1.4017053969136992
2023-04-21,2.4669486658162945,1.4018536333639595
2023-04-24,2.4676460263471536,1.402249911327703
2023-04-25,2.467604513984598,1.4022263217584976
2023-04-26,2.467433059845396,1.4021288922451371
2023-04-27,2.4674740474353225,1.4021521836101574
2023-04-28,2.4689482561615437,1.402989908726949
2023-05-01,2.468850438856186,1.4029343236445264
2023-05-02,2.469304561494482,1.4031923806845086
2023-05-03,2.4701379016017353,1.4036659295967209
2023-05-04,2.469802183555768,1.4034751564488859
2023-05-05,2.4713460314060645,1.4043524542817465
2023-05-08,2.4730233561394503,1.4053056008974059
2023-05-09,2.4739209334766445,1.40581565287733
2023-05-10,2.475883358013963,1.4069308086184944
2023-05-11,2.47646755013167,1.407262778170248
2023-05-12,2.4760971953749222,1.4070523225703506
2023-05-16,2.4768264431748848,1.4082908070732223
2023-05-17,2.4782939451068438,1.4091252092921727
2023-05-18,2.479669727959364,1.4099074612537794
2023-05-19,2.482177851807549,1.4113335473520339
2023-05-22,2.482052854669434,1.411262475629991
2023-05-23,2.48161982466523,1.4110162604881156
2023-05-24,2.481309463647566,1.4108397933120427
2023-05-25,2.481752289436429,1.4110915782077138
2023-05-26,2.4830764042101596,1.4118444523820401
2023-05-29,2.482459759486419,1.4114938363354186
2023-05-30,2.4828825825852467,1.4117342479656878
2023-05-31,2.483113549803417,1.4118655728758285
2023-06-01,2.4833135257300265,1.4119792765468533
2023-06-02,2.4838619174278196,1.4122910848242582
2023-06-05,2.4853202951957902,1.4131202991640568
2023-06-06,2.4842524471747898,1.4125131348811213
2023-06-07,2.486025674798428,1.413521368691003
2023-06-08,2.488246749890454,1.4147842426572184
2023-06-09,2.48832259065475,1.414827364714258
2023-06-12,2.4880872335336943,1.4146935437633086
2023-06-14,2.489653522205609,1.4152667856097179
2023-06-15,2.4908341590125227,1.4159379296238508
2023-06-16,2.4925131137013894,1.4168923470897765
2023-06-19,2.4932369658927813,1.4173038276251324
2023-06-20,2.4939786746969936,1.4177254589187374
2023-06-21,2.493410919857959,1.4174027133804976
2023-06-22,2.4944748777130012,1.4180075301552415
2023-06-23,2.4943629008805286,1.4179438758795189
2023-06-26,2.4968075148024784,1.4193335394839186
2023-06-27,2.497892851797392,1.4199505094302964
2023-06-28,2.4989496945514533,1.4205512815594683
2023-06-29,2.497325958897654,1.4196282538694964
2023-06-30,2.497504781641011,1.4197299073272678
2023-07-03,2.499526588306884,1.4208792222000453
2023-07-04,2.5015782430662425,1.4220455045001967
2023-07-05,2.5008493305572648,1.4216311473800711
2023-07-06,2.499885012139201,1.4210829715734117
2023-07-07,2.499054465673023,1.4206108396815627
2023-07-10,2.4987872979960066,1.4204589657215527
2023-07-11,2.4987309340188446,1.4204269250925774
2023-07-13,2.4989567531489483,1.4210945754684192
2023-07-14,2.5014000001638754,1.4224839893008383
2023-07-17,2.5023818668282956,1.423042352461338
2023-07-18,2.5044977229401932,1.424245587226926
2023-07-19,2.504056158052576,1.4239944802536983
2023-07-20,2.504047764087053,1.4239897068141993
2023-07-21,2.50341634801932,1.4236306361949949
2023-07-24,2.5038491043025646,1.4238767339339187
2023-07-25,2.5048587819676373,1.4244509125190417
2023-07-26,2.505080537070307,1.4245770191325673
2023-07-27,2.5066538317839466,1.4254717127203411
2023-07-28,2.505716174402017,1.424938490279645
2023-07-31,2.505852109934765,1.425015793437436
2023-08-01,2.5061475495600414,1.4251838026069943
2023-08-02,2.5048572471892547,1.4244500397287339
2023-08-03,2.507155668013704,1.425757094507354
2023-08-04,2.5088310641021545,1.426709850608498
2023-08-07,2.511310278382921,1.4281197181307677
2023-08-08,2.511041978954808,1.4279671429165657
2023-08-09,2.509655918762005,1.4271789249456934
2023-08-11,2.507191607803036,1.4256086503116794
2023-08-14,2.5104744941501993,1.4274753250245096
2023-08-15,2.510653315683759,1.4275770043394496
2023-08-16,2.5109594087487808,1.4277510512371567
2023-08-17,2.511864819775561,1.4282658749896966
2023-08-18,2.513193453642404,1.4290213465411223
2023-08-21,2.5146165298669816,1.429830518751773
2023-08-22,2.5129759603620028,1.4288976781701213
2023-08-23,2.5129058140108578,1.428857792409229
2023-08-24,2.5139398118830756,1.4294457316422935
2023-08-25,2.5120239477351514,1.428356356385292
2023-08-28,2.5151321027202953,1.4301236774865353
2023-08-29,2.516463968373944,1.430880986657077
2023-08-30,2.5194771978447137,1.432594332372472
2023-08-31,2.5202254204947154,1.4330197775912903
2023-09-01,2.520813138024243,1.433353958350123
2023-09-04,2.5212542140389025,1.433604757602955
2023-09-05,2.521625676855905,1.4338159742501149
2023-09-06,2.523531491960659,1.4348996355430037
2023-09-07,2.52255487594474,1.4343443240797737
2023-09-11,2.521405556998502,1.4334207172353193
2023-09-12,2.523552505460768,1.4346412588479553
2023-09-13,2.5239205977126167,1.4348505195351897
2023-09-14,2.524995024929309,1.435461332114425
2023-09-15,2.526234641441448,1.4361660549167505
2023-09-18,2.5253370820105245,1.4356557917900334
2023-09-19,2.525443682052383,1.4357163939839306
2023-09-20,2.526908444987625,1.4365491126758467
2023-09-21,2.52767421813126,1.4369844552115771
2023-09-22,2.529417948759593,1.4379757672204656
2023-09-25,2.5285696752870965,1.4374935231935249
2023-09-26,2.5292071650149324,1.4378559365230141
2023-09-27,2.5281899577634785,1.437277653531645
2023-09-28,2.528685389051283,1.4375593065445584
2023-09-29,2.5298779616674096,1.4382372848610647
2023-10-02,2.5310787305144196,1.438919922740218
2023-10-03,2.5302747458769157,1.4384628569450952
2023-10-04,2.5315144924864517,1.4391676537078764
2023-10-05,2.5314646013933215,1.4391392905886233
2023-10-06,2.5314689403641517,1.4391417572963936
2023-10-10,2.5318009657612013,1.4406163221058197
2023-10-11,2.5327972604516025,1.4411832222737355
2023-10-12,2.5324522663622777,1.4409869176973362
2023-10-13,2.5344297503345237,1.4421121229269913
2023-10-16,2.5336533218239543,1.4416703284888024
2023-10-17,2.53339597353302,1.4415238951184863
2023-10-18,2.5339072311946826,1.4418148050842194
2023-10-19,2.533656365788721,1.4416720605306914
2023-10-20,2.532776481165009,1.441171398682611
2023-10-23,2.5326099743163093,1.4410766548669545
2023-10-24,2.533358044492424,1.4415023131712073
2023-10-25,2.5348575790778805,1.4423555611273398
2023-10-26,2.5368977344528614,1.443516426919152
2023-10-27,2.5368608077500308,1.4434954153106019
2023-10-30,2.536253657059596,1.4431499413944264
2023-10-31,2.5368094632735567,1.4434661998659999
2023-11-01,2.535334040292341,1.4426266716181266
2023-11-02,2.5357100646293844,1.4428406326698755
2023-11-03,2.5360906200111186,1.4430571719246612
2023-11-06,2.5352003908470238,1.4425506239449608
2023-11-08,2.536112196948785,1.4432266120281636
2023-11-09,2.5372247201596743,1.4438597161575417
2023-11-10,2.5379828307160794,1.4442911345037726
2023-11-13,2.539500179102707,1.4451546126944983
2023-11-14,2.541083350877822,1.4460555490332005
2023-11-15,2.540841242712379,1.445917772420724
2023-11-16,2.541012218761081,1.4460150698446326
2023-11-17,2.5431463332040045,1.4472295313975743
2023-11-20,2.5417557612749686,1.4464381979477614
2023-11-21,2.541240743785844,1.4461451166925794
2023-11-22,2.543144697562903,1.4472286006024901
2023-11-23,2.544264965807225,1.4478661122018432
2023-11-24,2.5450617909603963,1.4483195618826474
2023-11-27,2.5432484667112214,1.4472876525626284
2023-11-28,2.5442678606956894,1.4478677595974416
2023-11-29,2.5439126328713413,1.44766560992518
2023-11-30,2.5428306996687655,1.447049913666839
2023-12-01,2.5443395754560663,1.4479085703513095
2023-12-04,2.545359397215423,1.4484889208201888
2023-12-05,2.5471409139029393,1.4495027293954912
2023-12-07,2.548096525996798,1.4503185822535198
2023-12-08,2.5474086569550787,1.4499270628416043
2023-12-11,2.5469028541928402,1.449639171414594
2023-12-12,2.54856932541536,1.4505876889280214
2023-12-13,2.5511652560444795,1.4520652335937125
2023-12-14,2.5519414043944466,1.4525069995798352
2023-12-15,2.5517512027650127,1.4523987411387878
2023-12-18,2.553068167592544,1.4531483275622439
2023-12-19,2.5539990913540156,1.453678188191992
2023-12-20,2.554926124019261,1.454205834098277
2023-12-21,2.554189524390671,1.453786578344766
2023-12-22,2.555131814114664,1.4543229082218452
2023-12-25,2.5562450499523464,1.454956536738406
2023-12-26,2.5579754390474445,1.4559414348509954
2023-12-27,2.559454853903861,1.4567834841357192
2023-12-28,2.5583526056458967,1.4561561094996047
2023-12-29,2.5589051667187244,1.4564706146934134
2024-01-01,2.5605378082409618,1.4573998771109482
2024-01-02,2.5617327622944512,1.458080017777141
2024-01-03,2.5611727322615585,1.457761261421156
2024-01-05,2.5611901474223626,1.4570404372402899
2024-01-08,2.562196366172643,1.4576128669793873
2024-01-09,2.5632282816627203,1.4581999153866951
2024-01-10,2.566682954576704,1.4601652509703023
2024-01-11,2.5664064117213963,1.4600079279682523
2024-01-12,2.5667957208566157,1.4602294027982927
2024-01-15,2.5667875719313784,1.4602247669403878
2024-01-16,2.5686270239977365,1.4612712163989514
2024-01-17,2.5697936863345996,1.461934921201629
2024-01-18,2.5712718279073927,1.4627758240317812
2024-01-19,2.570392391993394,1.4622755200266502
2024-01-22,2.5720076849228892,1.4631944471584883
2024-01-23,2.570762055330709,1.4624858185205656
2024-01-24,2.570963958892316,1.4626006798298596
2024-01-25,2.572835040595529,1.463665123133964
2024-01-26,2.5739344397678705,1.46429056246434
2024-01-29,2.574458656399892,1.46458878508225
2024-01-30,2.5771928170864187,1.46614422706542
2024-01-31,2.575889305465589,1.4654026698078015
2024-02-01,2.5755486268487546,1.465208860487814
2024-02-05,2.5760557545837117,1.4651856398371543
2024-02-06,2.5777043636481265,1.466123320755973
2024-02-07,2.5788567277037804,1.466778751937229
2024-02-08,2.5781736183979014,1.4663902192186993
2024-02-09,2.5797980894111974,1.4673141711156168
2024-02-12,2.5825786088849156,1.468895649776135
2024-02-13,2.5833898237827957,1.4693570452319906
2024-02-14,2.5836460328596313,1.469502769508147
2024-02-15,2.583313552957161,1.4693136646031901
2024-02-16,2.58269908192919,1.4689641713421544
2024-02-19,2.5832537464376912,1.4692796483931994
2024-02-20,2.5835908131031693,1.4694713621156401
2024-02-21,2.5833198838995646,1.4693172654592197
2024-02-22,2.5847786078612347,1.4701469452506306
2024-02-23,2.584571218477201,1.4700289881967896
2024-02-26,2.5838804358639305,1.469636091124041
2024-02-27,2.585559812276263,1.4705912716160985
2024-02-28,2.5872613621185154,1.471559063710621
2024-02-29,2.5890404489349454,1.4725709565824345
2024-03-01,2.5903749548397763,1.473329984753528
2024-03-05,2.5911235486966566,1.4731714713231068
2024-03-06,2.5925239339938337,1.4739676539944035
2024-03-07,2.593861454760229,1.4747280953235509
2024-03-08,2.5933363805306016,1.4744295667660057
2024-03-11,2.593981240209281,1.474796198794075
2024-03-12,2.59547326190771,1.4756444809232026
2024-03-13,2.5961695302631655,1.4760403411198952
2024-03-14,2.5948735703262686,1.4753035290107333
2024-03-15,2.595799464528446,1.4758299419348864
2024-03-18,2.5942295793255963,1.4749373908655816
2024-03-19,2.59396744123694,1.4747883534513102
2024-03-20,2.59511054410787,1.475438259373044
2024-03-21,2.593770129804107,1.4746761729364284
2024-03-22,2.5958522951325964,1.4758599785338309
2024-03-25,2.597907484761401,1.4770284472202573
2024-03-26,2.5999434209205843,1.4781859694343764
2024-03-27,2.599720126429507,1.4780590163702803
2024-03-28,2.5976539770004154,1.476884316539406
2024-03-29,2.597034807987926,1.4765322908223826
2024-04-01,2.5963150860390156,1.4761230961921408
2024-04-03,2.598367531654885,1.4782602756817382
2024-04-04,2.6012712643866966,1.4799122639768274
2024-04-05,2.5999262956787024,1.479147085922206
2024-04-08,2.600362588225171,1.4793953009772984
2024-04-09,2.6021496417113017,1.4804119893968088
2024-04-10,2.6024764407416865,1.4805979115263244
2024-04-11,2.6045000782697354,1.481749197067592
2024-04-12,2.604930427948882,1.4819940311134245
2024-04-15,2.6050097563182653,1.4820391625183413
2024-04-16,2.605291509929248,1.4821994574595194
2024-04-17,2.6057724345569877,1.4824730645470943
2024-04-18,2.6080598045578545,1.483774392464286
2024-04-19,2.6088248257992044,1.484209627471406
2024-04-22,2.6074219516572996,1.483411505923744
2024-04-23,2.6084116105724955,1.4839745415386005
2024-04-24,2.608378143283928,1.4839555013671768
2024-04-25,2.6106699658500134,1.4852593624326655
2024-04-26,2.6109942581950265,1.4854438584616145
2024-04-29,2.6128858597578777,1.4865200262530123
2024-04-30,2.6127568941406576,1.486446655281992
2024-05-02,2.611895305110635,1.4860808046883798
2024-05-03,2.6110953273900774,1.4856256442030522
2024-05-06,2.6115801536768877,1.4859014940952846
2024-05-07,2.612359391318473,1.4863448541714654
2024-05-08,2.613197021976238,1.4868214379148825
2024-05-09,2.613735599037078,1.4871278701943054
2024-05-10,2.615086167903981,1.4878962985706603
2024-05-13,2.617086674088816,1.489034519476807
2024-05-14,2.6187510923273223,1.4899815176165785
2024-05-15,2.6202781563675015,1.4908503658254635
2024-05-16,2.622975704746206,1.492385180355536
2024-05-17,2.623222539787932,1.4925256212134506
2024-05-20,2.621803962973751,1.4917184985966268
2024-05-21,2.6233321029905783,1.4925879590001276
2024-05-22,2.623954936327043,1.49294233027375
2024-05-23,2.6220900620807384,1.4918812793904437
2024-05-24,2.620968135528563,1.491242940820672
2024-05-27,2.6201541447395464,1.490779807369502
2024-05-28,2.6213812853469207,1.4914780092069586
2024-05-29,2.620049581509298,1.4907203143993801
2024-05-31,2.621235248811737,1.492327449046695
2024-06-03,2.6249656517294664,1.4944512502860743
2024-06-04,2.6237416361118466,1.4937543910075857
2024-06-05,2.6239819773838304,1.4938912226320964
2024-06-06,2.6252074801463907,1.4945889285752314
2024-06-07,2.626245601426016,1.4951799540780844
2024-06-10,2.6277393951698578,1.4960304040360421
2024-06-11,2.627132365143682,1.495684808359016
2024-06-12,2.6265121012369455,1.4953316783398407
2024-06-13,2.628341382855585,1.4963731289966522
2024-06-14,2.629283715934816,1.4969096201494088
2024-06-17,2.630576204055888,1.4976454623449984
2024-06-18,2.6306276124564043,1.4976747302892763
2024-06-19,2.6305279657069556,1.4976179991814988
2024-06-20,2.631836008919972,1.4983626972364363
2024-06-21,2.6326317953512417,1.498815756127469
2024-06-24,2.63252847904623,1.4987569358602026
2024-06-25,2.6320372466555493,1.4984772663491177
2024-06-26,2.6327597326811185,1.4988885936910639
2024-06-27,2.6319439628596477,1.498424157812126
2024-07-01,2.632447974357834,1.4999460453331894
2024-07-02,2.632590561395736,1.5000272901918534
2024-07-03,2.632898666674671,1.500202845910024
2024-07-04,2.632457911281828,1.4999517073063766
2024-07-05,2.6315776648663,1.4994501505262423
2024-07-08,2.630791765629091,1.4990023519507853
2024-07-09,2.631666638737722,1.49950084706721
2024-07-10,2.633293812223875,1.5004279964199798
2024-07-11,2.636865255778292,1.5024629740103292
2024-07-12,2.636869363225994,1.5024653143984383
2024-07-15,2.6372635198652423,1.5026899014360706
2024-07-16,2.63721523579661,1.5026623895921507
2024-07-17,2.6369003360235865,1.5024829624301237
2024-07-18,2.6378029807614696,1.502997281580252
2024-07-19,2.6401273363184443,1.5043216792358154
2024-07-22,2.6417611821788847,1.5052526304496374
2024-07-23,2.6417679666077047,1.5052564961583914
2024-07-24,2.639536006140005,1.503984744424083
2024-07-25,2.6398781601623624,1.5041797008212194
2024-07-26,2.639521089553459,1.503976245082323
2024-07-30,2.640948737021244,1.5043314916800283
2024-07-31,2.6416783187959703,1.5047470744681721
2024-08-01,2.6427865165793176,1.5053783236859741
2024-08-02,2.64278827535287,1.5053793255147505
2024-08-05,2.6433630973054156,1.5057067543486393
2024-08-06,2.6443800010597793,1.5062860008596572
2024-08-07,2.645719803881573,1.5070491764371354
2024-08-08,2.645044077089365,1.5066642704073285
2024-08-09,2.643406784209404,1.5057316391881375
2024-08-12,2.6445458019997283,1.5063804440314685
2024-08-13,2.6457234673279313,1.5070512632015043
2024-08-14,2.6464201887628582,1.507448128154162
2024-08-15,2.6467901031788528,1.5076588380015006
2024-08-16,2.648384224662344,1.508566878023468
2024-08-19,2.6521644431720146,1.5107201578921048
2024-08-20,2.651998157711307,1.5106254387286298
2024-08-21,2.6516480508377818,1.5104260116106722
2024-08-22,2.6536527391489133,1.5115679178185297
2024-08-23,2.654719544461846,1.5121755891471091
2024-08-26,2.6525832893997006,1.5109587401718918
2024-08-28,2.652362917220795,1.509841113209278
2024-08-29,2.6526583116521425,1.5100092646542276
2024-08-30,2.6529933572592594,1.5101999872846568
2024-09-02,2.653265951982154,1.5103551601372096
2024-09-03,2.6527802363116653,1.5100786695092219
2024-09-04,2.6542139986568127,1.5108948298171572
2024-09-05,2.65610404551628,1.5119707272502678
2024-09-06,2.6557965523515836,1.5117956886765207
2024-09-09,2.6558576286409457,1.5118304559748126
2024-09-10,2.6554744528569265,1.5116123355401836
2024-09-11,2.656967805532489,1.5124624172735113
2024-09-12,2.657101917486281,1.5125387596700564
2024-09-13,2.6590423999217343,1.5136433672414733
2024-09-16,2.6605523012358243,1.514502869184477
2024-09-17,2.6627008092219846,1.5157258940083056
2024-09-18,2.662785767721997,1.5157742561066454
2024-09-19,2.665272636343011,1.517189890619848
2024-09-20,2.6655521471244197,1.5173490003957448
2024-09-23,2.664502253963055,1.5167513552359466
2024-09-24,2.666479104696339,1.5178766652349711
2024-09-26,2.6630552408609143,1.5152243641187777
2024-09-27,2.6648449000200567,1.5162426438449332
2024-09-30,2.6662649939745693,1.5170506484729258
2024-10-01,2.663718181609661,1.5156015639451483
2024-10-02,2.666346949249511,1.517097279360432
2024-10-03,2.6669431075780934,1.5174364813456107
2024-10-04,2.667203941036527,1.5175848902877656
2024-10-07,2.665918708192049,1.5168536188933017
2024-10-08,2.6657586082645284,1.5167625252850465
2024-10-09,2.6674250091537095,1.517710673558103
2024-10-10,2.670020315718606,1.5191873503010973
2024-10-11,2.671579008415286,1.520074214799417
2024-10-14,2.673182173111127,1.5209863829623456
2024-10-15,2.6735188296869086,1.521177933718837
2024-10-16,2.6755311880427404,1.5223229247664536
2024-10-17,2.6772497314863632,1.5233007410943387
2024-10-18,2.6752156324623857,1.5221433800479471
2024-10-21,2.676374031316746,1.5228024854771407
2024-10-22,2.6786839480516864,1.5241167812011511
2024-10-23,2.677823574261228,1.5236272459825235
2024-10-25,2.679531841324611,1.5248414527369567
2024-10-28,2.678542984259253,1.5242787237479463
2024-10-29,2.6798082356399275,1.5249987404775969
2024-10-30,2.677382485411917,1.5236183185529115
2024-10-31,2.6762172493088747,1.522955217527299
2024-11-01,2.6771860893466135,1.5235065554244016
2024-11-04,2.6784312703255773,1.5242151506885449
2024-11-05,2.67798073745374,1.523958765902142
2024-11-06,2.676888862371016,1.5233374124396935
2024-11-07,2.677615302969763,1.5237508080638233
2024-11-08,2.6786012690367538,1.524311891872104
2024-11-11,2.677558847695295,1.5237186810551397
2024-11-12,2.678030076406376,1.5239868432248496
2024-11-13,2.678778595861899,1.5244128032662114
2024-11-14,2.6817594089515895,1.5261090948690663
2024-11-15,2.6810289451254006,1.5256934097464938
2024-11-18,2.6813223456626556,1.525860375219552
2024-11-19,2.6821871277301637,1.5263524968371358
2024-11-20,2.6804179861230137,1.5253457312459457
2024-11-21,2.680650026315583,1.5254777783815214
2024-11-25,2.6792988284106247,1.5255242664018056
2024-11-26,2.6795508600011626,1.52566776674719
2024-11-27,2.6788106945404713,1.5252463354535006
2024-11-28,2.679302306641659,1.525526246817648
2024-11-29,2.679735233956836,1.5257727445647031
2024-12-02,2.6805716859352278,1.5262489989403574
2024-12-03,2.6810925901424927,1.5265455884809593
2024-12-04,2.683733485863832,1.52804924699983
2024-12-05,2.6843543134911982,1.52840273038166
2024-12-06,2.6833930032485025,1.5278553849018568
2024-12-09,2.6846551557998803,1.5285740223022883
2024-12-10,2.6860051685543778,1.5293426850565506
2024-12-11,2.686875239799363,1.5298380813832497
2024-12-12,2.6887325160441025,1.5308955670025162
2024-12-13,2.6914181340692176,1.5324246892579942
2024-12-16,2.6922107061231415,1.5328759595262869
2024-12-17,2.6921723639096347,1.5328541284499948
2024-12-18,2.6921978662455914,1.5328686488282144
2024-12-19,2.6926800028937166,1.533143165111593
2024-12-20,2.6919983284536575,1.5327550371099423
2024-12-24,2.691797519069949,1.5324229061236692
2024-12-25,2.692484004272659,1.5328137177065966
2024-12-26,2.6929013993196094,1.5330513380054185
2024-12-27,2.6927015307967723,1.532937554148929
2024-12-30,2.6923774461832193,1.5327530548759292
2024-12-31,2.6942474830644967,1.5338176547694442
2025-01-01,2.693862056908005,1.5335982341530559
2025-01-02,2.6935344153648826,1.5334117099430729
2025-01-03,2.6944952962243867,1.533958733197507
2025-01-06,2.694234424813504,1.533810220791668
2025-01-07,2.696070708485687,1.5348556052016982
2025-01-08,2.699120493293214,1.536591827954224
2025-01-09,2.6987049226385387,1.5363552462701169
2025-01-10,2.699305165363218,1.5366969605684684
2025-01-13,2.699410004522881,1.536756644823539
2025-01-14,2.6991953501217534,1.5366344434622339
2025-01-15,2.700577370205258,1.5374212185512521
2025-01-16,2.7009771598163583,1.5376488161893882
2025-01-17,2.7039658224318828,1.5393502424735939
2025-01-20,2.703001644568787,1.5388013422563533
2025-01-22,2.703446983770085,1.5406409037653361
2025-01-23,2.7051485541682605,1.5416105950416228
2025-01-24,2.7047669247734523,1.5413931120063533
2025-01-27,2.704422613290229,1.5411968957099456
2025-01-28,2.7039230085222066,1.5409121808455697
2025-01-29,2.702543444033703,1.5401259943610073
2025-01-30,2.7035251104564706,1.5406854266168821
2025-01-31,2.7030869841565557,1.5404357471141152
2025-02-03,2.7050842678211042,1.541573959525344
2025-02-04,2.7077529533230997,1.5430947905489751
2025-02-05,2.707142684020938,1.5427470101579162
2025-02-06,2.7085649785299326,1.5435575476350383
2025-02-07,2.707465114323301,1.5429307568026318
2025-02-10,2.7078001880111753,1.543121708662392
2025-02-11,2.7073459136552667,1.54286282670227
2025-02-12,2.709752351501373,1.5442342079797047
2025-02-13,2.7077278510242926,1.5430804852459477
2025-02-14,2.708837997199934,1.5437131355688947
2025-02-17,2.709054389188379,1.5438364530782251
2025-02-18,2.7114411319741976,1.5451966105307937
2025-02-20,2.7139018459086413,1.5468982897049088
2025-02-21,2.713509426598933,1.5466746144235237
2025-02-24,2.714268281976974,1.5471071547853628
2025-02-25,2.714821763713054,1.5474226341208501
2025-02-26,2.7137797438991824,1.5468286927186043
2025-02-27,2.716342722227485,1.548289566035957
2025-02-28,2.71745384612818,1.5489228961117025
2025-03-03,2.717362932105902,1.5488710759820306
2025-03-04,2.7145230848732944,1.5472523900174786
2025-03-05,2.71515236416992,1.5476110732429476
2025-03-06,2.7155797456918638,1.5478546766534185
2025-03-07,2.7166344143684875,1.5484558277873601
2025-03-10,2.7155207177775416,1.5478210313025933
2025-03-11,2.7182454275316537,1.549374089997377
2025-03-12,2.7188638402377086,1.5497265793693749
2025-03-13,2.721346196225692,1.5511414987180756
2025-03-14,2.7250697985253827,1.5532639166815758
2025-03-17,2.725050444699011,1.5532528851842655
2025-03-18,2.724936267733886,1.5531878053980008
2025-03-19,2.7241743948611843,1.5527535450928496
2025-03-21,2.719961821814946,1.5506443870145885
2025-03-24,2.721288601538351,1.5514007812824795
2025-03-25,2.7217437944256986,1.5516602857689445
2025-03-26,2.7218776923570416,1.5517366206917382
2025-03-27,2.722221643207427,1.5519327063320887
2025-03-28,2.7231849012617064,1.5524818576779404
2025-03-31,2.724355449573242,1.553149184753804
2025-04-01,2.722005844736731,1.5518096800878867
2025-04-02,2.7215342584867352,1.5515408297806197
2025-04-03,2.721429271894983,1.5514809771503708
2025-04-04,2.725184510406588,1.5536218305525102
2025-04-07,2.7262486415694185,1.5542284894406815
2025-04-08,2.7232970285725706,1.5525457812168038
2025-04-09,2.7244678745845836,1.5532132780110692
2025-04-10,2.7232875039575806,1.5525403512542746
2025-04-11,2.7220286747275986,1.5518226954165986
2025-04-14,2.7232531017846866,1.5525207386494686
2025-04-15,2.7256588571796434,1.5538922546280387
2025-04-16,2.7285554345750604,1.555543587173861
2025-04-17,2.7277815946523942,1.555102422697615
2025-04-21,2.7279423310242494,1.555807962746262
2025-04-22,2.729671287452141,1.5567940261784552
2025-04-23,2.730890272122187,1.5574892410422574
2025-04-24,2.731877575363295,1.558052322683204
2025-04-25,2.7327591193559067,1.558555087403564
2025-04-28,2.7354857735789526,1.5601101607288415
2025-04-29,2.733360540046256,1.5588980913917219
2025-04-30,2.734242500337025,1.5594010935364517
2025-05-01,2.7360358218133825,1.5604238658293077
2025-05-02,2.735714948509771,1.5602408644384373
2025-05-05,2.736506319719398,1.560692201556317
2025-05-06,2.7366423555178088,1.560769785886447
2025-05-07,2.734323946172443,1.5594475439609472
2025-05-08,2.7363325135191965,1.5605930759013598
2025-05-09,2.7357689125408147,1.5602716413607518
2025-05-12,2.7371398348646894,1.5610535097468734
2025-05-13,2.7363920724007857,1.5606270436950243
2025-05-14,2.7358311215849773,1.5603071206028025
2025-05-15,2.736921232356757,1.560928835732086
2025-05-16,2.7390539135083367,1.5621451526167545
2025-05-20,2.7409411895196536,1.562542775529602
2025-05-21,2.7403633495759157,1.562213363270429
2025-05-22,2.7391563445552554,1.5615252795631709
2025-05-23,2.7411443675230265,1.5626586022837587
2025-05-26,2.743116733457251,1.563782999316795
2025-05-27,2.744898433439769,1.5647987024068466
2025-05-28,2.74335695540104,1.5639199439051088
2025-05-29,2.7437629858650325,1.564151411829551
2025-05-30,2.7390449794882037,1.5614617930930363
2025-06-02,2.7416486930028663,1.5629461057654281
2025-06-03,2.7422841892567953,1.563308386460924
2025-06-04,2.742975386249037,1.563702420769586
2025-06-05,2.743590051250206,1.5640528260831401
2025-06-06,2.744082821213505,1.5643337420506533
2025-06-09,2.7435661128607602,1.5640391793994284
2025-06-10,2.7443069707377177,1.564461524150115
2025-06-11,2.745648959815567,1.5652265589295737
2025-06-12,2.747139699839684,1.5660763929441754
2025-06-13,2.7501732088609057,1.5678057214039531
2025-06-16,2.7499456361512618,1.5676759878311493
2025-06-18,2.7498076700079266,1.567310692364158
2025-06-19,2.7481625940809167,1.5663730467541483
2025-06-20,2.746865589252389,1.5656337915844245
2025-06-23,2.746173987106229,1.5652395984012568
2025-06-24,2.748313505550163,1.5664590619187466
2025-06-25,2.748972489507106,1.566834663679218
2025-06-26,2.7502622811444937,1.5675698075390043
2025-06-27,2.7501553463739987,1.5675088578184075
2025-06-30,2.7501293607666657,1.5674940467751972
2025-07-01,2.7509956297669693,1.5679877950040089
2025-07-02,2.7511461801788353,1.5680736043763628
2025-07-03,2.7523960455802308,1.5687859914385522
2025-07-04,2.7524916434633266,1.568840479461834
2025-07-07,2.7520424059556676,1.5685844270997562
2025-07-08,2.7529845761309706,1.5691214367989743
2025-07-09,2.751259791421571,1.5681383594926765
2025-07-10,2.75243597077025,1.5688087476399746
2025-07-11,2.7543227205597036,1.5698841403487374
2025-07-14,2.7544693855147244,1.5699677351232761
2025-07-15,2.75421152655487,1.5698207629879848
2025-07-17,2.7570799497708967,1.5710267150607522
2025-07-18,2.7548150820806083,1.5697361584891822
2025-07-21,2.753798017779568,1.5691566195505302
2025-07-22,2.7553598782844193,1.5700465917758637
2025-07-23,2.757711297534136,1.5713864667620498
2025-07-24,2.755290373100253,1.5700069866490087
2025-07-25,2.7557829533531275,1.5702876664808147
2025-07-28,2.7571619038717765,1.5710734137725189
2025-07-29,2.759433042034845,1.5723675433562734
2025-07-30,2.759439193185397,1.5723710483768103
2025-07-31,2.7588074855093443,1.572011091591636
2025-08-01,2.7574926948519063,1.5712619035792539
2025-08-04,2.7590053824919876,1.5721238563471842
2025-08-05,2.759863014867887,1.5726125485138192
2025-08-06,2.7589296113363715,1.5720806807730723
2025-08-07,2.757805762168014,1.5714402941686376
2025-08-08,2.7584985442697354,1.5718350521043336
2025-08-11,2.756674560216774,1.5707957178350154
2025-08-12,2.7580236758543686,1.5715644647509484
2025-08-13,2.7566559049672468,1.5707850877858627
2025-08-15,2.7597875807318464,1.573080204683293
2025-08-18,2.7596944590088084,1.5730271252578476
2025-08-19,2.7589017571434695,1.5725752848258934
2025-08-20,2.76071164444552,1.5736069214298993
2025-08-21,2.7606947374240693,1.5735972844198083
2025-08-22,2.760302827102071,1.573373895353979
2025-08-25,2.7629691435947845,1.5748936969950154
2025-08-26,2.7602314770455925,1.573333225788599
2025-08-27,2.761887163758179,1.574276967984887
2025-08-28,2.761212666034209,1.5738925039684935
2025-08-29,2.7619728538169963,1.57432581135827
2025-09-01,2.7599542224108413,1.5731751905178313
2025-09-02,2.759132565739843,1.5727068458331834
2025-09-03,2.759460414624237,1.572893719849781
2025-09-04,2.760921423561764,1.5737264956237338
2025-09-05,2.760061364020134,1.5732362612849633
2025-09-08,2.762911552029563,1.574860869776052
2025-09-09,2.7624369571666505,1.5745903504834424
2025-09-10,2.7641571804450162,1.5755708785522422
2025-09-11,2.7631144657552964,1.5749765306941017
2025-09-15,2.761256935638329,1.574284625939041
2025-09-16,2.7614963416665104,1.5744211192963447
2025-09-17,2.7643700108078364,1.5760594938680246
2025-09-18,2.7669214931641597,1.5775141790134277
2025-09-19,2.766138465037105,1.5770677485758289
2025-09-22,2.764896961180037,1.5763599258411893
2025-09-23,2.764504591586514,1.5761362228562201
2025-09-24,2.7637176339484193,1.5756875520733864
2025-09-25,2.7655134519101443,1.5767114077572382
2025-09-26,2.7670321039065127,1.5775772418848695
2025-09-29,2.767178652409258,1.577660794071502
2025-09-30,2.7689447416407083,1.5786677004152123
2025-10-01,2.7667384920888756,1.5774098440000388
2025-10-02,2.7655509069640205,1.576732762132023
2025-10-03,2.7646267468692916,1.5762058676549968
2025-10-06,2.7664137943454223,1.5772247229926462
2025-10-07,2.7640001346082634,1.5758486151167672
2025-10-08,2.762155649059017,1.5747970124189277
2025-10-09,2.7636491285656115,1.5756484948710099
2025-10-10,2.7632753161212804,1.5754353719354006
2025-10-14,2.7660874107403273,1.5771124123445928
2025-10-15,2.7662846911802528,1.577224893761236
2025-10-16,2.76581641918219,1.5769579037964103
2025-10-17,2.7669390120805977,1.5775979613691444
2025-10-20,2.7657147414490217,1.5768999312195437
2025-10-21,2.7675316708945377,1.5779358717215506
2025-10-22,2.769273908515817,1.5789292259326662
2025-10-23,2.7695154877864794,1.5790669647708704
2025-10-24,2.770742296528019,1.579766442049261
2025-10-27,2.7720967934838674,1.580538722040579
2025-10-28,2.7716640974567874,1.5802920160715521
2025-10-29,2.771222000584597,1.5800399501166287
2025-10-30,2.770818714904816,1.579810012751369
2025-10-31,2.7701934342611954,1.579453502736384
2025-11-03,2.7694821801388514,1.5790479740823278
2025-11-04,2.7708605696107966,1.5798338766307467
2025-11-05,2.76924199754651,1.5789110315742423
2025-11-06,2.7705351801616533,1.5796483525807483
2025-11-07,2.7678443802158976,1.5781141660698268
2025-11-10,2.768508998363514,1.5784931047562922
2025-11-12,2.7679307287717845,1.5793532656236624
2025-11-13,2.7688281648218784,1.5798653335528454
2025-11-14,2.7693244709489204,1.5801485208068995
2025-11-17,2.7692101461420915,1.580083288228956
2025-11-18,2.769479512207304,1.5802369857800975
2025-11-19,2.7711811051046795,1.581207897469215
2025-11-20,2.771855811852249,1.581592878312137
2025-11-21,2.7724104439461548,1.581909345772693
2025-11-24,2.7724346786108067,1.5819231738271171
2025-11-25,2.775748587214673,1.5838140565436138
2025-11-26,2.7757113268132843,1.5837927961356129
2025-11-27,2.7764993091048034,1.5842424108576967
2025-11-28,2.7757021543093945,1.5837875623977082
2025-12-01,2.7750729069208067,1.5834285202050258
2025-12-02,2.7764834020900513,1.5842333344760395
2025-12-03,2.7774785371822928,1.5848011484900721
2025-12-04,2.779482186687305,1.5859444106230485
2025-12-05,2.778101920027166,1.5851568444334534
2025-12-08,2.7760266297223852,1.58397270478505
2025-12-09,2.7765097299603685,1.5842483568924353
2025-12-11,2.777832598584235,1.584786850887327
2025-12-12,2.78048336978545,1.586299147685391
2025-12-15,2.781749848521588,1.5870216890109492
2025-12-16,2.7818866259476036,1.5870997221747756
2025-12-17,2.783521058420126,1.5880321855249562
2025-12-18,2.7830191157570603,1.5877458212088589
2025-12-19,2.783275420418958,1.5878920460959178
2025-12-22,2.786369496620903,1.5896572537196547
2025-12-23,2.786948602351425,1.5899876404922313
2025-12-24,2.786775350363116,1.5898887981526668
2025-12-25,2.7872626638368647,1.5901668163406062
2025-12-26,2.786497611348486,1.5897303447100122
2025-12-29,2.7886718132747372,1.5909707530145492
2025-12-30,2.7882500712599763,1.590730144131278
2025-12-31,2.7905984708958904,1.5920699343207667
2026-01-01,2.7929364535262233,1.5934037814834945
2026-01-02,2.7938373085038664,1.5939177300647922
2026-01-05,2.7954397676039227,1.5948319522220773
2026-01-06,2.7958068679998473,1.5950413874057214
2026-01-07,2.7961039430986157,1.595210872316545
2026-01-09,2.796566409380571,1.5946832419701562
2026-01-12,2.79870088291437,1.595900380659715
2026-01-13,2.7976935137288583,1.595325949545466
2026-01-14,2.798525570849613,1.5958004126379133
2026-01-15,2.7989581062391298,1.5960470568566623
2026-01-16,2.798006099451878,1.5955041949869138
2026-01-19,2.798137144557322,1.595578920705171
2026-01-20,2.798303252311056,1.5956736401619847
2026-01-21,2.7978987738342087,1.5954429948082387
2026-01-22,2.7986037004747293,1.5958449644152133
2026-01-23,2.796830445694466,1.5948338031310243
2026-01-26,2.7973385216480082,1.5951235227693794
2026-01-27,2.7983495341396067,1.5957000314023826
2026-01-28,2.798453537617405,1.5957593372005912
2026-01-29,2.798394009453073,1.5957253925155064
2026-01-30,2.7981747397059853,1.5956003585488612
2026-02-02,2.7961715909619325,1.5944581050616566
2026-02-03,2.798002219387089,1.595501982461485
2026-02-04,2.79934516139579,1.5962677669281187
2026-02-05,2.7999128226871837,1.596591463853557
2026-02-09,2.802928571198017,1.598098091899455
2026-02-10,2.805044751041717,1.5993046381543556
2026-02-11,2.805516683055199,1.5995737116006081
2026-02-12,2.8076741031651626,1.6008037711164254
2026-02-13,2.8086415030950493,1.6013553370742388
2026-02-16,2.8093112174451407,1.6017371767101098
2026-02-17,2.810450755691683,1.6023868878430152
2026-02-18,2.812347146727467,1.6034681208529904
2026-02-19,2.8118020410483875,1.6031573272228667
2026-02-20,2.8111050015232752,1.602759908056889
2026-02-23,2.8126185681766147,1.603622872602443
2026-02-24,2.8115580837804415,1.6030182342583097
2026-02-25,2.8101147159859243,1.602195293801664
2026-02-26,2.80798174108764,1.6009791717962572
2026-02-27,2.808363327715353,1.6011967345511233
2026-03-02,2.8066573427592836,1.6002240621358792
2026-03-03,2.808259182820366,1.6011373560283633
2026-03-04,2.80928283291324,1.6017209931845167
2026-03-05,2.811208391226718,1.6028188560049361
2026-03-06,2.811847756780847,1.6031833921841951
