date,strategy,buy_and_hold
2004-12-08,0.9994391020586252,1.000554731697172
2004-12-09,0.9992879762642906,1.0007060261865426
2004-12-10,0.9991488246625667,1.0008453752527837
2004-12-13,0.9987047637745778,1.0012901901543318
2004-12-14,0.9985053261655857,1.00149014406331
2004-12-15,0.9981947709971055,1.001801627569978
2004-12-16,0.9983098058519043,1.0016861770505872
2004-12-17,0.9981408743222542,1.0018556799214662
2004-12-20,0.9980872544650954,1.0019094993369746
2004-12-21,0.9979895304970396,1.0020075975457934
2004-12-22,0.9976005461401701,1.0023981480165138
2004-12-23,0.9982006432897631,1.0017951649150014
2004-12-24,0.9982340300821676,1.0017616578967203
2004-12-27,0.9977211335588746,1.002276366928891
2004-12-28,0.9977037339890943,1.0022938459388055
2004-12-29,0.998124601998922,1.0018710416514887
2004-12-30,0.9973253540551325,1.0026732895555868
2004-12-31,0.9976415667909502,1.002355381199269
2005-01-03,0.9966697861943289,1.0033317534183033
2005-01-04,0.9969706086838231,1.0030289201629636
2005-01-05,0.9963057421876504,1.0036978268668322
2005-01-06,0.9955468089463413,1.004462391008926
2005-01-07,0.9947707795371445,1.0052453701203552
2005-01-10,0.9948045798853282,1.0052112138662523
2005-01-11,0.9949395805916837,1.0050748009197779
2005-01-12,0.9945592413277657,1.005459014612168
2005-01-13,0.9947660033479324,1.0052499866041646
2005-01-14,0.9937310457225943,1.0062958517980953
2005-01-17,0.9939268455091128,1.0060975763051392
2005-01-18,0.9937492693233665,1.0062773269285337
2005-01-19,0.9936555941821917,1.0063721830190697
2005-01-20,0.9936737521863834,1.0063537926326778
2005-01-21,0.9933691189617306,1.006662313211305
2005-01-24,0.9929177241587692,1.0071197485471202
2005-01-25,0.9930732838706947,1.0069619638141594
2005-01-26,0.9928700368078544,1.0071680533997531
2005-01-27,0.9928763400130991,1.0071616594239847
2005-01-28,0.9922257845620492,1.007821574945406
2005-01-31,0.9925413347584721,1.0075010649356066
2005-02-01,0.9930842240160346,1.0069499931706516
2005-02-02,0.9919190816115512,1.0081314036772981
2005-02-04,0.9922500475590639,1.0080474785586675
2005-02-07,0.991997537077319,1.0083040092134745
2005-02-08,0.9921532271090788,1.0081457599463641
2005-02-09,0.991847793901333,1.008456116436594
2005-02-10,0.9918358876145665,1.0084682220921064
2005-02-11,0.991700445327389,1.0086059356435635
2005-02-14,0.9919048644739559,1.0083980317694068
2005-02-15,0.9920130136963503,1.0082880842664699
2005-02-16,0.9919330635233777,1.0083693461104482
2005-02-17,0.9918674131160594,1.0084360843418205
2005-02-18,0.9915907654466651,1.0087173532783509
2005-02-21,0.9915122276740734,1.0087972475420548
2005-02-22,0.9912167460955026,1.0090978802471713
2005-02-23,0.990850546381886,1.0094706860499518
2005-02-24,0.9909099290290501,1.0094101874795156
2005-02-25,0.9919645241851928,1.0083359030636556
2005-02-28,0.9923431517290969,1.0079510266521519
2005-03-01,0.9917519611602421,1.0085515156460911
2005-03-02,0.9919268818910186,1.0083736318857845
2005-03-03,0.9917360552317334,1.0085676225669498
2005-03-04,0.9908861550885565,1.0094319470636757
2005-03-07,0.9899146620132321,1.0104216229629175
2005-03-08,0.9887204145990834,1.011640610272358
2005-03-09,0.9884496175034632,1.0119176848983376
2005-03-10,0.9883722467252969,1.0119968926367335
2005-03-11,0.9890339403081163,1.0113193828706413
2005-03-14,0.9892624139150117,1.0110857611740434
2005-03-15,0.9888256550030423,1.0115321550840377
2005-03-16,0.9890465080298216,1.0113062305876368
2005-03-17,0.9877692210484441,1.0126122645021476
2005-03-18,0.9878397527227808,1.0125399589099635
2005-03-21,0.9879655872026429,1.0124109780315185
2005-03-22,0.9872748860054402,1.0131187693591166
2005-03-23,0.9876364258781517,1.0127477654613088
2005-03-24,0.9874597900251477,1.0129288924031095
2005-03-25,0.9872129751345307,1.0131820732782264
2005-03-28,0.9869180743612248,1.0134847315540343
2005-03-29,0.9877935471183656,1.0125856921146887
2005-03-30,0.9875561836645497,1.0128290130372297
2005-03-31,0.9871030938121024,1.013293698040131
2005-04-01,0.9863392743043967,1.0140777838144033
2005-04-05,0.9864214267604203,1.014717125576255
2005-04-06,0.9858035231674651,1.0153527538591747
2005-04-07,0.9853625826524627,1.0158069114632753
2005-04-08,0.9847693041258803,1.0164185202642742
2005-04-11,0.9845723784136522,1.0166217749150703
2005-04-12,0.9841865641357826,1.017020148061174
2005-04-13,0.9843144107242342,1.016888036365024
2005-04-14,0.9839243320813323,1.0172910237650727
2005-04-15,0.9835139343140095,1.0177153388788047
2005-04-18,0.982880642082614,1.0183706536592032
2005-04-19,0.9825629110876342,1.0186998573358164
2005-04-20,0.9826477966149572,1.018611849867187
2005-04-21,0.9826848975259329,1.0185733910951926
2005-04-22,0.9819697088329165,1.019314699091431
2005-04-25,0.9823052738937629,1.018966372258184
2005-04-26,0.9826063224107133,1.018654088161434
2005-04-27,0.9822018340170076,1.0190734155629222
2005-04-28,0.9828636830250673,1.0183867209286106
2005-04-29,0.9819323710040833,1.0193516927874673
2005-05-02,0.9812936311515347,1.0200147736361824
2005-05-03,0.9802523822160355,1.0210971095074504
2005-05-04,0.9810754423019172,1.0202397545140915
2005-05-05,0.9810069798814598,1.0203109499390601
2005-05-06,0.98078681459664,1.020539936129276
2005-05-09,0.9810132963454767,1.020304274652131
2005-05-10,0.980396699212572,1.0209455673775043
2005-05-11,0.9808823197454425,1.0204398617474673
2005-05-12,0.9805349296187703,1.0208012616072648
2005-05-13,0.9802740824892063,1.0210728206011388
2005-05-16,0.980193614176684,1.0211566379827302
2005-05-17,0.9798960942700875,1.0214665914686119
2005-05-18,0.9793823330312562,1.0220021481919486
2005-05-19,0.9788049101794871,1.0226046987741064
2005-05-20,0.978624834915161,1.0227928320880262
2005-05-23,0.9790421859857492,1.0223566448299144
2005-05-24,0.9792386466913658,1.0221514923750863
2005-05-25,0.9795553488168973,1.0218209115188832
2005-05-26,0.978598549111678,1.022818994933066
2005-05-27,0.9777521115926547,1.023703680868138
2005-05-30,0.9776161845269618,1.0238459961194473
2005-05-31,0.9779046226324943,1.0235439182650174
2005-06-02,0.9769568837627719,1.0245623751917132
2005-06-03,0.9773783135530912,1.0241204098254597
2005-06-06,0.9769315123020236,1.0245885788793552
2005-06-07,0.9759901022051902,1.025575913222767
2005-06-08,0.9750505877870637,1.0265631602810916
2005-06-09,0.9742030955969143,1.0274554260485609
2005-06-10,0.9742665296031096,1.0273885245840142
2005-06-13,0.9742401573824544,1.0274163347530445
2005-06-14,0.9733770254889992,1.028326578289674
2005-06-15,0.9728760877638264,1.0288557951947106
2005-06-16,0.9726240743535743,1.0291223095646966
2005-06-17,0.9731975932646605,1.0285154758229467
2005-06-20,0.9731400960782544,1.0285762412280854
2005-06-21,0.9724859590222008,1.029267642021327
2005-06-22,0.9727192165821135,1.029020764977553
2005-06-23,0.9725927135267798,1.029154590102576
2005-06-24,0.9711749824164907,1.03065477045494
2005-06-27,0.9707804240162039,1.0310734936560533
2005-06-28,0.9703940183694632,1.031483898120644
2005-06-29,0.970745660264,1.0311101190729033
2005-06-30,0.9714532577453735,1.0303585206335384
2005-07-01,0.9717861999707084,1.0300053900469484
2005-07-04,0.97151939109904,1.0302881832950304
2005-07-05,0.9706891904447226,1.0311686041407115
2005-07-06,0.9717197444845891,1.0300738407692414
2005-07-07,0.9712123399044473,1.0306117162087982
2005-07-08,0.970945875187123,1.030894477916354
2005-07-11,0.9709227226762414,1.0309190599205913
2005-07-12,0.9707904795896017,1.0310594747191901
2005-07-13,0.9704016104839792,1.031472485749075
2005-07-14,0.9697504244758735,1.0321646532426254
2005-07-15,0.9691818021167137,1.0327698727768013
2005-07-18,0.9690568591587313,1.0329030132490409
2005-07-19,0.9687612406502577,1.0332181085350283
2005-07-20,0.9679816276077301,1.0340495934039406
2005-07-21,0.967895756106589,1.0341413259206615
2005-07-22,0.9678756036702091,1.0341628576477582
2005-07-25,0.9684784315971213,1.033518743621946
2005-07-26,0.9675704372485039,1.0344877163401625
2005-07-27,0.9682487567334184,1.033762484204202
2005-07-28,0.968723541274791,1.0332555747519174
2005-08-01,0.9686059328246479,1.0343368128749508
2005-08-02,0.9682009775178791,1.0347692489845857
2005-08-03,0.967356958871191,1.0356712977961882
2005-08-04,0.9672163955688801,1.0358217876194036
2005-08-05,0.9663664717505338,1.0367319971783946
2005-08-08,0.9670697106937362,1.0359775522184416
2005-08-09,0.9673647409291088,1.0356614998204685
2005-08-10,0.967904601212892,1.0350835249496257
2005-08-11,0.9680662298632362,1.0349106782115056
2005-08-12,0.9669867906915104,1.0360646520728358
2005-08-15,0.9668088456751881,1.0362553088048603
2005-08-16,0.9668072011133152,1.0362570714966053
2005-08-17,0.9662355640900234,1.036869771636854
2005-08-18,0.9667533471359725,1.0363141373706735
2005-08-19,0.9667915677541846,1.036273166664847
2005-08-22,0.9663669770565164,1.0367282719445003
2005-08-23,0.9668518460378782,1.0362080995947602
2005-08-24,0.9670992366060773,1.0359429626851273
2005-08-25,0.9665986857942318,1.0364791456034568
2005-08-26,0.966762145260456,1.036303868799978
2005-08-29,0.9660809582449017,1.0370340553748827
2005-08-30,0.9663847694187174,1.036707931015468
2005-08-31,0.9666540115868396,1.0364190962781161
2005-09-01,0.9665577752218358,1.036522278187311
2005-09-02,0.9665095142185889,1.036574032574183
2005-09-05,0.9656527516194974,1.0374929038829845
2005-09-06,0.965950287313207,1.0371732328932235
2005-09-07,0.9654997768819984,1.0376569610586641
2005-09-08,0.9647806164832804,1.038429868325673
2005-09-09,0.9649643695845845,1.0382320879126634
2005-09-12,0.9647022132074181,1.038514149273066
2005-09-13,0.9639254888466975,1.039350302883631
2005-09-14,0.9629024738063023,1.0404533663510798
2005-09-15,0.9632061537585818,1.0401252284168263
2005-09-16,0.9627064316314875,1.0406648570202781
2005-09-19,0.9631473331406428,1.0401882520128645
2005-09-20,0.9624296911404739,1.0409632972754543
2005-09-21,0.9630250401000515,1.0403193682469796
2005-09-22,0.9630882274871554,1.0402511093129998
2005-09-23,0.9629771067383904,1.0403711330853513
2005-09-26,0.962272433195207,1.0411324409165001
2005-09-28,0.9620786016133226,1.041210335398813
2005-09-29,0.9621750911402163,1.0411059095312267
2005-09-30,0.9622645181575825,1.0410091464814357
2005-10-03,0.9619586365938224,1.0413400591354989
2005-10-04,0.9616862992188974,1.041634869959292
2005-10-05,0.9617173014753212,1.041601290369602
2005-10-06,0.9617493427429286,1.0415665876293747
2005-10-07,0.9608380162169531,1.0425535467232787
2005-10-10,0.9601131774929414,1.0433400301572877
2005-10-11,0.9604821240546395,1.0429391016773624
2005-10-12,0.960474476476712,1.0429474057965686
2005-10-13,0.9605346316696712,1.0428820852659575
2005-10-14,0.9605485065562518,1.042867020873511
2005-10-17,0.9608165645297067,1.0425759904692262
2005-10-18,0.9604568570699702,1.0429663067636765
2005-10-19,0.96016503117738,1.0432832023859757
2005-10-20,0.9597388832872993,1.0437462404273719
2005-10-21,0.9591436630153926,1.044393561205812
2005-10-24,0.9595337555773031,1.0439687967251159
2005-10-25,0.9588685116605902,1.0446925793822894
2005-10-26,0.9591022944872509,1.0444378716916838
2005-10-27,0.9591420634370125,1.0443945643224
2005-10-28,0.9594151957349721,1.0440971548997462
2005-10-31,0.9598188661703617,1.0436578548396878
2005-11-01,0.960183114434064,1.043261789941483
2005-11-02,0.9602669392809858,1.0431707122516898
2005-11-03,0.9591122652876316,1.0444250739742411
2005-11-04,0.9584386093492646,1.0451586514486688
2005-11-07,0.9581975898997639,1.0454214784679017
2005-11-08,0.9583246887355924,1.0452828099362084
2005-11-09,0.9582190496907456,1.0453980346392076
2005-11-10,0.9573907055917105,1.0463017416709302
2005-11-11,0.957281110883377,1.0464215142293407
2005-11-14,0.9566497587419498,1.0471116568179
2005-11-15,0.9564365876616903,1.0473449855999297
2005-11-16,0.9557701614498701,1.0480747549962768
2005-11-17,0.9553578800991981,1.0485268528886609
2005-11-18,0.9547107345472282,1.0492371097495738
2005-11-21,0.9543147733222994,1.0496722752883947
2005-11-22,0.9542471000930153,1.0497467105947993
2005-11-23,0.9536796463953968,1.0503709542025943
2005-11-25,0.9536971818284462,1.0494562636627507
2005-11-28,0.954022010919382,1.0490988190455306
2005-11-29,0.9534229582219337,1.0497575726908825
2005-11-30,0.9533660938057646,1.049820182732916
2005-12-01,0.9527019610250499,1.0505515072490057
2005-12-02,0.9526212122232143,1.0506405495507405
2005-12-05,0.9537796164329126,1.0493629520966181
2005-12-06,0.953537065092597,1.049629810798695
2005-12-07,0.9540323020208945,1.0490846663440334
2005-12-08,0.9532142989005301,1.0499841689382097
2005-12-09,0.9528658785643218,1.0503679607440783
2005-12-12,0.9534411082784301,1.0497338706004817
2005-12-13,0.952739756595769,1.0505060552798493
2005-12-14,0.9529262214581737,1.0503004561477707
2005-12-15,0.9527310166925795,1.0505156078035118
2005-12-16,0.9517763824356076,1.0515682219927447
2005-12-19,0.9518944652908251,1.0514377583876369
2005-12-20,0.9517832724118263,1.0515605791368967
2005-12-21,0.9519674700441648,1.0513570717055811
2005-12-22,0.9506176196344375,1.0528478524503744
2005-12-23,0.9499129352119136,1.0536283192391076
2005-12-26,0.9496507465822766,1.053919134696954
2005-12-27,0.9496224458188515,1.0539505427869362
2005-12-28,0.9497647007932398,1.053792659295312
2005-12-29,0.9496528553846807,1.0539167551586528
2005-12-30,0.9488381436860047,1.0548209153525485
2006-01-02,0.9488197688749569,1.0548413425825645
2006-01-03,0.9489953802643872,1.0546461082926855
2006-01-04,0.9487869317719122,1.0548777631520665
2006-01-05,0.9493115940576683,1.054294434524874
2006-01-06,0.9492671118324701,1.0543438359677249
2006-01-09,0.9491207063930994,1.0545064473872385
2006-01-10,0.9487904766901372,1.0548733441881901
2006-01-11,0.9477132217376609,1.0560710454322266
2006-01-12,0.9478033371569791,1.0559706265682645
2006-01-13,0.9478091753456452,1.0559641221010378
2006-01-16,0.9477458471998983,1.056034676651012
2006-01-17,0.9470979007631625,1.0567566570298519
2006-01-18,0.9465318239517271,1.0573882764626399
2006-01-19,0.9466870656028598,1.057214853131514
2006-01-20,0.9464710428608478,1.057456097001603
2006-01-24,0.9462336215092937,1.057619864134996
2006-01-25,0.9461048685254874,1.0577637733241696
2006-01-26,0.9461096141056193,1.0577584676726357
2006-01-27,0.9455581919700563,1.0583749622356946
2006-01-30,0.9453856769273491,1.0585680604536158
2006-01-31,0.9452033131136542,1.0587722570193892
2006-02-01,0.9445923979050505,1.0594565754779546
2006-02-02,0.9441727105568573,1.0599272975816623
2006-02-03,0.9439964691103,1.0601251460452776
2006-02-06,0.9433146248652953,1.0608908694917827
2006-02-07,0.9435364308652395,1.0606414172370031
2006-02-08,0.9429831146975596,1.0612634070458438
2006-02-09,0.9428396573158347,1.061424858579092
2006-02-10,0.942608518208996,1.0616850690951483
2006-02-13,0.9429934289837312,1.061251533842097
2006-02-14,0.942685121950877,1.0615985047768397
2006-02-15,0.9427044294705625,1.0615767617435063
2006-02-16,0.9421214129379619,1.0622332949933486
2006-02-17,0.9418729871607951,1.0625133927898929
2006-02-20,0.9420934553874927,1.062264685748982
2006-02-21,0.9420111193266463,1.0623575244045322
2006-02-22,0.9421442225971637,1.0622074165575484
2006-02-23,0.9415262127496059,1.0629041831754784
2006-02-24,0.9420895706425021,1.0622681993304448
2006-02-27,0.9426849801003243,1.0615968358504375
2006-02-28,0.9424793543944947,1.0618283995257758
2006-03-01,0.9418190577386861,1.0625723115679655
2006-03-02,0.942311053368582,1.0620172358032054
2006-03-03,0.9425624054550845,1.061733953285011
2006-03-06,0.9420300595043039,1.0623336056449677
2006-03-07,0.9416201006331835,1.0627959190088878
2006-03-08,0.9415689787256133,1.0628536197256642
2006-03-09,0.9410045760225864,1.0634907238247255
2006-03-10,0.9404269608728579,1.064143524426688
2006-03-13,0.9400180323732071,1.06460624894753
2006-03-14,0.9396295399944956,1.065046231373187
2006-03-15,0.9396491164081938,1.0650240420052013
2006-03-16,0.9396757821073446,1.0649938183715104
2006-03-17,0.940386539990414,1.064188271643329
2006-03-20,0.9398762982035914,1.0647656866765605
2006-03-21,0.9401617523730398,1.0644423017743896
2006-03-23,0.9402968956903114,1.0646180712235358
2006-03-24,0.9403719232925069,1.0645331238611613
2006-03-27,0.9399209805009832,1.0650436064975024
2006-03-28,0.9401677659426043,1.0647639688872907
2006-03-29,0.9398231987994947,1.065154199963207
2006-03-30,0.9396969870148228,1.0652972428383989
2006-03-31,0.939504576408883,1.065515371118933
2006-04-03,0.9403133732241744,1.064598094651692
2006-04-04,0.9398598924829175,1.0651115136318434
2006-04-05,0.9390995842055865,1.0659731453564991
2006-04-06,0.9385878106593449,1.066554060166784
2006-04-07,0.9383286838154824,1.0668485161401953
2006-04-10,0.9380803003686405,1.067130919861053
2006-04-11,0.9383414912102146,1.0668337972981778
2006-04-12,0.9387690447385257,1.0663476964932692
2006-04-13,0.9380891864639449,1.0671199474628812
2006-04-14,0.9375169112669669,1.0677709370350301
2006-04-17,0.9377417480667746,1.067514862507173
2006-04-18,0.9369671418572068,1.0683966656720731
2006-04-19,0.9372304505651582,1.0680964223304974
2006-04-20,0.9373355265042203,1.0679766745838066
2006-04-21,0.936537511975833,1.0688859123948125
2006-04-24,0.9369208911905275,1.068448355290637
2006-04-25,0.9375943232990201,1.0676803849790724
2006-04-26,0.936941043500088,1.0684243037613117
2006-04-27,0.9366358513823213,1.0687723242458453
2006-04-28,0.9360708552349345,1.0694170275686374
2006-05-01,0.935914154294962,1.0695960510394629
2006-05-02,0.9361441825053454,1.0693331666025467
2006-05-03,0.9368204032271581,1.0685607372489367
2006-05-04,0.9363297778388157,1.0691203568140895
2006-05-05,0.9358591103814821,1.069657774475938
2006-05-08,0.9350649228513724,1.0705655060527852
2006-05-09,0.9342100657848971,1.0715442407540972
2006-05-10,0.9339130890908672,1.0718848747054757
2006-05-11,0.9343505092378561,1.0713828322296546
2006-05-12,0.9335378927033069,1.0723146275202808
2006-05-15,0.9335592280057172,1.0722901205805668
2006-05-16,0.9333412282198855,1.0725405160665986
2006-05-17,0.9336594353514244,1.072174851258533
2006-05-18,0.9345253212927903,1.0711805046100236
2006-05-22,0.9341080092281482,1.0722434105342915
2006-05-23,0.9343706915733014,1.0719418828620397
2006-05-24,0.9343902914291262,1.071919397239849
2006-05-25,0.934925806649988,1.0713050617121533
2006-05-26,0.9347177111470047,1.0715435124684378
2006-05-29,0.934371511185558,1.0719403898553548
2006-05-30,0.9340694545421315,1.0722869187383919
2006-05-31,0.9340211483440309,1.0723423729704786
2006-06-01,0.9338840593491134,1.0724997637730087
2006-06-02,0.9337796278275343,1.0726196959863308
2006-06-05,0.933805049215085,1.0725904947913447
2006-06-06,0.9338819290554714,1.072502188794168
2006-06-07,0.9339921192446069,1.0723756425838231
2006-06-08,0.9340373418255598,1.0723237196678699
2006-06-09,0.9334921226918506,1.0729496597489705
2006-06-12,0.9330659864750752,1.0734394578926092
2006-06-13,0.932870537631035,1.0736643106942687
2006-06-14,0.9323052898098836,1.0743148687168311
2006-06-15,0.9323017227403307,1.0743189791256214
2006-06-16,0.931596896727259,1.0751311710848928
2006-06-19,0.9315596857854953,1.0751741152418948
2006-06-20,0.9314788195684411,1.0752674482453521
2006-06-21,0.9309817740164172,1.0758412207146328
2006-06-22,0.9305500977605796,1.0763400651850572
2006-06-23,0.9299680312920374,1.0770133244348283
2006-06-26,0.9300356881673634,1.0769349697454587
2006-06-27,0.9300222164496366,1.0769505693230956
2006-06-28,0.9305299056800403,1.0763626734685106
2006-06-29,0.9299376444514373,1.0770477539538552
2006-06-30,0.9298280916631205,1.0771746372833988
2006-07-03,0.9294013224347767,1.077669035111198
2006-07-04,0.9296055446395446,1.0774322332678523
2006-07-05,0.9291029853220711,1.0780147100085486
2006-07-06,0.92890825773454,1.0782406475064572
2006-07-07,0.9287360747483827,1.078440510833043
2006-07-10,0.9288603907174261,1.0782961561764242
2006-07-11,0.928272857624115,1.0789782120402276
2006-07-12,0.9277385673818892,1.0795992444506146
2006-07-13,0.9277196379106254,1.0796212724697063
2006-07-14,0.926864313463293,1.080616644811164
2006-07-17,0.9265023167891522,1.0810386910867198
2006-07-19,0.9267802628690932,1.0816080288053658
2006-07-20,0.9257267458005499,1.0828375462708029
2006-07-21,0.9252214202774748,1.083428633707735
2006-07-24,0.9251821634458115,1.083474603217909
2006-07-25,0.9253576695446766,1.0832690692070481
2006-07-26,0.925208742344486,1.0834434106912545
2006-07-27,0.9248709738603338,1.0838389463382334
2006-07-28,0.9258357326383893,1.0827083636223398
2006-07-31,0.925156637978208,1.0835025233661792
2006-08-01,0.9241606313484577,1.0846690022653442
2006-08-02,0.9242208043233849,1.0845983784382045
2006-08-03,0.9237965737007018,1.0850962246707212
2006-08-04,0.9231060943934696,1.0859072652296717
2006-08-07,0.9235387600587587,1.0853982936258588
2006-08-08,0.9234873346272651,1.0854587318857416
2006-08-09,0.9233065830764304,1.0856711856377301
2006-08-10,0.9229280381398722,1.0861162981687391
2006-08-11,0.9231341375068287,1.0858737571771957
2006-08-14,0.9232505036889547,1.0857368767626823
2006-08-15,0.9229695282606465,1.0860673021269354
2006-08-16,0.9234379122233743,1.085516150121172
2006-08-17,0.9228830712595764,1.0861683746172417
2006-08-18,0.9219062805018281,1.0873179885420443
2006-08-21,0.9216889475240297,1.087574316176709
2006-08-22,0.921771901540701,1.0874764321148487
2006-08-23,0.921694116469475,1.0875682004054499
2006-08-24,0.9214438365024152,1.0878635223875572
2006-08-25,0.9216187634337356,1.0876570023370364
2006-08-28,0.9211503225512657,1.0882098372251858
2006-08-29,0.9215592893224427,1.087726700377054
2006-08-30,0.921329451811245,1.0879979801531623
2006-08-31,0.9218080698510358,1.0874327800941244
2006-09-01,0.921864445901253,1.087366274747704
2006-09-04,0.9220039327374709,1.087201745914697
2006-09-05,0.9223962187083858,1.0867391730586244
2006-09-06,0.9220808092934804,1.0871107788390657
2006-09-07,0.922038888152611,1.0871602028414318
2006-09-08,0.9220790073053412,1.0871128990381103
2006-09-11,0.9219024892959131,1.0873210102774309
2006-09-12,0.9220558396807058,1.0871401439740471
2006-09-13,0.9218636634588813,1.087366727307151
2006-09-15,0.9213509369342784,1.0874690373498
2006-09-18,0.9220421787093127,1.0866531657882277
2006-09-19,0.9217404197516949,1.0870087973788123
2006-09-20,0.9209489624328103,1.0879421632700563
2006-09-21,0.9205745604652721,1.0883844545403782
2006-09-22,0.9199499351659004,1.0891229416710733
2006-09-25,0.9201257116625845,1.0889148409822997
2006-09-26,0.9195318485918215,1.0896176431136486
2006-09-27,0.9193418383903628,1.0898427994996922
2006-09-28,0.918640979822044,1.0906736391637364
2006-09-29,0.9183639630501087,1.0910025324935488
2006-10-02,0.9172941036409205,1.0922735093304008
2006-10-03,0.916686020537556,1.0929975879684735
2006-10-04,0.9167640264186301,1.0929045787614482
2006-10-05,0.9169250656136746,1.092712598635099
2006-10-06,0.9168363311769908,1.0928183447211572
2006-10-09,0.9164694364510902,1.0932556630007797
2006-10-10,0.9163285435356511,1.093423734047728
2006-10-11,0.916448225325218,1.093280921832427
2006-10-12,0.9160511006748829,1.0937546734223182
2006-10-13,0.9165325235379167,1.0931798599583666
2006-10-16,0.9169228588512254,1.0927142936067302
2006-10-17,0.9168278822828038,1.0928274789776369
2006-10-18,0.9166126601988581,1.0930840163408255
2006-10-19,0.9166841013578103,1.0929988209334847
2006-10-20,0.915552668190468,1.0943478735853618
2006-10-23,0.9154154139023164,1.0945119318024341
2006-10-24,0.9151023608407253,1.0948862321539414
2006-10-25,0.9146052894644446,1.0954809597271362
2006-10-26,0.9144876715668104,1.0956218381682141
2006-10-27,0.9151001000263528,1.094888104936534
2006-10-30,0.9153986841016764,1.0945308586064486
2006-10-31,0.9155258894401267,1.094378760760197
2006-11-01,0.9158790926586505,1.0939565574068641
2006-11-02,0.9163525723147253,1.0933910175024013
2006-11-03,0.9164120238933601,1.0933200799353342
2006-11-06,0.9157969004054207,1.0940539494650539
2006-11-07,0.9154163490992466,1.094508573912144
2006-11-08,0.9156025628400395,1.0942859292804654
2006-11-09,0.9154654400017708,1.0944498121687298
2006-11-10,0.9155354774831349,1.0943660815274905
2006-11-14,0.9157102324094359,1.0942352217111386
2006-11-15,0.9155548705994646,1.094420872541022
2006-11-16,0.9157567833819286,1.0941795133711267
2006-11-17,0.9155271048960409,1.0944539415801018
2006-11-20,0.9163175774313432,1.09350898235678
2006-11-21,0.9155674748894665,1.0944041347443727
2006-11-22,0.9157824221103922,1.0941472021492504
2006-11-23,0.9153785824004533,1.0946296967659608
2006-11-24,0.91483461331839,1.0952801868722375
2006-11-27,0.9142867381430677,1.0959361270997645
2006-11-28,0.9140415489245984,1.0962300302171186
2006-11-29,0.9141992466431986,1.0960408998925402
2006-11-30,0.9141530946655589,1.0960962318732759
2006-12-01,0.9139271558338842,1.0963671391244547
2006-12-04,0.9136981395281298,1.0966418721273532
2006-12-05,0.9143045265708988,1.0959140722194327
2006-12-06,0.9148132030835738,1.0953043566025378
2006-12-07,0.9142628604925432,1.0959632808895374
2006-12-08,0.9140252141581913,1.0962481570094615
2006-12-11,0.913689454341504,1.0966508549597367
2006-12-12,0.9136324646595438,1.0967192565190944
2006-12-13,0.9127262111783578,1.0978071180854787
2006-12-14,0.9124075700376736,1.0981903726782294
2006-12-15,0.9117336801979086,1.0990014787656601
2006-12-18,0.911629081792626,1.0991275614195959
2006-12-19,0.9119564697961113,1.0987328381872028
2006-12-20,0.9117045971552165,1.0990362964670197
2006-12-21,0.9122126994161482,1.0984237923414253
2006-12-22,0.9115706485181674,1.0991969058737052
2006-12-25,0.910870319130443,1.1000413822698358
2006-12-26,0.9108989076091639,1.1000068564882963
2006-12-27,0.9111340644359266,1.099722879726849
2006-12-28,0.9117199894270288,1.0990156785106178
2006-12-29,0.9112099352164588,1.0996305137460052
2007-01-01,0.911554904023043,1.099214212066941
2007-01-02,0.9115092633481893,1.0992692486623519
2007-01-03,0.9113981494441818,1.0994032506990679
2007-01-04,0.9115803649734586,1.0991834473723476
2007-01-05,0.9113936489540465,1.0994085895164558
2007-01-08,0.910510022916117,1.100474502206472
2007-01-09,0.9109603059315572,1.0999302742849808
2007-01-11,0.9106359883427174,1.0999796193236397
2007-01-12,0.9108354007824996,1.0997387441304691
2007-01-15,0.910936859003336,1.0996162439111445
2007-01-16,0.9109504706297653,1.0995998129528626
2007-01-17,0.9100231950905818,1.1007191186037364
2007-01-18,0.909169558960387,1.1017516347131118
2007-01-19,0.9086022516886996,1.1024391101216384
2007-01-22,0.90907217627643,1.1018689340700614
2007-01-23,0.9087177643911296,1.102298509912848
2007-01-24,0.9084460315824656,1.1026281289450954
2007-01-25,0.9082112922053897,1.1029130443183115
2007-01-26,0.9067754386578988,1.1046567152249052
2007-01-29,0.9072617322524825,1.104064300099918
2007-01-30,0.9061067419462913,1.1054698300795207
2007-01-31,0.9055604153977125,1.1061363602893368
2007-02-01,0.9052170783260358,1.1065557443661573
2007-02-02,0.9045929393961625,1.1073187044722692
2007-02-05,0.9053633622374367,1.106375624347119
2007-02-06,0.9051700157245686,1.106611898397751
2007-02-07,0.905299312695421,1.1064538269151716
2007-02-08,0.9052588797379948,1.1065032439420601
2007-02-09,0.9050493639148334,1.1067593363628847
2007-02-12,0.905194957086044,1.1065812945808862
2007-02-13,0.9046095653947454,1.1072969232866399
2007-02-14,0.904770367542945,1.1071000917133613
2007-02-15,0.9046867376589512,1.1072024233718252
2007-02-16,0.9041324753661217,1.107880758234335
2007-02-19,0.9037062903156436,1.108402985042614
2007-02-20,0.9039860015257377,1.10805991700874
2007-02-21,0.9042686046710879,1.1077135164922998
2007-02-22,0.9038204374758338,1.1082625136124773
2007-02-23,0.9032591367782404,1.108950779219465
2007-02-26,0.903075546295086,1.1091761772265947
2007-02-27,0.9036056463681049,1.108525097286549
2007-02-28,0.9036207449852864,1.1085065746089326
2007-03-01,0.9038124214460446,1.1082714376688754
2007-03-02,0.9039784914681707,1.108067799549053
2007-03-05,0.9038520847640317,1.1082227448268729
2007-03-06,0.9036587801696538,1.108459757665345
2007-03-07,0.9034034682761505,1.108772932246074
2007-03-08,0.9031913682376816,1.1090332486936423
2007-03-12,0.9030734868864015,1.1095229494617949
2007-03-13,0.9026730244261731,1.1100149606839969
2007-03-14,0.9027426975931245,1.109929283749402
2007-03-15,0.9025616878047862,1.1101518367152223
2007-03-16,0.9021130576806532,1.110703652245442
2007-03-19,0.9011327918282529,1.1119105795292927
2007-03-20,0.9014435069844574,1.1115271871230494
2007-03-21,0.9013611520234669,1.11162873511516
2007-03-22,0.9018773222208751,1.1109921538487486
2007-03-23,0.900621315371293,1.1125393861836628
2007-03-26,0.9014054194633696,1.111570780766031
2007-03-27,0.9012968209442599,1.1117046993536834
2007-03-28,0.901464496914057,1.1114978794035177
2007-03-29,0.9006432819458758,1.1125104303123914
2007-03-30,0.9003913984655604,1.1128215668130366
2007-04-02,0.8998745154992357,1.1134603984516158
2007-04-03,0.8995287114902758,1.1138882792983014
2007-04-04,0.9002484748918086,1.1129969947772025
2007-04-05,0.8998683097997411,1.1134670012440742
2007-04-06,0.9000895052147903,1.1131933014228874
2007-04-09,0.9002895891566094,1.1129458459171129
2007-04-10,0.9001947008990274,1.1130631476091173
2007-04-11,0.9001206911119919,1.1131546584416399
2007-04-12,0.9000964365065385,1.1131846534493268
2007-04-13,0.9005903623655267,1.1125737959191033
2007-04-16,0.9002478264236086,1.112996958912029
2007-04-17,0.899798301300202,1.113552717093966
2007-04-18,0.8996017820904685,1.1137959210427217
2007-04-19,0.8995996626697886,1.1137985450950028
2007-04-20,0.8997509959471081,1.1136111786573557
2007-04-23,0.899329465925959,1.1141329013848724
2007-04-24,0.8989636727197845,1.1145860637258644
2007-04-25,0.8995499846256936,1.1138591210260047
2007-04-26,0.8986092777899624,1.1150239422222685
2007-04-27,0.8979809316179043,1.1158036148154242
2007-04-30,0.8972740044503985,1.1166820208718793
2007-05-01,0.8969628828693578,1.11706922018238
2007-05-02,0.8969305384209645,1.1171095016571588
2007-05-03,0.8967077615436557,1.1173869659152376
2007-05-04,0.8964117534514143,1.1177558214089234
2007-05-07,0.8966363396098667,1.1174757799156572
2007-05-09,0.8960473060135278,1.1183926564693214
2007-05-10,0.8960737719796209,1.1183596232333233
2007-05-11,0.8961252978408939,1.1182953155338884
2007-05-14,0.8951433084302423,1.119520762645449
2007-05-15,0.895263028238666,1.119371033758501
2007-05-16,0.8952480047772196,1.1193898179895476
2007-05-17,0.8948146757358854,1.1199316389309182
2007-05-18,0.8952789087024893,1.119350614500684
2007-05-21,0.8951018571659866,1.1195719787529368
2007-05-22,0.8949682616845768,1.119739076783487
2007-05-23,0.8944314920336329,1.1204106558540812
2007-05-24,0.8942072375605936,1.1206915684823306
2007-05-25,0.8935123320458259,1.1215624792942545
2007-05-28,0.8927070825770441,1.1225732516789952
2007-05-29,0.8930557016186985,1.1221348655399974
2007-05-30,0.8924388611570713,1.1229099327471304
2007-05-31,0.8918821148488717,1.123610458000689
2007-06-01,0.8909610880478527,1.1247707855019295
2007-06-04,0.8904737734373818,1.1253859832300448
2007-06-05,0.8900240066418956,1.125954401146957
2007-06-06,0.8904043471812312,1.1254732387277375
2007-06-07,0.8908111234364519,1.1249590725617142
2007-06-08,0.8904775633850638,1.1253803082155815
2007-06-11,0.8911033571510523,1.1245894337340616
2007-06-12,0.8908616139430332,1.1248945182736199
2007-06-13,0.8908577644430633,1.124899379052608
2007-06-14,0.8895504100632269,1.126550194916574
2007-06-15,0.8902257713228028,1.1256948995336395
2007-06-18,0.8895819598075204,1.1265090023852538
2007-06-19,0.8887543687710162,1.1275570100956587
2007-06-20,0.8892736486510533,1.1268982030174477
2007-06-21,0.8902096917092671,1.125712038059284
2007-06-22,0.8904342185947732,1.125428113248943
2007-06-25,0.8905582112982355,1.1252713977146562
2007-06-26,0.8904771685129176,1.1253737999239137
2007-06-27,0.8906287461937868,1.1251822379650727
2007-06-28,0.8906879969091455,1.1251073831472902
2007-06-29,0.8902804658575938,1.1256221719359047
2007-07-02,0.8902109341020225,1.1257100841037286
2007-07-03,0.8898888756473483,1.126117340896708
2007-07-04,0.8892313952282855,1.1269493550070855
2007-07-06,0.8884709729330688,1.1284171002231327
2007-07-09,0.888214352965219,1.128743024613239
2007-07-10,0.8878730909054662,1.1291767005251685
2007-07-11,0.8874292037124072,1.1297412261101851
2007-07-12,0.8871384816635489,1.130111329643583
2007-07-13,0.8874587272657514,1.1297033739627078
2007-07-16,0.8876541933205878,1.1294545526318
2007-07-17,0.8867960311579935,1.1305464814129988
2007-07-18,0.8864427569324318,1.1309968588601793
2007-07-19,0.8866581327648502,1.1307220645905725
2007-07-20,0.88623644757262,1.1312598239969842
2007-07-23,0.8861577243545469,1.131360312319334
2007-07-24,0.8862923597898031,1.1311884228419933
2007-07-25,0.8859125258815032,1.1316732106379452
2007-07-26,0.8858385422218411,1.1317677180788253
2007-07-27,0.8851630253388024,1.1326307740024508
2007-07-30,0.8849305319949581,1.1329282662252966
2007-07-31,0.8855135892993423,1.1321818097780578
2007-08-01,0.885002574417147,1.1328351727090606
2007-08-02,0.8853454400593146,1.1323962923371964
2007-08-03,0.8852270954532645,1.1325476603649125
2007-08-06,0.8855083042587689,1.1321878855948182
2007-08-07,0.8855946184571727,1.132077526505787
2007-08-08,0.8858571565841312,1.1317419175181234
2007-08-09,0.8858833674156303,1.1317084314233505
2007-08-10,0.8855220316082701,1.1321700348294035
2007-08-13,0.88553086983992,1.1321587348496427
2007-08-14,0.8856666760764521,1.1319851054233026
2007-08-15,0.8857178914206152,1.1319196462518921
2007-08-16,0.8856517314401383,1.1320041966289622
2007-08-17,0.8851240581826354,1.1326786472292798
2007-08-20,0.8849003086998045,1.1329649757492066
2007-08-21,0.8843782678180793,1.1336333606837459
2007-08-22,0.8845768114109599,1.133378859133188
2007-08-23,0.8839175784899844,1.134223512357464
2007-08-24,0.8834972890829934,1.1347628184409773
2007-08-27,0.8832585113300834,1.1350695042896168
2007-08-28,0.88335008669923,1.1349518214056944
2007-08-29,0.8829228402161429,1.1355007591162016
2007-08-30,0.8834002387699271,1.1348867910597287
2007-08-31,0.8828079509906898,1.1356476914394915
2007-09-04,0.8827206941436135,1.1360914844416508
2007-09-05,0.8832644150828086,1.1353916971442297
2007-09-06,0.8827588829025999,1.1360415331732228
2007-09-07,0.8824950026677274,1.1363811263649817
2007-09-10,0.882715290669825,1.136097463423898
2007-09-11,0.8825810464208711,1.136270242294195
2007-09-12,0.882626987441134,1.136211095981868
2007-09-13,0.882196901470817,1.1367647482706078
2007-09-14,0.8820234883988736,1.1369882016365693
2007-09-17,0.8815640975638644,1.1375803876341253
2007-09-18,0.8818828103711722,1.1371691169847384
2007-09-19,0.8824698012061749,1.136412204794515
2007-09-20,0.881710048824193,1.1373905860131424
2007-09-21,0.8809526054233745,1.138367674790431
2007-09-24,0.8806560610427828,1.1387508696807442
2007-09-25,0.8813173957366145,1.1378957169246737
2007-09-26,0.8810141408411801,1.1382872585512436
2007-09-27,0.8814859362990389,1.1376776897220642
2007-09-28,0.8816259162413773,1.137497026536358
2007-10-01,0.8814414618838318,1.1377350144169027
2007-10-02,0.8811585245978448,1.138100220356346
2007-10-03,0.8815660986526528,1.137573799617467
2007-10-04,0.8807093114310333,1.1386793987286978
2007-10-05,0.8802382422717692,1.1392884495699556
2007-10-08,0.8798676820995558,1.1397680639559242
2007-10-09,0.8790578846722528,1.1408170640097859
2007-10-10,0.8783538689900484,1.1417307161339445
2007-10-11,0.87761133038794,1.142695906998211
2007-10-12,0.8775712087101359,1.1427481475236247
2007-10-15,0.8768968044049303,1.143626337535793
2007-10-16,0.8770389821583083,1.1434409129538377
2007-10-17,0.8761498720214446,1.1446000916531813
2007-10-18,0.8766288502113118,1.1439743556946094
2007-10-19,0.8768312589600847,1.1437102183485608
2007-10-22,0.8760607571428742,1.14471523589623
2007-10-23,0.8763869516989378,1.1442890098894745
2007-10-24,0.8765376668884991,1.1440922226886792
2007-10-25,0.8763320274802724,1.1443606315164088
2007-10-26,0.8766237831022775,1.143979641620597
2007-10-29,0.8768909147142875,1.14363103925358
2007-10-30,0.8762703434864471,1.144440381107073
2007-11-01,0.8767105746445532,1.1439029775398777
2007-11-02,0.8767163795725195,1.1438954034617532
2007-11-05,0.8767419409422994,1.1438620522730694
2007-11-06,0.8764858918202365,1.144196112799398
2007-11-07,0.8764925682382558,1.144187397163908
2007-11-08,0.8758470729702527,1.1450300369960549
2007-11-09,0.8756169413801006,1.145330897261868
2007-11-12,0.8753571303011862,1.1456707372558987
2007-11-13,0.8750103354701629,1.1461246236480713
2007-11-14,0.875484847986152,1.1455030875852865
2007-11-15,0.8760261546960662,1.1447948303162276
2007-11-16,0.8761365700910969,1.1446505389925714
2007-11-19,0.8756446548533586,1.1452932139604215
2007-11-20,0.8756791966915641,1.1452480352082015
2007-11-21,0.8761464328617417,1.144636965186331
2007-11-22,0.8762509205909381,1.1445004577341964
2007-11-23,0.8771208450214037,1.1433642205155345
2007-11-26,0.8769606721593051,1.1435730126342725
2007-11-27,0.8771977792083552,1.1432638206362649
2007-11-28,0.8770706853538559,1.1434294637889475
2007-11-29,0.877174428456038,1.1432942148042526
2007-11-30,0.8770458157963001,1.1434618463551263
2007-12-03,0.8774723772898486,1.1429057103081695
2007-12-04,0.8779950522196862,1.1422249274397773
2007-12-05,0.877755198211511,1.1425369647643515
2007-12-06,0.8772605149146621,1.1431808731725879
2007-12-07,0.8768007629040379,1.143779987912181
2007-12-10,0.8776722783003349,1.1426431026451789
2007-12-11,0.8776220053132624,1.1427085531366072
2007-12-12,0.8768046634795934,1.1437727738358552
2007-12-13,0.8769869458786274,1.1435349903775223
2007-12-14,0.8782844128179766,1.1418431763191983
2007-12-17,0.8781444809641188,1.142025099429919
2007-12-18,0.8786932628274194,1.1413114097403667
2007-12-19,0.8791411134246319,1.1407297084595205
2007-12-20,0.8793056896674866,1.1405161625262634
2007-12-21,0.8796763996075024,1.1400353278368425
2007-12-24,0.8797904748867623,1.139887489553984
2007-12-25,0.8799242291675395,1.1397141928024457
2007-12-26,0.8801316882588417,1.1394454832216145
2007-12-27,0.8801316882588417,1.1395396649067022
2007-12-31,0.8801316882588417,1.139239078360648
2008-01-01,0.8799512486938114,1.1394726386408962
2008-01-02,0.8802153310928746,1.1391306712097164
2008-01-03,0.8802153310928746,1.1390419588556686
2008-01-04,0.8802153310928746,1.1391057448759199
2008-01-07,0.8802153310928746,1.1387513524247004
2008-01-08,0.8802153310928746,1.1377922449137008
2008-01-09,0.8802153310928746,1.1375806546706162
2008-01-10,0.8800288491052504,1.137339647391974
2008-01-11,0.8794665695418018,1.1366129634416937
2008-01-14,0.8787873151698674,1.135735102529917
2008-01-15,0.8783024061624424,1.1351084114389571
2008-01-16,0.8781212547271571,1.1348742933077829
2008-01-17,0.8787247581857085,1.1356542545686512
2008-01-18,0.8792009905271908,1.136269732031565
2008-01-21,0.8791546832241947,1.1362098849802837
2008-01-22,0.8790789567993899,1.1361120169781458
2008-01-23,0.8790152685001463,1.1360297069176537
2008-01-24,0.8784502469517625,1.1352994792560707
2008-01-25,0.8782531506067877,1.1350447540982262
2008-01-28,0.8780849049047023,1.134827315195309
2008-01-29,0.8775371751729987,1.1341194352882409
2008-01-30,0.8776085197904515,1.1342116402905422
2008-01-31,0.8781884370214665,1.1349611189692352
2008-02-01,0.8782242268279659,1.1350073733232209
2008-02-04,0.8783689759808093,1.1351944455432086
2008-02-05,0.878463107129093,1.1353160996084208
2008-02-06,0.8780687924718826,1.13480649166358
2008-02-07,0.877352506756165,1.1338807718486281
2008-02-08,0.876548773253741,1.132842035471777
2008-02-11,0.8764512696799123,1.1327160229207218
2008-02-12,0.8756889185855296,1.1317307687148448
2008-02-13,0.8752159505167422,1.1311195099622149
2008-02-14,0.8748880715328355,1.1306957627540153
2008-02-15,0.8746065045688002,1.1303318686931343
2008-02-18,0.8744837422347701,1.1301732119970036
2008-02-19,0.8742844393896032,1.1299156351824744
2008-02-20,0.8738731185505506,1.1293840486344553
2008-02-21,0.8735620535166684,1.1289820315911376
2008-02-22,0.8733898464322981,1.1287594730411366
2008-02-25,0.8730010695798854,1.1282570220945718
2008-02-27,0.8728723956820387,1.1271592922273708
2008-02-28,0.8733039149718684,1.1277165225621977
2008-02-29,0.8742772517873338,1.1289734137658216
2008-03-03,0.8734666734572396,1.1279266961684231
2008-03-04,0.8740022687737036,1.1286183221618813
2008-03-05,0.8737366782003555,1.128275359222329
2008-03-06,0.8744067951074312,1.1291406958997465
2008-03-07,0.874557020700049,1.1293346855063455
2008-03-10,0.873823145794194,1.128387016725022
2008-03-11,0.8731995580484839,1.1275817641754247
2008-03-12,0.8730847327304522,1.1274334877207646
2008-03-13,0.8735623246325096,1.128050212631484
2008-03-14,0.8736569719073553,1.1281724327358817
2008-03-17,0.873383449874213,1.1278192277281278
2008-03-18,0.8735395331948947,1.1280207815476075
2008-03-19,0.8732752656943652,1.1276795271210394
2008-03-20,0.8731832237828238,1.1275606713794881
2008-03-21,0.8726370461213206,1.1268553801714998
2008-03-24,0.8721835546759055,1.126269776709672
2008-03-25,0.8724919108689686,1.1266679638330663
2008-03-26,0.8719426769858282,1.1259587260589652
2008-03-27,0.8715380987730679,1.125436285328566
2008-03-28,0.8715514430075088,1.1254535170315298
2008-03-31,0.8714814787464291,1.1253631706448302
2008-04-01,0.8714455778535781,1.1253168110335325
2008-04-02,0.8713574190491119,1.125202969633418
2008-04-03,0.8711532293374231,1.1249392949748473
2008-04-04,0.870248792639492,1.123771376005995
2008-04-07,0.8709295183713656,1.1246504120918368
2008-04-08,0.8709820869167764,1.1247182950088952
2008-04-09,0.8699897430000363,1.1234368595180124
2008-04-10,0.8697415073564649,1.1231163073803831
2008-04-11,0.8698007269756648,1.1231927789750784
2008-04-14,0.8690989404678261,1.1222865466467526
2008-04-15,0.8687249284064648,1.1218035766588668
2008-04-16,0.8679451521504649,1.1207966344561389
2008-04-17,0.8677670381828225,1.1205666319784608
2008-04-18,0.867886490277491,1.1207208830913928
2008-04-21,0.8668540464782326,1.119387665741648
2008-04-22,0.8670335296336589,1.1196194362815777
2008-04-23,0.8664381133064377,1.1188505621033
2008-04-25,0.8659582345227628,1.1182102079727139
2008-04-28,0.8652439467219682,1.117287849505023
2008-04-29,0.8652440377751235,1.1172879670817877
2008-04-30,0.8656814281348526,1.117852768414715
2008-05-01,0.8656523073511231,1.1178151648025172
2008-05-02,0.8658332316957097,1.118048792061803
2008-05-05,0.8653717197601889,1.1174528425843029
2008-05-06,0.8655322198537523,1.117660096047401
2008-05-07,0.8657222345128877,1.117905461612435
2008-05-08,0.8655228674683036,1.117648019330002
2008-05-09,0.865888144602259,1.1181197009927475
2008-05-12,0.8661531497101783,1.1184619015805202
2008-05-13,0.8655242445887488,1.1176497976029924
2008-05-14,0.8659362419425859,1.1181818089960964
2008-05-15,0.866006231380195,1.118272186222693
2008-05-16,0.8657026072094515,1.1178801169131383
2008-05-19,0.8647482293864954,1.116647730660145
2008-05-20,0.8644216681387492,1.116226042747033
2008-05-21,0.8641009712709026,1.1158119274964415
2008-05-22,0.8645523445481893,1.1163947849440023
2008-05-23,0.8648593088227157,1.116791167323168
2008-05-26,0.8640127327775203,1.1156979852991133
2008-05-27,0.8641919345842399,1.115929388248554
2008-05-28,0.8643570808098671,1.1161426412530782
2008-05-29,0.8636831904791576,1.1152724479610556
2008-05-30,0.8630404163482561,1.1144424349581872
2008-06-02,0.8626038130639135,1.1138786499741973
2008-06-03,0.861715984292517,1.112732198383891
2008-06-04,0.8616994694012822,1.1127108727365027
2008-06-05,0.8614374792391772,1.1123725653424796
2008-06-06,0.861257598756105,1.112140286019566
2008-06-09,0.8611086154877275,1.1119479042107496
2008-06-10,0.8606963829458874,1.111415589119828
2008-06-11,0.8605757818486723,1.1112598571542178
2008-06-12,0.8607168464696476,1.1114420136288257
2008-06-13,0.8605710433507783,1.111253738340972
2008-06-16,0.8605535827441858,1.1112311914931556
2008-06-17,0.8609574643977238,1.1117527230980233
2008-06-18,0.8613135370884417,1.1122125190808636
2008-06-19,0.8621350319233523,1.113273313786165
2008-06-20,0.8612897141612218,1.1121817565806194
2008-06-24,0.8613002426020168,1.1124695971734417
2008-06-25,0.8611756374951788,1.1123086551625687
2008-06-26,0.8607784950508107,1.1117956994320886
2008-06-27,0.8602993790845525,1.1111768653488978
2008-06-30,0.8598953746055703,1.1106550465013474
2008-07-01,0.8602278553364172,1.111084484096298
2008-07-02,0.8600713396717098,1.110882325882639
2008-07-03,0.8594965694410726,1.110139943174128
2008-07-04,0.8594196550360328,1.1100405992601718
2008-07-07,0.8587303109986241,1.1091502311333812
2008-07-08,0.858493130345899,1.1088438846909405
2008-07-09,0.8581021749550591,1.108338920260829
2008-07-10,0.8579622530787379,1.1081581948579002
2008-07-11,0.8575404453867079,1.1076133810867819
2008-07-14,0.8575612850509856,1.1076402979408329
2008-07-15,0.8576936599820042,1.107811275584751
2008-07-16,0.857431137201782,1.107472196832514
2008-07-17,0.8575639498539098,1.1076437398442354
2008-07-18,0.857932133005401,1.1081192912744637
2008-07-21,0.8575618970792479,1.1076410884466292
2008-07-22,0.8568777738404688,1.1067574635894455
2008-07-23,0.856668062135808,1.106486596493319
2008-07-24,0.8566365446835001,1.1064458880321593
2008-07-25,0.85583364815733,1.1054088536382733
2008-07-28,0.8555703747129055,1.1050688053157736
2008-07-29,0.8547466399366894,1.1040048558944817
2008-07-30,0.8546552599905183,1.103886828049047
2008-07-31,0.8553007472503893,1.1047205500387216
2008-08-01,0.8547606170678309,1.104022908987563
2008-08-04,0.8546926056568132,1.1039350643275063
2008-08-05,0.8543407686843866,1.1034806258917251
2008-08-06,0.853941653025722,1.102965121525119
2008-08-07,0.8540695128532327,1.103130267386887
2008-08-08,0.8544889814850749,1.103672059989293
2008-08-11,0.8543454976701904,1.1034867339277756
2008-08-12,0.8544925814637477,1.1036767097811147
2008-08-13,0.8545704738453468,1.1037773168657228
2008-08-14,0.8539811172366031,1.103016094150703
2008-08-15,0.8533422909979197,1.1021909756458423
2008-08-18,0.8530049716435328,1.1017552884049333
2008-08-19,0.8532562211646564,1.1020798064298092
2008-08-21,0.8526357945144366,1.1010252298692624
2008-08-22,0.8527489104515756,1.1011712986849183
2008-08-25,0.8526767037082773,1.101078056709095
2008-08-26,0.8524251825438461,1.100753262524208
2008-08-27,0.8525027420402761,1.1008534166145414
2008-08-28,0.8521129294620526,1.1003500440300151
2008-08-29,0.8520243057090406,1.100235602449378
2008-09-01,0.8518243753383887,1.0999774284626407
2008-09-02,0.8521178572043693,1.1003564073197711
2008-09-03,0.8523224038613275,1.1006205424070445
2008-09-04,0.8516261195766144,1.0997214169310057
2008-09-05,0.8517664867626611,1.0999026758158397
2008-09-08,0.8509181087488624,1.0988071487412454
2008-09-09,0.8510723337630416,1.0990063025098071
2008-09-10,0.8509256610964138,1.0988169012349271
2008-09-11,0.850370914563006,1.0981005462174693
2008-09-12,0.8510521935096719,1.0989802950078484
2008-09-15,0.8516698626892395,1.0997779032654327
2008-09-16,0.8520789781981699,1.1003062021008336
2008-09-17,0.8517296321902383,1.099855084787719
2008-09-18,0.8515542403882593,1.0996285979332692
2008-09-19,0.8504080589175274,1.0981485114468659
2008-09-22,0.8505821608579381,1.0983733326779175
2008-09-23,0.8501840858618894,1.0978592906721167
2008-09-24,0.849369481202402,1.0968073757886048
2008-09-25,0.8487240421462023,1.0959739077477475
2008-09-26,0.8478709310295465,1.094872268725127
2008-09-29,0.8476190266685879,1.094546979711091
2008-09-30,0.8472025884466786,1.09400922491361
2008-10-01,0.8474056431373541,1.0942714333957255
2008-10-02,0.8468001020390757,1.0934894863660365
2008-10-03,0.8472457774017237,1.0940649956535466
2008-10-06,0.8476154598666881,1.0945423738302367
2008-10-07,0.8473404654607687,1.0941872681908322
2008-10-08,0.847332495719281,1.0941769767082206
2008-10-09,0.8471182944785938,1.0939003744686908
2008-10-10,0.8468486849029794,1.0935522223656762
2008-10-13,0.8463417263512664,1.0928975769009595
2008-10-14,0.8459421512164783,1.0923815977367484
2008-10-15,0.845391946440036,1.0916711075786352
2008-10-16,0.8458212242336605,1.0922254423654738
2008-10-20,0.846139465749345,1.0931061990700368
2008-10-21,0.8462927843836658,1.0933042675402986
2008-10-22,0.8460468744722149,1.0929865827383238
2008-10-23,0.846090986976677,1.0930435705683872
2008-10-24,0.8450826694824537,1.0917409506715714
2008-10-27,0.8445942398878575,1.0911099608179196
2008-10-28,0.8448504073222642,1.0914408970546567
2008-10-29,0.8439416024184626,1.0902668349593365
2008-10-30,0.8436843405230222,1.0899344848160402
2008-10-31,0.8434549032246897,1.0896380805667916
2008-11-03,0.8434998371592843,1.0896961295816907
2008-11-04,0.8436269568208276,1.0898603522609076
2008-11-05,0.8434675506570911,1.0896544194651883
2008-11-06,0.8429689304182325,1.0890102645756685
2008-11-07,0.8421900541244877,1.088004053969185
2008-11-10,0.841403038627183,1.0869873285312504
2008-11-11,0.8416299712171663,1.0872804970110612
2008-11-12,0.842017741623061,1.0877814478018673
2008-11-13,0.8418388632737808,1.087550359381586
2008-11-14,0.8425922210288512,1.0885236032326522
2008-11-17,0.84232232364815,1.0881749296251684
2008-11-18,0.842193672200167,1.0880087280697488
2008-11-19,0.8424023945448275,1.0882783711936879
2008-11-20,0.8427809622660805,1.0887674332687005
2008-11-21,0.8423054172920048,1.088153088730784
2008-11-24,0.8420996305389545,1.0878872380234819
2008-11-25,0.8423139499449867,1.0881641118496037
2008-11-26,0.8432478193745002,1.089370554172465
2008-11-27,0.8428414787720577,1.0888456130138933
2008-11-28,0.8416541626493961,1.0873117493111906
2008-12-01,0.8409823778639007,1.086443887518672
2008-12-02,0.8411432213386819,1.086651677140218
2008-12-03,0.8412631406699863,1.0868065978947075
2008-12-04,0.8408995796781181,1.0863369226342594
2008-12-05,0.8411369564731908,1.0866435837187645
2008-12-08,0.8405452774469391,1.0858792085328337
2008-12-09,0.839967777747447,1.0851331512609197
2008-12-10,0.8394694818981128,1.084489415442031
2008-12-11,0.8394338549000844,1.084443389823353
2008-12-12,0.839523109878614,1.0845586960751918
2008-12-15,0.8399491952511958,1.085109145003478
2008-12-17,0.8399057010775309,1.084936731598147
2008-12-18,0.8395222779396039,1.0844414499902857
2008-12-19,0.8389305902283613,1.0836771454609333
2008-12-22,0.8394769155381113,1.0843828537269793
2008-12-23,0.8384966446811374,1.0831166022200758
2008-12-24,0.8384349304324197,1.083036883681184
2008-12-25,0.8382624693928693,1.082814109486012
2008-12-26,0.838393518663314,1.08298339059337
2008-12-29,0.8387551313311085,1.0834504988239702
2008-12-30,0.8380185399496651,1.0824990169553732
2008-12-31,0.8375490940191888,1.0818926165787361
2009-01-01,0.8372324825120057,1.0814836379834618
2009-01-02,0.8371775771385574,1.0814127147163146
2009-01-05,0.8369060274127292,1.0810619440623848
2009-01-06,0.8370321496983709,1.081224860804336
2009-01-07,0.8369625352921428,1.0811349373447519
2009-01-08,0.8365109740396995,1.080551639256986
2009-01-09,0.8365306471457916,1.0805770517234052
2009-01-12,0.8359251306214961,1.0797948840134408
2009-01-13,0.8360282041644406,1.0799280278564376
2009-01-14,0.8360506285424675,1.0799569942408465
2009-01-15,0.8360118997092079,1.0799069667988117
2009-01-16,0.8362559668899704,1.0802222372500625
2009-01-19,0.8353405867915541,1.0790398074953036
2009-01-20,0.8352387918420308,1.0789083152579162
2009-01-21,0.8355365115573608,1.079292890638781
2009-01-22,0.835540407398334,1.0792979230382123
2009-01-23,0.8347501582556389,1.0782771294885032
2009-01-26,0.8349660217584047,1.078555968223449
2009-01-27,0.8346715793563717,1.0781756262673272
2009-01-28,0.8345123610736546,1.0779699582226405
2009-01-29,0.8338862482736331,1.077161185554476
2009-01-30,0.8338183978875974,1.0770735407439112
2009-02-02,0.8335637898520714,1.0767446542873151
2009-02-03,0.8338411056671969,1.0771028732084353
2009-02-04,0.8334669439436917,1.0766195549063116
2009-02-05,0.8336001961428837,1.076791681616827
2009-02-06,0.8342989451300127,1.0776942810888042
2009-02-09,0.8341458494129859,1.0774965217848256
2009-02-10,0.8336981460007209,1.0769182070094823
2009-02-11,0.834219774904405,1.0775920140298945
2009-02-13,0.833877561281276,1.077018261625456
2009-02-16,0.8322805746186848,1.0749556281177979
2009-02-17,0.8321400122514125,1.074774080797809
2009-02-18,0.832031266321447,1.0746336269015915
2009-02-19,0.8322437600402146,1.0749080792027685
2009-02-20,0.8319852715186085,1.0745742210068931
2009-02-23,0.8320479948868489,1.0746552331556334
2009-02-24,0.8320775819710196,1.0746934471950076
2009-02-25,0.8320427527054236,1.0746484624672399
2009-02-26,0.8320485111982683,1.0746559000123197
2009-02-27,0.8316181825105613,1.0741000967665175
2009-03-02,0.8308426212011927,1.0730983985172964
2009-03-03,0.8306582000679524,1.0728602041617314
2009-03-04,0.8306088954633232,1.0727965233984713
2009-03-05,0.8305910071240894,1.0727734192055784
2009-03-06,0.8308595611701316,1.073120277815584
2009-03-09,0.8301611534758481,1.0722182295104978
2009-03-10,0.8298397503137233,1.0718031121227356
2009-03-11,0.8298404417037202,1.0718040051071342
2009-03-12,0.8285337526311486,1.0701163137016194
2009-03-13,0.8283854195867836,1.069924729942802
2009-03-16,0.8286329847644718,1.0702444797834179
2009-03-17,0.8286652963364395,1.0702862127124315
2009-03-18,0.8281507276741117,1.069621606933454
2009-03-19,0.8282352744467824,1.0697308057203694
2009-03-20,0.8287777500484297,1.0704314554998917
2009-03-23,0.8282758493738756,1.0697832114205255
2009-03-24,0.8283155345463846,1.0698344679328633
2009-03-25,0.8276816202555827,1.0690157179158344
2009-03-26,0.8272775802690749,1.0684938685891454
2009-03-27,0.827335566524717,1.0685687623854885
2009-03-30,0.8265966033834081,1.0676143335402815
2009-03-31,0.8268153105072339,1.0678968109413354
2009-04-01,0.8262826688887562,1.0672088625222405
2009-04-02,0.8261320949547677,1.0670143844787479
2009-04-03,0.8267081220042062,1.067758368584139
2009-04-06,0.8268120735394985,1.067892630143668
2009-04-07,0.8263450904096896,1.0672894848115135
2009-04-08,0.8265370217207453,1.0675373791506622
2009-04-09,0.8263943720656095,1.067353135934716
2009-04-10,0.8263457633430085,1.067290353957665
2009-04-14,0.825502213534023,1.065743607642863
2009-04-15,0.8258264342375871,1.0661621845244555
2009-04-16,0.8259433533691413,1.066313129991375
2009-04-17,0.8251789506703409,1.0653262673560542
2009-04-20,0.8251165334443217,1.0652456851861385
2009-04-21,0.8251286640903036,1.0652613461476719
2009-04-22,0.8253856763338795,1.0655931552587636
2009-04-23,0.8254478447659609,1.0656734162296027
2009-04-24,0.8253704924853639,1.065573552537863
2009-04-27,0.8247941882869972,1.0648295296807495
2009-04-28,0.8242867343293921,1.0641743941733892
2009-04-29,0.823372612401589,1.0629942403407402
2009-04-30,0.8231327166464146,1.0626845290360505
2009-05-01,0.8231169062575634,1.062664117436207
2009-05-04,0.823049762386519,1.062577433051617
2009-05-05,0.8233966414903215,1.063025262483739
2009-05-06,0.823347267938421,1.062961520017078
2009-05-07,0.823436013715489,1.06307609299225
2009-05-08,0.823284399199318,1.0628803549326955
2009-05-11,0.8229098034566174,1.0623967426398535
2009-05-12,0.823256839890351,1.0628447751887762
2009-05-13,0.8227237209898739,1.0621565056105946
2009-05-14,0.8221153261211769,1.0613710529108848
2009-05-15,0.8222767854598098,1.061579500877736
2009-05-18,0.8229260793897123,1.062417755268736
2009-05-19,0.8229863654065019,1.0624955859952567
2009-05-20,0.8224945391400508,1.061860626220531
2009-05-21,0.8225929780138109,1.061987713221309
2009-05-22,0.8229471829318518,1.0624450004593184
2009-05-25,0.8231299156243568,1.062680912847864
2009-05-26,0.8227985851239052,1.062253157044083
2009-05-27,0.822484467357579,1.0618476233022942
2009-05-28,0.8225249887240926,1.0618999373804723
2009-05-29,0.8228328126064033,1.0622973455636047
2009-06-01,0.822800692538812,1.0622558777684237
2009-06-02,0.8227912358524191,1.0622436689543133
2009-06-03,0.8216261109138271,1.06073946407751
2009-06-04,0.8219324389327284,1.061134941064287
2009-06-05,0.8216944615537498,1.0608277064303249
2009-06-08,0.8209034714077793,1.0598065187485042
2009-06-09,0.8207173335328927,1.0595662101859729
2009-06-11,0.8206298531478392,1.0598354511286714
2009-06-12,0.8206732215877101,1.05989146104576
2009-06-15,0.8208072667876628,1.0600645791140566
2009-06-16,0.8206153883583386,1.059816769994117
2009-06-17,0.8209898344577486,1.0603003634792545
2009-06-18,0.8204458595602931,1.0595978252049814
2009-06-19,0.8204987514569664,1.059666134573641
2009-06-22,0.8205207154904274,1.0596945009086243
2009-06-23,0.8204715800671543,1.0596310429887212
2009-06-24,0.8205947837108644,1.0597901592928762
2009-06-25,0.8204197439605279,1.0595640971626092
2009-06-26,0.8205174263605439,1.059690253029461
2009-06-29,0.8202783250801614,1.059381456057979
2009-06-30,0.8204525439654573,1.0596064580490525
2009-07-01,0.820268999941023,1.0593694127317368
2009-07-02,0.8195628436450131,1.0584574187631062
2009-07-03,0.8199214727988804,1.0589205848173495
2009-07-06,0.8200981118151144,1.0591487123839243
2009-07-07,0.8199233405349032,1.0589229969802056
2009-07-08,0.8199671258055471,1.058979545230172
2009-07-09,0.8195447530371707,1.0584340549195288
2009-07-10,0.8193077959209656,1.0581280271151685
2009-07-13,0.8188666118334328,1.0575582421693157
2009-07-14,0.8185712422815833,1.0571767752740604
2009-07-15,0.8184951043026829,1.0570784438169407
2009-07-16,0.8183725391058974,1.0569201520607616
2009-07-17,0.8180712123098652,1.0565309914427499
2009-07-20,0.817113579326535,1.0552942177852838
2009-07-21,0.8173197633782632,1.0555605024770247
2009-07-22,0.8175555230742471,1.0558649838248486
2009-07-23,0.816923608523501,1.0550488723460916
2009-07-24,0.8168765682624934,1.0549881203078189
2009-07-27,0.8176781161685283,1.0560233116103714
2009-07-28,0.8172964752563159,1.055530426094676
2009-07-29,0.8172965549033777,1.0555305289580794
2009-07-30,0.8171819053788166,1.0553824602153707
2009-07-31,0.8168846678527739,1.0549985808496647
2009-08-03,0.8165419268570427,1.054555934196685
2009-08-04,0.8158714332388846,1.0536899982286554
2009-08-05,0.8159235877924316,1.0537573553258592
2009-08-06,0.8157229107136849,1.0534981828360102
2009-08-10,0.8156841999026435,1.0534276369373887
2009-08-11,0.8152791761892583,1.0529045629666707
2009-08-12,0.8155182389157224,1.0532133041229281
2009-08-13,0.8151033697219261,1.0526775150583476
2009-08-14,0.815277994145381,1.0529030363983143
2009-08-17,0.8148479555142165,1.0523476565355272
2009-08-18,0.8146277119908741,1.0520632197223916
2009-08-19,0.8138999749846579,1.0511233728124456
2009-08-20,0.8140677547778036,1.0513400545515799
2009-08-21,0.8140344443330016,1.0512970352762803
2009-08-24,0.8135809751210427,1.0507113956372693
2009-08-25,0.8135569611153541,1.0506803823881847
2009-08-26,0.8134639221356881,1.0505602257975528
2009-08-27,0.8140842966556651,1.0513614178087178
2009-08-28,0.8140604759369419,1.0513306541829939
2009-08-31,0.8143687912857478,1.0517288326807053
2009-09-01,0.8138680473469653,1.0510821393842
2009-09-02,0.8130484609868481,1.0500236722437217
2009-09-03,0.8128040244859575,1.0497079910455995
2009-09-04,0.8126170735765595,1.0494665504798342
2009-09-07,0.8123796735729205,1.0491599566719951
2009-09-08,0.8121543702562939,1.048868985312667
2009-09-09,0.8124938564106984,1.0493074198164245
2009-09-10,0.8121732050472678,1.048893309786955
2009-09-11,0.811631407859667,1.0481935976543653
2009-09-14,0.8113661620438526,1.0478510419532812
2009-09-15,0.8111555181583467,1.0475790027369152
2009-09-16,0.8107374960180381,1.0470391417521059
2009-09-17,0.811597483763723,1.0481497858700624
2009-09-18,0.8112281939238432,1.0476728609481183
2009-09-21,0.8110021494040628,1.0473809323508212
2009-09-22,0.8116110348500754,1.048167286624491
2009-09-23,0.8111289427176843,1.047544681484081
2009-09-24,0.8106124472959927,1.046877645697895
2009-09-25,0.8108777943711879,1.0472203321719304
2009-09-28,0.8101703612638564,1.046306707037796
2009-09-29,0.8095206879456855,1.0454676766527233
2009-09-30,0.8089421235114519,1.0447204809060808
2009-10-01,0.8084204620932532,1.0440467734159518
2009-10-02,0.8078472360839265,1.0433064720585046
2009-10-05,0.8077947146530604,1.0432386424661053
2009-10-07,0.8080871129178525,1.0441770484365756
2009-10-08,0.8086045885315329,1.0448457092162031
2009-10-09,0.8077032753720789,1.0436810692912357
2009-10-12,0.8075407145414438,1.0434710148483293
2009-10-13,0.8073085203198522,1.0431709829915037
2009-10-14,0.8070664083225693,1.0428581357914026
2009-10-15,0.8067765860159041,1.042483639284891
2009-10-16,0.8062226048357359,1.0417678075084027
2009-10-19,0.806397534824396,1.041993844870368
2009-10-20,0.8063462928611671,1.041927632105599
2009-10-21,0.8066188723231728,1.0422798481149271
2009-10-22,0.8072129317470101,1.0430474673553067
2009-10-23,0.8073926582060603,1.0432797025197302
2009-10-26,0.8072976533751846,1.043156941170978
2009-10-27,0.8073300130175742,1.043198754974637
2009-10-28,0.8070794877433923,1.0428750364829396
2009-10-29,0.8074007259049979,1.0432901272696486
2009-10-30,0.8072941995323508,1.0431524782568218
2009-11-02,0.8075630589763414,1.0434998874113333
2009-11-03,0.8072997043761421,1.0431595913903566
2009-11-04,0.8067993624983844,1.0425130701220744
2009-11-05,0.8069591524527985,1.0427195441522907
2009-11-06,0.8066994552018248,1.0423839740080898
2009-11-09,0.8066968376410962,1.042380591703395
2009-11-10,0.8062069842151011,1.0417476231826186
2009-11-11,0.805295955704472,1.0405704294790397
2009-11-12,0.8056860040058734,1.0410744339082583
2009-11-13,0.8055562462223942,1.040906766218477
2009-11-16,0.8054937217794356,1.0408259746958057
2009-11-17,0.8049170644334748,1.0400808417072467
2009-11-18,0.8045815881228491,1.0396473529679142
2009-11-19,0.804524424114796,1.0395734879795342
2009-11-20,0.8042199634754124,1.0391800764194257
2009-11-23,0.8043459779693923,1.0393429071839322
2009-11-24,0.803537347715852,1.0382980283114434
2009-11-25,0.803448209440702,1.0381828474855637
2009-11-26,0.8029082019915379,1.0374850719915751
2009-11-27,0.802875533119925,1.0374428586145874
2009-11-30,0.8030988053095363,1.0377313617873511
2009-12-01,0.8035657262935627,1.0383346979464854
2009-12-02,0.8039061396604815,1.038774566147618
2009-12-04,0.803568363695184,1.0387867758498217
2009-12-07,0.8030221300199274,1.0380806500937365
2009-12-08,0.802916339470866,1.0379438928141573
2009-12-09,0.802157124901448,1.0369624429582704
2009-12-10,0.8019304514634668,1.0366694182693337
2009-12-11,0.8017139913261103,1.0363895964914447
2009-12-14,0.800696407122686,1.0350741477236882
2009-12-15,0.8005238680580182,1.0348511034790515
2009-12-16,0.8007424194598999,1.035133628670902
2009-12-17,0.8010705421072936,1.0355577985142768
2009-12-18,0.8015474307845107,1.0361742807873813
2009-12-21,0.8012147268050792,1.035744188576537
2009-12-22,0.8011612409149952,1.035675046437767
2009-12-23,0.8011234143878223,1.035626147429321
2009-12-24,0.8010175316368853,1.0354892709587762
2009-12-25,0.800820131892124,1.0352340888813345
2009-12-28,0.8005739761830303,1.0349158791222661
2009-12-29,0.8003512126438543,1.034627908827401
2009-12-30,0.8000637667530844,1.0342563225335715
2009-12-31,0.7994201636997413,1.0334243256918405
2010-01-01,0.7996187491909638,1.0336810406043202
2010-01-04,0.7989679319726414,1.0328397178862632
2010-01-05,0.7987083974374853,1.0325042130864517
2010-01-06,0.7982755366052673,1.0319446463730189
2010-01-07,0.7981142718917896,1.0317361766779185
2010-01-08,0.797796898822289,1.0313259030005277
2010-01-11,0.797297048857546,1.0306797382723691
2010-01-12,0.7972630077327599,1.030635732719313
2010-01-13,0.7972759779810741,1.030652499584507
2010-01-14,0.7969035835346738,1.0301710988178794
2010-01-15,0.797494156887673,1.030934543245238
2010-01-18,0.7971820120943708,1.0305310282512656
2010-01-19,0.7972343837678362,1.030598730022867
2010-01-20,0.7971765057627791,1.0305239101208123
2010-01-21,0.7970824542606256,1.0304023281109924
2010-01-22,0.7974781868148354,1.0309138984547974
2010-01-25,0.7974091257761597,1.0308246220510167
2010-01-26,0.7974291335959695,1.0308504865070742
2010-01-27,0.7972902354360453,1.0306709304440957
2010-01-28,0.7972137975451926,1.0305721178554237
2010-01-29,0.7963913642518587,1.0295089440574843
2010-02-02,0.7959568548586999,1.029168668402713
2010-02-03,0.7957661171388065,1.0289220453803738
2010-02-04,0.7958215965055805,1.0289937799545257
2010-02-05,0.7949143835841094,1.027820757687491
2010-02-08,0.7950808633698488,1.0280360153090058
2010-02-09,0.7942527243458598,1.0269652352392462
2010-02-10,0.7940555935191382,1.026710345958251
2010-02-11,0.7937776500906522,1.026350966343087
2010-02-12,0.7931549310879525,1.0255457934459815
2010-02-15,0.7928885268700843,1.0252013339787545
2010-02-16,0.7926137164573499,1.024846005339004
2010-02-17,0.7925370058748209,1.0247468188974378
2010-02-18,0.7921424635945878,1.024236677486258
2010-02-19,0.79183727711273,1.0238420727244157
2010-02-22,0.7916427311122217,1.0235905256122024
2010-02-23,0.7921189871087192,1.0242063224945863
2010-02-24,0.7919996561967377,1.0240520281568548
2010-02-25,0.7921312736781947,1.0242222089741977
2010-02-26,0.7913771286193179,1.0232471027717835
2010-03-01,0.7908498273581245,1.0225653045894865
2010-03-02,0.7911059802844713,1.0228965091824322
2010-03-03,0.7911523526649354,1.022956468463845
2010-03-04,0.791544447246391,1.0234634450114068
2010-03-05,0.7912525655941544,1.0230860433350095
2010-03-08,0.7909714180945586,1.0227225208701705
2010-03-09,0.7904225217072118,1.0220128002859348
2010-03-10,0.7899987360069926,1.021464847262953
2010-03-11,0.789556810711779,1.0208934398244316
2010-03-12,0.7896768983043487,1.0210487125467937
2010-03-15,0.7895823527122482,1.0209264655172827
2010-03-16,0.7900267278102613,1.0215010405399134
2010-03-17,0.7901973969943642,1.021721715034854
2010-03-18,0.7897068088175753,1.0210873867071841
2010-03-19,0.78879706946218,1.0199110977723373
2010-03-22,0.7888880264462291,1.0200287047476204
2010-03-23,0.7889101586403423,1.0200573215760393
2010-03-24,0.7888777215853742,1.0200153806084296
2010-03-25,0.7884617864315804,1.0194775783070125
2010-03-26,0.7886540120629355,1.0197261251922451
2010-03-29,0.7880597678195816,1.0189577700321566
2010-03-30,0.7880773336016956,1.0189804825101978
2010-04-01,0.7874007819623527,1.0177374275630524
2010-04-02,0.7871696952742376,1.01743874158649
2010-04-05,0.7869747735462873,1.017186799827573
2010-04-06,0.7868119719391317,1.0169763742188291
2010-04-07,0.7867489120328159,1.0168948675346776
2010-04-08,0.7867862899129259,1.016943179485113
2010-04-09,0.7863932839509326,1.0164352083401273
2010-04-12,0.7857757178687045,1.015636986989228
2010-04-13,0.7855370633850993,1.0153285194263495
2010-04-14,0.7854698563685114,1.0152416524867385
2010-04-15,0.7849250373969943,1.0145374588013099
2010-04-16,0.7848808643190615,1.0144803638685478
2010-04-19,0.7846355615869964,1.0141633032594843
2010-04-20,0.7845354415666588,1.014033895346411
2010-04-21,0.7846593030218044,1.0141939897248036
2010-04-22,0.7842795341555425,1.0137031278944981
2010-04-23,0.7846533807491903,1.0141863350226064
2010-04-26,0.7846999630380285,1.0142465439275226
2010-04-27,0.7848291996844343,1.0144135858902346
2010-04-28,0.7847932036770541,1.014367060048766
2010-04-29,0.7839548937511928,1.013283521135685
2010-04-30,0.7829770943417648,1.0120196881824792
2010-05-03,0.782749870773116,1.011725995395355
2010-05-04,0.7824543319943287,1.0113440032976098
2010-05-05,0.7830361295491468,1.0120959928312339
2010-05-06,0.7830254510334554,1.012082190552472
2010-05-07,0.7831937229015753,1.0122996866257736
2010-05-10,0.7831896478272419,1.0122944194787702
2010-05-11,0.782900332515576,1.0119204713855061
2010-05-12,0.7830501967342776,1.0121141750595677
2010-05-13,0.783809419700544,1.0130954918760295
2010-05-14,0.7833927387678693,1.0125569201724582
2010-05-17,0.7833053057126358,1.012443910514917
2010-05-18,0.7829521429838934,1.0119874378579232
2010-05-19,0.782081031293291,1.0108615017508948
2010-05-20,0.7819817972978741,1.0107332390496937
2010-05-21,0.7825674249788589,1.0114901791279975
2010-05-24,0.7821904098163555,1.0110028765364478
2010-05-25,0.7814135095179507,1.0099987112761584
2010-05-26,0.780614993232209,1.0089666067505663
2010-05-27,0.7808861561669928,1.0093170923914485
2010-05-31,0.7808798202119512,1.0086544816676548
2010-06-01,0.7806942751522575,1.0084148150106773
2010-06-02,0.7797902488468824,1.0072470934729192
2010-06-03,0.779891845107117,1.007378324323754
2010-06-04,0.7795630569152674,1.0069536319771923
2010-06-07,0.7795236211298026,1.0069026931762173
2010-06-08,0.7788757457202172,1.006065839132194
2010-06-09,0.7786017713842027,1.005711949282911
2010-06-10,0.778343454781588,1.005378284367808
2010-06-11,0.7785994623597845,1.0057089667396726
2010-06-14,0.7784828014034233,1.005558276974841
2010-06-15,0.7783454213488092,1.0053808245625857
2010-06-16,0.7780250653524129,1.0049670239966977
2010-06-17,0.7780086587999313,1.004945831820564
2010-06-18,0.7778529413146821,1.004744693136601
2010-06-21,0.7777645112661206,1.0046304689468002
2010-06-22,0.7773262682205121,1.0040643948844783
2010-06-23,0.7772306345011566,1.0039408657867481
2010-06-24,0.7779505938669319,1.0048708299401448
2010-06-25,0.7773903977847071,1.004147230387021
2010-06-28,0.7774984685679739,1.0042868243130745
2010-06-29,0.7777517731541561,1.0046140152577838
2010-06-30,0.7778908019129828,1.0047935972844177
2010-07-01,0.77712715762653,1.0038072057655263
2010-07-02,0.7771016434819407,1.0037742494057642
2010-07-05,0.7759586514697061,1.002297858307147
2010-07-06,0.7754621791641124,1.0016565701049174
2010-07-07,0.7753444095105119,1.0015044482471949
2010-07-08,0.7754943537372279,1.0016981296721243
2010-07-09,0.7751910998967585,1.00130641978623
2010-07-12,0.7747861589892188,1.0007833617552393
2010-07-13,0.7743085650248308,1.0001664585133723
2010-07-14,0.7744312343764167,1.0003249092608981
2010-07-15,0.7745592415290268,1.0004902547914443
2010-07-16,0.7746938574033665,1.0006641367402946
2010-07-19,0.7743945698516266,1.000277550069009
2010-07-20,0.7741747435470079,0.9999936026783826
2010-07-21,0.7738339627220892,0.9995534195702733
2010-07-22,0.7736563189212005,0.9993239588885282
2010-07-23,0.7745475168657947,1.000475110163796
2010-07-26,0.7739815166653339,0.9997440134904763
2010-07-28,0.7741524884596224,0.999940944166443
2010-07-29,0.7742333529611942,1.0000453935188078
2010-07-30,0.7736169542971788,0.9992492167044634
2010-08-02,0.7734488426890263,0.9990320738512307
2010-08-03,0.773664206325605,0.9993102502070649
2010-08-04,0.7736855621034755,0.9993378345874105
2010-08-05,0.7738628025569654,0.9995667687948814
2010-08-06,0.7745123190242376,1.0004057225142295
2010-08-09,0.7744793318408663,1.000363114325562
2010-08-10,0.77390660656419,0.9996233486302438
2010-08-11,0.7735693968378056,0.999187788689264
2010-08-12,0.7732709250044532,0.9988022648922102
2010-08-13,0.7729898075260494,0.9984391570020114
2010-08-16,0.7725813941277692,0.9979116262052052
2010-08-17,0.7725682291778292,0.9978946215805748
2010-08-18,0.772271110509038,0.9975108456105567
2010-08-19,0.7719782040418194,0.9971325103681475
2010-08-20,0.7715470991547473,0.9965756699081093
2010-08-23,0.7712770764151602,0.9962268926359386
2010-08-24,0.7710138541159536,0.9958868992130432
2010-08-25,0.7711591653330478,0.9960745917384632
2010-08-26,0.7706422226955874,0.9954068781850125
2010-08-27,0.7707223384709969,0.9955103604385734
2010-08-30,0.7710851140457099,0.995978942734835
2010-08-31,0.7711413640494921,0.9960515985522996
2010-09-01,0.7713247196523314,0.9962884314467934
2010-09-02,0.7715912694917835,0.9966327229166295
2010-09-03,0.7713359004565482,0.9963028732319607
2010-09-06,0.7715207345983565,0.9965416158944582
2010-09-07,0.7713238251205012,0.9962872760168022
2010-09-08,0.7717011197387118,0.9967746119646761
2010-09-09,0.7714586339234345,0.9964614030056016
2010-09-10,0.7714062164893579,0.9963936975608698
2010-09-13,0.7712710547461706,0.9962191146936537
2010-09-14,0.7710979368745186,0.9959955054556644
2010-09-15,0.7707637258316468,0.9955638187909027
2010-09-16,0.7711519600623902,0.9960652849865611
2010-09-17,0.7710408837193999,0.9959218122406358
2010-09-20,0.7713139744745019,0.9962745523423219
2010-09-21,0.7714620284365268,0.9964657875586155
2010-09-22,0.7710093825121762,0.9958811234262701
2010-09-24,0.7709427434704361,0.9954679914490556
2010-09-27,0.771343591906928,0.9959855808437672
2010-09-28,0.7711276770587812,0.9957067841081741
2010-09-29,0.7715847010460642,0.9962969093211267
2010-09-30,0.7713884342158838,0.9960434827873372
2010-10-01,0.7710856885919637,0.995652567144488
2010-10-04,0.7706757809388175,0.9951232801752377
2010-10-05,0.7711863829774317,0.9957825872250984
2010-10-06,0.771950580838994,0.9967693459912483
2010-10-07,0.7717187604817589,0.9964700115110312
2010-10-08,0.7713731636882942,0.996023764952833
2010-10-11,0.7709550695184105,0.9954839072694243
2010-10-12,0.7709679097963489,0.9955004870813458
2010-10-13,0.7712749309989704,0.9958969234996069
2010-10-14,0.770978133402898,0.9955136881564749
2010-10-15,0.7715047962859095,0.9961937335252946
2010-10-18,0.7714694253631801,0.9961480613639009
2010-10-19,0.7715633458173482,0.9962693347096306
2010-10-20,0.7710638273605409,0.9956243391647588
2010-10-21,0.7703603096046074,0.9947159326541853
2010-10-22,0.7705007002647964,0.9948972099405988
2010-10-25,0.7706890469653814,0.9951404097285408
2010-10-26,0.7708699925567221,0.995374052947702
2010-10-27,0.7717157196989686,0.9964660851468978
2010-10-28,0.7720923323737532,0.9969523804860749
2010-10-29,0.7723409295741992,0.9972733778077357
2010-11-01,0.7726178298875745,0.9976309210898042
2010-11-02,0.7725891802129451,0.9975939276369173
2010-11-03,0.7732721278540857,0.9984757733023046
2010-11-04,0.7730342723459742,0.9981686460260961
2010-11-05,0.7732050644312766,0.9983891786863375
2010-11-08,0.7731274608458962,0.9982889742471336
2010-11-09,0.7733125879394428,0.9985280167668751
2010-11-10,0.7732968150246744,0.9985076502326328
2010-11-11,0.773145539212115,0.9983123176601963
2010-11-12,0.773534218202128,0.9988141934438179
2010-11-15,0.7737788431832439,0.9991300616982015
2010-11-16,0.7739471327738388,0.9993473630505395
2010-11-17,0.7743199442415671,0.9998287501394149
2010-11-18,0.7747392947113413,1.0003702300007857
2010-11-19,0.7750596529938985,1.0007838877189266
2010-11-23,0.7751791112622844,1.0007091466221836
2010-11-24,0.7753260198867914,1.0008987967328817
2010-11-25,0.7749470529097849,1.0004095733848215
2010-11-26,0.7753563177850668,1.0009379094791968
2010-11-29,0.7754916039034848,1.0011125556405098
2010-11-30,0.7753728588277402,1.0009592629605504
2010-12-01,0.7753072903028676,1.0008746179777106
2010-12-02,0.7754568808021114,1.0010677302257913
2010-12-03,0.7764565152126415,1.002358197529879
2010-12-06,0.7764670613013085,1.0023718118897564
2010-12-07,0.7760553927182898,1.001840372754699
2010-12-08,0.7761290344916345,1.0019354398109301
2010-12-09,0.7761783896897748,1.0019991543737903
2010-12-10,0.7757973255244701,1.0015072236830247
2010-12-13,0.7760518409538663,1.00183578764257
2010-12-14,0.7764789618845759,1.0023871748198883
2010-12-15,0.7767492200159251,1.00273606165141
2010-12-16,0.7771854810661402,1.0032992481678196
2010-12-17,0.7771231788274018,1.003218819761978
2010-12-20,0.7767644212960152,1.0027556855806485
2010-12-21,0.7772661975593177,1.0034034482576215
2010-12-22,0.7775563771171214,1.0037780524406266
2010-12-23,0.7777193506283712,1.0039884413442945
2010-12-24,0.7776475753392076,1.0038957838057672
2010-12-27,0.7784864814900785,1.004978760689609
2010-12-28,0.7795438303494225,1.0063437338414178
2010-12-29,0.7796787160784268,1.0065178631243181
2010-12-30,0.780158400524291,1.007137106606882
2010-12-31,0.7804095189757113,1.0074612852742002
2011-01-03,0.7806304890999226,1.0077465442823645
2011-01-04,0.7807132674076372,1.0078534060494948
2011-01-05,0.7804709633695925,1.0075406062544385
2011-01-06,0.7805736330528046,1.0076731465790918
2011-01-07,0.7804262602393794,1.007482897228696
2011-01-10,0.7804105639634505,1.007462634289897
2011-01-11,0.7810032371827953,1.008227739415847
2011-01-12,0.7806488755659078,1.0077702800931188
2011-01-13,0.780880631547711,1.0080694629882787
2011-01-14,0.7807962965782329,1.0079605916653667
2011-01-17,0.7810735159366019,1.0083184650181314
2011-01-18,0.7812132361100445,1.0084988352751472
2011-01-20,0.7811766694579514,1.0086092313239043
2011-01-21,0.7816167614301083,1.0091774521158245
2011-01-24,0.7818408609517281,1.0094667961977437
2011-01-25,0.7814448003419142,1.0089554261033205
2011-01-26,0.7822947089816776,1.010052777999969
2011-01-27,0.782206109047964,1.0099383829923707
2011-01-28,0.7823555646059605,1.0101313511919618
2011-01-31,0.7822626229733591,1.0100113504388915
2011-02-01,0.7827991480942547,1.010704080023542
2011-02-02,0.7827542541948224,1.0106461156690396
2011-02-03,0.7831893733773584,1.0112079158883633
2011-02-04,0.7833454990219155,1.0114094961102305
2011-02-07,0.7835372728522716,1.0116571031665929
2011-02-08,0.7842254014789625,1.012545574254318
2011-02-09,0.784156239413142,1.012456276275037
2011-02-10,0.7842621146858905,1.0125929761812658
2011-02-11,0.7843496272486061,1.0127059672395793
2011-02-14,0.7849082277415265,1.0134271992422867
2011-02-15,0.7849082277415265,1.0146156171687761
2011-02-16,0.7849082277415265,1.0145838017871118
2011-02-17,0.7849082277415265,1.0133294722265056
2011-02-18,0.7849082277415265,1.0129189389252957
2011-02-21,0.7849082277415265,1.0129512478643072
2011-02-22,0.7849082277415265,1.0133266131371113
2011-02-23,0.7849082277415265,1.0133718740308066
2011-02-24,0.7849082277415265,1.0133354233568892
2011-02-25,0.7849082277415265,1.014064925514978
2011-02-28,0.7849082277415265,1.0138781881812173
2011-03-01,0.7849082277415265,1.0135938185180509
2011-03-02,0.7849082277415265,1.013832848828699
2011-03-03,0.7846780579897831,1.0135355482693766
2011-03-04,0.7848223606610233,1.0137219379428521
2011-03-07,0.7848223606610233,1.0136000740697206
2011-03-08,0.7848223606610233,1.0134612481928558
2011-03-09,0.7848223606610233,1.0134595022750068
2011-03-10,0.7848223606610233,1.0142187293792289
2011-03-11,0.7848223606610233,1.0145762540933654
2011-03-14,0.7848223606610233,1.0142423263353555
2011-03-15,0.7848223606610233,1.0149240794312664
2011-03-16,0.7848223606610233,1.015684869091989
2011-03-17,0.7848223606610233,1.0157076313794529
2011-03-21,0.7848223606610233,1.0160698333792078
2011-03-22,0.7848223606610233,1.0160471398312907
2011-03-23,0.7848223606610233,1.0161630053215676
2011-03-24,0.7851551876232767,1.0157320715674238
2011-03-25,0.7844233064931069,1.0166788845646595
2011-03-28,0.7839358088000372,1.0173107227656861
2011-03-29,0.7835782523006515,1.0177747225686502
2011-03-30,0.7829892866043789,1.0185397187848753
2011-03-31,0.7827308716453218,1.0188758739586827
2011-04-01,0.7832045340615875,1.0182593105576254
2011-04-04,0.7829301358895472,1.0186160609099646
2011-04-05,0.7826904716978978,1.0189278713559395
2011-04-06,0.7822567484348217,1.019492504166973
2011-04-07,0.7816505073777427,1.0202826005319412
2011-04-08,0.7814214940185167,1.0205815299684375
2011-04-11,0.7814252219998057,1.0205766610099092
2011-04-12,0.7819624417243181,1.019875027766912
2011-04-13,0.781800620747547,1.0200860828820577
2011-04-14,0.7810880558507299,1.0210158308447779
2011-04-15,0.7808978561802642,1.021264454381026
2011-04-18,0.7810346773812114,1.0210855185214547
2011-04-19,0.7813390623676278,1.0206875808745282
2011-04-20,0.7819388635330834,1.019904041909102
2011-04-21,0.7814258734797292,1.0205731487322505
2011-04-22,0.780950535323136,1.0211939591963664
2011-04-25,0.7801506236849489,1.0222399472530483
2011-04-26,0.7800104644034749,1.0224235995019233
2011-04-27,0.7801158326613241,1.0222854846965714
2011-04-28,0.7802770102173597,1.0220742731442665
2011-04-29,0.7799630598228949,1.0224855125080106
2011-05-02,0.7794629613712232,1.0231411120459917
2011-05-03,0.7794823708154923,1.0231156347605042
2011-05-04,0.7790874198104302,1.023634030767101
2011-05-05,0.7796412991993993,1.0229062949866576
2011-05-06,0.778961309695493,1.02379845596477
2011-05-09,0.778988815191036,1.0237623051527631
2011-05-10,0.7795612593195329,1.0230099879061831
2011-05-11,0.7795612593195329,1.0230274657832379
2011-05-12,0.7793935537111222,1.0232475478377512
2011-05-13,0.7792804523183909,1.0233960360080963
2011-05-16,0.7790485838027366,1.0237005391161746
2011-05-18,0.778196612376254,1.0243537485697156
2011-05-19,0.7785766944188115,1.0238534399602126
2011-05-20,0.7783135340053416,1.0241995043833116
2011-05-23,0.778148641899363,1.0244164894488945
2011-05-24,0.7778578084140716,1.0247993656784142
2011-05-25,0.7777943644306493,1.0248829508186081
2011-05-26,0.7770421222850534,1.025874164158747
2011-05-27,0.7769201041907934,1.0260352560826869
2011-05-30,0.7777123796081501,1.0249889419168534
2011-05-31,0.7769286083486923,1.0260219161821482
2011-06-01,0.7768228368832344,1.0261615993402924
2011-06-02,0.7765577625704264,1.0265117552160727
2011-06-03,0.7765725170759993,1.0264922516142252
2011-06-06,0.7759670569037622,1.0272925634483374
2011-06-07,0.775604762276237,1.02777220053257
2011-06-08,0.7756452629386253,1.0277185321476778
2011-06-09,0.7759798475156376,1.0272752125184654
2011-06-10,0.7757630263870889,1.0275622495744168
2011-06-13,0.775946678639313,1.027318986986467
2011-06-14,0.7751054392303495,1.0284327506524769
2011-06-15,0.7748654858174071,1.0287511279157635
2011-06-16,0.7748989335787545,1.0287067209537266
2011-06-17,0.7752642965874227,1.028221688175492
2011-06-20,0.7753276614179383,1.028137648328319
2011-06-21,0.775238681444069,1.0282556418756084
2011-06-22,0.7750836493017667,1.0284612723205413
2011-06-23,0.7744440627578012,1.029309941998141
2011-06-24,0.7743545875070954,1.029428863130787
2011-06-27,0.7746168639781363,1.0290801921552863
2011-06-28,0.7744137809708396,1.0293499883731214
2011-06-29,0.77386580475865,1.030078357781707
2011-06-30,0.7738861721971462,1.0300512470637124
2011-07-01,0.7736459770275826,1.0303709495507656
2011-07-04,0.773302992285387,1.0308277495923754
2011-07-05,0.774116659258722,1.0297431158803532
2011-07-06,0.774020258046366,1.02987135040883
2011-07-07,0.7735001700765929,1.030563352580858
2011-07-08,0.7732104021944413,1.0309494212226669
2011-07-11,0.7733922562377221,1.03070694864323
2011-07-12,0.773233072775763,1.030919093902026
2011-07-13,0.7729090868222785,1.031351050730262
2011-07-15,0.7731732430584262,1.0305069313318092
2011-07-18,0.772559489525189,1.0313249592134108
2011-07-19,0.7718765734727809,1.0322366150527933
2011-07-20,0.7721713765239748,1.0318423726128363
2011-07-21,0.7717806111722502,1.0323645471713825
2011-07-22,0.7716612569917509,1.0325242000866286
2011-07-25,0.7708986043937367,1.0335446702172382
2011-07-26,0.7712348551147454,1.0330938584780878
2011-07-27,0.7710210002546363,1.0333803239316643
2011-07-28,0.771288431158048,1.0330218929245898
2011-07-29,0.7713086341940812,1.032994834073863
2011-08-01,0.7710591180457398,1.0333290049632167
2011-08-02,0.7708238003769363,1.033644364144976
2011-08-03,0.7710069294787825,1.03339879523034
2011-08-04,0.7707113254436185,1.0337950002994827
2011-08-05,0.770753166416969,1.0337388768358338
2011-08-08,0.7711074560538779,1.0332637014005703
2011-08-09,0.7704183635203917,1.0341870672637419
2011-08-10,0.7709384684880802,1.0334888935743904
2011-08-11,0.7706795972138445,1.0338359259222671
2011-08-12,0.770364486858724,1.034258633889276
2011-08-15,0.7695909725588177,1.0352971213283546
2011-08-16,0.7695306074637379,1.0353783278541497
2011-08-17,0.7696084068943818,1.0352736512582783
2011-08-18,0.7693662018543311,1.0355994643522106
2011-08-19,0.7698721603816558,1.0349184227641879
2011-08-22,0.7690236598008814,1.0360590392560665
2011-08-23,0.7685899850690662,1.036643302978343
2011-08-24,0.768161928554646,1.0372206484129571
2011-08-25,0.7682877610691927,1.0370507414213739
2011-08-26,0.7684569501217022,1.0368223665321252
2011-08-29,0.7680443007482279,1.037379123940443
2011-08-30,0.7668786527838501,1.0389535368524734
2011-08-31,0.7669554175458301,1.0388495373205067
2011-09-01,0.7670176814906947,1.038765200123279
2011-09-02,0.7671224786544559,1.038623274259751
2011-09-05,0.7674889496369582,1.0381271014811415
2011-09-06,0.7670772408117695,1.0386839903973268
2011-09-07,0.7674003200187198,1.0382465152878653
2011-09-08,0.76752361743155,1.0380797012979885
2011-09-09,0.7667549723084948,1.0391192978415
2011-09-13,0.7663402957963239,1.040007676174414
2011-09-14,0.7662664429600248,1.0401079025582798
2011-09-15,0.7664458937001399,1.0398643213149297
2011-09-16,0.7658779444434989,1.0406348782102732
2011-09-19,0.7658097013028997,1.0407276034190631
2011-09-20,0.7657841440054732,1.040762335526603
2011-09-21,0.7653853992312709,1.0413042617935886
2011-09-22,0.7650678452585405,1.0417362929056087
2011-09-23,0.7653838482458437,1.0413060150125035
2011-09-26,0.7651296254361166,1.0416518855734371
2011-09-27,0.7654204962903753,1.0412558923146162
2011-09-28,0.7655101631187622,1.0411339121561864
2011-09-29,0.7648112638796334,1.0420844517232546
2011-09-30,0.7646328190666741,1.0423275895715811
2011-10-03,0.7650760282639092,1.041723418310931
2011-10-04,0.7648406687916466,1.04204388250654
2011-10-05,0.7646143155338605,1.0423522735704385
2011-10-06,0.7647139919073327,1.0422163908222357
2011-10-07,0.7648429193156498,1.0420406777326412
2011-10-10,0.764744017677524,1.0421754237405063
2011-10-11,0.7645938051532688,1.0423801298872668
2011-10-12,0.7649791814058605,1.0418547417066086
2011-10-13,0.7653329901409284,1.0413728759026135
2011-10-14,0.7655979842340939,1.0410123038843524
2011-10-17,0.765506032315395,1.0411373343581813
2011-10-18,0.7652201895485621,1.0415260988665496
2011-10-19,0.7649531432800055,1.0418895702726958
2011-10-20,0.7650616373078934,1.0417417980894108
2011-10-21,0.7651651534501366,1.0416008459270059
2011-10-24,0.7653260955360307,1.0413817593519616
2011-10-25,0.7653185640940168,1.0413920074101173
2011-10-26,0.7644082605842898,1.0426306847973166
2011-10-27,0.7643857718652212,1.0426613587575182
2011-10-28,0.7638589080863744,1.0433800279475425
2011-10-31,0.763879292295943,1.043352184484667
2011-11-01,0.7637537814977327,1.0435236146658617
2011-11-02,0.7640738784314632,1.043086263365715
2011-11-03,0.7647709329502523,1.0421346695291889
2011-11-04,0.7646048365239961,1.0423610050720666
2011-11-07,0.7642710499988009,1.0428160454292055
2011-11-08,0.7643362190242159,1.042727125005793
2011-11-10,0.7639582929179967,1.0433759414352315
2011-11-11,0.7642173901735119,1.043022079391449
2011-11-14,0.764061062226743,1.0432354394931722
2011-11-15,0.763607366994873,1.0438549069258358
2011-11-16,0.763478826025011,1.04403062304374
2011-11-17,0.7633610234796394,1.0441917139091945
2011-11-18,0.7634982381734592,1.0440040196964877
2011-11-21,0.7631932667226812,1.044421036271754
2011-11-22,0.7626378034083309,1.0451811813040548
2011-11-23,0.7621231504447054,1.0458865037914526
2011-11-24,0.762134203192609,1.045871335744326
2011-11-25,0.7622616422135594,1.0456964520840613
2011-11-28,0.7623506212742925,1.0455743875815786
2011-11-29,0.7627057833623784,1.0450872778811604
2011-11-30,0.762418688595439,1.0454806656002777
2011-12-01,0.7625265892640478,1.0453327048216097
2011-12-02,0.7618507666191784,1.0462591767942433
2011-12-05,0.7616898066499462,1.046480225131115
2011-12-06,0.7617813699410545,1.0463544269746263
2011-12-07,0.761783926761438,1.046350915021679
2011-12-08,0.7614547323806401,1.0468030810880231
2011-12-09,0.7614651635262818,1.046788740963873
2011-12-12,0.7611924487475218,1.0471636428944857
2011-12-13,0.7608412232072498,1.0476468198057043
2011-12-14,0.7608876544392176,1.0475828859243281
2011-12-15,0.7608419298644536,1.0476458390839822
2011-12-16,0.7608576981419476,1.0476241268601187
2011-12-19,0.7607189465052671,1.0478151738358972
2011-12-20,0.760549047745758,1.0480491925875628
2011-12-21,0.7600634056144404,1.0487184154932025
2011-12-22,0.7601526717746463,1.0485952480503329
2011-12-23,0.7600545021969618,1.0487306684158533
2011-12-26,0.7598269679280361,1.0490446224352667
2011-12-27,0.7596067738841155,1.0493486303047124
2011-12-28,0.7587657796316375,1.0505104105800769
2011-12-29,0.7591499407776299,1.0499785398842196
2011-12-30,0.7589160806557612,1.0503019912817726
2012-01-02,0.7585301844396553,1.0508360523914726
2012-01-03,0.7587910962775861,1.050474596023067
2012-01-04,0.7587886781612496,1.0504779436767155
2012-01-05,0.7592176101710703,1.0498841240420507
2012-01-09,0.7593731080024526,1.0496912686727187
2012-01-10,0.7587799402311629,1.0505112121548084
2012-01-11,0.7590272714460553,1.0501687884815083
2012-01-12,0.7587989471134696,1.0504846916074602
2012-01-13,0.7585436782113206,1.0508380870292267
2012-01-16,0.7583898064668467,1.0510512511412684
2012-01-17,0.7578245988317694,1.0518345715220765
2012-01-18,0.7578768400451847,1.0517620625082318
2012-01-19,0.7575733834623601,1.0521831917795976
2012-01-20,0.7570713121829102,1.0528805116338116
2012-01-23,0.7565133809544047,1.05365644239208
2012-01-24,0.7568985582138131,1.053119975343306
2012-01-25,0.7567036511405926,1.0533911616600413
2012-01-26,0.7571121943193506,1.0528224373344595
2012-01-27,0.7568984236442199,1.0531197018150877
2012-01-30,0.7563237285314953,1.0539193107544658
2012-01-31,0.7560863675449007,1.0542500677014643
2012-02-01,0.7563957687408938,1.0538186537177925
2012-02-02,0.7562886033254099,1.0539679577178114
2012-02-03,0.7561193132151656,1.0542038813466637
2012-02-06,0.7562732169011744,1.053989304281499
2012-02-07,0.7560132694400367,1.0543515832007988
2012-02-08,0.7567379056221547,1.0533409907459512
2012-02-09,0.7571876223819696,1.0527150077023912
2012-02-10,0.7569667695836537,1.053022058489287
2012-02-13,0.7562388233140054,1.054034709916187
2012-02-14,0.7560372540026621,1.0543156543005003
2012-02-15,0.7559888866449119,1.0543831039693665
2012-02-16,0.7556301433211129,1.054883445847346
2012-02-17,0.7549577853843739,1.055822078673761
2012-02-20,0.7549484573140863,1.055835124148292
2012-02-21,0.7549524987446042,1.055829471995153
2012-02-22,0.7547742432342643,1.0560787690326163
2012-02-23,0.7544796260805025,1.0564909968263836
2012-02-24,0.7540614800812118,1.0570765228874444
2012-02-27,0.7534939096676811,1.0578721680371796
2012-02-28,0.7536904447040119,1.0575962415269438
2012-02-29,0.7539759562503073,1.0571956049786149
2012-03-01,0.7533598390952506,1.0580595003629152
2012-03-02,0.7528673917728391,1.0587511201452116
2012-03-05,0.7521308885106105,1.0597868585267598
2012-03-07,0.7520436121046592,1.060141494824072
2012-03-08,0.7514998662277552,1.0609080029859217
2012-03-09,0.7511010183634951,1.0614710648175778
2012-03-12,0.7509402564769252,1.0616982567488193
2012-03-13,0.7509970477950166,1.061617963752278
2012-03-14,0.7507139059917218,1.0620182162240415
2012-03-15,0.7504823578362818,1.0623457822342723
2012-03-16,0.7504922394835573,1.0623317942621435
2012-03-19,0.7502614425438769,1.0626584904145373
2012-03-20,0.7500961845234065,1.0628925592718763
2012-03-21,0.750802571916567,1.06189160243508
2012-03-22,0.7508550009922894,1.0618174497918744
2012-03-23,0.7503077543761998,1.0625913355694687
2012-03-26,0.7504134226984309,1.062441687317812
2012-03-27,0.7505495559426859,1.062248948716194
2012-03-28,0.7499036540795437,1.063163090320388
2012-03-29,0.7501392545386559,1.062829071795704
2012-03-30,0.7506955742161032,1.062040854510946
2012-04-02,0.7501752958251156,1.0627769144078292
2012-04-03,0.7496717156996354,1.0634903387699661
2012-04-04,0.749938902026691,1.0631113060926964
2012-04-05,0.7499819589442479,1.0630502687258703
2012-04-06,0.7499537761981973,1.06309021592114
2012-04-09,0.7500340667869607,1.0629764007207183
2012-04-10,0.7498368088803585,1.0632559620218096
2012-04-11,0.7492775895165705,1.064048925658142
2012-04-12,0.7494009040026991,1.0638738067858855
2012-04-13,0.749778459557713,1.0633378166857397
2012-04-16,0.7492995222813468,1.0640170468120373
2012-04-17,0.7490270512643401,1.0644039599198618
2012-04-18,0.7482662668916112,1.0654850716068307
2012-04-19,0.7484956995907878,1.065158373576026
2012-04-20,0.7486456286518227,1.0649450147085122
2012-04-23,0.7484345479054111,1.065245276113894
2012-04-24,0.7487978036847815,1.0647282549474093
2012-04-25,0.7485954740274767,1.0650159509073682
2012-04-26,0.7484884003472387,1.0651682830831992
2012-04-27,0.7480670010768967,1.06576797325485
2012-04-30,0.7478539433768667,1.0660715156819593
2012-05-01,0.7477753144045703,1.0661836018833024
2012-05-02,0.7476171195152409,1.0664091573324537
2012-05-04,0.7473535817268332,1.0669220452594088
2012-05-07,0.7471637654803028,1.0671930269512389
2012-05-08,0.7469496354477867,1.067498874327838
2012-05-09,0.7463993603924891,1.068285296831075
2012-05-10,0.7466971465305924,1.0678590899372633
2012-05-11,0.7469783348230382,1.0674569597356585
2012-05-14,0.7465525899517879,1.0680653633595676
2012-05-15,0.7465775370334463,1.0680296724863525
2012-05-16,0.7462215599322822,1.0685389218113184
2012-05-17,0.7462546646604811,1.0684915180743106
2012-05-18,0.7462961432402843,1.0684321288164604
2012-05-21,0.7459327590743453,1.0689523664212088
2012-05-22,0.7456825663884616,1.0693109028447445
2012-05-23,0.7455455233508433,1.069507422947117
2012-05-24,0.7452692871165586,1.0699036921135212
2012-05-25,0.7448013012172082,1.0705755295959285
2012-05-28,0.744764245338755,1.0706287936230385
2012-05-29,0.744561343934566,1.0709204726166943
2012-05-30,0.7447425480192906,1.0706598424273428
2012-05-31,0.7450654228142903,1.0701956698376907
2012-06-01,0.7445248324156911,1.0709721620570605
2012-06-04,0.7444382070250581,1.0710967695622182
2012-06-05,0.7441844177131044,1.0714619213096943
2012-06-06,0.7440878518753624,1.0716009548819878
2012-06-07,0.7440046372326856,1.0717207967666897
2012-06-08,0.7439548861080953,1.0717924620658257
2012-06-11,0.7438388841103869,1.0719595825042423
2012-06-12,0.74308979240559,1.0730391120210299
2012-06-13,0.7431147006502495,1.0730031439307604
2012-06-14,0.7432110086609115,1.0728640822244913
2012-06-15,0.7428495835784705,1.0733858182925087
2012-06-18,0.7426799122813343,1.0736309860467128
2012-06-19,0.7429559254348956,1.0732319766359029
2012-06-20,0.7427351612926224,1.073550879990289
2012-06-21,0.7430813766895459,1.0730504595666936
2012-06-22,0.7435613720754074,1.0723573197766976
2012-06-25,0.7429218490273286,1.073279633989792
2012-06-26,0.7422102998870559,1.0743075902974946
2012-06-27,0.7421554752016548,1.0743869459405933
2012-06-28,0.7422454647453335,1.0742566719020257
2012-06-29,0.7417964325038967,1.0749065591754066
2012-07-03,0.7417964325038967,1.0754299069051794
2012-07-04,0.7417964325038967,1.0754186294753187
2012-07-05,0.7417964325038967,1.0760418380927579
2012-07-06,0.7422033483884353,1.0754515703357805
2012-07-09,0.7428180197043907,1.0745609124946107
2012-07-10,0.7428180197043907,1.0748620414614403
2012-07-11,0.7428180197043907,1.0754871295442907
2012-07-12,0.7428180197043907,1.0750270110827695
2012-07-13,0.7430876414404887,1.0754172151992445
2012-07-16,0.7430876414404887,1.075879969224868
2012-07-17,0.7430876414404887,1.0762402676602933
2012-07-18,0.7430876414404887,1.0772643034104648
2012-07-19,0.7428275519114352,1.0776413587532196
2012-07-20,0.7424086219614551,1.0782491125170068
2012-07-23,0.7424086219614551,1.0785176548963837
2012-07-24,0.7425492582734464,1.078313348614216
2012-07-25,0.7425492582734464,1.0791960269483454
2012-07-26,0.7425492582734464,1.0787976280591247
2012-07-27,0.7425492582734464,1.0786675565883121
2012-07-30,0.7423089212572774,1.0790166832477228
2012-07-31,0.742522239759799,1.0787066044968485
2012-08-01,0.7424882386180205,1.0787559999953709
2012-08-02,0.7425552903246974,1.0786585810368938
2012-08-03,0.7430225735235552,1.0779797911356033
2012-08-06,0.7427691137380285,1.0783475114935024
2012-08-07,0.7425641311297825,1.0786451039504492
2012-08-08,0.7421454505470945,1.079253277361611
2012-08-09,0.7418558961815921,1.0796743572155838
2012-08-10,0.7426855880108839,1.0784668491306733
2012-08-13,0.74284569343422,1.0782343572199353
2012-08-14,0.7421285666928469,1.0792752607317466
2012-08-15,0.7418974357577611,1.0796113937300214
2012-08-16,0.7417145267364231,1.0798775634914128
2012-08-17,0.7419892984742826,1.07947751761918
2012-08-20,0.7420081344882948,1.0794501141866917
2012-08-21,0.7418797349507676,1.0796369057985395
2012-08-22,0.7416376541488541,1.0799891992439838
2012-08-23,0.7418604322283804,1.079664784864036
2012-08-24,0.741497520984391,1.0801929468647906
2012-08-27,0.7406916762295012,1.0813668790707194
2012-08-28,0.7404588962388253,1.081706724353319
2012-08-30,0.7402067454404176,1.0824154022532164
2012-08-31,0.7412752552630825,1.0808529043475494
2012-09-03,0.7416072651342303,1.0803688009986865
2012-09-04,0.7411251030668214,1.0810712116668981
2012-09-05,0.7414237273834066,1.080635611590166
2012-09-06,0.7413943985933555,1.0806783587181623
2012-09-07,0.7410948722855868,1.0811149571053187
2012-09-10,0.7411391926926099,1.081050302151237
2012-09-11,0.7415299134101938,1.0804803839038073
2012-09-12,0.740777672929878,1.081576470613542
2012-09-13,0.7406979557507801,1.081692862114483
2012-09-14,0.7399837494382796,1.0827358673831093
2012-09-17,0.7398636190228779,1.0829116408505914
2012-09-18,0.7395052152924424,1.0834362234382924
2012-09-19,0.7391003740438711,1.0840293493072841
2012-09-20,0.7388643045857416,1.0843755894528375
2012-09-21,0.7390380006153212,1.084120668849295
2012-09-24,0.7391101720821931,1.0840147980025026
2012-09-25,0.7383903155786875,1.0850705744370766
2012-09-26,0.7384032415226796,1.085051579657247
2012-09-27,0.7378412422678279,1.0858774132193878
2012-09-28,0.7371405129778633,1.0869086731506097
2012-10-01,0.7370821593866765,1.0869947151239563
2012-10-02,0.7366447282190783,1.0876398065311412
2012-10-03,0.7373535806894819,1.0865932013845427
2012-10-04,0.7372476177040825,1.0867493526022878
2012-10-05,0.7367153684436339,1.0875339214843371
2012-10-08,0.7362963554708456,1.0881524654172703
2012-10-09,0.7365772583455631,1.0877373266577268
2012-10-10,0.7370686906733754,1.0870116060623223
2012-10-11,0.7367544137878616,1.087475094237025
2012-10-12,0.7360893097020366,1.0884568109595505
2012-10-15,0.7366726344587572,1.087594247414495
2012-10-16,0.7369248911105755,1.087221825702928
2012-10-17,0.7363807830871295,1.088024575244661
2012-10-18,0.7364763127861772,1.0878834272644082
2012-10-19,0.7357737761536018,1.0889211768109395
2012-10-22,0.7356256770838865,1.0891403586009214
2012-10-23,0.7355002623283012,1.0893260430816665
2012-10-24,0.7357248319995027,1.088993440084964
2012-10-25,0.7355123038594806,1.0893080165954354
2012-10-29,0.7353096929270345,1.089286236197478
2012-10-30,0.7354439110496721,1.0890874057522333
2012-10-31,0.7348308628467022,1.0899952425932788
2012-11-01,0.7346753195473987,1.0902259643346075
2012-11-02,0.7344990851989792,1.0904874883811386
2012-11-05,0.7347639811249572,1.090094205804178
2012-11-06,0.734815543304451,1.090017708269529
2012-11-07,0.7345677131433489,1.0903853369441074
2012-11-08,0.734483848846265,1.0905098243102103
2012-11-09,0.7339623711008862,1.0912840776928927
2012-11-12,0.7338165337318606,1.091500914420519
2012-11-13,0.7337282136402375,1.091632284396987
2012-11-14,0.7345180962340305,1.0904571062802977
2012-11-15,0.7340107263644089,1.0912103417453978
2012-11-16,0.7344030432734203,1.090627107396119
2012-11-19,0.7346835879136359,1.0902104838645905
2012-11-20,0.7346251017322605,1.0902972725844498
2012-11-21,0.7349378523439393,1.089833102304795
2012-11-22,0.7349238493626344,1.0898538672068998
2012-11-23,0.734745524872863,1.0901183131559102
2012-11-26,0.7343678959186056,1.090678589094556
2012-11-27,0.7344735649211217,1.090521650155346
2012-11-28,0.7346438044167941,1.090268884277023
2012-11-29,0.7341580876874851,1.0909897259057886
2012-11-30,0.73348229616281,1.091993980469812
2012-12-03,0.7332010300396471,1.0924127239282577
2012-12-04,0.7325571301475989,1.0933720848759252
2012-12-05,0.7325610643321253,1.093366212941354
2012-12-06,0.732773974221844,1.0930484394598603
2012-12-07,0.7325109398921702,1.0934407968220057
2012-12-10,0.732520622068876,1.0934263439497884
2012-12-11,0.7325682317268567,1.0933552774805395
2012-12-12,0.7325499285836593,1.0933825948515945
2012-12-13,0.7318784951923593,1.094384756690678
2012-12-14,0.7315440652534134,1.0948848329051963
2012-12-17,0.7315050020545406,1.0949432978781244
2012-12-18,0.7319075452140074,1.0943407566332568
2012-12-19,0.731495825478435,1.0949563558163686
2012-12-20,0.7309655011132147,1.0957501840435666
2012-12-21,0.7311765314950974,1.095433840003479
2012-12-24,0.7310511367849235,1.0956217038133322
2012-12-26,0.7306441485172507,1.097060821631495
2012-12-27,0.730521294256754,1.0972452870737144
2012-12-28,0.7299294284870916,1.0981342713257107
2012-12-31,0.7291566291870982,1.099296900702003
2013-01-01,0.7293774574101181,1.0989639739048842
2013-01-02,0.7296168251022068,1.0986033150067378
2013-01-03,0.7298565836324613,1.0982423042582508
2013-01-04,0.7293569505816917,1.0989941206633722
2013-01-07,0.7293798027808197,1.0989596869989424
2013-01-08,0.7295134872615233,1.0987582640166902
2013-01-09,0.7294764126894104,1.098814103960989
2013-01-10,0.7297193313255422,1.098448194359454
2013-01-11,0.7293518043510571,1.0990014335627627
2013-01-14,0.729047669245565,1.0994597102338268
2013-01-15,0.7293559679453973,1.098994772187274
2013-01-16,0.7295977081847416,1.0986305175970015
2013-01-17,0.7296579615722979,1.0985397878570156
2013-01-18,0.729733043575806,1.0984267478128447
2013-01-21,0.7295511971459813,1.0987004711754802
2013-01-22,0.7297914300724903,1.098338681584044
2013-01-23,0.729610382370306,1.098611159015714
2013-01-24,0.7292628797179392,1.0991344112896706
2013-01-25,0.7294284369711096,1.098884885804336
2013-01-28,0.7295763779004912,1.0986620126024569
2013-01-29,0.7288880490135455,1.0996985604172864
2013-01-30,0.7285366374900929,1.1002287471132788
2013-01-31,0.7284081095600907,1.1004228487083374
2013-02-01,0.7280969003725204,1.1008929995705197
2013-02-04,0.7280667014831164,1.1009386607262295
2013-02-05,0.7279622769511438,1.101096565220615
2013-02-06,0.728489052669688,1.1002997781442847
2013-02-07,0.728712469061423,1.0999623331197386
2013-02-08,0.7287081736353154,1.0999688168936874
2013-02-11,0.7286209546613108,1.1001004719994176
2013-02-12,0.7279401795376508,1.1011283329606936
2013-02-13,0.727896266701617,1.1011947582924675
2013-02-14,0.7282970823134749,1.1005883861059198
2013-02-15,0.7278095659409906,1.1013251113662879
2013-02-18,0.7272916388976348,1.1021088411843563
2013-02-19,0.726999089745523,1.1025521585412177
2013-02-20,0.7263186128700976,1.1035841560477073
2013-02-22,0.725984834247072,1.104652711027417
2013-02-25,0.7254306846312979,1.1054959006458538
2013-02-26,0.7250660719734251,1.1060515399469495
2013-02-27,0.7252998690937433,1.105694894290838
2013-02-28,0.725203807795363,1.105841336461427
2013-03-01,0.7256236131164449,1.1052011880337318
2013-03-04,0.7256094557599918,1.105222751178713
2013-03-05,0.7257124998726165,1.1050657980178302
2013-03-06,0.7252141615790222,1.105824633788456
2013-03-07,0.7254094136021936,1.1055269086357236
2013-03-08,0.7246696244745995,1.1066543502872046
2013-03-11,0.7246665820551225,1.1066589964137095
2013-03-12,0.7245366165810567,1.10685747039424
2013-03-13,0.724641980140891,1.106696508973325
2013-03-14,0.7238215042079345,1.1079495661734102
2013-03-15,0.7233032348874378,1.1087428781508346
2013-03-18,0.7234495636582573,1.1085185725281175
2013-03-19,0.7228263300616928,1.1094735333872014
2013-03-20,0.722837687323465,1.1094561010098463
2013-03-21,0.7220831681307891,1.110614183849637
2013-03-22,0.722390182775829,1.1101419739512768
2013-03-25,0.7219344631830803,1.1108423066251212
2013-03-26,0.7218338764490826,1.110997079676289
2013-03-27,0.7220291912515241,1.1106964645594182
2013-03-28,0.7217361917964551,1.1111471851989796
2013-03-29,0.7222147055291016,1.1104104905546586
2013-04-01,0.7221186304937173,1.1105582066373614
2013-04-02,0.7216612251866418,1.1112616578378722
2013-04-03,0.7213761535039545,1.1117006300587005
2013-04-04,0.7206304006737065,1.1128498971743759
2013-04-05,0.7207918991568204,1.1126004994662593
2013-04-08,0.720485774991737,1.1130730268342401
2013-04-09,0.7205575009376397,1.1129622179626708
2013-04-10,0.7205401647891418,1.1129889951154421
2013-04-11,0.7207076744087081,1.11273024984035
2013-04-12,0.7206060514342267,1.1128871497344395
2013-04-15,0.7202611961282607,1.1134197362118408
2013-04-16,0.7205169397539524,1.113024393519792
2013-04-17,0.7205592361637388,1.1129590557973137
2013-04-18,0.7205275049201556,1.1130080671389568
2013-04-19,0.7205715399708572,1.1129400456320286
2013-04-23,0.7207193530155811,1.1135093739477908
2013-04-24,0.7207265233002988,1.1134982958780628
2013-04-25,0.7207265233002988,1.1143736805656368
2013-04-26,0.7208625368028835,1.11416337906766
2013-04-29,0.720687136699721,1.1144344770393968
2013-04-30,0.7206505122728423,1.114491111217998
2013-05-01,0.7204940616946711,1.1147330631430261
2013-05-02,0.7206926903427262,1.114425749130259
2013-05-03,0.7206926903427262,1.1143536557269549
2013-05-06,0.7211927018136439,1.1151267863802679
2013-05-07,0.7209376496988419,1.114732418211506
2013-05-08,0.7209376496988419,1.1146251652908115
2013-05-09,0.7211802294053835,1.1150002122114615
2013-05-10,0.7211802294053835,1.114342101473383
2013-05-13,0.7211802294053835,1.114041833999687
2013-05-14,0.7211939491452134,1.1140630275425751
2013-05-15,0.7214292496538438,1.1144265075708502
2013-05-16,0.7212740370588075,1.1141867431999153
2013-05-17,0.7212740370588075,1.1148075952677126
2013-05-20,0.7210607113035382,1.1151373134608284
2013-05-21,0.7207484126744795,1.115620290620375
2013-05-22,0.7212890421928666,1.1147834698243597
2013-05-23,0.7208630243306355,1.115441898890773
2013-05-24,0.7212340490290085,1.1148677863615963
2013-05-27,0.7214096474255026,1.1145963502087253
2013-05-28,0.7204780299056077,1.116035723096475
2013-05-29,0.720389446396469,1.1161729408277208
2013-05-30,0.7197309020510668,1.1171932908374964
2013-05-31,0.719914147534351,1.11690885032797
2013-06-03,0.720104677118468,1.1166132537217934
2013-06-04,0.7198220116386601,1.1170515622499175
2013-06-05,0.7195818074821314,1.1174243216598423
2013-06-06,0.7200552950337074,1.1166890522288577
2013-06-07,0.7196670207541666,1.117291202702878
2013-06-10,0.7191871352688624,1.1180362303553517
2013-06-11,0.7193182066969646,1.1178324689166437
2013-06-12,0.7195229878899589,1.1175142355333905
2013-06-13,0.7192933157695878,1.117870946671658
2013-06-14,0.7195009304947639,1.1175482876613665
2013-06-17,0.7196695088435565,1.117286447214683
2013-06-18,0.7196047658498761,1.1173869606705158
2013-06-20,0.7199575817450433,1.1175219668255656
2013-06-21,0.7202572851361944,1.1170567656364458
2013-06-24,0.7200743184872228,1.1173405310871218
2013-06-25,0.7195987875392348,1.1180784132589088
2013-06-26,0.7200246383490211,1.1174167464996871
2013-06-27,0.7195308530654972,1.1181830590890034
2013-06-28,0.7192479352549398,1.1186227259935317
2013-07-01,0.718982680323619,1.1190352682891898
2013-07-02,0.7191103229856779,1.1188366033637456
2013-07-03,0.7190170260232885,1.1189817605853394
2013-07-04,0.7189503885895244,1.11908546615872
2013-07-05,0.7187286903770644,1.1194305515100529
2013-07-08,0.7185695012538161,1.119678490920874
2013-07-09,0.718487427884298,1.1198063780443417
2013-07-10,0.7178256989315754,1.1208377228849569
2013-07-11,0.7173931916431763,1.1215130546332934
2013-07-12,0.717057398188097,1.1220380062887019
2013-07-15,0.7165090656704056,1.1228960267574792
2013-07-16,0.7167275039422804,1.1225536954746917
2013-07-17,0.7165588923694923,1.1228177784673101
2013-07-18,0.7169534556185841,1.1221995143783041
2013-07-19,0.7172474918802392,1.121739278992795
2013-07-22,0.7165156623762823,1.1228838238108776
2013-07-23,0.71630402118031,1.123215496219295
2013-07-24,0.7161758660183876,1.1234164526002945
2013-07-25,0.7158353225130953,1.1239506400741037
2013-07-26,0.7157548363375207,1.124077013397282
2013-07-29,0.7154688809866451,1.1245260999007307
2013-07-30,0.7152418049084736,1.1248830028819126
2013-07-31,0.7152266385519093,1.1249068554819674
2013-08-01,0.715420516817115,1.1246019241806102
2013-08-02,0.7151793255192018,1.1249810637095348
2013-08-05,0.7154528623609665,1.1245507887334105
2013-08-06,0.715327000111139,1.124748619365953
2013-08-07,0.7151883131334001,1.1249666846517756
2013-08-08,0.7152331028344482,1.1248962319883733
2013-08-09,0.7150413845600934,1.1251977604880616
2013-08-12,0.7149279810121907,1.125376213680963
2013-08-13,0.7145481198600419,1.125974157413036
2013-08-14,0.7142626073969184,1.1264240636491047
2013-08-15,0.7138055643935823,1.1271448408979046
2013-08-19,0.713623391000091,1.1282113954723594
2013-08-20,0.7131866546476131,1.1289018590080235
2013-08-21,0.7132100576829979,1.1288648143858615
2013-08-22,0.7133273920539213,1.128679098212307
2013-08-23,0.7130684785926192,1.1290887701459418
2013-08-26,0.7130285855832322,1.1291519376400303
2013-08-27,0.7129518201063184,1.1292735034352224
2013-08-28,0.713180521384415,1.1289112541411288
2013-08-29,0.7130569736987435,1.129106820857543
2013-08-30,0.7130105339983923,1.1291803568923329
2013-09-02,0.7125386784285342,1.1299276250116217
2013-09-03,0.7122197707888139,1.1304333414911005
2013-09-04,0.7120400146709566,1.1307186499272002
2013-09-05,0.7119548077519167,1.1308539584077297
2013-09-06,0.711825231866128,1.131059774004117
2013-09-09,0.7115821857036583,1.1314459639357033
2013-09-10,0.7111706523289303,1.132100319518538
2013-09-11,0.7112854725695459,1.1319175391539906
2013-09-12,0.7114145744298517,1.1317120904759943
2013-09-13,0.7114406023796069,1.1316706854408893
2013-09-16,0.7115925317806884,1.1314290151610578
2013-09-17,0.711386893114434,1.131755979741556
2013-09-18,0.7112493856409619,1.1319747424245172
2013-09-19,0.7109741393555772,1.1324128051480735
2013-09-20,0.71122448535914,1.132014063471746
2013-09-23,0.7105941007096388,1.133017409536627
2013-09-24,0.7105790741324881,1.1330413688876833
2013-09-25,0.7104867556560127,1.1331885736911558
2013-09-26,0.7103304288095483,1.1334379066938676
2013-09-27,0.7111983664276644,1.1320529830623864
2013-09-30,0.7112958418970377,1.131897826075126
2013-10-01,0.7108727689138606,1.1325710696985556
2013-10-02,0.7106845510955331,1.1328709405969235
2013-10-03,0.7100886366141198,1.1338208616245204
2013-10-04,0.7098688635734038,1.1341717801515014
2013-10-07,0.7095277567096736,1.1347167734576051
2013-10-08,0.7096154843157855,1.134576474526085
2013-10-09,0.7095384897888085,1.1346995780672366
2013-10-10,0.7095282040242171,1.1347160271435164
2013-10-11,0.7091988784107444,1.1352427025450536
2013-10-14,0.7096666141478853,1.1344939794456899
2013-10-16,0.7101924426986739,1.1339394482278322
2013-10-17,0.7102674646040475,1.1338196633739395
2013-10-18,0.7100306303551116,1.1341977284575677
2013-10-21,0.7102386960110114,1.133865365902767
2013-10-22,0.7101858341111796,1.133949757639984
2013-10-23,0.7094213913096521,1.1351703391946788
2013-10-24,0.7093596094109184,1.1352691986029244
2013-10-25,0.7095139209078333,1.1350222362905604
2013-10-28,0.709583527585829,1.1349108852303609
2013-10-29,0.7090983805831,1.1356868313916357
2013-10-30,0.7090211211493467,1.1358105695412595
2013-10-31,0.70943510152366,1.1351473970761496
2013-11-01,0.7093907066760623,1.135218432038454
2013-11-04,0.7092988761111166,1.1353653859652106
2013-11-05,0.709592946704269,1.1348946710328454
2013-11-06,0.7091378056677728,1.1356226054624177
2013-11-07,0.7090727685995477,1.1357267566785554
2013-11-08,0.7087553240468835,1.1362352098136754
2013-11-11,0.7091741481494985,1.1355637754329182
2013-11-12,0.7090770568770137,1.1357192426509946
2013-11-13,0.7088800828240702,1.136034733358332
2013-11-14,0.7087533208997532,1.13623787906997
2013-11-15,0.7094549596764799,1.1351130468723176
2013-11-18,0.7096807040446126,1.1347518606207727
2013-11-19,0.7100359797666594,1.1341837885507158
2013-11-20,0.7098499392813123,1.1344809623679697
2013-11-21,0.7097581023425815,1.1346277360068289
2013-11-22,0.7087840648271571,1.1361848439528517
2013-11-25,0.7089716527938298,1.1358841393867953
2013-11-26,0.7083885571520461,1.1368183503508553
2013-11-27,0.7080398009488981,1.1373780325302671
2013-11-28,0.7077540790744108,1.137837009247423
2013-11-29,0.7077189926511945,1.137893416737027
2013-12-02,0.7073180367713741,1.1385380865293984
2013-12-03,0.706916831571662,1.139183888526009
2013-12-04,0.706913355082182,1.1391894908269127
2013-12-05,0.7068615400542123,1.1392729906432701
2013-12-06,0.7069404274921012,1.1391458450536531
2013-12-09,0.7066805244731483,1.1395646461755629
2013-12-10,0.70672260850558,1.139496783154202
2013-12-11,0.7069857062400655,1.1390725728367546
2013-12-13,0.7067136062232334,1.1401618821854944
2013-12-16,0.7064944166433132,1.1405155071925646
2013-12-17,0.706946253669914,1.1397860928852153
2013-12-18,0.7068037996695885,1.1400157667643878
2013-12-19,0.7066489376842765,1.1402655462718136
2013-12-20,0.7068819170528924,1.1398896052169873
2013-12-23,0.7061354322008002,1.141093356936793
2013-12-24,0.7059916982776376,1.1413256265799916
2013-12-25,0.7059802170112077,1.1413441875115635
2013-12-26,0.7055431632344799,1.1420507636672101
2013-12-27,0.7052214067128273,1.1425715854969953
2013-12-30,0.7048834884963521,1.1431190671087152
2013-12-31,0.7050009996906129,1.1429284976189336
2014-01-01,0.7054089130397924,1.1422671995618514
2014-01-02,0.7054192345369209,1.1422504859828162
2014-01-03,0.70549123480891,1.1421338995025447
2014-01-06,0.7045576408954385,1.143645313400173
2014-01-07,0.7042830122651282,1.144091093458112
2014-01-08,0.7041098972454635,1.1443723147124845
2014-01-09,0.7037270872950275,1.1449944862098447
2014-01-10,0.7035319027639757,1.145312059905504
2014-01-13,0.7032826487007566,1.1457178321007147
2014-01-14,0.7034115328920492,1.1455078668520162
2014-01-15,0.7034797341304351,1.1453968009234
2014-01-16,0.7026519988700877,1.1467445089997177
2014-01-17,0.702231158489604,1.147431330351199
2014-01-20,0.7022201736552813,1.1474492793454982
2014-01-21,0.7021215847453197,1.147610376645079
2014-01-22,0.7012463700031004,1.1490409059747362
2014-01-23,0.7011722052515161,1.149162430073822
2014-01-24,0.7014213335513103,1.1487541296873442
2014-01-27,0.7019467328498379,1.1478936559819573
2014-01-28,0.7020273865733917,1.1477617629290147
2014-01-29,0.7021812771122928,1.1475101635190694
2014-01-30,0.7022525257496521,1.1473937284357487
2014-01-31,0.7017227948733231,1.1482592431373297
2014-02-03,0.7018265680486795,1.1480894346194035
2014-02-04,0.7017572141125666,1.1482028878925132
2014-02-05,0.7020487793211675,1.1477258339943956
2014-02-06,0.7029559329845901,1.1462427978784158
2014-02-07,0.7023261325999274,1.1472697529422355
2014-02-11,0.7021152934552216,1.1473203289723717
2014-02-12,0.7021148016421205,1.1473211326397668
2014-02-13,0.7017433113226087,1.1479281825027665
2014-02-14,0.7014952497963087,1.14833396737088
2014-02-17,0.7010420221253637,1.1490758921802777
2014-02-18,0.7012116979017455,1.1487977771201616
2014-02-19,0.7006339526929946,1.149744299281074
2014-02-20,0.7007149995157063,1.1496113009842752
2014-02-21,0.7003208086798504,1.1502580207490263
2014-02-24,0.6997929713855967,1.151124979254101
2014-02-25,0.6995923178068834,1.1514550445106528
2014-02-26,0.6998469947074457,1.1510358732384578
2014-02-27,0.6996927988237002,1.1512894786622705
2014-02-28,0.6996317507091714,1.1513899285340818
2014-03-03,0.6992503782887536,1.1520175563732196
2014-03-04,0.6995070267932524,1.151594727023133
2014-03-05,0.6995895344933424,1.1514588950318547
2014-03-06,0.6999052043299825,1.150939332026162
2014-03-07,0.6993302759378455,1.1518847567715638
2014-03-10,0.699194203496287,1.1521088851650294
2014-03-11,0.699008227458665,1.1524153302761313
2014-03-12,0.6991736003106117,1.1521426894082436
2014-03-13,0.6987679382123071,1.1528111651926896
2014-03-14,0.6987924724702037,1.1527706891420781
2014-03-17,0.6984292322404114,1.1533699123829089
2014-03-18,0.6981221771435626,1.1538769760821377
2014-03-19,0.6979868062251765,1.1541007211386203
2014-03-20,0.6979868062251765,1.1540068779112393
2014-03-21,0.6978086305153952,1.1543014622683225
2014-03-24,0.6978245537179182,1.1542751224164598
2014-03-25,0.6982961175059152,1.1534951063705678
2014-03-26,0.6982961175059152,1.153496416252574
2014-03-27,0.6982961175059152,1.1535275272207757
2014-03-28,0.6982961175059152,1.1539407142699916
2014-03-31,0.6982961175059152,1.1546604249223977
2014-04-01,0.6982961175059152,1.154560684848377
2014-04-02,0.6982961175059152,1.1545253697856181
2014-04-03,0.6982961175059152,1.15426816403043
2014-04-04,0.6982961175059152,1.154807892881083
2014-04-07,0.6982961175059152,1.1553705168854178
2014-04-08,0.6982961175059152,1.1565032701838038
2014-04-10,0.6983093944353684,1.157096328445521
2014-04-11,0.6975873309621783,1.1582927852029279
2014-04-14,0.6975873309621783,1.158516761744791
2014-04-15,0.6973544991295962,1.1589034367440945
2014-04-16,0.6973069718521612,1.158982420281488
2014-04-17,0.696942093006305,1.1595888793948346
2014-04-18,0.6969773725280205,1.159530180485037
2014-04-21,0.6959338283136591,1.1612662784688692
2014-04-22,0.6958062212224316,1.1614792093624502
2014-04-23,0.6949183833368099,1.1629612387177242
2014-04-24,0.6953826680104989,1.1621842480779911
2014-04-25,0.6956868821695873,1.1616758188058807
2014-04-28,0.6957182779663783,1.1616233932982578
2014-04-29,0.6961480240380881,1.1609058570398525
2014-04-30,0.6956754883868809,1.1616938638806455
2014-05-01,0.6961508496311551,1.160900068138495
2014-05-02,0.6963062423939909,1.1606409354102079
2014-05-05,0.6959931491959798,1.1611628161001766
2014-05-06,0.6962386003562584,1.1607533167239064
2014-05-07,0.6957636710940809,1.161545108095427
2014-05-08,0.6952898478870042,1.1623361339151808
2014-05-09,0.6949757687033765,1.1628611891639384
2014-05-12,0.6947999886807383,1.1631553113123088
2014-05-13,0.6944615513277699,1.163721884730652
2014-05-14,0.6946134343222322,1.1634673716273185
2014-05-15,0.6943880363547315,1.163844909935477
2014-05-16,0.6944430532930669,1.1637526975408365
2014-05-19,0.6940428973974654,1.1644232816884277
2014-05-20,0.6933502701061369,1.1655853299516976
2014-05-21,0.6931987790758548,1.1658400002534617
2014-05-22,0.6924542413602821,1.1670921834319568
2014-05-23,0.6922650313506696,1.1674110861262517
2014-05-26,0.6918933106689898,1.168037942640857
2014-05-27,0.6926150775972528,1.1668194727626913
2014-05-28,0.6927190477537243,1.166644318615632
2014-05-29,0.6925516671165692,1.1669262130864373
2014-05-30,0.6928419535259752,1.16643709027218
2014-06-02,0.6926017871308506,1.16684142345334
2014-06-03,0.692610738384836,1.1668263430793993
2014-06-04,0.6924905761760861,1.1670287777556778
2014-06-05,0.6926261310096867,1.1668003322038993
2014-06-09,0.6925100602738246,1.1666821462515249
2014-06-10,0.6925885838839289,1.1665498563409182
2014-06-11,0.6918384702661465,1.1678132975142568
2014-06-12,0.6912417116137042,1.168820617459129
2014-06-13,0.6909127194122998,1.169376910375954
2014-06-16,0.6910983189665332,1.169062781214341
2014-06-17,0.6905109215377668,1.1700564234399198
2014-06-18,0.6911891961872482,1.1689071011254881
2014-06-19,0.6915457712135801,1.1683040779841218
2014-06-20,0.6911854853224206,1.1689127484342976
2014-06-23,0.6909760699239452,1.1692669056528657
2014-06-24,0.6907728941634766,1.1696107188514515
2014-06-25,0.6902032961120729,1.1705751573695053
2014-06-26,0.6898482450929099,1.1711773189427288
2014-06-27,0.68975550202984,1.1713347717922926
2014-06-30,0.6893161269912199,1.1720809133730106
2014-07-01,0.6892925258520752,1.1721210436465412
2014-07-02,0.6889771613445582,1.1726573114309962
2014-07-03,0.6883467238665423,1.1737303326564787
2014-07-04,0.6878862841518,1.1745154487045615
2014-07-07,0.6877458103114797,1.1747552974984625
2014-07-08,0.688518247336584,1.1734358790830828
2014-07-09,0.6883738359224215,1.1736819982460576
2014-07-10,0.6878208127052488,1.1746249065332937
2014-07-11,0.687741158029326,1.174760936680292
2014-07-14,0.6871524541793788,1.175766527632814
2014-07-15,0.6874121031079616,1.1753222499222322
2014-07-16,0.6870836767692747,1.1758837861267506
2014-07-17,0.6869993688378148,1.1760280717982015
2014-07-18,0.6870583626137519,1.1759270843159557
2014-07-21,0.6865652294761277,1.1767711008424409
2014-07-22,0.6858247676761389,1.1780402505314946
2014-07-23,0.6855266012660984,1.1785524105597396
2014-07-24,0.6861205731752525,1.177531258318462
2014-07-25,0.6857399364105701,1.1781845133089146
2014-07-28,0.6847650214551364,1.1798595356334092
2014-07-29,0.6848011562241707,1.1797972749301353
2014-07-30,0.6851866477119707,1.1791331378989964
2014-07-31,0.6853678145556458,1.1788213690845002
2014-08-01,0.6854109493538281,1.1787471779410463
2014-08-04,0.6851508930547086,1.179194414199793
2014-08-06,0.6844384146516509,1.1798072434901827
2014-08-07,0.6842676111499556,1.18010166765487
2014-08-08,0.6845874359192129,1.1795500914332164
2014-08-11,0.6847268854831822,1.1793098186246607
2014-08-12,0.6845564305176755,1.1796033943826998
2014-08-13,0.6844639035798438,1.1797628335247081
2014-08-14,0.683642252671874,1.1811790560578244
2014-08-15,0.683497273854897,1.1814295466346079
2014-08-18,0.6838032978835626,1.1809005820823328
2014-08-19,0.6834446851278206,1.1815198917775458
2014-08-20,0.6833534010652756,1.181677701089764
2014-08-21,0.6834343117325372,1.1815377876406845
2014-08-22,0.6833371332329824,1.1817057921839145
2014-08-25,0.6834109789207014,1.1815780896595507
2014-08-26,0.6832167798264772,1.1819138486711038
2014-08-27,0.6831033491997248,1.1821100751581877
2014-08-28,0.683231160370922,1.1818888979770672
2014-08-29,0.6831123648252804,1.1820943967081947
2014-09-01,0.6829661553402863,1.1823474054690615
2014-09-02,0.6829655381555406,1.1823484739360373
2014-09-03,0.6832903757117833,1.181786115855807
2014-09-04,0.6826530070621691,1.1828884779665145
2014-09-05,0.6830346872607196,1.1822271095927397
2014-09-08,0.6827191808831822,1.1827732021993538
2014-09-09,0.6825418399797434,1.1830804355012947
2014-09-10,0.6829646047496352,1.1823476383322697
2014-09-11,0.6823195698250817,1.1834643221463121
2014-09-12,0.6819389635975994,1.1841244730652245
2014-09-15,0.6818655887785259,1.184251881709707
2014-09-16,0.6816797201407904,1.1845746950142815
2014-09-17,0.6822427363577136,1.1835963253433865
2014-09-18,0.6819442767745371,1.184114111238473
2014-09-19,0.6817543348199449,1.1844439225682384
2014-09-22,0.681769119810617,1.1844182359074389
2014-09-23,0.681414103353479,1.1850349959713127
2014-09-24,0.6811445217640503,1.185503820458758
2014-09-25,0.6811264796755214,1.1855352219663626
2014-09-26,0.6809967178801913,1.1857610789597695
2014-09-29,0.6809901268986263,1.1857725552697234
2014-09-30,0.6808576286773217,1.1860032675050982
2014-10-01,0.6803128315644762,1.1869522634900844
2014-10-03,0.6807641353268657,1.1860323684732075
2014-10-06,0.6805638958954167,1.1863812271084078
2014-10-07,0.6805447254335372,1.1864146456841302
2014-10-08,0.6804580582479233,1.1865657352664454
2014-10-09,0.6802415322186598,1.18694330793827
2014-10-10,0.6808285107804156,1.1859190977970473
2014-10-13,0.6805037767477777,1.1864847443363915
2014-10-14,0.680889559111009,1.1858121178143235
2014-10-15,0.6804518166036778,1.1865744740037083
2014-10-16,0.6806504523668256,1.186228092202052
2014-10-17,0.6806228577489016,1.1862761837163691
2014-10-20,0.6804398538652571,1.1865951461876167
2014-10-21,0.6801994006416161,1.187014464113274
2014-10-22,0.6797736565391641,1.1877574292013715
2014-10-23,0.6798512273640435,1.1876218909635279
2014-10-24,0.67956410935173,1.1881234531038736
2014-10-27,0.6788540735219347,1.189364852127622
2014-10-28,0.678307889815153,1.1903217760513172
2014-10-29,0.6781433135280766,1.190610581092907
2014-10-30,0.6781336918493097,1.1906274737943747
2014-10-31,0.6782254142421467,1.1904664329816466
2014-11-03,0.678516362109395,1.1899557419010214
2014-11-04,0.6778192059758239,1.1911783873528796
2014-11-05,0.6775573937166119,1.191638488072906
2014-11-06,0.6769731228678069,1.1926660609949225
2014-11-07,0.6771058440990003,1.1924322376677163
2014-11-10,0.6768162686060406,1.1929422010007062
2014-11-11,0.6770272515500361,1.1925703268758392
2014-11-12,0.6767374250284307,1.1930808506528612
2014-11-13,0.676916147454491,1.1927657649250314
2014-11-14,0.6767699413721691,1.193023388576459
2014-11-17,0.6770645564977579,1.1925040352276042
2014-11-18,0.6768871217894131,1.1928165484195294
2014-11-19,0.676820756339617,1.1929334982095485
2014-11-20,0.6763420899927869,1.193777173753259
2014-11-21,0.6761479881806504,1.1941197730327378
2014-11-24,0.6765507063498838,1.1934085474767244
2014-11-25,0.6766884052395719,1.1931656521099923
2014-11-26,0.6764748151836226,1.1935422631416246
2014-11-27,0.6763694632027323,1.1937281415200593
2014-11-28,0.6757340862813186,1.194849521701791
2014-12-02,0.6754711540587196,1.1957872378457897
2014-12-03,0.6745593979678061,1.1974013205360592
2014-12-04,0.6742097174940206,1.1980220336449978
2014-12-05,0.6739939297759873,1.1984054728540243
2014-12-08,0.6737826503711609,1.1987811415119445
2014-12-09,0.6733052690618279,1.1996304891622933
2014-12-10,0.6733846127045563,1.1994891223004671
2014-12-11,0.6732477062201236,1.1997329916074737
2014-12-12,0.6731704403982662,1.199870679942316
2014-12-15,0.6728413342834756,1.200457284394962
2014-12-16,0.6728944199995429,1.2003625709293895
2014-12-17,0.6729903315459773,1.2001914762865482
2014-12-18,0.6728257092378769,1.2004850589455067
2014-12-19,0.6724552060880853,1.2011461268706918
2014-12-22,0.6724314434563818,1.2011885719179995
2014-12-23,0.6720467133359748,1.201875829226388
2014-12-24,0.6716798771859597,1.2025318721669167
2014-12-25,0.6718317389728373,1.202259988722009
2014-12-26,0.6711703378076981,1.2034435829334953
2014-12-29,0.6714662811003524,1.202912941103255
2014-12-30,0.6713102969093514,1.2031923823905455
2014-12-31,0.6709671810690669,1.2038073504123505
2015-01-01,0.6708894174432078,1.2039468690461153
2015-01-02,0.6705282642012598,1.2045949778157339
2015-01-05,0.6701787734749275,1.20522283318919
2015-01-06,0.6707113790936793,1.2042650164420612
2015-01-07,0.6705392331259408,1.2045741052291772
2015-01-08,0.6705828031320233,1.204495834937897
2015-01-09,0.6708114520205546,1.2040851375078216
2015-01-12,0.6702462680192095,1.2050996247440293
2015-01-13,0.6701595474465658,1.2052555479241156
2015-01-14,0.6697896203993984,1.2059208471467031
2015-01-15,0.6700521027173494,1.205448261592099
2015-01-16,0.6691962729737296,1.2069879306304938
2015-01-19,0.6689835061828849,1.2073716849324228
2015-01-20,0.6688687395548896,1.20757881407049
2015-01-21,0.6689218768046354,1.2074828798262407
2015-01-22,0.6688443160745858,1.2076228860914404
2015-01-23,0.668365496056041,1.2084874131552377
2015-01-26,0.6681035746178217,1.2089609994836632
2015-01-27,0.6681566292585072,1.2088649949210963
2015-01-29,0.6683469221438262,1.2094680441018415
2015-01-30,0.6684200829906175,1.2093356492282485
2015-02-02,0.6675585972294271,1.2108942879777738
2015-02-03,0.6673118328630898,1.2113418974654118
2015-02-04,0.6671893131512283,1.2115643021238254
2015-02-05,0.6667378431042345,1.212384136886814
2015-02-06,0.6664901244005099,1.212834584135177
2015-02-09,0.6666034858622707,1.2126282964554378
2015-02-10,0.6670933091028333,1.2117372517274023
2015-02-11,0.6671157608359591,1.2116964694245023
2015-02-12,0.666954013678704,1.2119902542080305
2015-02-13,0.6669842451792642,1.2119353174608218
2015-02-16,0.6668687887634691,1.2121451060861768
2015-02-17,0.6664934660673618,1.2128273176050772
2015-02-18,0.6661470582243778,1.2134576807164859
2015-02-19,0.6658176823138433,1.2140576739515327
2015-02-20,0.665865245327607,1.213970947144195
2015-02-23,0.6661037751609864,1.213536071935162
2015-02-24,0.6662431009316139,1.2132822423447718
2015-02-25,0.666309926563127,1.2131605474980482
2015-02-26,0.6661960368609954,1.2133679081989537
2015-02-27,0.6663929743871821,1.2130092184725465
2015-03-02,0.665914803188329,1.21387961491205
2015-03-03,0.666334834952573,1.2131139494038046
2015-03-04,0.6661433424597359,1.2134625762533722
2015-03-05,0.6658272851243674,1.214038313822112
2015-03-06,0.6654470507045004,1.2147316154699501
2015-03-09,0.6655759817588671,1.2144962599630178
2015-03-10,0.6658883854928774,1.21392620759191
2015-03-11,0.6659846488577352,1.2137507177891476
2015-03-12,0.666192369439065,1.2133721489961264
2015-03-13,0.6659773066363842,1.2137638544959624
2015-03-16,0.6656818636566177,1.2143023082936095
2015-03-17,0.6653868735153624,1.2148404139999638
2015-03-18,0.6651184237071553,1.2153305404047987
2015-03-19,0.6653974074101439,1.214820770411318
2015-03-20,0.6650652893665946,1.2154271206811549
2015-03-23,0.6653581704974162,1.2148918714729524
2015-03-24,0.6656963794438846,1.214274328444035
2015-03-25,0.6663002214836476,1.2131728805318018
2015-03-26,0.665932969597201,1.2138415581257687
2015-03-30,0.6660777285464771,1.2133444596305454
2015-03-31,0.6657440166356442,1.2139523578994236
2015-04-01,0.6650268914533548,1.2152600013542587
2015-04-02,0.6643468596281562,1.2165026811427495
2015-04-03,0.6647058669536087,1.2158452935633044
2015-04-06,0.6642450823213246,1.2166881367731535
2015-04-07,0.664285932055314,1.2166133129045873
2015-04-08,0.6641644807298298,1.2168357461856851
2015-04-09,0.6639759572362908,1.2171811457555057
2015-04-10,0.6637622751703228,1.2175728614178694
2015-04-13,0.6640266457047282,1.2170879131162085
2015-04-14,0.6644680276614567,1.2162789084654513
2015-04-15,0.6639800261581525,1.2171721733195289
2015-04-16,0.6637819614540322,1.2175352547931793
2015-04-17,0.6633818703295445,1.2182691178347818
2015-04-20,0.6636048214622937,1.217859678728947
2015-04-21,0.6638335840602057,1.217439849434482
2015-04-22,0.6640772150163209,1.2169930416175043
2015-04-23,0.6643516479967188,1.2164901136145816
2015-04-24,0.6638023968007628,1.2174958440162238
2015-04-27,0.664275370133144,1.2166283523209847
2015-04-28,0.6645219628260925,1.216176714829659
2015-04-29,0.6646575118017101,1.215928639495679
2015-04-30,0.6650416146585667,1.2152259593094608
2015-05-01,0.6644053510304901,1.2163885994522134
2015-05-04,0.6639960669098356,1.2171379139144296
2015-05-05,0.6634989407569855,1.2180491709516108
2015-05-06,0.6633102291788253,1.2183956070454873
2015-05-07,0.6627458523446546,1.2194322777091122
2015-05-08,0.6627813684390231,1.2193669291721156
2015-05-11,0.6627831095709587,1.2193637258854775
2015-05-12,0.6627584407026686,1.2194091107522869
2015-05-13,0.6625604990426529,1.2197733035694538
2015-05-14,0.6619596158898013,1.2208795289322274
2015-05-15,0.6615391621673495,1.2216549891420088
2015-05-18,0.6617691852339133,1.221230208807063
2015-05-19,0.6618467095248419,1.221087145321922
2015-05-20,0.6617309963186189,1.2213006326848257
2015-05-21,0.6615066538238975,1.2217146825514111
2015-05-22,0.6606421654496304,1.2233112774361818
2015-05-25,0.6603935778700751,1.223771587124852
2015-05-27,0.6599143474078804,1.2238179245018437
2015-05-28,0.6600700443398867,1.2235291829448103
2015-05-29,0.660148508482887,1.223383739033821
2015-06-01,0.6598492463441876,1.2239383300530973
2015-06-02,0.6599124733447652,1.2238210518263963
2015-06-03,0.6600923455869118,1.2234874751090745
2015-06-04,0.6597766182415045,1.2240726787631357
2015-06-05,0.6603905914485547,1.222933584397764
2015-06-08,0.6596796283632484,1.2242501698330304
2015-06-09,0.6596528959617773,1.2242997805010485
2015-06-10,0.6594677716011313,1.224643366825753
2015-06-11,0.6592601092674975,1.2250289994682806
2015-06-12,0.6591402277494933,1.2252517618256429
2015-06-15,0.6587343823842723,1.2260061729931477
2015-06-16,0.6588802271978248,1.2257347333256643
2015-06-17,0.6580743054338574,1.2272340138590008
2015-06-18,0.6580722366984308,1.2272378718161647
2015-06-19,0.6580669850078942,1.2272476656855278
2015-06-22,0.6581864074237748,1.2270249514566438
2015-06-23,0.6580751154236986,1.2272324277269688
2015-06-24,0.6581140403960749,1.227159837247206
2015-06-25,0.6579361843047823,1.2274914786325086
2015-06-26,0.6575140254099919,1.2282790876109257
2015-06-29,0.6570841077499672,1.2290822018424035
2015-06-30,0.657550778239846,1.2282092901611283
2015-07-01,0.657713566180548,1.2279052259462981
2015-07-02,0.6572498861434578,1.2287708841446174
2015-07-03,0.6573404719205408,1.2286015282150935
2015-07-06,0.6570448212526321,1.2291541137897337
2015-07-07,0.6571615999405915,1.228935652278334
2015-07-08,0.6571981655096673,1.2288672722459537
2015-07-09,0.6574711248857079,1.2283568769626543
2015-07-10,0.6569001947101811,1.22942354891345
2015-07-13,0.6565740539856596,1.2300339385741859
2015-07-14,0.6562348555925034,1.2306693970315516
2015-07-15,0.6561437619120798,1.2308402294763767
2015-07-16,0.6560733107856772,1.230972386612696
2015-07-17,0.6555670819995832,1.2319222098210867
2015-07-20,0.6556766183672197,1.2317163723289677
2015-07-21,0.6556436993005839,1.2317782121936225
2015-07-22,0.6550581633084618,1.2328782768755842
2015-07-24,0.6550581633084618,1.2325837235359263
2015-07-27,0.6550581633084618,1.2331062074570354
2015-07-28,0.6550581633084618,1.2331736752832991
2015-07-29,0.6550581633084618,1.2331317828277972
2015-07-30,0.6546919244688041,1.2338212189398623
2015-07-31,0.6543980611993164,1.2343750286384547
2015-08-03,0.6534112814233958,1.236236367151484
2015-08-04,0.6531411877080805,1.236747377112445
2015-08-05,0.6524726413794103,1.2380132947027327
2015-08-06,0.6526652867766338,1.2376477658701033
2015-08-07,0.6526768316566575,1.2376258733391874
2015-08-10,0.6527391458019997,1.2375077113410746
2015-08-11,0.6525721350993758,1.2378243417036057
2015-08-12,0.652566790588764,1.2378344793803067
2015-08-13,0.6528101435924023,1.2373728703267834
2015-08-14,0.6517676031205045,1.2393489598664544
2015-08-17,0.6520652027162751,1.2387830683620147
2015-08-18,0.6521488088723523,1.2386242347206429
2015-08-19,0.6516680258761446,1.2395373843923783
2015-08-20,0.6513908611195334,1.240064579319571
2015-08-21,0.6518789204280854,1.2391354519748885
2015-08-24,0.6515425598418652,1.2397748288805857
2015-08-25,0.6510980930860857,1.2406205736255236
2015-08-26,0.6515840508711493,1.239694616027943
2015-08-27,0.6518585017191453,1.2391724497192833
2015-08-28,0.6516147454368807,1.2396358264622906
2015-08-31,0.6515353961760583,1.2397867809752259
2015-09-01,0.6513351313468564,1.2401678587944758
2015-09-02,0.6513455462125555,1.2401480284781425
2015-09-03,0.6514370024301867,1.2399738977902968
2015-09-04,0.6513742290322266,1.2400933834422563
2015-09-07,0.6512266307201349,1.2403743827235822
2015-09-08,0.6515149641372067,1.2398252015824125
2015-09-09,0.6512594536682644,1.240311434955551
2015-09-10,0.6505894060152788,1.2415875281643056
2015-09-11,0.6504426185241782,1.241867658022794
2015-09-14,0.6508299714984379,1.2411280983487007
2015-09-15,0.650094620633452,1.2425304071861039
2015-09-16,0.6498181974307033,1.243058736791927
2015-09-17,0.6498416269007651,1.2430139177832045
2015-09-18,0.649861222656999,1.2429764351155517
2015-09-22,0.649894258937205,1.2435431734402638
2015-09-23,0.6503889800686843,1.2425965470047358
2015-09-24,0.6501695740567731,1.2430157317713106
2015-09-25,0.6497027155716117,1.2439082872902434
2015-09-28,0.6492595590391061,1.2447567462394498
2015-09-29,0.6492456300058911,1.2447834509029727
2015-09-30,0.6495303628524943,1.2442375392803147
2015-10-01,0.6495612387379036,1.244178393568456
2015-10-02,0.6495105798486254,1.2442754262910436
2015-10-05,0.6491256333794789,1.2450128729883831
2015-10-06,0.648580537237729,1.2460583589137528
2015-10-07,0.6487009978310926,1.2458269290131274
2015-10-08,0.6490824553454743,1.2450943418192122
2015-10-09,0.648679445518571,1.245867410404016
2015-10-12,0.648929065466468,1.2453879850727216
2015-10-13,0.6490361224407831,1.2451825273784596
2015-10-14,0.6493589563146234,1.2445631672457136
2015-10-15,0.6487847834509037,1.245663628540454
2015-10-16,0.6483612921440042,1.246476729789842
2015-10-19,0.6484883189019907,1.2462325204272395
2015-10-20,0.6486436333120291,1.2459340449373362
2015-10-21,0.6490733584046525,1.2451086161573919
2015-10-22,0.6491733070556904,1.244916886016308
2015-10-23,0.6488345137288684,1.245566588536184
2015-10-26,0.6483730598292138,1.2464524408566107
2015-10-27,0.6485771070226559,1.246060174215577
2015-10-28,0.6479967712914055,1.247175127602854
2015-10-29,0.648515409177742,1.2461769246785057
2015-10-30,0.6480592657576177,1.2470534426400812
2015-11-02,0.6481228155685338,1.2469311544256088
2015-11-03,0.6481255236755198,1.246925944266532
2015-11-04,0.647929646200841,1.2473027921087358
2015-11-05,0.6474173929253023,1.2482889098833938
2015-11-06,0.6471856378101245,1.2487357581504417
2015-11-09,0.6471014428461634,1.2488982111716644
2015-11-10,0.646923410421473,1.2492418116676676
2015-11-11,0.6465369413294311,1.2499881030229019
2015-11-12,0.6464953233604114,1.2500685655035757
2015-11-13,0.6463293195224844,1.2503895518619408
2015-11-16,0.6457277379258102,1.25155337241031
2015-11-17,0.6458609563348475,1.251295167691347
2015-11-19,0.6455477807344289,1.2528230513961371
2015-11-20,0.6451326213525125,1.2536287566579176
2015-11-23,0.6446189606339026,1.254626907777086
2015-11-24,0.6441165062125779,1.2556048387338572
2015-11-25,0.6436772117202078,1.2564611749477705
2015-11-26,0.6441311810794569,1.2555750244609634
2015-11-27,0.6438373907475836,1.2561476963234093
2015-11-30,0.6438886839079195,1.2560476216987928
2015-12-01,0.6436526294398257,1.2565080982697447
2015-12-02,0.6436265798351896,1.2565589510709063
2015-12-03,0.6435628688177986,1.256683334761221
2015-12-04,0.6431356366021181,1.2575175898612783
2015-12-07,0.6434744451691299,1.2568551203783807
2015-12-08,0.6440657101736866,1.2557002424278159
2015-12-09,0.6435694673012362,1.2566677404414441
2015-12-10,0.6431630001164143,1.25746142973944
2015-12-11,0.6431359482174761,1.2575143194726954
2015-12-14,0.6427390228037294,1.2582904219327313
2015-12-15,0.6428432077211382,1.258086459081505
2015-12-16,0.6424726284847359,1.2588117070326925
2015-12-17,0.6430428186852061,1.2576945199841485
2015-12-18,0.643202839284498,1.2573815438883647
2015-12-21,0.643357319652076,1.257079553985301
2015-12-22,0.6437054553330227,1.2563993188606468
2015-12-23,0.6439465489932229,1.25592874663239
2015-12-24,0.6435624706510685,1.2566778383568893
2015-12-25,0.6432738391536728,1.257241446122678
2015-12-28,0.6430638903968923,1.2576517788029773
2015-12-29,0.6431128631514132,1.2575560018937837
2015-12-30,0.6430522188499151,1.2576745869971138
2015-12-31,0.6424360090621501,1.2588797634471958
2016-01-01,0.6421656249982326,1.259409592133046
2016-01-04,0.6420188155615849,1.2596975135127217
2016-01-05,0.6419773124880329,1.2597789462017481
2016-01-06,0.6423781228171455,1.2589924193195452
2016-01-07,0.6416821659344922,1.2603564203779731
2016-01-08,0.6418774961661171,1.259972763601158
2016-01-11,0.6422570641179115,1.2592276910849016
2016-01-12,0.64280513987188,1.2581531179820629
2016-01-13,0.6424412289832447,1.2588653954527989
2016-01-14,0.6422760889705016,1.2591889877723268
2016-01-18,0.6421494524338918,1.259079934111633
2016-01-19,0.6419194656523349,1.2595308754628582
2016-01-20,0.6417378609553022,1.2598872078928296
2016-01-21,0.6409708990414824,1.2613929403156043
2016-01-22,0.6409499943623163,1.2614340794917496
2016-01-25,0.6408154551176685,1.261698862064057
2016-01-26,0.6403951411618071,1.2625264164489969
2016-01-27,0.6405475690708178,1.2622259078264908
2016-01-28,0.6400838385817166,1.263139708246406
2016-01-29,0.6398549762253104,1.2635913445988252
2016-02-01,0.6401966603213297,1.2629165837821414
2016-02-02,0.6397071832010497,1.2638821757805023
2016-02-03,0.6393324764138231,1.2646224914154618
2016-02-04,0.6391012702326193,1.2650798255063946
2016-02-05,0.6391309067985577,1.265021160904379
2016-02-08,0.6389021213219374,1.265473992188477
2016-02-09,0.638117968514512,1.2670271643420539
2016-02-10,0.6380921611803803,1.2670784065809462
2016-02-11,0.637664366677134,1.267927890731503
2016-02-12,0.6375439029427639,1.268167420077365
2016-02-15,0.6376781266877667,1.2679004295538454
2016-02-16,0.6378678367228767,1.2675232276004773
2016-02-17,0.6372391119738078,1.2687725823685536
2016-02-18,0.6374629250512193,1.268326960166684
2016-02-19,0.6375753294926443,1.2681033148723473
2016-02-22,0.6378527055424096,1.267551628707744
2016-02-23,0.6377010264997829,1.2678530478533425
2016-02-24,0.6376528996657205,1.2679487318035227
2016-02-25,0.6375885238044855,1.268076740774633
2016-02-26,0.6377569620168122,1.2677417401098867
2016-02-29,0.6376091509493584,1.268035560908438
2016-03-01,0.6372202493779633,1.2688089830299492
2016-03-02,0.6376118616747988,1.2680292193602056
2016-03-03,0.6376118616747988,1.268142243915345
2016-03-04,0.6376118616747988,1.2682540554467596
2016-03-07,0.6376118616747988,1.269424830685223
2016-03-08,0.6371312118583063,1.2703817589492568
2016-03-09,0.6371755619418933,1.2702933289113807
2016-03-10,0.6371996923947155,1.270245221678344
2016-03-11,0.6369763831036764,1.2706903844166257
2016-03-14,0.6369890156641158,1.2706651839955323
2016-03-16,0.6369364321732051,1.2702758670398573
2016-03-17,0.6364861334743557,1.271173921447196
2016-03-18,0.6364078235753506,1.2713303199862545
2016-03-21,0.6357690360588492,1.2726064041380718
2016-03-22,0.6355991796658533,1.2729464023469343
2016-03-23,0.6354536256353612,1.27323791071477
2016-03-24,0.6354268492852158,1.273291561622941
2016-03-25,0.6349366199132875,1.2742739011687725
2016-03-28,0.6346176125954344,1.2749141268018092
2016-03-29,0.634434942858891,1.2752811009024898
2016-03-30,0.6336440659141392,1.2768708469152747
2016-03-31,0.6341901663089702,1.275770387349473
2016-04-01,0.6344038266880779,1.275340576861868
2016-04-04,0.634542109852232,1.2750625865299634
2016-04-05,0.6343955401993558,1.275357106748246
2016-04-06,0.6337679816484222,1.2766187191132738
2016-04-07,0.6341725048318821,1.2758038753798036
2016-04-08,0.6346006060886148,1.2749426377224893
2016-04-11,0.6343927147067137,1.2753603013431316
2016-04-12,0.6344336129646118,1.2752780809561248
2016-04-13,0.6342861790585997,1.2755744385653132
2016-04-14,0.6336570566519214,1.2768396284546446
2016-04-15,0.6333143349800969,1.277530223797223
2016-04-18,0.6333840229048724,1.2773896483748506
2016-04-19,0.6332899785628087,1.277579314145846
2016-04-20,0.6332909325466918,1.2775773896087201
2016-04-21,0.6333599301183344,1.2774381964939316
2016-04-22,0.6331389549901856,1.277883886307494
2016-04-25,0.6329548003771213,1.2782555712445356
2016-04-26,0.6325152595270737,1.2791432263188447
2016-04-27,0.6320425958473491,1.2800990997703383
2016-04-28,0.6316824970370065,1.2808284211261718
2016-04-29,0.632007643122841,1.2801691400004351
2016-05-02,0.6313676754204816,1.281465432714728
2016-05-03,0.631526130506632,1.2811438218318072
2016-05-04,0.6319249972009154,1.2803346619626728
2016-05-05,0.6315074019897808,1.2811807459534208
2016-05-06,0.6307334467064026,1.282750920117918
2016-05-09,0.6305556329877722,1.2831125478584062
2016-05-10,0.6305024050058381,1.283220861047511
2016-05-11,0.6302587524489462,1.283716751374604
2016-05-13,0.6311066366006298,1.282511838718066
2016-05-16,0.6312758806976534,1.2821679070502974
2016-05-17,0.6308523373431549,1.283028154864268
2016-05-18,0.6305540529326035,1.283634806015798
2016-05-19,0.6305395202245265,1.2836643906165575
2016-05-20,0.6305289654460884,1.2836858782359648
2016-05-23,0.6306846882111687,1.283368844244811
2016-05-24,0.6305762137528342,1.283589576954555
2016-05-25,0.6308087417737777,1.283116247105564
2016-05-26,0.6312824058754399,1.2821527758277176
2016-05-27,0.6312879364037857,1.282141543165118
2016-05-30,0.6310937661375425,1.2825359016669071
2016-05-31,0.6307860628210122,1.2831612295843853
2016-06-01,0.6305941403925046,1.2835516431237197
2016-06-02,0.6306413378666039,1.2834555743664144
2016-06-03,0.6304924540035141,1.2837585767427926
2016-06-06,0.630218125171911,1.2843171432857894
2016-06-07,0.6299734183694552,1.284815829580137
2016-06-08,0.629917266735573,1.2849303495042559
2016-06-09,0.6293852869583872,1.286015503058739
2016-06-10,0.6294189968484794,1.2859466240395385
2016-06-13,0.6293351466505426,1.2861179358040415
2016-06-14,0.6293788977644399,1.2860285254277193
2016-06-15,0.6292165518492147,1.286360251640193
2016-06-16,0.62934090312389,1.2861060298837674
2016-06-17,0.6289866604692093,1.286829951707322
2016-06-20,0.6294916093954992,1.285796887823348
2016-06-21,0.6294916093954992,1.2870312668866062
2016-06-22,0.6295766512542248,1.2868573939873644
2016-06-23,0.6295220999234675,1.2869688971430118
2016-06-24,0.6293577824864544,1.2873048209028288
2016-06-27,0.6291247913154395,1.2877813871200452
2016-06-28,0.6291247913154395,1.287330966129599
2016-06-29,0.6291247913154395,1.288514342295208
2016-06-30,0.6292065861758581,1.2883468177400956
2016-07-01,0.6285062877682126,1.2897807302972448
2016-07-04,0.6283199753020937,1.2901630689202483
2016-07-05,0.6286918116238133,1.2893995574789083
2016-07-06,0.6281928360730825,1.290422918754512
2016-07-07,0.627593009963261,1.2916550712321169
2016-07-08,0.6274894913350756,1.2918681238935392
2016-07-12,0.62687454987,1.291853816507843
2016-07-13,0.6264584673803738,1.292711273158966
2016-07-14,0.6268102768785094,1.2919853062706166
2016-07-15,0.6271419371642464,1.2913016859924367
2016-07-18,0.62693562582438,1.2917264864486353
2016-07-19,0.62645143732602,1.2927240994123952
2016-07-20,0.6270781908402012,1.2914307519573527
2016-07-21,0.6270781908402012,1.2908141317514679
2016-07-22,0.6270781908402012,1.2913071578526414
2016-07-25,0.6270781908402012,1.2922732585073151
2016-07-26,0.6270781908402012,1.292933706078135
2016-07-27,0.6270781908402012,1.2938596730630483
2016-07-28,0.6270781908402012,1.293671234449049
2016-07-29,0.6270781908402012,1.2938545845692586
2016-08-01,0.6270781908402012,1.294002100741274
2016-08-02,0.6270781908402012,1.2953064885791545
2016-08-03,0.6270781908402012,1.2947070744250941
2016-08-04,0.6270781908402012,1.2951190811138467
2016-08-05,0.6270781908402012,1.2949292660990253
2016-08-08,0.6270781908402012,1.2945767758493767
2016-08-09,0.6270781908402012,1.295752456421694
2016-08-10,0.6270781908402012,1.2960998518515632
2016-08-11,0.6270781908402012,1.2970612321365802
2016-08-12,0.6270781908402012,1.2981162261027546
2016-08-15,0.6273129759823428,1.2976301967572699
2016-08-16,0.6278944320395463,1.2964274240316889
2016-08-17,0.6278944320395463,1.2981475990301812
2016-08-18,0.6274500730700309,1.2990662941164082
2016-08-19,0.6273317529237303,1.29931126295229
2016-08-22,0.6270916841692699,1.2998084863673327
2016-08-23,0.6269703055982484,1.3000600746129745
2016-08-24,0.6262030882052422,1.3016509453325122
2016-08-25,0.6260850128085742,1.3018963816048466
2016-08-26,0.6256915845798307,1.3027144858190407
2016-08-29,0.6249491757006198,1.3042602103024508
2016-08-30,0.6253860467666521,1.3033484664829322
2016-08-31,0.6255276737896275,1.3030533058151146
2016-09-01,0.6256287561897256,1.302842738383606
2016-09-02,0.6254892469869497,1.3031332597990235
2016-09-05,0.6256290795466418,1.302841935111644
2016-09-06,0.6256352949284691,1.3028289918832165
2016-09-08,0.6254442046281654,1.3033024009920746
2016-09-09,0.6256914033621966,1.3027872875715631
2016-09-12,0.6255355203910512,1.303111860279556
2016-09-13,0.6254131989182357,1.3033666796412016
2016-09-14,0.6248726108077924,1.3044932700805791
2016-09-15,0.6246869519946809,1.3048808541545904
2016-09-16,0.6244208750993289,1.3054366503743915
2016-09-19,0.6242425197831946,1.3058095263875993
2016-09-20,0.6239612569923318,1.3063978804648808
2016-09-21,0.6236130840170784,1.30712685591297
2016-09-22,0.6240482603582177,1.3062147026930646
2016-09-23,0.6240490473820316,1.3062130553491933
2016-09-26,0.6244188945971458,1.3054389186641149
2016-09-27,0.6238980062037232,1.3065279119456092
2016-09-28,0.6238479645831316,1.306632705955867
2016-09-29,0.6234539439223921,1.3074579715836685
2016-09-30,0.6230765603972178,1.3082493902652623
2016-10-03,0.6227391401753885,1.308957858257045
2016-10-04,0.6228456399146839,1.3087340026140324
2016-10-05,0.6224961513728252,1.3094683539668286
2016-10-06,0.6225783354721097,1.3092954734165232
2016-10-07,0.6227984422563814,1.3088325841704709
2016-10-10,0.6231874177516021,1.3080151386406709
2016-10-11,0.6227185785935926,1.3089991904664868
2016-10-12,0.6231415514765536,1.3081100710786635
2016-10-13,0.6232432011868548,1.3078966861592143
2016-10-14,0.6226183358909653,1.3092079868653168
2016-10-17,0.6226340352832836,1.3091749750366775
2016-10-18,0.6226496860982125,1.3091420670135328
2016-10-19,0.6220572678263135,1.3103876465076305
2016-10-20,0.6215681118530625,1.3114180724470355
2016-10-21,0.621341811949,1.3118955322431884
2016-10-24,0.622019379731336,1.3104649217010613
2016-10-25,0.6218741165155194,1.3107709609579468
2016-10-26,0.6221611733834963,1.3101659095549458
2016-10-27,0.6219016175587018,1.3107124901000204
2016-10-28,0.6217570342743487,1.3110172121192445
2016-10-31,0.6220125032398113,1.3104785383408692
2016-11-01,0.6215713440298414,1.3114079885908978
2016-11-02,0.6214602871731959,1.3116422993428196
2016-11-03,0.621085195469651,1.3124339607806563
2016-11-07,0.6207702380051127,1.3131986309634196
2016-11-08,0.6207062317673637,1.3133340319518034
2016-11-09,0.6208061279596577,1.3131226645411227
2016-11-10,0.620932877579166,1.3128545650643257
2016-11-11,0.6203616162998817,1.3140623976746344
2016-11-14,0.6203023961720302,1.3141878389352646
2016-11-15,0.6205909603985316,1.313576479702155
2016-11-16,0.6207708249052907,1.3131957687335967
2016-11-17,0.6202431281293718,1.3143120730853948
2016-11-18,0.6203343519655935,1.3141187672930987
2016-11-21,0.6195744548710791,1.3157285363312776
2016-11-22,0.6193861500751503,1.3161284204639816
2016-11-23,0.6199025294809837,1.3150311702079382
2016-11-24,0.6194622139004016,1.3159652343319843
2016-11-25,0.6192488727307763,1.316418449323922
2016-11-28,0.6193516613332692,1.3161999381264688
2016-11-29,0.6187018292114985,1.3175809128648364
2016-11-30,0.6184644036043859,1.3180865319423742
2016-12-01,0.618588338248144,1.3178223993846612
2016-12-02,0.618071256804194,1.318923974482364
2016-12-05,0.6179105528321898,1.3192669063355078
2016-12-06,0.6181574021102698,1.3187398719905996
2016-12-07,0.6183046351283187,1.3184257739134566
2016-12-08,0.6180018555812028,1.3190713979894406
2016-12-09,0.6179052793329619,1.3192775316209648
2016-12-12,0.6179988876372284,1.3190776703530287
2016-12-13,0.61786197378854,1.3193699038896576
2016-12-14,0.6177937834248306,1.3195155162066963
2016-12-15,0.6177062426846871,1.3197024901906027
2016-12-16,0.6175962623541003,1.319937458377935
2016-12-19,0.6174101388058376,1.3203352448578949
2016-12-20,0.6173530450329329,1.3204573402299822
2016-12-21,0.6169694299241696,1.3212778551529507
2016-12-22,0.6166571165787875,1.3219466933272712
2016-12-23,0.616455198374301,1.3223795515487486
2016-12-26,0.6165743280400106,1.3221240023469047
2016-12-27,0.6166998129254194,1.3218549243600572
2016-12-28,0.6163472013931728,1.3226107236655171
2016-12-29,0.6162604948265886,1.3227967860578136
2016-12-30,0.6159959535428421,1.323364621190614
2017-01-02,0.6159734543663743,1.3234129569206983
2017-01-04,0.6159140832999215,1.3240061481425247
2017-01-05,0.6160194853637367,1.323779569494135
2017-01-06,0.6159030673023171,1.3240297431572885
2017-01-09,0.6151017694889367,1.3257523228851174
2017-01-10,0.6150100774349538,1.3259499502690524
2017-01-11,0.6155439840238456,1.324798857887051
2017-01-12,0.6154147298782463,1.325077043928847
2017-01-13,0.6150761486097087,1.325806058436726
2017-01-16,0.6150203942067127,1.3259262379062822
2017-01-17,0.6151570948006235,1.3256315242579038
2017-01-18,0.6154867166873303,1.3249212062467859
2017-01-19,0.6150550836825436,1.325850356634362
2017-01-20,0.6153088518892244,1.3253033183669671
2017-01-23,0.615565821805753,1.3247498352144815
2017-01-24,0.6155216290796579,1.3248449417076271
2017-01-25,0.6154364615187773,1.3250282558381135
2017-01-26,0.6155601954403079,1.3247618580009928
2017-01-27,0.6156864254695296,1.3244901953280555
2017-01-30,0.6153287142047384,1.3252597186493027
2017-01-31,0.6153613288300122,1.3251894751386128
2017-02-01,0.6151511006564578,1.3256422045350171
2017-02-02,0.614870002392424,1.3262479674476206
2017-02-03,0.6150537521659544,1.3258516271436287
2017-02-06,0.6150877468180054,1.3257783459636063
2017-02-07,0.6151505454431129,1.3256429879472023
2017-02-08,0.6149092324287644,1.3261630149678092
2017-02-09,0.6143491638326551,1.3273709042282635
2017-02-10,0.6142383352933924,1.3276103618315875
2017-02-13,0.6142272213861932,1.3276343833514284
2017-02-14,0.6145954068826274,1.326838561044149
2017-02-15,0.6148990101430101,1.326183117627841
2017-02-16,0.6145067179645856,1.3270291935779113
2017-02-17,0.6148567628770324,1.3262732704865918
2017-02-20,0.6147586868745842,1.326484824767811
2017-02-21,0.614994110423869,1.3259768437141282
2017-02-22,0.614881317468387,1.3262200344123287
2017-02-23,0.6146880094288055,1.3266369750277331
2017-02-24,0.6146973739967656,1.3266167641534028
2017-02-27,0.6147889123874086,1.3264192094399327
2017-02-28,0.6150102601705991,1.3259416472300831
2017-03-01,0.6151040137494783,1.3257395176350772
2017-03-03,0.6147878981736723,1.3273436332342565
2017-03-06,0.6147519107731672,1.3274213310013712
2017-03-07,0.6144858128400579,1.327995910870672
2017-03-08,0.6142034842283355,1.32860606530232
2017-03-09,0.6143047348286109,1.3283870464183578
2017-03-10,0.6144847510802709,1.3279977750302467
2017-03-13,0.6140863696200585,1.328858739752065
2017-03-14,0.6136729060314908,1.329753458688063
2017-03-15,0.6132267351156869,1.330720256004068
2017-03-16,0.6130958835395631,1.3310042078165165
2017-03-17,0.612992483441586,1.3312286848831407
2017-03-20,0.6132561405909661,1.330656103701951
2017-03-21,0.6131804751825177,1.3308202841005263
2017-03-22,0.613198489196068,1.3307811872675366
2017-03-23,0.6127114873185286,1.3318380928995823
2017-03-24,0.6123611665620969,1.33259957777102
2017-03-27,0.6123945717845026,1.3325268824603047
2017-03-28,0.6117343419656357,1.3339634954264818
2017-03-29,0.6118711075125961,1.3336652609894697
2017-03-30,0.6118978936214287,1.3336068766297764
2017-03-31,0.6126800288484924,1.3319022443240607
2017-04-03,0.6131617069725085,1.3308551265069113
2017-04-04,0.6129274692656145,1.3313635347285864
2017-04-05,0.6128025135119293,1.3316349559688685
2017-04-06,0.6128826307478172,1.3314608592418942
2017-04-07,0.6130632341930906,1.3310685061120098
2017-04-10,0.6125703741867264,1.3321385921909066
2017-04-11,0.611713614376705,1.3340017622939055
2017-04-12,0.6113117207090771,1.3348781967041754
2017-04-13,0.6115496237593506,1.3343587046283958
2017-04-14,0.6113812300163983,1.3347261280524052
2017-04-17,0.6113425993152206,1.334810463985004
2017-04-18,0.6109362817955306,1.3356976210023461
2017-04-19,0.61019061291212,1.3373278861925229
2017-04-20,0.6103452508178363,1.3369889731066757
2017-04-21,0.6102150617485136,1.3372741581718013
2017-04-24,0.6095026691575317,1.3388353523508882
2017-04-25,0.6097550541544986,1.3382809627256398
2017-04-26,0.6098987193518802,1.3379656485722724
2017-04-27,0.6096213598655819,1.3385741060967729
2017-04-28,0.6096527610686779,1.3385051570078268
2017-05-02,0.6093684597729607,1.3392478708147635
2017-05-03,0.6089256788761811,1.3402209985894933
2017-05-04,0.6086240534045724,1.3408848641559867
2017-05-05,0.6088374908097988,1.340414631366941
2017-05-08,0.6090071435280857,1.3400411244964285
2017-05-09,0.6090314730697455,1.3399875904998069
2017-05-10,0.6086881990813157,1.3407428599809041
2017-05-11,0.6085361387464631,1.3410777996241363
2017-05-12,0.6078849395142177,1.3425128973576832
2017-05-15,0.6078280797523365,1.3426384720490503
2017-05-16,0.6081830130604837,1.341854455761543
2017-05-17,0.6078824823104226,1.3425175267737266
2017-05-18,0.607882159075833,1.3425182406421379
2017-05-19,0.6078681504848612,1.342549178857094
2017-05-22,0.6080450167247283,1.3421585487098957
2017-05-23,0.6076249791962088,1.3430857119036967
2017-05-24,0.6070953747000531,1.344256342236715
2017-05-25,0.6064266615577986,1.3457370352547715
2017-05-26,0.606411762897234,1.3457700972564424
2017-05-29,0.606979034714798,1.344511187888579
2017-05-30,0.6070848342686672,1.3442768327037782
2017-05-31,0.6069891456742654,1.3444887173586852
2017-06-01,0.6070020401040812,1.3444601560318024
2017-06-02,0.6066749310528863,1.3451846759789403
2017-06-05,0.6063010612161179,1.3460136602495758
2017-06-06,0.6064684598088116,1.3456420283873123
2017-06-07,0.6065369675166672,1.3454900223769948
2017-06-08,0.606373924139843,1.3458517039371969
2017-06-09,0.6060030204757737,1.3466749275429817
2017-06-12,0.6063163625256963,1.3459786110757066
2017-06-13,0.6064577918208128,1.3456646482372085
2017-06-14,0.6061197333079759,1.3464147637372412
2017-06-15,0.6063155638897091,1.3459797520193453
2017-06-16,0.606090064534548,1.3464803454136385
2017-06-19,0.6058275359175426,1.3470635749426985
2017-06-20,0.605190874679852,1.3484791975613897
2017-06-21,0.6046381140132346,1.3497108523852634
2017-06-22,0.6048244337835333,1.3492949377908015
2017-06-23,0.6046118893828035,1.349769100321185
2017-06-26,0.6044843727454144,1.3500537755317574
2017-06-27,0.6039990835910263,1.351137619026554
2017-06-29,0.6037259722801949,1.3521334618971306
2017-06-30,0.6037024426910024,1.3521861598865375
2017-07-03,0.6034179779239437,1.3528233103994252
2017-07-04,0.6031786579770143,1.3533598499370165
2017-07-05,0.6033004241655653,1.3530866415459613
2017-07-06,0.6032182090770136,1.353271034153022
2017-07-07,0.6033978636826014,1.3528679936442383
2017-07-10,0.6032601988523738,1.3531766495972584
2017-07-11,0.6032430165556184,1.3532151913124253
2017-07-12,0.6034252785440866,1.352806335039207
2017-07-13,0.6035910952708469,1.3524345940359828
2017-07-14,0.6033377436500992,1.3530022655921718
2017-07-17,0.6033316463268318,1.3530159390151952
2017-07-18,0.6032519232124274,1.3531947240087454
2017-07-19,0.603110772617519,1.3535113483458938
2017-07-20,0.6027994765377102,1.354209964248389
2017-07-21,0.6027965635683621,1.3542165083352207
2017-07-24,0.6028299918945104,1.3541414097134767
2017-07-25,0.6023295566952058,1.3552655409534087
2017-07-26,0.6020280718199803,1.3559438939546355
2017-07-27,0.601742577617561,1.3565869106820114
2017-07-28,0.6013153879902351,1.3575499800714235
2017-07-31,0.60103666814305,1.3581792274356996
2017-08-01,0.601001847182665,1.3582579133255643
2017-08-02,0.6008111378650024,1.35868891439665
2017-08-03,0.6009854947851303,1.3582946194184182
2017-08-04,0.6010154995030075,1.3582268053909525
2017-08-07,0.6004951926849847,1.3594026397377381
2017-08-08,0.6005231877560966,1.3593392644201125
2017-08-09,0.6006551272789483,1.359040607219861
2017-08-10,0.6005068783785892,1.3593760347662411
2017-08-11,0.6005780909017272,1.3592148299560807
2017-08-14,0.6002954235567137,1.3598545563348932
2017-08-15,0.6002670737655362,1.3599187773687225
2017-08-16,0.6001026173998358,1.3602913570245927
2017-08-17,0.5996329036003454,1.361356087627653
2017-08-18,0.5996442646073151,1.3613302945534123
2017-08-21,0.5998289736683172,1.3609109625339766
2017-08-22,0.5996088955912305,1.361410282641655
2017-08-23,0.5993651926934598,1.3619636093740872
2017-08-24,0.5993375258955699,1.3620264778428826
2017-08-28,0.5992209843505201,1.3622886151301936
2017-08-29,0.5993046603872672,1.3620983832871894
2017-08-30,0.5991226607012509,1.3625120317943133
2017-08-31,0.5995424114938804,1.3615574434556854
2017-09-01,0.5993160955455107,1.3620714057011716
2017-09-04,0.5992694500983392,1.3621774172537908
2017-09-05,0.5995290079494934,1.3615874258179599
2017-09-06,0.5994625728629851,1.3617383062211152
2017-09-07,0.5993432926337685,1.3620092630158378
2017-09-08,0.5990748918638366,1.362619204495689
2017-09-11,0.5994761996021648,1.3617064143945088
2017-09-12,0.598909845916512,1.3629928832269351
2017-09-13,0.5986024874155561,1.363692366550274
2017-09-14,0.598514925850065,1.363891842898892
2017-09-15,0.598716429033023,1.363432658782198
2017-09-18,0.5986183741324304,1.3636559552333036
2017-09-19,0.5983329865012861,1.3643060698298088
2017-09-20,0.5983332609420096,1.364305444055945
2017-09-21,0.5979183083574702,1.3652516091901061
2017-09-22,0.5977159468612738,1.3657136695660113
2017-09-25,0.5981594066697061,1.3647004138122383
2017-09-26,0.5977950811034317,1.3655316224257168
2017-09-27,0.5981157120143991,1.3647992115011491
2017-09-28,0.5982540902503102,1.3644834556976035
2017-09-29,0.5984421924719755,1.3640544367011185
2017-10-02,0.598234690296868,1.36452740512838
2017-10-03,0.5981302941141791,1.3647655248071286
2017-10-04,0.597807814017321,1.3655013339158786
2017-10-05,0.5977567597156643,1.3656179511888211
2017-10-06,0.5977765990380685,1.3655726268417951
2017-10-09,0.5978804036728831,1.3653354934911917
2017-10-10,0.5975186747430681,1.3661615472368323
2017-10-11,0.597176646612318,1.3669435574066484
2017-10-12,0.596931474469012,1.367504758993564
2017-10-13,0.5965191104260607,1.3684494399415328
2017-10-16,0.5965520685522374,1.368373832088373
2017-10-17,0.5962485907634103,1.3690699508125252
2017-10-18,0.5962125909818994,1.3691526113334322
2017-10-19,0.5963084545811291,1.3689324685534867
2017-10-20,0.596051220938453,1.3695229942835154
2017-10-23,0.5959393891031154,1.3697799458081623
2017-10-25,0.5955714641961917,1.3706767118092593
2017-10-26,0.5952327088522504,1.371456339593421
2017-10-27,0.5954693155270087,1.3709111818437518
2017-10-30,0.5958753036372917,1.369976501205187
2017-10-31,0.5959266982103065,1.3698583399776785
2017-11-01,0.5961336283364846,1.369382669127574
2017-11-02,0.5955880066166787,1.3706360205432404
2017-11-03,0.5955796591004887,1.3706552308131665
2017-11-06,0.5952854919965341,1.3713322211596426
2017-11-07,0.5948426838465968,1.372352298235206
2017-11-08,0.5945409502964913,1.373048423012709
2017-11-09,0.5947398372063748,1.3725891083804078
2017-11-10,0.5948546548458351,1.372324122866551
2017-11-13,0.594672017091404,1.372745466457141
2017-11-14,0.5942064286229328,1.373820234465319
2017-11-15,0.5941487801408498,1.373953519208393
2017-11-16,0.5941923316153482,1.373852807562331
2017-11-17,0.5942692171843322,1.373675037757523
2017-11-20,0.5938306852094599,1.3746887204617944
2017-11-21,0.5934904378574761,1.3754763762845548
2017-11-22,0.5933632952772019,1.3757710425578962
2017-11-23,0.5937929143852536,1.374774928485975
2017-11-24,0.5930857497442632,1.3764121865185197
2017-11-27,0.5931022313339781,1.376373936634845
2017-11-28,0.5932151837139216,1.3761118153619485
2017-11-29,0.5934561502685666,1.375552832834094
2017-11-30,0.59373840569166,1.3748986021101504
2017-12-01,0.5938396860841262,1.3746640707598314
2017-12-04,0.5933263699334089,1.3758523329892975
2017-12-05,0.592963561073353,1.3766936430031995
2017-12-06,0.5927707215908445,1.3771413617284598
2017-12-07,0.5928890625521914,1.3768664287286987
2017-12-08,0.5931192136319666,1.3763319488145072
2017-12-11,0.5930241731821725,1.3765524899881445
2017-12-12,0.5929049094804033,1.3768293298760612
2017-12-13,0.5928000901652098,1.3770727387350339
2017-12-14,0.5924083932602519,1.3779826494091605
2017-12-15,0.5921464388138625,1.3785919734602148
2017-12-18,0.5925006382575826,1.3777673522548677
2017-12-19,0.5920396152792463,1.3788393889197714
2017-12-20,0.5923580214110498,1.3780978322656663
2017-12-22,0.5923288822644293,1.3783569543882204
2017-12-25,0.5918659055724458,1.3794343071262392
2017-12-26,0.5917521316751903,1.3796994746509301
2017-12-27,0.5913603246545096,1.3806129921723072
2017-12-28,0.590990336436118,1.3814767811685686
2017-12-29,0.5910544250732211,1.3813269699810815
2018-01-01,0.5911709773735848,1.381054580791396
2018-01-02,0.5907947664236894,1.3819334599576318
2018-01-03,0.5903689646615792,1.3829294567670334
2018-01-04,0.5904759561749373,1.3826788309308127
2018-01-05,0.5903003305254904,1.3830900819989032
2018-01-08,0.5907220540139062,1.3821019721436119
2018-01-09,0.5908401301978323,1.3818257113784032
2018-01-10,0.5905857651588035,1.3824206069060447
2018-01-11,0.5911660644344933,1.3810622645208865
2018-01-12,0.5910526611828657,1.381327193380845
2018-01-15,0.5908592225279591,1.3817792716673023
2018-01-16,0.590293259267515,1.3831028294150531
2018-01-17,0.5900178148116877,1.3837482171104407
2018-01-18,0.5900037145575467,1.3837812859450396
2018-01-19,0.5901891318981725,1.38334641233371
2018-01-22,0.5902163939882927,1.383282512623393
2018-01-23,0.590031059414409,1.3837168788620289
2018-01-24,0.5899180786874888,1.3839818366745564
2018-01-25,0.5897998042138681,1.3842593154112606
2018-01-26,0.5899913307091958,1.3838098029946553
2018-01-29,0.5900483096748297,1.3836761602661871
2018-01-30,0.5899663175419898,1.3838684336066571
2018-01-31,0.5898703115309687,1.3840936323750244
2018-02-01,0.5898964357195372,1.3840323336075804
2018-02-02,0.5899709295650842,1.3838575539604276
2018-02-05,0.5894071580844499,1.3851799571214756
2018-02-06,0.5891232551638793,1.3858471642124457
2018-02-07,0.5888857367791209,1.3864058998880118
2018-02-08,0.5890358730694477,1.386052436005808
2018-02-09,0.5893361248515208,1.3853459175525449
2018-02-12,0.5891280857353187,1.3858349528045317
2018-02-13,0.5886311184992113,1.387003993260881
2018-02-14,0.5883962345948591,1.3875574551881402
2018-02-15,0.5887076845697777,1.3868229930872498
2018-02-16,0.5889048204648446,1.3863585986191507
2018-02-20,0.5888202372934493,1.3864928796805125
2018-02-21,0.5885730070793355,1.3870750317700644
2018-02-22,0.5887939885094611,1.386554250455724
2018-02-23,0.588425585125184,1.3874218056419525
2018-02-26,0.5889342798636982,1.3862223775571254
2018-02-27,0.5891197622870207,1.3857857925345782
2018-02-28,0.588655317698784,1.386878305047313
2018-03-01,0.5884568739389343,1.3873458406951407
2018-03-02,0.5882591388211578,1.387812020980147
2018-03-05,0.5881020735599685,1.3881825669575434
2018-03-06,0.5882655957072117,1.3877965819316098
2018-03-07,0.5881766972681001,1.3880063051430955
2018-03-08,0.5880203189865209,1.3883753337731441
2018-03-09,0.5881136230064414,1.3881550335630717
2018-03-12,0.5880528736816344,1.3882984233396687
2018-03-13,0.5879889732636069,1.38844928196747
2018-03-14,0.5877561674839392,1.3889990184970913
2018-03-15,0.5878242362278792,1.3888381568613424
2018-03-16,0.5875829227078562,1.3894083024996458
2018-03-19,0.5867664922789451,1.3913388474023376
2018-03-20,0.5871062552191403,1.3905332025950392
2018-03-21,0.5871726698312486,1.3903759027494778
2018-03-22,0.5870319222871597,1.3907091811933272
2018-03-23,0.5865077980075146,1.3919508588945138
2018-03-26,0.5863797001241845,1.392254871832329
2018-03-27,0.5862047268464747,1.3926703149288076
2018-03-28,0.5859560026127043,1.3932612191660336
2018-03-29,0.5861204062026343,1.392870307314086
2018-03-30,0.5861152040923359,1.3928826697312506
2018-04-02,0.5861405160728649,1.392822516678115
2018-04-03,0.5862189847403249,1.3926360546883787
2018-04-04,0.5856809852213087,1.3939141394094303
2018-04-05,0.5859111374805006,1.393366379628253
2018-04-06,0.5861136915256493,1.3928846820148888
2018-04-09,0.586793505720509,1.3912691204057213
2018-04-10,0.5859499269581618,1.3932692193693978
2018-04-11,0.5858930401022464,1.3934044846910356
2018-04-12,0.5851449732821922,1.3951835801753072
2018-04-13,0.5851326367786328,1.3952129945734286
2018-04-16,0.5846822203184512,1.3962869850821018
2018-04-17,0.5849840255071235,1.395566240304291
2018-04-19,0.5844558409152857,1.3973507427365919
2018-04-20,0.5844560894857486,1.3973501484399888
2018-04-23,0.5838343175613754,1.3988367153634051
2018-04-24,0.5837391834828906,1.3990646516766092
2018-04-25,0.5831525969106847,1.4004705407475206
2018-04-26,0.583071119367132,1.4006662132011505
2018-04-27,0.5823704511151059,1.4023493738220039
2018-04-30,0.5823591619472422,1.4023765581639538
2018-05-01,0.5826216371351572,1.4017444928086138
2018-05-02,0.5824198765498779,1.4022299138284575
2018-05-03,0.582329677703013,1.402447075924669
2018-05-04,0.5821231917479665,1.4029443640330423
2018-05-07,0.5822282500724336,1.4026911685130985
2018-05-08,0.5823571011471108,1.4023807434100901
2018-05-09,0.581791494094878,1.403742788170643
2018-05-10,0.5818352999259397,1.403637093742215
2018-05-11,0.5811331994173609,1.4053308622665757
2018-05-14,0.5806937853602825,1.4063934794709363
2018-05-15,0.5805921912187177,1.4066395322819896
2018-05-16,0.5806024531261735,1.406614670072469
2018-05-17,0.5805976136063299,1.4066263946863966
2018-05-18,0.5801423239081044,1.407729434884538
2018-05-21,0.5798138383312913,1.4085265131123421
2018-05-22,0.5798385977550172,1.4084663656952545
2018-05-23,0.5799516806335372,1.408191679892088
2018-05-24,0.5797363233448222,1.4087145930110592
2018-05-25,0.5796492849416094,1.4089260896239517
2018-05-28,0.5798398990391506,1.408462772956352
2018-05-29,0.5795819023144523,1.4090894610867897
2018-05-30,0.5794430793833101,1.4094269697778798
2018-05-31,0.5800026757176908,1.4080658176752359
2018-06-01,0.5795025541947582,1.4092799569380485
2018-06-04,0.5789539635113227,1.4106140629728408
2018-06-05,0.579197115891051,1.41002162525256
2018-06-06,0.5790447713122986,1.4103924992514758
2018-06-07,0.5789896894026894,1.4105266635095888
2018-06-08,0.5787314658598464,1.4111557441287992
2018-06-11,0.5786472658223425,1.4113610541449095
2018-06-12,0.5789582454863297,1.4106025530470796
2018-06-13,0.5791512030761019,1.410132421615522
2018-06-14,0.5792534760836512,1.409883404635094
2018-06-18,0.5788149506368052,1.4121451709629291
2018-06-19,0.5778546271925651,1.4144880892183305
2018-06-20,0.5775045884179018,1.4153449235400202
2018-06-21,0.5777285901353921,1.4147959414192326
2018-06-22,0.5779837528243402,1.4141710751015717
2018-06-25,0.5779104852557009,1.4143503411722984
2018-06-26,0.5777189376799015,1.414819125501523
2018-06-27,0.5774700555574347,1.4154286315500446
2018-06-28,0.5775899307618386,1.4151348071432321
2018-06-29,0.5777134583008844,1.4148321562297825
2018-07-02,0.5772575144521821,1.4159487721045043
2018-07-03,0.5771078914040497,1.4163157808761142
2018-07-04,0.5773112933071459,1.4158165998226122
2018-07-05,0.5770400103853031,1.4164819026989746
2018-07-06,0.5770178484759563,1.4165363043746884
2018-07-09,0.5777150948853395,1.4148246158115099
2018-07-10,0.5775678506812344,1.4151852169561705
2018-07-11,0.5775136540273748,1.4153180122688949
2018-07-12,0.5771111261692461,1.4163044909851583
2018-07-13,0.5770418219664222,1.4164745723598757
2018-07-16,0.5771289598503512,1.416260673484307
2018-07-17,0.5770996718908725,1.4163325454368547
2018-07-18,0.5765461932637621,1.4176909066194416
2018-07-19,0.5761916341770283,1.4185627451624665
2018-07-20,0.5763438249579687,1.418188057021936
2018-07-23,0.576123415966616,1.4187304093221789
2018-07-24,0.5761055277138314,1.418774459967391
2018-07-25,0.5757356793045112,1.4196852852449844
2018-07-26,0.5756152993926364,1.419982125610574
2018-07-27,0.5753739558655216,1.4205774945922474
2018-07-30,0.574868810725299,1.4218246796801148
2018-07-31,0.574728610575312,1.422171437113511
2018-08-01,0.5743270622388897,1.423165072307883
2018-08-02,0.5739347796817366,1.4241371366080395
2018-08-03,0.5737844888519574,1.4245100618245579
2018-08-06,0.5737947999112926,1.4244844630012081
2018-08-07,0.5731945245704914,1.4259746872009154
2018-08-08,0.5731934481205619,1.4259773651580232
2018-08-09,0.5731381748596116,1.4261148726945663
2018-08-10,0.5726452163429687,1.4273414799998259
2018-08-13,0.5720203372095019,1.4288990166415874
2018-08-15,0.5719888900250811,1.4292644599624127
2018-08-16,0.572103930613058,1.428977000840888
2018-08-17,0.5717394796104451,1.4298873111408172
2018-08-20,0.5711279277722757,1.4314167668539317
2018-08-21,0.5709933132829063,1.4317541508755758
2018-08-22,0.5709120669231562,1.4319578744746264
2018-08-23,0.5709742575171173,1.431801888437721
2018-08-24,0.5705914218285797,1.4327619052065912
2018-08-27,0.5709925059432904,1.4317547781830204
2018-08-28,0.5703704134566397,1.4333146653636102
2018-08-29,0.5702813518455877,1.4335384731036862
2018-08-30,0.5698768983674123,1.4345551635840406
2018-08-31,0.5701983192950946,1.433746048400022
2018-09-03,0.570258685587888,1.4335942592227826
2018-09-04,0.5701595123254737,1.4338435745304816
2018-09-05,0.5697651090513529,1.4348354243341712
2018-09-06,0.5693059561861601,1.4359917057310088
2018-09-07,0.5694296873173484,1.4356796118978132
2018-09-10,0.569241712491075,1.4361535450833172
2018-09-11,0.5691787454682647,1.4363124060927057
2018-09-12,0.5691973748057665,1.4362653952919966
2018-09-13,0.5687330488151606,1.4374370369438392
2018-09-14,0.5685824210148357,1.4378177392424512
2018-09-17,0.5682927284267593,1.4385503069875458
2018-09-18,0.567987069867717,1.4393240371303913
2018-09-19,0.5677802818499696,1.4398480542785344
2018-09-20,0.5673795603495199,1.4408642538387766
2018-09-21,0.5668710103305155,1.4421557200721056
2018-09-24,0.5672184062952462,1.441271922755721
2018-09-25,0.5671055049819042,1.441558799012126
2018-09-26,0.5668405928104729,1.4422321948235532
2018-09-27,0.5666308181918023,1.4427659316669286
2018-09-28,0.5664149426851782,1.4433155978983423
2018-10-01,0.5665907438045826,1.4428676286117952
2018-10-02,0.5663168359069095,1.4435651564890066
2018-10-03,0.5663018012762298,1.4436034803875981
2018-10-04,0.5662925487391388,1.4436270667415827
2018-10-05,0.5659012707419718,1.4446245361742784
2018-10-08,0.5662955240474681,1.443618092068152
2018-10-09,0.565457747523748,1.4457537779342668
2018-10-10,0.5656072789135717,1.445371458348579
2018-10-12,0.5653921130096788,1.4468824173898178
2018-10-15,0.5646754366390313,1.4487164479958141
2018-10-16,0.564307174132708,1.4496612525958976
2018-10-17,0.5640551145105804,1.4503087741662268
2018-10-18,0.5636967704172795,1.4512301550194717
2018-10-19,0.5636482626560528,1.4513550376328535
2018-10-22,0.5638848499591306,1.450745841797593
2018-10-23,0.5638671226102998,1.4507914501830712
2018-10-24,0.5635292212586772,1.4516608471957397
2018-10-25,0.5629943028323042,1.4530388061492696
2018-10-26,0.5626264972675821,1.4539880799802305
2018-10-29,0.5627233013586652,1.453737910471308
2018-10-30,0.5624606609325689,1.4544164150637369
2018-10-31,0.5627984292847186,1.453543010273007
2018-11-01,0.5626274091743622,1.4539847049777
2018-11-02,0.5622082351317458,1.4550679665407693
2018-11-05,0.5621588101388822,1.4551958848446438
2018-11-06,0.5623220345520921,1.45477336457079
2018-11-07,0.5621134617485858,1.4553129595723562
2018-11-08,0.5617376095356893,1.4562860417586656
2018-11-09,0.5616148244525511,1.4566043579968433
2018-11-12,0.5614835471406946,1.4569448388677722
2018-11-13,0.5615708015624833,1.4567184299549183
2018-11-14,0.5613247824701871,1.457356605132245
2018-11-15,0.5611315225973168,1.45785836197789
2018-11-16,0.5610672890087832,1.4580252452670877
2018-11-19,0.5610410060753032,1.4580935457745035
2018-11-20,0.5607551101859716,1.4588365626778739
2018-11-21,0.5600259655455562,1.4607334742558458
2018-11-22,0.5591801392340496,1.462939669830046
2018-11-23,0.5591606572473999,1.4629906390421428
2018-11-26,0.5590148007607888,1.4633722586568099
2018-11-27,0.5589109831423018,1.4636440293194952
2018-11-28,0.5587040063795826,1.4641860481956652
2018-11-29,0.5585893387809302,1.4644865556132063
2018-11-30,0.5588576931448381,1.4637829951783778
2018-12-03,0.5586276151039875,1.4643856250211666
2018-12-04,0.5581998786813779,1.4655068926628514
2018-12-05,0.5581439814430441,1.465653646166726
2018-12-06,0.5576691811609177,1.4669004441038829
2018-12-07,0.5575762310446051,1.4671449413282314
2018-12-11,0.5572547018417262,1.468792623259329
2018-12-12,0.5571127542671432,1.4691667637551344
2018-12-13,0.5570005826399237,1.469462572503516
2018-12-14,0.5569643718203524,1.469558102823839
2018-12-17,0.5567711584596093,1.47006789891533
2018-12-18,0.5562494877080807,1.4714452896331736
2018-12-19,0.5557949627776221,1.4726476432222075
2018-12-20,0.5556755720219944,1.4729639838274173
2018-12-21,0.5556357325386482,1.473069588836991
2018-12-24,0.5553703953710671,1.4737730355188052
2018-12-25,0.5554417114967785,1.473583785634499
2018-12-26,0.5550623090443545,1.4745903382403798
2018-12-27,0.5546806498526646,1.4756042621681915
2018-12-28,0.5547034273360826,1.4755436677493636
2018-12-31,0.5544492607160979,1.4762197658734957
2019-01-01,0.5541227980636809,1.4770889718666558
2019-01-02,0.5540197584100004,1.4773636379454533
2019-01-03,0.5540324423855264,1.4773298145231974
2019-01-04,0.5538189952099913,1.4778989723055216
2019-01-07,0.5536437809419793,1.4783665420148813
2019-01-08,0.5540173549407806,1.4773690065601255
2019-01-09,0.5538268218369904,1.4778770911891594
2019-01-10,0.5536769881504195,1.478276919735088
2019-01-11,0.5532166621446398,1.4795059563836424
2019-01-14,0.5528493271338638,1.480488346057743
2019-01-15,0.5525237156447169,1.4813603087994245
2019-01-16,0.5524014038973629,1.4816882363846116
2019-01-17,0.5525757427935255,1.4812206128598235
2019-01-18,0.5527066430140345,1.480869725027025
2019-01-21,0.5522843949159332,1.4820010565078967
2019-01-22,0.5520956611413625,1.4825075050983099
2019-01-23,0.5521252920372228,1.482427939130693
2019-01-24,0.5518680414905252,1.4831186435836157
2019-01-25,0.5518343352636248,1.4832092274365702
2019-01-28,0.5520348697129727,1.4826702349769048
2019-01-29,0.5513108178014212,1.484614913251293
2019-01-30,0.5505643579754419,1.486625041393184
2019-01-31,0.5502606259956956,1.4874451736091943
2019-02-01,0.550437571550467,1.486966860608041
2019-02-04,0.550040993492247,1.4880381872410622
2019-02-05,0.5489722957680689,1.4909293590682706
2019-02-07,0.5489518196175398,1.4906100046641486
2019-02-08,0.5487695388386892,1.4911049653198982
2019-02-11,0.5484000937755307,1.492108813618866
2019-02-12,0.5479908935205291,1.493222181967911
2019-02-13,0.54805848649755,1.4930379976432695
2019-02-14,0.5480465474040006,1.4930705224937475
2019-02-15,0.5481392194473823,1.4928180514273972
2019-02-18,0.5471791462288175,1.4954327423316724
2019-02-19,0.5470206400486682,1.4958659374438965
2019-02-20,0.5464576705943841,1.4974054165217061
2019-02-21,0.5464466850510709,1.4974355191498616
2019-02-22,0.5464982374022155,1.497294249518603
2019-02-25,0.5467138484322547,1.4967035190581628
2019-02-26,0.5464275648667716,1.4974872592563226
2019-02-27,0.546490030972322,1.4973160706062405
2019-02-28,0.5465357404270013,1.497190832272161
2019-03-01,0.5469496329833243,1.4960570068056172
2019-03-04,0.5465954662301423,1.497025749850174
2019-03-05,0.5466142717121127,1.4969742450491146
2019-03-06,0.5462303433465642,1.498025682790339
2019-03-07,0.5455692721284324,1.4998386572524454
2019-03-08,0.5457399109452121,1.4993695496488675
2019-03-11,0.5456678701612595,1.4995674749895382
2019-03-12,0.5459979743530973,1.4986603050121465
2019-03-13,0.545532306440482,1.4999384746185105
2019-03-14,0.5454112999287535,1.5002711814453622
2019-03-15,0.5458787073871475,1.498985476620558
2019-03-18,0.5460269133871715,1.4985785022532168
2019-03-19,0.5460920871479529,1.4983996319550255
2019-03-20,0.5459241703113432,1.498860372061129
2019-03-21,0.5455637233389812,1.4998499961013958
2019-03-22,0.5457092303861676,1.499449971805756
2019-03-25,0.5453618344892129,1.5004045145162128
2019-03-26,0.5452875816158683,1.500608799706955
2019-03-27,0.5444801984385789,1.5028306847111679
2019-03-28,0.5442855091183999,1.5033680505973646
2019-03-29,0.5447036163701677,1.5022131988265561
2019-04-01,0.5443458590982644,1.5031998412494774
2019-04-02,0.5444934449126656,1.5027922860727994
2019-04-03,0.544184447995422,1.5036451121040266
2019-04-04,0.5438186807794143,1.5046557695907368
2019-04-08,0.5434356493421558,1.5050595968180163
2019-04-09,0.5434887450203512,1.5049125469141058
2019-04-10,0.5432079518776434,1.5056900591025737
2019-04-11,0.5427533452960184,1.5069501596007149
2019-04-12,0.5427072605585392,1.5070781134919276
2019-04-15,0.5428516606024003,1.5066771198780475
2019-04-16,0.5429118298421424,1.5065101210026286
2019-04-17,0.5426435930701712,1.5072544433577284
2019-04-18,0.5428929430489502,1.5065618453647447
2019-04-19,0.5428457848172772,1.5066927124048182
2019-04-22,0.5426255729465709,1.5073039202838474
2019-04-23,0.5423402634222166,1.5080964523464595
2019-04-24,0.5421435613585551,1.5086434257216341
2019-04-25,0.5422484374292329,1.5083515831068348
2019-04-26,0.5419833476108772,1.5090889732394426
2019-04-29,0.542169972639974,1.508569337765803
2019-04-30,0.5420296902656823,1.5089596686567872
2019-05-01,0.541728350747808,1.5097985695273684
2019-05-02,0.5418640580558202,1.509420352845099
2019-05-03,0.5417816383914176,1.5096499416452311
2019-05-06,0.5419922564432815,1.5090630640045455
2019-05-07,0.5419871529345011,1.5090772736477756
2019-05-08,0.5417630224437137,1.509701329454537
2019-05-09,0.5416802912031291,1.509931872069525
2019-05-10,0.541676412859324,1.509942682938994
2019-05-13,0.5410726090971911,1.511625807865462
2019-05-14,0.5405580652632949,1.51306331870138
2019-05-15,0.5407587057653449,1.5125017106089176
2019-05-16,0.5406531575667096,1.5127969288444922
2019-05-17,0.5402226735502537,1.5140014624514766
2019-05-20,0.5397806452918749,1.5152402690814026
2019-05-21,0.5393774424344939,1.516372116270518
2019-05-22,0.5388007461250924,1.5179934043228798
2019-05-23,0.5387271089126755,1.5182008665499933
2019-05-24,0.5386648110717199,1.5183764297146425
2019-05-27,0.5385498827236922,1.5187003871946274
2019-05-28,0.5384762837374022,1.5189079349308008
2019-05-29,0.5385090771298852,1.5188154329106376
2019-05-30,0.5389513114433419,1.5175681516135042
2019-05-31,0.5385060777256575,1.518821831668893
2019-06-03,0.5388204582235493,1.517935141651084
2019-06-05,0.5386311946503669,1.517667994766213
2019-06-06,0.5386337637063364,1.5176607560951885
2019-06-07,0.5385167243991317,1.5179905274081544
2019-06-10,0.5383244725855166,1.5185324538121492
2019-06-11,0.538439706168104,1.5182073971895376
2019-06-12,0.538380331729056,1.5183748118722473
2019-06-13,0.5382486470622181,1.518746197432701
2019-06-14,0.5381657753266278,1.5189800319885134
2019-06-17,0.5376406702289334,1.5204621480848206
2019-06-18,0.5375266515897416,1.5207845958360173
2019-06-19,0.5377867029067579,1.5200488517833726
2019-06-20,0.5373752176257763,1.5212119109023523
2019-06-21,0.537108540985764,1.5219668241693585
2019-06-24,0.5371469020105788,1.5218581232222423
2019-06-25,0.536951208006424,1.5224125684005985
2019-06-26,0.5368976668880351,1.5225643730158898
2019-06-27,0.5369673760999001,1.5223666877417634
2019-06-28,0.5366144637604952,1.5233672364028483
2019-07-01,0.5367212579870635,1.5230640637588404
2019-07-02,0.536714504325377,1.5230832287523268
2019-07-03,0.536499064667488,1.5236946013295436
2019-07-04,0.5363670993288047,1.5240693920558595
2019-07-05,0.5362345809156466,1.5244459387486575
2019-07-08,0.536485858770632,1.5237315881283078
2019-07-09,0.5365843220991389,1.5234519317655812
2019-07-10,0.5365774705509118,1.5234713844479506
2019-07-11,0.5366372131351309,1.5233017610058828
2019-07-12,0.5361534130199724,1.5246750790489796
2019-07-15,0.5366132068444177,1.5233675499563575
2019-07-16,0.5367081694988429,1.5230979646678033
2019-07-17,0.5364630230048719,1.5237936539589898
2019-07-18,0.536807862397178,1.5228141566682207
2019-07-19,0.53646901109826,1.5237754085259965
2019-07-22,0.5366753260412213,1.5231893958579912
2019-07-23,0.5364984892910956,1.523691293093656
2019-07-24,0.5363806946753898,1.5240258376150415
2019-07-25,0.5362909878078103,1.5242807229704616
2019-07-26,0.5361409878088059,1.5247070626109291
2019-07-29,0.5363422734612402,1.5241346354642507
2019-07-30,0.5361524521104564,1.5246740546180184
2019-07-31,0.5360428488761797,1.5249857368773199
2019-08-02,0.5357903543544772,1.5251065131565027
2019-08-05,0.5359490971910545,1.5246546578141777
2019-08-06,0.5364154158467173,1.523328086104088
2019-08-07,0.5362804043319866,1.523711495727042
2019-08-08,0.5365290984930116,1.5230048912175114
2019-08-09,0.5361355858925337,1.524121925907646
2019-08-12,0.5360592925926925,1.5243388118860208
2019-08-13,0.5359970472993711,1.5245158126726466
2019-08-14,0.5362623985746183,1.5237610842332543
2019-08-15,0.5360448844311665,1.5243791391033013
2019-08-16,0.5356284038571985,1.525563506900174
2019-08-19,0.5358009205129893,1.525072149249027
2019-08-20,0.535538640291734,1.5258186882067282
2019-08-21,0.5354510568739533,1.5260682246651134
2019-08-22,0.535602564372193,1.5256364190390084
2019-08-23,0.5357536654055477,1.5252060154995657
2019-08-26,0.5362993615672117,1.5236525047685192
2019-08-27,0.5365276262444196,1.5230039937463138
2019-08-28,0.5361322795258235,1.5241262372280726
2019-08-29,0.5361303152447167,1.5241318213208173
2019-08-30,0.5361659658475092,1.5240304724199616
2019-09-02,0.535817060777585,1.525022221229877
2019-09-03,0.5355489222209959,1.5257853870323494
2019-09-04,0.5356665883499482,1.5254501548011659
2019-09-05,0.5352665663375951,1.526589321689561
2019-09-06,0.5353961309192131,1.526219801306249
2019-09-09,0.5354236082392576,1.526141473452316
2019-09-10,0.535188808414663,1.5268107337254135
2019-09-11,0.5355260460565582,1.5258486469938408
2019-09-12,0.5356731083426703,1.5254296294839726
2019-09-13,0.5359816181459212,1.524551089965121
2019-09-16,0.5357894458353136,1.5250977066692746
2019-09-17,0.535939514174588,1.5246705446901616
2019-09-18,0.5360561949438057,1.5243386047468415
2019-09-19,0.5361360447970723,1.5241115423323672
2019-09-20,0.5361360447970723,1.5249796002357094
2019-09-23,0.5361695013068781,1.5248844368990075
2019-09-24,0.5361695013068781,1.524450976368817
2019-09-25,0.5361695013068781,1.525119207098189
2019-09-26,0.5361695013068781,1.5240794127394386
2019-09-27,0.5361695013068781,1.5243156368802346
2019-10-01,0.5361695013068781,1.5247389253740473
2019-10-02,0.5361695013068781,1.5245971925210247
2019-10-03,0.5361695013068781,1.5259131708106453
2019-10-04,0.5361695013068781,1.5259310981827738
2019-10-07,0.5361695013068781,1.5265001254630943
2019-10-08,0.5361695013068781,1.526403456250021
2019-10-09,0.5361695013068781,1.5249970920999594
2019-10-10,0.5361695013068781,1.5248011170296982
2019-10-11,0.5361695013068781,1.526908922246593
2019-10-14,0.5361695013068781,1.5250964203803128
2019-10-15,0.5362400411933371,1.525297066124001
2019-10-16,0.5364272193585237,1.5258294812445992
2019-10-17,0.5362638347031298,1.5253647450884416
2019-10-18,0.5362846182811968,1.5254238625138743
2019-10-21,0.5366213330250851,1.526381623910861
2019-10-22,0.5364943178263061,1.526020338115008
2019-10-23,0.5364859323145978,1.5259964861169772
2019-10-24,0.5362928024510579,1.5254471418091875
2019-10-25,0.5363809976915608,1.525698006965183
2019-10-28,0.5366594498679625,1.526490044588439
2019-10-29,0.5367265075565425,1.5266807854652757
2019-10-30,0.5367085717037857,1.5266297681941159
2019-10-31,0.53645515035881,1.5259089290096257
2019-11-01,0.5363056464189679,1.525483675572177
2019-11-04,0.5360801550607103,1.5248422812696902
2019-11-05,0.5361888839237372,1.525151552870164
2019-11-06,0.5359503224940175,1.5244729816690428
2019-11-07,0.5361522292747936,1.5250472913003468
2019-11-08,0.5362985821292812,1.525463581697222
2019-11-11,0.536544066707155,1.5261618453061394
2019-11-12,0.5363322892084619,1.5255594591122457
2019-11-13,0.5360490441020395,1.5247537883367872
2019-11-14,0.5359001665835255,1.5243303167107298
2019-11-15,0.5354416203989601,1.5230260143530705
2019-11-18,0.5356771974317929,1.5236960966472355
2019-11-19,0.5355520410375689,1.5233400980901497
2019-11-20,0.5355605251459681,1.52336423053953
2019-11-21,0.5353011370513048,1.5226264193553878
2019-11-22,0.5352288734003628,1.522420870484916
2019-11-25,0.5352203894267092,1.5223967384188097
2019-11-26,0.5350111305321308,1.521801516217106
2019-11-28,0.5352090773139172,1.5213859486176495
2019-11-29,0.535278201563453,1.5215824412901584
2019-12-02,0.535495849303088,1.522201127009188
2019-12-03,0.5360487437921575,1.5237727855299292
2019-12-04,0.5358873474262322,1.5233140000315424
2019-12-05,0.5357909780860163,1.5230400604324272
2019-12-06,0.535676317495572,1.522714126104038
2019-12-09,0.5360983767434607,1.5239138722153047
2019-12-10,0.5361707753299364,1.5241196725218256
2019-12-11,0.5365788279716318,1.5252796034379592
2019-12-12,0.5362770538628828,1.5244217800037763
2019-12-13,0.5363570071113248,1.524649055201231
2019-12-16,0.5361417529320136,1.524037173419575
2019-12-17,0.5358285691473804,1.5231469168273903
2019-12-18,0.5359140578536203,1.52338992712365
2019-12-19,0.5359360282553505,1.5234523802132827
2019-12-20,0.535860038553388,1.523236371797683
2019-12-23,0.5359379354908349,1.5234578017230997
2019-12-24,0.5358403691645269,1.5231804595699208
2019-12-25,0.5358975357108693,1.5233429612613585
2019-12-26,0.5361647900261385,1.524102658690256
2019-12-27,0.5366674195130948,1.5255314338572505
2019-12-30,0.5365022961323429,1.525062053942162
2019-12-31,0.5363958857746118,1.5247595717349245
2020-01-01,0.5362337671774172,1.5242987332210873
2020-01-02,0.536014352587546,1.5236750250515116
2020-01-03,0.5356048596228754,1.5225109998716058
2020-01-06,0.5356616783862189,1.5226725129546843
2020-01-07,0.5356318930052938,1.5225878449960595
2020-01-08,0.5354581915103004,1.5220940809234038
2020-01-09,0.5357882289097429,1.5230322456207408
2020-01-10,0.5354847608345455,1.5221696069155521
2020-01-13,0.5354600681688364,1.5220994155151515
2020-01-14,0.5352843563285927,1.5215999368327382
2020-01-15,0.5354647754691332,1.522112796492476
2020-01-16,0.5356988716709458,1.5227782386293132
2020-01-17,0.535910121052596,1.5233787363684579
2020-01-20,0.5357599124305146,1.5229517531637957
2020-01-21,0.5357040692629231,1.5227930133103422
2020-01-22,0.5352178022278754,1.5214107500682643
2020-01-23,0.535279755334037,1.5215868580402376
2020-01-27,0.535019416706719,1.521750734204488
2020-01-28,0.5350435238382729,1.521819301893802
2020-01-29,0.5348258937032978,1.5212002985317896
2020-01-30,0.5346244924251765,1.520627454755881
2020-01-31,0.5349356897734565,1.521512590469539
2020-02-03,0.5352478398365182,1.5224004359809602
2020-02-04,0.5356841808128747,1.5236415165481316
2020-02-05,0.5356181981678617,1.523453842726663
2020-02-06,0.5354313514545638,1.5229223963636598
2020-02-07,0.534936888944764,1.521516001261299
2020-02-10,0.5346120291173376,1.5205920054857014
2020-02-11,0.5344379693211575,1.5200969288317308
2020-02-12,0.5346189874619751,1.5206117970404198
2020-02-13,0.5348079717392944,1.5211493232568214
2020-02-14,0.534547803298081,1.520409328587338
2020-02-17,0.5344717814133981,1.520193100250161
2020-02-18,0.5345063593507423,1.520291449954672
2020-02-19,0.5343889768768688,1.519957580079632
2020-02-20,0.5343490199119721,1.51984393085725
2020-02-21,0.5340879862521474,1.5191014752545438
2020-02-24,0.5338864790239684,1.5185283301258743
2020-02-25,0.5337447157085347,1.5181251140507037
2020-02-26,0.5335676670860491,1.5176215363059635
2020-02-27,0.53369436503603,1.5179819021027647
2020-02-28,0.5338720488570666,1.5184872865368162
2020-03-02,0.5338311215864266,1.518370877482863
2020-03-03,0.5341062861121337,1.5191535253755306
2020-03-04,0.5340420616235685,1.5189708522620393
2020-03-05,0.5345034358777888,1.5202831347478312
2020-03-06,0.5345039056794673,1.5202844710003611
2020-03-09,0.5346670323093244,1.5207484505513864
2020-03-10,0.5344016342408747,1.5199935813019565
2020-03-11,0.534677761415115,1.5207789672468637
2020-03-12,0.5350190610789166,1.5217497226956487
2020-03-13,0.5347539841288698,1.5209957668002954
2020-03-16,0.5348170732462517,1.521175210588125
2020-03-17,0.5346427524071671,1.520679391452257
2020-03-18,0.5345144938993317,1.5203145869753132
2020-03-19,0.5343670609537889,1.5198952448241319
2020-03-20,0.5344452889084427,1.5201177478655399
2020-03-23,0.5347255017174457,1.5209147545432762
2020-03-25,0.5343480615961347,1.520055871141842
2020-03-26,0.5338667456023756,1.5186866751911678
2020-03-27,0.5340159605639785,1.5191111458587871
2020-03-30,0.5337886049193241,1.518464388983761
2020-03-31,0.5342223510863683,1.5196982634097882
2020-04-01,0.5344411589699328,1.520320704533783
2020-04-02,0.534552738773395,1.5206381147529704
2020-04-03,0.5346515859328532,1.520919304516495
2020-04-06,0.5348346770317487,1.5214401423744983
2020-04-07,0.5345525172228938,1.5206374845099426
2020-04-08,0.5343866889567759,1.5201657541011884
2020-04-09,0.5340672662520052,1.519257094759724
2020-04-10,0.5337862512924928,1.518457693639395
2020-04-13,0.5337810532811177,1.5184429068959278
2020-04-14,0.5335902301767078,1.5179000738605812
2020-04-15,0.5332598102382493,1.516960130771996
2020-04-16,0.5336310501277484,1.5180161940651786
2020-04-17,0.5332872093257117,1.5170380727479371
2020-04-20,0.5335733583496032,1.5178520787021992
2020-04-21,0.5338595975115751,1.518666341071574
2020-04-22,0.5338372827385746,1.5186028624063546
2020-04-23,0.5339948664185035,1.519051139503415
2020-04-24,0.5339232427608579,1.5188473922286674
2020-04-27,0.5338674689467596,1.5186887328834404
2020-04-28,0.5339287077458965,1.5188629384300867
2020-04-29,0.534036093244854,1.5191684171431155
2020-04-30,0.5340474411552323,1.5192006984575535
2020-05-01,0.5339744077787353,1.5189929409662997
2020-05-04,0.5338620620378433,1.5186733518907247
2020-05-05,0.533234433442299,1.5168879415933545
2020-05-06,0.5328766816573813,1.5158702478087989
2020-05-07,0.5328783956478674,1.515875123584513
2020-05-08,0.5333432835349542,1.5171975866249479
2020-05-11,0.5331197069569273,1.516561580032046
2020-05-12,0.5332433053352076,1.5169131793997077
2020-05-13,0.5333492544866217,1.5172145721457926
2020-05-14,0.5331596772378879,1.5166752831866224
2020-05-15,0.5329636853985098,1.516117746690181
2020-05-18,0.5329236327502388,1.5160038092259422
2020-05-19,0.5330371665248966,1.5163267778921448
2020-05-20,0.5327917616814524,1.515628676598449
2020-05-22,0.5327480099057582,1.5158142933482124
2020-05-25,0.5328371086249939,1.5160678036563229
2020-05-26,0.5327096756641794,1.5157052219106295
2020-05-27,0.532425792856119,1.514897497414071
2020-05-28,0.5325625555470923,1.5152866248024788
2020-05-29,0.5318474776116137,1.513252031833003
2020-06-01,0.5322243269471326,1.5143242716135317
2020-06-02,0.5323066199551838,1.514558417805591
2020-06-03,0.5321155276464415,1.5140147077446344
2020-06-04,0.5317025565254019,1.5128396915711855
2020-06-05,0.5316539489146198,1.5127013895788384
2020-06-08,0.5315105140028805,1.5122932778912546
2020-06-09,0.5313679465077636,1.5118876342420118
2020-06-10,0.5313196285771913,1.5117501564693596
2020-06-11,0.5308750255434316,1.5104851388232905
2020-06-12,0.5305190084277743,1.509472172425377
2020-06-15,0.5302981074523638,1.5088436485271817
2020-06-16,0.5302799213323364,1.50879190402478
2020-06-17,0.5300171511515133,1.5080442507467737
2020-06-18,0.5302204573279939,1.5086227126133698
2020-06-19,0.5300733555661044,1.5082041677307931
2020-06-22,0.5296710257466233,1.5070594289806332
2020-06-23,0.5296888047040159,1.507110014993599
2020-06-24,0.5291660244404701,1.5056225616741519
2020-06-25,0.5292959128609737,1.5059921298765266
2020-06-26,0.5288241567454941,1.5046498542611848
2020-06-29,0.5289924122810336,1.5051285874351497
2020-06-30,0.528751011420901,1.504441735739016
2020-07-01,0.5282538980367263,1.5030273117352926
2020-07-02,0.5281069770880908,1.5026092813160457
2020-07-03,0.5278550603761372,1.5018925091355542
2020-07-06,0.5277577177530036,1.5016155426584312
2020-07-07,0.5273121487352884,1.500347776522908
2020-07-08,0.5269655694861559,1.4993616634453466
2020-07-09,0.526912589538695,1.4992109209552222
2020-07-10,0.526721293942756,1.4986666324864013
2020-07-13,0.5262930608487361,1.4974481918113904
2020-07-14,0.5263823827595346,1.497702337160749
2020-07-15,0.5262955013289079,1.4974551356472345
2020-07-16,0.526239728653897,1.4972964470808057
2020-07-17,0.5262084554412861,1.4972074662084363
2020-07-21,0.5261233719423649,1.495193087331093
2020-07-22,0.5255816110338775,1.493653453837211
2020-07-23,0.5252015755715393,1.4925734288344614
2020-07-24,0.5252063399565798,1.4925869687681685
2020-07-27,0.5249556624440266,1.491874566879358
2020-07-28,0.5246422157572496,1.4909837809072664
2020-07-29,0.5242987670448159,1.4900077320030185
2020-07-30,0.5237504586071274,1.488449491047612
2020-07-31,0.5233993495000898,1.4874516720231437
2020-08-03,0.5230201611764721,1.4863740545088775
2020-08-04,0.5228374537585786,1.485854817229549
2020-08-05,0.5229658393682057,1.486219677044308
2020-08-06,0.5230129454077256,1.486353547973481
2020-08-07,0.5226714936113185,1.4853831741165664
2020-08-10,0.522462418131084,1.4847890012866787
2020-08-11,0.5227052922100043,1.4854792265518155
2020-08-12,0.5224426711803989,1.4847328823120527
2020-08-13,0.5221281641478607,1.4838390829371417
2020-08-14,0.5220786432233099,1.4836983491320774
2020-08-17,0.5215544819435801,1.4822087321260788
2020-08-18,0.5213528645362411,1.4816357544371652
2020-08-19,0.5208322618660276,1.4801562506643609
2020-08-20,0.5207660328246193,1.4799680339642953
2020-08-21,0.5202852713796471,1.4786017552024833
2020-08-24,0.5198858765343972,1.4774667126562293
2020-08-25,0.5194538212789461,1.4762388522992362
2020-08-26,0.519735704679192,1.4770399383827624
2020-08-27,0.5196629794990826,1.476833260268135
2020-08-28,0.5196138491620937,1.4766936364761474
2020-08-31,0.5195951659188877,1.4766405404580263
2020-09-01,0.5193798067336629,1.4760285099301815
2020-09-02,0.5194545363534706,1.4762408844737087
2020-09-03,0.5191581930688861,1.4753987047603234
2020-09-04,0.5193690206897887,1.4759978570090218
2020-09-07,0.5189280978231019,1.4747447957358026
2020-09-08,0.5188364461556358,1.4744843303260802
2020-09-09,0.5186196027954866,1.4738680819128385
2020-09-10,0.5183936678283809,1.4732259960086225
2020-09-11,0.5179941613345501,1.4720906361676132
2020-09-14,0.5184665206146352,1.473433036767899
2020-09-15,0.5183159572415693,1.4730051498375345
2020-09-17,0.5182402383039788,1.4725844164121114
2020-09-18,0.5175102322704542,1.4705100975356513
2020-09-21,0.5173637225515217,1.4700937888181749
2020-09-22,0.5170652242145989,1.4692456030410224
2020-09-23,0.5168143610480191,1.4685327730396969
2020-09-24,0.516541468092596,1.467757345190212
2020-09-25,0.5165412325882246,1.4677566760023686
2020-09-28,0.516356560207989,1.467231927730859
2020-09-29,0.5158007747935146,1.4656526583501126
2020-09-30,0.5154705096929028,1.4647142070209813
2020-10-01,0.5158360932821078,1.4657530161611614
2020-10-02,0.5158857507778024,1.465894118393125
2020-10-05,0.5155456303787933,1.4649276631427108
2020-10-06,0.5151526125218203,1.463810899277666
2020-10-07,0.5149911988351967,1.4633522407985493
2020-10-08,0.5152996000332437,1.4642285656469112
2020-10-09,0.5150513963035649,1.4635232924600652
2020-10-12,0.5151853059011237,1.4639037978164582
2020-10-13,0.515346748853679,1.46436253945499
2020-10-14,0.5158682380189052,1.4658443557272134
2020-10-15,0.515394153983092,1.464497241567392
2020-10-16,0.5150818890558975,1.4636099378970258
2020-10-19,0.5148636492305652,1.4629898074207113
2020-10-20,0.5141668788984103,1.4610099280961968
2020-10-21,0.5138828894664939,1.460202969506423
2020-10-22,0.5134067099804568,1.4588499011054663
2020-10-23,0.5135545645805327,1.4592700313151143
2020-10-26,0.5132365423483322,1.4583663682094787
2020-10-27,0.5134931696224647,1.4590955769755727
2020-10-28,0.5131182681183148,1.458030290894146
2020-10-29,0.5128548052694702,1.4572816587794692
2020-10-30,0.5125406151930365,1.4563888847797857
2020-11-02,0.5122719069147509,1.4556253477289784
2020-11-03,0.5118230749278917,1.4543499874991377
2020-11-04,0.5116176834750524,1.4537663657917512
2020-11-05,0.5110885454651163,1.4522628152567458
2020-11-06,0.5111371494537188,1.4524009239385915
2020-11-09,0.5112353268659549,1.4526798959608636
2020-11-10,0.5110213395735624,1.4520718490961149
2020-11-11,0.5112137596625954,1.4526186125536222
2020-11-12,0.5108602016578827,1.4516139742226781
2020-11-16,0.5111059001876137,1.4520494309430867
2020-11-17,0.5110271132969229,1.4518255977614476
2020-11-18,0.5107315840614213,1.4509860006093123
2020-11-19,0.510745554203327,1.451025689716006
2020-11-20,0.5107561744644626,1.4510558618273688
2020-11-23,0.5101866608075479,1.4494378762374278
2020-11-24,0.5102679740940961,1.4496688868976784
2020-11-25,0.5100951412949556,1.4491778697375397
2020-11-26,0.5095722472105912,1.4476923301314306
2020-11-27,0.5098775168871285,1.4485595998302099
2020-11-30,0.5095221308929107,1.447549949911319
2020-12-01,0.5094579491995067,1.4473676100256907
2020-12-02,0.5092048600963753,1.4466485850877182
2020-12-03,0.5092748724640872,1.446847489891317
2020-12-04,0.5089971605855368,1.4460585117655171
2020-12-07,0.5085658824855974,1.4448332527353136
2020-12-08,0.5082485618341679,1.4439317462741954
2020-12-09,0.5080271275869352,1.443302652631239
2020-12-10,0.5078554045673191,1.4428147883494495
2020-12-11,0.5079071032580206,1.4429616640837855
2020-12-14,0.5074563644570734,1.4416811172945996
2020-12-15,0.5076555030701713,1.4422468691470463
2020-12-16,0.5075063614724302,1.4418231585773769
2020-12-17,0.5073120430607639,1.441271100894266
2020-12-18,0.5072887162488604,1.4412048295326212
2020-12-21,0.5072704856119006,1.4411530363797471
2020-12-22,0.5074469659083208,1.4416544160623053
2020-12-23,0.5072383954209471,1.4410618682999112
2020-12-24,0.5069832103563269,1.44033688874532
2020-12-25,0.5067679678143538,1.4397253857075505
2020-12-28,0.5062967320755027,1.4383866072152895
2020-12-29,0.5059252081642701,1.4373311095509325
2020-12-30,0.5057214629383641,1.436752270333413
2020-12-31,0.5056231768806922,1.4364730401111447
2021-01-01,0.5052121037897342,1.4353051834153359
2021-01-04,0.504848000201883,1.4342707668544046
2021-01-05,0.5048950593757694,1.4344044617435407
2021-01-06,0.5048566253622652,1.4342952708940178
2021-01-07,0.5049614408147177,1.4345930510957958
2021-01-08,0.5051233199524467,1.4350529489559747
2021-01-11,0.5046807528147479,1.433795617823202
2021-01-13,0.5044072648889231,1.4322271664587396
2021-01-14,0.5044548235118432,1.432362205655212
2021-01-15,0.504016072786237,1.431116405381786
2021-01-18,0.5041129769077265,1.4313915574761353
2021-01-19,0.5038060057344208,1.4305199355064857
2021-01-20,0.5036363049452541,1.4300380826519923
2021-01-21,0.5035160259582937,1.4296965593539153
2021-01-22,0.5032729059844798,1.4290062381483282
2021-01-25,0.5031256338468739,1.4285880697930644
2021-01-26,0.5029103279840749,1.427976724700986
2021-01-27,0.5027035775354126,1.4273896720753327
2021-01-28,0.5027255907013146,1.4274521768337276
2021-01-29,0.5020389881698506,1.4255026196671816
2021-02-01,0.5015870444105934,1.4242193587493157
2021-02-02,0.5013603966777131,1.4235758092550022
2021-02-03,0.5012841606101712,1.4233593425730213
2021-02-04,0.5009280641039934,1.4223482328497281
2021-02-05,0.5007531844258133,1.4218516749224623
2021-02-08,0.5005228908741923,1.421197773395163
2021-02-09,0.5005649156558831,1.4213170996582676
2021-02-10,0.5003960394775049,1.4208375882251911
2021-02-11,0.5009412308001671,1.4223856187108468
2021-02-12,0.5006629004589106,1.4215953202680103
2021-02-15,0.5007465897553782,1.4218329498429316
2021-02-16,0.5002060742543329,1.4202981960073389
2021-02-17,0.49998168350475464,1.4196610550503805
2021-02-18,0.5003055281813092,1.4205805880860054
2021-02-19,0.5003300949846086,1.4206503437091447
2021-02-22,0.5004701177078551,1.4210479278878725
2021-02-23,0.5002377095809545,1.420388022180277
2021-02-24,0.49991421445812695,1.4194694816766373
2021-02-25,0.49965212623547656,1.418725301529725
2021-02-26,0.49971038715495114,1.4188907291066508
2021-03-01,0.49947512769401975,1.4182227272467123
2021-03-02,0.49961584816463583,1.4186222926275511
2021-03-03,0.4992285617512518,1.417522621466845
2021-03-04,0.4987930576839111,1.4162860398397228
2021-03-05,0.49866334163939835,1.415917720713872
2021-03-08,0.49833207250326866,1.4149771064737526
2021-03-09,0.4983083354256916,1.4149097067955072
2021-03-10,0.4978045055657744,1.4134791191278109
2021-03-12,0.4977072663128594,1.4131891493988304
2021-03-15,0.497716548210784,1.4132155044037114
2021-03-16,0.49773060803820535,1.4132554258533248
2021-03-17,0.4975316867152906,1.4126906089937885
2021-03-18,0.49707329386942595,1.4113890491416752
2021-03-19,0.4970900645744355,1.4114366678524142
2021-03-22,0.49687199491739276,1.4108174812461407
2021-03-23,0.49682405317191375,1.4106813555371147
2021-03-24,0.4966044094294879,1.4100576994755325
2021-03-25,0.4963925472533121,1.4094561383796744
2021-03-26,0.49655984416466725,1.4099311609398362
2021-03-29,0.4962825087884687,1.4091436953533043
2021-03-30,0.49619639626756856,1.408899187610701
2021-03-31,0.49584845173317266,1.4079112345027553
2021-04-01,0.495930865819066,1.40814524091541
2021-04-02,0.49576889241426925,1.4076853339105442
2021-04-05,0.4953996439443379,1.4066368904449607
2021-04-06,0.49518610472185676,1.4060305675467297
2021-04-07,0.49521934937575757,1.4061249623593999
2021-04-08,0.49498271935681054,1.405453075493702
2021-04-09,0.49507015787037856,1.4057013482575884
2021-04-12,0.4950450540174631,1.4056300684211274
2021-04-13,0.49478306180650933,1.4048861681914004
2021-04-14,0.4943139783508497,1.4035542534403629
2021-04-15,0.49424168138352254,1.403348973556631
2021-04-16,0.49442362800257483,1.4038655924714387
2021-04-19,0.49415310973813087,1.4030974833802081
2021-04-20,0.49411260905832033,1.4029824858201452
2021-04-21,0.4943232794265896,1.4035806628986989
2021-04-22,0.49400673224399366,1.4026818593770396
2021-04-23,0.49395417093788613,1.4025326168955712
2021-04-26,0.4934604200372946,1.4011306614441448
2021-04-27,0.49341180050628686,1.4009926112320632
2021-04-28,0.4940160756739024,1.4027083890957293
2021-04-29,0.493675756549894,1.4017420875648223
2021-04-30,0.49333200560642315,1.4007660417316814
2021-05-03,0.4932888116134336,1.4006433967828458
2021-05-04,0.493201222341193,1.4003946959550457
2021-05-05,0.49230086516796767,1.3978382233577868
2021-05-06,0.4920016878075682,1.396988739679169
2021-05-07,0.49160247279852176,1.3958552092743566
2021-05-11,0.49189100953540293,1.3969094335954895
2021-05-12,0.4915424120844526,1.3959194600885132
2021-05-13,0.4914165037790622,1.395561896123817
2021-05-14,0.4913527635296943,1.3953808817244566
2021-05-17,0.49116635861601915,1.3948515148986076
2021-05-18,0.49089158661368987,1.3940711965055061
2021-05-19,0.49064076640074744,1.3933588982223424
2021-05-20,0.4907432245605576,1.393649866683268
2021-05-21,0.49047536877099635,1.3928891894762692
2021-05-24,0.490702666437256,1.3935346866455145
2021-05-25,0.49105938237864544,1.3945477156580013
2021-05-26,0.4906084473294501,1.3932671160699852
2021-05-27,0.49012639615637643,1.3918981505510213
2021-05-28,0.4900743787986449,1.3917504277093404
2021-05-31,0.4899580333250773,1.3914200210004717
2021-06-01,0.4898222262450371,1.3910343457440029
2021-06-02,0.4895368795046784,1.3902239964070038
2021-06-03,0.48961335571578146,1.390441179357423
2021-06-04,0.4894840560999488,1.3900739844918621
2021-06-07,0.488981290699623,1.3886461931377085
2021-06-08,0.48854152252454763,1.3873973060866156
2021-06-09,0.4884073475373876,1.3870162657714178
2021-06-10,0.488158174001593,1.3863086438470353
2021-06-11,0.48825177947666115,1.3865744717817285
2021-06-14,0.4877839538088078,1.3852459049324997
2021-06-15,0.4876384433130122,1.3848326731792786
2021-06-16,0.4874096330358972,1.3841828803828875
2021-06-17,0.4874284505979411,1.3842363199242227
2021-06-18,0.48692244375565263,1.382799323277091
2021-06-21,0.4867080230895425,1.3821903951905012
2021-06-22,0.4864381098707648,1.381423875139812
2021-06-23,0.48639097087938543,1.3812900062532671
2021-06-24,0.486149455030548,1.3806041312096828
2021-06-25,0.4860678430592032,1.3803723633374185
2021-06-28,0.4861453881320697,1.3805925817226221
2021-06-29,0.48575812095522486,1.3794927909922174
2021-06-30,0.4856924120653218,1.379306185898005
2021-07-01,0.48557237075028703,1.3789652834579469
2021-07-02,0.48534875464190536,1.37833024145627
2021-07-05,0.48507491898851324,1.3775525821779686
2021-07-06,0.48492326674977704,1.3771219086368593
2021-07-08,0.4846997524943357,1.3765417101216315
2021-07-09,0.4848296186592627,1.376910528533103
2021-07-12,0.48443396218074697,1.3757868686947101
2021-07-13,0.4839795591163041,1.3744963692294354
2021-07-14,0.4843051425092722,1.3754210223125805
2021-07-15,0.4839812331181156,1.3745011233752844
2021-07-16,0.4839979926231236,1.3745487201763262
2021-07-19,0.48376207696206125,1.3738787224182254
2021-07-20,0.4833057212085544,1.372582677338517
2021-07-21,0.48324833699265446,1.3724197068268087
2021-07-22,0.4834030178820669,1.3728589987697883
2021-07-23,0.4832219737165557,1.3723448354265684
2021-07-26,0.4829584713779755,1.3715964918222987
2021-07-27,0.4827816341666788,1.371094276180556
2021-07-28,0.48235944422508503,1.3698952616128635
2021-07-29,0.4822123326539402,1.3694774664465152
2021-07-30,0.4825305837838144,1.37038129598699
2021-08-02,0.482373861509984,1.3699362065357938
2021-08-03,0.48241441686079956,1.3700513832646428
2021-08-04,0.4822860297545737,1.3696867653628342
2021-08-05,0.48279064515287606,1.37111986727749
2021-08-06,0.48216257811206237,1.3693361641210853
2021-08-09,0.4818576650397436,1.368470214510325
2021-08-10,0.48157689053910546,1.367672818164901
2021-08-11,0.481068961175525,1.3662303046270543
2021-08-12,0.4803370257691025,1.3641516165095744
2021-08-13,0.48006949312918995,1.3633918268959768
2021-08-16,0.47997649408947124,1.3631277106951425
2021-08-17,0.4797331835378067,1.3624367115329699
2021-08-18,0.4796994757949181,1.3623409819317036
2021-08-19,0.47969032296162717,1.3623149879906589
2021-08-20,0.47965360705337,1.3622107152344198
2021-08-23,0.4796545724182735,1.3622134568596183
2021-08-24,0.47992137057629786,1.3629711605531196
2021-08-25,0.47979714170305865,1.3626183519850625
2021-08-26,0.4800393109648421,1.3633061098971282
2021-08-27,0.4799083276887587,1.3629341189028492
2021-08-30,0.4797669604488156,1.362532637570901
2021-08-31,0.4795188611384757,1.3618280383892885
2021-09-01,0.4794587358665608,1.3616572833100928
2021-09-02,0.47854504570773526,1.359062413790811
2021-09-06,0.47871763343697055,1.3584498660468662
2021-09-07,0.47867322993045386,1.358323862880769
2021-09-08,0.47864505545768216,1.3582439126009185
2021-09-09,0.47868456329362935,1.3583560233958873
2021-09-10,0.47865433593447115,1.3582702476710522
2021-09-13,0.47844462629931833,1.3576751577769601
2021-09-14,0.4782714154935495,1.3571836400649318
2021-09-15,0.4778444681303346,1.3559720979201306
2021-09-16,0.4774155826270545,1.354755055944264
2021-09-17,0.4770844474555039,1.3538153986222499
2021-09-20,0.477193676184501,1.354125355352294
2021-09-21,0.4770336780138159,1.3536713309371615
2021-09-22,0.4768728569054395,1.3532149712840547
2021-09-23,0.4767958045451615,1.3529963209541165
2021-09-24,0.47674419208481716,1.3528498610475996
2021-09-27,0.4761146041192338,1.3510632886972747
2021-09-28,0.47597046179951036,1.3506542581931877
2021-09-29,0.47565820299781403,1.3497681660634895
2021-09-30,0.47576753841501196,1.3500784255410447
2021-10-01,0.47600352372696325,1.350748077530063
2021-10-04,0.47605906675646076,1.3509056911538584
2021-10-05,0.4759361988123427,1.3505570306271293
2021-10-06,0.47599835659052564,1.3507334148243024
2021-10-07,0.4758189314560745,1.3502242628047483
2021-10-08,0.4761853978500096,1.351264179007913
2021-10-11,0.4761481581732202,1.3511585045342511
2021-10-12,0.4757949972241959,1.3501563449930396
2021-10-13,0.4754525691378309,1.3491846419356162
2021-10-14,0.4752724925955973,1.3486736414259437
2021-10-15,0.47525338169627873,1.3486194107128762
2021-10-18,0.47525868625227324,1.3486344633720575
2021-10-19,0.47500182361521376,1.3479055681099366
2021-10-20,0.47480887305160696,1.3473580351824288
2021-10-21,0.4744917416442544,1.3464581161325615
2021-10-22,0.47452114793308764,1.34654156191842
2021-10-25,0.47455711141285717,1.3466436149468928
2021-10-26,0.4742725146001645,1.3458360188295238
2021-10-27,0.4742287248424573,1.3457117572892408
2021-10-28,0.4740656189808255,1.3452489142260045
2021-10-29,0.47371579442172557,1.3442562223085637
2021-11-01,0.4735088269076977,1.3436689136905613
2021-11-03,0.473776816320067,1.3440523323546913
2021-11-04,0.47378738038629775,1.3440823014400654
2021-11-05,0.47358188053887385,1.3434993211427726
2021-11-08,0.4734705300383698,1.3431834321107305
2021-11-09,0.4728195229689026,1.3413365971877114
2021-11-10,0.4725080809413221,1.3404530706639481
2021-11-11,0.47211654453182444,1.3393423252533252
2021-11-12,0.471996973343395,1.3390031150405097
2021-11-15,0.4717876334861023,1.3384092410607011
2021-11-16,0.47156654142318544,1.3377820273757077
2021-11-17,0.4712867763452639,1.336988364848249
2021-11-18,0.47148659939846904,1.3375552407093447
2021-11-19,0.47167520135293584,1.3380902835566428
2021-11-22,0.4715600108989379,1.3377635010020141
2021-11-23,0.471762620552358,1.338338282139158
2021-11-24,0.47156460192607413,1.3377765252373035
2021-11-25,0.47131924824535676,1.3370804840308523
2021-11-26,0.4717775957019498,1.3383807649792696
2021-11-29,0.47139315696261574,1.3372901548724627
2021-11-30,0.47093438471419696,1.335988668836704
2021-12-01,0.470777995327625,1.3355450094752979
2021-12-02,0.4705361164838827,1.3348588259963252
2021-12-03,0.47044050266032217,1.3345875801731124
2021-12-06,0.4701839337170773,1.3338597225095472
2021-12-07,0.46988010881816666,1.3329978049358253
2021-12-08,0.4701889482154465,1.3338739480858028
2021-12-09,0.47007193292185134,1.3335419886634332
2021-12-10,0.47006001681964077,1.333508184001793
2021-12-13,0.4700191810095478,1.3333923373332597
2021-12-14,0.47001773839548366,1.3333882447970047
2021-12-15,0.4694353554170071,1.331736088816421
2021-12-16,0.469082212394717,1.3307342611912314
2021-12-17,0.469075411769667,1.3307149685714892
2021-12-20,0.4693576671463444,1.3315156958005874
2021-12-21,0.46938712925714177,1.3315992765444509
2021-12-22,0.46897252834317843,1.330423099690258
2021-12-23,0.46881272462085155,1.3299697542366313
2021-12-24,0.46827055054646316,1.328431666461708
2021-12-27,0.4679105427951352,1.3274103643608657
2021-12-28,0.4677062740532827,1.3268308765736698
2021-12-29,0.46740509264348284,1.3259764582856506
2021-12-31,0.46723931754726755,1.3257151818519348
2022-01-03,0.46676474850891586,1.3243686697855224
2022-01-04,0.46654512665865583,1.3237455286879698
2022-01-05,0.4663377124902274,1.3231570248919704
2022-01-06,0.46614774161394334,1.3226180135858983
2022-01-07,0.46622185073335476,1.3228282860972809
2022-01-10,0.4661166740337598,1.3225298644058827
2022-01-11,0.46599184003343735,1.3221756683371368
2022-01-12,0.46608022402013427,1.3224264434508661
2022-01-13,0.46585633026043527,1.3217911815086285
2022-01-14,0.46577242244943684,1.3215531068117035
2022-01-17,0.46525790679923384,1.3200932527644131
2022-01-18,0.46525013369672724,1.3200711978567543
2022-01-19,0.4648497442481282,1.3189351582497977
2022-01-20,0.4643992596850963,1.317656981944909
2022-01-21,0.4642170911201597,1.3171401084218066
2022-01-24,0.46433625101935966,1.317478205156188
2022-01-25,0.46475650753701286,1.3186706143238276
2022-01-26,0.4650064250865692,1.3193797145155608
2022-01-27,0.4649519616524797,1.3192251834247115
2022-01-28,0.464567892650907,1.3181354504182161
2022-01-31,0.46423042506242335,1.3171779413032207
2022-02-01,0.46394610600884745,1.316371232467599
2022-02-02,0.4641764872899246,1.317024901691203
2022-02-03,0.4642364112327276,1.317194926082873
2022-02-04,0.46374987516174354,1.3158144595176704
2022-02-07,0.4635103361741597,1.3151348067989046
2022-02-08,0.46325783671456744,1.3144183808595207
2022-02-09,0.46298290678101134,1.3136383121170738
2022-02-10,0.46237501536046066,1.3119135195859744
2022-02-11,0.4622528108520431,1.311566784270654
2022-02-14,0.46210561944521,1.3111491527157986
2022-02-15,0.4619119692345193,1.3105997018998248
2022-02-16,0.46139108966422127,1.309121791269603
2022-02-17,0.4615115491533597,1.3094635753779849
2022-02-18,0.4612642320957198,1.3087618536569505
2022-02-21,0.46109362529354175,1.3082777847456226
2022-02-22,0.46091632866316873,1.3077747345404076
2022-02-23,0.46093683751397585,1.3078329250518996
2022-02-24,0.46092015476512127,1.307785590479228
2022-02-25,0.46063080562149633,1.306964609585383
2022-03-01,0.4604309370981339,1.3046648624124695
2022-03-02,0.460429651717575,1.304661220192291
2022-03-03,0.46036416743376385,1.3044756656666392
2022-03-04,0.4603107325521881,1.3043242540068178
2022-03-07,0.46057071383922354,1.3050609300699376
2022-03-08,0.46057761175651724,1.305080475824994
2022-03-09,0.460343865430416,1.304418138449699
2022-03-10,0.46052320333574936,1.3049263055704006
2022-03-11,0.46009258958483745,1.30370612989405
2022-03-14,0.45994457174520964,1.303286710478861
2022-03-15,0.4599733297497641,1.3033681983960106
2022-03-16,0.45993426173459273,1.3032574963068775
2022-03-17,0.459343824602207,1.3015844493458237
2022-03-18,0.45913245140694847,1.3009855078792758
2022-03-21,0.45897680124149454,1.300544461708538
2022-03-22,0.4588056309762356,1.3000594381956077
2022-03-23,0.4587407243821841,1.2998755205963004
2022-03-24,0.4586906436788388,1.2997336132467394
2022-03-25,0.4590266526134087,1.3006857192306527
2022-03-28,0.45837295511291704,1.2988334193723645
2022-03-29,0.45840669706337367,1.29892902966612
2022-03-30,0.4581978057492507,1.2983371207919747
2022-03-31,0.4580521711238905,1.2979244543893749
2022-04-01,0.45816896907592314,1.2982554099610815
2022-04-04,0.45806421691477983,1.2979585870221912
2022-04-05,0.45852874691776296,1.2992748668887182
2022-04-06,0.4580238283289727,1.2978441429992131
2022-04-07,0.4581008038966407,1.298062258921296
2022-04-08,0.4581630624922834,1.2982386732227114
2022-04-11,0.4580903826778524,1.2980327296327945
2022-04-12,0.45757296247682466,1.2965665815072192
2022-04-13,0.45754687357174617,1.2964926566793846
2022-04-14,0.4576082661447446,1.296666617042059
2022-04-15,0.4571785471903235,1.2954489768372561
2022-04-18,0.45692096254850184,1.2947190918442975
2022-04-19,0.4566117163857223,1.293842820139018
2022-04-20,0.45638058648403235,1.2931878965943748
2022-04-21,0.4557706319254212,1.291459545573256
2022-04-22,0.45524781128740693,1.2899780949130109
2022-04-25,0.45534469028828206,1.2902526086742798
2022-04-26,0.4549178678001074,1.2890431758192276
2022-04-28,0.45483028952234594,1.2881176349308674
2022-04-29,0.45495864328064356,1.288481143569983
2022-05-02,0.45476825621074507,1.2879419513748973
2022-05-03,0.4549156737247344,1.288359450173552
2022-05-04,0.454716846234973,1.287796353999505
2022-05-05,0.4545355941078661,1.2872830327307294
2022-05-06,0.4550255573247057,1.2886706497707936
2022-05-09,0.4548416905589409,1.2881499236254261
2022-05-10,0.45456721466265587,1.2873725848014452
2022-05-11,0.45458886443782726,1.2874338987856564
2022-05-12,0.45450257771843267,1.2871895275389014
2022-05-13,0.45449917696196507,1.2871798963105532
2022-05-16,0.45444861490087163,1.2870367003008474
2022-05-17,0.45456474369620287,1.2873655868166212
2022-05-18,0.4548292308641261,1.2881146367217464
2022-05-19,0.4549944658936487,1.2885825962229924
2022-05-20,0.45487487396865256,1.2882439018327294
2022-05-23,0.4547074539809893,1.287769754346256
2022-05-24,0.4547912137442658,1.2880069690407465
2022-05-25,0.4550361949930414,1.288700776542236
2022-05-26,0.4550925835277886,1.2888604736153841
2022-05-27,0.4551039593658353,1.288892690945535
2022-05-30,0.45527370874745804,1.2893734354716229
2022-05-31,0.45571063397487094,1.2906108444646953
2022-06-01,0.4556219788611411,1.2903597657259813
2022-06-02,0.4557505835184936,1.290723984932323
2022-06-03,0.45579467217838104,1.2908488477253466
2022-06-06,0.45538039918273493,1.2896755917578784
2022-06-07,0.45527876739296896,1.289387761981184
2022-06-08,0.45527257420296047,1.2893702223461811
2022-06-09,0.4555220311567546,1.290076705420727
2022-06-10,0.45556438667181576,1.2901966598018306
2022-06-13,0.455379627009621,1.2896734048986733
2022-06-14,0.45584324266206033,1.2909864034203071
2022-06-15,0.45574169683248983,1.2906988170901161
2022-06-16,0.45566050043845313,1.2904688620729132
2022-06-17,0.45569847628533694,1.290576412865372
2022-06-20,0.45564151352786,1.2904150895451565
2022-06-21,0.4557209702569198,1.2906401176848246
2022-06-22,0.455448304756162,1.289867906053246
2022-06-23,0.4557215181046741,1.2906416692357434
2022-06-27,0.4558839049070124,1.2916686672500983
2022-06-28,0.4562489052694956,1.2927028330249366
2022-06-29,0.4561542179285781,1.2924345527234566
2022-06-30,0.45578746117987584,1.2913954105302312
2022-07-01,0.45609249814873737,1.2922596803383786
2022-07-04,0.4562101896266342,1.2925931389070302
2022-07-05,0.45632231636278847,1.2929108307366661
2022-07-06,0.4566401194543875,1.2938112711587895
2022-07-07,0.45706510434152714,1.295015392771473
2022-07-08,0.45711115281135806,1.2951458631939097
2022-07-11,0.4573304850345243,1.2957673033398167
2022-07-12,0.45697423449364855,1.2947579286802005
2022-07-13,0.45700342900577073,1.2948406463110664
2022-07-14,0.45705773142998535,1.2949945028941983
2022-07-15,0.45687029751199487,1.294463441111928
2022-07-18,0.4572734194547505,1.2956056178304602
2022-07-19,0.4576338340712045,1.296626790682324
2022-07-20,0.4577712814144249,1.2970162240988663
2022-07-21,0.45740864935542497,1.29598876850478
2022-07-22,0.45746751512350525,1.2961555545382075
2022-07-25,0.4575545874450079,1.2964022589913788
2022-07-26,0.4576080732561442,1.2965538018417486
2022-07-27,0.45755729090721897,1.2964099187867646
2022-07-28,0.4575694211275588,1.2964442876806235
2022-07-29,0.45794175637572226,1.2974992355929953
2022-08-01,0.4580274782310044,1.2977421137323082
2022-08-02,0.4584086945770814,1.2988222247087455
2022-08-03,0.4585071746745702,1.2991012511339053
2022-08-04,0.4587763470667939,1.2998639048301242
2022-08-05,0.45837528490713797,1.298727564152879
2022-08-08,0.45836697255892284,1.2987040125433023
2022-08-09,0.4585785845153682,1.2993035786407536
2022-08-10,0.4587189636524566,1.2997013187911757
2022-08-11,0.45872584689767776,1.299720821283116
2022-08-12,0.458407134295561,1.2988178039193072
2022-08-15,0.45864126736894717,1.299481179729694
2022-08-16,0.4589896216676104,1.3004681817445534
2022-08-17,0.45883356785835466,1.3000260301053947
2022-08-18,0.45903705190997734,1.3006025671819115
2022-08-19,0.4591645920533665,1.3009639302510156
2022-08-22,0.4591995368440801,1.3010629403076606
2022-08-24,0.458935770587641,1.3005373006933496
2022-08-25,0.45917251683602367,1.3012081948501215
2022-08-26,0.45921472990690954,1.3013278187207855
2022-08-29,0.4591530124934626,1.3011529232268315
2022-08-30,0.4591193714553387,1.3010575908781281
2022-08-31,0.45899490717956504,1.3007048826265133
2022-09-01,0.45892847133018455,1.3005166159762325
2022-09-02,0.45883075715206595,1.3002397124494336
2022-09-05,0.4588334455892516,1.300247330972688
2022-09-06,0.458866382957634,1.300340669254237
2022-09-07,0.45920917852979704,1.3013120871664638
2022-09-08,0.45932381401379113,1.3016369424784096
2022-09-09,0.45930919534102754,1.3015955159206336
2022-09-12,0.45930644331590015,1.3015877172011612
2022-09-13,0.45967254878680364,1.3026251909641853
2022-09-14,0.459721981241332,1.3027652732046624
2022-09-15,0.45984902579773435,1.3031252934842752
2022-09-16,0.4597139144014703,1.3027424133039722
2022-09-19,0.459760987433574,1.3028758093868908
2022-09-20,0.45996915185073817,1.3034657080318632
2022-09-21,0.45988244490490704,1.3032199969225762
2022-09-22,0.4600501971867013,1.303695375208018
2022-09-23,0.4601578952238951,1.304000571105916
2022-09-26,0.4603199532640086,1.3044598129858307
2022-09-27,0.4602039270372866,1.304131016571645
2022-09-28,0.46010023029394737,1.3038371595848595
2022-09-29,0.45982735577186823,1.3030638847235028
2022-09-30,0.46003698807851734,1.3036579430900548
2022-10-03,0.46011225203504924,1.3038712269287545
2022-10-04,0.46042877314574504,1.3047681879792947
2022-10-05,0.4604899731315228,1.304941617180954
2022-10-06,0.46066533066468524,1.3054385473124697
2022-10-07,0.4607372408334254,1.305642327149953
2022-10-10,0.4601530896002552,1.3039869528760955
2022-10-11,0.4601614180405162,1.3040105541029123
2022-10-12,0.4604975443124773,1.30496307247791
2022-10-13,0.4605210760927818,1.3050297570991556
2022-10-14,0.4611233789084353,1.3067365695297208
2022-10-17,0.46119883000998824,1.3069503837020664
2022-10-18,0.46114605992157737,1.3068008432375013
2022-10-19,0.4608991870565649,1.3061012521616813
2022-10-21,0.46108523435591264,1.3063207158602186
2022-10-24,0.4613110548404484,1.3069604977379157
2022-10-25,0.46148620109812827,1.3074567122502547
2022-10-26,0.4618004454027091,1.3083470115145295
2022-10-27,0.4617602596364747,1.3082331594650531
2022-10-28,0.4618025156408651,1.3083528767966692
2022-10-31,0.4619687388872641,1.308823811136026
2022-11-01,0.46213968287883633,1.3093081200247167
2022-11-02,0.4620925755727297,1.3091746582583224
2022-11-03,0.461771485138958,1.3082649629264247
2022-11-04,0.4619927204066011,1.308891754225879
2022-11-07,0.46237234115685694,1.3099672743537838
2022-11-08,0.46237234115685694,1.3100239903418405
2022-11-09,0.46237234115685694,1.3100700710079576
2022-11-10,0.46237234115685694,1.3101069991603802
2022-11-11,0.46237234115685694,1.3104154054080595
2022-11-14,0.46237234115685694,1.3110240761596705
2022-11-15,0.46237234115685694,1.3110813748311727
2022-11-16,0.46237234115685694,1.3108386568980557
2022-11-17,0.46237234115685694,1.3122885213053253
2022-11-18,0.46237234115685694,1.3125526110030536
2022-11-21,0.46237234115685694,1.3126566618657765
2022-11-22,0.46237234115685694,1.31355434619055
2022-11-23,0.46237234115685694,1.3126392155643327
2022-11-24,0.46237234115685694,1.3134002399257818
2022-11-25,0.46237234115685694,1.3131807417637098
2022-11-28,0.46237234115685694,1.313264250512515
2022-11-29,0.46237234115685694,1.3135353189896548
2022-11-30,0.46237234115685694,1.314337146672866
2022-12-01,0.46230808384416183,1.314519804166628
2022-12-02,0.46248815160968965,1.314007802209167
2022-12-05,0.46248815160968965,1.3143670726074526
2022-12-06,0.46248815160968965,1.3152528084710071
2022-12-07,0.46248815160968965,1.3146255530018764
2022-12-08,0.46248815160968965,1.3153450507146291
2022-12-09,0.46248815160968965,1.3161545913031067
2022-12-12,0.46248815160968965,1.3162018017702832
2022-12-13,0.46248815160968965,1.3156430355235422
2022-12-14,0.46248815160968965,1.315108866251636
2022-12-15,0.4625832556217589,1.3153792994055515
2022-12-16,0.46248377236262955,1.3150964136371934
2022-12-20,0.4628552359055582,1.3164443137619881
2022-12-21,0.4628552359055582,1.316501981789275
2022-12-22,0.4628552359055582,1.316916234992686
2022-12-23,0.4628552359055582,1.3178240538384103
2022-12-26,0.4628552359055582,1.3176778559100446
2022-12-27,0.46298461156490744,1.3173095432537456
2022-12-28,0.46305936865577296,1.317096840224826
2022-12-29,0.4629332271900343,1.3174556290480126
2022-12-30,0.4629332271900343,1.3173559631544238
2023-01-02,0.462957799345203,1.3172860388689378
2023-01-03,0.4628015408611222,1.3177306520060867
2023-01-04,0.4625274412630369,1.3185110933188524
2023-01-05,0.4626924657907909,1.3180406635646325
2023-01-06,0.46247858208412757,1.3186499395816396
2023-01-09,0.4624801720107175,1.3186454062763515
2023-01-10,0.46219170678622057,1.3194678920090903
2023-01-11,0.462644864012613,1.3181742158104965
2023-01-12,0.46233552161179403,1.3190555985045136
2023-01-13,0.46215145333868446,1.3195807502066927
2023-01-16,0.462057993205342,1.3198476068658669
2023-01-17,0.46206872034023083,1.3198169652937706
2023-01-18,0.4621046392716481,1.3197143692664421
2023-01-19,0.4622231617485078,1.3193758835588771
2023-01-20,0.46222611743631475,1.3193674468046543
2023-01-23,0.4618048866807075,1.3205697980469933
2023-01-24,0.46168398464788934,1.3209155275480597
2023-01-25,0.4615438282598772,1.321316526403048
2023-01-26,0.46190328769813305,1.3202874590268692
2023-01-27,0.46144840099492124,1.321587690537499
2023-01-30,0.46160047011300576,1.321152164757936
2023-01-31,0.46145725846870245,1.3215620524988294
2023-02-01,0.4615779638058918,1.3212163658935459
2023-02-02,0.4614514338586268,1.3215785440090775
2023-02-03,0.4611679213608813,1.3223905125207924
2023-02-06,0.46131374636396466,1.3219723620128458
2023-02-07,0.4613867494306096,1.3217631594100459
2023-02-08,0.46160939691757236,1.3211253273826504
2023-02-09,0.4614392489105104,1.3216122906962966
2023-02-10,0.461122914496878,1.3225183069270656
2023-02-13,0.46083862229806766,1.323333667920031
2023-02-14,0.46103514239393945,1.3227693452988207
2023-02-16,0.46087027490377785,1.3230003988076355
2023-02-17,0.46065703871513375,1.3236125267273096
2023-02-20,0.46057004009162195,1.3238625011295446
2023-02-21,0.460206219000056,1.3249082684576767
2023-02-22,0.4600925541206989,1.325235503362978
2023-02-23,0.4598917069554413,1.3258140169506578
2023-02-24,0.4597222023404322,1.3263026789358991
2023-02-27,0.45969201942206067,1.3263897569262388
2023-02-28,0.45944125673434943,1.3271133045327812
2023-03-01,0.45983727262263463,1.3259693977842117
2023-03-02,0.46010093876627917,1.3252091000473396
2023-03-03,0.4598910481718735,1.3258136389697477
2023-03-06,0.4599169874465301,1.325738858988138
2023-03-07,0.4601011165744521,1.3252080955099
2023-03-08,0.46015841729114026,1.325043054889701
2023-03-09,0.4599356985550331,1.3256843816662707
2023-03-10,0.4599477568439274,1.325649625752983
2023-03-13,0.4597326599591604,1.326269572476386
2023-03-14,0.4592859847862781,1.3275581728786874
2023-03-15,0.45929525413656375,1.32753137998246
2023-03-16,0.4593794727043671,1.3272879574987109
2023-03-17,0.459824245231406,1.3260028734798501
2023-03-20,0.45929541670398283,1.3275278651570255
2023-03-21,0.45937557347310254,1.3272961834534478
2023-03-22,0.45915260755400256,1.3279404097261338
2023-03-23,0.45912937723825636,1.3280075953949126
2023-03-24,0.4584422280365954,1.3299951383495028
2023-03-27,0.45802055832383237,1.3312184520707668
2023-03-28,0.45786842076120776,1.3316606338177175
2023-03-29,0.45782371352665785,1.3317906599597213
2023-03-30,0.4577825617324524,1.3319103688641405
2023-03-31,0.45774673585415804,1.3320146036313918
2023-04-03,0.45818709277937064,1.330733192297898
2023-04-04,0.4582522417789382,1.3305439771551413
2023-04-05,0.4582875889698075,1.3304413459236215
2023-04-06,0.45819026912681793,1.3307238723240924
2023-04-07,0.4577963288320771,1.331867994733067
2023-04-10,0.4580874535779009,1.3310210247880987
2023-04-11,0.45773979080678345,1.3320311953445703
2023-04-12,0.4579091244901546,1.3315384312169958
2023-04-13,0.4581919547031742,1.3307159988215633
2023-04-17,0.45784882176361175,1.3321943673939654
2023-04-18,0.45769858702266053,1.332631502680043
2023-04-19,0.45795704907811374,1.3318789666506334
2023-04-20,0.45779234230292193,1.3323579842571633
2023-04-21,0.457743928769002,1.3324988869165217
2023-04-24,0.4576145330691291,1.3328755595826478
2023-04-25,0.45762223136143054,1.3328531370743626
2023-04-26,0.4576540278771661,1.3327605277498111
2023-04-27,0.4576464255896195,1.3327826668071459
2023-04-28,0.4576464255896195,1.3335789466462817
2023-05-01,0.4576645570915844,1.333526111558014
2023-05-02,0.4575803738487074,1.333771401587125
2023-05-03,0.45742594977167533,1.3342215223296943
2023-05-04,0.45748811882949697,1.3340401874163383
2023-05-05,0.45720214772885837,1.3348740821668024
2023-05-08,0.4568918405275207,1.3357800731876956
2023-05-09,0.45672601283301534,1.3362648910597923
2023-05-10,0.4563637173682384,1.3373248760314573
2023-05-11,0.4562560369778714,1.3376404218542692
2023-05-12,0.45632426989034414,1.3374403782506188
2023-05-15,0.4560570872631734,1.33822346356412
2023-05-16,0.4559227716037698,1.3386175904661193
2023-05-17,0.455652640626286,1.3394107118031338
2023-05-18,0.4553996927905716,1.340154262943796
2023-05-19,0.45493906740281703,1.3415097954283186
2023-05-22,0.45496197715579895,1.3414422398802501
2023-05-23,0.45504135185022165,1.3412082058879113
2023-05-24,0.4550982610897578,1.3410404691783875
2023-05-25,0.4550170421811816,1.3412797973687487
2023-05-26,0.4547742722679972,1.3419954241470387
2023-05-29,0.4548872104583048,1.3416621543385943
2023-05-30,0.4548872104583048,1.3418906719399408
2023-05-31,0.4549295258035079,1.3420154997339573
2023-06-01,0.45496616325549705,1.342123578075
2023-06-02,0.45496616325549705,1.3424199600742937
2023-06-05,0.4546990338579185,1.3432081501952162
2023-06-06,0.4548944008150043,1.3426310245153792
2023-06-07,0.45456970300972255,1.3435893773686618
2023-06-08,0.45416357951100755,1.344789772412943
2023-06-09,0.4541497367870144,1.344830761066565
2023-06-12,0.4541926923808671,1.3447035607198654
2023-06-14,0.45447861357340197,1.345248442228245
2023-06-15,0.45447861357340197,1.3458863823316256
2023-06-16,0.45447861357340197,1.346793581329247
2023-06-19,0.45461059897342554,1.3471847044410328
2023-06-20,0.45461059897342554,1.3475854761165105
2023-06-21,0.4545071067623404,1.3472786979620537
2023-06-22,0.4547010484839239,1.3478535922733812
2023-06-23,0.4546806369802499,1.3477930872038582
2023-06-26,0.4551262492104553,1.349113999146432
2023-06-27,0.4551262492104553,1.3497004453682366
2023-06-28,0.4551262492104553,1.3502714951371706
2023-06-29,0.4554219753386899,1.3493941329502714
2023-06-30,0.4554219753386899,1.349490757245496
2023-07-03,0.45579065338579244,1.3505832113735476
2023-07-04,0.45579065338579244,1.351691793489252
2023-07-05,0.4559234621474808,1.351297936107702
2023-07-06,0.45609926457844063,1.350776880531839
2023-07-07,0.45609926457844063,1.3503281067045336
2023-07-10,0.45609926457844063,1.3501837464961293
2023-07-11,0.45610955259637354,1.3501532910324276
2023-07-12,0.45610955259637354,1.3506658459026986
2023-07-13,0.45610955259637354,1.3507879103403817
2023-07-14,0.45655549400830736,1.3521085848680943
2023-07-17,0.4563762837180718,1.352639323792725
2023-07-18,0.455990400747119,1.3537830302023575
2023-07-19,0.45607079584918525,1.3535443463951757
2023-07-20,0.45607232466575126,1.3535398091149151
2023-07-21,0.4561873270223246,1.353198503012033
2023-07-24,0.4561084676139559,1.3534324254097672
2023-07-25,0.45592454178080205,1.3539781973130234
2023-07-26,0.4558841787893631,1.354098064978346
2023-07-27,0.4555978645739487,1.3549484948530965
2023-07-28,0.4557682888644879,1.3544416528463448
2023-07-31,0.45574356335655153,1.354515131538599
2023-08-01,0.4556898312519926,1.3546748286896426
2023-08-02,0.45592444539899724,1.3539773677027944
2023-08-03,0.45550609571425715,1.355219757775623
2023-08-04,0.45520170570738155,1.3561253776021602
2023-08-07,0.4547518776637293,1.3574654939020452
2023-08-08,0.4548004617314811,1.3573204671330186
2023-08-09,0.4550515052508478,1.3565712451430492
2023-08-11,0.45549833479544855,1.3550786576487641
2023-08-14,0.45549833479544855,1.3568529812428136
2023-08-15,0.45546588957007306,1.3569496301159594
2023-08-16,0.4554103602186964,1.357115066287002
2023-08-17,0.45524614666732827,1.3576044198549428
2023-08-18,0.4550053473044605,1.3583225155087353
2023-08-21,0.45474770406937004,1.3590916550567982
2023-08-22,0.4550443875624173,1.3582049654573007
2023-08-23,0.4550570895157587,1.3581670529886036
2023-08-24,0.4548698449084704,1.358725904751004
2023-08-25,0.4552164995195763,1.3576904248101307
2023-08-28,0.4546532551151679,1.359370310173469
2023-08-29,0.45441249756046426,1.360090152532744
2023-08-30,0.4538683812342449,1.3617187328669036
2023-08-31,0.4537335935079461,1.3621231297789829
2023-09-01,0.45362778266084036,1.3624407774124985
2023-09-04,0.4535484097269656,1.3626791687233204
2023-09-05,0.45348158728241156,1.3628799357224852
2023-09-06,0.453138851218648,1.3639099843896232
2023-09-07,0.4533142176291506,1.3633821461838111
2023-09-08,0.45339961817110275,1.36312529658668
2023-09-11,0.4536061947559573,1.362504233495287
2023-09-12,0.453219954184859,1.363664390519933
2023-09-13,0.45315384628611,1.363863298327552
2023-09-14,0.45296093973182305,1.3644438918093356
2023-09-15,0.45273856390347406,1.3651137494373606
2023-09-18,0.4528994198117528,1.3646287308646632
2023-09-19,0.4528803019294496,1.3646863348498373
2023-09-20,0.45261763035016167,1.3654778559499612
2023-09-21,0.4524804657345044,1.3658916605230507
2023-09-22,0.4521683194772201,1.36683392875776
2023-09-25,0.4523199600515681,1.3663755430790934
2023-09-26,0.45220592351500505,1.3667200265163473
2023-09-27,0.4523877936088877,1.3661703532665992
2023-09-28,0.45229914241142266,1.3664380718909062
2023-09-29,0.4520858301607674,1.3670825081791158
2023-10-02,0.451871254363335,1.3677313735046321
2023-10-03,0.4520147890318768,1.3672969204000043
2023-10-04,0.4517933175086458,1.367966848329395
2023-10-05,0.45180222145233107,1.3679398884357694
2023-10-06,0.45180144705609465,1.3679422331066253
2023-10-10,0.4517421891475916,1.3693438458859366
2023-10-11,0.4515644230630673,1.36988269946149
2023-10-12,0.4516259309694989,1.3696961067792561
2023-10-13,0.4512732755406857,1.3707656440550344
2023-10-16,0.4514115241692546,1.3703457067783302
2023-10-17,0.45145737495051674,1.3702065179940595
2023-10-18,0.4513662675814877,1.3704830355964015
2023-10-19,0.4514109543721326,1.370347353129871
2023-10-20,0.4515677197342751,1.3698714608259877
2023-10-23,0.4515974061746486,1.3697814043280054
2023-10-24,0.45146401550076043,1.3701860037834155
2023-10-25,0.4511967868289964,1.3709970384911419
2023-10-26,0.4508336455001024,1.372100472072676
2023-10-27,0.45084020776701117,1.3720804999840504
2023-10-30,0.4509481080280682,1.3717521179063452
2023-10-31,0.45084928519939793,1.3720527299326795
2023-11-01,0.4511115017379587,1.3712547361698488
2023-11-02,0.45104459579946,1.3714581117980267
2023-11-03,0.4509769037353207,1.3716639380762548
2023-11-06,0.45113520753916375,1.371182450848875
2023-11-07,0.4510860750450897,1.3713317843801869
2023-11-08,0.4510860750450897,1.3718249953677883
2023-11-09,0.45088819589400153,1.3724267775564711
2023-11-10,0.4507534726673398,1.3728368520838443
2023-11-13,0.4504839869772709,1.373657610899626
2023-11-14,0.4502031468579465,1.3745139746739399
2023-11-15,0.45024604110536454,1.3743830143665305
2023-11-16,0.45024604110536454,1.3744754981365708
2023-11-17,0.45024604110536454,1.3756298759039662
2023-11-20,0.45024604110536454,1.3748776925690163
2023-11-21,0.45024604110536454,1.374599111098732
2023-11-22,0.4499087068120023,1.3756289911586663
2023-11-23,0.44971051972592396,1.3762349627639157
2023-11-24,0.4495696772199039,1.3766659786564197
2023-11-27,0.44988998991340784,1.375685121605727
2023-11-28,0.44988998991340784,1.3762365286569227
2023-11-29,0.44988998991340784,1.3760443800567632
2023-11-30,0.44969865043448704,1.3754591445090627
2023-12-01,0.44996549454853313,1.3762753203558626
2023-12-04,0.45014584964214055,1.3768269587975646
2023-12-05,0.45046091019658757,1.3777906106125513
2023-12-07,0.4506299098350625,1.3785661002923135
2023-12-08,0.4506299098350625,1.3781939507553238
2023-12-11,0.4505404346530891,1.377920302353726
2023-12-12,0.4508352290413772,1.3788218932907412
2023-12-13,0.45129444236082017,1.3802263385020994
2023-12-14,0.45143174096817534,1.3806462487343636
2023-12-15,0.451398094798807,1.3805433462281662
2023-12-18,0.4516310624225395,1.3812558479124586
2023-12-19,0.4517957403942304,1.3817594944291538
2023-12-20,0.4519597300412049,1.3822610357927296
2023-12-21,0.45182942749892924,1.3818625221308245
2023-12-22,0.45199611607957846,1.3823723178378935
2023-12-25,0.452193044579366,1.382974598470437
2023-12-26,0.4524991458716634,1.3839107701273894
2023-12-27,0.4527608504794166,1.384711160202301
2023-12-28,0.45256586565366197,1.3841148240482217
2023-12-29,0.4526636122581366,1.3844137695377547
2024-01-01,0.45295242226117644,1.3852970579977968
2024-01-02,0.45295242226117644,1.3859435496564685
2024-01-03,0.45295242226117644,1.385640563325058
2024-01-04,0.45272537094401916,1.384945983719017
2024-01-05,0.4527284493326947,1.3849554009116598
2024-01-08,0.45290631346158894,1.3854995104905998
2024-01-09,0.4530887198714118,1.3860575154996013
2024-01-10,0.4536993846878737,1.3879256188559337
2024-01-11,0.45374826775037624,1.3877760791892175
2024-01-12,0.45374826775037624,1.3879865968620224
2024-01-15,0.45374970828601385,1.387982190356699
2024-01-16,0.45342453496522833,1.3889768681929324
2024-01-17,0.4532185909637788,1.3896077371294326
2024-01-18,0.452957900292606,1.390407037469008
2024-01-19,0.45311282263131913,1.3899314853042952
2024-01-22,0.45282807624748306,1.390804949802435
2024-01-23,0.45304738198877237,1.3901313795745622
2024-01-24,0.4530118003682133,1.3902405582813413
2024-01-25,0.45268210998571035,1.3912523397427918
2024-01-26,0.4524886742118658,1.3918468363376755
2024-01-29,0.4523965187609893,1.392130304808963
2024-01-30,0.4519160586171672,1.3936087934770442
2024-01-31,0.4521446320596127,1.3929039237268477
2024-02-01,0.45220443121617293,1.3927197028517069
2024-02-05,0.4521153917755856,1.3926976310102386
2024-02-06,0.4518260496168545,1.3935889214779962
2024-02-07,0.45162406055002075,1.3942119261189145
2024-02-08,0.4517436905376841,1.3938426155128356
2024-02-09,0.45145905317832197,1.3947208561828353
2024-02-12,0.45097246831956855,1.3962240934000945
2024-02-13,0.45083081316004076,1.3966626619615503
2024-02-14,0.4507861017713895,1.3968011767331028
2024-02-15,0.4508441117763382,1.3966214275286435
2024-02-16,0.4509513502664166,1.3962892249575396
2024-02-19,0.4508545032466442,1.3965890942230323
2024-02-20,0.450795675102396,1.396771323177382
2024-02-21,0.450842947957147,1.396624850237361
2024-02-22,0.4505883703435754,1.3974134827823288
2024-02-23,0.4506245232443671,1.3973013614886314
2024-02-26,0.45074496240407963,1.39692790244865
2024-02-27,0.45045200362497645,1.3978358267227533
2024-02-28,0.4501555623931507,1.398755738657941
2024-02-29,0.4498460204821083,1.3997175695461874
2024-03-01,0.4496141499561592,1.4004390458608673
2024-03-04,0.44979240601034004,1.3998838214791165
2024-03-05,0.4496624202600602,1.4002883746605574
2024-03-06,0.4494193980227215,1.4010451673085456
2024-03-07,0.4491875360253087,1.4017679868672626
2024-03-08,0.44927846486000184,1.4014842275922752
2024-03-11,0.44916674716357713,1.4018327210139014
2024-03-12,0.44890839273811234,1.4026390355719636
2024-03-13,0.448787967414165,1.403015311139479
2024-03-14,0.4490119940885213,1.4023149517781603
2024-03-15,0.448851779114355,1.4028153211596692
2024-03-18,0.449123235278798,1.4019669278052853
2024-03-19,0.4491686176564431,1.4018252638084892
2024-03-20,0.4489706791903651,1.4024430165443669
2024-03-21,0.44920257941585773,1.4017186332675708
2024-03-22,0.4488419792124779,1.4028438717399205
2024-03-25,0.4484866217900316,1.4039545320734987
2024-03-26,0.4481351504094809,1.4050547874961663
2024-03-27,0.44817363821253825,1.40493411525723
2024-03-28,0.44852982797978,1.4038175320563542
2024-03-29,0.44863673820459105,1.4034829223189778
2024-04-01,0.44876106988723935,1.40309397202035
2024-04-03,0.4484063141430634,1.4051254175459398
2024-04-04,0.4479052102477654,1.4066956760322864
2024-04-05,0.448136796434173,1.4059683540909584
2024-04-08,0.44806159478541574,1.406204289053607
2024-04-09,0.4477536723292982,1.4071706782365403
2024-04-10,0.44769743979615595,1.4073474021289185
2024-04-11,0.44734931855048393,1.408441729429395
2024-04-12,0.44727540162596124,1.4086744506534847
2024-04-15,0.4472617806755146,1.4087173492453102
2024-04-16,0.4472134055700263,1.4088697138186257
2024-04-17,0.44713085206698283,1.409129784578489
2024-04-18,0.44673835666565137,1.410366731118343
2024-04-19,0.4466073150646966,1.4107804334826497
2024-04-22,0.44684747448348705,1.4100217978814908
2024-04-23,0.44667787148287785,1.4105569780973386
2024-04-24,0.4466836025941646,1.410538879911747
2024-04-25,0.4462911289940612,1.4117782342759315
2024-04-26,0.4462356915781208,1.4119536026220727
2024-04-29,0.4459124047195076,1.4129765285182176
2024-04-30,0.4459344138586693,1.412906787473297
2024-05-01,0.4458971044257987,1.413024999365677
2024-05-02,0.44604414453295665,1.4125590368257517
2024-05-03,0.4461807600310255,1.4121263947683838
2024-05-06,0.44609791351107553,1.4123885973732833
2024-05-07,0.44609791351107553,1.412810022830231
2024-05-08,0.44595487603699613,1.413263028259979
2024-05-09,0.44586296522262464,1.4135543002312663
2024-05-10,0.44563257901219205,1.4142847116892092
2024-05-13,0.44529167600814595,1.4153666207091018
2024-05-14,0.44500847882008915,1.416266767441346
2024-05-15,0.4447489824335971,1.4170926306011542
2024-05-16,0.444291118105881,1.4185515123305092
2024-05-17,0.44424930810494295,1.4186850050735424
2024-05-20,0.4444895476418618,1.4179178137185207
2024-05-21,0.4442304732509441,1.418744258785473
2024-05-22,0.4441250037423376,1.4190810980363182
2024-05-23,0.4444406483710439,1.418072541160395
2024-05-24,0.44463081337394916,1.417465783497931
2024-05-27,0.44476890180840706,1.4170255629260464
2024-05-28,0.4445605957507645,1.4176892222048125
2024-05-29,0.4447864396807287,1.4169690132873538
2024-05-31,0.4445851577119371,1.4184966371973715
2024-06-03,0.443952447706126,1.4205153663429486
2024-06-04,0.44415946174042964,1.4198529832019247
2024-06-05,0.44411877562693086,1.419983045273325
2024-06-06,0.44391135469526033,1.4206462331914471
2024-06-07,0.4437358128277844,1.4212080185347578
2024-06-10,0.44348341839035604,1.4220163936713528
2024-06-11,0.4435858668110666,1.4216878958567447
2024-06-12,0.4436905970889817,1.42135223645102
2024-06-13,0.4433815807881484,1.4223421627942217
2024-06-14,0.44322261622858866,1.4228521117980797
2024-06-17,0.4430047394117985,1.4235515492309425
2024-06-18,0.44299608193020223,1.4235793691846415
2024-06-19,0.44301286238189896,1.4235254447690193
2024-06-20,0.44279257201605904,1.4242332999299836
2024-06-21,0.44265868513272627,1.424663944366493
2024-06-24,0.44267605704922824,1.4246080341496234
2024-06-25,0.44275866083472654,1.4243422008961681
2024-06-26,0.44263712496149404,1.4247331783935737
2024-06-27,0.4427742776245053,1.4242917198297125
2024-06-28,0.44240943025140916,1.4254653406084317
2024-07-01,0.44232470981552635,1.4257383140957365
2024-07-02,0.4423007512147192,1.42581553947873
2024-07-03,0.4422489865391466,1.4259824098234555
2024-07-04,0.4423230203894667,1.4257436959507248
2024-07-05,0.4424709252245392,1.4252669529902984
2024-07-08,0.4426030655627339,1.4248413086226142
2024-07-09,0.4424558773569179,1.4253151413908576
2024-07-10,0.442182304533586,1.4261964213270566
2024-07-11,0.441582588264147,1.42813072124932
2024-07-12,0.44158190041049833,1.428132945850003
2024-07-15,0.44151589318228823,1.428346421758285
2024-07-16,0.4415239766307294,1.428320271024337
2024-07-17,0.44157669731811894,1.4281497207700213
2024-07-18,0.4414255399623551,1.4286385947000486
2024-07-19,0.44103656856673334,1.4298974696352573
2024-07-22,0.44076363257537293,1.430782363340754
2024-07-23,0.44076250062994504,1.4307860377989778
2024-07-24,0.44113488930657574,1.4295772042017543
2024-07-25,0.4410777065000418,1.4297625154040072
2024-07-26,0.4411373667857362,1.4295691253530318
2024-07-30,0.4408987671976785,1.429906796622526
2024-07-31,0.4407769656266986,1.4303018190338848
2024-08-01,0.44059205739893187,1.4309018380801455
2024-08-02,0.44059176418506346,1.4309027903448452
2024-08-05,0.44049593289183187,1.4312140200954535
2024-08-06,0.4403264737780248,1.4317646091960643
2024-08-07,0.4401033777586017,1.432490027730003
2024-08-08,0.44021578181713295,1.4321241643872984
2024-08-09,0.44048827714961486,1.4312376737923471
2024-08-12,0.4402984751157017,1.4318543799241352
2024-08-13,0.4401024020328258,1.4324920112546258
2024-08-14,0.43998650602901224,1.432869241869211
2024-08-15,0.43992500508063137,1.4330695271417664
2024-08-16,0.4396600449310216,1.4339326431545585
2024-08-19,0.43903248831580927,1.4359793925154694
2024-08-20,0.43906001478377515,1.4358893594500364
2024-08-21,0.43911797784405066,1.4356997987096174
2024-08-22,0.43878599763381365,1.4367852107060766
2024-08-23,0.43860959955933676,1.437362818346184
2024-08-26,0.4389625490749717,1.4362061712708885
2024-08-27,0.4392507968577277,1.4352630765915777
2024-08-28,0.4392872890785663,1.435143837337996
2024-08-29,0.439238365525114,1.435303669725555
2024-08-30,0.4391828872585767,1.435484956620783
2024-09-02,0.43913776127395077,1.4356324525136388
2024-09-03,0.4392181512898836,1.4353696408724888
2024-09-04,0.4389807647027835,1.4361454227915038
2024-09-05,0.43866816963090427,1.4371680917049596
2024-09-06,0.4387189535841757,1.437001712919661
2024-09-09,0.4387088642097716,1.437034760154531
2024-09-10,0.438772159249079,1.4368274309231193
2024-09-11,0.43852540802265616,1.4376354560524824
2024-09-12,0.4385032732044868,1.437708021515809
2024-09-13,0.4381830341146942,1.4387579801736616
2024-09-16,0.4379342177968193,1.4395749594610119
2024-09-17,0.43758056747996127,1.4407374768434522
2024-09-18,0.43756660564522604,1.4407834462946654
2024-09-19,0.43715794691106374,1.4421290442716785
2024-09-20,0.4371121015601327,1.4422802823141063
2024-09-23,0.43728426889389604,1.4417122048121127
2024-09-24,0.4369598384205006,1.4427818416739424
2024-09-26,0.4375209120046386,1.4402607594432573
2024-09-27,0.43722688381646163,1.4412286612051666
2024-09-30,0.4369938859206165,1.4419966909350892
2024-10-01,0.4374113018318508,1.440619297836155
2024-10-02,0.43697962978655003,1.4420410148247016
2024-10-03,0.4368819271804464,1.4423634352664176
2024-10-04,0.4368391990758723,1.4425045018838756
2024-10-07,0.4370496966976588,1.4418094091181504
2024-10-08,0.4370759434187419,1.441722822238667
2024-10-09,0.43680272147790494,1.442624062202962
2024-10-10,0.4363777284727685,1.444027682430884
2024-10-11,0.4361229818049772,1.4448706705494232
2024-10-14,0.4358612725441721,1.4457377104691802
2024-10-15,0.43580638082560297,1.4459197845200926
2024-10-16,0.4354783492433149,1.4470081287381815
2024-10-17,0.43519863340024173,1.4479375689718164
2024-10-18,0.43552928507797833,1.4468374667433286
2024-10-21,0.4353406959344519,1.4474639638539104
2024-10-22,0.4349649634145676,1.4487132366364908
2024-10-23,0.43510467099543465,1.4482479204876413
2024-10-24,0.43503553895258196,1.4484780268137156
2024-10-25,0.43475801623236354,1.4494020560623277
2024-10-28,0.4349184597581474,1.4488671673024416
2024-10-29,0.4347130192687008,1.449551562212143
2024-10-30,0.43510651951681034,1.4482394347301146
2024-10-31,0.4352958842519472,1.4476091396996542
2024-11-01,0.4351382991078282,1.4481332009259618
2024-11-04,0.43493591275320614,1.448806739431176
2024-11-05,0.43500907234031544,1.4485630389232391
2024-11-06,0.43518643566492954,1.447972426053686
2024-11-07,0.4350683369648547,1.448365369507909
2024-11-08,0.43490813373603626,1.4488986944800795
2024-11-11,0.4350773853246997,1.4483348319380145
2024-11-12,0.4350008152221663,1.4485897271597032
2024-11-13,0.43487923086199404,1.448994613424201
2024-11-14,0.4343953186395392,1.4506069833741695
2024-11-15,0.43451364024045275,1.450211863691235
2024-11-18,0.4344660888942717,1.450370568781202
2024-11-19,0.43432596456971073,1.4508383433705394
2024-11-20,0.4346124412763662,1.4498813860978834
2024-11-21,0.43457481745982385,1.4500069003862426
2024-11-25,0.43479386753243127,1.4500510884767888
2024-11-26,0.43475296810425684,1.4501874893434314
2024-11-27,0.4348730588014432,1.4497869077731536
2024-11-28,0.4347932514232574,1.4500529709143295
2024-11-29,0.434722996613067,1.4502872735303525
2024-12-02,0.4345873022705956,1.4507399658873468
2024-12-03,0.4345028507502858,1.4510218820755403
2024-12-04,0.4340748622788413,1.4524511491937413
2024-12-05,0.43397444781210404,1.452787144479998
2024-12-06,0.43412986100761747,1.4522668781517318
2024-12-09,0.43392566500985014,1.4529499619725967
2024-12-10,0.4337074600083617,1.4536805962129282
2024-12-11,0.43356697018574086,1.454151483499731
2024-12-12,0.43326727125580855,1.4551566514980627
2024-12-13,0.4328345058593127,1.456610122570142
2024-12-16,0.4327070442326797,1.4570390668735178
2024-12-17,0.4327132068060021,1.45701831585917
2024-12-18,0.432709107812297,1.4570321178620003
2024-12-19,0.43263161539561046,1.4572930528364774
2024-12-20,0.4327411397036826,1.4569241269244764
2024-12-23,0.4328026341996092,1.4567170913399934
2024-12-24,0.43283491907487165,1.4566084276538915
2024-12-25,0.43272453381555853,1.4569799043807417
2024-12-26,0.4326574518656483,1.4572057687478577
2024-12-27,0.4326895639236021,1.4570976141884138
2024-12-30,0.4327416410025166,1.4569222427587167
2024-12-31,0.4324410728819931,1.4579341730625361
2025-01-01,0.43250293583321714,1.457725607974038
2025-01-02,0.43255553909437455,1.4575483117882806
2025-01-03,0.43240123093487337,1.4580682718328266
2025-01-06,0.43244309447768203,1.4579271068704054
2025-01-07,0.43214835836035526,1.458920772349891
2025-01-08,0.43165951380083506,1.4605710979117887
2025-01-09,0.4317259743487034,1.4603462207753781
2025-01-10,0.4316299503732831,1.460671029237089
2025-01-13,0.43161318616230643,1.4607277606971754
2025-01-14,0.4316475076139716,1.4606116050771851
2025-01-15,0.43142649896245244,1.4613594555698608
2025-01-16,0.43136263120063917,1.4615757931334004
2025-01-17,0.4308853234363294,1.4631930437335463
2025-01-20,0.43103896816325,1.4626712995863018
2025-01-22,0.43096795135488225,1.4644198513643158
2025-01-23,0.4306966967998677,1.4653415685219082
2025-01-24,0.430757457425931,1.465134845155415
2025-01-27,0.43081229199881693,1.4649483363856437
2025-01-28,0.430891878626346,1.46467770739069
2025-01-29,0.4311117233232046,1.4639304163820885
2025-01-30,0.4309551271714638,1.464462171510097
2025-01-31,0.4310249666468091,1.4642248445512729
2025-02-03,0.4307064866534009,1.4653067454965216
2025-02-04,0.4302815756181993,1.4667523355338452
2025-02-05,0.43037855183479373,1.4664217610908732
2025-02-06,0.4301524370257455,1.4671921983607596
2025-02-07,0.4303271085852725,1.4665964171275172
2025-02-10,0.4302738516511377,1.466777921911276
2025-02-11,0.43034603658475606,1.4665318477737943
2025-02-12,0.42996352137525296,1.4678353818819416
2025-02-13,0.4302847541822543,1.4667387379656631
2025-02-14,0.4301083409677166,1.4673400887993526
2025-02-17,0.4300739823241783,1.4674573053475066
2025-02-18,0.42969507668877394,1.4687501709138138
2025-02-19,0.42961190287010476,1.469034469168584
2025-02-20,0.4292220172172949,1.470367661892495
2025-02-21,0.42928408099751675,1.470155052632596
2025-02-24,0.42916402814994625,1.4705661936654255
2025-02-25,0.429076514895291,1.470866065102341
2025-02-26,0.4292412057181523,1.4703015081196789
2025-02-27,0.4288358169203535,1.4716901067743238
2025-02-28,0.4286604010121342,1.4722921037309935
2025-03-03,0.4286747420988477,1.4722428473297084
2025-03-04,0.42912273922343297,1.4707042435877065
2025-03-05,0.4290232602184434,1.4710451814626158
2025-03-06,0.42895572934381504,1.471276732935306
2025-03-07,0.42878913281056463,1.4718481429582795
2025-03-10,0.42896491685898874,1.4712447521411223
2025-03-11,0.4285345003699943,1.4727209754306745
2025-03-12,0.4284370068996374,1.4730560258843441
2025-03-13,0.42804583866465207,1.474400944078618
2025-03-14,0.4274601460131859,1.476418358383954
2025-03-17,0.42746318189485444,1.4764078726545333
2025-03-18,0.4274810921867194,1.476346012599607
2025-03-19,0.4276006128711429,1.4759332367152533
2025-03-21,0.4282618402946639,1.4739284262808932
2025-03-24,0.4280529369485015,1.4746473990010451
2025-03-25,0.4279813360708154,1.47489406486625
2025-03-26,0.42796028125453517,1.4749666232255785
2025-03-27,0.42790620193161705,1.4751530078033182
2025-03-28,0.4277547873337223,1.4756749906549373
2025-03-31,0.42757091893615856,1.4763093026577272
2025-04-01,0.42793967503927327,1.4750360681103578
2025-04-02,0.4280138153894737,1.4747805187957543
2025-04-03,0.42803032655833384,1.4747236272906161
2025-04-04,0.4274396972213797,1.4767585649670671
2025-04-07,0.42727279039349075,1.4773352102558384
2025-04-08,0.4277353835341512,1.4757357516661838
2025-04-09,0.42755148428895196,1.4763702249907953
2025-04-10,0.4277367201723676,1.475730590343451
2025-04-11,0.427934439834837,1.475048439523898
2025-04-14,0.4277419457176154,1.4757119480448175
2025-04-15,0.4277419457176154,1.4770156101899499
2025-04-16,0.4277419457176154,1.4785852453693067
2025-04-17,0.4278632567197673,1.47816590688806
2025-04-18,0.42769435997326605,1.4787494050233672
2025-04-21,0.42769435997326605,1.4788365413302886
2025-04-22,0.4274232893921768,1.4797738206542888
2025-04-23,0.4272324156998811,1.4804346407357414
2025-04-24,0.42707795766360157,1.4809698647006029
2025-04-25,0.4269401447501129,1.4814477558401031
2025-04-28,0.4265141583759662,1.4829258940891252
2025-04-29,0.4268455226258941,1.4817737901860224
2025-04-30,0.4267077944353634,1.482251907003654
2025-05-01,0.4267077944353634,1.483224079068814
2025-05-02,0.42675783732536715,1.4830501314156244
2025-05-05,0.4266343873781692,1.4834791392612976
2025-05-06,0.4266131787483559,1.4835528852152833
2025-05-07,0.42697459388850834,1.4822960593584105
2025-05-08,0.42697459388850834,1.4833849177093812
2025-05-09,0.42697459388850834,1.4830793856927835
2025-05-12,0.42697459388850834,1.483822572234821
2025-05-13,0.42697459388850834,1.4834172049939964
2025-05-14,0.42697459388850834,1.4831131096489916
2025-05-15,0.42697459388850834,1.483704066292419
2025-05-16,0.42697459388850834,1.4848602076016006
2025-05-20,0.42697459388850834,1.4852381586773562
2025-05-21,0.42697459388850834,1.4849250436286536
2025-05-22,0.42697459388850834,1.484271001899756
2025-05-23,0.42697459388850834,1.4853482550649646
2025-05-26,0.42666736813500816,1.4864170241285208
2025-05-27,0.42639024057675473,1.487382476729791
2025-05-28,0.42662969249372557,1.486547193574998
2025-05-29,0.42656654917886994,1.4867672099478457
2025-05-30,0.4273000468277324,1.4842106563338744
2025-06-02,0.4268938589355756,1.4856215347142743
2025-06-03,0.42679490772827056,1.485965892079416
2025-06-04,0.4266873334084091,1.4863404320921556
2025-06-05,0.4265917183432492,1.4866735015932562
2025-06-06,0.42651509917585734,1.4869405196364525
2025-06-09,0.4265954115893939,1.4866605300601208
2025-06-10,0.4264802160526549,1.4870619798953895
2025-06-11,0.4262716636574731,1.487789165649893
2025-06-12,0.4260402210224307,1.4885969553160674
2025-06-13,0.4255697692088772,1.4902407276707015
2025-06-16,0.4256049844692141,1.4901174124848342
2025-06-17,0.4256828088406685,1.4898449357628698
2025-06-18,0.4257041655593788,1.4897701894997974
2025-06-19,0.4259588436164764,1.4888789325939948
2025-06-20,0.4261598763639981,1.4881762510391163
2025-06-23,0.4262671743279953,1.487801560011965
2025-06-24,0.4262671743279953,1.4889606922787133
2025-06-25,0.42616496501719936,1.4893177116677854
2025-06-26,0.42596501248579904,1.4900164853140312
2025-06-27,0.42598157471375864,1.4899585509955544
2025-06-30,0.4259855997190901,1.4899444727079771
2025-07-01,0.4258514176239215,1.4904137934342285
2025-07-02,0.42582811256824515,1.4904953575079858
2025-07-03,0.42563465580877696,1.491172500217345
2025-07-04,0.4256198724086435,1.4912242925219374
2025-07-07,0.42568933834549577,1.4909809079920973
2025-07-08,0.4255436022922774,1.4914913498880564
2025-07-09,0.42581021152241266,1.4905569089555524
2025-07-10,0.42562817521351487,1.491194130587552
2025-07-11,0.42562817521351487,1.4922163197471905
2025-07-14,0.42560551093503096,1.49229577878726
2025-07-15,0.42564535388806396,1.492156077892657
2025-07-17,0.4252020578655491,1.4933023671744996
2025-07-18,0.4255513500225589,1.4920756590830184
2025-07-21,0.4257084615068044,1.4915247920222214
2025-07-22,0.42546701415724725,1.49237073411733
2025-07-23,0.4251039213594267,1.4936443206638912
2025-07-24,0.4254771092529813,1.4923330883986938
2025-07-25,0.4254010440860885,1.4925998819886666
2025-07-28,0.4251881800832603,1.4933467555328617
2025-07-29,0.4248379427247226,1.4945768598667504
2025-07-30,0.4248369957033214,1.494580191481302
2025-07-31,0.4249342519834815,1.4942380430542712
2025-08-01,0.4251367668698836,1.4935259200702227
2025-08-04,0.4249035480715931,1.4943452289313666
2025-08-05,0.4247714674885782,1.494809743737041
2025-08-06,0.42491512794770425,1.4943041894083544
2025-08-07,0.42508821700050375,1.4936954850348758
2025-08-08,0.4249814315580949,1.4940707128742146
2025-08-11,0.4252624392662835,1.4930827982131973
2025-08-12,0.4252624392662835,1.4938135124514185
2025-08-13,0.4252624392662835,1.4930726940708483
2025-08-14,0.42540052911058235,1.49355751980859
2025-08-15,0.42588380180517693,1.4952542632720713
2025-08-18,0.42588380180517693,1.4952038098769087
2025-08-19,0.42576146982635715,1.49477432361792
2025-08-20,0.42604077671937934,1.4957549214448427
2025-08-21,0.42604077671937934,1.4957457612123377
2025-08-22,0.42604077671937934,1.4955334240078806
2025-08-25,0.4264523111127734,1.4969780355898723
2025-08-26,0.4264523111127734,1.4954947665123257
2025-08-27,0.4267081126391791,1.4963918183843332
2025-08-28,0.4267081126391791,1.496026375187047
2025-08-29,0.42682558939062054,1.4964382453001805
2025-09-01,0.42651363717917723,1.4953445498153897
2025-09-02,0.42638666124152785,1.4948993758285098
2025-09-03,0.42643732585726407,1.495077004514689
2025-09-04,0.4266631050498449,1.4958685798727955
2025-09-05,0.42653019446737483,1.4954025991917936
2025-09-08,0.42697065251724936,1.4969468324516213
2025-09-09,0.42689731029311984,1.4966896967223893
2025-09-10,0.4271631475600058,1.4976217145373525
2025-09-11,0.4270020100921299,1.497056771207632
2025-09-15,0.42671495390839886,1.4963990974719237
2025-09-16,0.42675195087559964,1.4965288380114135
2025-09-17,0.42719603761717095,1.4980861562942624
2025-09-18,0.4275903347439702,1.499468872928104
2025-09-19,0.4274693283259029,1.4990445290115721
2025-09-22,0.4272774706779208,1.4983717248160455
2025-09-23,0.4272168352582848,1.4981590892231584
2025-09-24,0.42709522158737523,1.4977326157993367
2025-09-25,0.42737274099126515,1.4987058176562396
2025-09-26,0.4276074281398131,1.4995288158522455
2025-09-29,0.42763007523099367,1.4996082344113857
2025-09-30,0.4279030004612646,1.5005653254730278
2025-10-01,0.4279030004612646,1.4993696997434733
2025-10-02,0.42771932887839487,1.49872611555322
2025-10-03,0.42771932887839487,1.4982252884429923
2025-10-06,0.4279958055304529,1.4991937373388222
2025-10-07,0.4279958055304529,1.4978857104740735
2025-10-08,0.4279958055304529,1.4968861343478648
2025-10-09,0.4282272200652152,1.4976954908973825
2025-10-10,0.4282272200652152,1.4974929119207212
2025-10-13,0.4282272200652152,1.4975629624149314
2025-10-14,0.4277914272745912,1.4990869831028888
2025-10-15,0.4277609167127624,1.499193899658875
2025-10-16,0.4278333273579144,1.4989401186488742
2025-10-17,0.4276596778518722,1.4995485102690351
2025-10-20,0.4278489018216155,1.4988850141841086
2025-10-21,0.42756782754584105,1.4998697029797023
2025-10-22,0.4272986617897151,1.500813912381542
2025-10-23,0.42726138613462267,1.5009448367835083
2025-10-24,0.4270721227036204,1.5016097084025533
2025-10-27,0.4268633454778009,1.5023437809222
2025-10-28,0.4269299744909467,1.5021092803856957
2025-10-29,0.42699807235552556,1.5018696850410953
2025-10-30,0.42706021180441806,1.5016511235051566
2025-10-31,0.427156584938707,1.5013122513241843
2025-11-03,0.42726625846481037,1.5009267856327013
2025-11-04,0.427053605241544,1.5016738067525026
2025-11-05,0.427303064576661,1.5007966181635357
2025-11-06,0.4271035222849445,1.5014974612452145
2025-11-07,0.4275183338862646,1.500039176464642
2025-11-10,0.4276209901068131,1.500399367689965
2025-11-12,0.42771030902017404,1.5012169733023208
2025-11-13,0.42771030902017404,1.5017037073874082
2025-11-14,0.42771030902017404,1.5019728843484228
2025-11-17,0.42771030902017404,1.501910879060972
2025-11-18,0.42771030902017404,1.5020569726408892
2025-11-19,0.42797309804632677,1.5029798498330955
2025-11-20,0.4280772977814138,1.503345784287641
2025-11-21,0.42816295353847256,1.5036465949635205
2025-11-24,0.4281666962691415,1.503659738894306
2025-11-25,0.4281666962691415,1.5054570728349226
2025-11-26,0.4281666962691415,1.5054368642558509
2025-11-27,0.4282882462917318,1.5058642349188496
2025-11-28,0.42816528136671667,1.5054318894498038
2025-12-01,0.42806821695915204,1.5050906103670814
2025-12-02,0.4282857925589218,1.5058556075784715
2025-12-03,0.4284392968879457,1.5063953297888841
2025-12-04,0.42874836936992716,1.5074820306279646
2025-12-05,0.42853545666170234,1.5067334281733058
2025-12-08,0.4282153332450438,1.505607872176661
2025-12-09,0.42828985375835005,1.5058698867818419
2025-12-10,0.428231400698839,1.505664365447784
2025-12-11,0.42843543163653974,1.5063817395400236
2025-12-12,0.4288442699172702,1.507819217570645
2025-12-15,0.42903960363329485,1.5085060121754053
2025-12-16,0.42906069932336016,1.508580184757668
2025-12-17,0.4293127839098118,1.5094665157886935
2025-12-18,0.42923536742992136,1.5091943189463337
2025-12-19,0.4292748982492035,1.509333309561765
2025-12-22,0.4297521091055281,1.5110111860089386
2025-12-23,0.4298414267317039,1.5113252273583582
2025-12-24,0.42981470543452027,1.511231275105202
2025-12-25,0.429889865600246,1.511495538732413
2025-12-26,0.42977186871546247,1.511080660924848
2025-12-29,0.4301072039481231,1.5122597017646189
2025-12-30,0.43004215711188626,1.5120309966690864
2025-12-31,0.4304043595038449,1.513304502614148
2026-01-01,0.4304043595038449,1.51457235955538
2026-01-02,0.4304043595038449,1.5150608812499509
2026-01-05,0.4304043595038449,1.5159298735455684
2026-01-06,0.4304043595038449,1.5161289472166315
2026-01-07,0.4304043595038449,1.5162900470987066
2026-01-09,0.43033317205590743,1.515788520525223
2026-01-12,0.4300047211514741,1.5169454429816482
2026-01-13,0.4301594977867183,1.5163994310427908
2026-01-14,0.43003156480498267,1.5168504207378077
2026-01-15,0.42996509985203574,1.5170848625790425
2026-01-16,0.43011134344618884,1.516568858040499
2026-01-19,0.4300911991061298,1.516639886808433
2026-01-20,0.4300911991061298,1.5167299201526923
2026-01-21,0.4300911991061298,1.516510685655007
2026-01-22,0.4301995599757005,1.5168927683782814
2026-01-23,0.4301995599757005,1.5159316328833854
2026-01-26,0.43027771060223724,1.5162070190481305
2026-01-27,0.4304332213267737,1.5167550057234092
2026-01-28,0.4304332213267737,1.516811377450257
2026-01-29,0.4304332213267737,1.516779112130957
2026-01-30,0.4304332213267737,1.5166602640448115
2026-02-02,0.4304332213267737,1.5155745219501648
2026-02-03,0.4304332213267737,1.5165667549766688
2026-02-04,0.4302266286189999,1.5172946533286236
2026-02-05,0.4301393857141371,1.5176023358017288
2026-02-06,0.43019671907197343,1.5174000543072612
2026-02-09,0.43019671907197343,1.5190344255337638
2026-02-10,0.4298719253419153,1.5201812796014103
2026-02-11,0.42979960195984074,1.5204370410155101
2026-02-12,0.42946908946988727,1.5216062450583991
2026-02-13,0.42932111347560314,1.522130523062433
2026-02-16,0.4292187428063045,1.5224934717167498
2026-02-17,0.429044639214462,1.5231110393007037
2026-02-18,0.42875513533110465,1.5241387798208264
2026-02-19,0.42883823917533503,1.5238433622705598
2026-02-20,0.42894454722911013,1.523465604861583
2026-02-23,0.4287135931514553,1.5242858754440687
2026-02-24,0.42887523756392865,1.523711150735747
2026-02-25,0.4290954089732752,1.5229289241063895
2026-02-26,0.4294211073268344,1.5217729680350907
2026-02-27,0.4293627517649673,1.521979767177165
2026-03-02,0.4296235749953445,1.5210552163682929
2026-03-03,0.42937837646571697,1.5219233263237113
2026-03-04,0.4292218619895475,1.5224780888484346
2026-03-05,0.4289276617349496,1.5235216364424051
2026-03-06,0.42883010882034445,1.5238681377044077
