date,strategy,buy_and_hold
2004-12-08,1.000560897941375,1.000554731697172
2004-12-09,1.000712193363147,1.0007060261865426
2004-12-10,1.0008515432881722,1.0008453752527837
2004-12-13,1.0012963609310368,1.0012901901543318
2004-12-14,1.0014963160722958,1.00149014406331
2004-12-15,1.0018078014985823,1.001801627569978
2004-12-16,1.0016923502676902,1.0016861770505872
2004-12-17,1.0018618541831859,1.0018556799214662
2004-12-20,1.0019156739303738,1.0019094993369746
2004-12-21,1.0020137727437548,1.0020075975457934
2004-12-22,1.0024043256213697,1.0023981480165138
2004-12-23,1.0018013388037776,1.0017951649150014
2004-12-24,1.0017678315789988,1.0017616578967203
2004-12-27,1.0022825437832314,1.002276366928891
2004-12-28,1.002300022900866,1.0022938459388055
2004-12-29,1.0018772160078802,1.0018710416514887
2004-12-30,1.002679468856092,1.0026732895555868
2004-12-31,1.0023615585405605,1.002355381199269
2005-01-03,1.0033379367768065,1.0033317534183033
2005-01-04,1.0030351016551584,1.0030289201629636
2005-01-05,1.0037040124813823,1.0036978268668322
2005-01-06,1.0044685813353516,1.004462391008926
2005-01-07,1.0052515652721443,1.0052453701203552
2005-01-10,1.0052174088075423,1.0052112138662523
2005-01-11,1.0050809950203787,1.0050748009197779
2005-01-12,1.0054652110806108,1.005459014612168
2005-01-13,1.0052561817844043,1.0052499866041646
2005-01-14,1.0063020534238196,1.0062958517980953
2005-01-17,1.0061037767089263,1.0060975763051392
2005-01-18,1.0062835284400926,1.0062773269285337
2005-01-19,1.0063783851152102,1.0063721830190697
2005-01-20,1.0063599946154813,1.0063537926326778
2005-01-21,1.0066685170954672,1.006662313211305
2005-01-24,1.0071259552503764,1.0071197485471202
2005-01-25,1.0069681695450157,1.0069619638141594
2005-01-26,1.0071742604007035,1.0071680533997531
2005-01-27,1.0071678663855301,1.0071616594239847
2005-01-28,1.0078277859738958,1.007821574945406
2005-01-31,1.007507273988849,1.0075010649356066
2005-02-01,1.006956198827735,1.0069499931706516
2005-02-02,1.0081376166152083,1.0081314036772981
2005-02-04,1.0078012391548976,1.0080474785586675
2005-02-07,1.0080577071460337,1.0083040092134745
2005-02-08,1.007899496535044,1.0081457599463641
2005-02-09,1.0082097772133713,1.008456116436594
2005-02-10,1.0082218799117915,1.0084682220921064
2005-02-11,1.0083595598234611,1.0086059356435635
2005-02-14,1.0081517067347359,1.0083980317694068
2005-02-15,1.0080417860890731,1.0082880842664699
2005-02-16,1.0081230280829268,1.0083693461104482
2005-02-17,1.00818975001191,1.0084360843418205
2005-02-18,1.0084709502418596,1.0087173532783509
2005-02-21,1.0085508249895028,1.0087972475420548
2005-02-22,1.008851384257981,1.0090978802471713
2005-02-23,1.0092240989941397,1.0094706860499518
2005-02-24,1.0091636152019081,1.0094101874795156
2005-02-25,1.0080895932053882,1.0083359030636556
2005-02-28,1.0077048108090374,1.0079510266521519
2005-03-01,1.008305153119358,1.0085515156460911
2005-03-02,1.008127312811361,1.0083736318857845
2005-03-03,1.0083212561057209,1.0085676225669498
2005-03-04,1.0091853694707758,1.0094319470636757
2005-03-07,1.010174803618306,1.0104216229629175
2005-03-08,1.0113934931613073,1.011640610272358
2005-03-09,1.0116705001052657,1.0119176848983376
2005-03-10,1.0117496884953008,1.0119968926367335
2005-03-11,1.0110723442269698,1.0113193828706413
2005-03-14,1.0108387795979887,1.0110857611740434
2005-03-15,1.011285064465728,1.0115321550840377
2005-03-16,1.0110591951567212,1.0113062305876368
2005-03-17,1.0123649100416037,1.0126122645021476
2005-03-18,1.012292622111768,1.0125399589099635
2005-03-21,1.0121636727399488,1.0124109780315185
2005-03-22,1.0128712911727993,1.0131187693591166
2005-03-23,1.0125003779014556,1.0127477654613088
2005-03-24,1.012681460598723,1.0129288924031095
2005-03-25,1.012934579628432,1.0131820732782264
2005-03-28,1.0132371639728082,1.0134847315540343
2005-03-29,1.0123383441450784,1.0125856921146887
2005-03-30,1.0125816056307375,1.0128290130372297
2005-03-31,1.0130461771233523,1.013293698040131
2005-04-01,1.0138300713661565,1.0140777838144033
2005-04-05,1.0137456291944584,1.014717125576255
2005-04-06,1.0143806489229727,1.0153527538591747
2005-04-07,1.0148343717138057,1.0158069114632753
2005-04-08,1.015445394956798,1.0164185202642742
2005-04-11,1.0156484550103484,1.0166217749150703
2005-04-12,1.0160464467515657,1.017020148061174
2005-04-13,1.0159144615399616,1.016888036365024
2005-04-14,1.016317063117409,1.0172910237650727
2005-04-15,1.016740971989256,1.0177153388788047
2005-04-18,1.017395659367276,1.0183706536592032
2005-04-19,1.0177245478622758,1.0186998573358164
2005-04-20,1.0176366246525352,1.018611849867187
2005-04-21,1.0175982027012045,1.0185733910951926
2005-04-22,1.0183388009646335,1.019314699091431
2005-04-25,1.0179908076216269,1.018966372258184
2005-04-26,1.017678822507581,1.018654088161434
2005-04-27,1.0180977484424503,1.0190734155629222
2005-04-28,1.0174117112537813,1.0183867209286106
2005-04-29,1.0183757592426788,1.0193516927874673
2005-05-02,1.0190382052537341,1.0200147736361824
2005-05-03,1.0201195048900196,1.0210971095074504
2005-05-04,1.0192629707335747,1.0202397545140915
2005-05-05,1.019334097995608,1.0203109499390601
2005-05-06,1.0195628649530448,1.020539936129276
2005-05-09,1.0193274290996392,1.020304274652131
2005-05-10,1.0199681078474352,1.0209455673775043
2005-05-11,1.019462886383061,1.0204398617474673
2005-05-12,1.0198239402364226,1.0208012616072648
2005-05-13,1.0200952392380551,1.0210728206011388
2005-05-16,1.0201789763723728,1.0211566379827302
2005-05-17,1.0204886331068916,1.0214665914686119
2005-05-18,1.021023677084946,1.0220021481919486
2005-05-19,1.0216256507814914,1.0226046987741064
2005-05-20,1.0218136039754258,1.0227928320880262
2005-05-23,1.0213778343256625,1.0223566448299144
2005-05-24,1.0211728782850493,1.0221514923750863
2005-05-25,1.0208426139289797,1.0218209115188832
2005-05-26,1.0218397417719978,1.022818994933066
2005-05-27,1.022723580703345,1.023703680868138
2005-05-30,1.0228657597011626,1.0238459961194473
2005-05-31,1.022563971057918,1.0235439182650174
2005-06-02,1.0235549916541196,1.0245623751917132
2005-06-03,1.023113460842799,1.0241204098254597
2005-06-06,1.023581169577431,1.0245885788793552
2005-06-07,1.0245675331411346,1.025575913222767
2005-06-08,1.0255538095055725,1.0265631602810916
2005-06-09,1.0264451979678948,1.0274554260485609
2005-06-10,1.0263783622830758,1.0273885245840142
2005-06-13,1.0264061451082303,1.0274163347530445
2005-06-14,1.0273154936633766,1.028326578289674
2005-06-15,1.0278441902248883,1.0288557951947106
2005-06-16,1.0281104425491507,1.0291223095646966
2005-06-17,1.027504205466361,1.0285154758229467
2005-06-20,1.0275649111249483,1.0285762412280854
2005-06-21,1.0275649111249483,1.029267642021327
2005-06-22,1.0275649111249483,1.029020764977553
2005-06-23,1.0275649111249483,1.029154590102576
2005-06-24,1.0275649111249483,1.03065477045494
2005-06-27,1.0275649111249483,1.0310734936560533
2005-06-28,1.0275649111249483,1.031483898120644
2005-06-29,1.0275649111249483,1.0311101190729033
2005-06-30,1.0268158968642387,1.0303585206335384
2005-07-01,1.0268158968642387,1.0300053900469484
2005-07-04,1.0268158968642387,1.0302881832950304
2005-07-05,1.0268158968642387,1.0311686041407115
2005-07-06,1.0257257546424756,1.0300738407692414
2005-07-07,1.026261359634377,1.0306117162087982
2005-07-08,1.0265429277651141,1.030894477916354
2005-07-11,1.0265674060052643,1.0309190599205913
2005-07-12,1.0267072280933083,1.0310594747191901
2005-07-13,1.0271184957457202,1.031472485749075
2005-07-14,1.0278077415032194,1.0321646532426254
2005-07-15,1.028410406320873,1.0327698727768013
2005-07-18,1.0285429847885093,1.0329030132490409
2005-07-19,1.0288567500131094,1.0332181085350283
2005-07-20,1.029684725067793,1.0340495934039406
2005-07-21,1.0297760703686973,1.0341413259206615
2005-07-22,1.0297975112073545,1.0341628576477582
2005-07-25,1.0291561160771678,1.033518743621946
2005-07-26,1.0301209986256639,1.0344877163401625
2005-07-27,1.0293988277962467,1.033762484204202
2005-07-28,1.028894058079843,1.0332555747519174
2005-08-01,1.0290189715668971,1.0343368128749508
2005-08-02,1.0294491843904823,1.0347692489845857
2005-08-03,1.030346595493775,1.0356712977961882
2005-08-04,1.0304963116028691,1.0358217876194036
2005-08-05,1.0314018414966568,1.0367319971783946
2005-08-08,1.030651275368553,1.0359775522184416
2005-08-09,1.0303368478924397,1.0356614998204685
2005-08-10,1.0297618445668468,1.0350835249496257
2005-08-11,1.0295898864865725,1.0349106782115056
2005-08-12,1.030737927416007,1.0360646520728358
2005-08-15,1.03092760392357,1.0362553088048603
2005-08-16,1.0309293575527787,1.0362570714966053
2005-08-17,1.0315389076145667,1.036869771636854
2005-08-18,1.0315389076145667,1.0363141373706735
2005-08-19,1.0315389076145667,1.036273166664847
2005-08-22,1.0315389076145667,1.0367282719445003
2005-08-23,1.0315389076145667,1.0362080995947602
2005-08-24,1.0318028498074892,1.0359429626851273
2005-08-25,1.0312688097270233,1.0364791456034568
2005-08-26,1.0314432054215852,1.036303868799978
2005-08-29,1.0307164437023149,1.0370340553748827
2005-08-30,1.0310405813120667,1.036707931015468
2005-08-31,1.031327837082562,1.0364190962781161
2005-09-01,1.0312251620396011,1.036522278187311
2005-09-02,1.0311736721419775,1.036574032574183
2005-09-05,1.0302595879840235,1.0374929038829845
2005-09-06,1.030577030253719,1.0371732328932235
2005-09-07,1.0300963784972141,1.0376569610586641
2005-09-08,1.02932910279191,1.038429868325673
2005-09-09,1.0295251498638238,1.0382320879126634
2005-09-12,1.0292454539579468,1.038514149273066
2005-09-13,1.0284167629833587,1.039350302883631
2005-09-14,1.0273253032922312,1.0404533663510798
2005-09-15,1.0273253032922312,1.0401252284168263
2005-09-16,1.027858291151347,1.0406648570202781
2005-09-19,1.0273875513111672,1.0401882520128645
2005-09-20,1.0273875513111672,1.0409632972754543
2005-09-21,1.0273875513111672,1.0403193682469796
2005-09-22,1.0273201408782011,1.0402511093129998
2005-09-23,1.0274386726803948,1.0403711330853513
2005-09-26,1.0281905169815884,1.0411324409165001
2005-09-28,1.0283976265147208,1.041210335398813
2005-09-29,1.0282944856691862,1.0411059095312267
2005-09-30,1.0281989133459426,1.0410091464814357
2005-10-03,1.0285257539241164,1.0413400591354989
2005-10-04,1.0285257539241164,1.041634869959292
2005-10-05,1.0284925969381142,1.041601290369602
2005-10-06,1.028458330936577,1.0415665876293747
2005-10-07,1.028458330936577,1.0425535467232787
2005-10-10,1.0292341811961558,1.0433400301572877
2005-10-11,1.0288386732276826,1.0429391016773624
2005-10-12,1.0288468650760587,1.0429474057965686
2005-10-13,1.0287824276722444,1.0428820852659575
2005-10-14,1.0287675669488208,1.042867020873511
2005-10-17,1.0284804712454074,1.0425759904692262
2005-10-18,1.028865510504052,1.0429663067636765
2005-10-19,1.028865510504052,1.0432832023859757
2005-10-20,1.028865510504052,1.0437462404273719
2005-10-21,1.028865510504052,1.044393561205812
2005-10-24,1.028865510504052,1.0439687967251159
2005-10-25,1.0281521989420561,1.0446925793822894
2005-10-26,1.0284028739036208,1.0444378716916838
2005-10-27,1.0284455163855146,1.0443945643224
2005-10-28,1.0287383840408129,1.0440971548997462
2005-10-31,1.0291712219541937,1.0436578548396878
2005-11-01,1.0295617892204374,1.043261789941483
2005-11-02,1.0296516708878825,1.0431707122516898
2005-11-03,1.0284135651508692,1.0444250739742411
2005-11-04,1.027691233750954,1.0451586514486688
2005-11-07,1.0274327992795136,1.0454214784679017
2005-11-08,1.0275690817269514,1.0452828099362084
2005-11-09,1.0274558096620827,1.0453980346392076
2005-11-10,1.0265676130047239,1.0463017416709302
2005-11-11,1.0264500994572507,1.0464215142293407
2005-11-14,1.0257731285434901,1.0471116568179
2005-11-15,1.0255445546438842,1.0473449855999297
2005-11-16,1.0248299753592554,1.0480747549962768
2005-11-17,1.0243879043431343,1.0485268528886609
2005-11-18,1.023693998855362,1.0492371097495738
2005-11-21,1.0232694271866132,1.0496722752883947
2005-11-22,1.0231968641827687,1.0497467105947993
2005-11-23,1.0225884087377215,1.0503709542025943
2005-11-25,1.0226072112052442,1.0494562636627507
2005-11-28,1.0229555110399604,1.0490988190455306
2005-11-29,1.0223131733881619,1.0497575726908825
2005-11-30,1.022252200195472,1.049820182732916
2005-12-01,1.021540080055351,1.0505515072490057
2005-12-02,1.0214534966946924,1.0506405495507405
2005-12-05,1.022695602177333,1.0493629520966181
2005-12-06,1.0224355251272794,1.049629810798695
2005-12-07,1.0229665457319133,1.0490846663440334
2005-12-08,1.022089437247573,1.0499841689382097
2005-12-09,1.022089437247573,1.0503679607440783
2005-12-12,1.022706456104064,1.0497338706004817
2005-12-13,1.022706456104064,1.0505060552798493
2005-12-14,1.022706456104064,1.0503004561477707
2005-12-15,1.022706456104064,1.0505156078035118
2005-12-16,1.022706456104064,1.0515682219927447
2005-12-19,1.022706456104064,1.0514377583876369
2005-12-20,1.022706456104064,1.0515605791368967
2005-12-21,1.022706456104064,1.0513570717055811
2005-12-22,1.022706456104064,1.0528478524503744
2005-12-23,1.022706456104064,1.0536283192391076
2005-12-26,1.022706456104064,1.053919134696954
2005-12-27,1.022706456104064,1.0539505427869362
2005-12-28,1.0225532530270303,1.053792659295312
2005-12-29,1.0226736701011359,1.0539167551586528
2005-12-30,1.0235510267038512,1.0548209153525485
2006-01-02,1.0235708483740051,1.0548413425825645
2006-01-03,1.0233814017533087,1.0546461082926855
2006-01-04,1.023606189265302,1.0548777631520665
2006-01-05,1.0230401532618643,1.054294434524874
2006-01-06,1.023088090211933,1.0543438359677249
2006-01-09,1.0232458810586773,1.0545064473872385
2006-01-10,1.0236019013004476,1.0548733441881901
2006-01-11,1.024764097006065,1.0560710454322266
2006-01-12,1.0246666550329178,1.0559706265682645
2006-01-13,1.0246603433889117,1.0559641221010378
2006-01-16,1.0247288063678057,1.056034676651012
2006-01-17,1.0254293838281745,1.0567566570298519
2006-01-18,1.0260422790689747,1.0573882764626399
2006-01-19,1.0258739968268948,1.057214853131514
2006-01-20,1.0261080890858951,1.057456097001603
2006-01-24,1.0263654873139647,1.057619864134996
2006-01-25,1.0265051437539428,1.0577637733241696
2006-01-26,1.0264999948929894,1.0577584676726357
2006-01-27,1.0270982710450338,1.0583749622356946
2006-01-30,1.027285662898437,1.0585680604536158
2006-01-31,1.0274838251255707,1.0587722570193892
2006-02-01,1.0281479208673596,1.0594565754779546
2006-02-02,1.0286047323718943,1.0599272975816623
2006-02-03,1.0287967340935518,1.0601251460452776
2006-02-06,1.0295398291742808,1.0608908694917827
2006-02-07,1.029297748636915,1.0606414172370031
2006-02-08,1.0299013576413443,1.0612634070458438
2006-02-09,1.0300580380207691,1.061424858579092
2006-02-10,1.030310558895398,1.0616850690951483
2006-02-13,1.0298898353099633,1.061251533842097
2006-02-14,1.0302265526926424,1.0615985047768397
2006-02-15,1.0302054522010957,1.0615767617435063
2006-02-16,1.030842583831999,1.0622332949933486
2006-02-17,1.0311144042858262,1.0625133927898929
2006-02-20,1.0308730469400547,1.062264685748982
2006-02-21,1.0309631420632428,1.0623575244045322
2006-02-22,1.0308174701458142,1.0622074165575484
2006-02-23,1.0314936461837338,1.0629041831754784
2006-02-24,1.0308764566895052,1.0622681993304448
2006-02-27,1.0302249330857138,1.0615968358504375
2006-02-28,1.030449653680081,1.0618283995257758
2006-03-01,1.0311715819187541,1.0625723115679655
2006-03-02,1.0306329095402242,1.0620172358032054
2006-03-03,1.0303579984784204,1.061733953285011
2006-03-06,1.0309399301416926,1.0623336056449677
2006-03-07,1.0313885813982948,1.0627959190088878
2006-03-08,1.0314445769656067,1.0628536197256642
2006-03-09,1.0320628536085454,1.0634907238247255
2006-03-10,1.0326963628973482,1.064143524426688
2006-03-13,1.0331454131605209,1.06460624894753
2006-03-14,1.0335723933941876,1.065046231373187
2006-03-15,1.033550859757899,1.0650240420052013
2006-03-16,1.0335215292814457,1.0649938183715104
2006-03-17,1.0335215292814457,1.064188271643329
2006-03-20,1.034082304929963,1.0647656866765605
2006-03-21,1.034082304929963,1.0644423017743896
2006-03-23,1.0339336610262229,1.0646180712235358
2006-03-24,1.0339336610262229,1.0645331238611613
2006-03-27,1.0339336610262229,1.0650436064975024
2006-03-28,1.0336621916363096,1.0647639688872907
2006-03-29,1.0336621916363096,1.065154199963207
2006-03-30,1.0336621916363096,1.0652972428383989
2006-03-31,1.0336621916363096,1.065515371118933
2006-04-03,1.0336621916363096,1.064598094651692
2006-04-04,1.0336621916363096,1.0651115136318434
2006-04-05,1.0336621916363096,1.0659731453564991
2006-04-06,1.0336621916363096,1.066554060166784
2006-04-07,1.0336621916363096,1.0668485161401953
2006-04-10,1.0336621916363096,1.067130919861053
2006-04-11,1.033374387812233,1.0668337972981778
2006-04-12,1.032903532724065,1.0663476964932692
2006-04-13,1.0336515633685583,1.0671199474628812
2006-04-14,1.0342821357710217,1.0677709370350301
2006-04-17,1.0340340925808558,1.067514862507173
2006-04-18,1.0348882395042165,1.0683966656720731
2006-04-19,1.0345974127793027,1.0680964223304974
2006-04-20,1.0344814207149888,1.0679766745838066
2006-04-21,1.0353621418439065,1.0688859123948125
2006-04-24,1.0349383079666847,1.068448355290637
2006-04-25,1.0341944237247525,1.0676803849790724
2006-04-26,1.034915010772262,1.0684243037613117
2006-04-27,1.0352521161921147,1.0687723242458453
2006-04-28,1.0358765995026342,1.0694170275686374
2006-05-01,1.0360500082098167,1.0695960510394629
2006-05-02,1.0357953686916916,1.0693331666025467
2006-05-03,1.035047165257908,1.0685607372489367
2006-05-04,1.035589233316693,1.0691203568140895
2006-05-05,1.036109795796733,1.069657774475938
2006-05-08,1.0369890579319392,1.0705655060527852
2006-05-09,1.0379370963005774,1.0715442407540972
2006-05-10,1.038267046853199,1.0718848747054757
2006-05-11,1.0377807500772427,1.0713828322296546
2006-05-12,1.0386833212091806,1.0723146275202808
2006-05-15,1.0386595828875338,1.0722901205805668
2006-05-16,1.0386595828875338,1.0725405160665986
2006-05-17,1.0390136965562788,1.072174851258533
2006-05-18,1.039977289188314,1.0711805046100236
2006-05-22,1.039977289188314,1.0722434105342915
2006-05-23,1.0402697432413048,1.0719418828620397
2006-05-24,1.040291564491875,1.071919397239849
2006-05-25,1.040887773562142,1.0713050617121533
2006-05-26,1.0406560930766449,1.0715435124684378
2006-05-29,1.0402706557462016,1.0719403898553548
2006-05-30,1.0399343648182697,1.0722869187383919
2006-05-31,1.0398805837260885,1.0723423729704786
2006-06-01,1.0397279574345855,1.0724997637730087
2006-06-02,1.0396116899262837,1.0726196959863308
2006-06-05,1.0396399925052695,1.0725904947913447
2006-06-06,1.0397255856992134,1.072502188794168
2006-06-07,1.0398482645469058,1.0723756425838231
2006-06-08,1.0398986125330967,1.0723237196678699
2006-06-09,1.0392915997346976,1.0729496597489705
2006-06-12,1.0388171663895502,1.0734394578926092
2006-06-13,1.0385995659011786,1.0736643106942687
2006-06-14,1.037970254417974,1.0743148687168311
2006-06-15,1.0379662830663883,1.0743189791256214
2006-06-16,1.0371815739758095,1.0751311710848928
2006-06-19,1.0371401456463645,1.0751741152418948
2006-06-20,1.0370501142705835,1.0752674482453521
2006-06-21,1.036496734917564,1.0758412207146328
2006-06-22,1.0360161336402836,1.0763400651850572
2006-06-23,1.035368097329598,1.0770133244348283
2006-06-26,1.0354434222525206,1.0769349697454587
2006-06-27,1.0354434222525206,1.0769505693230956
2006-06-28,1.0348781847077908,1.0763626734685106
2006-06-29,1.0355368612547649,1.0770477539538552
2006-06-30,1.0356588543273455,1.0771746372833988
2006-07-03,1.0361341973870482,1.077669035111198
2006-07-04,1.0359065222104393,1.0774322332678523
2006-07-05,1.0364665495013374,1.0780147100085486
2006-07-06,1.0366837790592331,1.0782406475064572
2006-07-07,1.0368759393800109,1.078440510833043
2006-07-10,1.0367371483491825,1.0782961561764242
2006-07-11,1.0373929168476643,1.0789782120402276
2006-07-12,1.03799001382004,1.0795992444506146
2006-07-13,1.0380111928491649,1.0796212724697063
2006-07-14,1.0389682021799667,1.080616644811164
2006-07-17,1.0393739822151498,1.0810386910867198
2006-07-19,1.0390621751978177,1.0816080288053658
2006-07-20,1.0402433286823125,1.0828375462708029
2006-07-21,1.0408111652567407,1.083428633707735
2006-07-24,1.0408553265221547,1.083474603217909
2006-07-25,1.0406578773439732,1.0832690692070481
2006-07-26,1.0408253609766591,1.0834434106912545
2006-07-27,1.0412053379357542,1.0838389463382334
2006-07-28,1.0401192275290896,1.0827083636223398
2006-07-31,1.0408821484106956,1.0835025233661792
2006-08-01,1.0420027429976526,1.0846690022653442
2006-08-02,1.0419348972111069,1.0845983784382045
2006-08-03,1.042413160293015,1.0850962246707212
2006-08-04,1.0431922979703558,1.0859072652296717
2006-08-07,1.042703347141879,1.0853982936258588
2006-08-08,1.0427614080180063,1.0854587318857416
2006-08-09,1.0429655047441686,1.0856711856377301
2006-08-10,1.043393108443809,1.0861162981687391
2006-08-11,1.0431601079819632,1.0858737571771957
2006-08-14,1.0430286118600238,1.0857368767626823
2006-08-15,1.0433460396976302,1.0860673021269354
2006-08-16,1.0428165676645818,1.085516150121172
2006-08-17,1.0434431364266052,1.0861683746172417
2006-08-18,1.0445475294354685,1.0873179885420443
2006-08-21,1.0447937742326083,1.087574316176709
2006-08-22,1.0446997405128826,1.0874764321148487
2006-08-23,1.0447878990297454,1.0875682004054499
2006-08-24,1.045071604302765,1.0878635223875572
2006-08-25,1.0448732078715244,1.0876570023370364
2006-08-28,1.0454042965895327,1.0882098372251858
2006-08-29,1.044940164287471,1.087726700377054
2006-08-30,1.0452007730724866,1.0879979801531623
2006-08-31,1.0446578055767528,1.0874327800941244
2006-09-01,1.0445939162674343,1.087366274747704
2006-09-04,1.0444358592980387,1.087201745914697
2006-09-05,1.0439914820881644,1.0867391730586244
2006-09-06,1.0443484704797612,1.0871107788390657
2006-09-07,1.0443959503523563,1.0871602028414318
2006-09-08,1.0443505072792048,1.0871128990381103
2006-09-11,1.044550432308654,1.0873210102774309
2006-09-12,1.0443766805153898,1.0871401439740471
2006-09-13,1.04459435102512,1.087366727307151
2006-09-15,1.0451753384882894,1.0874690373498
2006-09-18,1.0443911976932492,1.0866531657882277
2006-09-19,1.0447329981080657,1.0870087973788123
2006-09-20,1.0456300636591842,1.0879421632700563
2006-09-21,1.0460551533971834,1.0883844545403782
2006-09-22,1.0467649193861759,1.0891229416710733
2006-09-25,1.0465649121212717,1.0889148409822997
2006-09-26,1.047240380967091,1.0896176431136486
2006-09-27,1.0474567806013917,1.0898427994996922
2006-09-28,1.048255307361485,1.0906736391637364
2006-09-29,1.0485714094163547,1.0910025324935488
2006-10-02,1.0497929555938026,1.0922735093304008
2006-10-03,1.050488873463321,1.0929975879684735
2006-10-04,1.0503994815578082,1.0929045787614482
2006-10-05,1.0502149678965924,1.092712598635099
2006-10-06,1.0503166013201601,1.0928183447211572
2006-10-09,1.050736911476342,1.0932556630007797
2006-10-10,1.0508984459268422,1.093423734047728
2006-10-11,1.0507611879449221,1.093280921832427
2006-10-12,1.0512165144519927,1.0937546734223182
2006-10-13,1.0506640565556122,1.0931798599583666
2006-10-16,1.0502165969476163,1.0927142936067302
2006-10-17,1.0503253803283714,1.0928274789776369
2006-10-18,1.0505719404750942,1.0930840163408255
2006-10-19,1.050490058476024,1.0929988209334847
2006-10-20,1.0517866439544485,1.0943478735853618
2006-10-23,1.05194432164151,1.0945119318024341
2006-10-24,1.052304064754322,1.0948862321539414
2006-10-25,1.0528756622631,1.0954809597271362
2006-10-26,1.053011061678883,1.0956218381682141
2006-10-27,1.0523058647009071,1.094888104936534
2006-10-30,1.0519625123468201,1.0945308586064486
2006-10-31,1.0518163298694534,1.094378760760197
2006-11-01,1.0514105467918902,1.0939565574068641
2006-11-02,1.0508670017889759,1.0933910175024013
2006-11-03,1.0507988231161822,1.0933200799353342
2006-11-06,1.0515041510913126,1.0940539494650539
2006-11-07,1.0519410943458356,1.094508573912144
2006-11-08,1.0517271087790883,1.0942859292804654
2006-11-09,1.051884617956206,1.0944498121687298
2006-11-10,1.0518041437557522,1.0943660815274905
2006-11-14,1.0516033782363967,1.0942352217111386
2006-11-15,1.0517817960354259,1.094420872541022
2006-11-16,1.0515498403156738,1.0941795133711267
2006-11-17,1.0515498403156738,1.0944539415801018
2006-11-20,1.0506419247948486,1.09350898235678
2006-11-21,1.0515019859764752,1.0944041347443727
2006-11-22,1.0512551254928053,1.0941472021492504
2006-11-23,1.0517187056562816,1.0946296967659608
2006-11-24,1.0523436956548509,1.0952801868722375
2006-11-27,1.0529739221224141,1.0959361270997645
2006-11-28,1.0532563038329463,1.0962300302171186
2006-11-29,1.0530745876774705,1.0960408998925402
2006-11-30,1.053127750568385,1.0960962318732759
2006-12-01,1.053127750568385,1.0963671391244547
2006-12-04,1.053127750568385,1.0966418721273532
2006-12-05,1.053127750568385,1.0959140722194327
2006-12-06,1.053127750568385,1.0953043566025378
2006-12-07,1.053127750568385,1.0959632808895374
2006-12-08,1.053127750568385,1.0962481570094615
2006-12-11,1.053127750568385,1.0966508549597367
2006-12-12,1.053127750568385,1.0967192565190944
2006-12-13,1.053127750568385,1.0978071180854787
2006-12-14,1.053127750568385,1.0981903726782294
2006-12-15,1.053127750568385,1.0990014787656601
2006-12-18,1.053127750568385,1.0991275614195959
2006-12-19,1.053127750568385,1.0987328381872028
2006-12-20,1.053127750568385,1.0990362964670197
2006-12-21,1.053127750568385,1.0984237923414253
2006-12-22,1.053127750568385,1.0991969058737052
2006-12-25,1.0523186675708684,1.1000413822698358
2006-12-26,1.0523186675708684,1.1000068564882963
2006-12-27,1.0523186675708684,1.099722879726849
2006-12-28,1.0523186675708684,1.0990156785106178
2006-12-29,1.0523186675708684,1.0996305137460052
2007-01-01,1.0523186675708684,1.099214212066941
2007-01-02,1.0523186675708684,1.0992692486623519
2007-01-03,1.0523186675708684,1.0994032506990679
2007-01-04,1.0525290572925243,1.0991834473723476
2007-01-05,1.0523134712142757,1.0994085895164558
2007-01-08,1.051293218786254,1.100474502206472
2007-01-09,1.0518131246288616,1.0999302742849808
2007-01-11,1.0514386610059478,1.0999796193236397
2007-01-12,1.0516689066269826,1.0997387441304691
2007-01-15,1.0517860523330935,1.0996162439111445
2007-01-16,1.0518017685912364,1.0995998129528626
2007-01-17,1.050731117569551,1.1007191186037364
2007-01-18,1.0497454920932816,1.1017516347131118
2007-01-19,1.0490904676864299,1.1024391101216384
2007-01-22,1.049633052084172,1.1018689340700614
2007-01-23,1.0492238409801795,1.102298509912848
2007-01-24,1.048910092804014,1.1026281289450954
2007-01-25,1.0486390579893596,1.1029130443183115
2007-01-26,1.0469811925516868,1.1046567152249052
2007-01-29,1.0475426769345688,1.104064300099918
2007-01-30,1.046209101854556,1.1054698300795207
2007-01-31,1.045578302213357,1.1061363602893368
2007-02-01,1.0451818783123266,1.1065557443661573
2007-02-02,1.0444612349278035,1.1073187044722692
2007-02-05,1.0453507806639786,1.106375624347119
2007-02-06,1.0451275388843841,1.106611898397751
2007-02-07,1.0452768277722004,1.1064538269151716
2007-02-08,1.0452768277722004,1.1065032439420601
2007-02-09,1.0452768277722004,1.1067593363628847
2007-02-12,1.0452768277722004,1.1065812945808862
2007-02-13,1.0452768277722004,1.1072969232866399
2007-02-14,1.0452768277722004,1.1071000917133613
2007-02-15,1.0452768277722004,1.1072024233718252
2007-02-16,1.0452768277722004,1.107880758234335
2007-02-19,1.0452768277722004,1.108402985042614
2007-02-20,1.0449532982698468,1.10805991700874
2007-02-21,1.0449532982698468,1.1077135164922998
2007-02-22,1.0449532982698468,1.1082625136124773
2007-02-23,1.0449532982698468,1.108950779219465
2007-02-26,1.0449532982698468,1.1091761772265947
2007-02-27,1.045566679754914,1.108525097286549
2007-02-28,1.0455841504414891,1.1085065746089326
2007-03-01,1.0458059402471058,1.1082714376688754
2007-03-02,1.0459981007126131,1.108067799549053
2007-03-05,1.0458518348736638,1.1082227448268729
2007-03-06,1.0456281611463722,1.108459757665345
2007-03-07,1.045332738458538,1.108772932246074
2007-03-08,1.0450873164274903,1.1090332486936423
2007-03-12,1.0449509153176053,1.1095229494617949
2007-03-13,1.0444875381722871,1.1100149606839969
2007-03-14,1.0445681573473997,1.109929283749402
2007-03-15,1.0443587100025797,1.1101518367152223
2007-03-16,1.0438395978088777,1.110703652245442
2007-03-19,1.0427053272156261,1.1119105795292927
2007-03-20,1.0430648572999368,1.1115271871230494
2007-03-21,1.0429695639565737,1.11162873511516
2007-03-22,1.0435668271118692,1.1109921538487486
2007-03-23,1.0435668271118692,1.1125393861836628
2007-03-26,1.0444753832447613,1.111570780766031
2007-03-27,1.0444753832447613,1.1117046993536834
2007-03-28,1.0444753832447613,1.1114978794035177
2007-03-29,1.0454268780862703,1.1125104303123914
2007-03-30,1.0457192532871364,1.1128215668130366
2007-04-02,1.046319563852634,1.1134603984516158
2007-04-03,1.0467216438022284,1.1138882792983014
2007-04-04,1.0458841030754262,1.1129969947772025
2007-04-05,1.0463257685016136,1.1134670012440742
2007-04-06,1.0460685725762544,1.1131933014228874
2007-04-09,1.0458360384535903,1.1129458459171129
2007-04-10,1.0459462669407353,1.1130631476091173
2007-04-11,1.0460322597380598,1.1131546584416399
2007-04-12,1.046060446069073,1.1131846534493268
2007-04-13,1.0454864227939853,1.1125737959191033
2007-04-16,1.0458840693728957,1.112996958912029
2007-04-17,1.0464063157494536,1.113552717093966
2007-04-18,1.0466348546808275,1.1137959210427217
2007-04-19,1.046637320504706,1.1137985450950028
2007-04-20,1.0464612521240144,1.1136111786573557
2007-04-23,1.0469515153587612,1.1141329013848724
2007-04-24,1.0473773523473426,1.1145860637258644
2007-04-25,1.0466942437520834,1.1138591210260047
2007-04-26,1.0477888270958071,1.1150239422222685
2007-04-27,1.048521486010981,1.1158036148154242
2007-04-30,1.0493469248349874,1.1166820208718793
2007-05-01,1.0497107763147981,1.11706922018238
2007-05-02,1.0497486288465814,1.1171095016571588
2007-05-03,1.0500093622160855,1.1173869659152376
2007-05-04,1.0503559759976036,1.1177558214089234
2007-05-07,1.0500928207982785,1.1174757799156572
2007-05-09,1.0507826656365924,1.1183926564693214
2007-05-10,1.0507516293528902,1.1183596232333233
2007-05-11,1.0506912092352845,1.1182953155338884
2007-05-14,1.0518425746122242,1.119520762645449
2007-05-15,1.0517018972588457,1.119371033758501
2007-05-16,1.0517195459301392,1.1193898179895476
2007-05-17,1.0522286122672415,1.1199316389309182
2007-05-18,1.0516827124027621,1.119350614500684
2007-05-21,1.0518906945615445,1.1195719787529368
2007-05-22,1.0520476910447998,1.119739076783487
2007-05-23,1.052678671266194,1.1204106558540812
2007-05-24,1.0529426019336705,1.1206915684823306
2007-05-25,1.0537608637303584,1.1215624792942545
2007-05-28,1.0547105320732666,1.1225732516789952
2007-05-29,1.0542986476129657,1.1221348655399974
2007-05-30,1.0550268598211268,1.1229099327471304
2007-05-31,1.055685036347074,1.123610458000689
2007-06-01,1.056775218777826,1.1247707855019295
2007-06-04,1.057353226067934,1.1253859832300448
2007-06-05,1.0578872815183822,1.125954401146957
2007-06-06,1.0574352067246617,1.1254732387277375
2007-06-07,1.0569521233537287,1.1249590725617142
2007-06-08,1.057347894124103,1.1253803082155815
2007-06-11,1.0566048302358806,1.1245894337340616
2007-06-12,1.0568914715544435,1.1248945182736199
2007-06-13,1.0568960384856305,1.124899379052608
2007-06-14,1.0584470578740173,1.126550194916574
2007-06-15,1.0576434675095887,1.1256948995336395
2007-06-18,1.0584083555474109,1.1265090023852538
2007-06-19,1.0593930082355136,1.1275570100956587
2007-06-20,1.058774027903536,1.1268982030174477
2007-06-21,1.0576595699630138,1.125712038059284
2007-06-22,1.0573928092083498,1.125428113248943
2007-06-25,1.0573928092083498,1.1252713977146562
2007-06-26,1.0574890343145205,1.1253737999239137
2007-06-27,1.057309027750586,1.1251822379650727
2007-06-28,1.0572386883229434,1.1251073831472902
2007-06-29,1.0572386883229434,1.1256221719359047
2007-07-02,1.0573212596753165,1.1257100841037286
2007-07-03,1.0577037749174245,1.126117340896708
2007-07-04,1.0584852427390905,1.1269493550070855
2007-07-06,1.0593904017135216,1.1284171002231327
2007-07-09,1.0596963888972453,1.128743024613239
2007-07-10,1.060103536306179,1.1291767005251685
2007-07-11,1.0606335291485154,1.1297412261101851
2007-07-12,1.0609809929815648,1.130111329643583
2007-07-13,1.0605979924646831,1.1297033739627078
2007-07-16,1.0603643918486936,1.1294545526318
2007-07-17,1.0613895259679196,1.1305464814129988
2007-07-18,1.0618123532581094,1.1309968588601793
2007-07-19,1.0615543685008686,1.1307220645905725
2007-07-20,1.0620592324855345,1.1312598239969842
2007-07-23,1.0621535738103518,1.131360312319334
2007-07-24,1.0619921990293295,1.1311884228419933
2007-07-25,1.0624473317438177,1.1316732106379452
2007-07-26,1.062536058045235,1.1317677180788253
2007-07-27,1.0633463197485096,1.1326307740024508
2007-07-30,1.063625613996536,1.1329282662252966
2007-07-31,1.0629248192324852,1.1321818097780578
2007-08-01,1.0635382151282076,1.1328351727090606
2007-08-02,1.0631261816227233,1.1323962923371964
2007-08-03,1.0631261816227233,1.1325476603649125
2007-08-06,1.0627884598729374,1.1321878855948182
2007-08-07,1.0626848654362218,1.132077526505787
2007-08-08,1.0623698281851994,1.1317419175181234
2007-08-09,1.0623383946788498,1.1317084314233505
2007-08-10,1.0627717033012376,1.1321700348294035
2007-08-13,1.0627610959733909,1.1321587348496427
2007-08-14,1.062598109464741,1.1319851054233026
2007-08-15,1.0625366627270987,1.1319196462518921
2007-08-16,1.0626160304417434,1.1320041966289622
2007-08-17,1.063249139419407,1.1326786472292798
2007-08-20,1.0635179169346787,1.1329649757492066
2007-08-21,1.064145332052098,1.1336333606837459
2007-08-22,1.0639064306167494,1.133378859133188
2007-08-23,1.0646993093524935,1.134223512357464
2007-08-24,1.0652055577315742,1.1347628184409773
2007-08-27,1.0654934447376865,1.1350695042896168
2007-08-28,1.0653829754308262,1.1349518214056944
2007-08-29,1.0658982650495714,1.1355007591162016
2007-08-30,1.065321931233027,1.1348867910597287
2007-08-31,1.066036190900538,1.1356476914394915
2007-09-04,1.0661415580495117,1.1360914844416508
2007-09-05,1.0654848571325584,1.1353916971442297
2007-09-06,1.0660946823146984,1.1360415331732228
2007-09-07,1.0660946823146984,1.1363811263649817
2007-09-10,1.0660946823146984,1.136097463423898
2007-09-11,1.0660946823146984,1.136270242294195
2007-09-12,1.0660946823146984,1.136211095981868
2007-09-13,1.0655751963116447,1.1367647482706078
2007-09-14,1.0655751963116447,1.1369882016365693
2007-09-17,1.0655751963116447,1.1375803876341253
2007-09-18,1.0655751963116447,1.1371691169847384
2007-09-19,1.0655751963116447,1.136412204794515
2007-09-20,1.0655751963116447,1.1373905860131424
2007-09-21,1.0655751963116447,1.138367674790431
2007-09-24,1.0659338879536453,1.1387508696807442
2007-09-25,1.0659338879536453,1.1378957169246737
2007-09-26,1.0655671078681788,1.1382872585512436
2007-09-27,1.0655671078681788,1.1376776897220642
2007-09-28,1.0657363198954781,1.137497026536358
2007-10-01,1.0655133458374588,1.1377350144169027
2007-10-02,1.0651713226092687,1.138100220356346
2007-10-03,1.0656640105682476,1.137573799617467
2007-10-04,1.064628300020632,1.1386793987286978
2007-10-05,1.0640588572411471,1.1392884495699556
2007-10-08,1.0636109127933273,1.1397680639559242
2007-10-09,1.0626320049434832,1.1408170640097859
2007-10-10,1.0617809692961875,1.1417307161339445
2007-10-11,1.0608833659673687,1.142695906998211
2007-10-12,1.0608348656584925,1.1427481475236247
2007-10-15,1.0600196251476242,1.143626337535793
2007-10-16,1.0601914939559982,1.1434409129538377
2007-10-17,1.0591167104817525,1.1446000916531813
2007-10-18,1.05969571393886,1.1439743556946094
2007-10-19,1.0599403918130674,1.1437102183485608
2007-10-22,1.0590089856962333,1.14471523589623
2007-10-23,1.059403299632955,1.1442890098894745
2007-10-24,1.0595854887547995,1.1440922226886792
2007-10-25,1.0593369055608262,1.1443606315164088
2007-10-26,1.0596895886627817,1.143979641620597
2007-10-29,1.0600125055097875,1.14363103925358
2007-10-30,1.0592623400661363,1.144440381107073
2007-11-01,1.0597945049284665,1.1439029775398777
2007-11-02,1.0598015221025923,1.1438954034617532
2007-11-05,1.0598324214666637,1.1438620522730694
2007-11-06,1.0595229014718077,1.144196112799398
2007-11-07,1.0595309721297126,1.144187397163908
2007-11-08,1.058750677745486,1.1450300369960549
2007-11-09,1.0584724876543576,1.145330897261868
2007-11-12,1.0581584200912229,1.1456707372558987
2007-11-13,1.0577392039132898,1.1461246236480713
2007-11-14,1.058312809127495,1.1455030875852865
2007-11-15,1.0589671572022634,1.1447948303162276
2007-11-16,1.0591006307022957,1.1446505389925714
2007-11-19,1.0585059885468078,1.1452932139604215
2007-11-20,1.058547743775248,1.1452480352082015
2007-11-21,1.0591125531205199,1.144636965186331
2007-11-22,1.0592388610771448,1.1445004577341964
2007-11-23,1.0602904522838372,1.1433642205155345
2007-11-26,1.0600968304387264,1.1435730126342725
2007-11-27,1.0603834526775022,1.1432638206362649
2007-11-28,1.060229817746541,1.1434294637889475
2007-11-29,1.0603552255753006,1.1432942148042526
2007-11-30,1.0601997546662043,1.1434618463551263
2007-12-03,1.0607153952207398,1.1429057103081695
2007-12-04,1.0613472206310017,1.1422249274397773
2007-12-05,1.0610572777841825,1.1425369647643515
2007-12-06,1.0604592895143443,1.1431808731725879
2007-12-07,1.0599035272496005,1.143779987912181
2007-12-10,1.0609570416643554,1.1426431026451789
2007-12-11,1.0608962701429587,1.1427085531366072
2007-12-12,1.0599082423844002,1.1437727738358552
2007-12-13,1.0601285909126699,1.1435349903775223
2007-12-14,1.0616970085551811,1.1418431763191983
2007-12-17,1.061527854658705,1.142025099429919
2007-12-18,1.0621912389270725,1.1413114097403667
2007-12-19,1.0627326143999838,1.1407297084595205
2007-12-20,1.0629315591861692,1.1405161625262634
2007-12-21,1.0633796846778807,1.1400353278368425
2007-12-24,1.0635175823576901,1.139887489553984
2007-12-25,1.063679268615251,1.1397141928024457
2007-12-26,1.0639300514976733,1.1394454832216145
2007-12-27,1.0638421115948513,1.1395396649067022
2007-12-31,1.0636491953426233,1.139239078360648
2008-01-01,1.0634311320678738,1.1394726386408962
2008-01-02,1.063750278662656,1.1391306712097164
2008-01-03,1.0638331205996914,1.1390419588556686
2008-01-04,1.0637735462526299,1.1391057448759199
2008-01-07,1.0641045017554833,1.1387513524247004
2008-01-08,1.065000738337727,1.1377922449137008
2008-01-09,1.0651987918629795,1.1375806546706162
2008-01-10,1.0654244643557265,1.137339647391974
2008-01-11,1.0661051993149435,1.1366129634416937
2008-01-14,1.0669286036860204,1.135735102529917
2008-01-15,1.067517327807632,1.1351084114389571
2008-01-16,1.0677375051574463,1.1348742933077829
2008-01-17,1.0670036847724838,1.1356542545686512
2008-01-18,1.0664254130685902,1.136269732031565
2008-01-21,1.0664815814365263,1.1362098849802837
2008-01-22,1.066573443356645,1.1361120169781458
2008-01-23,1.066650715424302,1.1360297069176537
2008-01-24,1.0673363470173027,1.1352994792560707
2008-01-25,1.0675758234060748,1.1350447540982262
2008-01-28,1.0677803373822718,1.134827315195309
2008-01-29,1.0684463948835978,1.1341194352882409
2008-01-30,1.0683595291627277,1.1342116402905422
2008-01-31,1.0676535650729209,1.1349611189692352
2008-02-01,1.0676100537797957,1.1350073733232209
2008-02-04,1.0674340900041093,1.1351944455432086
2008-02-05,1.067319697534251,1.1353160996084208
2008-02-06,1.0677987840175098,1.13480649166358
2008-02-07,1.0686698422111385,1.1338807718486281
2008-02-08,1.0696488395338806,1.132842035471777
2008-02-11,1.0697678227414085,1.1327160229207218
2008-02-12,1.0706983236130656,1.1317307687148448
2008-02-13,1.0712766181508007,1.1311195099622149
2008-02-14,1.071677946633028,1.1306957627540153
2008-02-15,1.072022846873042,1.1303318686931343
2008-02-18,1.0721733191438614,1.1301732119970036
2008-02-19,1.072417677252191,1.1299156351824744
2008-02-20,1.0729222129832972,1.1293840486344553
2008-02-21,1.0733041317967378,1.1289820315911376
2008-02-22,1.073515714447833,1.1287594730411366
2008-02-25,1.0739935744346227,1.1282570220945718
2008-02-27,1.0741518731404323,1.1271592922273708
2008-02-28,1.0736208479232758,1.1277165225621977
2008-02-29,1.0724242488021456,1.1289734137658216
2008-03-03,1.0734185373473062,1.1279266961684231
2008-03-04,1.072760334855237,1.1286183221618813
2008-03-05,1.073086323748606,1.128275359222329
2008-03-06,1.0722633145900835,1.1291406958997465
2008-03-07,1.07207909668055,1.1293346855063455
2008-03-10,1.072978720064187,1.128387016725022
2008-03-11,1.0737444315064393,1.1275817641754247
2008-03-12,1.073885628377986,1.1274334877207646
2008-03-13,1.0732981950389042,1.128050212631484
2008-03-14,1.0731819071148574,1.1281724327358817
2008-03-17,1.07351789584568,1.1278192277281278
2008-03-18,1.0733260462771783,1.1280207815476075
2008-03-19,1.0736507541818858,1.1276795271210394
2008-03-20,1.0737639153712895,1.1275606713794881
2008-03-21,1.0744355566125896,1.1268553801714998
2008-03-24,1.0749939185750337,1.126269776709672
2008-03-25,1.0746138597783266,1.1266679638330663
2008-03-26,1.0752903294804868,1.1259587260589652
2008-03-27,1.0757892602602066,1.125436285328566
2008-03-28,1.0757727887093724,1.1254535170315298
2008-03-31,1.0758591469488723,1.1253631706448302
2008-04-01,1.0759034672297954,1.1253168110335325
2008-04-02,1.0760123097849734,1.125202969633418
2008-04-03,1.0762644573406208,1.1249392949748473
2008-04-04,1.0773818417904704,1.123771376005995
2008-04-07,1.076539092511226,1.1246504120918368
2008-04-08,1.0764741135514162,1.1247182950088952
2008-04-09,1.0777005825616943,1.1234368595180124
2008-04-10,1.0780080846901297,1.1231163073803831
2008-04-11,1.0779346844583024,1.1231927789750784
2008-04-14,1.0788044009283202,1.1222865466467526
2008-04-15,1.0792686586083258,1.1218035766588668
2008-04-16,1.0802374210396875,1.1207966344561389
2008-04-17,1.0804591002236548,1.1205666319784608
2008-04-18,1.0803103700955832,1.1207208830913928
2008-04-21,1.0815955148182796,1.119387665741648
2008-04-22,1.0813715691878898,1.1196194362815777
2008-04-23,1.0821141774793583,1.1188505621033
2008-04-25,1.0827135089576385,1.1182102079727139
2008-04-28,1.0836065878849728,1.117287849505023
2008-04-29,1.0836064738526248,1.1172879670817877
2008-04-30,1.0830586988842794,1.117852768414715
2008-05-01,1.0830951320537012,1.1178151648025172
2008-05-02,1.0828687614020809,1.118048792061803
2008-05-05,1.0834459589959073,1.1174528425843029
2008-05-06,1.083245012773817,1.117660096047401
2008-05-07,1.083007202525809,1.117905461612435
2008-05-08,1.083256608093349,1.117648019330002
2008-05-09,1.0827994406584782,1.1181197009927475
2008-05-12,1.082468049838064,1.1184619015805202
2008-05-13,1.0832540190405715,1.1176497976029924
2008-05-14,1.0827383803485668,1.1181818089960964
2008-05-15,1.082650867842856,1.118272186222693
2008-05-16,1.0830304482200428,1.1178801169131383
2008-05-19,1.0842244151005391,1.116647730660145
2008-05-20,1.0846338587580107,1.116226042747033
2008-05-21,1.0850362534388533,1.1158119274964415
2008-05-22,1.084469472025601,1.1163947849440023
2008-05-23,1.0840844249121144,1.116791167323168
2008-05-26,1.0851455916195056,1.1156979852991133
2008-05-27,1.0849205254333314,1.115929388248554
2008-05-28,1.0847131981918816,1.1161426412530782
2008-05-29,1.0855588877246953,1.1152724479610556
2008-05-30,1.086366787170107,1.1144424349581872
2008-06-02,1.0869163689721808,1.1138786499741973
2008-06-03,1.0880350698286585,1.112732198383891
2008-06-04,1.0880559221525858,1.1127108727365027
2008-06-05,1.0883867334824593,1.1123725653424796
2008-06-06,1.0886140042201582,1.112140286019566
2008-06-09,1.088802316372741,1.1119479042107496
2008-06-10,1.089323551137284,1.111415589119828
2008-06-11,1.0894761875583174,1.1112598571542178
2008-06-12,1.0892976018384992,1.1114420136288257
2008-06-13,1.0894821259225536,1.111253738340972
2008-06-16,1.0895042310339644,1.1112311914931556
2008-06-17,1.0889928964939775,1.1117527230980233
2008-06-18,1.0885425134647781,1.1122125190808636
2008-06-19,1.0875042944958593,1.113273313786165
2008-06-20,1.0885705853464698,1.1121817565806194
2008-06-24,1.0885572786149829,1.1124695971734417
2008-06-25,1.0887147612084989,1.1123086551625687
2008-06-26,1.0892168363052162,1.1117956994320886
2008-06-27,1.089823102818601,1.1111768653488978
2008-06-30,1.0903348937434132,1.1106550465013474
2008-07-01,1.0899133129871426,1.111084484096298
2008-07-02,1.090111619174971,1.110882325882639
2008-07-03,1.090840121193202,1.110139943174128
2008-07-04,1.0909377380097176,1.1100405992601718
2008-07-07,1.0918127836529892,1.1091502311333812
2008-07-08,1.0921143415057442,1.1088438846909405
2008-07-09,1.0926116873482825,1.108338920260829
2008-07-10,1.0927898482734573,1.1081581948579002
2008-07-11,1.0933271063662462,1.1076133810867819
2008-07-14,1.0933005366925186,1.1076402979408329
2008-07-15,1.0931317725637617,1.107811275584751
2008-07-16,1.0934663582153434,1.107472196832514
2008-07-17,1.0932969846519793,1.1076437398442354
2008-07-18,1.0928275928015014,1.1081192912744637
2008-07-21,1.09329919658038,1.1076410884466292
2008-07-22,1.0941713801392188,1.1067574635894455
2008-07-23,1.0944391669255322,1.106486596493319
2008-07-24,1.094479432152838,1.1064458880321593
2008-07-25,1.0955052507914358,1.1054088536382733
2008-07-28,1.0958422525456692,1.1050688053157736
2008-07-29,1.0968973187323308,1.1040048558944817
2008-07-30,1.097014586719425,1.103886828049047
2008-07-31,1.096186055061376,1.1047205500387216
2008-08-01,1.0968783065015175,1.104022908987563
2008-08-04,1.096965582681363,1.1039350643275063
2008-08-05,1.0974171521075078,1.1034806258917251
2008-08-06,1.0979298238487472,1.102965121525119
2008-08-07,1.0977654319170516,1.103130267386887
2008-08-08,1.097226274205788,1.103672059989293
2008-08-11,1.0974105179058542,1.1034867339277756
2008-08-12,1.0972215881315375,1.1036767097811147
2008-08-13,1.0971215694719312,1.1037773168657228
2008-08-14,1.0978782020345494,1.103016094150703
2008-08-15,1.0986994771051362,1.1021909756458423
2008-08-18,1.0991337841847124,1.1017552884049333
2008-08-19,1.098810038314398,1.1020798064298092
2008-08-21,1.099609014066803,1.1010252298692624
2008-08-22,1.0994631331350933,1.1011712986849183
2008-08-25,1.0995562304715392,1.101078056709095
2008-08-26,1.0998805757506382,1.100753262524208
2008-08-27,1.09978050106334,1.1008534166145414
2008-08-28,1.1002833830500576,1.1003500440300151
2008-08-29,1.1003978176976392,1.100235602449378
2008-09-01,1.1006560297487307,1.0999774284626407
2008-09-02,1.1002768170908572,1.1003564073197711
2008-09-03,1.100012701108823,1.1006205424070445
2008-09-04,1.1009113300235354,1.0997214169310057
2008-09-05,1.100729875014195,1.0999026758158397
2008-09-08,1.1018262259972473,1.0988071487412454
2008-09-09,1.1016265250347455,1.0990063025098071
2008-09-10,1.1018163778752676,1.0988169012349271
2008-09-11,1.1025346883505809,1.0981005462174693
2008-09-12,1.1016513871248703,1.0989802950078484
2008-09-15,1.1008518402655305,1.0997779032654327
2008-09-16,1.100323025544454,1.1003062021008336
2008-09-17,1.1007741497550547,1.099855084787719
2008-09-18,1.1010008258672863,1.0996285979332692
2008-09-19,1.102482759355509,1.0981485114468659
2008-09-22,1.102257050784594,1.0983733326779175
2008-09-23,1.102772910382088,1.0978592906721167
2008-09-24,1.1038295332548194,1.0968073757886048
2008-09-25,1.1046683374594874,1.0959739077477475
2008-09-26,1.105778715853531,1.094872268725127
2008-09-29,1.106107245197544,1.094546979711091
2008-09-30,1.1066506795942934,1.09400922491361
2008-10-01,1.1063854412504837,1.0942714333957255
2008-10-02,1.107176044736122,1.0934894863660365
2008-10-03,1.1065933321407118,1.0940649956535466
2008-10-06,1.1061104874200294,1.0945423738302367
2008-10-07,1.1064693461369495,1.0941872681908322
2008-10-08,1.1064797531398156,1.0941769767082206
2008-10-09,1.1064797531398156,1.0939003744686908
2008-10-10,1.106831908840636,1.0935522223656762
2008-10-13,1.106831908840636,1.0928975769009595
2008-10-14,1.106831908840636,1.0923815977367484
2008-10-15,1.106831908840636,1.0916711075786352
2008-10-16,1.106831908840636,1.0922254423654738
2008-10-20,1.1064154616598543,1.0931061990700368
2008-10-21,1.1062149815801041,1.0933042675402986
2008-10-22,1.1065364178881827,1.0929865827383238
2008-10-23,1.1064787235757938,1.0930435705683872
2008-10-24,1.1077973546345572,1.0917409506715714
2008-10-27,1.1084376245541263,1.0911099608179196
2008-10-28,1.1081014327959164,1.0914408970546567
2008-10-29,1.1092934166161366,1.0902668349593365
2008-10-30,1.1096315667039394,1.0899344848160402
2008-10-31,1.1099333275125507,1.0896380805667916
2008-11-03,1.1098741972954496,1.0896961295816907
2008-11-04,1.109706933680093,1.0898603522609076
2008-11-05,1.1099166165544245,1.0896544194651883
2008-11-06,1.1105727495473634,1.0890102645756685
2008-11-07,1.1115988831993737,1.088004053969185
2008-11-10,1.1126376576940142,1.0869873285312504
2008-11-11,1.1123375711317105,1.0872804970110612
2008-11-12,1.1118250756096868,1.0877814478018673
2008-11-13,1.1120612718611222,1.087550359381586
2008-11-14,1.1110660933063903,1.0885236032326522
2008-11-17,1.1114219876772204,1.0881749296251684
2008-11-18,1.111591739854054,1.0880087280697488
2008-11-19,1.1113162521106692,1.0882783711936879
2008-11-20,1.1108168370284266,1.0887674332687005
2008-11-21,1.1114436230945797,1.088153088730784
2008-11-24,1.111715163998508,1.0878872380234819
2008-11-25,1.1114322258223295,1.0881641118496037
2008-11-26,1.1101999862532952,1.089370554172465
2008-11-27,1.1107349646082707,1.0888456130138933
2008-11-28,1.1122996639790288,1.0873117493111906
2008-12-01,1.1131874704253493,1.086443887518672
2008-12-02,1.1129745659156485,1.086651677140218
2008-12-03,1.11281589238382,1.0868065978947075
2008-12-04,1.113296807843018,1.0863369226342594
2008-12-05,1.1129825362764756,1.0866435837187645
2008-12-08,1.1137654390109606,1.0858792085328337
2008-12-09,1.114530655619264,1.0851331512609197
2008-12-10,1.115191830981419,1.084489415442031
2008-12-11,1.1152391596074385,1.084443389823353
2008-12-12,1.1151205789156244,1.0845586960751918
2008-12-15,1.1145546188345377,1.085109145003478
2008-12-17,1.1146123326015425,1.084936731598147
2008-12-18,1.1151211613398044,1.0844414499902857
2008-12-19,1.115907088652336,1.0836771454609333
2008-12-22,1.1151803917205976,1.0843828537269793
2008-12-23,1.116482606013854,1.0831166022200758
2008-12-24,1.1165647803262662,1.083036883681184
2008-12-25,1.1167944510088093,1.082814109486012
2008-12-26,1.1166198576047321,1.08298339059337
2008-12-29,1.116138241422555,1.0834504988239702
2008-12-30,1.1171184295351766,1.0824990169553732
2008-12-31,1.1177442232087114,1.0818926165787361
2009-01-01,1.118166754479633,1.0814836379834618
2009-01-02,1.1182400834109805,1.0814127147163146
2009-01-05,1.118602799513696,1.0810619440623848
2009-01-06,1.1184342253402777,1.081224860804336
2009-01-07,1.118527243433466,1.0811349373447519
2009-01-08,1.1191307155623116,1.080551639256986
2009-01-09,1.1191043957912845,1.0805770517234052
2009-01-12,1.119914451234412,1.0797948840134408
2009-01-13,1.1197763604580317,1.0799280278564376
2009-01-14,1.1197463252411723,1.0799569942408465
2009-01-15,1.1197981958662788,1.0799069667988117
2009-01-16,1.1197981958662788,1.0802222372500625
2009-01-19,1.1197981958662788,1.0790398074953036
2009-01-20,1.1196617367948212,1.0789083152579162
2009-01-21,1.1200608386765827,1.079292890638781
2009-01-22,1.1200660611639874,1.0792979230382123
2009-01-23,1.1190067093519633,1.0782771294885032
2009-01-26,1.1192960806153411,1.078555968223449
2009-01-27,1.1189013720667604,1.0781756262673272
2009-01-28,1.1186879353577643,1.0779699582226405
2009-01-29,1.1178486130562277,1.077161185554476
2009-01-30,1.1177576576530388,1.0770735407439112
2009-02-02,1.117416348223875,1.0767446542873151
2009-02-03,1.1177880980877903,1.0771028732084353
2009-02-04,1.1172865234850853,1.0766195549063116
2009-02-05,1.1174651519087604,1.076791681616827
2009-02-06,1.1184018451181204,1.0776942810888042
2009-02-09,1.1181966158853591,1.0774965217848256
2009-02-10,1.117596456523699,1.0769182070094823
2009-02-11,1.1182957151428699,1.0775920140298945
2009-02-13,1.11783696789194,1.077018261625456
2009-02-16,1.1156961611217808,1.0749556281177979
2009-02-17,1.1156961611217808,1.074774080797809
2009-02-18,1.1155503594359901,1.0746336269015915
2009-02-19,1.1158352615231404,1.0749080792027685
2009-02-20,1.1154886916586897,1.0745742210068931
2009-02-23,1.1155727883493045,1.0746552331556334
2009-02-24,1.1156124573902615,1.0746934471950076
2009-02-25,1.11556575986659,1.0746484624672399
2009-02-26,1.1155734805965947,1.0746559000123197
2009-02-27,1.1149965151126298,1.0741000967665175
2009-03-02,1.113956677149261,1.0730983985172964
2009-03-03,1.1137094135309318,1.0728602041617314
2009-03-04,1.1136433081192214,1.0727965233984713
2009-03-05,1.1136193242329546,1.0727734192055784
2009-03-06,1.1139793895029955,1.073120277815584
2009-03-09,1.1130429956606878,1.0722182295104978
2009-03-10,1.1126120726562947,1.0718031121227356
2009-03-11,1.1126129996411218,1.0718040051071342
2009-03-12,1.110861049295526,1.0701163137016194
2009-03-13,1.110662170974896,1.069924729942802
2009-03-16,1.1109940953077098,1.0702444797834179
2009-03-17,1.1110374172202166,1.0702862127124315
2009-03-18,1.1110374172202166,1.069621606933454
2009-03-19,1.111150844190457,1.0697308057203694
2009-03-20,1.1118786231698365,1.0704314554998917
2009-03-23,1.1112052790423443,1.0697832114205255
2009-03-24,1.1112585202097949,1.0698344679328633
2009-03-25,1.1104080681449038,1.0690157179158344
2009-03-26,1.1098660127821993,1.0684938685891454
2009-03-27,1.1099438064706546,1.0685687623854885
2009-03-30,1.108952422085536,1.0676143335402815
2009-03-31,1.108952422085536,1.0678968109413354
2009-04-01,1.108952422085536,1.0672088625222405
2009-04-02,1.108952422085536,1.0670143844787479
2009-04-03,1.108952422085536,1.067758368584139
2009-04-06,1.108812980723133,1.067892630143668
2009-04-07,1.1094392378529958,1.0672894848115135
2009-04-08,1.1091815535877547,1.0675373791506622
2009-04-09,1.1093729840523852,1.067353135934716
2009-04-10,1.1094382376473584,1.067290353957665
2009-04-14,1.1105707737538697,1.065743607642863
2009-04-15,1.1101345907470639,1.0661621845244555
2009-04-16,1.1099774197400856,1.066313129991375
2009-04-17,1.1110046932592632,1.0653262673560542
2009-04-20,1.1110887305835202,1.0652456851861385
2009-04-21,1.111072395649606,1.0652613461476719
2009-04-22,1.110726317248008,1.0655931552587636
2009-04-23,1.1106426568264682,1.0656734162296027
2009-04-24,1.1107467345619408,1.065573552537863
2009-04-27,1.1115222990051554,1.0648295296807495
2009-04-28,1.1122061622010977,1.0641743941733892
2009-04-29,1.1134395825617116,1.0629942403407402
2009-04-30,1.1137639914933137,1.0626845290360505
2009-05-01,1.1137853842061023,1.062664117436207
2009-05-04,1.1138762386906111,1.062577433051617
2009-05-05,1.113406789078836,1.063025262483739
2009-05-06,1.113406789078836,1.062961520017078
2009-05-07,1.113286778781192,1.06307609299225
2009-05-08,1.113491761844251,1.0628803549326955
2009-05-11,1.113491761844251,1.0623967426398535
2009-05-12,1.113491761844251,1.0628447751887762
2009-05-13,1.113491761844251,1.0621565056105946
2009-05-14,1.1126683473042795,1.0613710529108848
2009-05-15,1.1126683473042795,1.061579500877736
2009-05-18,1.1126683473042795,1.062417755268736
2009-05-19,1.1126683473042795,1.0624955859952567
2009-05-20,1.1126683473042795,1.061860626220531
2009-05-21,1.1126683473042795,1.061987713221309
2009-05-22,1.1126683473042795,1.0624450004593184
2009-05-25,1.1126683473042795,1.062680912847864
2009-05-26,1.1126683473042795,1.062253157044083
2009-05-27,1.1126683473042795,1.0618476233022942
2009-05-28,1.1126683473042795,1.0618999373804723
2009-05-29,1.1126683473042795,1.0622973455636047
2009-06-01,1.1127117813797982,1.0622558777684237
2009-06-02,1.1127245700982056,1.0622436689543133
2009-06-03,1.1143002591550566,1.06073946407751
2009-06-04,1.1143002591550566,1.061134941064287
2009-06-05,1.1146228869557224,1.0608277064303249
2009-06-08,1.1156958596497186,1.0598065187485042
2009-06-09,1.1159488409850016,1.0595662101859729
2009-06-11,1.1160677901412102,1.0598354511286714
2009-06-12,1.1160088084716269,1.05989146104576
2009-06-15,1.115826524439511,1.0600645791140566
2009-06-16,1.1160873689149082,1.059816769994117
2009-06-17,1.1155780992036406,1.0603003634792545
2009-06-18,1.1163172636325385,1.0595978252049814
2009-06-19,1.1162452977170856,1.059666134573641
2009-06-22,1.116215416807424,1.0596945009086243
2009-06-23,1.1162822593818202,1.0596310429887212
2009-06-24,1.1161146362183787,1.0597901592928762
2009-06-25,1.1163527128320117,1.0595640971626092
2009-06-26,1.1162197954893263,1.059690253029461
2009-06-29,1.1165450653418796,1.059381456057979
2009-06-30,1.1163079223737933,1.0596064580490525
2009-07-01,1.1165576524161793,1.0593694127317368
2009-07-02,1.1175188788140664,1.0584574187631062
2009-07-03,1.1170298682969992,1.0589205848173495
2009-07-06,1.116789222011244,1.0591487123839243
2009-07-07,1.1170272211960306,1.0589229969802056
2009-07-08,1.1169675700838122,1.058979545230172
2009-07-09,1.1175429305707336,1.0584340549195288
2009-07-10,1.1178660486787833,1.0581280271151685
2009-07-13,1.1178660486787833,1.0575582421693157
2009-07-14,1.1182692689213167,1.0571767752740604
2009-07-15,1.1183732827903659,1.0570784438169407
2009-07-16,1.1185407531158011,1.0569201520607616
2009-07-17,1.1189526025917573,1.0565309914427499
2009-07-20,1.1202624468973643,1.0552942177852838
2009-07-21,1.1199797686306652,1.0555605024770247
2009-07-22,1.1196567052452049,1.0558649838248486
2009-07-23,1.1205221233653397,1.0550488723460916
2009-07-24,1.1205221233653397,1.0549881203078189
2009-07-27,1.119422627803165,1.0560233116103714
2009-07-28,1.1199451041473132,1.055530426094676
2009-07-29,1.1199449950065796,1.0555305289580794
2009-07-30,1.1201020997446844,1.0553824602153707
2009-07-31,1.1205095198978376,1.0549985808496647
2009-08-03,1.1205095198978376,1.054555934196685
2009-08-04,1.121429612862407,1.0536899982286554
2009-08-05,1.121429612862407,1.0537573553258592
2009-08-06,1.121429612862407,1.0534981828360102
2009-08-10,1.121429612862407,1.0534276369373887
2009-08-11,1.121429612862407,1.0529045629666707
2009-08-12,1.1217584474857096,1.0532133041229281
2009-08-13,1.1217584474857096,1.0526775150583476
2009-08-14,1.1219987684430561,1.0529030363983143
2009-08-17,1.1214069423199244,1.0523476565355272
2009-08-18,1.1211038396191007,1.0520632197223916
2009-08-19,1.1201023161748416,1.0511233728124456
2009-08-20,1.120333217441196,1.0513400545515799
2009-08-21,1.120287375068027,1.0512970352762803
2009-08-24,1.1196633034004502,1.0507113956372693
2009-08-25,1.1196302549372248,1.0506803823881847
2009-08-26,1.1195022131878434,1.0505602257975528
2009-08-27,1.1195022131878434,1.0513614178087178
2009-08-28,1.119534970664483,1.0513306541829939
2009-08-31,1.119534970664483,1.0517288326807053
2009-09-01,1.119534970664483,1.0510821393842
2009-09-02,1.119534970664483,1.0500236722437217
2009-09-03,1.1191983914518222,1.0497079910455995
2009-09-04,1.1189409675823834,1.0494665504798342
2009-09-07,1.118614077342917,1.0491599566719951
2009-09-08,1.1183038437540556,1.048868985312667
2009-09-09,1.1187713025097745,1.0493074198164245
2009-09-10,1.1183297785023174,1.048893309786955
2009-09-11,1.1183297785023174,1.0481935976543653
2009-09-14,1.1179643018936305,1.0478510419532812
2009-09-15,1.1176740601317428,1.0475790027369152
2009-09-16,1.117098076251556,1.0470391417521059
2009-09-17,1.1182830352068565,1.0481497858700624
2009-09-18,1.1177741985344005,1.0476728609481183
2009-09-21,1.1174627365637453,1.0473809323508212
2009-09-22,1.118301706962597,1.048167286624491
2009-09-23,1.11763744239322,1.047544681484081
2009-09-24,1.116925774257975,1.046877645697895
2009-09-25,1.1172913903898245,1.0472203321719304
2009-09-28,1.1163166332493715,1.046306707037796
2009-09-29,1.1163166332493715,1.0454676766527233
2009-09-30,1.1163166332493715,1.0447204809060808
2009-10-01,1.1163166332493715,1.0440467734159518
2009-10-02,1.11710817893485,1.0433064720585046
2009-10-05,1.1171808066760482,1.0432386424661053
2009-10-07,1.116776419616557,1.0441770484365756
2009-10-08,1.1160612682995186,1.0448457092162031
2009-10-09,1.1173052888283932,1.0436810692912357
2009-10-12,1.117530161106819,1.0434710148483293
2009-10-13,1.11785148737705,1.0431709829915037
2009-10-14,1.1181867312763307,1.0428581357914026
2009-10-15,1.118588278725709,1.042483639284891
2009-10-16,1.1193563685110495,1.0417678075084027
2009-10-19,1.1191134963865572,1.041993844870368
2009-10-20,1.1191846096652496,1.041927632105599
2009-10-21,1.1188062775001633,1.0422798481149271
2009-10-22,1.1179822980032748,1.0430474673553067
2009-10-23,1.1177333785524104,1.0432797025197302
2009-10-26,1.117864900767177,1.043156941170978
2009-10-27,1.1178200923767678,1.043198754974637
2009-10-28,1.1181669668650358,1.0428750364829396
2009-10-29,1.1177219079752254,1.0432901272696486
2009-10-30,1.1178693773255302,1.0431524782568218
2009-11-02,1.1174970846230483,1.0434998874113333
2009-11-03,1.117861511889345,1.0431595913903566
2009-11-04,1.1185543313279003,1.0425130701220744
2009-11-05,1.1183327970110424,1.0427195441522907
2009-11-06,1.1186927011674976,1.0423839740080898
2009-11-09,1.1186963310770792,1.042380591703395
2009-11-10,1.1193756410791227,1.0417476231826186
2009-11-11,1.1206405558505068,1.0405704294790397
2009-11-12,1.1200977691368836,1.0410744339082583
2009-11-13,1.1202781637361203,1.040906766218477
2009-11-16,1.1203651157875443,1.0408259746958057
2009-11-17,1.1211671912807581,1.0400808417072467
2009-11-18,1.1216344754887158,1.0396473529679142
2009-11-19,1.1217141655078957,1.0395734879795342
2009-11-20,1.1221386620201201,1.0391800764194257
2009-11-23,1.1219628323440463,1.0393429071839322
2009-11-24,1.1230907712091993,1.0382980283114434
2009-11-25,1.1232153582921356,1.0381828474855637
2009-11-26,1.1239702851852025,1.0374850719915751
2009-11-27,1.1240160174879146,1.0374428586145874
2009-11-30,1.1237034391279697,1.0377313617873511
2009-12-01,1.1230501188738704,1.0383346979464854
2009-12-02,1.1225743628035514,1.038774566147618
2009-12-04,1.1230460330898042,1.0387867758498217
2009-12-07,1.1238094349232413,1.0380806500937365
2009-12-08,1.1239574861570945,1.0379438928141573
2009-12-09,1.1250202679899555,1.0369624429582704
2009-12-10,1.1253381760456562,1.0366694182693337
2009-12-11,1.1256419316340802,1.0363895964914447
2009-12-14,1.1270706648989797,1.0350741477236882
2009-12-15,1.1273135331279442,1.0348511034790515
2009-12-16,1.1270057647242075,1.035133628670902
2009-12-17,1.1265439481572788,1.0355577985142768
2009-12-18,1.1258733005363457,1.0361742807873813
2009-12-21,1.1263406247557717,1.035744188576537
2009-12-22,1.1264158147502106,1.035675046437767
2009-12-23,1.1264689980499618,1.035626147429321
2009-12-24,1.1266178810238168,1.0354892709587762
2009-12-25,1.1268955204928344,1.0352340888813345
2009-12-28,1.1272419050989082,1.0349158791222661
2009-12-29,1.12755556555223,1.034627908827401
2009-12-30,1.1279605267852644,1.0342563225335715
2009-12-31,1.1288679030085818,1.0334243256918405
2010-01-01,1.1285874787745886,1.0336810406043202
2010-01-04,1.1295060467350233,1.0328397178862632
2010-01-05,1.1298729523579707,1.0325042130864517
2010-01-06,1.1304852881591558,1.0319446463730189
2010-01-07,1.130713664675441,1.0317361766779185
2010-01-08,1.1311632971142065,1.0313259030005277
2010-01-11,1.1318720137500013,1.0306797382723691
2010-01-12,1.1319203397741817,1.030635732719313
2010-01-13,1.1319019251635245,1.030652499584507
2010-01-14,1.1324306178652261,1.0301710988178794
2010-01-15,1.131591390434393,1.030934543245238
2010-01-18,1.13203430322268,1.0305310282512656
2010-01-19,1.131959933091417,1.030598730022867
2010-01-20,1.1320421116628205,1.0305239101208123
2010-01-21,1.1321756708687596,1.0304023281109924
2010-01-22,1.1316135724714707,1.0309138984547974
2010-01-25,1.1317115693947553,1.0308246220510167
2010-01-26,1.131683173580831,1.0308504865070742
2010-01-27,1.1318802929282503,1.0306709304440957
2010-01-28,1.1319888086712557,1.0305721178554237
2010-01-29,1.1331566074308848,1.0295089440574843
2010-02-02,1.133774855206978,1.029168668402713
2010-02-03,1.1340465453487671,1.0289220453803738
2010-02-04,1.1339674816856216,1.0289937799545257
2010-02-05,1.1352601708466479,1.027820757687491
2010-02-08,1.1350224120717356,1.0280360153090058
2010-02-09,1.1362046268574806,1.0269652352392462
2010-02-10,1.1364866289841988,1.026710345958251
2010-02-11,1.1368844336123212,1.026350966343087
2010-02-12,1.1377763200752407,1.0255457934459815
2010-02-15,1.138158475438308,1.0252013339787545
2010-02-16,1.1385529543464932,1.024846005339004
2010-02-17,1.1386631455513063,1.0247468188974378
2010-02-18,1.139229997004971,1.024236677486258
2010-02-19,1.13966890491711,1.0238420727244157
2010-02-22,1.1399489094505715,1.0235905256122024
2010-02-23,1.1392631108163016,1.0242063224945863
2010-02-24,1.13943473819579,1.0240520281568548
2010-02-25,1.1392453826457563,1.0242222089741977
2010-02-26,1.140329996149502,1.0232471027717835
2010-03-01,1.1410898076520095,1.0225653045894865
2010-03-02,1.1407202134719983,1.0228965091824322
2010-03-03,1.1406533477004575,1.022956468463845
2010-03-04,1.1400880406575775,1.0234634450114068
2010-03-05,1.1405084476001819,1.0230860433350095
2010-03-08,1.1409136925399816,1.0227225208701705
2010-03-09,1.1417054321525435,1.0220128002859348
2010-03-10,1.1423175584808316,1.021464847262953
2010-03-11,1.142956570926359,1.0208934398244316
2010-03-12,1.1427827330198874,1.0210487125467937
2010-03-15,1.1429195548901583,1.0209264655172827
2010-03-16,1.1422763224426742,1.0215010405399134
2010-03-17,1.142029556907903,1.021721715034854
2010-03-18,1.1427385774644039,1.0210873867071841
2010-03-19,1.1440550081260623,1.0199110977723373
2010-03-22,1.1439230859915184,1.0200287047476204
2010-03-23,1.1438909933155732,1.0200573215760393
2010-03-24,1.1438909933155732,1.0200153806084296
2010-03-25,1.1438909933155732,1.0194775783070125
2010-03-26,1.1438909933155732,1.0197261251922451
2010-03-29,1.1438909933155732,1.0189577700321566
2010-03-30,1.1438909933155732,1.0189804825101978
2010-04-01,1.1438909933155732,1.0177374275630524
2010-04-02,1.1438909933155732,1.01743874158649
2010-04-05,1.1441742476257208,1.017186799827573
2010-04-06,1.1444109431496956,1.0169763742188291
2010-04-07,1.144502663216796,1.0168948675346776
2010-04-08,1.1444482887109315,1.016943179485113
2010-04-09,1.1444482887109315,1.0164352083401273
2010-04-12,1.1444482887109315,1.015636986989228
2010-04-13,1.1444482887109315,1.0153285194263495
2010-04-14,1.1444482887109315,1.0152416524867385
2010-04-15,1.1444482887109315,1.0145374588013099
2010-04-16,1.1444482887109315,1.0144803638685478
2010-04-19,1.1444482887109315,1.0141633032594843
2010-04-20,1.1444482887109315,1.014033895346411
2010-04-21,1.1444482887109315,1.0141939897248036
2010-04-22,1.1444482887109315,1.0137031278944981
2010-04-23,1.1444482887109315,1.0141863350226064
2010-04-26,1.1444482887109315,1.0142465439275226
2010-04-27,1.1444482887109315,1.0144135858902346
2010-04-28,1.1444482887109315,1.014367060048766
2010-04-29,1.1444482887109315,1.013283521135685
2010-04-30,1.1444482887109315,1.0120196881824792
2010-05-03,1.1444482887109315,1.011725995395355
2010-05-04,1.1444482887109315,1.0113440032976098
2010-05-05,1.1444482887109315,1.0120959928312339
2010-05-06,1.1444482887109315,1.012082190552472
2010-05-07,1.1444482887109315,1.0122996866257736
2010-05-10,1.1444482887109315,1.0122944194787702
2010-05-11,1.1440255221252744,1.0119204713855061
2010-05-12,1.1442445135906338,1.0121141750595677
2010-05-13,1.1442445135906338,1.0130954918760295
2010-05-14,1.1442445135906338,1.0125569201724582
2010-05-17,1.1442445135906338,1.012443910514917
2010-05-18,1.1442445135906338,1.0119874378579232
2010-05-19,1.1442445135906338,1.0108615017508948
2010-05-20,1.1442445135906338,1.0107332390496937
2010-05-21,1.1442445135906338,1.0114901791279975
2010-05-24,1.1442445135906338,1.0110028765364478
2010-05-25,1.1442445135906338,1.0099987112761584
2010-05-26,1.1442445135906338,1.0089666067505663
2010-05-27,1.1442445135906338,1.0093170923914485
2010-05-31,1.1442445135906338,1.0086544816676548
2010-06-01,1.1442445135906338,1.0084148150106773
2010-06-02,1.1442445135906338,1.0072470934729192
2010-06-03,1.1442445135906338,1.007378324323754
2010-06-04,1.1442445135906338,1.0069536319771923
2010-06-07,1.1442445135906338,1.0069026931762173
2010-06-08,1.1442445135906338,1.006065839132194
2010-06-09,1.1442445135906338,1.005711949282911
2010-06-10,1.1438648877457223,1.005378284367808
2010-06-11,1.144241120214688,1.0057089667396726
2010-06-14,1.14406967357255,1.005558276974841
2010-06-15,1.1438677778415791,1.0053808245625857
2010-06-16,1.1433969779991633,1.0049670239966977
2010-06-17,1.1433728666904637,1.004945831820564
2010-06-18,1.1431440220041102,1.004744693136601
2010-06-21,1.1430140639156214,1.0046304689468002
2010-06-22,1.1423700155471401,1.0040643948844783
2010-06-23,1.1422294708390381,1.0039408657867481
2010-06-24,1.1432875336184638,1.0048708299401448
2010-06-25,1.1424642612895541,1.004147230387021
2010-06-28,1.1426230836880862,1.0042868243130745
2010-06-29,1.1429953438005838,1.0046140152577838
2010-06-30,1.1431996624913001,1.0047935972844177
2010-07-01,1.142077399715613,1.0038072057655263
2010-07-02,1.1420399037567825,1.0037742494057642
2010-07-05,1.1403601460332005,1.002297858307147
2010-07-06,1.1396305230953854,1.0016565701049174
2010-07-07,1.139457447095622,1.0015044482471949
2010-07-08,1.139677807317073,1.0016981296721243
2010-07-09,1.1392321410523205,1.00130641978623
2010-07-12,1.1386370339914196,1.0007833617552393
2010-07-13,1.1379351549390468,1.0001664585133723
2010-07-14,1.1381154316063968,1.0003249092608981
2010-07-15,1.1383035527839458,1.0004902547914443
2010-07-16,1.1385013862352897,1.0006641367402946
2010-07-19,1.1380615488862744,1.000277550069009
2010-07-20,1.1377384889444049,0.9999936026783826
2010-07-21,1.1372376724762419,0.9995534195702733
2010-07-22,1.1369766045567855,0.9993239588885282
2010-07-23,1.1382863220479393,1.000475110163796
2010-07-26,1.1374545199022583,0.9997440134904763
2010-07-28,1.1377057825435513,0.999940944166443
2010-07-29,1.1378246221938944,1.0000453935188078
2010-07-30,1.1369187537314704,0.9992492167044634
2010-08-02,1.1366716944614184,0.9990320738512307
2010-08-03,1.13698819600128,0.9993102502070649
2010-08-04,1.1370195807637604,0.9993378345874105
2010-08-05,1.1372800559179994,0.9995667687948814
2010-08-06,1.1382345947868768,1.0004057225142295
2010-08-09,1.1381861163413112,1.000363114325562
2010-08-10,1.1381861163413112,0.9996233486302438
2010-08-11,1.1376901812690292,0.999187788689264
2010-08-12,1.1376901812690292,0.9988022648922102
2010-08-13,1.1372765816047703,0.9984391570020114
2010-08-16,1.1372765816047703,0.9979116262052052
2010-08-17,1.1372765816047703,0.9978946215805748
2010-08-18,1.1377139618790453,0.9975108456105567
2010-08-19,1.1381454732650655,0.9971325103681475
2010-08-20,1.1381454732650655,0.9965756699081093
2010-08-23,1.1381454732650655,0.9962268926359386
2010-08-24,1.1381454732650655,0.9958868992130432
2010-08-25,1.1381454732650655,0.9960745917384632
2010-08-26,1.1381454732650655,0.9954068781850125
2010-08-27,1.1381454732650655,0.9955103604385734
2010-08-30,1.1386811932741545,0.995978942734835
2010-08-31,1.1387642590995242,0.9960515985522996
2010-09-01,1.1390350250277357,0.9962884314467934
2010-09-02,1.1394286460220016,0.9966327229166295
2010-09-03,1.1394286460220016,0.9963028732319607
2010-09-06,1.1391556063309738,0.9965416158944582
2010-09-07,1.139446344512826,0.9962872760168022
2010-09-08,1.1388889820153598,0.9967746119646761
2010-09-09,1.1392468464997443,0.9964614030056016
2010-09-10,1.139324253626773,0.9963936975608698
2010-09-13,1.139324253626773,0.9962191146936537
2010-09-14,1.1390685233116058,0.9959955054556644
2010-09-15,1.13857482561009,0.9955638187909027
2010-09-16,1.139148326550456,0.9960652849865611
2010-09-17,1.138984244194721,0.9959218122406358
2010-09-20,1.1393876547970174,0.9962745523423219
2010-09-21,1.139606360618716,0.9964657875586155
2010-09-22,1.138937710503112,0.9958811234262701
2010-09-24,1.138839271081555,0.9954679914490556
2010-09-27,1.1394314057700192,0.9959855808437672
2010-09-28,1.1391124556140422,0.9957067841081741
2010-09-29,1.1397875730192613,0.9962969093211267
2010-09-30,1.1397875730192613,0.9960434827873372
2010-10-01,1.1402349036825488,0.995652567144488
2010-10-04,1.1402349036825488,0.9951232801752377
2010-10-05,1.1409903527062746,0.9957825872250984
2010-10-06,1.1421210033594085,0.9967693459912483
2010-10-07,1.1417780190990472,0.9964700115110312
2010-10-08,1.141266699635979,0.996023764952833
2010-10-11,1.1406481184150319,0.9954839072694243
2010-10-12,1.1406671159408923,0.9955004870813458
2010-10-13,1.1411213618119291,0.9958969234996069
2010-10-14,1.1411213618119291,0.9955136881564749
2010-10-15,1.1411213618119291,0.9961937335252946
2010-10-18,1.1411736784218942,0.9961480613639009
2010-10-19,1.1410347493254993,0.9962693347096306
2010-10-20,1.141773467565857,0.9956243391647588
2010-10-21,1.142815220374358,0.9947159326541853
2010-10-22,1.1426069534358072,0.9948972099405988
2010-10-25,1.142327646421977,0.9951404097285408
2010-10-26,1.142059445969018,0.995374052947702
2010-10-27,1.1408064841455703,0.9964660851468978
2010-10-28,1.1402497478106242,0.9969523804860749
2010-10-29,1.1398826118046965,0.9972733778077357
2010-11-01,1.1394739401412721,0.9976309210898042
2010-11-02,1.139516193317902,0.9975939276369173
2010-11-03,1.1385088922629565,0.9984757733023046
2010-11-04,1.1388590931835691,0.9981686460260961
2010-11-05,1.138607476759371,0.9983891786863375
2010-11-08,1.138721754363854,0.9982889742471336
2010-11-09,1.138449084901935,0.9985280167668751
2010-11-10,1.1384723053443075,0.9985076502326328
2010-11-11,1.138695018434186,0.9983123176601963
2010-11-12,1.1381225688664776,0.9988141934438179
2010-11-15,1.137762645277624,0.9991300616982015
2010-11-16,1.137515192647645,0.9993473630505395
2010-11-17,1.13696724991283,0.9998287501394149
2010-11-18,1.1363514995968083,1.0003702300007857
2010-11-19,1.1358816129945961,1.0007838877189266
2010-11-23,1.135706542017729,1.0007091466221836
2010-11-24,1.135491307778948,1.0008987967328817
2010-11-25,1.136046317797042,1.0004095733848215
2010-11-26,1.1354463492536147,1.0009379094791968
2010-11-29,1.135248233721776,1.0011125556405098
2010-11-30,1.135422065568341,1.0009592629605504
2010-12-01,1.1355180812453143,1.0008746179777106
2010-12-02,1.1352989904166861,1.0010677302257913
2010-12-03,1.1338354868162195,1.002358197529879
2010-12-06,1.1338200866884036,1.0023718118897564
2010-12-07,1.1344212172858856,1.001840372754699
2010-12-08,1.1343135693126292,1.0019354398109301
2010-12-09,1.134241436627884,1.0019991543737903
2010-12-10,1.1347982915623214,1.0015072236830247
2010-12-13,1.1344259988707222,1.00183578764257
2010-12-14,1.1338016371169206,1.0023871748198883
2010-12-15,1.1334070106984222,1.00273606165141
2010-12-16,1.132770432868581,1.0032992481678196
2010-12-17,1.1328612401927831,1.003218819761978
2010-12-20,1.1333842235666007,1.0027556855806485
2010-12-21,1.1326520771332738,1.0034034482576215
2010-12-22,1.1322292200993258,1.0037780524406266
2010-12-23,1.1319919082117644,1.0039884413442945
2010-12-24,1.1320963791195244,1.0038957838057672
2010-12-27,1.1308751027394008,1.004978760689609
2010-12-28,1.129339135797941,1.0063437338414178
2010-12-29,1.129143724421833,1.0065178631243181
2010-12-30,1.1284490374045002,1.007137106606882
2010-12-31,1.1280858106872216,1.0074612852742002
2011-01-03,1.1277663972822753,1.0077465442823645
2011-01-04,1.127646808571396,1.0078534060494948
2011-01-05,1.127996787733544,1.0075406062544385
2011-01-06,1.1278484015945378,1.0076731465790918
2011-01-07,1.1280613401118305,1.007482897228696
2011-01-10,1.128084028177265,1.007462634289897
2011-01-11,1.1272273186149602,1.008227739415847
2011-01-12,1.1277387711624105,1.0077702800931188
2011-01-13,1.1274039724913194,1.0080694629882787
2011-01-14,1.1275257319200571,1.0079605916653667
2011-01-17,1.127125407326668,1.0083184650181314
2011-01-18,1.1269237846187026,1.0084988352751472
2011-01-20,1.1269765331232886,1.0086092313239043
2011-01-21,1.1263416276730516,1.0091774521158245
2011-01-24,1.1260186911235843,1.0094667961977437
2011-01-25,1.1265891034309243,1.0089554261033205
2011-01-26,1.1253638117506286,1.010052777999969
2011-01-27,1.125491266478342,1.0099383829923707
2011-01-28,1.1252762196725117,1.0101313511919618
2011-01-31,1.1254098993109207,1.0100113504388915
2011-02-01,1.1246380221119443,1.010704080023542
2011-02-02,1.124702520631629,1.0106461156690396
2011-02-03,1.1240773184832524,1.0112079158883633
2011-02-04,1.123853238200953,1.0114094961102305
2011-02-07,1.1235781033587702,1.0116571031665929
2011-02-08,1.1225913395071543,1.012545574254318
2011-02-09,1.1226903425947437,1.012456276275037
2011-02-10,1.1225387590961247,1.0125929761812658
2011-02-11,1.1224134996430455,1.0127059672395793
2011-02-14,1.1216141357976637,1.0134271992422867
2011-02-15,1.1202988500557944,1.0146156171687761
2011-02-16,1.1203339793549,1.0145838017871118
2011-02-17,1.1217190478190144,1.0133294722265056
2011-02-18,1.1221734933240082,1.0129189389252957
2011-02-21,1.1221376995071852,1.0129512478643072
2011-02-22,1.1217218734498235,1.0133266131371113
2011-02-23,1.1216717710111708,1.0133718740308066
2011-02-24,1.121712117198997,1.0133354233568892
2011-02-25,1.1209045944465206,1.014064925514978
2011-02-28,1.1211110060185023,1.0138781881812173
2011-03-01,1.1214254520366433,1.0135938185180509
2011-03-02,1.1211609923790649,1.013832848828699
2011-03-03,1.121489766289389,1.0135355482693766
2011-03-04,1.1212835237834387,1.0137219379428521
2011-03-07,1.1214183180973156,1.0136000740697206
2011-03-08,1.121571911102412,1.0134612481928558
2011-03-09,1.121571911102412,1.0134595022750068
2011-03-10,1.121571911102412,1.0142187293792289
2011-03-11,1.1211765430567582,1.0145762540933654
2011-03-14,1.1211765430567582,1.0142423263353555
2011-03-15,1.1211765430567582,1.0149240794312664
2011-03-16,1.1211765430567582,1.015684869091989
2011-03-17,1.1211765430567582,1.0157076313794529
2011-03-21,1.1211765430567582,1.0160698333792078
2011-03-22,1.1211765430567582,1.0160471398312907
2011-03-23,1.1211765430567582,1.0161630053215676
2011-03-24,1.1211765430567582,1.0157320715674238
2011-03-25,1.1211765430567582,1.0166788845646595
2011-03-28,1.1211765430567582,1.0173107227656861
2011-03-29,1.1211765430567582,1.0177747225686502
2011-03-30,1.1211765430567582,1.0185397187848753
2011-03-31,1.1211765430567582,1.0188758739586827
2011-04-01,1.121855012770529,1.0182593105576254
2011-04-04,1.1214619673380641,1.0186160609099646
2011-04-05,1.1211186745414954,1.0189278713559395
2011-04-06,1.1204974133055396,1.019492504166973
2011-04-07,1.1196290391590005,1.0202826005319412
2011-04-08,1.119301002517401,1.0205815299684375
2011-04-11,1.11930634244371,1.0205766610099092
2011-04-12,1.1200758510646291,1.019875027766912
2011-04-13,1.119844060177234,1.0200860828820577
2011-04-14,1.1188233887349057,1.0210158308447779
2011-04-15,1.1185509484661642,1.021264454381026
2011-04-18,1.1187469299032735,1.0210855185214547
2011-04-19,1.1191829281744436,1.0206875808745282
2011-04-20,1.1200420778791094,1.019904041909102
2011-04-21,1.119307275617595,1.0205731487322505
2011-04-22,1.1186264055887025,1.0211939591963664
2011-04-25,1.1174806194727567,1.0222399472530483
2011-04-26,1.117279856599625,1.0224235995019233
2011-04-27,1.1174307851286542,1.0222854846965714
2011-04-28,1.1176616543860716,1.0220742731442665
2011-04-29,1.1172119547118815,1.0224855125080106
2011-05-02,1.1164956182627328,1.0231411120459917
2011-05-03,1.116523420173219,1.0231156347605042
2011-05-04,1.1159576959650994,1.023634030767101
2011-05-05,1.1167510677370465,1.0229062949866576
2011-05-06,1.1157770569896464,1.02379845596477
2011-05-09,1.115816455609945,1.0237623051527631
2011-05-10,1.1166364193450309,1.0230099879061831
2011-05-11,1.1166173418831462,1.0230274657832379
2011-05-12,1.116377126007301,1.0232475478377512
2011-05-13,1.1162151233744033,1.0233960360080963
2011-05-16,1.1158830027071418,1.0237005391161746
2011-05-18,1.1158830027071418,1.0243537485697156
2011-05-19,1.1164280154766386,1.0238534399602126
2011-05-20,1.1164280154766386,1.0241995043833116
2011-05-23,1.1164280154766386,1.0244164894488945
2011-05-24,1.1164280154766386,1.0247993656784142
2011-05-25,1.1164280154766386,1.0248829508186081
2011-05-26,1.117507766429039,1.025874164158747
2011-05-27,1.1176832474796408,1.0260352560826869
2011-05-30,1.1165434739603395,1.0249889419168534
2011-05-31,1.1176687160263925,1.0260219161821482
2011-06-01,1.117820876027608,1.0261615993402924
2011-06-02,1.1182023086870085,1.0265117552160727
2011-06-03,1.1181810629754978,1.0264922516142252
2011-06-06,1.119052860630056,1.0272925634483374
2011-06-07,1.1195753400777542,1.02777220053257
2011-06-08,1.1195168779007894,1.0277185321476778
2011-06-09,1.119033959872474,1.0272752125184654
2011-06-10,1.119346635783892,1.0275622495744168
2011-06-13,1.119081644383569,1.027318986986467
2011-06-14,1.120294892158215,1.0284327506524769
2011-06-15,1.1206417076613318,1.0287511279157635
2011-06-16,1.1205933341602792,1.0287067209537266
2011-06-17,1.1200649770619264,1.028221688175492
2011-06-20,1.1200649770619264,1.028137648328319
2011-06-21,1.1200649770619264,1.0282556418756084
2011-06-22,1.1202889675271446,1.0284612723205413
2011-06-23,1.1212134119398591,1.029309941998141
2011-06-24,1.1213429511228061,1.029428863130787
2011-06-27,1.1209631485403821,1.0290801921552863
2011-06-28,1.1209631485403821,1.0293499883731214
2011-06-29,1.1217563435418598,1.030078357781707
2011-06-30,1.121726819943331,1.0300512470637124
2011-07-01,1.122074976265798,1.0303709495507656
2011-07-04,1.1225724319598576,1.0308277495923754
2011-07-05,1.1213912647819542,1.0297431158803532
2011-07-06,1.121530912309439,1.02987135040883
2011-07-07,1.1222845033545792,1.030563352580858
2011-07-08,1.122704932484771,1.0309494212226669
2011-07-11,1.1224408796075669,1.03070694864323
2011-07-12,1.1224408796075669,1.030919093902026
2011-07-13,1.1224408796075669,1.031351050730262
2011-07-15,1.1228244949164183,1.0305069313318092
2011-07-18,1.1219331843244555,1.0313249592134108
2011-07-19,1.12094143392634,1.0322366150527933
2011-07-20,1.121369555424372,1.0318423726128363
2011-07-21,1.120802074704339,1.0323645471713825
2011-07-22,1.1206287451192318,1.0325242000866286
2011-07-25,1.1195211990086413,1.0335446702172382
2011-07-26,1.120009512008828,1.0330938584780878
2011-07-27,1.1196989458097992,1.0333803239316643
2011-07-28,1.120087316684948,1.0330218929245898
2011-07-29,1.1201166561168716,1.032994834073863
2011-08-01,1.1201166561168716,1.0333290049632167
2011-08-02,1.1201166561168716,1.033644364144976
2011-08-03,1.1201166561168716,1.03339879523034
2011-08-04,1.1201166561168716,1.0337950002994827
2011-08-05,1.1201774658774275,1.0337388768358338
2011-08-08,1.1206923742617865,1.0332637014005703
2011-08-09,1.119690878631864,1.0341870672637419
2011-08-10,1.1204467754482261,1.0334888935743904
2011-08-11,1.120070543756166,1.0338359259222671
2011-08-12,1.1196125767513576,1.034258633889276
2011-08-15,1.1184883863801172,1.0352971213283546
2011-08-16,1.1184006545066976,1.0353783278541497
2011-08-17,1.1185137246475192,1.0352736512582783
2011-08-18,1.1181617148993817,1.0355994643522106
2011-08-19,1.118897051925128,1.0349184227641879
2011-08-22,1.1176638799165253,1.0360590392560665
2011-08-23,1.1170335968592942,1.036643302978343
2011-08-24,1.116411479062744,1.0372206484129571
2011-08-25,1.1165943582949178,1.0370507414213739
2011-08-26,1.1168402499400671,1.0368223665321252
2011-08-29,1.1162405241788054,1.037379123940443
2011-08-30,1.1145464246411907,1.0389535368524734
2011-08-31,1.1146579910418104,1.0388495373205067
2011-09-01,1.1147484826168217,1.038765200123279
2011-09-02,1.1149007900304635,1.038623274259751
2011-09-05,1.1154334022264087,1.0381271014811415
2011-09-06,1.1148350434150875,1.0386839903973268
2011-09-07,1.115304591985354,1.0382465152878653
2011-09-08,1.1154837868164247,1.0380797012979885
2011-09-09,1.1143666730845334,1.0391192978415
2011-09-13,1.1137640011724323,1.040007676174414
2011-09-14,1.1136566668316628,1.0401079025582798
2011-09-15,1.1139174723451146,1.0398643213149297
2011-09-16,1.1130920408233622,1.0406348782102732
2011-09-19,1.1129928593582308,1.0407276034190631
2011-09-20,1.1129557155488852,1.040762335526603
2011-09-21,1.1123761980974367,1.0413042617935886
2011-09-22,1.1119146796503494,1.0417362929056087
2011-09-23,1.112373943966022,1.0413060150125035
2011-09-26,1.1120044681400685,1.0416518855734371
2011-09-27,1.1124272065608989,1.0412558923146162
2011-09-28,1.112557524235833,1.0411339121561864
2011-09-29,1.1115417759876223,1.0420844517232546
2011-09-30,1.1112824324427766,1.0423275895715811
2011-10-03,1.1119265724567842,1.041723418310931
2011-10-04,1.111584511744358,1.04204388250654
2011-10-05,1.1112555402529027,1.0423522735704385
2011-10-06,1.1114004053437112,1.0422163908222357
2011-10-07,1.111587782553204,1.0420406777326412
2011-10-10,1.1114440434273796,1.0421754237405063
2011-10-11,1.1112257314020841,1.0423801298872668
2011-10-12,1.1117858196545196,1.0418547417066086
2011-10-13,1.1123000291180967,1.0413728759026135
2011-10-14,1.1126851594356724,1.0410123038843524
2011-10-17,1.112551520714797,1.0411373343581813
2011-10-18,1.1121360898866903,1.0415260988665496
2011-10-19,1.1117479770310867,1.0418895702726958
2011-10-20,1.1119056572982822,1.0417417980894108
2011-10-21,1.1120561029337304,1.0416008459270059
2011-10-24,1.1122900088140888,1.0413817593519616
2011-10-25,1.112279062960089,1.0413920074101173
2011-10-26,1.1109560693959553,1.0426306847973166
2011-10-27,1.1109233853183091,1.0426613587575182
2011-10-28,1.1101576655543608,1.0433800279475425
2011-10-31,1.110187291033974,1.043352184484667
2011-11-01,1.110187291033974,1.0435236146658617
2011-11-02,1.110187291033974,1.043086263365715
2011-11-03,1.110187291033974,1.0421346695291889
2011-11-04,1.110187291033974,1.0423610050720666
2011-11-07,1.110187291033974,1.0428160454292055
2011-11-08,1.110187291033974,1.042727125005793
2011-11-10,1.110187291033974,1.0433759414352315
2011-11-11,1.1105638122169774,1.043022079391449
2011-11-14,1.1105638122169774,1.0432354394931722
2011-11-15,1.1099043655690592,1.0438549069258358
2011-11-16,1.1097175310913279,1.04403062304374
2011-11-17,1.1097175310913279,1.0441917139091945
2011-11-18,1.1097175310913279,1.0440040196964877
2011-11-21,1.1097175310913279,1.044421036271754
2011-11-22,1.1097175310913279,1.0451811813040548
2011-11-23,1.1097175310913279,1.0458865037914526
2011-11-24,1.1097336248526948,1.045871335744326
2011-11-25,1.109919187140904,1.0456964520840613
2011-11-28,1.1100487483850914,1.0455743875815786
2011-11-29,1.1105658952468522,1.0450872778811604
2011-11-30,1.1101478603193327,1.0454806656002777
2011-12-01,1.110304973068764,1.0453327048216097
2011-12-02,1.1093209165727993,1.0462591767942433
2011-12-05,1.1090865448711176,1.046480225131115
2011-12-06,1.1092198689792856,1.0463544269746263
2011-12-07,1.1092235919319366,1.046350915021679
2011-12-08,1.1087442563084287,1.0468030810880231
2011-12-09,1.1087594449628886,1.046788740963873
2011-12-12,1.108362348547695,1.0471636428944857
2011-12-13,1.1078509336416138,1.0476468198057043
2011-12-14,1.1079185415499613,1.0475828859243281
2011-12-15,1.107851962595907,1.0476458390839822
2011-12-16,1.107874922578109,1.0476241268601187
2011-12-19,1.1076728881383966,1.0478151738358972
2011-12-20,1.107425500781343,1.0480491925875628
2011-12-21,1.106718363638684,1.0487184154932025
2011-12-22,1.106848342924651,1.0485952480503329
2011-12-23,1.106848342924651,1.0487306684158533
2011-12-26,1.106848342924651,1.0490446224352667
2011-12-27,1.106848342924651,1.0493486303047124
2011-12-28,1.106848342924651,1.0505104105800769
2011-12-29,1.106848342924651,1.0499785398842196
2011-12-30,1.107189313363378,1.0503019912817726
2012-01-02,1.107189313363378,1.0508360523914726
2012-01-03,1.107189313363378,1.050474596023067
2012-01-04,1.107189313363378,1.0504779436767155
2012-01-05,1.107189313363378,1.0498841240420507
2012-01-09,1.1074160804125759,1.0496912686727187
2012-01-10,1.1065510464505006,1.0505112121548084
2012-01-11,1.1069117368169008,1.0501687884815083
2012-01-12,1.1065787647445555,1.0504846916074602
2012-01-13,1.1062064986159685,1.0508380870292267
2012-01-16,1.105982102937012,1.0510512511412684
2012-01-17,1.1051578440618155,1.0518345715220765
2012-01-18,1.1052340289558902,1.0517620625082318
2012-01-19,1.1047914893189374,1.0521831917795976
2012-01-20,1.104059304043324,1.0528805116338116
2012-01-23,1.1032456565652922,1.05365644239208
2012-01-24,1.1038073718622694,1.053119975343306
2012-01-25,1.103523133159587,1.0533911616600413
2012-01-26,1.1041189236622155,1.0528224373344595
2012-01-27,1.1038071756154837,1.0531197018150877
2012-01-30,1.102969080873309,1.0539193107544658
2012-01-31,1.1026229303833228,1.0542500677014643
2012-02-01,1.1030741392240506,1.0538186537177925
2012-02-02,1.1029178567548399,1.0539679577178114
2012-02-03,1.1026709760207662,1.0542038813466637
2012-02-06,1.1028954182810002,1.053989304281499
2012-02-07,1.1025163292725895,1.0543515832007988
2012-02-08,1.1035730874749403,1.0533409907459512
2012-02-09,1.1042289226186948,1.0527150077023912
2012-02-10,1.1039068465039605,1.053022058489287
2012-02-13,1.1028452611038593,1.054034709916187
2012-02-14,1.1025513066638786,1.0543156543005003
2012-02-15,1.102480771127164,1.0543831039693665
2012-02-16,1.1019576052139533,1.054883445847346
2012-02-17,1.1009770859104762,1.055822078673761
2012-02-20,1.100963482511927,1.055835124148292
2012-02-21,1.1009693762486108,1.055829471995153
2012-02-22,1.1007094210085684,1.0560787690326163
2012-02-23,1.100279772170332,1.0564909968263836
2012-02-24,1.0996699775928116,1.0570765228874444
2012-02-27,1.098842273008482,1.0578721680371796
2012-02-28,1.099128885817526,1.0575962415269438
2012-02-29,1.0995452556812717,1.0571956049786149
2012-03-01,1.0986467539596045,1.0580595003629152
2012-03-02,1.0979286035828693,1.0587511201452116
2012-03-05,1.0968545392694597,1.0597868585267598
2012-03-07,1.0967272615263153,1.060141494824072
2012-03-08,1.0959343009626663,1.0609080029859217
2012-03-09,1.0953526494215922,1.0614710648175778
2012-03-12,1.0951182056462876,1.0616982567488193
2012-03-13,1.0952010260914937,1.061617963752278
2012-03-14,1.0947881120934848,1.0620182162240415
2012-03-15,1.0944504386256968,1.0623457822342723
2012-03-16,1.0944648493218072,1.0623317942621435
2012-03-19,1.0941282713739993,1.0626584904145373
2012-03-20,1.0938872707547287,1.0628925592718763
2012-03-21,1.0949174162127953,1.06189160243508
2012-03-22,1.0949938750719836,1.0618174497918744
2012-03-23,1.0941958092776825,1.0625913355694687
2012-03-26,1.094349908491884,1.062441687317812
2012-03-27,1.0945484355955934,1.062248948716194
2012-03-28,1.0936064979603595,1.063163090320388
2012-03-29,1.0939500810214713,1.062829071795704
2012-03-30,1.0947613783273182,1.062040854510946
2012-04-02,1.0940026410868244,1.0627769144078292
2012-04-03,1.0932682554167816,1.0634903387699661
2012-04-04,1.0932682554167816,1.0631113060926964
2012-04-05,1.0932054866218655,1.0630502687258703
2012-04-06,1.0932054866218655,1.06309021592114
2012-04-09,1.0932054866218655,1.0629764007207183
2012-04-10,1.0929179751136204,1.0632559620218096
2012-04-11,1.0921028899011085,1.064048925658142
2012-04-12,1.0921028899011085,1.0638738067858855
2012-04-13,1.0926531020913082,1.0633378166857397
2012-04-16,1.0919551461897243,1.0640170468120373
2012-04-17,1.0915580738303265,1.0644039599198618
2012-04-18,1.0904493817969823,1.0654850716068307
2012-04-19,1.090783734361104,1.065158373576026
2012-04-20,1.0910022261723118,1.0649450147085122
2012-04-23,1.0906946179322798,1.065245276113894
2012-04-24,1.0912239910412591,1.0647282549474093
2012-04-25,1.0909291357745052,1.0650159509073682
2012-04-26,1.0907730971642025,1.0651682830831992
2012-04-27,1.0901589914719294,1.06576797325485
2012-04-30,1.0898485022148767,1.0660715156819593
2012-05-01,1.0898485022148767,1.0661836018833024
2012-05-02,1.0900790640693168,1.0664091573324537
2012-05-04,1.0904633209546066,1.0669220452594088
2012-05-07,1.090740281766227,1.0671930269512389
2012-05-08,1.0910528775622117,1.067498874327838
2012-05-09,1.0918566522131936,1.068285296831075
2012-05-10,1.0914210412077743,1.0678590899372633
2012-05-11,1.0910100381386685,1.0674569597356585
2012-05-14,1.0916318659836892,1.0680653633595676
2012-05-15,1.091595387603374,1.0680296724863525
2012-05-16,1.0921158733432306,1.0685389218113184
2012-05-17,1.0920674236587267,1.0684915180743106
2012-05-18,1.0920067239968985,1.0684321288164604
2012-05-21,1.0925384404692313,1.0689523664212088
2012-05-22,1.0929048878782328,1.0693109028447445
2012-05-23,1.0931057441304959,1.069507422947117
2012-05-24,1.0935107568426325,1.0699036921135212
2012-05-25,1.094197418192881,1.0705755295959285
2012-05-28,1.094197418192881,1.0706287936230385
2012-05-29,1.094197418192881,1.0709204726166943
2012-05-30,1.0939311230873305,1.0706598424273428
2012-05-31,1.0939311230873305,1.0701956698376907
2012-06-01,1.094724836825429,1.0709721620570605
2012-06-04,1.0948522079519474,1.0710967695622182
2012-06-05,1.0948522079519474,1.0714619213096943
2012-06-06,1.094710139241359,1.0716009548819878
2012-06-07,1.0945877129541375,1.0717207967666897
2012-06-08,1.0945145185586231,1.0717924620658257
2012-06-11,1.094343855158134,1.0719595825042423
2012-06-12,1.094343855158134,1.0730391120210299
2012-06-13,1.0943805373798041,1.0730031439307604
2012-06-14,1.094522369606202,1.0728640822244913
2012-06-15,1.09399010106731,1.0733858182925087
2012-06-18,1.0937402271714292,1.0736309860467128
2012-06-19,1.094146710077842,1.0732319766359029
2012-06-20,1.094146710077842,1.073550879990289
2012-06-21,1.094146710077842,1.0730504595666936
2012-06-22,1.0934399431088826,1.0723573197766976
2012-06-25,1.0943803900868587,1.073279633989792
2012-06-26,1.0943803900868587,1.0743075902974946
2012-06-27,1.0943803900868587,1.0743869459405933
2012-06-28,1.0943803900868587,1.0742566719020257
2012-06-29,1.093718328676064,1.0749065591754066
2012-07-03,1.093718328676064,1.0754299069051794
2012-07-04,1.0937297978863396,1.0754186294753187
2012-07-05,1.093095977886843,1.0760418380927579
2012-07-06,1.0936956007715553,1.0754515703357805
2012-07-09,1.0946013677903117,1.0745609124946107
2012-07-10,1.094294622797878,1.0748620414614403
2012-07-11,1.0936582336600604,1.0754871295442907
2012-07-12,1.0936582336600604,1.0750270110827695
2012-07-13,1.0932612669416513,1.0754172151992445
2012-07-16,1.0927908345874122,1.075879969224868
2012-07-17,1.0924248729195571,1.0762402676602933
2012-07-18,1.0913854376207108,1.0772643034104648
2012-07-19,1.0913854376207108,1.0776413587532196
2012-07-20,1.0907699326551032,1.0782491125170068
2012-07-23,1.0907699326551032,1.0785176548963837
2012-07-24,1.0909765599167243,1.078313348614216
2012-07-25,1.09186960401538,1.0791960269483454
2012-07-26,1.0914665265145818,1.0787976280591247
2012-07-27,1.0913349275448085,1.0786675565883121
2012-07-30,1.091688154185607,1.0790166832477228
2012-07-31,1.091374434013853,1.0787066044968485
2012-08-01,1.0914244095901753,1.0787559999953709
2012-08-02,1.0914244095901753,1.0786585810368938
2012-08-03,1.092111232909691,1.0779797911356033
2012-08-06,1.092111232909691,1.0783475114935024
2012-08-07,1.0918098420671316,1.0786451039504492
2012-08-08,1.0918098420671316,1.079253277361611
2012-08-09,1.0918098420671316,1.0796743572155838
2012-08-10,1.0918098420671316,1.0784668491306733
2012-08-13,1.092045210411137,1.0782343572199353
2012-08-14,1.0909909742082535,1.0792752607317466
2012-08-15,1.0906511924300604,1.0796113937300214
2012-08-16,1.0903823008924791,1.0798775634914128
2012-08-17,1.0907862382955469,1.07947751761918
2012-08-20,1.090813928809293,1.0794501141866917
2012-08-21,1.0906251707654424,1.0796369057985395
2012-08-22,1.0906251707654424,1.0799891992439838
2012-08-23,1.0909527800496623,1.079664784864036
2012-08-24,1.0904190960663394,1.0801929468647906
2012-08-27,1.0904190960663394,1.0813668790707194
2012-08-28,1.0900764059090702,1.081706724353319
2012-08-30,1.0897051987597313,1.0824154022532164
2012-08-31,1.091278219697268,1.0808529043475494
2012-09-03,1.091766992441988,1.0803688009986865
2012-09-04,1.091057171145794,1.0810712116668981
2012-09-05,1.0914967949026204,1.080635611590166
2012-09-06,1.0914536181345231,1.0806783587181623
2012-09-07,1.0910126664993867,1.0811149571053187
2012-09-10,1.0910779133756705,1.081050302151237
2012-09-11,1.0916531180733269,1.0804803839038073
2012-09-12,1.090545697251824,1.081576470613542
2012-09-13,1.0904283405470538,1.081692862114483
2012-09-14,1.0893769122312313,1.0827358673831093
2012-09-17,1.089200060643484,1.0829116408505914
2012-09-18,1.0886724318279992,1.0834362234382924
2012-09-19,1.0880764394029665,1.0840293493072841
2012-09-20,1.0877289066124636,1.0843755894528375
2012-09-21,1.0879846155310904,1.084120668849295
2012-09-24,1.088090863715313,1.0840147980025026
2012-09-25,1.087031117395703,1.0850705744370766
2012-09-26,1.087050146495956,1.085051579657247
2012-09-27,1.0862227918231118,1.0858774132193878
2012-09-28,1.0851912038851457,1.0869086731506097
2012-10-01,1.085105297870273,1.0869947151239563
2012-10-02,1.0844613277627762,1.0876398065311412
2012-10-03,1.085504874348795,1.0865932013845427
2012-10-04,1.085348879531432,1.0867493526022878
2012-10-05,1.0845653217082705,1.0875339214843371
2012-10-08,1.083948466191068,1.0881524654172703
2012-10-09,1.0843620010917046,1.0877373266577268
2012-10-10,1.0850854697249674,1.0870116060623223
2012-10-11,1.0846228028307463,1.087475094237025
2012-10-12,1.0836436610105666,1.0884568109595505
2012-10-15,1.0845024103044352,1.087594247414495
2012-10-16,1.0848737732872793,1.087221825702928
2012-10-17,1.0840727574285505,1.088024575244661
2012-10-18,1.0842133927447366,1.0878834272644082
2012-10-19,1.0831791441033236,1.0889211768109395
2012-10-22,1.082961118089383,1.0891403586009214
2012-10-23,1.0827764870899976,1.0893260430816665
2012-10-24,1.0831070903163251,1.088993440084964
2012-10-25,1.0827942141901734,1.0893080165954354
2012-10-29,1.0827942141901734,1.089286236197478
2012-10-30,1.0827942141901734,1.0890874057522333
2012-10-31,1.0827942141901734,1.0899952425932788
2012-11-01,1.0830234116736452,1.0902259643346075
2012-11-02,1.0830234116736452,1.0904874883811386
2012-11-05,1.0826328210040688,1.090094205804178
2012-11-06,1.0825568470732874,1.090017708269529
2012-11-07,1.082921959434147,1.0903853369441074
2012-11-08,1.083045594719635,1.0905098243102103
2012-11-09,1.0838145485581216,1.0912840776928927
2012-11-12,1.0840299011000187,1.091500914420519
2012-11-13,1.0841603718863613,1.091632284396987
2012-11-14,1.082993237529643,1.0904571062802977
2012-11-15,1.0837413173122155,1.0912103417453978
2012-11-16,1.0831620750361772,1.090627107396119
2012-11-19,1.0827483031742284,1.0902104838645905
2012-11-20,1.0828344978499842,1.0902972725844498
2012-11-21,1.0823735046838767,1.089833102304795
2012-11-22,1.0823941274561326,1.0898538672068998
2012-11-23,1.0826567633478343,1.0901183131559102
2012-11-26,1.0832132043570308,1.090678589094556
2012-11-27,1.083057339620224,1.090521650155346
2012-11-28,1.0828063038524478,1.090268884277023
2012-11-29,1.0835222115252823,1.0909897259057886
2012-11-30,1.0845195922524395,1.091993980469812
2012-12-03,1.084935469531009,1.0924127239282577
2012-12-04,1.0858882639258458,1.0933720848759252
2012-12-05,1.0858824321829965,1.093366212941354
2012-12-06,1.0855668337706044,1.0930484394598603
2012-12-07,1.085956505558198,1.0934407968220057
2012-12-10,1.0859421516117802,1.0934263439497884
2012-12-11,1.0858715715723009,1.0933552774805395
2012-12-12,1.0858987019637205,1.0933825948515945
2012-12-13,1.0868940042900448,1.094384756690678
2012-12-14,1.0873906576251038,1.0948848329051963
2012-12-17,1.0874487224219203,1.0949432978781244
2012-12-18,1.0868503054005023,1.0943407566332568
2012-12-19,1.0874616909822912,1.0949563558163686
2012-12-20,1.0882500856810502,1.0957501840435666
2012-12-21,1.0879359069259442,1.095433840003479
2012-12-24,1.0881224848614501,1.0956217038133322
2012-12-26,1.0881224848614501,1.097060821631495
2012-12-27,1.0881224848614501,1.0972452870737144
2012-12-28,1.0881224848614501,1.0981342713257107
2012-12-31,1.0881224848614501,1.099296900702003
2013-01-01,1.0881224848614501,1.0989639739048842
2013-01-02,1.0881224848614501,1.0986033150067378
2013-01-03,1.0881224848614501,1.0982423042582508
2013-01-04,1.0881224848614501,1.0989941206633722
2013-01-07,1.0881224848614501,1.0989596869989424
2013-01-08,1.0881224848614501,1.0987582640166902
2013-01-09,1.0881224848614501,1.098814103960989
2013-01-10,1.0881224848614501,1.098448194359454
2013-01-11,1.0881224848614501,1.0990014335627627
2013-01-14,1.0876687446434272,1.0994597102338268
2013-01-15,1.0881286965422774,1.098994772187274
2013-01-16,1.0884893496432324,1.0986305175970015
2013-01-17,1.0885792418809672,1.0985397878570156
2013-01-18,1.0885792418809672,1.0984267478128447
2013-01-21,1.0885792418809672,1.0987004711754802
2013-01-22,1.0885792418809672,1.098338681584044
2013-01-23,1.0885792418809672,1.098611159015714
2013-01-24,1.0885792418809672,1.0991344112896706
2013-01-25,1.0885792418809672,1.098884885804336
2013-01-28,1.0885792418809672,1.0986620126024569
2013-01-29,1.0885792418809672,1.0996985604172864
2013-01-30,1.0885792418809672,1.1002287471132788
2013-01-31,1.0885792418809672,1.1004228487083374
2013-02-01,1.0885792418809672,1.1008929995705197
2013-02-04,1.088624392305473,1.1009386607262295
2013-02-05,1.0887805305994354,1.101096565220615
2013-02-06,1.0879926557816004,1.1002997781442847
2013-02-07,1.0876589851622576,1.0999623331197386
2013-02-08,1.0876653964136076,1.0999688168936874
2013-02-11,1.0877955789247522,1.1001004719994176
2013-02-12,1.0888119430095646,1.1011283329606936
2013-02-13,1.0888776253577424,1.1011947582924675
2013-02-14,1.0888776253577424,1.1005883861059198
2013-02-15,1.0896065115264297,1.1013251113662879
2013-02-18,1.0896065115264297,1.1021088411843563
2013-02-19,1.0896065115264297,1.1025521585412177
2013-02-20,1.0896065115264297,1.1035841560477073
2013-02-22,1.0901072385553294,1.104652711027417
2013-02-25,1.0901072385553294,1.1054959006458538
2013-02-26,1.0901072385553294,1.1060515399469495
2013-02-27,1.0901072385553294,1.105694894290838
2013-02-28,1.0901072385553294,1.105841336461427
2013-03-01,1.0894761982679286,1.1052011880337318
2013-03-04,1.0894761982679286,1.105222751178713
2013-03-05,1.0894761982679286,1.1050657980178302
2013-03-06,1.0894761982679286,1.105824633788456
2013-03-07,1.0894761982679286,1.1055269086357236
2013-03-08,1.0894761982679286,1.1066543502872046
2013-03-11,1.0894761982679286,1.1066589964137095
2013-03-12,1.0892808059397912,1.10685747039424
2013-03-13,1.0894392113271054,1.106696508973325
2013-03-14,1.0882056937034932,1.1079495661734102
2013-03-15,1.0882056937034932,1.1087428781508346
2013-03-18,1.0882056937034932,1.1085185725281175
2013-03-19,1.0872682318784292,1.1094735333872014
2013-03-20,1.0872853153594986,1.1094561010098463
2013-03-21,1.0861503750364627,1.110614183849637
2013-03-22,1.0866121834355076,1.1101419739512768
2013-03-25,1.085926694521735,1.1108423066251212
2013-03-26,1.0857753929491778,1.110997079676289
2013-03-27,1.086069183547387,1.1106964645594182
2013-03-28,1.085628456658776,1.1111471851989796
2013-03-29,1.0863482322928204,1.1104104905546586
2013-04-01,1.08620371717279,1.1105582066373614
2013-04-02,1.085515692624164,1.1112616578378722
2013-04-03,1.085086890612528,1.1117006300587005
2013-04-04,1.0839651365653382,1.1128498971743759
2013-04-05,1.0839651365653382,1.1126004994662593
2013-04-08,1.0839651365653382,1.1130730268342401
2013-04-09,1.0840730476823155,1.1129622179626708
2013-04-10,1.084046965584339,1.1129889951154421
2013-04-11,1.0842989824789837,1.11273024984035
2013-04-12,1.0842989824789837,1.1128871497344395
2013-04-15,1.0837800772371844,1.1134197362118408
2013-04-16,1.0841648957556538,1.113024393519792
2013-04-17,1.0842285393428852,1.1129590557973137
2013-04-18,1.0841807932060583,1.1130080671389568
2013-04-19,1.0842470529336503,1.1129400456320286
2013-04-23,1.0844694678490847,1.1135093739477908
2013-04-24,1.0844802570069165,1.1134982958780628
2013-04-25,1.083627685059142,1.1143736805656368
2013-04-26,1.0838321842584604,1.11416337906766
2013-04-29,1.0835684664659213,1.1144344770393968
2013-04-30,1.083513400859714,1.114491111217998
2013-05-01,1.0832781740817767,1.1147330631430261
2013-05-02,1.083576816486517,1.114425749130259
2013-05-03,1.0836469142391063,1.1143536557269549
2013-05-06,1.0828950877049888,1.1151267863802679
2013-05-07,1.0832780570300158,1.114732418211506
2013-05-08,1.0833822835992288,1.1146251652908115
2013-05-09,1.0830177492230069,1.1150002122114615
2013-05-10,1.0836569828325502,1.114342101473383
2013-05-13,1.083948981980889,1.114041833999687
2013-05-14,1.0839283609247157,1.1140630275425751
2013-05-15,1.0835747127903312,1.1144265075708502
2013-05-16,1.0838078395219803,1.1141867431999153
2013-05-17,1.0832039153213302,1.1148075952677126
2013-05-20,1.0828835443091018,1.1151373134608284
2013-05-21,1.0824145365806035,1.115620290620375
2013-05-22,1.0832264499186228,1.1147834698243597
2013-05-23,1.082586659502421,1.115441898890773
2013-05-24,1.0831438615994176,1.1148677863615963
2013-05-27,1.0831438615994176,1.1145963502087253
2013-05-28,1.0831438615994176,1.116035723096475
2013-05-29,1.0831438615994176,1.1161729408277208
2013-05-30,1.082153705137685,1.1171932908374964
2013-05-31,1.082153705137685,1.11690885032797
2013-06-03,1.082153705137685,1.1166132537217934
2013-06-04,1.082153705137685,1.1170515622499175
2013-06-05,1.082153705137685,1.1174243216598423
2013-06-06,1.082153705137685,1.1166890522288577
2013-06-07,1.082153705137685,1.117291202702878
2013-06-10,1.082153705137685,1.1180362303553517
2013-06-11,1.082153705137685,1.1178324689166437
2013-06-12,1.0818456290669303,1.1175142355333905
2013-06-13,1.0821909547670456,1.117870946671658
2013-06-14,1.0821909547670456,1.1175482876613665
2013-06-17,1.0821909547670456,1.117286447214683
2013-06-18,1.0821909547670456,1.1173869606705158
2013-06-20,1.0827215434854196,1.1175219668255656
2013-06-21,1.0831722579809435,1.1170567656364458
2013-06-24,1.082897100197202,1.1173405310871218
2013-06-25,1.0821819641738648,1.1180784132589088
2013-06-26,1.0821819641738648,1.1174167464996871
2013-06-27,1.0821819641738648,1.1181830590890034
2013-06-28,1.081756452813755,1.1186227259935317
2013-07-01,1.081357506609627,1.1190352682891898
2013-07-02,1.081357506609627,1.1188366033637456
2013-07-03,1.08121721190463,1.1189817605853394
2013-07-04,1.08121721190463,1.11908546615872
2013-07-05,1.08121721190463,1.1194305515100529
2013-07-08,1.08121721190463,1.119678490920874
2013-07-09,1.081340706068531,1.1198063780443417
2013-07-10,1.0823366239164882,1.1208377228849569
2013-07-11,1.0823366239164882,1.1215130546332934
2013-07-12,1.0828432380839175,1.1220380062887019
2013-07-15,1.0836712863831246,1.1228960267574792
2013-07-16,1.0833409133363352,1.1225536954746917
2013-07-17,1.0835957714438567,1.1228177784673101
2013-07-18,1.0829991044108525,1.1221995143783041
2013-07-19,1.082554945859776,1.121739278992795
2013-07-22,1.0836595097069885,1.1228838238108776
2013-07-23,1.0839795962127048,1.123215496219295
2013-07-24,1.0841735328325834,1.1234164526002945
2013-07-25,1.0841735328325834,1.1239506400741037
2013-07-26,1.0842954337483006,1.124077013397282
2013-07-29,1.0842954337483006,1.1245260999007307
2013-07-30,1.0842954337483006,1.1248830028819126
2013-07-31,1.0842954337483006,1.1249068554819674
2013-08-01,1.0840015110861199,1.1246019241806102
2013-08-02,1.0840015110861199,1.1249810637095348
2013-08-05,1.0840015110861199,1.1245507887334105
2013-08-06,1.0841922083020783,1.124748619365953
2013-08-07,1.0844024105461347,1.1249666846517756
2013-08-08,1.0843344982789849,1.1248962319883733
2013-08-09,1.0846251542036194,1.1251977604880616
2013-08-12,1.0847971726955377,1.125376213680963
2013-08-13,1.0853735556527195,1.125974157413036
2013-08-14,1.085807239079588,1.1264240636491047
2013-08-15,1.0865020263979408,1.1271448408979046
2013-08-19,1.0865020263979408,1.1282113954723594
2013-08-20,1.0865020263979408,1.1289018590080235
2013-08-21,1.0865020263979408,1.1288648143858615
2013-08-22,1.0865020263979408,1.128679098212307
2013-08-23,1.0861076632997337,1.1290887701459418
2013-08-26,1.0860469004073776,1.1291519376400303
2013-08-27,1.0859299753500289,1.1292735034352224
2013-08-28,1.0862783208711175,1.1289112541411288
2013-08-29,1.086090139662413,1.129106820857543
2013-08-30,1.0860194052014922,1.1291803568923329
2013-09-02,1.085300700104045,1.1299276250116217
2013-09-03,1.0848149570908792,1.1304333414911005
2013-09-04,1.0845411622128398,1.1307186499272002
2013-09-05,1.0844113796035761,1.1308539584077297
2013-09-06,1.0842140165637575,1.131059774004117
2013-09-09,1.0838438216841366,1.1314459639357033
2013-09-10,1.0832169961191112,1.132100319518538
2013-09-11,1.083391884151577,1.1319175391539906
2013-09-12,1.0835885251812032,1.1317120904759943
2013-09-13,1.0836281695583394,1.1316706854408893
2013-09-16,1.0838595802737883,1.1314290151610578
2013-09-17,1.0835463624861637,1.131755979741556
2013-09-18,1.0833369184773725,1.1319747424245172
2013-09-19,1.0829176780974847,1.1324128051480735
2013-09-20,1.0832989917035534,1.132014063471746
2013-09-23,1.0832989917035534,1.133017409536627
2013-09-24,1.083321899684157,1.1330413688876833
2013-09-25,1.083321899684157,1.1331885736911558
2013-09-26,1.0835602606316839,1.1334379066938676
2013-09-27,1.082236281433335,1.1320529830623864
2013-09-30,1.0820879522266253,1.131897826075126
2013-10-01,1.0827315693420965,1.1325710696985556
2013-10-02,1.08301824423348,1.1328709405969235
2013-10-03,1.083926363390395,1.1338208616245204
2013-10-04,1.0842618395274735,1.1341717801515014
2013-10-07,1.084782850061281,1.1347167734576051
2013-10-08,1.0846487250722483,1.134576474526085
2013-10-09,1.0847664113648519,1.1346995780672366
2013-10-10,1.0847821365892119,1.1347160271435164
2013-10-11,1.0852856353093336,1.1352427025450536
2013-10-14,1.0845698602396134,1.1344939794456899
2013-10-16,1.083766246561769,1.1339394482278322
2013-10-17,1.083651761805373,1.1338196633739395
2013-10-18,1.084013098715629,1.1341977284575677
2013-10-21,1.0836954421431577,1.133865365902767
2013-10-22,1.0837760998153354,1.133949757639984
2013-10-23,1.0849426745316675,1.1351703391946788
2013-10-24,1.0850371597266038,1.1352691986029244
2013-10-25,1.0848011247083924,1.1350222362905604
2013-10-28,1.0846947005772345,1.1349108852303609
2013-10-29,1.0854363135972709,1.1356868313916357
2013-10-30,1.0855545767286787,1.1358105695412595
2013-10-31,1.0849207475286642,1.1351473970761496
2013-11-01,1.0849886394205914,1.135218432038454
2013-11-04,1.0851290911050862,1.1353653859652106
2013-11-05,1.084679203806212,1.1348946710328454
2013-11-06,1.0853749294604467,1.1356226054624177
2013-11-07,1.0854744723176644,1.1357267566785554
2013-11-08,1.0859604280242612,1.1362352098136754
2013-11-11,1.085318702471999,1.1355637754329182
2013-11-12,1.0854672907618423,1.1357192426509946
2013-11-13,1.0857688220122548,1.136034733358332
2013-11-14,1.0859629791744836,1.13623787906997
2013-11-15,1.0848879172117245,1.1351130468723176
2013-11-18,1.0845427122991005,1.1347518606207727
2013-11-19,1.0839997756051665,1.1341837885507158
2013-11-20,1.084283800429424,1.1344809623679697
2013-11-21,1.0844240798031852,1.1346277360068289
2013-11-22,1.0859122906920384,1.1361848439528517
2013-11-25,1.0856248913433446,1.1358841393867953
2013-11-26,1.0865177664537382,1.1368183503508553
2013-11-27,1.087052684482912,1.1373780325302671
2013-11-28,1.0874913529451378,1.137837009247423
2013-11-29,1.0875452645833488,1.137893416737027
2013-12-02,1.088161409794843,1.1385380865293984
2013-12-03,1.0887786371141526,1.139183888526009
2013-12-04,1.0887839915311206,1.1391894908269127
2013-12-05,1.0888637967470902,1.1392729906432701
2013-12-06,1.0887422769440342,1.1391458450536531
2013-12-09,1.0891425474528849,1.1395646461755629
2013-12-10,1.0890776871536374,1.139496783154202
2013-12-11,1.0886722467888883,1.1390725728367546
2013-12-13,1.0890912478154455,1.1401618821854944
2013-12-16,1.0894290330950853,1.1405155071925646
2013-12-17,1.088732291035403,1.1397860928852153
2013-12-18,1.0889516772607861,1.1400157667643878
2013-12-19,1.089190268534246,1.1402655462718136
2013-12-20,1.088831166797113,1.1398896052169873
2013-12-23,1.0899809995384688,1.141093356936793
2013-12-24,1.0902028652572702,1.1413256265799916
2013-12-25,1.090220594799401,1.1413441875115635
2013-12-26,1.0908955216839542,1.1420507636672101
2013-12-27,1.0913930146324144,1.1425715854969953
2013-12-30,1.0919159732060875,1.1431190671087152
2013-12-31,1.091733939789022,1.1429284976189336
2014-01-01,1.0911022628864535,1.1422671995618514
2014-01-02,1.091086297949429,1.1422504859828162
2014-01-03,1.0909749336622507,1.1421338995025447
2014-01-06,1.092418647641338,1.143645313400173
2014-01-07,1.092844460122125,1.144091093458112
2014-01-08,1.0931130847899218,1.1443723147124845
2014-01-09,1.0937073877069046,1.1449944862098447
2014-01-10,1.0940107365013898,1.145312059905504
2014-01-13,1.0943983331692977,1.1457178321007147
2014-01-14,1.0941977727767116,1.1455078668520162
2014-01-15,1.0940916817622017,1.1453968009234
2014-01-16,1.0953790227033973,1.1467445089997177
2014-01-17,1.0960350796496945,1.147431330351199
2014-01-20,1.0960522246647173,1.1474492793454982
2014-01-21,1.0962061060229362,1.147610376645079
2014-01-22,1.0975725584513287,1.1490409059747362
2014-01-23,1.0976886391893195,1.149162430073822
2014-01-24,1.0972986275740038,1.1487541296873442
2014-01-27,1.0964766965866988,1.1478936559819573
2014-01-28,1.09635071134561,1.1477617629290147
2014-01-29,1.0961103816875077,1.1475101635190694
2014-01-30,1.0959991620158414,1.1473937284357487
2014-01-31,1.0968259082008134,1.1482592431373297
2014-02-03,1.096663705820987,1.1480894346194035
2014-02-04,1.0967720772450018,1.1482028878925132
2014-02-05,1.096316391755692,1.1477258339943956
2014-02-06,1.0948997844481296,1.1462427978784158
2014-02-07,1.0958807396873647,1.1472697529422355
2014-02-11,1.0962097243956508,1.1473203289723717
2014-02-12,1.096210492261426,1.1473211326397668
2014-02-13,1.0967904993842925,1.1479281825027665
2014-02-14,1.0971782074264196,1.14833396737088
2014-02-17,1.0978870811126034,1.1490758921802777
2014-02-18,1.0976213554685077,1.1487977771201616
2014-02-19,1.098525712142879,1.149744299281074
2014-02-20,1.0983986386285367,1.1496113009842752
2014-02-21,1.0990165484460277,1.1502580207490263
2014-02-24,1.0998448858509455,1.151124979254101
2014-02-25,1.1001602474241527,1.1514550445106528
2014-02-26,1.0997597493128894,1.1510358732384578
2014-02-27,1.1000020571712292,1.1512894786622705
2014-02-28,1.1000980322215386,1.1513899285340818
2014-03-03,1.1006977006168335,1.1520175563732196
2014-03-04,1.1002937073870265,1.151594727023133
2014-03-05,1.1001639264130796,1.1514588950318547
2014-03-06,1.0996675087998864,1.150939332026162
2014-03-07,1.1005708169462016,1.1518847567715638
2014-03-10,1.100784960911253,1.1521088851650294
2014-03-11,1.1010777545646908,1.1524153302761313
2014-03-12,1.1008172592495649,1.1521426894082436
2014-03-13,1.1014559559037844,1.1528111651926896
2014-03-14,1.1014172829724636,1.1527706891420781
2014-03-17,1.1019898121320149,1.1533699123829089
2014-03-18,1.102474287255436,1.1538769760821377
2014-03-19,1.1026880649603263,1.1541007211386203
2014-03-20,1.1025984022429267,1.1540068779112393
2014-03-21,1.1028798635129267,1.1543014622683225
2014-03-24,1.102854697043701,1.1542751224164598
2014-03-25,1.1021094290020745,1.1534951063705678
2014-03-26,1.10211068053171,1.153496416252574
2014-03-27,1.1021404055745048,1.1535275272207757
2014-03-28,1.1025351860467991,1.1539407142699916
2014-03-31,1.1032228351679696,1.1546604249223977
2014-04-01,1.103127538295516,1.154560684848377
2014-04-02,1.103093796441357,1.1545253697856181
2014-04-03,1.1028480486385088,1.15426816403043
2014-04-04,1.1033637337524933,1.154807892881083
2014-04-07,1.1039012940912722,1.1553705168854178
2014-04-08,1.1049835857143486,1.1565032701838038
2014-04-10,1.1049625763048063,1.157096328445521
2014-04-11,1.1061051258995127,1.1582927852029279
2014-04-14,1.1063190110278678,1.158516761744791
2014-04-15,1.1066882641254012,1.1589034367440945
2014-04-16,1.1067636890064751,1.158982420281488
2014-04-17,1.1073428236971947,1.1595888793948346
2014-04-18,1.107286769506198,1.159530180485037
2014-04-21,1.1089446464294703,1.1612662784688692
2014-04-22,1.1091479835786446,1.1614792093624502
2014-04-23,1.1105632391060414,1.1629612387177242
2014-04-24,1.1098212563013794,1.1621842480779911
2014-04-25,1.109335734651566,1.1616758188058807
2014-04-28,1.1092856712103962,1.1616233932982578
2014-04-29,1.1086004640299838,1.1609058570398525
2014-04-30,1.109352966693369,1.1616938638806455
2014-05-01,1.1085949359514644,1.160900068138495
2014-05-02,1.1083474786222742,1.1606409354102079
2014-05-05,1.108845845627281,1.1611628161001766
2014-05-06,1.108454796520413,1.1607533167239064
2014-05-07,1.1092109131999524,1.161545108095427
2014-05-08,1.1099662988201737,1.1623361339151808
2014-05-09,1.1104676973520913,1.1628611891639384
2014-05-12,1.1107485676295452,1.1631553113123088
2014-05-13,1.1112896137020354,1.163721884730652
2014-05-14,1.1110465678574941,1.1634673716273185
2014-05-15,1.111407095923638,1.163844909935477
2014-05-16,1.1113190382203644,1.1637526975408365
2014-05-19,1.1119594087488465,1.1644232816884277
2014-05-20,1.1130691001472268,1.1655853299516976
2014-05-21,1.113312296107518,1.1658400002534617
2014-05-22,1.1145080613319864,1.1670921834319568
2014-05-23,1.1148125956512267,1.1674110861262517
2014-05-26,1.1154112087245929,1.168037942640857
2014-05-27,1.1142476378250668,1.1668194727626913
2014-05-28,1.11408037536573,1.166644318615632
2014-05-29,1.1143495688918434,1.1669262130864373
2014-05-30,1.113882483834459,1.16643709027218
2014-06-02,1.114268599512607,1.16684142345334
2014-06-03,1.1142541985950416,1.1668263430793993
2014-06-04,1.114447512441033,1.1670287777556778
2014-06-05,1.1142293596570054,1.1668003322038993
2014-06-09,1.1144160829351266,1.1666821462515249
2014-06-10,1.114289719465467,1.1665498563409182
2014-06-11,1.115496559878629,1.1678132975142568
2014-06-12,1.1164587530096661,1.168820617459129
2014-06-13,1.1169901246221696,1.169376910375954
2014-06-16,1.116690068097824,1.169062781214341
2014-06-17,1.1176391962561885,1.1700564234399198
2014-06-18,1.1165413623039042,1.1689071011254881
2014-06-19,1.1159653539289756,1.1683040779841218
2014-06-20,1.1165467566195564,1.1689127484342976
2014-06-23,1.1168850479883992,1.1692669056528657
2014-06-24,1.1172134587378568,1.1696107188514515
2014-06-25,1.1181346914823318,1.1705751573695053
2014-06-26,1.1187098768864128,1.1711773189427288
2014-06-27,1.1188602760233344,1.1713347717922926
2014-06-30,1.1195729912906163,1.1720809133730106
2014-07-01,1.1196113237725,1.1721210436465412
2014-07-02,1.1201235673563046,1.1726573114309962
2014-07-03,1.1211485184236116,1.1737303326564787
2014-07-04,1.1218984621454426,1.1745154487045615
2014-07-07,1.122127565979983,1.1747552974984625
2014-07-08,1.1208672560430013,1.1734358790830828
2014-07-09,1.1211023493410508,1.1736819982460576
2014-07-10,1.1220030163851167,1.1746249065332937
2014-07-11,1.1221329525327348,1.174760936680292
2014-07-14,1.1230934941283572,1.175766527632814
2014-07-15,1.1226691195653689,1.1753222499222322
2014-07-16,1.1232054995721052,1.1758837861267506
2014-07-17,1.123343321405857,1.1760280717982015
2014-07-18,1.1232468580505623,1.1759270843159557
2014-07-21,1.1240530635748347,1.1767711008424409
2014-07-22,1.125265356768553,1.1780402505314946
2014-07-23,1.1257545725968285,1.1785524105597396
2014-07-24,1.1247791668408897,1.177531258318462
2014-07-25,1.1254031567339013,1.1781845133089146
2014-07-28,1.1270031399201441,1.1798595356334092
2014-07-29,1.1269436684271705,1.1797972749301353
2014-07-30,1.1263092839967994,1.1791331378989964
2014-07-31,1.1260114820786433,1.1788213690845002
2014-08-01,1.1259406146159485,1.1787471779410463
2014-08-04,1.1263678151874326,1.179194414199793
2014-08-06,1.1275391086212663,1.1798072434901827
2014-08-07,1.127820489128158,1.18010166765487
2014-08-08,1.1272933489832475,1.1795500914332164
2014-08-11,1.1272933489832475,1.1793098186246607
2014-08-12,1.1272933489832475,1.1796033943826998
2014-08-13,1.1272933489832475,1.1797628335247081
2014-08-14,1.1272933489832475,1.1811790560578244
2014-08-15,1.1272933489832475,1.1814295466346079
2014-08-18,1.1267886229728594,1.1809005820823328
2014-08-19,1.1273795542749951,1.1815198917775458
2014-08-20,1.1275301323510032,1.181677701089764
2014-08-21,1.1273966301027905,1.1815377876406845
2014-08-22,1.1275569362376097,1.1817057921839145
2014-08-25,1.1274350853775446,1.1815780896595507
2014-08-26,1.1277554590313636,1.1819138486711038
2014-08-27,1.1279426939066164,1.1821100751581877
2014-08-28,1.1277316516435087,1.1818888979770672
2014-08-29,1.1277316516435087,1.1820943967081947
2014-09-01,1.1277316516435087,1.1823474054690615
2014-09-02,1.1277316516435087,1.1823484739360373
2014-09-03,1.1271952708550919,1.181786115855807
2014-09-04,1.128246710994122,1.1828884779665145
2014-09-05,1.1276158935448306,1.1822271095927397
2014-09-08,1.1281367602188974,1.1827732021993538
2014-09-09,1.1284298013372103,1.1830804355012947
2014-09-10,1.1277308546392093,1.1823476383322697
2014-09-11,1.1277308546392093,1.1834643221463121
2014-09-12,1.1277308546392093,1.1841244730652245
2014-09-15,1.1276095137981077,1.184251881709707
2014-09-16,1.1276095137981077,1.1845746950142815
2014-09-17,1.1276095137981077,1.1835963253433865
2014-09-18,1.1276095137981077,1.184114111238473
2014-09-19,1.1279235869010902,1.1844439225682384
2014-09-22,1.1279235869010902,1.1844182359074389
2014-09-23,1.1279235869010902,1.1850349959713127
2014-09-24,1.1279235869010902,1.185503820458758
2014-09-25,1.1279235869010902,1.1855352219663626
2014-09-26,1.1277087055332404,1.1857610789597695
2014-09-29,1.1276977910793322,1.1857725552697234
2014-09-30,1.1276977910793322,1.1860032675050982
2014-10-01,1.1276977910793322,1.1869522634900844
2014-10-03,1.1276977910793322,1.1860323684732075
2014-10-06,1.1273660909311984,1.1863812271084078
2014-10-07,1.1273343347231468,1.1864146456841302
2014-10-08,1.1273343347231468,1.1865657352664454
2014-10-09,1.1276930595911843,1.18694330793827
2014-10-10,1.1267199763275648,1.1859190977970473
2014-10-13,1.1272573867264728,1.1864847443363915
2014-10-14,1.1266183366087796,1.1858121178143235
2014-10-15,1.1273426372370876,1.1865744740037083
2014-10-16,1.127013546242527,1.186228092202052
2014-10-17,1.127013546242527,1.1862761837163691
2014-10-20,1.127013546242527,1.1865951461876167
2014-10-21,1.127013546242527,1.187014464113274
2014-10-22,1.1263081363726513,1.1877574292013715
2014-10-23,1.1264366624641913,1.1876218909635279
2014-10-24,1.1264366624641913,1.1881234531038736
2014-10-27,1.1252597162727458,1.189364852127622
2014-10-28,1.1243543692373552,1.1903217760513172
2014-10-29,1.1240815697163329,1.190610581092907
2014-10-30,1.1240815697163329,1.1906274737943747
2014-10-31,1.1240815697163329,1.1904664329816466
2014-11-03,1.1245637827511947,1.1899557419010214
2014-11-04,1.1234083256649432,1.1911783873528796
2014-11-05,1.1229744015902536,1.191638488072906
2014-11-06,1.1220060390384048,1.1926660609949225
2014-11-07,1.122226009400414,1.1924322376677163
2014-11-10,1.1217460709200175,1.1929422010007062
2014-11-11,1.1220957511795442,1.1925703268758392
2014-11-12,1.1216153966476876,1.1930808506528612
2014-11-13,1.1219116087639114,1.1927657649250314
2014-11-14,1.1216692887931947,1.193023388576459
2014-11-17,1.1221575798921122,1.1925040352276042
2014-11-18,1.1221575798921122,1.1928165484195294
2014-11-19,1.1221575798921122,1.1929334982095485
2014-11-20,1.1229512007500773,1.193777173753259
2014-11-21,1.1232734738515617,1.1941197730327378
2014-11-24,1.1232734738515617,1.1934085474767244
2014-11-25,1.1230448531307293,1.1931656521099923
2014-11-26,1.1233993312201371,1.1935422631416246
2014-11-27,1.123574285767178,1.1937281415200593
2014-11-28,1.1246297638889873,1.194849521701791
2014-12-02,1.1250673641365159,1.1957872378457897
2014-12-03,1.1265859886044531,1.1974013205360592
2014-12-04,1.1271699922125002,1.1980220336449978
2014-12-05,1.1275307545007676,1.1984054728540243
2014-12-08,1.127884205794926,1.1987811415119445
2014-12-09,1.1286833223032566,1.1996304891622933
2014-12-10,1.1285503159978059,1.1994891223004671
2014-12-11,1.1287797626666982,1.1997329916074737
2014-12-12,1.128909307996378,1.199870679942316
2014-12-15,1.129461220163059,1.200457284394962
2014-12-16,1.1293721081323504,1.2003625709293895
2014-12-17,1.1292111321721234,1.2001914762865482
2014-12-18,1.1294873521030753,1.2004850589455067
2014-12-19,1.1301093239092328,1.2011461268706918
2014-12-22,1.130149258720363,1.2011885719179995
2014-12-23,1.1307958710473394,1.201875829226388
2014-12-24,1.1314131150507047,1.2025318721669167
2014-12-25,1.1311573110238395,1.202259988722009
2014-12-26,1.13227090646756,1.2034435829334953
2014-12-29,1.1317716472462251,1.202912941103255
2014-12-30,1.1320345621382497,1.2031923823905455
2014-12-31,1.1326131604284997,1.2038073504123505
2015-01-01,1.1326131604284997,1.2039468690461153
2015-01-02,1.1326131604284997,1.2045949778157339
2015-01-05,1.1326131604284997,1.20522283318919
2015-01-06,1.131713048164441,1.2042650164420612
2015-01-07,1.132003515635176,1.2045741052291772
2015-01-08,1.1319299608040414,1.204495834937897
2015-01-09,1.131544006189303,1.2040851375078216
2015-01-12,1.1324973747807152,1.2050996247440293
2015-01-13,1.132643904236446,1.2052555479241156
2015-01-14,1.1332691219425621,1.2059208471467031
2015-01-15,1.1328250077058972,1.205448261592099
2015-01-16,1.1342719180759702,1.2069879306304938
2015-01-19,1.1342719180759702,1.2073716849324228
2015-01-20,1.134466506675038,1.20757881407049
2015-01-21,1.1343763807257616,1.2074828798262407
2015-01-22,1.1345079103756222,1.2076228860914404
2015-01-23,1.1353200950434585,1.2084874131552377
2015-01-26,1.1357650083040738,1.2089609994836632
2015-01-27,1.1356748162938703,1.2088649949210963
2015-01-29,1.1353513729153073,1.2094680441018415
2015-01-30,1.1352270912509559,1.2093356492282485
2015-02-02,1.1366902160129386,1.2108942879777738
2015-02-03,1.1371103958174387,1.2113418974654118
2015-02-04,1.1373191714320603,1.2115643021238254
2015-02-05,1.1380887664025616,1.212384136886814
2015-02-06,1.1385116100687078,1.212834584135177
2015-02-09,1.1383179637780516,1.2126282964554378
2015-02-10,1.137481522616801,1.2117372517274023
2015-02-11,1.137443239469252,1.2116964694245023
2015-02-12,1.137719021007216,1.2119902542080305
2015-02-13,1.1376674508051994,1.2119353174608218
2015-02-16,1.137864383502165,1.2121451060861768
2015-02-17,1.138504788834393,1.2128273176050772
2015-02-18,1.139096523049665,1.2134576807164859
2015-02-19,1.1396597484663862,1.2140576739515327
2015-02-20,1.1395783363114644,1.213970947144195
2015-02-23,1.1391701104240337,1.213536071935162
2015-02-24,1.1389318356094642,1.2132822423447718
2015-02-25,1.1388175982701827,1.2131605474980482
2015-02-26,1.1390122518268515,1.2133679081989537
2015-02-27,1.1386755427461008,1.2130092184725465
2015-03-02,1.1394926009539552,1.21387961491205
2015-03-03,1.1387738557252411,1.2131139494038046
2015-03-04,1.139101118586151,1.2134625762533722
2015-03-05,1.1396415747332111,1.214038313822112
2015-03-06,1.140292390586971,1.2147316154699501
2015-03-09,1.1400714577568547,1.2144962599630178
2015-03-10,1.1395363384163089,1.21392620759191
2015-03-11,1.1393716026967744,1.2137507177891476
2015-03-12,1.1390162327463278,1.2133721489961264
2015-03-13,1.1393839343810968,1.2137638544959624
2015-03-16,1.1398893915210282,1.2143023082936095
2015-03-17,1.1403945219008362,1.2148404139999638
2015-03-18,1.1408546131693449,1.2153305404047987
2015-03-19,1.1403760820789273,1.214820770411318
2015-03-20,1.1409452749688793,1.2154271206811549
2015-03-23,1.1404428260399078,1.2148918714729524
2015-03-24,1.139863126287496,1.214274328444035
2015-03-25,1.1388291755308415,1.2131728805318018
2015-03-26,1.139456876302309,1.2138415581257687
2015-03-30,1.1392091838352147,1.2133444596305454
2015-03-31,1.13977993955528,1.2139523578994236
2015-04-01,1.1410076860712064,1.2152600013542587
2015-04-02,1.1421744381970176,1.2165026811427495
2015-04-03,1.1415572169603778,1.2158452935633044
2015-04-06,1.1415572169603778,1.2166881367731535
2015-04-07,1.141487013491978,1.2166133129045873
2015-04-08,1.141487013491978,1.2168357461856851
2015-04-09,1.141811025277999,1.2171811457555057
2015-04-10,1.1421784851779657,1.2175728614178694
2015-04-13,1.1421784851779657,1.2170879131162085
2015-04-14,1.1414192732126296,1.2162789084654513
2015-04-15,1.1422575593272957,1.2171721733195289
2015-04-16,1.1425982938322572,1.2175352547931793
2015-04-17,1.1425982938322572,1.2182691178347818
2015-04-20,1.1429823012875115,1.217859678728947
2015-04-21,1.1433763183171552,1.217439849434482
2015-04-22,1.1437959443685028,1.2169930416175043
2015-04-23,1.144268623332458,1.2164901136145816
2015-04-24,1.1433226018816867,1.2174958440162238
2015-04-27,1.1441372435636163,1.2166283523209847
2015-04-28,1.144561970862984,1.216176714829659
2015-04-29,1.1447954382445908,1.215928639495679
2015-04-30,1.1454570108448225,1.2152259593094608
2015-05-01,1.1443611205765118,1.2163885994522134
2015-05-04,1.1436561761713833,1.2171379139144296
2015-05-05,1.142799934058852,1.2180491709516108
2015-05-06,1.142474900263272,1.2183956070454873
2015-05-07,1.1415028266558311,1.2194322777091122
2015-05-08,1.1415639990071482,1.2193669291721156
2015-05-11,1.1415669979048688,1.2193637258854775
2015-05-12,1.141524508641777,1.2194091107522869
2015-05-13,1.141524508641777,1.2197733035694538
2015-05-14,1.1404892479421107,1.2208795289322274
2015-05-15,1.1404892479421107,1.2216549891420088
2015-05-18,1.140885806224972,1.221230208807063
2015-05-19,1.140885806224972,1.221087145321922
2015-05-20,1.1406863407707017,1.2213006326848257
2015-05-21,1.1402996210601144,1.2217146825514111
2015-05-22,1.1388094232519905,1.2233112774361818
2015-05-25,1.1383809100675373,1.223771587124852
2015-05-27,1.1375548166166516,1.2238179245018437
2015-05-28,1.1378232056820385,1.2235291829448103
2015-05-29,1.1379584615135752,1.223383739033821
2015-06-01,1.1374425959491339,1.2239383300530973
2015-06-02,1.1375515861223735,1.2238210518263963
2015-06-03,1.1378616483845945,1.2234874751090745
2015-06-04,1.1373174002349424,1.2240726787631357
2015-06-05,1.1383757620991708,1.222933584397764
2015-06-08,1.1371502098963682,1.2242501698330304
2015-06-09,1.137104128806947,1.2242997805010485
2015-06-10,1.1367850129869121,1.224643366825753
2015-06-11,1.1364270463980921,1.2250289994682806
2015-06-12,1.136220395642938,1.2252517618256429
2015-06-15,1.1355208028066521,1.2260061729931477
2015-06-16,1.1355208028066521,1.2257347333256643
2015-06-17,1.1355208028066521,1.2272340138590008
2015-06-18,1.1355172331609558,1.2272378718161647
2015-06-19,1.135508171260491,1.2272476656855278
2015-06-22,1.1357142371050837,1.2270249514566438
2015-06-23,1.1355222004608492,1.2272324277269688
2015-06-24,1.1355893663044585,1.227159837247206
2015-06-25,1.1352824719463275,1.2274914786325086
2015-06-26,1.1345540280560769,1.2282790876109257
2015-06-29,1.1345540280560769,1.2290822018424035
2015-06-30,1.1345540280560769,1.2282092901611283
2015-07-01,1.1345540280560769,1.2279052259462981
2015-07-02,1.1345540280560769,1.2287708841446174
2015-07-03,1.134710398502753,1.2286015282150935
2015-07-06,1.1342000421478184,1.2291541137897337
2015-07-07,1.1344016271668633,1.228935652278334
2015-07-08,1.1344647471681866,1.2288672722459537
2015-07-09,1.1349359334948967,1.2283568769626543
2015-07-10,1.1339503857693833,1.22942354891345
2015-07-13,1.133387397048472,1.2300339385741859
2015-07-14,1.132801867995704,1.2306693970315516
2015-07-15,1.132644620799114,1.2308402294763767
2015-07-16,1.132523007070567,1.230972386612696
2015-07-17,1.1316491477965078,1.2319222098210867
2015-07-20,1.1318382310200132,1.2317163723289677
2015-07-21,1.1317814056626583,1.2317782121936225
2015-07-22,1.130770645170432,1.2328782768755842
2015-07-24,1.1310046098962483,1.2325837235359263
2015-07-27,1.1305251846758049,1.2331062074570354
2015-07-28,1.130463329438774,1.2331736752832991
2015-07-29,1.1305017326950828,1.2331317828277972
2015-07-30,1.1298696763892395,1.2338212189398623
2015-07-31,1.129362526102533,1.2343750286384547
2015-08-03,1.1276595380184942,1.236236367151484
2015-08-04,1.1271934093138127,1.236747377112445
2015-08-05,1.1260396296568562,1.2380132947027327
2015-08-06,1.1263720977758047,1.2376477658701033
2015-08-07,1.126392021971245,1.2376258733391874
2015-08-10,1.1264995639472506,1.2375077113410746
2015-08-11,1.1262113362763804,1.2378243417036057
2015-08-12,1.1262021127007569,1.2378344793803067
2015-08-13,1.1266220921891128,1.2373728703267834
2015-08-14,1.1248228720955376,1.2393489598664544
2015-08-17,1.1253364705475724,1.2387830683620147
2015-08-18,1.1254807583522335,1.2386242347206429
2015-08-19,1.1246510213293133,1.2395373843923783
2015-08-20,1.124172689396148,1.240064579319571
2015-08-21,1.125014983905065,1.2391354519748885
2015-08-24,1.1244344915963946,1.2397748288805857
2015-08-25,1.123667429271736,1.2406205736255236
2015-08-26,1.123667429271736,1.239694616027943
2015-08-27,1.123667429271736,1.2391724497192833
2015-08-28,1.123667429271736,1.2396358264622906
2015-08-31,1.1235305966101865,1.2397867809752259
2015-09-01,1.1235305966101865,1.2401678587944758
2015-09-02,1.1235305966101865,1.2401480284781425
2015-09-03,1.1235305966101865,1.2399738977902968
2015-09-04,1.1235305966101865,1.2400933834422563
2015-09-07,1.1232760099037251,1.2403743827235822
2015-09-08,1.1237733452321224,1.2398252015824125
2015-09-09,1.1233326249567173,1.240311434955551
2015-09-10,1.1221768852824063,1.2415875281643056
2015-09-11,1.121923697130188,1.241867658022794
2015-09-14,1.122591827521093,1.2411280983487007
2015-09-15,1.122591827521093,1.2425304071861039
2015-09-16,1.122114496347301,1.243058736791927
2015-09-17,1.12215495466026,1.2430139177832045
2015-09-18,1.122188792866429,1.2429764351155517
2015-09-22,1.122188792866429,1.2435431734402638
2015-09-23,1.1213345454227783,1.2425965470047358
2015-09-24,1.1213345454227783,1.2430157317713106
2015-09-25,1.1213345454227783,1.2439082872902434
2015-09-28,1.1213345454227783,1.2447567462394498
2015-09-29,1.1213345454227783,1.2447834509029727
2015-09-30,1.1213345454227783,1.2442375392803147
2015-10-01,1.1213345454227783,1.244178393568456
2015-10-02,1.1213345454227783,1.2442754262910436
2015-10-05,1.1219991285525759,1.2450128729883831
2015-10-06,1.1210569420719148,1.2460583589137528
2015-10-07,1.1212651555113922,1.2458269290131274
2015-10-08,1.1219244962872106,1.2450943418192122
2015-10-09,1.1212279028215828,1.245867410404016
2015-10-12,1.1216593653145237,1.2453879850727216
2015-10-13,1.121844410898476,1.2451825273784596
2015-10-14,1.1224024220237343,1.2445631672457136
2015-10-15,1.1214099770799444,1.245663628540454
2015-10-16,1.12067798183456,1.246476729789842
2015-10-19,1.120897544742624,1.2462325204272395
2015-10-20,1.121166002224125,1.2459340449373362
2015-10-21,1.1219087724286083,1.2451086161573919
2015-10-22,1.1220815314348744,1.244916886016308
2015-10-23,1.121495934752342,1.245566588536184
2015-10-26,1.1206983220150601,1.2464524408566107
2015-10-27,1.1210510130219362,1.246060174215577
2015-10-28,1.1200479156995569,1.247175127602854
2015-10-29,1.120944369677925,1.2461769246785057
2015-10-30,1.120155935985652,1.2470534426400812
2015-11-02,1.1202657804114473,1.2469311544256088
2015-11-03,1.1202704613137597,1.246925944266532
2015-11-04,1.1199318914829115,1.2473027921087358
2015-11-05,1.1190464731614065,1.2482889098833938
2015-11-06,1.1186458896319695,1.2487357581504417
2015-11-09,1.1185003605212165,1.2488982111716644
2015-11-10,1.1181926354598648,1.2492418116676676
2015-11-11,1.1175246322842296,1.2499881030229019
2015-11-12,1.1174526965562732,1.2500685655035757
2015-11-13,1.117165762637918,1.2503895518619408
2015-11-16,1.1161259423126788,1.25155337241031
2015-11-17,1.1163562073510027,1.251295167691347
2015-11-19,1.115814890335182,1.2528230513961371
2015-11-20,1.1150972966356458,1.2536287566579176
2015-11-23,1.1142094455802938,1.254626907777086
2015-11-24,1.1133409643589798,1.2556048387338572
2015-11-25,1.1125816536612168,1.2564611749477705
2015-11-26,1.113366329537927,1.2555750244609634
2015-11-27,1.1128585195249054,1.2561476963234093
2015-11-30,1.1129471786045015,1.2560476216987928
2015-12-01,1.1125391637397775,1.2565080982697447
2015-12-02,1.1124941375812067,1.2565589510709063
2015-12-03,1.1123840145136277,1.256683334761221
2015-12-04,1.1116455531911447,1.2575175898612783
2015-12-07,1.1122311762160038,1.2568551203783807
2015-12-08,1.1132531645426742,1.2557002424278159
2015-12-09,1.1123954198445622,1.2566677404414441
2015-12-10,1.1116928504131547,1.25746142973944
2015-12-11,1.1116460918113165,1.2575143194726954
2015-12-14,1.1109600151176484,1.2582904219327313
2015-12-15,1.1111400964155205,1.258086459081505
2015-12-16,1.1104995584997115,1.2588117070326925
2015-12-17,1.111485119499215,1.2576945199841485
2015-12-18,1.1117617115235066,1.2573815438883647
2015-12-21,1.1120287273812823,1.257079553985301
2015-12-22,1.1126304721138183,1.2563993188606468
2015-12-23,1.1130471971093108,1.25592874663239
2015-12-24,1.1123833262913467,1.2566778383568893
2015-12-25,1.1118844332082545,1.257241446122678
2015-12-28,1.1115215414812372,1.2576517788029773
2015-12-29,1.1116061897913174,1.2575560018937837
2015-12-30,1.11150136747352,1.2576745869971138
2015-12-31,1.1104362626473887,1.2588797634471958
2016-01-01,1.1099689098446492,1.259409592133046
2016-01-04,1.1097151530192957,1.2596975135127217
2016-01-05,1.1096434158855837,1.2597789462017481
2016-01-06,1.1103362075685093,1.2589924193195452
2016-01-07,1.109133261673765,1.2603564203779731
2016-01-08,1.1094708856072433,1.259972763601158
2016-01-11,1.1101269603164217,1.2592276910849016
2016-01-12,1.1110742969901128,1.2581531179820629
2016-01-13,1.110445285164168,1.2588653954527989
2016-01-14,1.110445285164168,1.2591889877723268
2016-01-18,1.110445285164168,1.259079934111633
2016-01-19,1.1108429927947856,1.2595308754628582
2016-01-20,1.1111572601070447,1.2598872078928296
2016-01-21,1.1124852405031176,1.2613929403156043
2016-01-22,1.1125215231909347,1.2614340794917496
2016-01-25,1.1127550481253305,1.261698862064057
2016-01-26,1.1134849095424468,1.2625264164489969
2016-01-27,1.1132198760255332,1.2622259078264908
2016-01-28,1.1140258021151994,1.263139708246406
2016-01-29,1.114424122701975,1.2635913445988252
2016-02-01,1.1138290175404997,1.2629165837821414
2016-02-02,1.114680621201969,1.2638821757805023
2016-02-03,1.1153335424217439,1.2646224914154618
2016-02-04,1.1157368881278127,1.2650798255063946
2016-02-05,1.1156851488943065,1.265021160904379
2016-02-08,1.1160845233508265,1.265473992188477
2016-02-09,1.1174543432075814,1.2670271643420539
2016-02-10,1.11749953628948,1.2670784065809462
2016-02-11,1.118248738658806,1.267927890731503
2016-02-12,1.1184599915154076,1.268167420077365
2016-02-15,1.118224519278901,1.2679004295538454
2016-02-16,1.1178918460948368,1.2675232276004773
2016-02-17,1.1189937142718454,1.2687725823685536
2016-02-18,1.118600697863892,1.268326960166684
2016-02-19,1.1184034539432186,1.2681033148723473
2016-02-22,1.117916894445464,1.267551628707744
2016-02-23,1.1181827309980292,1.2678530478533425
2016-02-24,1.1182671194379248,1.2679487318035227
2016-02-25,1.1183800169232845,1.268076740774633
2016-02-26,1.1180845631569143,1.2677417401098867
2016-02-29,1.1183436983488866,1.268035560908438
2016-03-01,1.1190258178275674,1.2688089830299492
2016-03-02,1.1183381054217463,1.2680292193602056
2016-03-03,1.1184377874045672,1.268142243915345
2016-03-04,1.1185363995613673,1.2682540554467596
2016-03-07,1.1195689645386304,1.269424830685223
2016-03-08,1.1204129272214178,1.2703817589492568
2016-03-09,1.1203349363679653,1.2702933289113807
2016-03-10,1.1202925082038269,1.270245221678344
2016-03-11,1.1206851193879648,1.2706903844166257
2016-03-14,1.1206628938818397,1.2706651839955323
2016-03-16,1.1207554046875918,1.2702758670398573
2016-03-17,1.1215477517334929,1.271173921447196
2016-03-18,1.1216857410572951,1.2713303199862545
2016-03-21,1.1228116210705228,1.2726064041380718
2016-03-22,1.1231115990832161,1.2729464023469343
2016-03-23,1.123368794852451,1.27323791071477
2016-03-24,1.1234161306689134,1.273291561622941
2016-03-25,1.1242828418958177,1.2742739011687725
2016-03-28,1.1248477084394273,1.2749141268018092
2016-03-29,1.1251714870904983,1.2752811009024898
2016-03-30,1.1265741087431171,1.2768708469152747
2016-03-31,1.125603181058813,1.275770387349473
2016-04-01,1.125223962308403,1.275340576861868
2016-04-04,1.1249786934065706,1.2750625865299634
2016-04-05,1.1252385465101324,1.275357106748246
2016-04-06,1.126351658168327,1.2766187191132738
2016-04-07,1.125632727310898,1.2758038753798036
2016-04-08,1.1248728634229026,1.2749426377224893
2016-04-11,1.125241365078584,1.2753603013431316
2016-04-12,1.1251688226131995,1.2752780809561248
2016-04-13,1.12543029683375,1.2755744385653132
2016-04-14,1.126546564916311,1.2768396284546446
2016-04-15,1.1271558722980615,1.277530223797223
2016-04-18,1.127031843598093,1.2773896483748506
2016-04-19,1.1271991843651208,1.277579314145846
2016-04-20,1.1271974863596392,1.2775773896087201
2016-04-21,1.1270746772598663,1.2774381964939316
2016-04-22,1.1274679062271522,1.277883886307494
2016-04-25,1.1277958412157945,1.2782555712445356
2016-04-26,1.1285790130037845,1.2791432263188447
2016-04-27,1.1294223733830187,1.2800990997703383
2016-04-28,1.1300658484521067,1.2808284211261718
2016-04-29,1.1294841693821895,1.2801691400004351
2016-05-02,1.1306278792670243,1.281465432714728
2016-05-03,1.1303441242618382,1.2811438218318072
2016-05-04,1.1296302082376741,1.2803346619626728
2016-05-05,1.130376702152937,1.2811807459534208
2016-05-06,1.1317620557023684,1.282750920117918
2016-05-09,1.1320811172976908,1.2831125478584062
2016-05-10,1.1321766812576446,1.283220861047511
2016-05-11,1.1326142017826284,1.283716751374604
2016-05-13,1.1310905011946844,1.282511838718066
2016-05-16,1.130787176242252,1.2821679070502974
2016-05-17,1.130787176242252,1.283028154864268
2016-05-18,1.1313218436538766,1.283634806015798
2016-05-19,1.131347917818365,1.2836643906165575
2016-05-20,1.1313668557694783,1.2836858782359648
2016-05-23,1.1310874402552742,1.283368844244811
2016-05-24,1.1312819813622712,1.283589576954555
2016-05-25,1.1308648156739405,1.283116247105564
2016-05-26,1.1300156675383084,1.2821527758277176
2016-05-27,1.1300057677159432,1.282141543165118
2016-05-30,1.1303533326037243,1.2825359016669071
2016-05-31,1.1309044606419902,1.2831612295843853
2016-06-01,1.1312485486669,1.2835516431237197
2016-06-02,1.131163879193057,1.2834555743664144
2016-06-03,1.13143092804953,1.2837585767427926
2016-06-06,1.131923216454507,1.2843171432857894
2016-06-07,1.1323627298544883,1.284815829580137
2016-06-08,1.1324636611248793,1.2849303495042559
2016-06-09,1.1334200530162117,1.286015503058739
2016-06-10,1.1333593470127397,1.2859466240395385
2016-06-13,1.1335103313428223,1.2861179358040415
2016-06-14,1.1334315301827815,1.2860285254277193
2016-06-15,1.133723894575306,1.286360251640193
2016-06-16,1.1334998381498893,1.2861060298837674
2016-06-17,1.1341378611828008,1.286829951707322
2016-06-20,1.1332273781292466,1.285796887823348
2016-06-21,1.1343152887959476,1.2870312668866062
2016-06-22,1.1343152887959476,1.2868573939873644
2016-06-23,1.1344135745382455,1.2869688971430118
2016-06-24,1.1347096784099027,1.2873048209028288
2016-06-27,1.1347096784099027,1.2877813871200452
2016-06-28,1.1347096784099027,1.287330966129599
2016-06-29,1.1347096784099027,1.288514342295208
2016-06-30,1.1347096784099027,1.2883468177400956
2016-07-01,1.1347096784099027,1.2897807302972448
2016-07-04,1.1347096784099027,1.2901630689202483
2016-07-05,1.1347096784099027,1.2893995574789083
2016-07-06,1.1347096784099027,1.290422918754512
2016-07-07,1.1347096784099027,1.2916550712321169
2016-07-08,1.1348968436386941,1.2918681238935392
2016-07-12,1.1348968436386941,1.291853816507843
2016-07-13,1.1356501214743762,1.292711273158966
2016-07-14,1.1350123577277,1.2919853062706166
2016-07-15,1.134411795585111,1.2913016859924367
2016-07-18,1.134784983859787,1.2917264864486353
2016-07-19,1.134784983859787,1.2927240994123952
2016-07-20,1.134784983859787,1.2914307519573527
2016-07-21,1.134784983859787,1.2908141317514679
2016-07-22,1.134784983859787,1.2913071578526414
2016-07-25,1.134784983859787,1.2922732585073151
2016-07-26,1.1342050244889192,1.292933706078135
2016-07-27,1.1333927350406185,1.2938596730630483
2016-07-28,1.1335578031392342,1.293671234449049
2016-07-29,1.1333971456600112,1.2938545845692586
2016-08-01,1.1332679237132057,1.294002100741274
2016-08-02,1.1321255601143332,1.2953064885791545
2016-08-03,1.132649460898348,1.2947070744250941
2016-08-04,1.1322890248096602,1.2951190811138467
2016-08-05,1.1324549751544282,1.2949292660990253
2016-08-08,1.132763238584222,1.2945767758493767
2016-08-09,1.1317345103098677,1.295752456421694
2016-08-10,1.131431088622524,1.2960998518515632
2016-08-11,1.1305918511664723,1.2970612321365802
2016-08-12,1.129672258820611,1.2981162261027546
2016-08-15,1.1300952208462958,1.2976301967572699
2016-08-16,1.1311427054935705,1.2964274240316889
2016-08-17,1.129641839833335,1.2981475990301812
2016-08-18,1.1288423957576177,1.2990662941164082
2016-08-19,1.128629526553917,1.29931126295229
2016-08-22,1.1281976200173447,1.2998084863673327
2016-08-23,1.1279792484165014,1.3000600746129745
2016-08-24,1.1265989513105494,1.3016509453325122
2016-08-25,1.1263865224347307,1.3018963816048466
2016-08-26,1.125678707608731,1.3027144858190407
2016-08-29,1.1243430433801183,1.3042602103024508
2016-08-30,1.1251290160048468,1.3033484664829322
2016-08-31,1.1253838164977965,1.3030533058151146
2016-09-01,1.125565673355566,1.302842738383606
2016-09-02,1.1253146830227079,1.3031332597990235
2016-09-05,1.1255662551054322,1.302841935111644
2016-09-06,1.1255774371688563,1.3028289918832165
2016-09-08,1.1252336475325821,1.3033024009920746
2016-09-09,1.125678381580961,1.3027872875715631
2016-09-12,1.1253979332805175,1.303111860279556
2016-09-13,1.125177865309611,1.3033666796412016
2016-09-14,1.1242052958512554,1.3044932700805791
2016-09-15,1.1238712779773539,1.3048808541545904
2016-09-16,1.1233925803201277,1.3054366503743915
2016-09-19,1.1230717021323604,1.3058095263875993
2016-09-20,1.1225656836038718,1.3063978804648808
2016-09-21,1.1219392872858347,1.30712685591297
2016-09-22,1.1227222109391943,1.3062147026930646
2016-09-23,1.1227236268699363,1.3062130553491933
2016-09-26,1.1233890172082164,1.3054389186641149
2016-09-27,1.1224518894155993,1.3065279119456092
2016-09-28,1.1223618597777034,1.306632705955867
2016-09-29,1.1216529791101613,1.3074579715836685
2016-09-30,1.1209740302328541,1.3082493902652623
2016-10-03,1.1203669791415645,1.308957858257045
2016-10-04,1.120558582308117,1.3087340026140324
2016-10-05,1.119929819160555,1.3094683539668286
2016-10-06,1.120077676176613,1.3092954734165232
2016-10-07,1.1204736692290387,1.3088325841704709
2016-10-10,1.1211734731636651,1.3080151386406709
2016-10-11,1.1203299868990721,1.3089991904664868
2016-10-12,1.121090955369768,1.3081100710786635
2016-10-13,1.1212738328725838,1.3078966861592143
2016-10-14,1.1201496407369667,1.3092079868653168
2016-10-17,1.1201778854378555,1.3091749750366775
2016-10-18,1.1202060427433975,1.3091420670135328
2016-10-19,1.1191402258919165,1.3103876465076305
2016-10-20,1.1182601877431566,1.3114180724470355
2016-10-21,1.117853052678829,1.3118955322431884
2016-10-24,1.1190720616032492,1.3104649217010613
2016-10-25,1.1188107192533223,1.3107709609579468
2016-10-26,1.1193271618779606,1.3101659095549458
2016-10-27,1.1188601962472764,1.3107124901000204
2016-10-28,1.1186000771587614,1.3110172121192445
2016-10-31,1.1190596901405618,1.3104785383408692
2016-11-01,1.1182660027367874,1.3114079885908978
2016-11-02,1.118066200882422,1.3116422993428196
2016-11-03,1.1173913752103384,1.3124339607806563
2016-11-07,1.1168247367571915,1.3131986309634196
2016-11-08,1.1167095834440195,1.3133340319518034
2016-11-09,1.116889306201058,1.3131226645411227
2016-11-10,1.117117340829291,1.3128545650643257
2016-11-11,1.1160895874210306,1.3140623976746344
2016-11-14,1.1159830447750574,1.3141878389352646
2016-11-15,1.1165021992811361,1.313576479702155
2016-11-16,1.1168257926464669,1.3131957687335967
2016-11-17,1.1158764159257866,1.3143120730853948
2016-11-18,1.1160405362889045,1.3141187672930987
2016-11-21,1.1146734090966106,1.3157285363312776
2016-11-22,1.114334630847803,1.3161284204639816
2016-11-23,1.1152636465426276,1.3150311702079382
2016-11-24,1.1144714769084099,1.3159652343319843
2016-11-25,1.1140876558406152,1.316418449323922
2016-11-28,1.1142725823188717,1.3161999381264688
2016-11-29,1.1131034724874063,1.3175809128648364
2016-11-30,1.1126763212244606,1.3180865319423742
2016-12-01,1.112899291443418,1.3178223993846612
2016-12-02,1.1119690127152089,1.318923974482364
2016-12-05,1.1116798909754066,1.3192669063355078
2016-12-06,1.1121239963192717,1.3187398719905996
2016-12-07,1.11238888253088,1.3184257739134566
2016-12-08,1.1118441533101464,1.3190713979894406
2016-12-09,1.1116704034484177,1.3192775316209648
2016-12-12,1.1118388136964779,1.3190776703530287
2016-12-13,1.1115924926526224,1.3193699038896576
2016-12-14,1.1114698116986452,1.3195155162066963
2016-12-15,1.1113123175758914,1.3197024901906027
2016-12-16,1.1111144524943586,1.319937458377935
2016-12-19,1.1107795985176911,1.3203352448578949
2016-12-20,1.110676881386632,1.3204573402299822
2016-12-21,1.1099867212973895,1.3212778551529507
2016-12-22,1.1094248398662452,1.3219466933272712
2016-12-23,1.1090615697998565,1.3223795515487486
2016-12-26,1.1092758954060158,1.3221240023469047
2016-12-27,1.1095016546572392,1.3218549243600572
2016-12-28,1.1088672729527547,1.3226107236655171
2016-12-29,1.1087112795876222,1.3227967860578136
2016-12-30,1.1082353446418183,1.323364621190614
2017-01-02,1.1081948664821104,1.3234129569206983
2017-01-04,1.1080880522832286,1.3240061481425247
2017-01-05,1.1082776806271268,1.323779569494135
2017-01-06,1.1080682334551482,1.3240297431572885
2017-01-09,1.1066266224295156,1.3257523228851174
2017-01-10,1.106461659698085,1.3259499502690524
2017-01-11,1.1074222084632903,1.324798857887051
2017-01-12,1.1074222084632903,1.325077043928847
2017-01-13,1.1074222084632903,1.325806058436726
2017-01-16,1.1074222084632903,1.3259262379062822
2017-01-17,1.1074222084632903,1.3256315242579038
2017-01-18,1.1074222084632903,1.3249212062467859
2017-01-19,1.1066455873560481,1.325850356634362
2017-01-20,1.1071021829904637,1.3253033183669671
2017-01-23,1.1075645393415519,1.3247498352144815
2017-01-24,1.1075645393415519,1.3248449417076271
2017-01-25,1.1074112895354082,1.3250282558381135
2017-01-26,1.1076339353326095,1.3247618580009928
2017-01-27,1.107861072605389,1.3244901953280555
2017-01-30,1.1072174099077872,1.3252597186493027
2017-01-31,1.1072760963953294,1.3251894751386128
2017-02-01,1.1068978135548915,1.3256422045350171
2017-02-02,1.1063920076585496,1.3262479674476206
2017-02-03,1.1067226454845163,1.3258516271436287
2017-02-06,1.1067226454845163,1.3257783459636063
2017-02-07,1.1068356385670013,1.3256429879472023
2017-02-08,1.106401445918861,1.3261630149678092
2017-02-09,1.1053937188074927,1.3273709042282635
2017-02-10,1.1051943058703915,1.3276103618315875
2017-02-13,1.1051743087027663,1.3276343833514284
2017-02-14,1.10583678203076,1.326838561044149
2017-02-15,1.1063830530388343,1.326183117627841
2017-02-16,1.1056772047436036,1.3270291935779113
2017-02-17,1.1063070378585464,1.3262732704865918
2017-02-20,1.1061305704627165,1.326484824767811
2017-02-21,1.1065541662417278,1.3259768437141282
2017-02-22,1.1063512187456528,1.3262200344123287
2017-02-23,1.1060034010788795,1.3266369750277331
2017-02-24,1.1060202506738848,1.3266167641534028
2017-02-27,1.1061849549951461,1.3264192094399327
2017-02-28,1.1065832243566347,1.3259416472300831
2017-03-01,1.106751914449028,1.3257395176350772
2017-03-03,1.1061831301281815,1.3273436332342565
2017-03-06,1.1061183782756252,1.3274213310013712
2017-03-07,1.1056395903140503,1.327995910870672
2017-03-08,1.1051315986174544,1.32860606530232
2017-03-09,1.1053137780427045,1.3283870464183578
2017-03-10,1.105637679897843,1.3279977750302467
2017-03-13,1.1049208752047903,1.328858739752065
2017-03-14,1.1041769333543499,1.329753458688063
2017-03-15,1.103374141461923,1.330720256004068
2017-03-16,1.1031387012288136,1.3310042078165165
2017-03-17,1.102952654228904,1.3312286848831407
2017-03-20,1.103427050507114,1.330656103701951
2017-03-21,1.1032909063204628,1.3308202841005263
2017-03-22,1.103323318796301,1.3307811872675366
2017-03-23,1.1024470600689007,1.3318380928995823
2017-03-24,1.1018167306300004,1.33259957777102
2017-03-27,1.10187683638939,1.3325268824603047
2017-03-28,1.1006888899613492,1.3339634954264818
2017-03-29,1.1009349711566359,1.3336652609894697
2017-03-30,1.1009831671959533,1.3336068766297764
2017-03-31,1.1023904570860552,1.3319022443240607
2017-04-03,1.1032571368247444,1.3308551265069113
2017-04-04,1.1028356747228132,1.3313635347285864
2017-04-05,1.1026108427976085,1.3316349559688685
2017-04-06,1.1027549971230841,1.3314608592418942
2017-04-07,1.1030799555111688,1.3310685061120098
2017-04-10,1.1030799555111688,1.3321385921909066
2017-04-11,1.1015371538789858,1.3340017622939055
2017-04-12,1.1008134478891298,1.3348781967041754
2017-04-13,1.1012418494200724,1.3343587046283958
2017-04-14,1.1009386160769143,1.3347261280524052
2017-04-17,1.1008690522293434,1.334810463985004
2017-04-18,1.1008690522293434,1.3356976210023461
2017-04-19,1.1008690522293434,1.3373278861925229
2017-04-20,1.1008690522293434,1.3369889731066757
2017-04-21,1.1008690522293434,1.3372741581718013
2017-04-24,1.0995838480355922,1.3388353523508882
2017-04-25,1.100039167561157,1.3382809627256398
2017-04-26,1.100298349249047,1.3379656485722724
2017-04-27,1.0997979740633983,1.3385741060967729
2017-04-28,1.0998546239477722,1.3385051570078268
2017-05-02,1.099341725270596,1.3392478708147635
2017-05-03,1.098542918723956,1.3402209985894933
2017-05-04,1.097998766067175,1.3408848641559867
2017-05-05,1.0983838215152142,1.340414631366941
2017-05-08,1.0986898864403465,1.3400411244964285
2017-05-09,1.0987337785714115,1.3399875904998069
2017-05-10,1.0981144891864283,1.3407428599809041
2017-05-11,1.0978401621053642,1.3410777996241363
2017-05-12,1.0966653548504266,1.3425128973576832
2017-05-15,1.0966653548504266,1.3426384720490503
2017-05-16,1.0966653548504266,1.341854455761543
2017-05-17,1.09612344286903,1.3425175267737266
2017-05-18,1.0961228600178679,1.3425182406421379
2017-05-19,1.09609759996282,1.342549178857094
2017-05-22,1.0964165221844862,1.3421585487098957
2017-05-23,1.0956591175951238,1.3430857119036967
2017-05-24,1.094704143697079,1.344256342236715
2017-05-25,1.0934983314338371,1.3457370352547715
2017-05-26,1.0934714664203067,1.3457700972564424
2017-05-29,1.0944943613972231,1.344511187888579
2017-05-30,1.0946851373689215,1.3442768327037782
2017-05-31,1.0945125933088584,1.3444887173586852
2017-06-01,1.094535844327295,1.3444601560318024
2017-06-02,1.093946006801419,1.3451846759789403
2017-06-05,1.0932718510154096,1.3460136602495758
2017-06-06,1.0935737013353224,1.3456420283873123
2017-06-07,1.09369723327905,1.3454900223769948
2017-06-08,1.0934032362109618,1.3458517039371969
2017-06-09,1.0927344289775518,1.3466749275429817
2017-06-12,1.0932994420788529,1.3459786110757066
2017-06-13,1.0935544649992313,1.3456646482372085
2017-06-14,1.0929448835887363,1.3464147637372412
2017-06-15,1.0932980019919063,1.3459797520193453
2017-06-16,1.0928913853567228,1.3464803454136385
2017-06-19,1.0924179981809157,1.3470635749426985
2017-06-20,1.091269981371571,1.3484791975613897
2017-06-21,1.0902732526573755,1.3497108523852634
2017-06-22,1.0906092213257241,1.3492949377908015
2017-06-23,1.0902259648459436,1.349769100321185
2017-06-26,1.0899960289954043,1.3500537755317574
2017-06-27,1.0891209637744537,1.351137619026554
2017-06-29,1.0886284940635695,1.3521334618971306
2017-06-30,1.0885860659050595,1.3521861598865375
2017-07-03,1.0880731238333317,1.3528233103994252
2017-07-04,1.0876415861400945,1.3533598499370165
2017-07-05,1.0878611528782447,1.3530866415459613
2017-07-06,1.08771290401676,1.353271034153022
2017-07-07,1.0880368541724803,1.3528679936442383
2017-07-10,1.0877886192717188,1.3531766495972584
2017-07-11,1.0877576364439125,1.3532151913124253
2017-07-12,1.088086288188481,1.352806335039207
2017-07-13,1.0883852861144139,1.3524345940359828
2017-07-14,1.0879284467435295,1.3530022655921718
2017-07-17,1.0879284467435295,1.3530159390151952
2017-07-18,1.0879284467435295,1.3531947240087454
2017-07-19,1.0879284467435295,1.3535113483458938
2017-07-20,1.0879284467435295,1.354209964248389
2017-07-21,1.0879337040510448,1.3542165083352207
2017-07-24,1.087873372249431,1.3541414097134767
2017-07-25,1.0887764628971754,1.3552655409534087
2017-07-26,1.0887764628971754,1.3559438939546355
2017-07-27,1.0882601425087455,1.3565869106820114
2017-07-28,1.087487563897884,1.3575499800714235
2017-07-31,1.0869834950287365,1.3581792274356996
2017-08-01,1.0869205208189658,1.3582579133255643
2017-08-02,1.0865756202635837,1.35868891439665
2017-08-03,1.0868909472718487,1.3582946194184182
2017-08-04,1.0869452112374838,1.3582268053909525
2017-08-07,1.086004228842368,1.3594026397377381
2017-08-08,1.0860548583328027,1.3593392644201125
2017-08-09,1.086293472865465,1.359040607219861
2017-08-10,1.0860253625880265,1.3593760347662411
2017-08-11,1.0861541514646345,1.3592148299560807
2017-08-14,1.085642943488651,1.3598545563348932
2017-08-15,1.0855916724818544,1.3599187773687225
2017-08-16,1.085294250769264,1.3602913570245927
2017-08-17,1.0844447665788721,1.361356087627653
2017-08-18,1.0844653131240625,1.3613302945534123
2017-08-21,1.0847993621286132,1.3609109625339766
2017-08-22,1.0844013477476437,1.361410282641655
2017-08-23,1.0844013477476437,1.3619636093740872
2017-08-24,1.08435129159943,1.3620264778428826
2017-08-28,1.08435129159943,1.3622886151301936
2017-08-29,1.084502711894934,1.3620983832871894
2017-08-30,1.084502711894934,1.3625120317943133
2017-08-31,1.0837428994178127,1.3615574434556854
2017-09-01,1.084151991914638,1.3620714057011716
2017-09-04,1.084236372686055,1.3621774172537908
2017-09-05,1.083766764126848,1.3615874258179599
2017-09-06,1.0838868586306583,1.3617383062211152
2017-09-07,1.084102528930682,1.3620092630158378
2017-09-08,1.0845880168923,1.362619204495689
2017-09-11,1.083861474067708,1.3617064143945088
2017-09-12,1.0848854495666231,1.3629928832269351
2017-09-13,1.0854422090985645,1.363692366550274
2017-09-14,1.0856009839467764,1.363891842898892
2017-09-15,1.0852354925542653,1.363432658782198
2017-09-18,1.0854132272099084,1.3636559552333036
2017-09-19,1.0859306912957294,1.3643060698298088
2017-09-20,1.085930193205851,1.364305444055945
2017-09-21,1.085930193205851,1.3652516091901061
2017-09-22,1.085930193205851,1.3657136695660113
2017-09-25,1.085930193205851,1.3647004138122383
2017-09-26,1.0852687773221203,1.3655316224257168
2017-09-27,1.0858508676198104,1.3647992115011491
2017-09-28,1.0861020867810955,1.3644834556976035
2017-09-29,1.0861020867810955,1.3640544367011185
2017-10-02,1.0861020867810955,1.36452740512838
2017-10-03,1.0862916192734593,1.3647655248071286
2017-10-04,1.0868772900379176,1.3655013339158786
2017-10-05,1.086970112111715,1.3656179511888211
2017-10-06,1.086934035981839,1.3655726268417951
2017-10-09,1.0867452885620597,1.3653354934911917
2017-10-10,1.0874027899750482,1.3661615472368323
2017-10-11,1.0880252346940984,1.3669435574066484
2017-10-12,1.0884719257699706,1.367504758993564
2017-10-13,1.0892238490696238,1.3684494399415328
2017-10-16,1.0891636686388129,1.368373832088373
2017-10-17,1.089717747652622,1.3690699508125252
2017-10-18,1.0897835416879154,1.3691526113334322
2017-10-19,1.0896083179937703,1.3689324685534867
2017-10-20,1.0900783497610118,1.3695229942835154
2017-10-23,1.0902828715508064,1.3697799458081623
2017-10-25,1.090955997427986,1.3706767118092593
2017-10-26,1.0915765227492122,1.371456339593421
2017-10-27,1.0911426180133823,1.3709111818437518
2017-10-30,1.0903986822336782,1.369976501205187
2017-10-31,1.0903046347469854,1.3698583399776785
2017-11-01,1.0899260363785646,1.369382669127574
2017-11-02,1.0909236102280548,1.3706360205432404
2017-11-03,1.090938900164046,1.3706552308131665
2017-11-06,1.0914777337725297,1.3713322211596426
2017-11-07,1.092289638719799,1.372352298235206
2017-11-08,1.0928437019021904,1.373048423012709
2017-11-09,1.0924781218580428,1.3725891083804078
2017-11-10,1.092267213236715,1.372324122866551
2017-11-13,1.0926025711757328,1.372745466457141
2017-11-14,1.0934580060089532,1.373820234465319
2017-11-15,1.0935640906812683,1.373953519208393
2017-11-16,1.0934839317544145,1.373852807562331
2017-11-17,1.0933424403049383,1.373675037757523
2017-11-20,1.0941492558116044,1.3746887204617944
2017-11-21,1.0947761708502464,1.3754763762845548
2017-11-22,1.0950107031330027,1.3757710425578962
2017-11-23,1.0942178709417778,1.374774928485975
2017-11-24,1.0955210057032811,1.3764121865185197
2017-11-27,1.095490561660834,1.376373936634845
2017-11-28,1.095281932760776,1.3761118153619485
2017-11-29,1.0948370245370014,1.375552832834094
2017-11-30,1.094316305883333,1.3748986021101504
2017-12-01,1.0941296364951316,1.3746640707598314
2017-12-04,1.095075404227657,1.3758523329892975
2017-12-05,1.0957450239836906,1.3766936430031995
2017-12-06,1.0961013745543795,1.3771413617284598
2017-12-07,1.0958825484793495,1.3768664287286987
2017-12-08,1.0954571425007782,1.3763319488145072
2017-12-11,1.0956326767562206,1.3765524899881445
2017-12-12,1.0958530205713943,1.3768293298760612
2017-12-13,1.096046755791549,1.3770727387350339
2017-12-14,1.0967709765348574,1.3779826494091605
2017-12-15,1.0972559528404644,1.3785919734602148
2017-12-18,1.0965996161260307,1.3777673522548677
2017-12-19,1.0974528770145853,1.3788393889197714
2017-12-20,1.0968626534613153,1.3780978322656663
2017-12-22,1.096916610089784,1.3783569543882204
2017-12-25,1.09777398314507,1.3794343071262392
2017-12-26,1.097985007336854,1.3796994746509301
2017-12-27,1.098711997932154,1.3806129921723072
2017-12-28,1.099399413840345,1.3814767811685686
2017-12-29,1.0992801919077324,1.3813269699810815
2018-01-01,1.0990634206093952,1.381054580791396
2018-01-02,1.0997628454954065,1.3819334599576318
2018-01-03,1.100555474313617,1.3829294567670334
2018-01-04,1.100356022610056,1.3826788309308127
2018-01-05,1.1006833022208051,1.3830900819989032
2018-01-08,1.0998969499559497,1.3821019721436119
2018-01-09,1.099677097601225,1.3818257113784032
2018-01-10,1.1001505241569953,1.3824206069060447
2018-01-11,1.0990695354336277,1.3810622645208865
2018-01-12,1.0992803696925295,1.381327193380845
2018-01-15,1.0996401402003773,1.3817792716673023
2018-01-16,1.1006934468008909,1.3831028294150531
2018-01-17,1.1012070557617368,1.3837482171104407
2018-01-18,1.101233372423638,1.3837812859450396
2018-01-19,1.100887293647717,1.38334641233371
2018-01-22,1.1008364413243013,1.383282512623393
2018-01-23,1.1011821163256172,1.3837168788620289
2018-01-24,1.1013929736253967,1.3839818366745564
2018-01-25,1.1016137952596392,1.3842593154112606
2018-01-26,1.1012560667085218,1.3838098029946553
2018-01-29,1.1011497118719116,1.3836761602661871
2018-01-30,1.101302725806486,1.3838684336066571
2018-01-31,1.1014819422778126,1.3840936323750244
2018-02-01,1.1014331598227503,1.3840323336075804
2018-02-02,1.101294067625002,1.3838575539604276
2018-02-05,1.1023464553885423,1.3851799571214756
2018-02-06,1.1028774285433007,1.3858471642124457
2018-02-07,1.1033220785602844,1.3864058998880118
2018-02-08,1.1030407868366696,1.386052436005808
2018-02-09,1.1024785291252315,1.3853459175525449
2018-02-12,1.1028677105264033,1.3858349528045317
2018-02-13,1.103798050008026,1.387003993260881
2018-02-14,1.1042385030990267,1.3875574551881402
2018-02-15,1.103654007424388,1.3868229930872498
2018-02-16,1.1032844355191787,1.3863585986191507
2018-02-20,1.1034428979621138,1.3864928796805125
2018-02-21,1.103906204768924,1.3870750317700644
2018-02-22,1.10349174000598,1.386554250455724
2018-02-23,1.1041821853900593,1.3874218056419525
2018-02-26,1.1032276183517318,1.3862223775571254
2018-02-27,1.1028801613618355,1.3857857925345782
2018-02-28,1.1037496394462738,1.386878305047313
2018-03-01,1.1041217285479923,1.3873458406951407
2018-03-02,1.104492738981727,1.387812020980147
2018-03-05,1.104787638676575,1.3881825669575434
2018-03-06,1.1044804517866689,1.3877965819316098
2018-03-07,1.1046473603886842,1.3880063051430955
2018-03-08,1.104941052499866,1.3883753337731441
2018-03-09,1.1047657261741513,1.3881550335630717
2018-03-12,1.104879843190506,1.3882984233396687
2018-03-13,1.1049999043057726,1.38844928196747
2018-03-14,1.1054374131298357,1.3889990184970913
2018-03-15,1.1053093911023713,1.3888381568613424
2018-03-16,1.1057631425529628,1.3894083024996458
2018-03-19,1.1072995702499902,1.3913388474023376
2018-03-20,1.106658396354385,1.3905332025950392
2018-03-21,1.1065332089841655,1.3903759027494778
2018-03-22,1.1067984492441763,1.3907091811933272
2018-03-23,1.1077866407170731,1.3919508588945138
2018-03-26,1.1080285899705005,1.392254871832329
2018-03-27,1.1083592211198088,1.3926703149288076
2018-03-28,1.108829493339377,1.3932612191660336
2018-03-29,1.1085183854259628,1.392870307314086
2018-03-30,1.1085282240783079,1.3928826697312506
2018-04-02,1.1084803511607861,1.392822516678115
2018-04-03,1.1083319550447082,1.3926360546883787
2018-04-04,1.109349121111052,1.3939141394094303
2018-04-05,1.1089131854858587,1.393366379628253
2018-04-06,1.1085298255579272,1.3928846820148888
2018-04-09,1.1072440778920127,1.3912691204057213
2018-04-10,1.1088358603158786,1.3932692193693978
2018-04-11,1.1089435114698725,1.3934044846910356
2018-04-12,1.110359407869837,1.3951835801753072
2018-04-13,1.1103828173724608,1.3952129945734286
2018-04-16,1.1112375546860396,1.3962869850821018
2018-04-17,1.1106639486344154,1.395566240304291
2018-04-19,1.1116667718890672,1.3973507427365919
2018-04-20,1.111666299094538,1.3973501484399888
2018-04-23,1.1128489420791583,1.3988367153634051
2018-04-24,1.1130302775289822,1.3990646516766092
2018-04-25,1.114148736994666,1.4004705407475206
2018-04-26,1.1143044048296782,1.4006662132011505
2018-04-27,1.1156434485477147,1.4023493738220039
2018-04-30,1.1156650751363277,1.4023765581639538
2018-05-01,1.115162233557829,1.4017444928086138
2018-05-02,1.1155484117746737,1.4022299138284575
2018-05-03,1.1157211757623318,1.402447075924669
2018-05-04,1.1161167948787258,1.4029443640330423
2018-05-07,1.1159153643876514,1.4026911685130985
2018-05-08,1.1159153643876514,1.4023807434100901
2018-05-09,1.1169991832310195,1.403742788170643
2018-05-10,1.1169150790837206,1.403637093742215
2018-05-11,1.1169150790837206,1.4053308622665757
2018-05-14,1.1177596155631442,1.4063934794709363
2018-05-15,1.117955171003002,1.4066395322819896
2018-05-16,1.1179354112599704,1.406614670072469
2018-05-17,1.1179447296336316,1.4066263946863966
2018-05-18,1.1188213931035795,1.407729434884538
2018-05-21,1.1194548871196492,1.4085265131123421
2018-05-22,1.1194070837454284,1.4084663656952545
2018-05-23,1.119188771656934,1.408191679892088
2018-05-24,1.1196043674168445,1.4087145930110592
2018-05-25,1.119772458620459,1.4089260896239517
2018-05-28,1.1194042283436412,1.408462772956352
2018-05-29,1.1199023013893294,1.4090894610867897
2018-05-30,1.1201705432365143,1.4094269697778798
2018-05-31,1.1190887401186935,1.4080658176752359
2018-06-01,1.1200537018135899,1.4092799569380485
2018-06-04,1.121114009522874,1.4106140629728408
2018-06-05,1.1206431576822389,1.41002162525256
2018-06-06,1.1209379172815273,1.4103924992514758
2018-06-07,1.1210445470346937,1.4105266635095888
2018-06-08,1.1215445215591429,1.4111557441287992
2018-06-11,1.1217076958400456,1.4113610541449095
2018-06-12,1.1211048617769686,1.4106025530470796
2018-06-13,1.1207312153288922,1.410132421615522
2018-06-14,1.1205333040555716,1.409883404635094
2018-06-18,1.1213816068938887,1.4121451709629291
2018-06-19,1.123242113513241,1.4144880892183305
2018-06-20,1.123922523904648,1.4153449235400202
2018-06-21,1.123486578319574,1.4147959414192326
2018-06-22,1.1229903732481685,1.4141710751015717
2018-06-25,1.1231327280701702,1.4143503411722984
2018-06-26,1.1235049887521469,1.414819125501523
2018-06-27,1.123988996265083,1.4154286315500446
2018-06-28,1.1237556709014935,1.4151348071432321
2018-06-29,1.1235153364269435,1.4148321562297825
2018-07-02,1.1244020388210216,1.4159487721045043
2018-07-03,1.1246934797397845,1.4163157808761142
2018-07-04,1.1242970810809092,1.4158165998226122
2018-07-05,1.1248253967413009,1.4164819026989746
2018-07-06,1.1248685970012913,1.4165363043746884
2018-07-09,1.123509348596136,1.4148246158115099
2018-07-10,1.1237957012313764,1.4151852169561705
2018-07-11,1.123901153719005,1.4153180122688949
2018-07-12,1.1246845144603483,1.4163044909851583
2018-07-13,1.1248195757339376,1.4164745723598757
2018-07-16,1.1246497190720801,1.416260673484307
2018-07-17,1.1247067924433565,1.4163325454368547
2018-07-18,1.1257854642945182,1.4176909066194416
2018-07-19,1.1264777895075575,1.4185627451624665
2018-07-20,1.1261802504175604,1.418188057021936
2018-07-23,1.1266109312756298,1.4187304093221789
2018-07-24,1.1266459118033607,1.418774459967391
2018-07-25,1.1273691963029924,1.4196852852449844
2018-07-26,1.12760491663331,1.419982125610574
2018-07-27,1.1280776979302274,1.4205774945922474
2018-07-30,1.1290680850707884,1.4218246796801148
2018-07-31,1.1293434444430823,1.422171437113511
2018-08-01,1.1301324881291301,1.423165072307883
2018-08-02,1.1309044024119728,1.4241371366080395
2018-08-03,1.131200541567599,1.4245100618245579
2018-08-06,1.1311802135940643,1.4244844630012081
2018-08-07,1.1323635975988124,1.4259746872009154
2018-08-08,1.1323657241591027,1.4259773651580232
2018-08-09,1.1324749186140777,1.4261148726945663
2018-08-10,1.1334489649793404,1.4273414799998259
2018-08-13,1.1346858016573598,1.4288990166415874
2018-08-15,1.1347481817360794,1.4292644599624127
2018-08-16,1.134519956852154,1.428977000840888
2018-08-17,1.13524268731009,1.4298873111408172
2018-08-20,1.1364569811920973,1.4314167668539317
2018-08-21,1.1367248433798391,1.4317541508755758
2018-08-22,1.1368865874027791,1.4319578744746264
2018-08-23,1.136762744071672,1.431801888437721
2018-08-24,1.1375249384124873,1.4327619052065912
2018-08-27,1.1367253414234149,1.4317547781830204
2018-08-28,1.1379637960211972,1.4333146653636102
2018-08-29,1.138141485618346,1.4335384731036862
2018-08-30,1.1389486754046232,1.4345551635840406
2018-08-31,1.1383062876523213,1.433746048400022
2018-09-03,1.1381857763699768,1.4335942592227826
2018-09-04,1.1383837174088924,1.4338435745304816
2018-09-05,1.1391711852238564,1.4348354243341712
2018-09-06,1.1400892016227746,1.4359917057310088
2018-09-07,1.1398414182910888,1.4356796118978132
2018-09-10,1.1402176921267435,1.4361535450833172
2018-09-11,1.140343818009393,1.4363124060927057
2018-09-12,1.1403064943214953,1.4362653952919966
2018-09-13,1.1412367058193098,1.4374370369438392
2018-09-14,1.14153896005793,1.4378177392424512
2018-09-17,1.1421205738460225,1.4385503069875458
2018-09-18,1.14273486804933,1.4393240371303913
2018-09-19,1.143150905474671,1.4398480542785344
2018-09-20,1.143957705500536,1.4408642538387766
2018-09-21,1.144983050355247,1.4421557200721056
2018-09-24,1.144281369577557,1.441271922755721
2018-09-25,1.1445091317023828,1.441558799012126
2018-09-26,1.1450437666100652,1.4422321948235532
2018-09-27,1.1454675208763412,1.4427659316669286
2018-09-28,1.1459039220981801,1.4433155978983423
2018-10-01,1.1455482620033393,1.4428676286117952
2018-10-02,1.1461020562888256,1.4435651564890066
2018-10-03,1.1461324831100765,1.4436034803875981
2018-10-04,1.1461512092262345,1.4436270667415827
2018-10-05,1.1469431386814164,1.4446245361742784
2018-10-08,1.1461440838868433,1.443618092068152
2018-10-09,1.1478396872697167,1.4457537779342668
2018-10-10,1.1475361490045082,1.445371458348579
2018-10-12,1.1479726898022584,1.4468824173898178
2018-10-15,1.1494278301942078,1.4487164479958141
2018-10-16,1.1501774487292453,1.4496612525958976
2018-10-17,1.1506911995840914,1.4503087741662268
2018-10-18,1.15142223345645,1.4512301550194717
2018-10-19,1.151521316718414,1.4513550376328535
2018-10-22,1.1510379739303511,1.450745841797593
2018-10-23,1.151074160133408,1.4507914501830712
2018-10-24,1.1517639494453409,1.4516608471957397
2018-10-25,1.1528572374881763,1.4530388061492696
2018-10-26,1.1536104019609694,1.4539880799802305
2018-10-29,1.1534119146750554,1.453737910471308
2018-10-30,1.1539502478061048,1.4544164150637369
2018-10-31,1.1532572786782407,1.453543010273007
2018-11-01,1.1536077241962204,1.4539847049777
2018-11-02,1.1544671960339938,1.4550679665407693
2018-11-05,1.1545686878467416,1.4551958848446438
2018-11-06,1.1542334555366092,1.45477336457079
2018-11-07,1.1546615762449035,1.4553129595723562
2018-11-08,1.1554336305330684,1.4562860417586656
2018-11-09,1.1556861861960281,1.4566043579968433
2018-11-12,1.1559563275264697,1.4569448388677722
2018-11-13,1.155776692163181,1.4567184299549183
2018-11-14,1.1562830274853024,1.457356605132245
2018-11-15,1.1566811269775616,1.45785836197789
2018-11-16,1.1568135340453929,1.4580252452670877
2018-11-19,1.156867724431751,1.4580935457745035
2018-11-20,1.157457242351714,1.4588365626778739
2018-11-21,1.158962273209999,1.4607334742558458
2018-11-22,1.1607126934494774,1.462939669830046
2018-11-23,1.160753132992321,1.4629906390421428
2018-11-26,1.161055914262081,1.4633722586568099
2018-11-27,1.1612715401449467,1.4636440293194952
2018-11-28,1.161701583982457,1.4641860481956652
2018-11-29,1.1619400099279753,1.4644865556132063
2018-11-30,1.1613817972113776,1.4637829951783778
2018-12-03,1.1618599304675887,1.4643856250211666
2018-12-04,1.1627495567531407,1.4655068926628514
2018-12-05,1.1628659926241942,1.465653646166726
2018-12-06,1.1638552160499236,1.4669004441038829
2018-12-07,1.164049202881826,1.4671449413282314
2018-12-11,1.1647204578447807,1.468792623259329
2018-12-12,1.165017143083168,1.4691667637551344
2018-12-13,1.165251712957358,1.469462572503516
2018-12-14,1.1653274664140834,1.469558102823839
2018-12-17,1.1657317235758407,1.47006789891533
2018-12-18,1.1668239643197778,1.4714452896331736
2018-12-19,1.1677774044450444,1.4726476432222075
2018-12-20,1.1680282556330885,1.4729639838274173
2018-12-21,1.1681119980982626,1.473069588836991
2018-12-24,1.1686698159469757,1.4737730355188052
2018-12-25,1.1685197449237383,1.473583785634499
2018-12-26,1.1693179191475198,1.4745903382403798
2018-12-27,1.1701219386685329,1.4756042621681915
2018-12-28,1.1700738886183606,1.4755436677493636
2018-12-31,1.1706100196583844,1.4762197658734957
2019-01-01,1.1712992810192349,1.4770889718666558
2019-01-02,1.171517085218402,1.4773636379454533
2019-01-03,1.1714902639835783,1.4773298145231974
2019-01-04,1.1719415936691422,1.4778989723055216
2019-01-07,1.172312366232495,1.4783665420148813
2019-01-08,1.171521342412535,1.4773690065601255
2019-01-09,1.1719242424219585,1.4778770911891594
2019-01-10,1.1722412977228218,1.478276919735088
2019-01-11,1.1732158969312763,1.4795059563836424
2019-01-14,1.1739949104781047,1.480488346057743
2019-01-15,1.174686357880299,1.4813603087994245
2019-01-16,1.1749463972902952,1.4816882363846116
2019-01-17,1.1745755820524835,1.4812206128598235
2019-01-18,1.1742973356678017,1.480869725027025
2019-01-21,1.1751944568130936,1.4820010565078967
2019-01-22,1.1755960594796375,1.4825075050983099
2019-01-23,1.1755329654057947,1.482427939130693
2019-01-24,1.1760806789454081,1.4831186435836157
2019-01-25,1.1761525099615884,1.4832092274365702
2019-01-28,1.175725100717795,1.4826702349769048
2019-01-29,1.1772671880991163,1.484614913251293
2019-01-30,1.17886117579532,1.486625041393184
2019-01-31,1.1795115227231285,1.4874451736091943
2019-02-01,1.179132230964119,1.486966860608041
2019-02-04,1.1799817695761423,1.4880381872410622
2019-02-05,1.1822744056644294,1.4909293590682706
2019-02-07,1.1823185033882742,1.4906100046641486
2019-02-08,1.1827110951056992,1.4911049653198982
2019-02-11,1.1835073251153936,1.492108813618866
2019-02-12,1.1843904239783045,1.493222181967911
2019-02-13,1.1842443330931123,1.4930379976432695
2019-02-14,1.1842701310767698,1.4930705224937475
2019-02-15,1.184069876675966,1.4928180514273972
2019-02-18,1.1861437909976817,1.4954327423316724
2019-02-19,1.1864873916679826,1.4958659374438965
2019-02-20,1.1877084720267472,1.4974054165217061
2019-02-21,1.1877323487578557,1.4974355191498616
2019-02-22,1.1876202968472411,1.497294249518603
2019-02-25,1.1871517426635794,1.4967035190581628
2019-02-26,1.1877733878526189,1.4974872592563226
2019-02-27,1.1876376048457098,1.4973160706062405
2019-02-28,1.1875382686013183,1.497190832272161
2019-03-01,1.186638943610534,1.4960570068056172
2019-03-04,1.1874073289179077,1.497025749850174
2019-03-05,1.1873664764621241,1.4969742450491146
2019-03-06,1.1882004533526056,1.498025682790339
2019-03-07,1.1896384641307511,1.4998386572524454
2019-03-08,1.1892663784758482,1.4993695496488675
2019-03-11,1.1894233684275004,1.4995674749895382
2019-03-12,1.1887038214993082,1.4986603050121465
2019-03-13,1.189717637032106,1.4999384746185105
2019-03-14,1.1899815326428693,1.5002711814453622
2019-03-15,1.1889617403434045,1.498985476620558
2019-03-18,1.1889617403434045,1.4985785022532168
2019-03-19,1.1889617403434045,1.4983996319550255
2019-03-20,1.1889617403434045,1.498860372061129
2019-03-21,1.1889617403434045,1.4998499961013958
2019-03-22,1.1889617403434045,1.499449971805756
2019-03-25,1.1889617403434045,1.5004045145162128
2019-03-26,1.1889617403434045,1.500608799706955
2019-03-27,1.1889617403434045,1.5028306847111679
2019-03-28,1.1893868763788564,1.5033680505973646
2019-03-29,1.1884732175181292,1.5022131988265561
2019-04-01,1.1892537978617348,1.5031998412494774
2019-04-02,1.188931361331074,1.5027922860727994
2019-04-03,1.188931361331074,1.5036451121040266
2019-04-04,1.188931361331074,1.5046557695907368
2019-04-08,1.1897687692838124,1.5050595968180163
2019-04-09,1.1896525244629637,1.5049125469141058
2019-04-10,1.1902671577449495,1.5056900591025737
2019-04-11,1.1912632832286294,1.5069501596007149
2019-04-12,1.191364432408366,1.5070781134919276
2019-04-15,1.191047441852321,1.5066771198780475
2019-04-16,1.190915427115563,1.5065101210026286
2019-04-17,1.191503823411796,1.5072544433577284
2019-04-18,1.1909563158822185,1.5065618453647447
2019-04-19,1.1910597679432113,1.5066927124048182
2019-04-22,1.1915429355516878,1.5073039202838474
2019-04-23,1.1921694422353737,1.5080964523464595
2019-04-24,1.192601831650908,1.5086434257216341
2019-04-25,1.1923711263490258,1.5083515831068348
2019-04-26,1.1929540426351382,1.5090889732394426
2019-04-29,1.1925432641787532,1.508569337765803
2019-04-30,1.192851825716623,1.5089596686567872
2019-05-01,1.1935149875332398,1.5097985695273684
2019-05-02,1.1932160024315617,1.509420352845099
2019-05-03,1.1933974953005166,1.5096499416452311
2019-05-06,1.192933561055152,1.5090630640045455
2019-05-07,1.1929447939590008,1.5090772736477756
2019-05-08,1.1934381180178917,1.509701329454537
2019-05-09,1.1936203648896313,1.509931872069525
2019-05-10,1.1936289110195588,1.509942682938994
2019-05-13,1.194959442698536,1.511625807865462
2019-05-14,1.1960958133124957,1.51306331870138
2019-05-15,1.1960958133124957,1.5125017106089176
2019-05-16,1.1963292737397517,1.5127969288444922
2019-05-17,1.1963292737397517,1.5140014624514766
2019-05-20,1.195350397118666,1.5152402690814026
2019-05-21,1.194457499791032,1.516372116270518
2019-05-22,1.193180399234588,1.5179934043228798
2019-05-23,1.1930173287875963,1.5182008665499933
2019-05-24,1.1928793695080715,1.5183764297146425
2019-05-27,1.1926248593701971,1.5187003871946274
2019-05-28,1.1924618735753996,1.5189079349308008
2019-05-29,1.1925344949171783,1.5188154329106376
2019-05-30,1.1935138278495847,1.5175681516135042
2019-05-31,1.192527852702297,1.518821831668893
2019-06-03,1.1932240519015072,1.517935141651084
2019-06-05,1.1928049255594702,1.517667994766213
2019-06-06,1.1928106147632238,1.5176607560951885
2019-06-07,1.192551429882169,1.5179905274081544
2019-06-10,1.1921256860476022,1.5185324538121492
2019-06-11,1.192380872130891,1.5182073971895376
2019-06-12,1.1922493867582424,1.5183748118722473
2019-06-13,1.1919577695611976,1.518746197432701
2019-06-14,1.1917742491572856,1.5189800319885134
2019-06-17,1.1906113979277482,1.5204621480848206
2019-06-18,1.1903589023504695,1.5207845958360173
2019-06-19,1.190934788958813,1.5200488517833726
2019-06-20,1.190934788958813,1.5212119109023523
2019-06-21,1.190934788958813,1.5219668241693585
2019-06-24,1.190934788958813,1.5218581232222423
2019-06-25,1.190934788958813,1.5224125684005985
2019-06-26,1.190934788958813,1.5225643730158898
2019-06-27,1.1907801614932068,1.5223666877417634
2019-06-28,1.1899975422295155,1.5233672364028483
2019-07-01,1.1902343693665443,1.5230640637588404
2019-07-02,1.190219392429934,1.5230832287523268
2019-07-03,1.190219392429934,1.5236946013295436
2019-07-04,1.1905121566033943,1.5240693920558595
2019-07-05,1.1908062924331941,1.5244459387486575
2019-07-08,1.1902482843122801,1.5237315881283078
2019-07-09,1.1902482843122801,1.5234519317655812
2019-07-10,1.1902482843122801,1.5234713844479506
2019-07-11,1.1901157619603926,1.5233017610058828
2019-07-12,1.191188699372475,1.5246750790489796
2019-07-15,1.1901671611440128,1.5233675499563575
2019-07-16,1.1899565412200332,1.5230979646678033
2019-07-17,1.1905000650391886,1.5237936539589898
2019-07-18,1.1897348094645006,1.5228141566682207
2019-07-19,1.1904858103603424,1.5237754085259965
2019-07-22,1.1900279740138258,1.5231893958579912
2019-07-23,1.1904200931765152,1.523691293093656
2019-07-24,1.190681464047455,1.5240258376150415
2019-07-25,1.1908805992987515,1.5242807229704616
2019-07-26,1.1912136872915955,1.5247070626109291
2019-07-29,1.1907664649570093,1.5241346354642507
2019-07-30,1.1911878990114007,1.5246740546180184
2019-07-31,1.1914314081958666,1.5249857368773199
2019-08-02,1.1919926131521206,1.5251065131565027
2019-08-05,1.1919926131521206,1.5246546578141777
2019-08-06,1.1919926131521206,1.523328086104088
2019-08-07,1.1919926131521206,1.523711495727042
2019-08-08,1.1914398396394559,1.5230048912175114
2019-08-09,1.192313690826514,1.524121925907646
2019-08-12,1.1924833597466764,1.5243388118860208
2019-08-13,1.1926218266616873,1.5245158126726466
2019-08-14,1.1920314060162998,1.5237610842332543
2019-08-15,1.1920314060162998,1.5243791391033013
2019-08-16,1.1920314060162998,1.525563506900174
2019-08-19,1.1920314060162998,1.525072149249027
2019-08-20,1.1920314060162998,1.5258186882067282
2019-08-21,1.1920314060162998,1.5260682246651134
2019-08-22,1.1920314060162998,1.5256364190390084
2019-08-23,1.1916951171535841,1.5252060154995657
2019-08-26,1.1904813066035205,1.5236525047685192
2019-08-27,1.189974602977434,1.5230039937463138
2019-08-28,1.190851449819027,1.5241262372280726
2019-08-29,1.1908558128598161,1.5241318213208173
2019-08-30,1.190776625530989,1.5240304724199616
2019-09-02,1.1915515124657432,1.525022221229877
2019-09-03,1.1921477997548982,1.5257853870323494
2019-09-04,1.1918858714586849,1.5254501548011659
2019-09-05,1.1927759411310621,1.526589321689561
2019-09-06,1.1924872223402845,1.526219801306249
2019-09-09,1.1924260221351184,1.526141473452316
2019-09-10,1.1929489378536837,1.5268107337254135
2019-09-11,1.1921972269053644,1.5258486469938408
2019-09-12,1.191869834333189,1.5254296294839726
2019-09-13,1.1911834016518315,1.524551089965121
2019-09-16,1.1911834016518315,1.5250977066692746
2019-09-17,1.1911834016518315,1.5246705446901616
2019-09-18,1.1911834016518315,1.5243386047468415
2019-09-19,1.1911834016518315,1.5241115423323672
2019-09-20,1.1905049630091113,1.5249796002357094
2019-09-23,1.1905792541174136,1.5248844368990075
2019-09-24,1.1905792541174136,1.524450976368817
2019-09-25,1.1905792541174136,1.525119207098189
2019-09-26,1.1897675420975828,1.5240794127394386
2019-09-27,1.1899519496901465,1.5243156368802346
2019-10-01,1.1903392459614808,1.5247389253740473
2019-10-02,1.1902285973943147,1.5245971925210247
2019-10-03,1.1902285973943147,1.5259131708106453
2019-10-04,1.1902285973943147,1.5259310981827738
2019-10-07,1.1897847552427645,1.5265001254630943
2019-10-08,1.1897847552427645,1.526403456250021
2019-10-09,1.1897847552427645,1.5249970920999594
2019-10-10,1.189631857803017,1.5248011170296982
2019-10-11,1.1912763425873318,1.526908922246593
2019-10-14,1.189862249996257,1.5250964203803128
2019-10-15,1.1900187914403564,1.525297066124001
2019-10-16,1.1900187914403564,1.5258294812445992
2019-10-17,1.1896563362868238,1.5253647450884416
2019-10-18,1.1896563362868238,1.5254238625138743
2019-10-21,1.1896563362868238,1.526381623910861
2019-10-22,1.1899379211339642,1.526020338115008
2019-10-23,1.1899379211339642,1.5259964861169772
2019-10-24,1.190366287535555,1.5254471418091875
2019-10-25,1.1901705276063972,1.525698006965183
2019-10-28,1.1901705276063972,1.526490044588439
2019-10-29,1.190021811163191,1.5266807854652757
2019-10-30,1.1900615782618564,1.5266297681941159
2019-10-31,1.1906234977497634,1.5259089290096257
2019-11-01,1.1909553109566327,1.525483675572177
2019-11-04,1.1914560517794919,1.5248422812696902
2019-11-05,1.1912143982494487,1.525151552870164
2019-11-06,1.1917443939626564,1.5244729816690428
2019-11-07,1.191295432064522,1.5250472913003468
2019-11-08,1.1909702455270037,1.525463581697222
2019-11-11,1.1904250924392914,1.5261618453061394
2019-11-12,1.1908949611119721,1.5255594591122457
2019-11-13,1.1915238905588563,1.5247537883367872
2019-11-14,1.1918548138615435,1.5243303167107298
2019-11-15,1.1928746315655314,1.5230260143530705
2019-11-18,1.1928746315655314,1.5236960966472355
2019-11-19,1.1931533365176252,1.5233400980901497
2019-11-20,1.193134434820931,1.52336423053953
2019-11-21,1.1937123057677133,1.5226264193553878
2019-11-22,1.1938734524633177,1.522420870484916
2019-11-25,1.1938923766869904,1.5223967384188097
2019-11-26,1.1943591612189823,1.521801516217106
2019-11-28,1.1939172647073615,1.5213859486176495
2019-11-29,1.1937630658373704,1.5215824412901584
2019-12-02,1.1932776736951525,1.522201127009188
2019-12-03,1.1920456255839031,1.5237727855299292
2019-12-04,1.1924045329299502,1.5233140000315424
2019-12-05,1.1926189646359064,1.5230400604324272
2019-12-06,1.1928741880350548,1.522714126104038
2019-12-09,1.191934322735462,1.5239138722153047
2019-12-10,1.191773355338653,1.5241196725218256
2019-12-11,1.191773355338653,1.5252796034379592
2019-12-12,1.191773355338653,1.5244217800037763
2019-12-13,1.191773355338653,1.524649055201231
2019-12-16,1.191773355338653,1.524037173419575
2019-12-17,1.191773355338653,1.5231469168273903
2019-12-18,1.191583213998408,1.52338992712365
2019-12-19,1.1915343636995162,1.5234523802132827
2019-12-20,1.1917033098729433,1.523236371797683
2019-12-23,1.1915300742675508,1.5234578017230997
2019-12-24,1.1917469897055766,1.5231804595699208
2019-12-25,1.1917469897055766,1.5233429612613585
2019-12-26,1.192341318853378,1.524102658690256
2019-12-27,1.193459083235748,1.5255314338572505
2019-12-30,1.1930918763000413,1.525062053942162
2019-12-31,1.1928552373624666,1.5247595717349245
2020-01-01,1.19249471256564,1.5242987332210873
2020-01-02,1.192006771010489,1.5236750250515116
2020-01-03,1.1910961267633486,1.5225109998716058
2020-01-06,1.1912224822430089,1.5226725129546843
2020-01-07,1.1911562445096937,1.5225878449960595
2020-01-08,1.1907699612746139,1.5220940809234038
2020-01-09,1.1915039095596236,1.5230322456207408
2020-01-10,1.1908290470327632,1.5221696069155521
2020-01-13,1.190774134651075,1.5220994155151515
2020-01-14,1.1903833807425164,1.5215999368327382
2020-01-15,1.1907846029040237,1.522112796492476
2020-01-16,1.1913051939223078,1.5227782386293132
2020-01-17,1.1917749774124013,1.5233787363684579
2020-01-20,1.1914409384193767,1.5229517531637957
2020-01-21,1.1913167525024095,1.5227930133103422
2020-01-22,1.1902353754917046,1.5214107500682643
2020-01-23,1.1903731488958555,1.5215868580402376
2020-01-27,1.1897941990878502,1.521750734204488
2020-01-28,1.1898478093389624,1.521819301893802
2020-01-29,1.189363836114712,1.5212002985317896
2020-01-30,1.1889159531689444,1.520627454755881
2020-01-31,1.1896080043136192,1.521512590469539
2020-02-03,1.1903021741375144,1.5224004359809602
2020-02-04,1.1912725238973212,1.5236415165481316
2020-02-05,1.191125789468952,1.523453842726663
2020-02-06,1.1907102734546566,1.5229223963636598
2020-02-07,1.189610671071163,1.521516001261299
2020-02-10,1.1888882368451907,1.5205920054857014
2020-02-11,1.1885011568078638,1.5200969288317308
2020-02-12,1.1889037110463627,1.5206117970404198
2020-02-13,1.1893239806475249,1.5211493232568214
2020-02-14,1.1887454093051113,1.520409328587338
2020-02-17,1.1885763492774282,1.520193100250161
2020-02-18,1.1886532448591285,1.520291449954672
2020-02-19,1.1883922057601197,1.519957580079632
2020-02-20,1.188303348115775,1.51984393085725
2020-02-21,1.1877228526710715,1.5191014752545438
2020-02-24,1.1872747341099965,1.5185283301258743
2020-02-25,1.1869594760743447,1.5181251140507037
2020-02-26,1.1865657493844115,1.5176215363059635
2020-02-27,1.1868475045529463,1.5179819021027647
2020-02-28,1.1872426438188117,1.5184872865368162
2020-03-02,1.1871516283758736,1.518370877482863
2020-03-03,1.1877635485160738,1.5191535253755306
2020-03-04,1.18762072393523,1.5189708522620393
2020-03-05,1.1886467435415067,1.5202831347478312
2020-03-06,1.1886477883023028,1.5202844710003611
2020-03-09,1.1890105547961163,1.5207484505513864
2020-03-10,1.188420353632513,1.5199935813019565
2020-03-11,1.1890344145429448,1.5207789672468637
2020-03-12,1.1897934082307653,1.5217497226956487
2020-03-13,1.189203921181082,1.5209957668002954
2020-03-16,1.1893442208852474,1.521175210588125
2020-03-17,1.188956560331917,1.520679391452257
2020-03-18,1.1886713347422635,1.5203145869753132
2020-03-19,1.188343468392214,1.5198952448241319
2020-03-20,1.188517434352602,1.5201177478655399
2020-03-23,1.1891405810352291,1.5209147545432762
2020-03-25,1.1883012169807372,1.520055871141842
2020-03-26,1.187230850262408,1.5186866751911678
2020-03-27,1.1875626795197929,1.5191111458587871
2020-03-30,1.1870570783795487,1.518464388983761
2020-03-31,1.1880216577150096,1.5196982634097882
2020-04-01,1.1885082500562414,1.520320704533783
2020-04-02,1.1887563849813472,1.5206381147529704
2020-04-03,1.1889762046238632,1.520919304516495
2020-04-06,1.189383368776356,1.5214401423744983
2020-04-07,1.1887558922898804,1.5206374845099426
2020-04-08,1.1883871178063554,1.5201657541011884
2020-04-09,1.187676774836875,1.519257094759724
2020-04-10,1.1870518443049276,1.518457693639395
2020-04-13,1.1870402847921553,1.5184429068959278
2020-04-14,1.1866159259453748,1.5179000738605812
2020-04-15,1.185881126957217,1.516960130771996
2020-04-16,1.1867067027273728,1.5180161940651786
2020-04-17,1.1859420579707562,1.5170380727479371
2020-04-20,1.1865784058079925,1.5178520787021992
2020-04-21,1.1872149540973278,1.518666341071574
2020-04-22,1.1871653297535358,1.5186028624063546
2020-04-23,1.1875157696486045,1.519051139503415
2020-04-24,1.1873564905463454,1.5188473922286674
2020-04-27,1.1872324588600123,1.5186887328834404
2020-04-28,1.1873686437641429,1.5188629384300867
2020-04-29,1.187607451253621,1.5191684171431155
2020-04-30,1.187632687118934,1.5192006984575535
2020-05-01,1.187470273036412,1.5189929409662997
2020-05-04,1.1872204347938518,1.5186733518907247
2020-05-05,1.185824693183656,1.5168879415933545
2020-05-06,1.1850291127147665,1.5158702478087989
2020-05-07,1.1850329243445392,1.515875123584513
2020-05-08,1.1860667576859285,1.5171975866249479
2020-05-11,1.1855695605613352,1.516561580032046
2020-05-12,1.1858444227979241,1.5169131793997077
2020-05-13,1.1860800360893573,1.5172145721457926
2020-05-14,1.1856584478183914,1.5166752831866224
2020-05-15,1.1852225945646984,1.516117746690181
2020-05-18,1.1851335241364431,1.5160038092259422
2020-05-19,1.1853860043685065,1.5163267778921448
2020-05-20,1.1848402648120708,1.515628676598449
2020-05-22,1.18474296813966,1.5158142933482124
2020-05-25,1.184941108872468,1.5160678036563229
2020-05-26,1.1846577191620853,1.5157052219106295
2020-05-27,1.1840264110119436,1.514897497414071
2020-05-28,1.184330548490492,1.5152866248024788
2020-05-29,1.1827403340927318,1.513252031833003
2020-06-01,1.1835783843378809,1.5143242716135317
2020-06-02,1.1837613903009307,1.514558417805591
2020-06-03,1.183336432788489,1.5140147077446344
2020-06-04,1.1824180537000657,1.5128396915711855
2020-06-05,1.182309958458035,1.5127013895788384
2020-06-08,1.181990983070217,1.5122932778912546
2020-06-09,1.1816739366727,1.5118876342420118
2020-06-10,1.1815664856312764,1.5117501564693596
2020-06-11,1.1805777624299385,1.5104851388232905
2020-06-12,1.1797860395769768,1.509472172425377
2020-06-15,1.1792947925475998,1.5088436485271817
2020-06-16,1.1792543496413486,1.50879190402478
2020-06-17,1.1786699924627604,1.5080442507467737
2020-06-18,1.1791221115856596,1.5086227126133698
2020-06-19,1.1787949817329728,1.5082041677307931
2020-06-22,1.1779002671293697,1.5070594289806332
2020-06-23,1.17793980457364,1.507110014993599
2020-06-24,1.1767772282155835,1.5056225616741519
2020-06-25,1.177066078459926,1.5059921298765266
2020-06-26,1.1760169713209052,1.5046498542611848
2020-06-29,1.1763911436479237,1.5051285874351497
2020-06-30,1.1758543082844364,1.504441735739016
2020-07-01,1.1747488107972226,1.5030273117352926
2020-07-02,1.1744220830431404,1.5026092813160457
2020-07-03,1.1738618621741845,1.5018925091355542
2020-07-06,1.173645388370222,1.5016155426584312
2020-07-07,1.1726545169812281,1.500347776522908
2020-07-08,1.171883782373725,1.4993616634453466
2020-07-09,1.1717659637821214,1.4992109209552222
2020-07-10,1.1713405541927642,1.4986666324864013
2020-07-13,1.1703882350147825,1.4974481918113904
2020-07-14,1.1705868720885053,1.497702337160749
2020-07-15,1.1703936622367874,1.4974551356472345
2020-07-16,1.170269633083595,1.4972964470808057
2020-07-17,1.1702000866600648,1.4972074662084363
2020-07-21,1.1700108751094305,1.495193087331093
2020-07-22,1.1688060889538576,1.493653453837211
2020-07-23,1.1679609532925748,1.4925734288344614
2020-07-24,1.167971548492499,1.4925869687681685
2020-07-27,1.1674140833969076,1.491874566879358
2020-07-28,1.1667170300975223,1.4909837809072664
2020-07-29,1.1659532572829707,1.4900077320030185
2020-07-30,1.1647339105114305,1.488449491047612
2020-07-31,1.1639531022533458,1.4874516720231437
2020-08-03,1.1631098504876822,1.4863740545088775
2020-08-04,1.1627035395779248,1.485854817229549
2020-08-05,1.1629890478208236,1.486219677044308
2020-08-06,1.1630938038181062,1.486353547973481
2020-08-07,1.1623344718126736,1.4853831741165664
2020-08-10,1.1618695227177682,1.4847890012866787
2020-08-11,1.162409634274816,1.4854792265518155
2020-08-12,1.1618256087837293,1.4847328823120527
2020-08-13,1.1611261974517264,1.4838390829371417
2020-08-14,1.161016071151775,1.4836983491320774
2020-08-17,1.159850423643414,1.4822087321260788
2020-08-18,1.1594020600622121,1.4816357544371652
2020-08-19,1.1582443263095525,1.4801562506643609
2020-08-20,1.1580970439365803,1.4799680339642953
2020-08-21,1.1570279104425212,1.4786017552024833
2020-08-24,1.1561397227334678,1.4774667126562293
2020-08-25,1.1551789037041595,1.4762388522992362
2020-08-26,1.1558057655038603,1.4770399383827624
2020-08-27,1.1556440367988456,1.476833260268135
2020-08-28,1.1555347791006703,1.4766936364761474
2020-08-31,1.1554932306751504,1.4766405404580263
2020-09-01,1.1550143076654436,1.4760285099301815
2020-09-02,1.1551804939109718,1.4762408844737087
2020-09-03,1.1545214757334492,1.4753987047603234
2020-09-04,1.1549903212977868,1.4759978570090218
2020-09-07,1.1540097821759387,1.4747447957358026
2020-09-08,1.1538059641108693,1.4744843303260802
2020-09-09,1.1533237405429764,1.4738680819128385
2020-09-10,1.1528212987533155,1.4732259960086225
2020-09-11,1.1519328627563872,1.4720906361676132
2020-09-14,1.152983311233173,1.473433036767899
2020-09-15,1.1526484833329604,1.4730051498375345
2020-09-17,1.1524800970092253,1.4725844164121114
2020-09-18,1.1508566850042312,1.4705100975356513
2020-09-21,1.1505308717566132,1.4700937888181749
2020-09-22,1.1498670611011153,1.4692456030410224
2020-09-23,1.1493091831418467,1.4685327730396969
2020-09-24,1.1487023145961537,1.467757345190212
2020-09-25,1.1487017908736001,1.4677566760023686
2020-09-28,1.1482911102144036,1.467231927730859
2020-09-29,1.1470551358900516,1.4656526583501126
2020-09-30,1.1463206812355125,1.4647142070209813
2020-10-01,1.1471336783345623,1.4657530161611614
2020-10-02,1.1472441083460232,1.465894118393125
2020-10-05,1.1464877371469675,1.4649276631427108
2020-10-06,1.1456137307992302,1.463810899277666
2020-10-07,1.145254773606274,1.4633522407985493
2020-10-08,1.145940606577882,1.4642285656469112
2020-10-09,1.1453886427639675,1.4635232924600652
2020-10-12,1.1456864354372844,1.4639037978164582
2020-10-13,1.1460454577128056,1.46436253945499
2020-10-14,1.147205162882933,1.4658443557272134
2020-10-15,1.1461508788362662,1.464497241567392
2020-10-16,1.145456453573644,1.4636099378970258
2020-10-19,1.1449711244994423,1.4629898074207113
2020-10-20,1.1434216231665797,1.4610099280961968
2020-10-21,1.1427900779027156,1.460202969506423
2020-10-22,1.1417311339232634,1.4588499011054663
2020-10-23,1.1420599379628658,1.4592700313151143
2020-10-26,1.1413527094114566,1.4583663682094787
2020-10-27,1.1419234057872445,1.4590955769755727
2020-10-28,1.1410896871951,1.458030290894146
2020-10-29,1.1405037896380354,1.4572816587794692
2020-10-30,1.1398050831636932,1.4563888847797857
2020-11-02,1.1392075206439645,1.4556253477289784
2020-11-03,1.138209392954287,1.4543499874991377
2020-11-04,1.1377526365235866,1.4537663657917512
2020-11-05,1.1365759215949693,1.4522628152567458
2020-11-06,1.1366840087818753,1.4524009239385915
2020-11-09,1.1369023390179607,1.4526798959608636
2020-11-10,1.1364264668697417,1.4520718490961149
2020-11-11,1.1368543771447155,1.4526186125536222
2020-11-12,1.1360681229454985,1.4516139742226781
2020-11-16,1.1366145156113905,1.4520494309430867
2020-11-17,1.1364393066702174,1.4518255977614476
2020-11-18,1.1357820988024638,1.4509860006093123
2020-11-19,1.135813166074568,1.451025689716006
2020-11-20,1.1358367837689871,1.4510558618273688
2020-11-23,1.1345702801167095,1.4494378762374278
2020-11-24,1.1347511073420824,1.4496688868976784
2020-11-25,1.1343667559420991,1.4491778697375397
2020-11-26,1.1332039264654727,1.4476923301314306
2020-11-27,1.1338827954540733,1.4485595998302099
2020-11-30,1.1330924761102257,1.447549949911319
2020-12-01,1.1329497466987033,1.4473676100256907
2020-12-02,1.1323869186267586,1.4466485850877182
2020-12-03,1.1325426144881925,1.446847489891317
2020-12-04,1.1319250294589407,1.4460585117655171
2020-12-07,1.1309659386942352,1.4448332527353136
2020-12-08,1.130260270341775,1.4439317462741954
2020-12-09,1.1297678374045583,1.443302652631239
2020-12-10,1.1293859539696605,1.4428147883494495
2020-12-11,1.1295009232593276,1.4429616640837855
2020-12-14,1.128498555132257,1.4416811172945996
2020-12-15,1.128941406287336,1.4422468691470463
2020-12-16,1.128609740178978,1.4418231585773769
2020-12-17,1.128177608350194,1.441271100894266
2020-12-18,1.1281257334002028,1.4412048295326212
2020-12-21,1.1280851914956977,1.4411530363797471
2020-12-22,1.1284776543229846,1.4416544160623053
2020-12-23,1.128013828248212,1.4410618682999112
2020-12-24,1.1274463391065135,1.44033688874532
2020-12-25,1.1269676754919986,1.4397253857075505
2020-12-28,1.125919725584051,1.4383866072152895
2020-12-29,1.1250935181967976,1.4373311095509325
2020-12-30,1.1246404227009985,1.436752270333413
2020-12-31,1.1244218508555337,1.4364730401111447
2021-01-01,1.1235076926703347,1.4353051834153359
2021-01-04,1.1226979868481441,1.4342707668544046
2021-01-05,1.1228026386240526,1.4344044617435407
2021-01-06,1.1227171677703096,1.4342952708940178
2021-01-07,1.1229502599038073,1.4345930510957958
2021-01-08,1.1233102521826088,1.4350529489559747
2021-01-11,1.122326056475503,1.433795617823202
2021-01-13,1.1217178648145913,1.4322271664587396
2021-01-14,1.1218236272820832,1.432362205655212
2021-01-15,1.120847918640731,1.431116405381786
2021-01-18,1.1210634172899683,1.4313915574761353
2021-01-19,1.120380764455545,1.4305199355064857
2021-01-20,1.1200033781248322,1.4300380826519923
2021-01-21,1.119735897662462,1.4296965593539153
2021-01-22,1.119195239276068,1.4290062381483282
2021-01-25,1.1188677305361248,1.4285880697930644
2021-01-26,1.1183889261066244,1.427976724700986
2021-01-27,1.1179291474952398,1.4273896720753327
2021-01-28,1.1179781011150074,1.4274521768337276
2021-01-29,1.1164512112797873,1.4255026196671816
2021-02-01,1.1154461635258421,1.4242193587493157
2021-02-02,1.1149421366636447,1.4235758092550022
2021-02-03,1.1147726003289056,1.4233593425730213
2021-02-04,1.11398070092463,1.4223482328497281
2021-02-05,1.1135917976060967,1.4218516749224623
2021-02-08,1.1130796630493875,1.421197773395163
2021-02-09,1.113173119174366,1.4213170996582676
2021-02-10,1.1127975666408982,1.4208375882251911
2021-02-11,1.1140099814670539,1.4223856187108468
2021-02-12,1.1133910210796059,1.4215953202680103
2021-02-15,1.1135771321558654,1.4218329498429316
2021-02-16,1.1123751155793096,1.4202981960073389
2021-02-17,1.1118761078725976,1.4196610550503805
2021-02-18,1.1125962845718693,1.4205805880860054
2021-02-19,1.112650917056491,1.4206503437091447
2021-02-22,1.1129623043046113,1.4210479278878725
2021-02-23,1.1124454672841733,1.420388022180277
2021-02-24,1.1117260679342533,1.4194694816766373
2021-02-25,1.111143227317219,1.418725301529725
2021-02-26,1.1112727899122572,1.4188907291066508
2021-03-01,1.1107496119991644,1.4182227272467123
2021-03-02,1.1110625509213863,1.4186222926275511
2021-03-03,1.1102012903509453,1.417522621466845
2021-03-04,1.109232801737596,1.4162860398397228
2021-03-05,1.1089443348287877,1.415917720713872
2021-03-08,1.1082076473662466,1.4149771064737526
2021-03-09,1.1081548600536322,1.4149097067955072
2021-03-10,1.1070344262414415,1.4134791191278109
2021-03-12,1.1068181823156527,1.4131891493988304
2021-03-15,1.106838823712885,1.4132155044037114
2021-03-16,1.1068700904306596,1.4132554258533248
2021-03-17,1.1064277224928085,1.4126906089937885
2021-03-18,1.1054083330428512,1.4113890491416752
2021-03-19,1.1054456283015126,1.4114366678524142
2021-03-22,1.1049606776532845,1.4108174812461407
2021-03-23,1.104854063184942,1.4106813555371147
2021-03-24,1.1043656120326215,1.4100576994755325
2021-03-25,1.103894465789422,1.4094561383796744
2021-03-26,1.1042665062956918,1.4099311609398362
2021-03-29,1.1036497585450513,1.4091436953533043
2021-03-30,1.1034582586206814,1.408899187610701
2021-03-31,1.1026844878458246,1.4079112345027553
2021-04-01,1.1028677630658579,1.40814524091541
2021-04-02,1.1025075611527761,1.4076853339105442
2021-04-05,1.1016864139685287,1.4066368904449607
2021-04-06,1.1012115382532703,1.4060305675467297
2021-04-07,1.1012854688343423,1.4061249623593999
2021-04-08,1.100759243028172,1.405453075493702
2021-04-09,1.1009536917396983,1.4057013482575884
2021-04-12,1.1008978649460515,1.4056300684211274
2021-04-13,1.1003152378430618,1.4048861681914004
2021-04-14,1.0992720742549675,1.4035542534403629
2021-04-15,1.0991112978239606,1.403348973556631
2021-04-16,1.0995159168436301,1.4038655924714387
2021-04-19,1.0989143292157195,1.4030974833802081
2021-04-20,1.0988242624398363,1.4029824858201452
2021-04-21,1.0992927583004715,1.4035806628986989
2021-04-22,1.098588810014055,1.4026818593770396
2021-04-23,1.0984719224111936,1.4025326168955712
2021-04-26,1.0973739025282252,1.4011306614441448
2021-04-27,1.0972657807775952,1.4009926112320632
2021-04-28,1.0986095882481863,1.4027083890957293
2021-04-29,1.097852775117784,1.4017420875648223
2021-04-30,1.0970883301916725,1.4007660417316814
2021-05-03,1.0969922739352271,1.4006433967828458
2021-05-04,1.0967974899614872,1.4003946959550457
2021-05-05,1.0947952453543575,1.3978382233577868
2021-05-06,1.0941299246635818,1.396988739679169
2021-05-07,1.0932421368803347,1.3958552092743566
2021-05-11,1.0938837945941389,1.3969094335954895
2021-05-12,1.0931085718414573,1.3959194600885132
2021-05-13,1.092828572711159,1.395561896123817
2021-05-14,1.0926868249977524,1.3953808817244566
2021-05-17,1.0922722914723388,1.3948515148986076
2021-05-18,1.091661244238847,1.3940711965055061
2021-05-19,1.0911034618013238,1.3933588982223424
2021-05-20,1.0913313117080463,1.393649866683268
2021-05-21,1.0907356449814558,1.3928891894762692
2021-05-24,1.091241117187393,1.3935346866455145
2021-05-25,1.0920343941125554,1.3945477156580013
2021-05-26,1.0910315895620206,1.3932671160699852
2021-05-27,1.0899595879271697,1.3918981505510213
2021-05-28,1.0898439099750277,1.3917504277093404
2021-05-31,1.089585176992227,1.3914200210004717
2021-06-01,1.0892831646334578,1.3910343457440029
2021-06-02,1.0886486009413636,1.3902239964070038
2021-06-03,1.0888186713154422,1.390441179357423
2021-06-04,1.0885311304747585,1.3900739844918621
2021-06-07,1.0874130638436597,1.3886461931377085
2021-06-08,1.086435092563909,1.3873973060866156
2021-06-09,1.0861367097082582,1.3870162657714178
2021-06-10,1.0855825892068387,1.3863086438470353
2021-06-11,1.085790752215061,1.3865744717817285
2021-06-14,1.0847503857378542,1.3852459049324997
2021-06-15,1.0844267945963033,1.3848326731792786
2021-06-16,1.083917958595399,1.3841828803828875
2021-06-17,1.0839598057236746,1.3842363199242227
2021-06-18,1.0828345306647629,1.382799323277091
2021-06-21,1.0823576947654738,1.3821903951905012
2021-06-22,1.0817574526584948,1.381423875139812
2021-06-23,1.0816526233817572,1.3812900062532671
2021-06-24,1.081115532302515,1.3806041312096828
2021-06-25,1.080934040851831,1.3803723633374185
2021-06-28,1.0811064881967,1.3805925817226221
2021-06-29,1.0802452704051229,1.3794927909922174
2021-06-30,1.0800991447625876,1.379306185898005
2021-07-01,1.079832192843051,1.3789652834579469
2021-07-02,1.0793349078095231,1.37833024145627
2021-07-05,1.078725942860335,1.3775525821779686
2021-07-06,1.0783886935039704,1.3771219086368593
2021-07-08,1.0778916349744416,1.3765417101216315
2021-07-09,1.0781804357260836,1.376910528533103
2021-07-12,1.0773005615228868,1.3757868686947101
2021-07-13,1.0762900446832369,1.3744963692294354
2021-07-14,1.0770140879986314,1.3754210223125805
2021-07-15,1.076293767384848,1.3745011233752844
2021-07-16,1.076331037736569,1.3745487201763262
2021-07-19,1.0758064005435233,1.3738787224182254
2021-07-20,1.0747915412481635,1.372582677338517
2021-07-21,1.074663928296063,1.3724197068268087
2021-07-22,1.075007912867811,1.3728589987697883
2021-07-23,1.0746053007547218,1.3723448354265684
2021-07-26,1.0740193153790534,1.3715964918222987
2021-07-27,1.0736260588324429,1.371094276180556
2021-07-28,1.0726871786203684,1.3698952616128635
2021-07-29,1.0723600269535296,1.3694774664465152
2021-07-30,1.0730677645352948,1.37038129598699
2021-08-02,1.0727192402641215,1.3699362065357938
2021-08-03,1.0728094286192271,1.3700513832646428
2021-08-04,1.0725239170481415,1.3696867653628342
2021-08-05,1.0736460977670512,1.37111986727749
2021-08-06,1.0722493811274978,1.3693361641210853
2021-08-09,1.071571305167369,1.368470214510325
2021-08-10,1.0709469093759652,1.367672818164901
2021-08-11,1.069817358949451,1.3662303046270543
2021-08-12,1.0681896563400224,1.3641516165095744
2021-08-13,1.0675947082445048,1.3633918268959768
2021-08-16,1.0673878938476382,1.3631277106951425
2021-08-17,1.066846811647801,1.3624367115329699
2021-08-18,1.0667718512338407,1.3623409819317036
2021-08-19,1.0667514968548877,1.3623149879906589
2021-08-20,1.0666698467814613,1.3622107152344198
2021-08-23,1.0666719935924485,1.3622134568596183
2021-08-24,1.0672653083224048,1.3629711605531196
2021-08-25,1.0669890439698904,1.3626183519850625
2021-08-26,1.06752758813085,1.3633061098971282
2021-08-27,1.0672363031097925,1.3629341189028492
2021-08-30,1.0669219258801572,1.362532637570901
2021-08-31,1.0663701942774855,1.3618280383892885
2021-09-01,1.0662364856726965,1.3616572833100928
2021-09-02,1.0642045907231152,1.359062413790811
2021-09-06,1.0645883971283892,1.3584498660468662
2021-09-07,1.0644896511150241,1.358323862880769
2021-09-08,1.064426995773518,1.3582439126009185
2021-09-09,1.0645148546297774,1.3583560233958873
2021-09-10,1.0644476340103808,1.3582702476710522
2021-09-13,1.063981274660409,1.3576751577769601
2021-09-14,1.0635960826365538,1.3571836400649318
2021-09-15,1.0626466227100415,1.3559720979201306
2021-09-16,1.061692852682373,1.354755055944264
2021-09-17,1.0609564631347748,1.3538153986222499
2021-09-20,1.0611993696612976,1.354125355352294
2021-09-21,1.060843560340362,1.3536713309371615
2021-09-22,1.0604859209428708,1.3532149712840547
2021-09-23,1.0603145693088514,1.3529963209541165
2021-09-24,1.0601997917811565,1.3528498610475996
2021-09-27,1.0587996928578733,1.3510632886972747
2021-09-28,1.0584791443123538,1.3506542581931877
2021-09-29,1.0577847326718206,1.3497681660634895
2021-09-30,1.0580278764551578,1.3500784255410447
2021-10-01,1.0585526685401963,1.350748077530063
2021-10-04,1.058676186999961,1.3509056911538584
2021-10-05,1.058402949127464,1.3505570306271293
2021-10-06,1.0585411776881497,1.3507334148243024
2021-10-07,1.0581421660308634,1.3502242628047483
2021-10-08,1.058957126340806,1.351264179007913
2021-10-11,1.0588743114932764,1.3511585045342511
2021-10-12,1.0580889402798728,1.3501563449930396
2021-10-13,1.057327437167949,1.3491846419356162
2021-10-14,1.0569269768880958,1.3486736414259437
2021-10-15,1.056884477426509,1.3486194107128762
2021-10-18,1.0568962738767946,1.3486344633720575
2021-10-19,1.0563250540930025,1.3479055681099366
2021-10-20,1.055895964130804,1.3473580351824288
2021-10-21,1.0551907166256964,1.3464581161325615
2021-10-22,1.0552561113212495,1.34654156191842
2021-10-25,1.0553360881188623,1.3466436149468928
2021-10-26,1.0547031921411705,1.3458360188295238
2021-10-27,1.0546058110030798,1.3457117572892408
2021-10-28,1.0542430906943454,1.3452489142260045
2021-10-29,1.0534651390572298,1.3442562223085637
2021-11-01,1.053004877728574,1.3436689136905613
2021-11-03,1.053004877728574,1.3440523323546913
2021-11-04,1.053004877728574,1.3440823014400654
2021-11-05,1.053004877728574,1.3434993211427726
2021-11-08,1.053004877728574,1.3431834321107305
2021-11-09,1.053004877728574,1.3413365971877114
2021-11-10,1.053004877728574,1.3404530706639481
2021-11-11,1.053004877728574,1.3393423252533252
2021-11-12,1.053004877728574,1.3390031150405097
2021-11-15,1.053004877728574,1.3384092410607011
2021-11-16,1.053498343441014,1.3377820273757077
2021-11-17,1.054123349713201,1.336988364848249
2021-11-18,1.0536764070940423,1.3375552407093447
2021-11-19,1.0532549201843253,1.3380902835566428
2021-11-22,1.0535121414927247,1.3377635010020141
2021-11-23,1.0530594912999003,1.338338282139158
2021-11-24,1.0535015046870955,1.3377765252373035
2021-11-25,1.0540496384332683,1.3370804840308523
2021-11-26,1.053024598669462,1.3383807649792696
2021-11-29,1.053882679792619,1.3372901548724627
2021-11-30,1.054908346201723,1.335988668836704
2021-12-01,1.0552586635166337,1.3355450094752979
2021-12-02,1.055800839973294,1.3348588259963252
2021-12-03,1.0560153806890686,1.3345875801731124
2021-12-06,1.0565913105861366,1.3338597225095472
2021-12-07,1.0572740620055456,1.3329978049358253
2021-12-08,1.056579144561837,1.3338739480858028
2021-12-09,1.0568420939979661,1.3335419886634332
2021-12-10,1.0568688844475347,1.333508184001793
2021-12-13,1.0569606984617332,1.3333923373332597
2021-12-14,1.0569639425556563,1.3333882447970047
2021-12-15,1.0582735905938545,1.331736088816421
2021-12-16,1.0590697000685236,1.3307342611912314
2021-12-17,1.0590850541700898,1.3307149685714892
2021-12-20,1.0584477740155611,1.3315156958005874
2021-12-21,1.0583813340535149,1.3315992765444509
2021-12-22,1.0593161825848643,1.330423099690258
2021-12-23,1.0596771475857274,1.3299697542366313
2021-12-24,1.0609026464821312,1.328431666461708
2021-12-27,1.0617182714999593,1.3274103643608657
2021-12-28,1.0621817700444152,1.3268308765736698
2021-12-29,1.0628657664342716,1.3259764582856506
2021-12-31,1.0632427342454225,1.3257151818519348
2022-01-03,1.064322656381629,1.3243686697855224
2022-01-04,1.064823440795651,1.3237455286879698
2022-01-05,1.0652968343772697,1.3231570248919704
2022-01-06,1.0657308017955354,1.3226180135858983
2022-01-07,1.0655613697374131,1.3228282860972809
2022-01-10,1.0658017536402882,1.3225298644058827
2022-01-11,1.066087193539501,1.3221756683371368
2022-01-12,1.0658849903500103,1.3224264434508661
2022-01-13,1.0663970159318679,1.3217911815086285
2022-01-14,1.0665890902548938,1.3215531068117035
2022-01-17,1.067767298222609,1.3200932527644131
2022-01-18,1.067767298222609,1.3200711978567543
2022-01-19,1.068686207705494,1.3189351582497977
2022-01-20,1.0697218684652414,1.317656981944909
2022-01-21,1.0697218684652414,1.3171401084218066
2022-01-24,1.069447281526379,1.317478205156188
2022-01-25,1.068479357550249,1.3186706143238276
2022-01-26,1.0679047948739657,1.3193797145155608
2022-01-27,1.0680298722046686,1.3192251834247115
2022-01-28,1.0689121077913506,1.3181354504182161
2022-01-31,1.0696885781351337,1.3171779413032207
2022-02-01,1.0703437115079957,1.316371232467599
2022-02-02,1.069812211938851,1.317024901691203
2022-02-03,1.0696741020441156,1.317194926082873
2022-02-04,1.0707951580885133,1.3158144595176704
2022-02-07,1.0713482519044173,1.3151348067989046
2022-02-08,1.0719318739588335,1.3144183808595207
2022-02-09,1.0725680340742763,1.3136383121170738
2022-02-10,1.0739763040045938,1.3119135195859744
2022-02-11,1.0742601531355433,1.311566784270654
2022-02-14,1.074602221067923,1.3111491527157986
2022-02-15,1.0750525444090853,1.3105997018998248
2022-02-16,1.0762648379729598,1.309121791269603
2022-02-17,1.075983847907343,1.3094635753779849
2022-02-18,1.0765604513744083,1.3087618536569505
2022-02-21,1.0769586364561474,1.3082777847456226
2022-02-22,1.077372741372851,1.3077747345404076
2022-02-23,1.0773248027873805,1.3078329250518996
2022-02-24,1.0773637945486305,1.307785590479228
2022-02-25,1.0780401249023857,1.306964609585383
2022-03-01,1.0785078884241914,1.3046648624124695
2022-03-02,1.0785108992841503,1.304661220192291
2022-03-03,1.0786642897392582,1.3044756656666392
2022-03-04,1.0787894912702627,1.3043242540068178
2022-03-07,1.078180196156013,1.3050609300699376
2022-03-08,1.0781640483689363,1.305080475824994
2022-03-09,1.078711224086574,1.304418138449699
2022-03-10,1.0782909864644077,1.3049263055704006
2022-03-11,1.0792992460328565,1.30370612989405
2022-03-14,1.0796464708009272,1.303286710478861
2022-03-15,1.0795789659752768,1.3033681983960106
2022-03-16,1.0796706604381805,1.3032574963068775
2022-03-17,1.0810566794885244,1.3015844493458237
2022-03-18,1.0815541421567052,1.3009855078792758
2022-03-21,1.0819207990563822,1.300544461708538
2022-03-22,1.0823242893192075,1.3000594381956077
2022-03-23,1.0824774042300456,1.2998755205963004
2022-03-24,1.0825955782374486,1.2997336132467394
2022-03-25,1.0818025344031639,1.3006857192306527
2022-03-28,1.0833431238411382,1.2988334193723645
2022-03-29,1.0832633763132693,1.29892902966612
2022-03-30,1.083757008521675,1.2983371207919747
2022-03-31,1.0841014722967894,1.2979244543893749
2022-04-01,1.0838250390873383,1.2982554099610815
2022-04-04,1.08407283634732,1.2979585870221912
2022-04-05,1.0829734613267297,1.2992748668887182
2022-04-06,1.0841660003670102,1.2978441429992131
2022-04-07,1.0839837952323361,1.298062258921296
2022-04-08,1.0838364754542076,1.2982386732227114
2022-04-11,1.0840084077646845,1.2980327296327945
2022-04-12,1.0852328120950758,1.2965665815072192
2022-04-13,1.0852946875513299,1.2964926566793846
2022-04-14,1.085149065239871,1.296666617042059
2022-04-15,1.0861680790038364,1.2954489768372561
2022-04-18,1.0867800504476142,1.2947190918442975
2022-04-19,1.0875155880743226,1.293842820139018
2022-04-20,1.0880660719141755,1.2931878965943748
2022-04-21,1.0895202767605014,1.291459545573256
2022-04-22,1.0907700801623113,1.2899780949130109
2022-04-25,1.0905379588584179,1.2902526086742798
2022-04-26,1.091560186930857,1.2890431758192276
2022-04-28,1.0917703280750302,1.2881176349308674
2022-04-29,1.0914622289267668,1.288481143569983
2022-05-02,1.0919189743886661,1.2879419513748973
2022-05-03,1.0915650183275651,1.288359450173552
2022-05-04,1.0920421026423976,1.287796353999505
2022-05-05,1.0924773954089473,1.2872830327307294
2022-05-06,1.0912997676369578,1.2886706497707936
2022-05-09,1.0917407401395465,1.2881499236254261
2022-05-10,1.0923995551171104,1.2873725848014452
2022-05-11,1.092347527157322,1.2874338987856564
2022-05-12,1.09255486854188,1.2871895275389014
2022-05-13,1.0925630434416882,1.2871798963105532
2022-05-16,1.0926845887428707,1.2870367003008474
2022-05-17,1.0924053665364275,1.2873655868166212
2022-05-18,1.0917697536658166,1.2881146367217464
2022-05-19,1.0913731243481797,1.2885825962229924
2022-05-20,1.0916599836895862,1.2882439018327294
2022-05-23,1.0920617770430139,1.287769754346256
2022-05-24,1.0918606128986226,1.2880069690407465
2022-05-25,1.0912724630655715,1.288700776542236
2022-05-26,1.09113723150404,1.2888604736153841
2022-05-27,1.0911099566134317,1.288892690945535
2022-05-30,1.0907029831371393,1.2893734354716229
2022-05-31,1.0896562377622345,1.2906108444646953
2022-06-01,1.0898682222771505,1.2903597657259813
2022-06-02,1.0895605941648376,1.290723984932323
2022-06-03,1.0894551916306443,1.2908488477253466
2022-06-06,1.090445400365867,1.2896755917578784
2022-06-07,1.0906887659518258,1.289387761981184
2022-06-08,1.0907036026700114,1.2893702223461811
2022-06-09,1.090105974757347,1.290076705420727
2022-06-10,1.0900046141274014,1.2901966598018306
2022-06-13,1.0904466787184643,1.2896734048986733
2022-06-14,1.0893365101504846,1.2909864034203071
2022-06-15,1.089579175982183,1.2906988170901161
2022-06-16,1.0897732988827693,1.2904688620729132
2022-06-17,1.0896824745433837,1.290576412865372
2022-06-20,1.089818685923835,1.2904150895451565
2022-06-21,1.0896286386487712,1.2906401176848246
2022-06-22,1.0902805817406807,1.289867906053246
2022-06-23,1.089626546572596,1.2906416692357434
2022-06-27,1.0892382810121353,1.2916686672500983
2022-06-28,1.0883661897557417,1.2927028330249366
2022-06-29,1.0885920631754087,1.2924345527234566
2022-06-30,1.0894673120935625,1.2913954105302312
2022-07-01,1.0887381832015688,1.2922596803383786
2022-07-04,1.0884572419312262,1.2925931389070302
2022-07-05,1.08818972235197,1.2929108307366661
2022-07-06,1.0874318587857825,1.2938112711587895
2022-07-07,1.0864198099401174,1.295015392771473
2022-07-08,1.0863103551395508,1.2951458631939097
2022-07-11,1.0857891189724265,1.2957673033398167
2022-07-12,1.0866349251750935,1.2947579286802005
2022-07-13,1.086565503807102,1.2948406463110664
2022-07-14,1.0864363950582836,1.2949945028941983
2022-07-15,1.0868819296508965,1.294463441111928
2022-07-18,1.085922913585696,1.2956056178304602
2022-07-19,1.0850670088386734,1.296626790682324
2022-07-20,1.084741116025517,1.2970162240988663
2022-07-21,1.0856004139333517,1.29598876850478
2022-07-22,1.0854607036277322,1.2961555545382075
2022-07-25,1.0852541018904716,1.2964022589913788
2022-07-26,1.0851272411889916,1.2965538018417486
2022-07-27,1.0852476615080613,1.2964099187867646
2022-07-28,1.0852188906994238,1.2964442876806235
2022-07-29,1.0843358219751533,1.2974992355929953
2022-08-01,1.0841328457732358,1.2977421137323082
2022-08-02,1.0832305218259393,1.2988222247087455
2022-08-03,1.0829978110404455,1.2991012511339053
2022-08-04,1.0823620235813338,1.2998639048301242
2022-08-05,1.0833082241722807,1.298727564152879
2022-08-08,1.0833278692872772,1.2987040125433023
2022-08-09,1.0828277348019937,1.2993035786407536
2022-08-10,1.0824962617935288,1.2997013187911757
2022-08-11,1.0824800185426253,1.299720821283116
2022-08-12,1.0832321017875137,1.2988178039193072
2022-08-15,1.0826788371408544,1.299481179729694
2022-08-16,1.0818565041895407,1.3004681817445534
2022-08-17,1.082224329126265,1.3000260301053947
2022-08-18,1.0817443830048792,1.3006025671819115
2022-08-19,1.081443828108178,1.3009639302510156
2022-08-22,1.081443828108178,1.3010629403076606
2022-08-24,1.081443828108178,1.3005373006933496
2022-08-25,1.0808859553391554,1.3012081948501215
2022-08-26,1.0807865863356125,1.3013278187207855
2022-08-29,1.0809318415904043,1.3011529232268315
2022-08-30,1.081011038869531,1.3010575908781281
2022-08-31,1.0813040939319427,1.3007048826265133
2022-09-01,1.081460604069191,1.3005166159762325
2022-09-02,1.0816908666061567,1.3002397124494336
2022-09-05,1.0816845286309797,1.300247330972688
2022-09-06,1.0816068798847176,1.300340669254237
2022-09-07,1.0807988667832658,1.3013120871664638
2022-09-08,1.0805290596735937,1.3016369424784096
2022-09-09,1.0805634491397025,1.3015955159206336
2022-09-12,1.0805699235098958,1.3015877172011612
2022-09-13,1.0797086193273662,1.3026251909641853
2022-09-14,1.0795925091803285,1.3027652732046624
2022-09-15,1.0792941628818684,1.3031252934842752
2022-09-16,1.0796112777024849,1.3027424133039722
2022-09-19,1.079500729435959,1.3028758093868908
2022-09-20,1.0790119675655236,1.3034657080318632
2022-09-21,1.0792153677975749,1.3032199969225762
2022-09-22,1.078821700149459,1.303695375208018
2022-09-23,1.0785691473187058,1.304000571105916
2022-09-26,1.078189297697618,1.3044598129858307
2022-09-27,1.078461061358995,1.304131016571645
2022-09-28,1.0787040686288396,1.3038371595848595
2022-09-29,1.0793438223994558,1.3030638847235028
2022-09-30,1.0788517565570979,1.3036579430900548
2022-10-03,1.0788517565570979,1.3038712269287545
2022-10-04,1.0788517565570979,1.3047681879792947
2022-10-05,1.0788517565570979,1.304941617180954
2022-10-06,1.079262590220622,1.3054385473124697
2022-10-07,1.0794310638386946,1.305642327149953
2022-10-10,1.078062494226386,1.3039869528760955
2022-10-11,1.078082006382848,1.3040105541029123
2022-10-12,1.078869494580396,1.30496307247791
2022-10-13,1.0789246256451266,1.3050297570991556
2022-10-14,1.0803357214095537,1.3067365695297208
2022-10-17,1.0805124908468793,1.3069503837020664
2022-10-18,1.0803888592676973,1.3068008432375013
2022-10-19,1.0798104770235548,1.3061012521616813
2022-10-21,1.0802463550391803,1.3063207158602186
2022-10-24,1.0807754150418363,1.3069604977379157
2022-10-25,1.0807754150418363,1.3074567122502547
2022-10-26,1.0807754150418363,1.3083470115145295
2022-10-27,1.080681366219205,1.3082331594650531
2022-10-28,1.080780260127034,1.3083528767966692
2022-10-31,1.080780260127034,1.308823811136026
2022-11-01,1.0811801852218004,1.3093081200247167
2022-11-02,1.0810699772309513,1.3091746582583224
2022-11-03,1.080318783106059,1.3082649629264247
2022-11-04,1.080318783106059,1.308891754225879
2022-11-07,1.0812064841646325,1.3099672743537838
2022-11-08,1.0812064841646325,1.3100239903418405
2022-11-09,1.0812445160750157,1.3100700710079576
2022-11-10,1.0812445160750157,1.3101069991603802
2022-11-11,1.0814990468608525,1.3104154054080595
2022-11-14,1.082001388969319,1.3110240761596705
2022-11-15,1.0820486781406462,1.3110813748311727
2022-11-16,1.081848360583146,1.3108386568980557
2022-11-17,1.0830449482972924,1.3122885213053253
2022-11-18,1.0832629041876156,1.3125526110030536
2022-11-21,1.0833487784137545,1.3126566618657765
2022-11-22,1.0840896463382446,1.31355434619055
2022-11-23,1.0840896463382446,1.3126392155643327
2022-11-24,1.0847181652953772,1.3134002399257818
2022-11-25,1.08453688495416,1.3131807417637098
2022-11-28,1.0846058536158338,1.313264250512515
2022-11-29,1.0848297251305894,1.3135353189896548
2022-11-30,1.0854919429580088,1.314337146672866
2022-12-01,1.0856427971268203,1.314519804166628
2022-12-02,1.0852199421531101,1.314007802209167
2022-12-05,1.0855166583523514,1.3143670726074526
2022-12-06,1.0862481747261459,1.3152528084710071
2022-12-07,1.0857301335525846,1.3146255530018764
2022-12-08,1.0863243562542306,1.3153450507146291
2022-12-09,1.0863243562542306,1.3161545913031067
2022-12-12,1.0863243562542306,1.3162018017702832
2022-12-13,1.0863243562542306,1.3156430355235422
2022-12-14,1.0867654189701546,1.315108866251636
2022-12-15,1.0865419413498902,1.3153792994055515
2022-12-16,1.08677561330449,1.3150964136371934
2022-12-20,1.0859027231755578,1.3164443137619881
2022-12-21,1.0858551542300154,1.316501981789275
2022-12-22,1.085513476828612,1.316916234992686
2022-12-23,1.0847651759379648,1.3178240538384103
2022-12-26,1.084885518574771,1.3176778559100446
2022-12-27,1.0851887619398577,1.3173095432537456
2022-12-28,1.0853639849448047,1.317096840224826
2022-12-29,1.0850683222000506,1.3174556290480126
2022-12-30,1.0851504079276852,1.3173559631544238
2023-01-02,1.0852080069131087,1.3172860388689378
2023-01-03,1.0848417252383806,1.3177306520060867
2023-01-04,1.084199215102566,1.3185110933188524
2023-01-05,1.0845860450449687,1.3180406635646325
2023-01-06,1.0840846855012962,1.3186499395816396
2023-01-09,1.084088412409166,1.3186454062763515
2023-01-10,1.0834122281613086,1.3194678920090903
2023-01-11,1.0844744628858713,1.3181742158104965
2023-01-12,1.0837493409617536,1.3190555985045136
2023-01-13,1.083317871043589,1.3195807502066927
2023-01-16,1.08309879344046,1.3198476068658669
2023-01-17,1.0831239386538876,1.3198169652937706
2023-01-18,1.0831239386538876,1.3197143692664421
2023-01-19,1.0831239386538876,1.3193758835588771
2023-01-20,1.0831239386538876,1.3193674468046543
2023-01-23,1.0841109990944051,1.3205697980469933
2023-01-24,1.0843948229069533,1.3209155275480597
2023-01-25,1.0847240196445738,1.321316526403048
2023-01-26,1.083879215179884,1.3202874590268692
2023-01-27,1.0849466296278953,1.321587690537499
2023-01-30,1.0845890882933051,1.321152164757936
2023-01-31,1.084925582289271,1.3215620524988294
2023-02-01,1.084925582289271,1.3212163658935459
2023-02-02,1.0852229872511143,1.3215785440090775
2023-02-03,1.085889740580178,1.3223905125207924
2023-02-06,1.085546373517046,1.3219723620128458
2023-02-07,1.0853745854121464,1.3217631594100459
2023-02-08,1.0848508254122038,1.3211253273826504
2023-02-09,1.085250698567161,1.3216122906962966
2023-02-10,1.0859946798045308,1.3225183069270656
2023-02-13,1.086664218892075,1.323333667920031
2023-02-14,1.0862008216285985,1.3227693452988207
2023-02-16,1.0865892501599759,1.3230003988076355
2023-02-17,1.0870919949950038,1.3236125267273096
2023-02-20,1.087297300676339,1.3238625011295446
2023-02-21,1.0881561965148745,1.3249082684576767
2023-02-22,1.08842495677428,1.325235503362978
2023-02-23,1.0889000939291977,1.3258140169506578
2023-02-24,1.0889000939291977,1.3263026789358991
2023-02-27,1.0888286025318223,1.3263897569262388
2023-02-28,1.0882346448921596,1.3271133045327812
2023-03-01,1.0891726499216228,1.3259693977842117
2023-03-02,1.0891726499216228,1.3252091000473396
2023-03-03,1.0891726499216228,1.3258136389697477
2023-03-06,1.0891726499216228,1.325738858988138
2023-03-07,1.0891726499216228,1.3252080955099
2023-03-08,1.0890370050140374,1.325043054889701
2023-03-09,1.0895641038048378,1.3256843816662707
2023-03-10,1.0895355383362868,1.325649625752983
2023-03-13,1.090045065117648,1.326269572476386
2023-03-14,1.091104150343297,1.3275581728786874
2023-03-15,1.091082129583024,1.32753137998246
2023-03-16,1.090882063561262,1.3272879574987109
2023-03-17,1.089825868409016,1.3260028734798501
2023-03-20,1.0910792407901277,1.3275278651570255
2023-03-21,1.0908888243748651,1.3272961834534478
2023-03-22,1.0914183062267706,1.3279404097261338
2023-03-23,1.0914735253226608,1.3280075953949126
2023-03-24,1.093107063054598,1.3299951383495028
2023-03-27,1.0941124899396202,1.3312184520707668
2023-03-28,1.094475913817504,1.3316606338177175
2023-03-29,1.0945827807451398,1.3317906599597213
2023-03-30,1.094681168058866,1.3319103688641405
2023-03-31,1.094766837364725,1.3320146036313918
2023-04-03,1.093713660748562,1.330733192297898
2023-04-04,1.0935581470906393,1.3305439771551413
2023-04-05,1.0934737957115783,1.3304413459236215
2023-04-06,1.0937060007737993,1.3307238723240924
2023-04-07,1.0946463412684277,1.331867994733067
2023-04-10,1.0939502268223338,1.3310210247880987
2023-04-11,1.09478047389492,1.3320311953445703
2023-04-12,1.0943754769646756,1.3315384312169958
2023-04-13,1.0936995296364411,1.3307159988215633
2023-04-17,1.094518584468701,1.3321943673939654
2023-04-18,1.0948777307811683,1.332631502680043
2023-04-19,1.0942594541318815,1.3318789666506334
2023-04-20,1.0946530105718928,1.3323579842571633
2023-04-21,1.0947687748950603,1.3324988869165217
2023-04-24,1.095078245677573,1.3328755595826478
2023-04-25,1.0950598235519213,1.3328531370743626
2023-04-26,1.0949837365864623,1.3327605277498111
2023-04-27,1.0950019258314319,1.3327826668071459
2023-04-28,1.0956561419906525,1.3335789466462817
2023-05-01,1.0956127331702608,1.333526111558014
2023-05-02,1.0958142611920103,1.333771401587125
2023-05-03,1.096184076235562,1.3342215223296943
2023-05-04,1.0960350931460527,1.3340401874163383
2023-05-05,1.0967202133689067,1.3348740821668024
2023-05-08,1.0974645672214673,1.3357800731876956
2023-05-09,1.0978628891060813,1.3362648910597923
2023-05-10,1.098733762965888,1.3373248760314573
2023-05-11,1.098993012498668,1.3376404218542692
2023-05-12,1.0988286585220572,1.3374403782506188
2023-05-15,1.0994720341809172,1.33822346356412
2023-05-16,1.0997958452023684,1.3386175904661193
2023-05-17,1.1004474663654267,1.3394107118031338
2023-05-18,1.1010583611131275,1.340154262943796
2023-05-19,1.1021720540790148,1.3415097954283186
2023-05-22,1.1021165510648492,1.3414422398802501
2023-05-23,1.10192427089892,1.3412082058879113
2023-05-24,1.1017864599680491,1.3410404691783875
2023-05-25,1.1019830897981617,1.3412797973687487
2023-05-26,1.102571042147723,1.3419954241470387
2023-05-29,1.1022972307520944,1.3416621543385943
2023-05-30,1.1024849787021487,1.3418906719399408
2023-05-31,1.1025875360644626,1.3420154997339573
2023-06-01,1.102676332230957,1.342123578075
2023-06-02,1.1029198369433837,1.3424199600742937
2023-06-05,1.1029198369433837,1.3432081501952162
2023-06-06,1.1029198369433837,1.3426310245153792
2023-06-07,1.1029198369433837,1.3435893773686618
2023-06-08,1.101934461851256,1.344789772412943
2023-06-09,1.1019008753302268,1.344830761066565
2023-06-12,1.102005098238736,1.3447035607198654
2023-06-14,1.1013113693057224,1.345248442228245
2023-06-15,1.1007891083859285,1.3458863823316256
2023-06-16,1.1000471179855276,1.346793581329247
2023-06-19,1.0997276526585005,1.3471847044410328
2023-06-20,1.0994004965584703,1.3475854761165105
2023-06-21,1.0996507753432454,1.3472786979620537
2023-06-22,1.0996507753432454,1.3478535922733812
2023-06-23,1.099700138602723,1.3477930872038582
2023-06-26,1.0986223715032166,1.349113999146432
2023-06-27,1.0986223715032166,1.3497004453682366
2023-06-28,1.0986223715032166,1.3502714951371706
2023-06-29,1.0986223715032166,1.3493941329502714
2023-06-30,1.0987010391139407,1.349490757245496
2023-07-03,1.0995904712788,1.3505832113735476
2023-07-04,1.1004930342018344,1.351691793489252
2023-07-05,1.1001723713799156,1.351297936107702
2023-07-06,1.099748148909652,1.350776880531839
2023-07-07,1.0993827753287362,1.3503281067045336
2023-07-10,1.0992652430595236,1.3501837464961293
2023-07-11,1.0992404474472262,1.3501532910324276
2023-07-12,1.0996577489852664,1.3506658459026986
2023-07-13,1.0997571289356671,1.3507879103403817
2023-07-14,1.100832368960942,1.3521085848680943
2023-07-17,1.1012644752238854,1.352639323792725
2023-07-18,1.1021956349328037,1.3537830302023575
2023-07-19,1.1020013081872797,1.3535443463951757
2023-07-20,1.101997614116379,1.3535398091149151
2023-07-21,1.101719736429645,1.353198503012033
2023-07-24,1.1019101866273084,1.3534324254097672
2023-07-25,1.1023545321361659,1.3539781973130234
2023-07-26,1.102452123562961,1.354098064978346
2023-07-27,1.1031445093255645,1.3549484948530965
2023-07-28,1.1027318589709807,1.3544416528463448
2023-07-31,1.1027916823636932,1.354515131538599
2023-08-01,1.1029217013540813,1.3546748286896426
2023-08-02,1.1023538567009206,1.3539773677027944
2023-08-03,1.1033653606750478,1.355219757775623
2023-08-04,1.1041026798742466,1.3561253776021602
2023-08-07,1.1051937486076275,1.3574654939020452
2023-08-08,1.1050756736515943,1.3573204671330186
2023-08-09,1.1044656872737797,1.3565712451430492
2023-08-11,1.103381177291114,1.3550786576487641
2023-08-14,1.1048259312506328,1.3568529812428136
2023-08-15,1.1049046281933037,1.3569496301159594
2023-08-16,1.1050393356186927,1.357115066287002
2023-08-17,1.1054377947877294,1.3576044198549428
2023-08-18,1.1060225086147952,1.3583225155087353
2023-08-21,1.106648785248445,1.3590916550567982
2023-08-22,1.1059267927584424,1.3582049654573007
2023-08-23,1.1058959222963414,1.3581670529886036
2023-08-24,1.1063509708000192,1.358725904751004
2023-08-25,1.1055078248543775,1.3576904248101307
2023-08-28,1.1068756819004997,1.359370310173469
2023-08-29,1.107461817993307,1.360090152532744
2023-08-30,1.108787899602131,1.3617187328669036
2023-08-31,1.1091171822887296,1.3621231297789829
2023-09-01,1.1093758288387685,1.3624407774124985
2023-09-04,1.109569940437904,1.3626791687233204
2023-09-05,1.1097334162085903,1.3628799357224852
2023-09-06,1.110572139706004,1.3639099843896232
2023-09-07,1.1101423441825775,1.3633821461838111
2023-09-08,1.1099332028096618,1.36312529658668
2023-09-11,1.1094274983466144,1.362504233495287
2023-09-12,1.1094274983466144,1.363664390519933
2023-09-13,1.1094274983466144,1.363863298327552
2023-09-14,1.1094274983466144,1.3644438918093356
2023-09-15,1.1094274983466144,1.3651137494373606
2023-09-18,1.1094274983466144,1.3646287308646632
2023-09-19,1.1094274983466144,1.3646863348498373
2023-09-20,1.1087840279376462,1.3654778559499612
2023-09-21,1.1084480137728394,1.3658916605230507
2023-09-22,1.107683344521689,1.36683392875776
2023-09-25,1.107683344521689,1.3663755430790934
2023-09-26,1.107683344521689,1.3667200265163473
2023-09-27,1.108128837301382,1.3661703532665992
2023-09-28,1.107911685225751,1.3664380718909062
2023-09-29,1.1073891745399185,1.3670825081791158
2023-10-02,1.1068635687824664,1.3677313735046321
2023-10-03,1.107215158519437,1.3672969204000043
2023-10-04,1.107215158519437,1.367966848329395
2023-10-05,1.107215158519437,1.3679398884357694
2023-10-06,1.107215158519437,1.3679422331066253
2023-10-10,1.1073603799546143,1.3693438458859366
2023-10-11,1.1073603799546143,1.36988269946149
2023-10-12,1.1073603799546143,1.3696961067792561
2023-10-13,1.1073603799546143,1.3707656440550344
2023-10-16,1.1073603799546143,1.3703457067783302
2023-10-17,1.1074728567874845,1.3702065179940595
2023-10-18,1.1072493607414535,1.3704830355964015
2023-10-19,1.107358982181798,1.370347353129871
2023-10-20,1.1077435442536354,1.3698714608259877
2023-10-23,1.1078163682426816,1.3697814043280054
2023-10-24,1.1074891467620358,1.3701860037834155
2023-10-25,1.1068336064675253,1.3709970384911419
2023-10-26,1.1059427822452566,1.372100472072676
2023-10-27,1.1059588801824787,1.3720804999840504
2023-10-30,1.1062235709749904,1.3717521179063452
2023-10-31,1.1059811480875688,1.3720527299326795
2023-11-01,1.1066243930873623,1.3712547361698488
2023-11-02,1.1064602657190734,1.3714581117980267
2023-11-03,1.1062942099011517,1.3716639380762548
2023-11-06,1.1066825459337652,1.371182450848875
2023-11-07,1.1065620187110583,1.3713317843801869
2023-11-08,1.1061640343922328,1.3718249953677883
2023-11-09,1.1056787904173042,1.3724267775564711
2023-11-10,1.1053484189069098,1.3728368520838443
2023-11-13,1.104687579668838,1.373657610899626
2023-11-14,1.1039988968284733,1.3745139746739399
2023-11-15,1.1041040831252824,1.3743830143665305
2023-11-16,1.1040297867267845,1.3744754981365708
2023-11-17,1.1031025476147978,1.3756298759039662
2023-11-20,1.103705715201945,1.3748776925690163
2023-11-21,1.1039293510661123,1.374599111098732
2023-11-22,1.1031022627775635,1.3756289911586663
2023-11-23,1.1026163405898035,1.3762349627639157
2023-11-24,1.1022710178949242,1.3766659786564197
2023-11-27,1.1030563720159954,1.375685121605727
2023-11-28,1.1026142409993527,1.3762365286569227
2023-11-29,1.1027681867626806,1.3760443800567632
2023-11-30,1.1032371971762405,1.3754591445090627
2023-12-01,1.1025825535561655,1.3762753203558626
2023-12-04,1.1021406166030754,1.3768269587975646
2023-12-05,1.1013692198790546,1.3777906106125513
2023-12-07,1.100956018653879,1.3785661002923135
2023-12-08,1.1012532262179566,1.3781939507553238
2023-12-11,1.101471886432612,1.377920302353726
2023-12-12,1.1007511792418636,1.3788218932907412
2023-12-13,1.1007511792418636,1.3802263385020994
2023-12-14,1.1004162945418352,1.3806462487343636
2023-12-15,1.1004983109125548,1.3805433462281662
2023-12-18,1.0999303411329542,1.3812558479124586
2023-12-19,1.0999303411329542,1.3817594944291538
2023-12-20,1.0999303411329542,1.3822610357927296
2023-12-21,1.0999303411329542,1.3818625221308245
2023-12-22,1.0999303411329542,1.3823723178378935
2023-12-25,1.0999303411329542,1.382974598470437
2023-12-26,1.0999303411329542,1.3839107701273894
2023-12-27,1.1005664900430865,1.384711160202301
2023-12-28,1.1000925229033365,1.3841148240482217
2023-12-29,1.100330124359572,1.3844137695377547
2024-01-01,1.101032160790059,1.3852970579977968
2024-01-02,1.1015459914545873,1.3859435496564685
2024-01-03,1.1015459914545873,1.385640563325058
2024-01-04,1.1009938198445526,1.384945983719017
2024-01-05,1.1010013062527029,1.3849554009116598
2024-01-08,1.1014338583455452,1.3854995104905998
2024-01-09,1.101877456921645,1.3860575154996013
2024-01-10,1.101877456921645,1.3879256188559337
2024-01-11,1.101877456921645,1.3877760791892175
2024-01-12,1.1017103084303101,1.3879865968620224
2024-01-15,1.1017103084303101,1.387982190356699
2024-01-16,1.1009207832956514,1.3889768681929324
2024-01-17,1.1004207485293187,1.3896077371294326
2024-01-18,1.099787788122958,1.390407037469008
2024-01-19,1.1001639416156206,1.3899314853042952
2024-01-22,1.0994725736199353,1.390804949802435
2024-01-23,1.1000050508677754,1.3901313795745622
2024-01-24,1.0999186582212466,1.3902405582813413
2024-01-25,1.0991181656008415,1.3912523397427918
2024-01-26,1.0986485009769926,1.3918468363376755
2024-01-29,1.098424746320285,1.392130304808963
2024-01-30,1.0972581827201933,1.3936087934770442
2024-01-31,1.09781316206933,1.3929039237268477
2024-02-01,1.0979583552143939,1.3927197028517069
2024-02-05,1.0977421662719866,1.3926976310102386
2024-02-06,1.0970396396739166,1.3935889214779962
2024-02-07,1.0965492075412733,1.3942119261189145
2024-02-08,1.0968396707376111,1.3938426155128356
2024-02-09,1.0961485674547942,1.3947208561828353
2024-02-12,1.0949671329656354,1.3962240934000945
2024-02-13,1.0946231923599574,1.3966626619615503
2024-02-14,1.09451463251544,1.3968011767331028
2024-02-15,1.094655481576667,1.3966214275286435
2024-02-16,1.0949158580525573,1.3962892249575396
2024-02-19,1.0946807122043605,1.3965890942230323
2024-02-20,1.0945378766900657,1.396771323177382
2024-02-21,1.0946526558082383,1.396624850237361
2024-02-22,1.0940345379867924,1.3974134827823288
2024-02-23,1.0941223177093014,1.3973013614886314
2024-02-26,1.0944147455861042,1.39692790244865
2024-02-27,1.0937034377858144,1.3978358267227533
2024-02-28,1.0929836745441368,1.398755738657941
2024-02-29,1.0922321026796065,1.3997175695461874
2024-03-01,1.0916691179680036,1.4004390458608673
2024-03-04,1.0921019260312261,1.3998838214791165
2024-03-05,1.0917863189059382,1.4002883746605574
2024-03-06,1.09119625769121,1.4010451673085456
2024-03-07,1.0906332936870062,1.4017679868672626
2024-03-08,1.0908540701033556,1.4014842275922752
2024-03-11,1.090582818055062,1.4018327210139014
2024-03-12,1.0899555300842592,1.4026390355719636
2024-03-13,1.0896631358008777,1.403015311139479
2024-03-14,1.090207075536804,1.4023149517781603
2024-03-15,1.089818071455081,1.4028153211596692
2024-03-18,1.0904771706218517,1.4019669278052853
2024-03-19,1.0905873596365434,1.4018252638084892
2024-03-20,1.090106762416246,1.4024430165443669
2024-03-21,1.0906698192387343,1.4017186332675708
2024-03-22,1.0897942771633768,1.4028438717399205
2024-03-25,1.0897942771633768,1.4039545320734987
2024-03-26,1.090648330507448,1.4050547874961663
2024-03-27,1.0905546608675838,1.40493411525723
2024-03-28,1.0896879333814065,1.4038175320563542
2024-03-29,1.089428198633204,1.4034829223189778
2024-04-01,1.0891262830085435,1.40309397202035
2024-04-03,1.0891262830085435,1.4051254175459398
2024-04-04,1.0891262830085435,1.4066956760322864
2024-04-05,1.0891262830085435,1.4059683540909584
2024-04-08,1.0891262830085435,1.406204289053607
2024-04-09,1.0891262830085435,1.4071706782365403
2024-04-10,1.0889895017075957,1.4073474021289185
2024-04-11,1.0889895017075957,1.408441729429395
2024-04-12,1.0889895017075957,1.4086744506534847
2024-04-15,1.0889895017075957,1.4087173492453102
2024-04-16,1.0888717183773473,1.4088697138186257
2024-04-17,1.0888717183773473,1.409129784578489
2024-04-18,1.0898275395650987,1.410366731118343
2024-04-19,1.090147218284014,1.4107804334826497
2024-04-22,1.0895610005631933,1.4100217978814908
2024-04-23,1.0899745484192171,1.4105569780973386
2024-04-24,1.0899605634742815,1.410538879911747
2024-04-25,1.0909182452513448,1.4117782342759315
2024-04-26,1.0910537569937704,1.4119536026220727
2024-04-29,1.0918441987901881,1.4129765285182176
2024-04-30,1.0917903080469398,1.412906787473297
2024-05-01,1.091881653491339,1.413024999365677
2024-05-02,1.0915215919575465,1.4125590368257517
2024-05-03,1.091187278038698,1.4121263947683838
2024-05-06,1.0913898889011497,1.4123885973732833
2024-05-07,1.09171553545727,1.412810022830231
2024-05-08,1.0920655846905787,1.413263028259979
2024-05-09,1.0922906582184835,1.4135543002312663
2024-05-10,1.0928550664000696,1.4142847116892092
2024-05-13,1.093691086010549,1.4153666207091018
2024-05-14,1.0943866531115056,1.416266767441346
2024-05-15,1.0950248193384966,1.4170926306011542
2024-05-16,1.0961521356956818,1.4185515123305092
2024-05-17,1.0962552890560666,1.4186850050735424
2024-05-20,1.095662460078772,1.4179178137185207
2024-05-21,1.0963010759607479,1.418744258785473
2024-05-22,1.0965613605263702,1.4190810980363182
2024-05-23,1.0957820220505345,1.418072541160395
2024-05-24,1.095313164415279,1.417465783497931
2024-05-27,1.0949729943785522,1.4170255629260464
2024-05-28,1.095485821392214,1.4176892222048125
2024-05-29,1.0949292969825206,1.4169690132873538
2024-05-31,1.0954247921346265,1.4184966371973715
2024-06-03,1.0969837425731972,1.4205153663429486
2024-06-04,1.0964722215053693,1.4198529832019247
2024-06-05,1.096572661093164,1.419983045273325
2024-06-06,1.0970848036448662,1.4206462331914471
2024-06-07,1.0975186387184102,1.4212080185347578
2024-06-10,1.0981429011542527,1.4220163936713528
2024-06-11,1.0978892208557962,1.4216878958567447
2024-06-12,1.0976300100652296,1.42135223645102
2024-06-13,1.0983944742382803,1.4223421627942217
2024-06-14,1.0987882790361923,1.4228521117980797
2024-06-17,1.0993284150396294,1.4235515492309425
2024-06-18,1.0993498988177355,1.4235793691846415
2024-06-19,1.0993082560388772,1.4235254447690193
2024-06-20,1.0998548925780323,1.4242332999299836
2024-06-21,1.1001874549401676,1.424663944366493
2024-06-24,1.100144278639226,1.4246080341496234
2024-06-25,1.099938990640106,1.4243422008961681
2024-06-26,1.100240920466793,1.4247331783935737
2024-06-27,1.0999000069652218,1.4242917198297125
2024-06-28,1.1008063279700522,1.4254653406084317
2024-07-01,1.1010171299682718,1.4257383140957365
2024-07-02,1.1010767667674681,1.42581553947873
2024-07-03,1.1012056313046767,1.4259824098234555
2024-07-04,1.101021286070745,1.4257436959507248
2024-07-05,1.1006531244236657,1.4252669529902984
2024-07-08,1.1003244233321248,1.4248413086226142
2024-07-09,1.100690337602239,1.4253151413908576
2024-07-10,1.101370900294887,1.4261964213270566
2024-07-11,1.102864650815479,1.42813072124932
2024-07-12,1.1028663687488718,1.428132945850003
2024-07-15,1.1030312241290845,1.428346421758285
2024-07-16,1.1030110293950626,1.428320271024337
2024-07-17,1.1028793230716332,1.4281497207700213
2024-07-18,1.103256852781001,1.4286385947000486
2024-07-19,1.104229010753084,1.4298974696352573
2024-07-22,1.1049123641555427,1.430782363340754
2024-07-23,1.1049152017319814,1.4307860377989778
2024-07-24,1.1039816878573343,1.4295772042017543
2024-07-25,1.1041247932266987,1.4297625154040072
2024-07-26,1.1039754490190106,1.4295691253530318
2024-07-30,1.1045725602754906,1.429906796622526
2024-07-31,1.1048777066789564,1.4303018190338848
2024-08-01,1.1053412086188783,1.4309018380801455
2024-08-02,1.105341944223087,1.4309027903448452
2024-08-05,1.1055823625799164,1.4312140200954535
2024-08-06,1.1055823625799164,1.4317646091960643
2024-08-07,1.1061425174625417,1.432490027730003
2024-08-08,1.1058600045018143,1.4321241643872984
2024-08-09,1.1058600045018143,1.4312376737923471
2024-08-12,1.1063365086200077,1.4318543799241352
2024-08-13,1.1068291808008193,1.4324920112546258
2024-08-14,1.1068291808008193,1.432869241869211
2024-08-15,1.1068291808008193,1.4330695271417664
2024-08-16,1.1068291808008193,1.4339326431545585
2024-08-19,1.1068291808008193,1.4359793925154694
2024-08-20,1.1068291808008193,1.4358893594500364
2024-08-21,1.1068291808008193,1.4356997987096174
2024-08-22,1.1059924002482608,1.4367852107060766
2024-08-23,1.1055477759192214,1.437362818346184
2024-08-26,1.1064374111493074,1.4362061712708885
2024-08-27,1.1071639608998367,1.4352630765915777
2024-08-28,1.1072559422281683,1.435143837337996
2024-08-29,1.1071326268110784,1.435303669725555
2024-08-30,1.1069927897572522,1.435484956620783
2024-09-02,1.1068790463918778,1.4356324525136388
2024-09-03,1.1070816753434785,1.4353696408724888
2024-09-04,1.1070816753434785,1.4361454227915038
2024-09-05,1.1070816753434785,1.4371680917049596
2024-09-06,1.1070816753434785,1.437001712919661
2024-09-09,1.1070816753434785,1.437034760154531
2024-09-10,1.1070816753434785,1.4368274309231193
2024-09-11,1.1070816753434785,1.4376354560524824
2024-09-12,1.1070816753434785,1.437708021515809
2024-09-13,1.1070816753434785,1.4387579801736616
2024-09-16,1.1070816753434785,1.4395749594610119
2024-09-17,1.1070816753434785,1.4407374768434522
2024-09-18,1.107046351810995,1.4407834462946654
2024-09-19,1.1060124425616296,1.4421290442716785
2024-09-20,1.1058964535262668,1.4422802823141063
2024-09-23,1.1063320379979444,1.4417122048121127
2024-09-24,1.1063320379979444,1.4427818416739424
2024-09-26,1.1063320379979444,1.4402607594432573
2024-09-27,1.1063320379979444,1.4412286612051666
2024-09-30,1.1063320379979444,1.4419966909350892
2024-10-01,1.1063320379979444,1.440619297836155
2024-10-02,1.1063320379979444,1.4420410148247016
2024-10-03,1.1060846774439042,1.4423634352664176
2024-10-04,1.1059764996987853,1.4425045018838756
2024-10-07,1.1065094313208348,1.4418094091181504
2024-10-08,1.1065758819891207,1.441722822238667
2024-10-09,1.1058841468005045,1.442624062202962
2024-10-10,1.1048081621425077,1.444027682430884
2024-10-11,1.1041632021010328,1.4448706705494232
2024-10-14,1.1035006143735204,1.4457377104691802
2024-10-15,1.1033616411520375,1.4459197845200926
2024-10-16,1.1025311405423461,1.4470081287381815
2024-10-17,1.1018229642850716,1.4479375689718164
2024-10-18,1.1026600983745405,1.4468374667433286
2024-10-21,1.1021826339865466,1.4474639638539104
2024-10-22,1.1012313655609023,1.4487132366364908
2024-10-23,1.101585073061501,1.4482479204876413
2024-10-24,1.1014100466102736,1.4484780268137156
2024-10-25,1.1007074228362548,1.4494020560623277
2024-10-28,1.101113628985843,1.4488671673024416
2024-10-29,1.1005935008611343,1.449551562212143
2024-10-30,1.1015897530929748,1.4482394347301146
2024-10-31,1.1020691811007546,1.4476091396996542
2024-11-01,1.1016702117169035,1.4481332009259618
2024-11-04,1.101157815959963,1.448806739431176
2024-11-05,1.1013430392280252,1.4485630389232391
2024-11-06,1.1017920824213712,1.447972426053686
2024-11-07,1.1014930836428638,1.448365369507909
2024-11-08,1.1010874858699902,1.4488986944800795
2024-11-11,1.1015159920113677,1.4483348319380145
2024-11-12,1.1013221341017283,1.4485897271597032
2024-11-13,1.1010143104325933,1.448994613424201
2024-11-14,1.0997891558514927,1.4506069833741695
2024-11-15,1.1000887189637178,1.450211863691235
2024-11-18,1.0999683298788634,1.450370568781202
2024-11-19,1.0996135672789675,1.4508383433705394
2024-11-20,1.100338860489701,1.4498813860978834
2024-11-21,1.100243605629302,1.4500069003862426
2024-11-25,1.1007981900921286,1.4500510884767888
2024-11-26,1.100694642135563,1.4501874893434314
2024-11-27,1.1009986841931474,1.4497869077731536
2024-11-28,1.1007966302452352,1.4500529709143295
2024-11-29,1.1006187612050353,1.4502872735303525
2024-12-02,1.100275214302118,1.4507399658873468
2024-12-03,1.1000614024532178,1.4510218820755403
2024-12-04,1.0989778339626588,1.4524511491937413
2024-12-05,1.098723607600473,1.452787144479998
2024-12-06,1.099117078109403,1.4522668781517318
2024-12-09,1.098600100751737,1.4529499619725967
2024-12-10,1.0980476558148506,1.4536805962129282
2024-12-11,1.0976919678578307,1.454151483499731
2024-12-12,1.0969331990152196,1.4551566514980627
2024-12-13,1.095837536447804,1.456610122570142
2024-12-16,1.0955148328901385,1.4570390668735178
2024-12-17,1.0955304351101012,1.45701831585917
2024-12-18,1.0955200573996762,1.4570321178620003
2024-12-19,1.0955200573996762,1.4572930528364774
2024-12-20,1.0955200573996762,1.4569241269244764
2024-12-23,1.0955200573996762,1.4567170913399934
2024-12-24,1.0955200573996762,1.4566084276538915
2024-12-25,1.0955200573996762,1.4569799043807417
2024-12-26,1.0955200573996762,1.4572057687478577
2024-12-27,1.0955200573996762,1.4570976141884138
2024-12-30,1.0955200573996762,1.4569222427587167
2024-12-31,1.09475914517527,1.4579341730625361
2025-01-01,1.0949157561815943,1.457725607974038
2025-01-02,1.095048925542299,1.4575483117882806
2025-01-03,1.0946582821011863,1.4580682718328266
2025-01-06,1.094764263006362,1.4579271068704054
2025-01-07,1.0940181149642565,1.458920772349891
2025-01-08,1.0940181149642565,1.4605710979117887
2025-01-09,1.0941865556935206,1.4603462207753781
2025-01-10,1.0939431880270565,1.460671029237089
2025-01-13,1.0939431880270565,1.4607277606971754
2025-01-14,1.0939431880270565,1.4606116050771851
2025-01-15,1.0945032999344804,1.4613594555698608
2025-01-16,1.0946653286374743,1.4615757931334004
2025-01-17,1.095876588544771,1.4631930437335463
2025-01-20,1.0954858217907706,1.4626712995863018
2025-01-22,1.0956663110560618,1.4644198513643158
2025-01-23,1.0963559318891551,1.4653415685219082
2025-01-24,1.0962012632480793,1.465134845155415
2025-01-27,1.0960617189940427,1.4649483363856437
2025-01-28,1.0958592367125513,1.46467770739069
2025-01-29,1.095300120020766,1.4639304163820885
2025-01-30,1.0956979746243807,1.464462171510097
2025-01-31,1.0955204086392933,1.4642248445512729
2025-02-03,1.096329877601698,1.4653067454965216
2025-02-04,1.0974114556081818,1.4667523355338452
2025-02-05,1.0971641226591486,1.4664217610908732
2025-02-06,1.0977405571841314,1.4671921983607596
2025-02-07,1.0972947988004171,1.4665964171275172
2025-02-10,1.0974305991152482,1.466777921911276
2025-02-11,1.0972464885664805,1.4665318477737943
2025-02-12,1.0982217815511248,1.4678353818819416
2025-02-13,1.0974012820248642,1.4667387379656631
2025-02-14,1.097851207535629,1.4673400887993526
2025-02-17,1.0979389079466764,1.4674573053475066
2025-02-18,1.0989062188202674,1.4687501709138138
2025-02-19,1.0991189283241392,1.469034469168584
2025-02-20,1.1001164116294724,1.470367661892495
2025-02-21,1.0999573392136806,1.470155052632596
2025-02-24,1.1002649513908471,1.4705661936654255
2025-02-25,1.1004893126153759,1.470866065102341
2025-02-26,1.1000669159468262,1.4703015081196789
2025-02-27,1.1011058534919946,1.4716901067743238
2025-02-28,1.1015562624264044,1.4722921037309935
2025-03-03,1.1015194092115004,1.4722428473297084
2025-03-04,1.100368239152855,1.4707042435877065
2025-03-05,1.100623325932342,1.4710451814626158
2025-03-06,1.1007965707484824,1.471276732935306
2025-03-07,1.1012240948027272,1.4718481429582795
2025-03-10,1.1007726429939144,1.4712447521411223
2025-03-11,1.1018771405356897,1.4727209754306745
2025-03-12,1.1021278223973485,1.4730560258843441
2025-03-13,1.1031340785985462,1.474400944078618
2025-03-14,1.1046434905938423,1.476418358383954
2025-03-17,1.1046356452614654,1.4764078726545333
2025-03-18,1.1045893621015372,1.476346012599607
2025-03-19,1.104280526742551,1.4759332367152533
2025-03-21,1.1025729039151666,1.4739284262808932
2025-03-24,1.1031107318217048,1.4746473990010451
2025-03-25,1.1032952503467883,1.47489406486625
2025-03-26,1.1033495276641407,1.4749666232255785
2025-03-27,1.1034889527416814,1.4751530078033182
2025-03-28,1.1038794222775434,1.4756749906549373
2025-03-31,1.1043539196916878,1.4763093026577272
2025-04-01,1.103401475945284,1.4750360681103578
2025-04-02,1.10321031215139,1.4747805187957543
2025-04-03,1.1031677544322296,1.4747236272906161
2025-04-04,1.1046899905891592,1.4767585649670671
2025-04-07,1.1051213503887485,1.4773352102558384
2025-04-08,1.1039248745827033,1.4757357516661838
2025-04-09,1.104399492673718,1.4763702249907953
2025-04-10,1.1039210136526254,1.475730590343451
2025-04-11,1.103410730387433,1.475048439523898
2025-04-14,1.1039070682717145,1.4757119480448175
2025-04-15,1.104882273397997,1.4770156101899499
2025-04-16,1.1060564397869022,1.4785852453693067
2025-04-17,1.1057427534241537,1.47816590688806
2025-04-18,1.1061792394990564,1.4787494050233672
2025-04-21,1.1062444218574707,1.4788365413302886
2025-04-22,1.1069455541293072,1.4797738206542888
2025-04-23,1.1074398809250874,1.4804346407357414
2025-04-24,1.1078402554823996,1.4809698647006029
2025-04-25,1.1081977421907356,1.4814477558401031
2025-04-28,1.109303464254679,1.4829258940891252
2025-04-29,1.1084416323479145,1.4817737901860224
2025-04-30,1.1087992878748907,1.482251907003654
2025-05-01,1.1095265216793797,1.483224079068814
2025-05-02,1.109396400049532,1.4830501314156244
2025-05-05,1.1097173195852246,1.4834791392612976
2025-05-06,1.1097724852833604,1.4835528852152833
2025-05-07,1.1088323160661722,1.4822960593584105
2025-05-08,1.1096468371057122,1.4833849177093812
2025-05-09,1.10941828372634,1.4830793856927835
2025-05-12,1.1099742247945725,1.483822572234821
2025-05-13,1.1096709896252803,1.4834172049939964
2025-05-14,1.109443510948819,1.4831131096489916
2025-05-15,1.109885576364489,1.483704066292419
2025-05-16,1.1107504284549106,1.4848602076016006
2025-05-20,1.1115157630209243,1.4852381586773562
2025-05-21,1.1112814354080505,1.4849250436286536
2025-05-22,1.1107919666403006,1.484271001899756
2025-05-23,1.11159815645363,1.4853482550649646
2025-05-26,1.1123979969736377,1.4864170241285208
2025-05-27,1.113120517990548,1.487382476729791
2025-05-28,1.1124954125906403,1.486547193574998
2025-05-29,1.1126600674408502,1.4867672099478457
2025-05-30,1.11074680550078,1.4842106563338744
2025-06-02,1.1118026722318883,1.4856215347142743
2025-06-03,1.112060380827127,1.485965892079416
2025-06-04,1.112340677374593,1.4863404320921556
2025-06-05,1.1125899384095939,1.4866735015932562
2025-06-06,1.1127897681556111,1.4869405196364525
2025-06-09,1.1125802308327544,1.4866605300601208
2025-06-10,1.1128806660305415,1.4870619798953895
2025-06-11,1.1134248739907615,1.487789165649893
2025-06-12,1.1140294039389806,1.4885969553160674
2025-06-13,1.1152595628009243,1.4902407276707015
2025-06-16,1.1151672767442333,1.4901174124848342
2025-06-17,1.1149633618570818,1.4898449357628698
2025-06-18,1.11490742358944,1.4897701894997974
2025-06-19,1.1142404288088974,1.4888789325939948
2025-06-20,1.1137145591898951,1.4881762510391163
2025-06-23,1.113434149626952,1.487801560011965
2025-06-24,1.1143016157490615,1.4889606922787133
2025-06-25,1.1145688002920517,1.4893177116677854
2025-06-26,1.115091745328205,1.4900164853140312
2025-06-27,1.1150483887070257,1.4899585509955544
2025-06-30,1.1150378528623417,1.4899444727079771
2025-07-01,1.1153890809681464,1.4904137934342285
2025-07-02,1.115450121517871,1.4904953575079858
2025-07-03,1.1159568784920775,1.491172500217345
2025-07-04,1.1159956385809031,1.4912242925219374
2025-07-07,1.1158134955758825,1.4909809079920973
2025-07-08,1.1161954977552302,1.4914913498880564
2025-07-09,1.1154961851096306,1.4905569089555524
2025-07-10,1.1159730661299352,1.491194130587552
2025-07-11,1.1167380473937745,1.4922163197471905
2025-07-14,1.116797512587983,1.49229577878726
2025-07-15,1.1166929638692795,1.492156077892657
2025-07-17,1.11785596387558,1.4933023671744996
2025-07-18,1.1169376749970918,1.4920756590830184
2025-07-21,1.1169376749970918,1.4915247920222214
2025-07-22,1.1169376749970918,1.49237073411733
2025-07-23,1.1169376749970918,1.4936443206638912
2025-07-24,1.1169376749970918,1.4923330883986938
2025-07-25,1.1169376749970918,1.4925998819886666
2025-07-28,1.1169376749970918,1.4933467555328617
2025-07-29,1.1169376749970918,1.4945768598667504
2025-07-30,1.1169376749970918,1.494580191481302
2025-07-31,1.1169376749970918,1.4942380430542712
2025-08-01,1.1169376749970918,1.4935259200702227
2025-08-04,1.1169376749970918,1.4943452289313666
2025-08-05,1.1172848732729699,1.494809743737041
2025-08-06,1.116907000298549,1.4943041894083544
2025-08-07,1.1164520285594148,1.4936954850348758
2025-08-08,1.1167324899296198,1.4940707128742146
2025-08-11,1.1159940801677997,1.4930827982131973
2025-08-12,1.1165402473094512,1.4938135124514185
2025-08-13,1.1159865278987227,1.4930726940708483
2025-08-14,1.1163489074357986,1.49355751980859
2025-08-15,1.1176171262265278,1.4952542632720713
2025-08-18,1.1175794151964407,1.4952038098769087
2025-08-19,1.1175794151964407,1.49477432361792
2025-08-20,1.1175794151964407,1.4957549214448427
2025-08-21,1.1175794151964407,1.4957457612123377
2025-08-22,1.1177380676191555,1.4955334240078806
2025-08-25,1.116658387732237,1.4969780355898723
2025-08-26,1.116658387732237,1.4954947665123257
2025-08-27,1.116658387732237,1.4963918183843332
2025-08-28,1.1169310938553765,1.496026375187047
2025-08-29,1.1166235922340024,1.4964382453001805
2025-09-01,1.1174396941913485,1.4953445498153897
2025-09-02,1.1177723633971328,1.4948993758285098
2025-09-03,1.1176395461389494,1.495077004514689
2025-09-04,1.1170478067694738,1.4958685798727955
2025-09-05,1.117395780317895,1.4954025991917936
2025-09-08,1.1162418972570454,1.4969468324516213
2025-09-09,1.1164336379842565,1.4966896967223893
2025-09-10,1.1157384130207226,1.4976217145373525
2025-09-11,1.1161592996625431,1.497056771207632
2025-09-15,1.1169096484230276,1.4963990974719237
2025-09-16,1.1168128103130657,1.4965288380114135
2025-09-17,1.115650632235474,1.4980861562942624
2025-09-18,1.1146208992790172,1.499468872928104
2025-09-19,1.1149363327010693,1.4990445290115721
2025-09-22,1.1154367406795307,1.4983717248160455
2025-09-23,1.1155950335442144,1.4981590892231584
2025-09-24,1.1159126043796328,1.4977326157993367
2025-09-25,1.115187502844641,1.4987058176562396
2025-09-26,1.114575109610267,1.4995288158522455
2025-09-29,1.1145160791012676,1.4996082344113857
2025-09-30,1.1138047644039442,1.5005653254730278
2025-10-01,1.114692225690311,1.4993696997434733
2025-10-02,1.1151706922710185,1.49872611555322
2025-10-03,1.1155433472274012,1.4982252884429923
2025-10-06,1.1148222629344005,1.4991937373388222
2025-10-07,1.11579493073111,1.4978857104740735
2025-10-08,1.1165395282439272,1.4968861343478648
2025-10-09,1.1159358226184666,1.4976954908973825
2025-10-10,1.116086764607903,1.4974929119207212
2025-10-13,1.1160345557267657,1.4975629624149314
2025-10-14,1.1148988039793664,1.4990869831028888
2025-10-15,1.1148192881529078,1.499193899658875
2025-10-16,1.115008002878188,1.4989401186488742
2025-10-17,1.1145554420874506,1.4995485102690351
2025-10-20,1.115048592637229,1.4988850141841086
2025-10-21,1.114316064227563,1.4998697029797023
2025-10-22,1.1136145714896442,1.500813912381542
2025-10-23,1.1135174246544566,1.5009448367835083
2025-10-24,1.1130241712617792,1.5016097084025533
2025-10-27,1.1124800615285684,1.5023437809222
2025-10-28,1.1126537083160692,1.5021092803856957
2025-10-29,1.1128311831856714,1.5018696850410953
2025-10-30,1.1129931293885011,1.5016511235051566
2025-10-31,1.1132442945248364,1.5013122513241843
2025-11-03,1.1135301227936725,1.5009267856327013
2025-11-04,1.112975911537518,1.5016738067525026
2025-11-05,1.1136260459175717,1.5007966181635357
2025-11-06,1.113106004027543,1.5014974612452145
2025-11-07,1.1141870751493625,1.500039176464642
2025-11-10,1.1139195351983173,1.500399367689965
2025-11-12,1.114152204044696,1.5012169733023208
2025-11-13,1.113790966553162,1.5017037073874082
2025-11-14,1.1135913220653,1.5019728843484228
2025-11-17,1.1136372939671544,1.501910879060972
2025-11-18,1.1135289684591143,1.5020569726408892
2025-11-19,1.1128448063357264,1.5029798498330955
2025-11-20,1.1125738590856715,1.503345784287641
2025-11-21,1.1123512395805548,1.5036465949635205
2025-11-24,1.1123415161071328,1.503659738894306
2025-11-25,1.1110119272987458,1.5054570728349226
2025-11-26,1.1110268410234792,1.5054368642558509
2025-11-27,1.1107114373762512,1.5058642349188496
2025-11-28,1.1110303313683068,1.5054318894498038
2025-12-01,1.1112822002273521,1.5050906103670814
2025-12-02,1.110717365274303,1.5058556075784715
2025-12-03,1.1103192667922754,1.5063953297888841
2025-12-04,1.1095182918722062,1.5074820306279646
2025-12-05,1.110069268998241,1.5067334281733058
2025-12-08,1.1108985099900779,1.505607872176661
2025-12-09,1.1107051849949912,1.5058698867818419
2025-12-10,1.1108567741949407,1.505664365447784
2025-12-11,1.1103275062596134,1.5063817395400236
2025-12-12,1.109267966466247,1.507819217570645
2025-12-15,1.1087627074499642,1.5085060121754053
2025-12-16,1.1087081900715352,1.508580184757668
2025-12-17,1.1080567944857114,1.5094665157886935
2025-12-18,1.10825660651033,1.5091943189463337
2025-12-19,1.1081545406160573,1.509333309561765
2025-12-22,1.10692264147771,1.5110111860089386
2025-12-23,1.1066925839617556,1.5113252273583582
2025-12-24,1.1067613820337605,1.511231275105202
2025-12-25,1.1065678466152635,1.511495538732413
2025-12-26,1.1068715791969095,1.511080660924848
2025-12-29,1.1060079278843078,1.5122597017646189
2025-12-30,1.1061751938959004,1.5120309966690864
2025-12-31,1.1061751938959004,1.513304502614148
2026-01-01,1.1052484326952452,1.51457235955538
2026-01-02,1.1052484326952452,1.5150608812499509
2026-01-05,1.104614496208176,1.5159298735455684
2026-01-06,1.104614496208176,1.5161289472166315
2026-01-07,1.104614496208176,1.5162900470987066
2026-01-09,1.104614496208176,1.515788520525223
2026-01-12,1.1054575909400937,1.5169454429816482
2026-01-13,1.1050596906429233,1.5163994310427908
2026-01-14,1.1053883445072392,1.5168504207378077
2026-01-15,1.1055591914643437,1.5170848625790425
2026-01-16,1.1051831587357235,1.516568858040499
2026-01-19,1.1052349201824194,1.516639886808433
2026-01-20,1.1052349201824194,1.5167299201526923
2026-01-21,1.1050751648961743,1.516510685655007
2026-01-22,1.105353587021663,1.5168927683782814
2026-01-23,1.1046532114980636,1.5159316328833854
2026-01-26,1.1048538842755748,1.5162070190481305
2026-01-27,1.10525319993571,1.5167550057234092
2026-01-28,1.105294277783648,1.516811377450257
2026-01-29,1.1052707661767842,1.516779112130957
2026-01-30,1.1051841620600857,1.5166602640448115
2026-02-02,1.104392986214359,1.5155745219501648
2026-02-03,1.1051160223826837,1.5165667549766688
2026-02-04,1.1056464389494265,1.5172946533286236
2026-02-05,1.1058706459154035,1.5176023358017288
2026-02-06,1.1057232442136096,1.5174000543072612
2026-02-09,1.1069142038749644,1.5190344255337638
2026-02-10,1.1077499117667087,1.5201812796014103
2026-02-11,1.1079362840682916,1.5204370410155101
2026-02-12,1.1087882782960372,1.5216062450583991
2026-02-13,1.1091703175439234,1.522130523062433
2026-02-16,1.1094347967512326,1.5224934717167498
2026-02-17,1.1098848157363461,1.5231110393007037
2026-02-18,1.110633726070766,1.5241387798208264
2026-02-19,1.110418456504147,1.5238433622705598
2026-02-20,1.1101431862175841,1.523465604861583
2026-02-23,1.1107409140527877,1.5242858754440687
2026-02-24,1.1103221144967896,1.523711150735747
2026-02-25,1.109752109135403,1.5229289241063895
2026-02-26,1.1089097686506397,1.5217729680350907
2026-02-27,1.1090604623438594,1.521979767177165
2026-03-02,1.1083867459320769,1.5210552163682929
2026-03-03,1.1090193341236447,1.5219233263237113
2026-03-04,1.1094235873176945,1.5224780888484346
2026-03-05,1.1101840162024972,1.5235216364424051
2026-03-06,1.1104365102619629,1.5238681377044077
