date,strategy,buy_and_hold
2004-07-13,1.0003541724094893,1.0016052133862745
2004-07-14,1.0003541724094893,1.001558784218768
2004-07-15,1.0003541724094893,1.0025131970560068
2004-07-16,1.0003541724094893,1.003150747730194
2004-07-19,1.0003541724094893,1.0031877693698006
2004-07-20,0.9999865122636787,1.0035564709474363
2004-07-21,0.9998425918728178,1.0037009051350763
2004-07-22,0.9999495116680372,1.003593572744847
2004-07-23,0.9990571747565111,1.0044891615507625
2004-07-26,0.9986151056371121,1.0049336342499362
2004-08-11,0.9986151056371121,1.0053885519908552
2004-08-12,0.9981007603267441,1.004870717958609
2004-08-13,0.9981007603267441,1.0043080385960772
2004-08-16,0.998515246509065,1.0047251025051915
2004-08-17,0.998515246509065,1.0047494418312566
2004-08-18,0.998515246509065,1.0051499170939784
2004-08-19,0.998424342425726,1.0050584089951775
2004-08-20,0.9994989930599518,1.0061402001843192
2004-08-23,0.9991567982474501,1.0057957316460384
2004-08-24,0.9993788669051182,1.0060192758469155
2004-09-09,0.9993788669051182,1.0103750318353537
2004-09-10,0.9993788669051182,1.0106940513272384
2004-09-13,0.9993788669051182,1.0114561420449102
2004-09-14,0.9993788669051182,1.0116783870125832
2004-09-15,0.9993788669051182,1.0121038063506858
2004-09-16,0.9998782469469613,1.0115980677785565
2004-09-17,0.9994273968118664,1.0120542024398635
2004-09-20,0.9984773094191803,1.0130162932745959
2004-09-21,0.9983122447427065,1.0131837614835721
2004-09-22,0.9974064491080771,1.0141030504465818
2004-10-08,0.9971669197008745,1.0150873576107162
2004-10-11,0.9973140116930602,1.0152370930448984
2004-10-12,0.9974052501198818,1.015329971149622
2004-10-13,0.9976632777192254,1.015592635853829
2004-10-14,0.9981819034867283,1.0161205820276564
2004-10-15,0.9980368830418535,1.0159729553692913
2004-10-18,0.9978212107723293,1.0157534071774532
2004-10-19,0.9978212107723293,1.0165331369679453
2004-10-20,0.9975840715026256,1.0167747232592845
2004-10-21,0.9975840715026256,1.0169774095025361
2004-11-08,0.9975840715026256,1.0194538192951912
2004-11-09,0.9976612974064963,1.0193749003901098
2004-11-10,0.9973219223565304,1.0197216617696012
2004-11-11,0.9966599624122189,1.0203984892606115
2004-11-12,0.9966599624122189,1.0210413659466215
2004-11-15,0.9966599624122189,1.0216024776614576
2004-11-16,0.9966599624122189,1.021121668182409
2004-11-17,0.9966599624122189,1.0210542284258592
2004-11-18,0.9966599624122189,1.0215752294074714
2004-11-19,0.9966599624122189,1.0212872269089204
2004-12-07,0.9966538202086526,1.0237927751686087
2004-12-08,0.997212841284671,1.0243670184285953
2004-12-09,0.9973636304447604,1.024521913588322
2004-12-10,0.9975025140798826,1.024664579034783
2004-12-13,0.9979458432829399,1.0251199801238156
2004-12-14,0.9981451293383461,1.0253246927527944
2004-12-15,0.9984555724783939,1.0256435892817968
2004-12-16,0.9983405075680775,1.0255253911457252
2004-12-17,0.9983405075680775,1.0256989280297724
2004-12-20,0.9982868769866748,1.0257540282981048
2005-01-05,0.9989526212847475,1.0275849163861825
2005-01-06,0.9997135707791479,1.0283676764549954
2005-01-07,1.0004928481820041,1.0291692897525568
2005-01-10,1.000458853409219,1.029134320610872
2005-01-11,1.0003230853854073,1.0289946611611405
2005-01-12,1.0003230853854073,1.02938801878771
2005-01-13,1.0005310456690777,1.0291740161044554
2005-01-14,1.0005310456690777,1.0302447719326426
2005-01-17,1.0005310456690777,1.0300417776644506
2005-01-18,1.0003522895688541,1.0302258061881426
2005-02-03,1.0001017036886262,1.0323825528868944
2005-02-04,1.00043539986819,1.0320380858067202
2005-02-07,1.000180806355802,1.0323007216562898
2005-02-08,1.000180806355802,1.0321387062014795
2005-02-09,1.000180806355802,1.0324564488920842
2005-02-10,1.0001688000383286,1.0324688426511166
2005-02-11,1.0000322198323364,1.0326098336590388
2005-02-14,1.0000322198323364,1.0323969818629872
2005-02-15,1.000141255195321,1.0322844177101236
2005-02-16,1.000060649935868,1.0323676135116033
2005-03-04,1.0009176841085012,1.033455503394839
2005-03-07,1.0018990123812677,1.034468732674558
2005-03-08,1.0018990123812677,1.0357167307661326
2005-03-09,1.0021734189158669,1.036000399514583
2005-03-10,1.0022518639229832,1.036081492324648
2005-03-11,1.0015808782402873,1.0353878584462983
2005-03-14,1.001349506204887,1.035148676767173
2005-03-15,1.001349506204887,1.0356056944436074
2005-03-16,1.0011258559909282,1.0353743931509978
2005-03-17,1.002418742637002,1.036711509477163
2005-04-04,1.002418742637002,1.0389529989850048
2005-04-05,1.0025022343561467,1.0388664643180971
2005-04-06,1.0018742575951505,1.039517219972312
2005-04-07,1.0014261287938937,1.0399821861116656
2005-04-08,1.0008231785412338,1.0406083506422767
2005-04-11,1.0006230425130058,1.0408164425677076
2005-04-12,1.0002309386260486,1.0412242966300276
2005-04-13,1.0003608693910344,1.0410890407964408
2005-04-14,0.9999644316206505,1.0415016189277262
2005-04-15,0.9995473434800703,1.0419360323527573
2005-05-03,1.0006079613974193,1.0453982860267763
2005-05-04,1.0006079613974193,1.0445205267693771
2005-05-05,1.0006079613974193,1.0445934165802895
2005-05-06,1.0006079613974193,1.044827852432224
2005-05-09,1.0008390202143045,1.0445865824276417
2005-05-10,1.0002099620020843,1.0452431373328555
2005-05-11,1.0007053966512625,1.0447253963717338
2005-05-12,1.0003509859666102,1.045095397217378
2005-05-13,1.0003509859666102,1.0453734190667279
2005-05-16,1.0003509859666102,1.0454592312252768
2005-06-01,1.0003768473432322,1.047930417307158
2005-06-02,1.001346365229389,1.0489460218623068
2005-06-03,1.0009144145509616,1.0484935381249005
2005-06-06,1.0013719751561354,1.0489728491737282
2005-06-07,1.002336937055948,1.049983681170732
2005-06-08,1.0033018136485048,1.0509944238053432
2005-06-09,1.0041738611730948,1.0519079246813205
2005-06-10,1.0041738611730948,1.0518394310231576
2005-06-13,1.0041738611730948,1.051867903048754
2005-06-14,1.0050635129489787,1.052799809548341
2005-06-30,1.0043309004434646,1.0548801102600003
2005-07-01,1.0039866901973205,1.0545185754886963
2005-07-04,1.004262339878279,1.0548080989572208
2005-07-05,1.004262339878279,1.0557094730131138
2005-07-06,1.0031961421482174,1.054588655275522
2005-07-07,1.0037199828133845,1.0551393316581823
2005-07-08,1.0039953664246752,1.0554288228355448
2005-07-11,1.0040193070111079,1.0554539898689812
2005-07-12,1.0040193070111079,1.0555977464112545
2005-07-13,1.0036171274490358,1.0560205867255905
2005-07-29,1.0036171274490358,1.058824535000955
2005-08-01,1.0034952827225816,1.0589530822151283
2005-08-02,1.0030757408570152,1.0593958099083312
2005-08-03,1.0022013205155957,1.0603193266559368
2005-08-04,1.0022013205155957,1.0604733979991903
2005-08-05,1.001320654330669,1.061405269712502
2005-08-08,1.0005919787201807,1.0606328696531022
2005-08-09,1.0005919787201807,1.060309295497364
2005-08-10,1.0000335752072882,1.059717565353659
2005-08-11,1.0000335752072882,1.0595406050213914
2005-08-29,1.0007382054929166,1.0617145166175699
2005-08-30,1.0004234953785123,1.0613806307969273
2005-08-31,1.0004234953785123,1.0610849220572185
2005-09-01,1.0004234953785123,1.061190559601402
2005-09-02,1.0004234953785123,1.0612435456953069
2005-09-05,0.9995366697223926,1.062184285300146
2005-09-06,0.9995366697223926,1.0618570064334476
2005-09-07,0.9995366697223926,1.0623522468864328
2005-09-08,0.9995366697223926,1.0631435486388963
2005-09-09,0.9993462969477009,1.0629410612331003
2005-09-27,0.9993462969477009,1.0657755079644975
2005-09-28,0.999144997537154,1.0659901882832057
2005-09-29,0.9992452045555296,1.0658832771755598
2005-09-30,0.9993380769641834,1.0657842112537583
2005-10-03,0.9990204105762633,1.066122999326079
2005-10-04,0.9987375807478663,1.0664248263776162
2005-10-05,0.9987697774409082,1.0663904476244292
2005-10-06,0.9988030531755426,1.0663549189907506
2005-10-07,0.9978566155996269,1.0673653668076517
2005-10-10,0.9971038507175237,1.068170567827463
2005-10-26,0.9968607456891905,1.0692945369854405
2005-10-27,0.9968194110941817,1.0692501989404102
2005-10-28,0.9965355495195707,1.0689457114457384
2005-10-31,0.9961162608310613,1.068495956446375
2005-11-01,0.9957382378193851,1.068090465566141
2005-11-02,0.9956513089783082,1.0679972203107009
2005-11-03,0.9968485309443035,1.0692814346940374
2005-11-04,0.9975486918710557,1.0700324706408577
2005-11-07,0.9975486918710557,1.070301552702563
2005-11-08,0.9975486918710557,1.0701595839867493
2005-11-24,0.9983990569780778,1.074452118184075
2005-11-25,0.9984174146728094,1.0744323620917073
2005-11-28,0.9984174146728094,1.0740664106197932
2005-11-29,0.9984174146728094,1.0747408419988977
2005-11-30,0.9984769626655327,1.0748049421026202
2005-12-01,0.9991725205273059,1.0755536714727565
2005-12-02,0.9992572080656551,1.0756448328997656
2005-12-05,0.9992572080656551,1.074336829795716
2005-12-06,0.9995113246046967,1.0746100394906266
2005-12-07,0.9989922101032086,1.0740519210969557
2005-12-23,0.9997327541812292,1.078703708771786
2005-12-26,1.000008693744852,1.079001445371324
2005-12-27,1.0000384952372077,1.0790336009450976
2005-12-28,0.9998886878572815,1.0788719599708954
2005-12-29,0.9998886878572815,1.0789990092021893
2005-12-30,0.9998886878572815,1.079924687581054
2006-01-02,0.9998886878572815,1.0799456009604458
2006-01-03,0.9998886878572815,1.0797457202731802
2006-01-04,1.0001083151536427,1.0799828883061633
2006-01-05,1.0001083151536427,1.0793856769916081
2006-01-23,1.0001083151536427,1.0825187000068266
2006-01-24,1.0001083151536427,1.0827902487824357
2006-01-25,1.0002443988086498,1.0829375828785808
2006-01-26,1.00023938166932,1.082932150957397
2006-01-27,1.00023938166932,1.083563317526733
2006-01-30,1.000421873176571,1.0837610113054834
2006-01-31,1.000421873176571,1.0839700675626058
2006-02-01,1.000421873176571,1.084670672174077
2006-02-02,1.0008663658529455,1.0851525970329656
2006-02-03,1.0008663658529455,1.0853551541089095
2006-02-21,1.0008663658529455,1.0876406610296507
2006-02-22,1.0008663658529455,1.0874869807533136
2006-02-23,1.0008663658529455,1.0882003297789475
2006-02-24,1.0002675020514895,1.087549210100566
2006-02-27,1.0002675020514895,1.086861868784284
2006-02-28,1.0002675020514895,1.0870989434631277
2006-03-01,1.0002675020514895,1.087860559930963
2006-03-02,0.9997449736149575,1.0872922738711042
2006-03-03,0.9997449736149575,1.0870022494882865
2006-03-06,0.9997449736149575,1.0876161730255034
2006-03-22,1.0000538121967981,1.0901117046295639
2006-03-23,0.9999100597102828,1.0899550067936987
2006-03-24,0.9998302754904954,1.0898680377618584
2006-03-27,1.0003097307403939,1.0903906694176613
2006-03-28,1.0000470896420677,1.0901043766882998
2006-03-29,1.0004136022807004,1.090503894906615
2006-03-30,1.0004136022807004,1.0906503420712985
2006-03-31,1.0004136022807004,1.0908736616052401
2006-04-03,1.0004136022807004,1.089934554797731
2006-04-04,1.0004136022807004,1.0904601926796391
2006-04-20,1.0003014426740138,1.0933935418395615
2006-04-21,1.001153064170745,1.0943244186781755
2006-04-24,1.0007432340564968,1.0938764481154497
2006-04-25,1.0000239282618377,1.0930902008134509
2006-04-26,1.0007207066174102,1.0938518241817428
2006-04-27,1.0010466738422046,1.094208127235239
2006-04-28,1.001650523794393,1.0948681739069683
2006-05-01,1.0018182029585552,1.0950514579725257
2006-05-02,1.0015719769053446,1.0947823171266489
2006-05-03,1.0008484946279055,1.0939915046614856
2006-05-19,1.0013944393842324,1.0972718357172373
2006-05-22,1.0018416118379894,1.097761822200004
2006-05-23,1.0015598819936138,1.0974531184451637
2006-05-24,1.0015388727416499,1.0974300976857476
2006-05-25,1.0009648735086125,1.0968011415348402
2006-05-26,1.001187667967103,1.0970452672008524
2006-05-29,1.0015584870153755,1.0974515899062862
2006-05-30,1.0018822633625366,1.0978063658595356
2006-05-31,1.0019340765578533,1.0978631398515846
2006-06-01,1.0020811333303603,1.0980242764111432
2006-06-19,1.002041107024105,1.100762274996954
2006-06-20,1.002041107024105,1.100857829240459
2006-06-21,1.0015064087950867,1.1014452569692914
2006-06-22,1.0015064087950867,1.1019559734814819
2006-06-23,1.0015064087950867,1.1026452556851127
2006-06-26,1.0015064087950867,1.1025650362258599
2006-06-27,1.0014919018123842,1.102581007059165
2006-06-28,1.0020386055834272,1.1019791198213862
2006-06-29,1.00140083068546,1.1026805045951762
2006-06-30,1.001282859062439,1.102810407631817
2006-07-18,1.000454897139419,1.1076816087788373
2006-07-19,1.0007550286250921,1.1073493098137903
2006-07-20,0.9996174207731261,1.1086080886694352
2006-07-21,0.9990717606219868,1.1092132434462996
2006-07-24,0.999029370345382,1.1092603069887363
2006-07-25,0.9992188851829659,1.1090498814565577
2006-07-26,0.999058070747807,1.1092283721085003
2006-07-27,0.9986933418875051,1.109633321141814
2006-07-28,0.9997351068421884,1.1084758315921892
2006-07-31,0.9990018074579471,1.1092888916109778
2006-08-16,0.9995087759016738,1.1113504408395154
2006-08-17,0.9989082283118411,1.1120181876815614
2006-08-18,0.9978509715957525,1.1131951613654463
2006-08-21,0.9976157351865399,1.1134575893631802
2006-08-22,0.9977055227797952,1.1133573757502482
2006-08-23,0.9976213299387872,1.1134513280421634
2006-08-24,0.9973504324369656,1.1137536784171147
2006-08-25,0.9975397694792095,1.1135422433784348
2006-08-28,0.9970327394268128,1.1141082352308709
2006-08-29,0.9974753960163169,1.113613600168005
2006-09-14,0.9979360682242385,1.1127309210112566
2006-09-15,0.9973810313871029,1.1133498049965604
2006-09-18,0.9981293145948191,1.1125145164386514
2006-09-19,0.9978026544175573,1.1128786117355556
2006-09-20,0.9969458858559118,1.1138341908806313
2006-09-21,0.9969458858559118,1.1142870082783245
2006-09-22,0.9969458858559118,1.1150430707267374
2006-09-25,0.9969458858559118,1.1148300174320613
2006-09-26,0.9969458858559118,1.1155495456108087
2006-09-27,0.9969458858559118,1.1157800605127377
2006-10-13,0.9974698222851185,1.1191965399556665
2006-10-16,0.9974698222851185,1.118719893551029
2006-10-17,0.9974698222851185,1.118835772630156
2006-10-18,0.9972356697926239,1.1190984153477606
2006-10-19,0.9973133947413312,1.1190111923677106
2006-10-20,0.9960824434775603,1.1203923512378131
2006-10-23,0.9960824434775603,1.120560313890277
2006-10-24,0.9960824434775603,1.120943522247525
2006-10-25,0.9960824434775603,1.121552403792563
2006-10-26,0.9959543476484395,1.121696635011582
2006-11-13,0.9960253741236315,1.1204908946119796
2006-11-14,0.9958352555043863,1.1202770183521025
2006-11-15,0.996004211536822,1.120467087501797
2006-11-16,0.9957845567808316,1.1202199842045923
2006-11-17,0.9960343068164547,1.1205009435537363
2006-11-20,0.9951743237973317,1.1195334951658917
2006-11-21,0.9959889788997507,1.1204499513609087
2006-11-22,0.995755151171092,1.1201869040052121
2006-11-23,0.9961942570784672,1.1206808815521367
2006-11-24,0.9967862513483776,1.1213468527275003
2006-12-12,0.9967862513483776,1.1228201709146637
2006-12-13,0.9957975156748708,1.1239339225905265
2006-12-14,0.995449873575412,1.1243262982917628
2006-12-15,0.9947146500000859,1.125156707961608
2006-12-18,0.9946005316249934,1.1252857912672944
2006-12-19,0.9946005316249934,1.12488167398329
2006-12-20,0.9946005316249934,1.1251923542923885
2006-12-21,0.9946005316249934,1.1245652731292761
2006-12-22,0.9946005316249934,1.1253567860559353
2006-12-25,0.9946005316249934,1.126221360217281
2007-01-10,0.9942911665507128,1.1257573383304964
2007-01-11,0.9946451513639266,1.1261581273695014
2007-01-12,0.9944273424711416,1.1259115195672245
2007-01-15,0.9943165729195502,1.1257861039548136
2007-01-16,0.9943017153961012,1.1257692819547649
2007-01-17,0.9953138359108618,1.1269152260555448
2007-01-18,0.9962474778837256,1.1279723151031837
2007-01-19,0.9968691203848778,1.1286761517971353
2007-01-22,0.996353544609507,1.1280924060774558
2007-01-23,0.9967419841057163,1.1285322054320777
2007-02-08,0.9967419841057163,1.1328370082822758
2007-02-09,0.9967419841057163,1.1330991954682956
2007-02-12,0.9967419841057163,1.1329169164548605
2007-02-13,0.9960973887383908,1.1336495764687422
2007-02-14,0.9962744536358368,1.1334480604841943
2007-02-15,0.9961823658310496,1.1335528275424578
2007-02-16,0.9961823658310496,1.1342473061537646
2007-02-19,0.9961823658310496,1.1347819614820471
2007-02-20,0.9964906998307208,1.1344307287430027
2007-02-21,0.9968022216967775,1.1340760842113577
2007-03-09,0.9968022216967775,1.135780341985565
2007-03-12,0.9968022216967775,1.1359285800292165
2007-03-13,0.9968022216967775,1.136432300668132
2007-03-14,0.9968791602622717,1.1363445847009204
2007-03-15,0.9968791602622717,1.1365724342236079
2007-03-16,0.9973746721230752,1.1371373824583286
2007-03-19,0.9984584523929728,1.1383730335067435
2007-03-20,0.9981141788554739,1.1379805167121795
2007-03-21,0.998205365550621,1.1380844814535478
2007-03-22,0.9976337368982949,1.1374327501357067
2007-04-09,0.9974119695191466,1.1394329382869375
2007-04-10,0.9975170942312601,1.1395530316518365
2007-04-11,0.9975991054091027,1.1396467203584064
2007-04-12,0.9976259866628515,1.1396774292198195
2007-04-13,0.9976259866628515,1.1390520338395405
2007-04-16,0.9976259866628515,1.1394852677243448
2007-04-17,0.997127837229323,1.1400542524422848
2007-04-18,0.997127837229323,1.140303244422398
2007-04-19,0.9971254880417149,1.1403059309247212
2007-04-20,0.997293227397637,1.140114105337369
2007-05-08,0.997293227397637,1.1442576727297888
2007-05-09,0.997293227397637,1.1450093779444133
2007-05-10,0.997293227397637,1.1449755585476362
2007-05-11,0.997293227397637,1.1449097203838203
2007-05-14,0.997293227397637,1.1461643320148922
2007-05-15,0.997293227397637,1.146011039717493
2007-05-16,0.997293227397637,1.146030270996044
2007-05-17,0.997293227397637,1.1465849867798497
2007-05-18,0.997293227397637,1.1459901345000312
2007-05-21,0.9974904534202075,1.1462167670188563
2007-06-06,0.9979167183908203,1.1522584715791901
2007-06-07,0.9983726110726273,1.1517320687290704
2007-06-08,0.9979987751261596,1.1521633294059113
2007-06-11,0.9987001307106439,1.151353632835678
2007-06-12,0.9987001307106439,1.1516659781080107
2007-06-13,0.9986958152299195,1.1516709545690893
2007-06-14,0.9972302060156569,1.1533610583395018
2007-06-15,0.9979873195422236,1.1524854077093698
2007-06-18,0.9972655748465243,1.153318885463643
2007-06-19,0.9963378041766517,1.1543918347982352
2007-07-05,0.9958925627967573,1.1542853123031727
2007-07-06,0.9950409296757778,1.1552723942834386
2007-07-09,0.9950409296757778,1.1556060753756863
2007-07-10,0.9950409296757778,1.1560500723773435
2007-07-11,0.9945434645202541,1.1566280331545307
2007-07-12,0.9942176518103789,1.1570069448132398
2007-07-13,0.9945765516182503,1.1565892801605924
2007-07-16,0.994795610768614,1.1563345371097737
2007-07-17,0.9938338669283884,1.1574524527964405
2007-07-18,0.9934379518844095,1.1579135488145995
2007-08-03,0.9933051584935687,1.1595012579755801
2007-08-06,0.9936207003003616,1.1591329208952865
2007-08-07,0.9937175526662303,1.1590199353609563
2007-08-08,0.9940121442768447,1.1586763391865944
2007-08-09,0.9940415552091018,1.1586420561534183
2007-08-10,0.9936361036326161,1.159114645297995
2007-08-13,0.9936460209308268,1.1591030763890597
2007-08-14,0.9937984078561658,1.1589253147413088
2007-08-15,0.9937984078561658,1.1588582977015385
2007-08-16,0.9937984078561658,1.1589448603001875
2007-09-03,0.9940885125895064,1.1630144693274076
2007-09-04,0.994186768421056,1.1631294218214168
2007-09-05,0.9935743888008118,1.1624129802268852
2007-09-06,0.9941430563689749,1.1630782817585246
2007-09-07,0.994440232311684,1.1634259569573924
2007-09-10,0.9941920005921625,1.163135543097969
2007-09-11,0.9943431983337744,1.1633124339472218
2007-09-12,0.9942914397545388,1.1632518800068026
2007-09-13,0.9942914397545388,1.1638187087132148
2007-09-14,0.9944868872024808,1.1640474800647425
2007-10-02,0.9941676630305054,1.1651859638121354
2007-10-03,0.9946275087157812,1.1646470147415435
2007-10-04,0.9936608379907597,1.1657789260995837
2007-10-05,0.9931293539136975,1.1664024717933532
2007-10-08,0.9927112691648838,1.1668935005626808
2007-10-09,0.9917976147050381,1.1679674658575958
2007-10-10,0.9910033085660452,1.168902862065975
2007-10-11,0.990165538918291,1.1698910235892992
2007-10-12,0.9901202716099169,1.169944507391398
2007-10-15,0.989359374525763,1.1708435975219824
2007-10-31,0.9893918560196813,1.1717154817192945
2007-11-01,0.9888947935254022,1.1711268213049346
2007-11-02,0.9888882457966436,1.171119066970684
2007-11-05,0.9888594139660645,1.171084922054238
2007-11-06,0.9891482065662195,1.1714269329153026
2007-11-07,0.98914067197043,1.1714180098556661
2007-11-08,0.98914067197043,1.1722807037444865
2007-11-09,0.98914067197043,1.172588724209226
2007-11-12,0.98914067197043,1.1729366520840336
2007-11-13,0.98914067197043,1.1734013405568635
2007-11-29,0.98914067197043,1.170503570573448
2007-11-30,0.98914067197043,1.1706751916017866
2007-12-03,0.98914067197043,1.1701058200259853
2007-12-04,0.9897298632027722,1.1694088351484972
2007-12-05,0.9894594850564493,1.169728298675765
2007-12-06,0.9889018477093124,1.1703875315146997
2007-12-07,0.9883835870500616,1.1710009046366803
2007-12-10,0.9883835870500616,1.169836962541
2007-12-11,0.9883835870500616,1.1699039706942125
2007-12-12,0.9883835870500616,1.1709935188719414
2007-12-28,0.9883835870500616,1.166140458644238
2007-12-31,0.9885628197156041,1.1663519255944568
2008-01-01,0.9887654892110604,1.1665910443955794
2008-01-02,0.9884687505418563,1.166240938452566
2008-01-03,0.9883917713225451,1.166150114825697
2008-01-04,0.9884471209758668,1.166215418894842
2008-01-07,0.9881396006252066,1.1658525922276854
2008-01-08,0.9873073450929889,1.1648706588358673
2008-01-09,0.9871237398679741,1.1646540329386816
2008-01-10,0.9869146083173873,1.1644072899074196
2008-01-28,0.9871036701397786,1.1618351665042006
2008-01-29,0.987719403339825,1.16111043970332
2008-01-30,0.9876391008011114,1.161204839100274
2008-01-31,0.986986476174455,1.1619721546854658
2008-02-01,0.986986476174455,1.1620195098507362
2008-02-04,0.986986476174455,1.1622110342183183
2008-02-05,0.9870922474082797,1.1623355835389235
2008-02-06,0.9866491725221369,1.1618138473914779
2008-02-07,0.9858443122255847,1.160866096292311
2008-02-08,0.9849411905090474,1.1598026389405243
2008-02-26,0.9849411905090474,1.154154765480957
2008-02-27,0.9847960174656815,1.1539846516087433
2008-02-28,0.9852828680983583,1.1545551435154642
2008-02-29,0.9852828680983583,1.1558419475792072
2008-03-03,0.9852828680983583,1.1547703190611298
2008-03-04,0.9858870272558645,1.155478405120135
2008-03-05,0.9858870272558645,1.1551272799765608
2008-03-06,0.9858870272558645,1.1560132108747934
2008-03-07,0.9858870272558645,1.1562118172564562
2008-03-10,0.9850597309993758,1.1552415948256096
2008-03-26,0.9856798263543497,1.1527555130644977
2008-03-27,0.9861371781883932,1.1522206387229443
2008-03-28,0.9861220793123772,1.1522382805246651
2008-03-31,0.9861220793123772,1.152145783976663
2008-04-01,0.9860814557719225,1.152098321049053
2008-04-02,0.9859816999587583,1.1519817703278232
2008-04-03,0.9859816999587583,1.1517118204537398
2008-04-04,0.9849580476288352,1.1505161060825129
2008-04-07,0.9857285011974098,1.1514160624225498
2008-04-08,0.9857285011974098,1.1514855608908958
2008-04-24,0.9857285011974098,1.145457001390643
2008-04-25,0.9857285011974098,1.1448225873405944
2008-04-28,0.9849154205946382,1.1438782775856764
2008-04-29,0.9849155242413116,1.1438783979606606
2008-04-30,0.9854134098512007,1.1444566410483066
2008-05-01,0.9854134098512007,1.1444181425045599
2008-05-02,0.9852074550194395,1.1446573298787601
2008-05-05,0.98573259656265,1.144047197349213
2008-05-06,0.985549773192803,1.1442593832550183
2008-05-07,0.9853334104740984,1.1445105882958986
2008-05-23,0.9853334104740984,1.1433697748225442
2008-05-26,0.9853334104740984,1.1422505760669885
2008-05-27,0.9853334104740984,1.1424874861948053
2008-05-28,0.9853334104740984,1.1427058144256306
2008-05-29,0.9853334104740984,1.1418149113298113
2008-05-30,0.9853334104740984,1.1409651447772478
2008-06-02,0.9848349404198155,1.1403879422267138
2008-06-03,0.9848349404198155,1.1392142061379915
2008-06-04,0.9848538149007601,1.1391923729597164
2008-06-05,0.985153248775072,1.138846014159394
2008-06-23,0.9849103295917425,1.1389314329145592
2008-06-24,0.9848982900074739,1.1389453552591127
2008-06-25,0.9850407761587375,1.1387805829757032
2008-06-26,0.9854950406369847,1.1382554193683845
2008-06-27,0.9860435747968785,1.137621857600479
2008-06-30,0.9865066299034781,1.137087619942017
2008-07-01,0.9861251946091598,1.1375272777586307
2008-07-02,0.986304616885899,1.1373203083645373
2008-07-03,0.9869637465487272,1.1365602576271223
2008-07-04,0.9870520677032967,1.136458549418951
2008-07-22,0.9878394922142277,1.1330972781245623
2008-07-23,0.988081255403994,1.1328199646394932
2008-07-24,0.9881176076449845,1.1327782873542214
2008-07-25,0.989043736934646,1.1317165724910365
2008-07-28,0.9893479887619373,1.1313684313297332
2008-07-29,0.9903005233145697,1.1302791608861276
2008-07-30,0.9903005233145697,1.1301583240860111
2008-07-31,0.9903005233145697,1.1310118878958715
2008-08-01,0.9903005233145697,1.1302976436262988
2008-08-04,0.9903005233145697,1.1302077083437436
2008-08-20,0.9903005233145697,1.1280488586118187
2008-08-21,0.9903005233145697,1.1272286224889838
2008-08-22,0.9903005233145697,1.1273781676087444
2008-08-25,0.9902166693514644,1.127282706559248
2008-08-26,0.9899245768753462,1.1269501825700692
2008-08-27,0.9900146470108353,1.127052720236074
2008-08-28,0.9895619561947252,1.1265373678448107
2008-08-29,0.9894590370963713,1.1264202026593115
2008-09-01,0.9892268572034904,1.1261558843680157
2008-09-02,0.9895676788004478,1.1265438825750382
2008-09-18,0.9895676788004478,1.1257987519913555
2008-09-19,0.990899624651553,1.1242834408014102
2008-09-22,0.9906967602200663,1.124513612571965
2008-09-23,0.9911604092678106,1.1239873368369675
2008-09-24,0.9921100905205131,1.1229103873421247
2008-09-25,0.9928639987013971,1.122057083524831
2008-09-26,0.9938619948374293,1.120929226501885
2008-09-29,0.9941572734718633,1.1205961959070763
2008-09-30,0.9946457064520549,1.1200456430376626
2008-10-01,0.9944073130866312,1.1203140918416334
2008-10-17,0.9948348823658313,1.1187002133573014
2008-10-20,0.9952091904959055,1.119121126005619
2008-10-21,0.995389520240737,1.1193239083241662
2008-10-22,0.9951002868296784,1.118998662914705
2008-10-23,0.995152170912189,1.1190570070029586
2008-10-24,0.9939662117673805,1.1177233859449844
2008-10-27,0.9933917324514656,1.117077379110408
2008-10-28,0.9933917324514656,1.1174161913266487
2008-10-29,0.9933917324514656,1.116214187628167
2008-10-30,0.9930889131103253,1.1158739278556855
2008-11-17,0.9927708089434905,1.1140724968619242
2008-11-18,0.992619178862582,1.1139023398616223
2008-11-19,0.9928651814261322,1.1141784002450865
2008-11-20,0.9933113657101251,1.1146791015498092
2008-11-21,0.9927508829170806,1.114050136174246
2008-11-24,0.9925083402756714,1.1137779584634633
2008-11-25,0.9927609396003304,1.1140614216332034
2008-11-26,0.9927609396003304,1.1152965761790015
2008-11-27,0.9927609396003304,1.1147591419013738
2008-11-28,0.9927609396003304,1.1131887736466075
2008-12-16,0.9927609396003304,1.1108147527956242
2008-12-17,0.9927609396003304,1.1107572326860262
2008-12-18,0.9923077369203336,1.1102501638292661
2008-12-19,0.991608367398958,1.1094676695517405
2008-12-22,0.991608367398958,1.1101901730285306
2008-12-23,0.991608367398958,1.108893785894858
2008-12-24,0.991608367398958,1.108812170127713
2008-12-25,0.9914043995015562,1.108584094110618
2008-12-26,0.9914043995015562,1.1087574039533752
2008-12-29,0.9909767907691576,1.1092356289322844
2009-01-14,0.9909767907691576,1.1056589821379497
2009-01-15,0.99102269633227,1.1056077640885884
2009-01-16,0.9907333749534122,1.1059305376879882
2009-01-19,0.9918178486674136,1.1047199671874328
2009-01-20,0.9919387120008107,1.1045853455551604
2009-01-21,0.9919387120008107,1.1049790734780591
2009-01-22,0.9919387120008107,1.1049842256439901
2009-01-23,0.9910005422727834,1.103939138142207
2009-01-26,0.9912568115842442,1.1042246129838023
2009-01-27,0.9909072548010593,1.1038352192372805
2009-02-12,0.9907860970318842,1.1031028252002086
2009-02-13,0.9903796567745192,1.1026503103763556
2009-02-16,0.9884829477416723,1.1005385880792988
2009-02-17,0.9884829477416723,1.1003527200992782
2009-02-18,0.9884829477416723,1.1002089235288988
2009-02-19,0.9882304975922535,1.100489907543617
2009-02-20,0.9885374343968217,1.1001481038282852
2009-02-23,0.9884629085612815,1.1002310439920089
2009-02-24,0.9884277594647691,1.10027016749054
2009-02-25,0.9884691332665667,1.1002241121674292
2009-03-13,0.9886460996669489,1.095387959132898
2009-03-16,0.9883506401603622,1.0957153187270294
2009-03-17,0.9883506401603622,1.0957580448615525
2009-03-18,0.9889643671609577,1.0950776220733989
2009-03-19,0.9889643671609577,1.0951894196914849
2009-03-20,0.9889643671609577,1.0959067442944024
2009-03-23,0.9889643671609577,1.0952430725993338
2009-03-24,0.9890117514008167,1.0952955489697462
2009-03-25,0.9882548554392706,1.0944573134517754
2009-03-26,0.9882548554392706,1.093923044588799
2009-04-13,0.9882548554392706,1.0922222916839257
2009-04-14,0.9882548554392706,1.0911073299495153
2009-04-15,0.9882548554392706,1.091535868577735
2009-04-16,0.9882548554392706,1.0916904064085955
2009-04-17,0.9882548554392706,1.0906800573459035
2009-04-20,0.9882548554392706,1.0905975573941067
2009-04-21,0.9882548554392706,1.0906135910721888
2009-04-22,0.9882548554392706,1.0909532969363946
2009-04-23,0.9882548554392706,1.0910354680448706
2009-04-24,0.9882548554392706,1.09093322768868
2009-05-12,0.988671620969601,1.0881395079365401
2009-05-13,0.9880313839233174,1.0874348581724227
2009-05-14,0.9873007459111213,1.086630712417444
2009-05-15,0.9874946468401049,1.0868441212550979
2009-05-18,0.9882744016517965,1.0877023253332863
2009-05-19,0.9883468007756825,1.087782008359854
2009-05-20,0.9877561531812422,1.087131937123716
2009-05-21,0.9878743711129631,1.08726204867878
2009-05-22,0.9882997454718587,1.0877302189344649
2009-05-25,0.9885191941524517,1.0879717458219096
2009-06-10,0.9888757861218184,1.0851742336046053
2009-06-11,0.9887703817018001,1.085058564718465
2009-06-12,0.9888226359899915,1.08511590762031
2009-06-15,0.9889841459850449,1.0852931457401642
2009-06-16,0.9889841459850449,1.0850394389900084
2009-06-17,0.9885328733656229,1.0855345415574227
2009-06-18,0.9891878596344549,1.084815283515308
2009-06-19,0.9891878596344549,1.084885218584413
2009-06-22,0.9891878596344549,1.084914260012203
2009-06-23,0.9891878596344549,1.0848492918518942
2009-07-09,0.9886783196766088,1.0836238165623486
2009-07-10,0.9883924605302756,1.0833105055763748
2009-07-13,0.9878602270668637,1.0827271602703776
2009-07-14,0.9875039006171806,1.0823366148122007
2009-07-15,0.987412049661191,1.082235943156412
2009-07-16,0.9872641900691923,1.082073884201332
2009-07-17,0.9869006769489258,1.0816754619168396
2009-07-20,0.9869006769489258,1.0804092541784378
2009-07-21,0.9869006769489258,1.0806818762020918
2009-07-22,0.9869006769489258,1.0809936039272792
2009-08-07,0.9869199299661326,1.07854943387788
2009-08-10,0.9869667650745011,1.0784982504149845
2009-08-11,0.9874568382477047,1.0779627277625723
2009-08-12,0.9871672882004184,1.0782788166757349
2009-08-13,0.9871672882004184,1.0777302763218652
2009-08-14,0.9871672882004184,1.0779611648632865
2009-08-17,0.9871672882004184,1.0773925674681462
2009-08-18,0.9871672882004184,1.0771013613192244
2009-08-19,0.9862854152216637,1.0761391469131343
2009-08-20,0.9864887310688617,1.076360985479315
2009-09-07,0.9864887310688617,1.0741290032658035
2009-09-08,0.9867623213495579,1.0738311070544713
2009-09-09,0.9867623213495579,1.0742799758980863
2009-09-10,0.9867623213495579,1.0738560104289816
2009-09-11,0.9861040565272082,1.0731396457881355
2009-09-14,0.9857817920455499,1.0727889375749327
2009-09-15,0.9857817920455499,1.0725104240742351
2009-09-16,0.9862898063601461,1.0719577148921628
2009-09-17,0.9852436019458573,1.0730947913234705
2009-09-18,0.9856919035476782,1.0726065160249494
2009-10-06,0.9862215619097504,1.0686406894311484
2009-10-07,0.9865785455197841,1.069027506375612
2009-10-08,0.9872103218841457,1.0697120806697193
2009-10-09,0.9861099253901324,1.06851972338062
2009-10-12,0.9859114578916627,1.0683046698342509
2009-10-13,0.9859114578916627,1.0679974974938746
2009-10-14,0.986207132947984,1.0676772048167837
2009-10-15,0.986207132947984,1.067293795636222
2009-10-16,0.986207132947984,1.0665609277187078
2009-10-19,0.9859931508522846,1.066792344562979
2009-11-04,0.9859931508522846,1.06732392690039
2009-11-05,0.9857978708261088,1.0675353148235243
2009-11-06,0.9861151223205505,1.067191758417064
2009-11-09,0.9861183220453072,1.0671882956166137
2009-11-10,0.9867171262254538,1.0665402630244463
2009-11-11,0.9878321344696364,1.065335053188296
2009-11-12,0.9873536740435158,1.0658510524615767
2009-11-13,0.9875126898680641,1.0656793944342575
2009-11-16,0.9875893371302983,1.0655966801473014
2009-11-17,0.9882963577198449,1.0648338136756907
2009-12-03,0.9887234044455816,1.0639559909335037
2009-12-04,0.9883079741038132,1.063508950235415
2009-12-07,0.987636161820789,1.0627860193327048
2009-12-08,0.987636161820789,1.0626460073550559
2009-12-09,0.987636161820789,1.0616411998909936
2009-12-10,0.987357075744851,1.0613412014826875
2009-12-11,0.987357075744851,1.0610547202026266
2009-12-14,0.987357075744851,1.0597079649583268
2009-12-15,0.987357075744851,1.059479612464837
2009-12-16,0.9870875169200963,1.059768861497637
2010-01-01,0.9870875169200963,1.0582817031647334
2010-01-04,0.9870875169200963,1.0574203577361125
2010-01-05,0.9870875169200963,1.0570768682291782
2010-01-06,0.9865525638315638,1.0565039843401793
2010-01-07,0.9863532640794839,1.0562905532571636
2010-01-08,0.9863532640794839,1.0558705154418053
2010-01-11,0.9869712517465229,1.0552089725845997
2010-01-12,0.9869291123562052,1.0551639197396623
2010-01-13,0.9869451681816124,1.0551810856409
2010-01-14,0.9869451681816124,1.0546882279766892
2010-02-01,0.9867327845502174,1.0542371301164624
2010-02-02,0.9872711438075752,1.0536619406352419
2010-02-03,0.9875077267903549,1.0534094482107235
2010-02-04,0.9875077267903549,1.0534828900020763
2010-02-05,0.9875077267903549,1.0522819508788417
2010-02-08,0.9877145416098715,1.0525023314347073
2010-02-09,0.9877145416098715,1.051406067779453
2010-02-10,0.987469394217632,1.0511451123668893
2010-02-11,0.987469394217632,1.0507771798458516
2010-02-12,0.987469394217632,1.0499528445708304
2010-03-02,0.9871495570421576,1.0472405097668975
2010-03-03,0.9870916931453158,1.0473018960243228
2010-03-04,0.9866024911566237,1.0478209381496428
2010-03-05,0.9869663003731766,1.0474345546588115
2010-03-08,0.9873169887874718,1.0470623806920687
2010-03-09,0.988002139623411,1.0463357694075888
2010-03-10,0.9885318578020555,1.0457747756042428
2010-03-11,0.9890848425261771,1.0451897691917367
2010-03-12,0.9889344077303843,1.0453487372627583
2010-03-15,0.9890528098127148,1.0452235808658468
2010-03-31,0.9894105772764642,1.0428539199437539
2010-04-01,0.9902599702478116,1.0419586467274713
2010-04-02,0.990550592129501,1.0416528522980766
2010-04-05,0.990550592129501,1.0413949145559185
2010-04-06,0.990550592129501,1.041179481010305
2010-04-07,0.990550592129501,1.0410960345416798
2010-04-08,0.9905976524821869,1.041145496272312
2010-04-09,0.9901028411358871,1.0406254358790599
2010-04-12,0.9893252989758992,1.0398082175906813
2010-04-13,0.98902482275479,1.0394924087821698
2010-04-29,0.98902482275479,1.0373987414041284
2010-04-30,0.98902482275479,1.0361048303835176
2010-05-03,0.9887378031838056,1.035804147976899
2010-05-04,0.9887378031838056,1.0354130648168933
2010-05-05,0.9887378031838056,1.0361829510130651
2010-05-06,0.9887378031838056,1.036168820252703
2010-05-07,0.9887378031838056,1.0363914925334587
2010-05-10,0.9887326586328135,1.036386100033178
2010-05-11,0.9883674144061052,1.036003252317597
2010-05-12,0.9883674144061052,1.0362015659617898
2010-05-28,0.9877265712395161,1.0326679138962396
2010-05-31,0.9877265712395161,1.0326595350340666
2010-06-01,0.9877265712395161,1.032414164530038
2010-06-02,0.9865828062199195,1.0312186522885847
2010-06-03,0.9867113447899667,1.0313530063135439
2010-06-04,0.986295365265413,1.0309182066778868
2010-06-07,0.9862454715049475,1.0308660555800768
2010-06-08,0.9854257860310462,1.0300092851758411
2010-06-09,0.9850791564474408,1.0296469730720872
2010-06-10,0.9847523368711794,1.0293053672374335
2010-06-28,0.9847523368711794,1.028187931432492
2010-06-29,0.9847523368711794,1.028522909222183
2010-06-30,0.9847523368711794,1.028706765136666
2010-07-01,0.9847523368711794,1.0276968984025432
2010-07-02,0.984720006108754,1.0276631577115862
2010-07-05,0.984720006108754,1.0261516298562736
2010-07-06,0.9840899645326068,1.0254950795818505
2010-07-07,0.9839405105200852,1.0253393373631627
2010-07-08,0.9841307952466852,1.0255376282287143
2010-07-09,0.9841307952466852,1.0251365960060972
2010-07-27,0.9841307952466852,1.0235125303542807
2010-07-28,0.9841307952466852,1.0237386233164814
2010-07-29,0.9841307952466852,1.023845558467822
2010-07-30,0.9841307952466852,1.023030433374097
2010-08-02,0.9843446527761801,1.0228081227197243
2010-08-03,0.9840705660720981,1.0230929194181915
2010-08-04,0.9840434023591511,1.0231211602815393
2010-08-05,0.9838179718904558,1.0233555429135872
2010-08-06,0.9829922364093993,1.0242144629634984
2010-08-09,0.9830341029418719,1.0241708407389432
2010-08-25,0.9832193731301845,1.0197802552398785
2010-08-26,0.9825602770073644,1.019096650715064
2010-08-27,0.9826624237314352,1.0192025957515347
2010-08-30,0.9831249585610669,1.0196823298775186
2010-08-31,0.9831966766913097,1.0197567148369315
2010-09-01,0.9831966766913097,1.0199991841375233
2010-09-02,0.9831966766913097,1.0203516694291856
2010-09-03,0.9831966766913097,1.0200139696239579
2010-09-06,0.9831966766913097,1.0202583941432837
2010-09-07,0.9831966766913097,1.019998001209356
2010-09-23,0.9828737574105196,1.0192473128905484
2010-09-24,0.9827888067382827,1.0191592184188496
2010-09-27,0.983299803644239,1.0196891259673668
2010-09-28,0.9830245579171542,1.0194036941246702
2010-09-29,0.9836071667592723,1.0200078637775052
2010-09-30,0.9833569680960523,1.019748405924192
2010-10-01,0.982971031509973,1.0193481868468774
2010-10-04,0.982971031509973,1.0188063033322552
2010-10-05,0.982971031509973,1.0194813012863893
2010-10-06,0.9839450948192309,1.020491544007919
2010-10-22,0.9839450948192309,1.018574852832971
2010-10-25,0.9839450948192309,1.018823840553247
2010-10-26,0.9841761095556278,1.019063044267153
2010-10-27,0.9852558564087142,1.0201810658330706
2010-10-28,0.985736680932509,1.0206789345561773
2010-10-29,0.9860540670390429,1.0210075713202607
2010-11-01,0.9860540670390429,1.021373623805156
2010-11-02,0.9860175028709706,1.0213357499419533
2010-11-03,0.9868891152944367,1.0222385827269571
2010-11-04,0.9865855520293033,1.0219241461027115
2010-11-22,0.9865855520293033,1.0243672247821327
2010-11-23,0.9865855520293033,1.0245251082874747
2010-11-24,0.9865855520293033,1.0247192718972065
2010-11-25,0.9870677792919268,1.0242184054812853
2010-11-26,0.9870677792919268,1.024759315491081
2010-11-29,0.9868955532257778,1.0249381180711665
2010-11-30,0.9870466689653035,1.0247811771657445
2010-12-01,0.9871301374454386,1.024694517709795
2010-12-02,0.9869396771054857,1.0248922258526099
2010-12-03,0.9856674221461492,1.026213405097273
2010-12-21,0.985030698189202,1.0272835318355393
2010-12-22,0.985030698189202,1.0276670512551964
2010-12-23,0.985030698189202,1.0278824472221868
2010-12-24,0.9849397902503159,1.027787584519059
2010-12-27,0.9860023178971333,1.028896335261406
2010-12-28,0.9873415170366528,1.0302937935247654
2010-12-29,0.9875123583352645,1.030472066925205
2010-12-30,0.9881199089950731,1.0311060478358136
2010-12-31,0.9884379663808522,1.0314379416586688
2011-01-03,0.9887178390052828,1.0317299895701084
2011-01-19,0.9887178390052828,1.032661544096683
2011-01-20,0.9887178390052828,1.0326132077735546
2011-01-21,0.9887178390052828,1.0331949517001873
2011-01-24,0.9887178390052828,1.0334911819063977
2011-01-25,0.9887178390052828,1.0329676416718225
2011-01-26,0.9887178390052828,1.0340911095391228
2011-01-27,0.9887178390052828,1.033973992035058
2011-01-28,0.9887178390052828,1.034171552701161
2011-01-31,0.9887178390052828,1.0340486960400133
2011-02-01,0.9887178390052828,1.034757911954671
2011-02-17,0.9874954875244306,1.0374457860888464
2011-02-18,0.987095420425294,1.0370254824708598
2011-02-21,0.9871269056750129,1.037058560333045
2011-02-22,0.9874927013251215,1.0374428589557416
2011-02-23,0.9874927013251215,1.0374891970172764
2011-02-24,0.9874571815170685,1.0374518788506857
2011-02-25,0.9881680538781182,1.0381987424923689
2011-02-28,0.9881680538781182,1.0380075609809993
2011-03-01,0.9878908953201092,1.0377164235801544
2011-03-02,0.9881238642503459,1.0379611425933934
2011-03-18,0.988025741026403,1.0399838060471094
2011-03-21,0.9877715491286532,1.0402513653285241
2011-03-22,0.9877936106447466,1.0402281316949398
2011-03-23,0.9876809670610948,1.040346754677825
2011-03-24,0.9880998221707601,1.0399055650947986
2011-03-25,0.9871787665298236,1.0408749113746791
2011-03-28,0.9865652618476615,1.0415217867465212
2011-03-29,0.9861152851818656,1.0419968293200619
2011-03-30,0.9853740853414709,1.0427800317459746
2011-03-31,0.9853740853414709,1.0431241871052104
2011-04-18,0.9853740853414709,1.0453864191859228
2011-04-19,0.9853740853414709,1.0449790109872616
2011-04-20,0.9853740853414709,1.0441768245116905
2011-04-21,0.9847276318549041,1.044861855464746
2011-04-22,0.9841286260718116,1.0454974406496331
2011-04-25,0.9841286260718116,1.0465683222645927
2011-04-26,0.9843054313667388,1.0467563452688802
2011-04-27,0.984172465780727,1.0466149434575878
2011-04-28,0.9839691286529431,1.0463987052636756
2011-04-29,0.9843650361217479,1.0468197317478385
2011-05-17,0.9843650361217479,1.0475867839727984
2011-05-18,0.9854415426470667,1.0487324301176753
2011-05-19,0.9854415426470667,1.0482202146212363
2011-05-20,0.9854415426470667,1.0485745150608263
2011-05-23,0.9852327687735742,1.0487966641723474
2011-05-24,0.9848645374813287,1.0491886525056544
2011-05-25,0.9847842095232968,1.0492742268956732
2011-05-26,0.9847842095232968,1.0502890302059753
2011-05-27,0.9847842095232968,1.0504539559702455
2011-05-30,0.9857884573428574,1.0493827404850353
2011-06-15,0.9860936329909775,1.0532344630669077
2011-06-16,0.9860936329909775,1.0531889992598233
2011-06-17,0.9860936329909775,1.0526924231454537
2011-06-20,0.9860936329909775,1.0526063832268462
2011-06-21,0.9860936329909775,1.0527271849125526
2011-06-22,0.9858964340997295,1.0529377091738459
2011-06-23,0.9850828882410834,1.0538065764129214
2011-06-24,0.9850828882410834,1.053928327759667
2011-06-27,0.9850828882410834,1.053571358734114
2011-06-28,0.9850828882410834,1.0538475758549688
2011-07-14,0.9850828882410834,1.0553927533460612
2011-07-15,0.9850828882410834,1.0550320529970363
2011-07-18,0.984300918470896,1.0558695491934176
2011-07-19,0.9834308302683201,1.0568029016072702
2011-07-20,0.9838064323002575,1.056399276558122
2011-07-21,0.9833085668286347,1.056933878393176
2011-07-22,0.9831565003132638,1.0570973309016627
2011-07-25,0.9821848215456378,1.0581420872872676
2011-07-26,0.9826132311348189,1.0576805466413872
2011-07-27,0.9823407633985747,1.0579738297105354
2011-08-12,0.9819391104316052,1.0588730426411552
2011-08-15,0.9809531564364343,1.0599362451306782
2011-08-16,0.9808762125367935,1.0600193842974528
2011-08-17,0.980975378976864,1.0599122164944181
2011-08-18,0.9806666542035568,1.0602457836417447
2011-08-19,0.9813115703110767,1.0595485338873356
2011-08-22,0.9802300356353498,1.0607162960076288
2011-08-23,0.9796772555064115,1.061314464671675
2011-08-24,0.979131636594644,1.0619055503991452
2011-08-25,0.9792920280320805,1.061731599776691
2011-09-12,0.9795994709044505,1.0641833750950287
2011-09-13,0.9801292580027932,1.0647589068701484
2011-09-14,0.9802237138549,1.0648615185502055
2011-09-15,0.9799941567960652,1.0646121402962319
2011-09-16,0.9807203488957812,1.0654010357403358
2011-09-19,0.9808077354527956,1.0654959677242166
2011-09-20,0.9808077354527956,1.0655315264241227
2011-09-21,0.9808077354527956,1.066086350040197
2011-09-22,0.9804008039994513,1.0665286630972124
2011-09-23,0.9804008039994513,1.066088144984117
2011-10-11,0.9805933762538873,1.067187822809681
2011-10-12,0.9805933762538873,1.0666499308712503
2011-10-13,0.9805933762538873,1.066156597102208
2011-10-14,0.9809329035653346,1.065787443799971
2011-10-17,0.9808150889100519,1.0659154498846275
2011-10-18,0.9804488489499074,1.0663134666324297
2011-10-19,0.980106692260632,1.0666855883253294
2011-10-20,0.9802457017198876,1.0665342992993492
2011-10-21,0.9803783331949796,1.066389992604503
2011-10-24,0.9805845424469278,1.0661656919695193
2011-11-09,0.9805845424469278,1.067679419584317
2011-11-10,0.9805845424469278,1.068207333760946
2011-11-11,0.9809171087219507,1.0678450501244379
2011-11-14,0.9809171087219507,1.0680634880012774
2011-11-15,0.9809171087219507,1.0686976981917933
2011-11-16,0.9810822302778172,1.0688775961924575
2011-11-17,0.9810822302778172,1.0690425208730512
2011-11-18,0.9810822302778172,1.0688503597098924
2011-11-21,0.9806903471585894,1.0692773008979235
2011-11-22,0.9806903471585894,1.070055536686175
2011-12-08,0.9811141389192791,1.071716036200355
2011-12-09,0.9811006986659864,1.0717013547943768
2011-12-12,0.9814520747666854,1.0720851790477623
2011-12-13,0.9819049313810385,1.07257985512718
2011-12-14,0.9818450094758517,1.0725143996779505
2011-12-15,0.981904012201524,1.0725788510651786
2011-12-16,0.9818836624622037,1.072556622110262
2011-12-19,0.98206272086633,1.0727522158291845
2011-12-20,0.9822820544833009,1.0729918040129247
2011-12-21,0.982909282341791,1.0736769538111286
2012-01-06,0.982909282341791,1.0748931123648795
2012-01-09,0.982909282341791,1.0746729600057914
2012-01-10,0.982141504154438,1.0755124173921988
2012-01-11,0.9824616421002893,1.0751618443489204
2012-01-12,0.9821661060804883,1.0754852656801
2012-01-13,0.9818356938354781,1.075847071589415
2012-01-16,0.9816365269643581,1.0760653088121983
2012-01-17,0.9809049395205661,1.0768672715010377
2012-01-18,0.9809725589464394,1.0767930368390366
2012-01-19,0.9805797740441262,1.0772241886015697
2012-02-06,0.9803801827375513,1.0790732849277462
2012-02-07,0.9807171606097768,1.0794441857537043
2012-02-08,0.9797771465019182,1.0784095421235025
2012-02-09,0.9791948812283116,1.0777686612565152
2012-02-10,0.9794804880227485,1.0780830195710724
2012-02-13,0.9804224173069649,1.0791197711749767
2012-02-14,0.9806837409330332,1.0794074017784672
2012-02-15,0.9807464800124718,1.0794764566877106
2012-02-16,0.9812118787217111,1.0799887062443854
2012-02-17,0.9820849587597592,1.080949677672868
2012-03-06,0.982299608763137,1.0852459612766052
2012-03-07,0.9824135936834878,1.085371891973669
2012-03-08,0.9831239026767186,1.0861566423281284
2012-03-09,0.9836456817035786,1.086733104515965
2012-03-12,0.9838562162810068,1.0869657034072042
2012-03-13,0.9838562162810068,1.0868834995108434
2012-03-14,0.9838562162810068,1.0872932776250535
2012-03-15,0.9838562162810068,1.087628639406482
2012-03-16,0.983843261785811,1.0876143185334206
2012-03-19,0.9841458205625699,1.0879487897551918
2012-04-04,0.9841458205625699,1.0884123820319944
2012-04-05,0.9841458205625699,1.0883498920317098
2012-04-06,0.9841458205625699,1.0883907899336602
2012-04-09,0.9841458205625699,1.0882742660356521
2012-04-10,0.9841458205625699,1.088560480639806
2012-04-11,0.9841458205625699,1.0893723160848239
2012-04-12,0.9841458205625699,1.0891930295437071
2012-04-13,0.9841458205625699,1.08864428336981
2012-04-16,0.9841458205625699,1.0893396785513632
2012-04-17,0.9837879513732302,1.0897357998369832
2012-05-03,0.9837879513732302,1.0919289043418188
2012-05-04,0.983441162496679,1.0923138133026185
2012-05-07,0.983441162496679,1.0925912441106642
2012-05-08,0.983441162496679,1.0929043703748613
2012-05-09,0.983441162496679,1.0937095090138038
2012-05-10,0.983441162496679,1.0932731587860587
2012-05-11,0.983441162496679,1.0928614582537555
2012-05-14,0.983441162496679,1.0934843413269961
2012-05-15,0.983441162496679,1.0934478010436692
2012-05-16,0.983441162496679,1.0939691700364151
2012-06-01,0.9827276159627051,1.0964603191726783
2012-06-04,0.9826132757017598,1.0965878922223962
2012-06-05,0.9822782892048233,1.0969617342472113
2012-06-06,0.9821508281566811,1.0971040766912574
2012-06-07,0.9820409898761423,1.0972267707031151
2012-06-08,0.981975321409583,1.09730014157077
2012-06-11,0.9818222058092811,1.097471239322643
2012-06-12,0.9808334501988014,1.0985764606537556
2012-06-13,0.9808663275708196,1.098539636555862
2012-06-14,0.9809934483028561,1.0983972653082774
2012-07-02,0.9811626548229847,1.1002985337589328
2012-07-03,0.9805156015707023,1.1010241542676737
2012-07-04,0.9805258836875125,1.1010126084453056
2012-07-05,0.9799576657270013,1.10165064885737
2012-07-06,0.9804952260641595,1.101046333268093
2012-07-09,0.9813072438113194,1.1001344785855895
2012-07-10,0.9810322477333538,1.1004427741461837
2012-07-11,0.9804617265471034,1.1010827387532158
2012-07-12,0.9808811909263658,1.1006116698934916
2012-07-13,0.9808811909263658,1.1010111605107555
2012-07-31,0.9808811909263658,1.1043788342626175
2012-08-01,0.9808811909263658,1.1044294053287893
2012-08-02,0.980969771128015,1.1043296678882755
2012-08-03,0.981587086361787,1.1036347234086816
2012-08-06,0.9812522474736424,1.1040111951744966
2012-08-07,0.9809814504772216,1.10431587005951
2012-08-08,0.9804283428491073,1.1049385174411506
2012-08-09,0.980045820384643,1.1053696186102018
2012-08-10,0.9811419038877736,1.1041333729381932
2012-08-13,0.9813534148453181,1.103895347932797
2012-08-29,0.9816620580139768,1.107798655847757
2012-08-30,0.9819963464842107,1.1081758980106453
2012-08-31,0.9805788063867951,1.1065762140850952
2012-09-03,0.9805788063867951,1.1060805895196655
2012-09-04,0.9805788063867951,1.106799716918811
2012-09-05,0.9805788063867951,1.1063537499589904
2012-09-06,0.9805788063867951,1.1063975144295033
2012-09-07,0.9801826486198756,1.1068445034586225
2012-09-10,0.9802412674223642,1.1067783097758173
2012-09-11,0.9807580402164477,1.1061948279957878
2012-09-27,0.9800115845445376,1.1117203016687727
2012-09-28,0.979080865600603,1.1127761046423679
2012-10-01,0.9790033595029674,1.1128641943359194
2012-10-02,0.9784223569957485,1.1135246383280948
2012-10-03,0.9793638652673562,1.1124531249370435
2012-10-04,0.9793638652673562,1.112612992410834
2012-10-05,0.9793638652673562,1.1134162333141011
2012-10-08,0.9793638652673562,1.1140494980264384
2012-10-09,0.9793638652673562,1.1136244793444254
2012-10-10,0.9787104496770286,1.112881487263157
2012-10-26,0.9787104496770286,1.1149031301211358
2012-10-29,0.9787104496770286,1.1152102515133895
2012-10-30,0.9785318029375322,1.1150066890855523
2012-10-31,0.9785318029375322,1.1159361316124035
2012-11-01,0.9785318029375322,1.1161723443199787
2012-11-02,0.9785318029375322,1.1164400923994247
2012-11-05,0.9781788970003275,1.1160374500571335
2012-11-06,0.9781102531403126,1.115959131951184
2012-11-07,0.978440138951548,1.116335509851699
2012-11-08,0.9785518457323168,1.1164629599031624
2012-11-26,0.9785518457323168,1.1166357411348922
2012-11-27,0.9784110408332689,1.1164750671925872
2012-11-28,0.978184260442378,1.1162162857177356
2012-11-29,0.978184260442378,1.1169542827174253
2012-11-30,0.978184260442378,1.1179824376208027
2012-12-03,0.978184260442378,1.1184111467902522
2012-12-04,0.978184260442378,1.1193933396502989
2012-12-05,0.978184260442378,1.1193873279690598
2012-12-06,0.9778999631828653,1.1190619917695885
2012-12-07,0.9782509871962073,1.1194636868777987
2012-12-25,0.9782509871962073,1.1225449256244342
2012-12-26,0.9782509871962073,1.1231698649640733
2012-12-27,0.9782509871962073,1.1233587205149624
2012-12-28,0.9790435626871777,1.1242688617784022
2012-12-31,0.9800801069754057,1.1254591606696083
2013-01-01,0.9797832854973075,1.125118310519471
2013-01-02,0.9794617394152153,1.124749068269687
2013-01-03,0.979139879640326,1.1243794657958464
2013-01-04,0.9798101628934551,1.1251491747432156
2013-01-07,0.9798101628934551,1.1251139215890922
2013-01-23,0.9800532356006135,1.1247570989588969
2013-01-24,0.9805200204861648,1.1252928041580015
2013-01-25,0.9802974228388898,1.1250373401945253
2013-01-28,0.9800986012623586,1.124809162814454
2013-01-29,0.9800986012623586,1.1258703795184466
2013-01-30,0.9796260761015063,1.1264131841724838
2013-01-31,0.979453251146304,1.1266119052078292
2013-02-01,0.9790347840170234,1.127093245230167
2013-02-04,0.9790753909240849,1.1271399930795856
2013-02-05,0.9792158169169983,1.1273016555563957
2013-02-21,0.9787179086305449,1.130422950216456
2013-02-22,0.9787179086305449,1.1309424343781915
2013-02-25,0.9787179086305449,1.1318056911377123
2013-02-26,0.9782259899048366,1.1323745541455557
2013-02-27,0.9785414182889529,1.1320094206492934
2013-02-28,0.9784118167776811,1.132159348009493
2013-03-01,0.9789781989208489,1.1315039646351945
2013-03-04,0.9789590984628824,1.131526040963288
2013-03-05,0.9790981208678363,1.1313653524608471
2013-03-06,0.9784257856291566,1.1321422478281946
2013-03-22,0.9784257856291566,1.1365623367349047
2013-03-25,0.9784257856291566,1.1372793366853193
2013-03-26,0.9784257856291566,1.1374377931934294
2013-03-27,0.9784257856291566,1.1371300237119526
2013-03-28,0.9784257856291566,1.1375914710901571
2013-03-29,0.9784257856291566,1.1368372437876533
2013-04-01,0.9784257856291566,1.136988475377909
2013-04-02,0.9790455413424529,1.1377086680730701
2013-04-03,0.9794322853577294,1.1381580874309296
2013-04-04,0.9804448145289444,1.1393347060519476
2013-04-22,0.9797419987898485,1.1402437794641818
2013-04-23,0.9797419987898485,1.1400098777689012
2013-04-24,0.9797419987898485,1.1399985360512541
2013-04-25,0.9797419987898485,1.140894754093087
2013-04-26,0.9795571046079689,1.140679447611963
2013-04-29,0.9795571046079689,1.1409569974672709
2013-04-30,0.9796068844857054,1.141014979487481
2013-05-01,0.9798195535407443,1.1412626896468478
2013-05-02,0.9795494330170582,1.1409480618418844
2013-05-03,0.9794860649080694,1.140874252681574
2013-05-21,0.9790618396653713,1.1421710323260117
2013-05-22,0.9797962286997992,1.1413142959610565
2013-05-23,0.9792175276931907,1.1419883950365408
2013-05-24,0.9797215261999683,1.1414006191546981
2013-05-27,0.9799600583785907,1.1411227230698546
2013-05-28,0.978694552764075,1.1425963517147666
2013-05-29,0.9785742212699,1.1427368351024103
2013-05-30,0.977679657193209,1.1437814685084156
2013-05-31,0.9779285771447755,1.143490258575132
2013-06-03,0.9779285771447755,1.1431876270403103
2013-06-19,0.9773306578386396,1.1446791928366964
2013-06-20,0.9778098344745982,1.1441179666841388
2013-06-21,0.9782168764041833,1.1436416941325518
2013-06-24,0.9779683803909716,1.1439322129412022
2013-06-25,0.9773225384006522,1.1446876560332386
2013-06-26,0.9773225384006522,1.144010242210821
2013-06-27,0.9773225384006522,1.1447947923382993
2013-06-28,0.9773225384006522,1.145244922912695
2013-07-01,0.9776829699154258,1.1456672833373587
2013-07-02,0.9775093995912095,1.1454638903685417
2013-07-18,0.9769711475524343,1.1489068355869212
2013-07-19,0.9765704730850475,1.1484356470205248
2013-07-22,0.9775668977403966,1.1496074309575899
2013-07-23,0.9778556470842622,1.149946996865723
2013-07-24,0.97803059688921,1.1501527358246397
2013-07-25,0.9784956530067798,1.1506996364713435
2013-07-26,0.9786056718483348,1.1508290173639344
2013-07-29,0.9786056718483348,1.1512887917150825
2013-07-30,0.9786056718483348,1.1516541886605165
2013-07-31,0.9786056718483348,1.1516786089306186
2013-08-16,0.9792817453418278,1.1547670808659132
2013-08-19,0.9795316720552523,1.1550617939478882
2013-08-20,0.9795316720552523,1.155768689883668
2013-08-21,0.9794995289770941,1.1557307636334084
2013-08-22,0.9793383857629538,1.1555406275849234
2013-08-23,0.9796938521225362,1.155960049335575
2013-08-26,0.9797486616355248,1.156024720158201
2013-08-27,0.9798541425023326,1.1561491791080403
2013-08-28,0.9795398240751699,1.1557783086123412
2013-08-29,0.9795398240751699,1.155978529637589
2013-09-16,0.9797490065400298,1.1583559900398483
2013-09-17,0.9797490065400298,1.1586907360780672
2013-09-18,0.9797490065400298,1.158914705112633
2013-09-19,0.9797490065400298,1.1593631933280182
2013-09-20,0.9797490065400298,1.1589549619647923
2013-09-23,0.9788806186445048,1.1599821867475792
2013-09-24,0.9788599187468802,1.160006716309259
2013-09-25,0.9787327452067758,1.1601574244523063
2013-09-26,0.9785173967820915,1.1604126913522494
2013-09-27,0.9797130263429307,1.1589948078060637
2013-10-15,0.9799602537989098,1.1617869969476664
2013-10-16,0.9792341507671304,1.1609261691156239
2013-10-17,0.9791307083656338,1.1608035334918565
2013-10-18,0.9794571933835773,1.1611905961784037
2013-10-21,0.9791701756203223,1.1608503236990353
2013-10-22,0.9792430536485579,1.1609367238823478
2013-10-23,0.9802971091750868,1.1621863541607544
2013-10-24,0.9803824810252593,1.1622875663324228
2013-10-25,0.9801692122033683,1.1620347265430877
2013-10-28,0.9801692122033683,1.1619207254295834
2013-11-13,0.9801692122033683,1.1630713201142577
2013-11-14,0.9801692122033683,1.1632793005078783
2013-11-15,0.9801692122033683,1.162127698333565
2013-11-18,0.9801692122033683,1.1617579161798544
2013-11-19,0.9801692122033683,1.1611763245145292
2013-11-20,0.9801692122033683,1.1614805707966083
2013-11-21,0.9802960217371948,1.1616308375137194
2013-11-22,0.9816413323412468,1.1632250032035196
2013-11-25,0.9816413323412468,1.1629171421440485
2013-11-26,0.9816413323412468,1.1638735864738996
2013-12-12,0.9810805999388498,1.16684760266136
2013-12-13,0.9807030080789284,1.167296691305617
2013-12-16,0.9803988397730201,1.1676587322641558
2013-12-17,0.9803988397730201,1.1669119585639796
2013-12-18,0.9803988397730201,1.1671470984712387
2013-12-19,0.9806136469243057,1.1674028225022992
2013-12-20,0.9802903424712271,1.167017934394495
2013-12-23,0.9813255534076704,1.1682503343033475
2013-12-24,0.9815253023018043,1.1684881317514404
2013-12-25,0.9815412644633013,1.1685071344161935
2014-01-10,0.9818135030553223,1.1725694385410173
2014-01-13,0.9821613494059973,1.1729848677430401
2014-01-14,0.9821613494059973,1.1727699055136196
2014-01-15,0.9820661211972006,1.1726561963175692
2014-01-16,0.9820661211972006,1.1740359786124448
2014-01-17,0.9820661211972006,1.1747391456833922
2014-01-20,0.9820661211972006,1.1747575218473258
2014-01-21,0.9820661211972006,1.174922453115172
2014-01-22,0.9820661211972006,1.176387027733404
2014-01-23,0.9819622565741044,1.176511443994808
2014-02-10,0.9817108344525457,1.1742729844194768
2014-02-11,0.9817108344525457,1.1746255025733572
2014-02-12,0.9817108344525457,1.1746263253673006
2014-02-13,0.9811914093233418,1.1752478224613614
2014-02-14,0.9811914093233418,1.1756632646378906
2014-02-17,0.9805574733168927,1.1764228465786124
2014-02-18,0.9805574733168927,1.176138112634645
2014-02-19,0.9813653782389141,1.1771071611565642
2014-02-20,0.9812518574117836,1.176970997622045
2014-02-21,0.9818038657034937,1.1776331087252059
2014-03-11,0.98154271938427,1.1798417602443083
2014-03-12,0.9817749348467435,1.1795626307733336
2014-03-13,0.981205306817373,1.1802470156695433
2014-03-14,0.9812397576596776,1.180205576325978
2014-03-17,0.9807296981368644,1.1808190605314266
2014-03-18,0.9807296981368644,1.1813381918825434
2014-03-19,0.9807296981368644,1.1815672618665596
2014-03-20,0.9808094440709719,1.181471185256269
2014-03-21,0.9805590719761144,1.1817727804513953
2014-03-24,0.9805814472234329,1.181745813735169
2014-04-09,0.9800599481604417,1.1846566861451742
2014-04-10,0.9800785823565448,1.1846341618852594
2014-04-11,0.9790651648788264,1.1858590932182858
2014-04-14,0.978875845189807,1.1860884001968226
2014-04-15,0.978549128452289,1.186484277707157
2014-04-16,0.978549128452289,1.1865651409804407
2014-04-17,0.97906117248887,1.1871860332655475
2014-04-18,0.9790116119726635,1.1871259373754284
2014-04-21,0.9804774298653751,1.1889033529020947
2014-04-22,0.9806572111430615,1.1891213513560313
2014-05-08,0.9799893720992436,1.1899986699287097
2014-05-09,0.9795466872781031,1.1905362210117654
2014-05-12,0.9792989308143258,1.1908373429980348
2014-05-13,0.9792989308143258,1.1914174003451072
2014-05-14,0.9792989308143258,1.1911568300628894
2014-05-15,0.9792989308143258,1.191543353437193
2014-05-16,0.9792989308143258,1.191448946471969
2014-05-19,0.9787346336572539,1.1921354899084367
2014-05-20,0.9787346336572539,1.1933251938566622
2014-05-21,0.9787346336572539,1.1935859250784895
2014-06-06,0.9789977432067324,1.1942479805299675
2014-06-09,0.9789977432067324,1.1944481133804274
2014-06-10,0.9791087516115058,1.194312675091043
2014-06-11,0.9780483200292308,1.1956061850077844
2014-06-12,0.9780483200292308,1.196637478245269
2014-06-13,0.9775828240030504,1.1972070104242976
2014-06-16,0.9778454316107313,1.1968854052761844
2014-06-17,0.9770143141322256,1.1979026952771765
2014-06-18,0.9770143141322256,1.1967260201437224
2014-06-19,0.9770143141322256,1.1961086456035839
2014-07-07,0.9772138310522688,1.20271339823708
2014-07-08,0.9761162799901884,1.201362578871177
2014-07-09,0.9761162799901884,1.2016145554449393
2014-07-10,0.9769004686640236,1.2025799040862968
2014-07-11,0.9770136008763715,1.202719171626275
2014-07-14,0.9778499208516581,1.203748694722974
2014-07-15,0.9774804283427982,1.2032938436095613
2014-07-16,0.9779474412405452,1.2038687438617308
2014-07-17,0.9780674393261279,1.2040164634000867
2014-07-18,0.9779834510519254,1.203913072508205
2014-08-05,0.9774752484423412,1.2066308181610617
2014-08-06,0.9784917106714622,1.2078855759189777
2014-08-07,0.9787358959874597,1.208187007109276
2014-08-08,0.9782784375647644,1.2076223038784462
2014-08-11,0.9780791635284599,1.2073763127969865
2014-08-12,0.9783226452050476,1.207676875389335
2014-08-13,0.9784548785674656,1.2078401090369766
2014-08-14,0.9796294450203897,1.209290036370006
2014-08-15,0.9798371933236285,1.209546488393224
2014-08-18,0.9798371933236285,1.2090049349688061
2014-09-03,0.9803032313615865,1.2099115436354935
2014-09-04,0.979388811125337,1.2110401409553608
2014-09-05,0.9799364001815943,1.2103630326196904
2014-09-08,0.9799364001815943,1.2109221217304622
2014-09-09,0.9796818551045159,1.2112366669037558
2014-09-10,0.9796818551045159,1.2104864298328923
2014-09-11,0.9787565816612085,1.2116296896995242
2014-09-12,0.9782106192315145,1.2123055516060208
2014-09-15,0.9781053663701392,1.2124359924596153
2014-09-16,0.9778387462106812,1.2127664884253435
2014-10-02,0.9778387462106812,1.215064899066362
2014-10-03,0.9778387462106812,1.2142588531782739
2014-10-06,0.9778387462106812,1.2146160143296554
2014-10-07,0.9778112019631512,1.2146502282368894
2014-10-08,0.9778112019631512,1.21480491361296
2014-10-09,0.9781223476309321,1.2151914721687536
2014-10-10,0.977278328526481,1.2141428867637063
2014-10-13,0.9777444599055388,1.2147219951729082
2014-10-14,0.9771901697145551,1.2140333607553206
2014-10-15,0.9771901697145551,1.214813860324171
2014-10-31,0.977057997811433,1.2187984443631814
2014-11-03,0.9766388555400412,1.2182755993023113
2014-11-04,0.9776423239992349,1.2195273425967446
2014-11-05,0.9780199449685005,1.219998393292743
2014-11-06,0.9780199449685005,1.2210504215096887
2014-11-07,0.9780199449685005,1.2208110334013311
2014-11-10,0.9780199449685005,1.2213331333948385
2014-11-11,0.9777150682436831,1.220952409006204
2014-11-12,0.9781336152913854,1.2214750827817984
2014-11-13,0.9778752958808273,1.221152498302068
2014-12-01,0.9778752958808273,1.2237697033145933
2014-12-02,0.9778752958808273,1.2242458795125597
2014-12-03,0.9791952393777715,1.2258983758933664
2014-12-04,0.979702838050721,1.2265338614061123
2014-12-05,0.979702838050721,1.226926426117323
2014-12-08,0.979702838050721,1.2273110353454237
2014-12-09,0.979702838050721,1.2281805966923791
2014-12-10,0.9798182881972358,1.2280358654286452
2014-12-11,0.9798182881972358,1.2282855386019267
2014-12-12,0.9798182881972358,1.228426503793102
2014-12-30,0.9795906726529944,1.2318272597189956
2014-12-31,0.9790899905119196,1.2324568634167932
2015-01-01,0.9789765161276983,1.2325997024663298
2015-01-02,0.9784495134154809,1.2332632356314026
2015-01-05,0.9779395289012108,1.233906033388024
2015-01-06,0.9787167186728171,1.232925421479075
2015-01-07,0.9784655195103614,1.2332418662963922
2015-01-08,0.9785290978164926,1.233161733243826
2015-01-09,0.9788627472771799,1.232741261590857
2015-01-12,0.9780380184169207,1.23377989269465
2015-01-28,0.9780380184169207,1.238605034628381
2015-01-29,0.9780380184169207,1.2382522764344353
2015-01-30,0.9781450797158521,1.2381167306840417
2015-02-02,0.9768844083506479,1.2397124636090664
2015-02-03,0.9768844083506479,1.2401707257927796
2015-02-04,0.9768844083506479,1.2403984234784797
2015-02-05,0.9762233755057682,1.2412377695583712
2015-02-06,0.9762233755057682,1.2416989370389169
2015-02-09,0.9762233755057682,1.2414877399012305
2015-02-10,0.9755060421772683,1.240575489124308
2015-02-26,0.9756727815400514,1.2422449537272198
2015-02-27,0.9753843580530706,1.2418777275136599
2015-03-02,0.9760842464458942,1.2427688385916844
2015-03-03,0.9754685725096451,1.2419849509452139
2015-03-04,0.9754685725096451,1.2423418747946768
2015-03-05,0.9754685725096451,1.2429313143905367
2015-03-06,0.9749115110388203,1.2436411159829623
2015-03-09,0.9751004011524655,1.2434001592304036
2015-03-10,0.9755580874493027,1.2428165401346751
2015-03-11,0.9756991178474266,1.242636873835246
2015-03-27,0.9756991178474266,1.2424910368959603
2015-03-30,0.9759112130365183,1.2422209471043484
2015-03-31,0.9754222713083265,1.242843312795571
2015-04-01,0.9743715673490839,1.2441820769676468
2015-04-02,0.9733752111357014,1.2454543313975854
2015-04-03,0.973901214722754,1.2447812985955058
2015-04-06,0.9732260909794304,1.2456442007022315
2015-04-07,0.9732859424228,1.2455675960940853
2015-04-08,0.9731079966586669,1.2457953230836634
2015-04-09,0.9728317793594231,1.2461489428470756
2015-04-27,0.9728317793594231,1.2455829934348257
2015-04-28,0.9728317793594231,1.2451206073846242
2015-04-29,0.9728317793594231,1.2448666280847775
2015-04-30,0.972269583854132,1.2441472247533434
2015-05-01,0.9731997809414362,1.2453375346672415
2015-05-04,0.9731997809414362,1.2461046821277546
2015-05-05,0.9724711575546959,1.2470376262482787
2015-05-06,0.9724711575546959,1.2473923072040705
2015-05-07,0.9724711575546959,1.248453649680547
2015-05-08,0.9724711575546959,1.2483867459081883
2015-05-26,0.9731395475383486,1.252035101507597
2015-05-27,0.9731395475383486,1.2529436708524333
2015-05-28,0.9729099497995498,1.2526480575106493
2015-05-29,0.9729099497995498,1.2524991521677142
2015-06-01,0.97335099466839,1.2530669419455907
2015-06-02,0.973257727813509,1.2529468726044477
2015-06-03,0.973257727813509,1.2526053570666016
2015-06-04,0.973257727813509,1.2532044880319486
2015-06-05,0.973257727813509,1.2520382842633797
2015-06-08,0.9722099383296421,1.2533862032268357
2015-06-24,0.9721524323639755,1.2563651180620312
2015-06-25,0.9721524323639755,1.256704652208728
2015-06-26,0.9721524323639755,1.2575110055598737
2015-06-29,0.9721524323639755,1.2583332331749097
2015-06-30,0.9721524323639755,1.257439546994662
2015-07-01,0.9721524323639755,1.2571282463298517
2015-07-02,0.971467076763796,1.258014506400889
2015-07-03,0.9716009696741098,1.2578411199552666
2015-07-06,0.9716009696741098,1.25840685656076
2015-07-07,0.9717736554373768,1.258183195865363
2015-07-23,0.9717425446036722,1.2621792420061881
2015-07-24,0.9715414839562425,1.2619180878795326
2015-07-27,0.9719533138338928,1.2624530064396953
2015-07-28,0.9719533138338928,1.2625220799384658
2015-07-29,0.9719533138338928,1.26247919048087
2015-07-30,0.9719533138338928,1.2631850345413096
2015-07-31,0.9723895822036674,1.263752024403785
2015-08-03,0.9723895822036674,1.2656576610696013
2015-08-04,0.9723895822036674,1.2661808325998676
2015-08-05,0.9713942576131289,1.2674768778700145
2015-08-21,0.9706664334479462,1.2686257414580528
2015-08-24,0.9711672840205716,1.2692803349488357
2015-08-25,0.9718297911208792,1.2701462076445293
2015-08-26,0.9711044499506826,1.269198213103725
2015-08-27,0.9706954153228011,1.2686636197148975
2015-08-28,0.9710583976341867,1.2691380244002248
2015-08-31,0.9710583976341867,1.269292571492388
2015-09-01,0.9710583976341867,1.2696827186149067
2015-09-02,0.9710583976341867,1.2696624163551968
2015-09-03,0.9711947451208058,1.2694841415163751
2015-09-21,0.9707025297802517,1.2732030870845505
2015-09-22,0.9706531832434027,1.2731383626595845
2015-09-23,0.9706531832434027,1.2721692073814093
2015-09-24,0.9706531832434027,1.2725983683617172
2015-09-25,0.9706531832434027,1.2735121658849775
2015-09-28,0.9706531832434027,1.2743808173805167
2015-09-29,0.9706531832434027,1.2744081575905866
2015-09-30,0.9706531832434027,1.273849253771023
2015-10-01,0.9706531832434027,1.2737887004453627
2015-10-02,0.9705774825870134,1.2738880424579264
2015-10-20,0.9705774825870134,1.2755861347097426
2015-10-21,0.9705774825870134,1.2747410614804127
2015-10-22,0.9705774825870134,1.2745447683374762
2015-10-23,0.9705774825870134,1.2752099331826037
2015-10-26,0.9712677614713514,1.2761168679773693
2015-10-27,0.9712677614713514,1.2757152657493502
2015-10-28,0.9712677614713514,1.2768567540066438
2015-10-29,0.9704903868281534,1.2758347947664264
2015-10-30,0.9711729963667713,1.2767321730531445
2015-11-02,0.9710777614653558,1.276606974491107
2015-11-18,0.9710777614653558,1.2820174476747561
2015-11-19,0.9706068894331991,1.282639093216238
2015-11-20,0.969982680709497,1.283463973525726
2015-11-23,0.9692103712891985,1.284485879727848
2015-11-24,0.968454910984759,1.2854870845462167
2015-11-25,0.9677944141578636,1.2863638007781522
2015-11-26,0.9684769752336333,1.285456560720919
2015-11-27,0.9680352497275202,1.2860428616494815
2015-11-30,0.968112371044158,1.2859404053404049
2015-12-01,0.9677574537168105,1.2864118408322365
2015-12-17,0.966898575389429,1.2876264982974217
2015-12-18,0.9666579635903507,1.2873060736570487
2015-12-21,0.9664257978279859,1.2869968966707264
2015-12-22,0.9659028422433766,1.2863004725727756
2015-12-23,0.9655410726642861,1.2858187011562365
2015-12-24,0.9661169642736918,1.2865856205780788
2015-12-25,0.9665502583185973,1.2871626416927806
2015-12-28,0.9668657165461024,1.2875827399152626
2015-12-29,0.9667920845507466,1.287484683603302
2015-12-30,0.9668832511779764,1.2876060909235416
2016-01-15,0.9668832511779764,1.2887907752223828
2016-01-18,0.9668832511779764,1.289044884012966
2016-01-19,0.9668832511779764,1.28950655735557
2016-01-20,0.9666097113504876,1.2898713701711968
2016-01-21,0.9654544844591981,1.2914129376473236
2016-01-22,0.9654229970449063,1.2914550558982034
2016-01-25,0.9654229970449063,1.2917261400533564
2016-01-26,0.9654229970449063,1.292573389475135
2016-01-27,0.9654229970449063,1.2922657290224915
2016-01-28,0.9661219241819784,1.2932012770559305
2016-02-15,0.9663253242963775,1.298075299172641
2016-02-16,0.9663253242963775,1.297689120158064
2016-02-17,0.9672777984799931,1.2989682084259921
2016-02-18,0.9669380682017948,1.2985119808236294
2016-02-19,0.9667675670962754,1.2982830129760068
2016-02-22,0.9663469765301133,1.2977181971856857
2016-02-23,0.9665767703100435,1.2980267898310378
2016-02-24,0.966649717158018,1.2981247509716456
2016-02-25,0.9667473077250603,1.298255806439092
2016-02-26,0.9664919123059064,1.2979128330651761
2016-03-15,0.9664919123059064,1.300399921785547
2016-03-16,0.9664919123059064,1.3005072698964029
2016-03-17,0.9671751987825095,1.3014266971765795
2016-03-18,0.9671751987825095,1.3015868178577044
2016-03-21,0.9671751987825095,1.3028932716442392
2016-03-22,0.9671751987825095,1.3032413614992469
2016-03-23,0.9671751987825095,1.3035398074993976
2016-03-24,0.9671344445547738,1.3035947352500723
2016-03-25,0.96638830404803,1.3046004535778852
2016-03-28,0.96638830404803,1.3052559159949415
2016-04-13,0.96638830404803,1.305931942573984
2016-04-14,0.9654297831852061,1.3072272428245582
2016-04-15,0.9654297831852061,1.3079342737041362
2016-04-18,0.9655360160531369,1.3077903527153905
2016-04-19,0.9653926540545943,1.3079845323581203
2016-04-20,0.9653941083157763,1.3079825620187726
2016-04-21,0.9653941083157763,1.3078400562352661
2016-04-22,0.9653941083157763,1.3082963530584177
2016-04-25,0.9653941083157763,1.3086768837567297
2016-04-26,0.9647237126623311,1.30958566420927
2016-05-12,0.9651165776937641,1.3148032451558673
2016-05-13,0.9651165776937641,1.3130344465000483
2016-05-16,0.9651165776937641,1.3126823295734134
2016-05-17,0.9644690498453269,1.3135630504979068
2016-05-18,0.9640130222379159,1.31418413939153
2016-05-19,0.9639908041270824,1.3142144280787065
2016-05-20,0.9639746676137828,1.3142364270837865
2016-05-23,0.9642127420067681,1.3139118479738483
2016-05-24,0.9640469024725864,1.314137833920031
2016-05-25,0.9644023994187755,1.3136532392539084
2016-06-10,0.9644540528329283,1.3165509765680554
2016-06-13,0.9644540528329283,1.316726365395739
2016-06-14,0.9644540528329283,1.3166348271343042
2016-06-15,0.9644540528329283,1.316974448126981
2016-06-16,0.9644540528329283,1.3167141761254606
2016-06-17,0.9649969235764272,1.3174553266257558
2016-06-20,0.9642222264468101,1.316397676766984
2016-06-21,0.9651478903210392,1.317661432922028
2016-06-22,0.9650175026092526,1.3174834220069431
2016-06-23,0.9650175026092526,1.3175975788356276
2016-07-11,0.9640620315801244,1.3213038733004319
2016-07-12,0.9650068150805815,1.3225987548098075
2016-07-13,0.9650068150805815,1.3234766181443327
2016-07-14,0.9650068150805815,1.3227333739085727
2016-07-15,0.9655174232308206,1.3220334840935413
2016-07-18,0.9651997962608371,1.3224683944117457
2016-07-19,0.9644543630445409,1.323489749650853
2016-07-20,0.9654192824705153,1.3221656217102786
2016-07-21,0.9658802417870097,1.3215343265079327
2016-07-22,0.96551132409538,1.3220390861790103
2016-08-09,0.96551132409538,1.3265901787848906
2016-08-10,0.9652524673825753,1.3269458419079936
2016-08-11,0.9645364926905946,1.3279301021637704
2016-08-12,0.9637519652105255,1.3290102040206244
2016-08-15,0.9637519652105255,1.3285126076216163
2016-08-16,0.9637519652105255,1.3272812100061546
2016-08-17,0.9637519652105255,1.3290423235950055
2016-08-18,0.963069920891804,1.329982882783334
2016-08-19,0.9628883119019762,1.3302336816532716
2016-08-22,0.9625198315936776,1.3307427385304462
2016-09-07,0.9625198315936776,1.3339123829097153
2016-09-08,0.9625198315936776,1.3343198051250145
2016-09-09,0.9621394080769367,1.3337924324766168
2016-09-12,0.9623791127440955,1.334124729717954
2016-09-13,0.9623791127440955,1.3343856135471515
2016-09-14,0.9623791127440955,1.3355390158077334
2016-09-15,0.9623791127440955,1.3359358240279213
2016-09-16,0.9627890250139979,1.3365048476889916
2016-09-19,0.9627890250139979,1.3368865978099924
2016-09-20,0.9627890250139979,1.3374889541757484
2016-10-06,0.9626619142701848,1.340455507187255
2016-10-07,0.9623215740973611,1.3399816016008639
2016-10-10,0.9617205457622707,1.339144701615724
2016-10-11,0.9624440716841233,1.3401521729742178
2016-10-12,0.9624440716841233,1.3392418933588421
2016-10-13,0.9624440716841233,1.3390234300736372
2016-10-14,0.9624440716841233,1.3403659385362128
2016-10-17,0.9624440716841233,1.34033214105627
2016-10-18,0.9624682641201157,1.3402984498522976
2016-10-19,0.961552526429215,1.3415736729981824
2016-11-04,0.9616251126613009,1.3437701193151697
2016-11-07,0.9621127607481165,1.3444515563109136
2016-11-08,0.9621127607481165,1.3445901797188784
2016-11-09,0.9619579187368119,1.344373781957304
2016-11-10,0.9617615163582084,1.344099301958371
2016-11-11,0.9617615163582084,1.3453358798791848
2016-11-14,0.9618533267450295,1.3454643065269922
2016-11-15,0.9618533267450295,1.3448383975037577
2016-11-16,0.9615745549207052,1.344448625962641
2016-11-17,0.9615745549207052,1.3455914973361744
2016-12-05,0.9615745549207052,1.3506642510821087
2016-12-06,0.9615745549207052,1.350124673802226
2016-12-07,0.9615745549207052,1.3498031004783646
2016-12-08,0.9611036784437779,1.3504640898163687
2016-12-09,0.9611036784437779,1.3506751292396335
2016-12-12,0.9609580779956629,1.3504705114564683
2016-12-13,0.9611709723414595,1.3507696998837657
2016-12-14,0.961277052017781,1.35091877764066
2016-12-15,0.961277052017781,1.351110201434232
2016-12-16,0.961277052017781,1.3513507616493388
2017-01-03,0.961277052017781,1.35538564263748
2017-01-04,0.9613697054321941,1.355516282505948
2017-01-05,0.9615342257018057,1.355284311493131
2017-01-06,0.961352510750892,1.3555404390604646
2017-01-09,0.9601017787678113,1.3573040146090092
2017-01-10,0.9601017787678113,1.3575063453437786
2017-01-11,0.9601017787678113,1.356327858016767
2017-01-12,0.9603033844017282,1.3566126646317131
2017-01-13,0.9608317122468158,1.3573590290175577
2017-01-16,0.9609188081269229,1.35748206864848
2017-02-01,0.960590525869813,1.357191275542976
2017-02-02,0.960151576270306,1.357811455058399
2017-02-03,0.960151576270306,1.3574056822179723
2017-02-06,0.960151576270306,1.357330657012945
2017-02-07,0.960249604883616,1.3571920775996538
2017-02-08,0.9598729154237791,1.3577244807873314
2017-02-09,0.9589986487062974,1.3589611167065128
2017-02-10,0.9588256454279532,1.3592062731816024
2017-02-13,0.9588082966259797,1.3592308663916268
2017-02-14,0.9593830339485648,1.3584161042419103
2017-03-02,0.960050475074337,1.3582351695523924
2017-03-03,0.9605438662763891,1.3589331966878124
2017-03-06,0.9606000929472802,1.3590127435906618
2017-03-07,0.961015892711052,1.359600997934896
2017-03-08,0.9614574363189967,1.3602256734834968
2017-03-09,0.9612989413819502,1.3600014421505808
2017-03-10,0.9612989413819502,1.3596029064597621
2017-03-13,0.9612989413819502,1.360484361353854
2017-03-14,0.9606517000008462,1.3614003737815252
2017-03-15,0.9599532581362221,1.3623901799886688
2017-03-31,0.95872623436747,1.3636002985487148
2017-04-03,0.957972500881358,1.362528260286023
2017-04-04,0.9583384618983659,1.3630487681579895
2017-04-05,0.9585338355939444,1.363326648975338
2017-04-06,0.9584085177636164,1.3631484089056254
2017-04-07,0.9581260952056851,1.3627467181304
2017-04-10,0.9581260952056851,1.3638422712784444
2017-04-11,0.9581260952056851,1.365749783124395
2017-04-12,0.9581260952056851,1.3666470758713631
2017-04-13,0.9581260952056851,1.3661152203597102
2017-05-01,0.9581260952056851,1.3704816431969151
2017-05-02,0.9576792892405157,1.3711207442258921
2017-05-03,0.9576792892405157,1.3721170315508835
2017-05-04,0.9581536664548257,1.3727966965101732
2017-05-05,0.9578176530632545,1.3723152726111876
2017-05-08,0.9575507569359327,1.3719328766190557
2017-05-09,0.9575125032450199,1.3718780685623182
2017-05-10,0.9580521947888798,1.3726513127657107
2017-05-11,0.9580521947888798,1.3729942236658566
2017-05-12,0.9570269757197502,1.3744634754118088
2017-05-30,0.9570269757197502,1.3762693908044779
2017-05-31,0.9570269757197502,1.3764863181202176
2017-06-01,0.9570269757197502,1.3764570770598992
2017-06-02,0.9570269757197502,1.3771988399185715
2017-06-05,0.9564371977334168,1.3780475532560164
2017-06-06,0.956701268260655,1.3776670768956134
2017-06-07,0.9568093388617408,1.377511453281393
2017-06-08,0.9565521386679527,1.3778817425316536
2017-06-09,0.9559670398057143,1.3787245581056977
2017-06-12,0.9564613354804719,1.3780116699438922
2017-06-28,0.9564613354804719,1.383687336283588
2017-06-29,0.9564613354804719,1.3843130005808686
2017-06-30,0.9564613354804719,1.3843669527341849
2017-07-03,0.9564613354804719,1.3850192668460477
2017-07-04,0.9568406749838038,1.3855685755334988
2017-07-05,0.9566475135705103,1.3852888650328246
2017-07-06,0.9567778812229941,1.385477646015145
2017-07-07,0.9564929270384227,1.3850650135111855
2017-07-10,0.9567111502777477,1.3853810151933517
2017-07-11,0.956738399704984,1.3854204741660594
2017-07-27,0.9571921049043479,1.3888724373702535
2017-07-28,0.9571921049043479,1.3898584269295637
2017-07-31,0.9571921049043479,1.3905026498051123
2017-08-01,0.9571366501373889,1.3905832083471288
2017-08-02,0.9571366501373889,1.3910244668491787
2017-08-03,0.9574144136273477,1.3906207880113926
2017-08-04,0.9574622133656471,1.3905513600721484
2017-08-07,0.956633326060702,1.3917551782000581
2017-08-08,0.9566779242828313,1.3916902946078853
2017-08-09,0.9568881137166887,1.3913845296396512
2017-08-25,0.9568862104738765,1.3944386877173842
2017-08-28,0.9570722775772819,1.3947098371651034
2017-08-29,0.9569386306971497,1.3945150779783693
2017-08-30,0.9572292383660627,1.3949385709413193
2017-08-31,0.9565585948436458,1.3939612642740387
2017-09-01,0.9569196776651662,1.3944874583504991
2017-09-04,0.9569941558021687,1.3945959928810303
2017-09-05,0.9565796588732726,1.3939919601890902
2017-09-06,0.9566856595030112,1.3941464314077285
2017-09-07,0.9566856595030112,1.3944238367261383
2017-09-25,0.9566856595030112,1.3971790344480814
2017-09-26,0.9566856595030112,1.3980300250656932
2017-09-27,0.9571987834884907,1.3972801834315516
2017-09-28,0.9574202380940373,1.3969569129289165
2017-09-29,0.9577212688379766,1.3965176836730284
2017-10-02,0.9573891912389529,1.3970019083159153
2017-10-03,0.9572221200567996,1.3972456950250494
2017-10-04,0.9567060367133738,1.397999015717046
2017-10-05,0.9566243315943542,1.398118408374336
2017-10-06,0.9566560815967183,1.3980720053493396
2017-10-24,0.9566917356096717,1.4024317205183527
2017-10-25,0.9566917356096717,1.4032975628668762
2017-10-26,0.9566917356096717,1.404095745078649
2017-10-27,0.9566917356096717,1.4035376130735617
2017-10-30,0.9566917356096717,1.4025806878913825
2017-10-31,0.9566092204207414,1.402459714534821
2017-11-01,0.9566092204207414,1.4019727231539012
2017-11-02,0.9566092204207414,1.403255903185974
2017-11-03,0.9565958129799161,1.4032755706427398
2017-11-06,0.9561233337478611,1.4039686727397618
2017-11-22,0.9559185048576906,1.4085131340241068
2017-11-23,0.9559185048576906,1.407493313349092
2017-11-24,0.9559185048576906,1.409169536624106
2017-11-27,0.9558919403067724,1.4091303764282128
2017-11-28,0.9558919403067724,1.4088620169089607
2017-11-29,0.9558919403067724,1.4082897311086222
2017-11-30,0.9558919403067724,1.4076199302923154
2017-12-01,0.9558919403067724,1.4073798173105432
2017-12-04,0.9558919403067724,1.4085963590933648
2017-12-05,0.9558919403067724,1.4094576915154833
2017-12-21,0.9558919403067724,1.4110911740995777
2017-12-22,0.9558919403067724,1.4111605881889135
2017-12-25,0.9558919403067724,1.4122635809359152
2017-12-26,0.9560756906299112,1.412535059204966
2017-12-27,0.9560756906299112,1.4134703176071404
2017-12-28,0.9566738652565746,1.414354663990822
2017-12-29,0.9565701208797268,1.414201287434206
2018-01-01,0.9565701208797268,1.4139224156311445
2018-01-02,0.9571788655028416,1.4148222113170323
2018-01-03,0.9578687301914761,1.4158419119387868
2018-01-19,0.9575677058619025,1.4162687906662794
2018-01-22,0.9575234737747925,1.416203370201349
2018-01-23,0.9578241468953689,1.4166480739588565
2018-01-24,0.958007553627356,1.4169193375247864
2018-01-25,0.9581996274817155,1.417203420001427
2018-01-26,0.9578884700090192,1.416743209600779
2018-01-29,0.9577959610324075,1.4166063862977065
2018-01-30,0.957929054767925,1.4168032355676774
2018-01-31,0.957929054767925,1.4170337938605904
2018-02-01,0.9579714795497335,1.4169710362385926
2018-02-19,0.9579266825272187,1.4192862919250853
2018-02-20,0.9580642675391877,1.4194901410557377
2018-02-21,0.9584665336621854,1.4200861478321334
2018-02-22,0.9581066746425079,1.419552972399222
2018-02-23,0.9581066746425079,1.4204411746047443
2018-02-26,0.9589349591981875,1.419213201229425
2018-02-27,0.9592369718099883,1.4187662258829803
2018-02-28,0.9592369718099883,1.4198847391934593
2018-03-01,0.9592369718099883,1.4203634017617346
2018-03-02,0.9592369718099883,1.4208406767107942
2018-03-20,0.9592369718099883,1.423626619957219
2018-03-21,0.9592369718099883,1.4234655765193216
2018-03-22,0.9592369718099883,1.4238067866850597
2018-03-23,0.9583805287993595,1.4250780151789335
2018-03-26,0.9581712110075398,1.425389263346383
2018-03-27,0.9581712110075398,1.4258145936082713
2018-03-28,0.9581712110075398,1.4264195608254442
2018-03-29,0.9579023737805895,1.4260193456292511
2018-03-30,0.9579108756408743,1.426032002260628
2018-04-02,0.9578695072865586,1.4259704176198904
2018-04-18,0.9575098743310624,1.4293158758637052
2018-04-19,0.9566453345486029,1.4306064113135337
2018-04-20,0.9566453345486029,1.4306058028732156
2018-04-23,0.9566453345486029,1.4321277487286428
2018-04-24,0.9566453345486029,1.4323611097174538
2018-04-25,0.9566453345486029,1.4338004576613368
2018-04-26,0.9566453345486029,1.4340007869402494
2018-04-27,0.9566453345486029,1.4357240052431557
2018-04-30,0.9566453345486029,1.4357518365475601
2018-05-01,0.9566453345486029,1.4351047286153398
2018-05-17,0.9566373605828455,1.4401028152890418
2018-05-18,0.955887190198049,1.4412321068342033
2018-05-21,0.9553459520533724,1.4420481547942037
2018-05-22,0.9553867475875041,1.4419865759236468
2018-05-23,0.9555730716506751,1.4417053528498054
2018-05-24,0.9552182323894887,1.4422407108223463
2018-05-25,0.9550748212104422,1.442457240861027
2018-05-28,0.9553888916835002,1.4419828976808469
2018-05-29,0.9549637964024132,1.4426245004151343
2018-05-30,0.9547350610453881,1.4429700415041253
2018-06-15,0.955543271595596,1.4446592501065838
2018-06-18,0.9562666682733169,1.4457529333892054
2018-06-19,0.9578532294004577,1.4481516109544361
2018-06-20,0.9584334545210137,1.4490288371486573
2018-06-21,0.9580616986177384,1.4484667897559194
2018-06-22,0.9576385559805699,1.4478270521918852
2018-06-25,0.9577599501344524,1.4480105846309994
2018-06-26,0.9580773982537139,1.4484905255981462
2018-06-27,0.9584901393304083,1.449114537332696
2018-06-28,0.9582911693573931,1.4488137201739608
2018-07-16,0.9584358789113749,1.4499663811033632
2018-07-17,0.9583872405079379,1.4500399635425916
2018-07-18,0.9574680806470798,1.451430652477914
2018-07-19,0.9568792657139186,1.4523232399802035
2018-07-20,0.9571320083677104,1.4519396346049087
2018-07-23,0.9567659759901255,1.4524948943934415
2018-07-24,0.9567362690364417,1.452539993403687
2018-07-25,0.9561220631831387,1.45347249548914
2018-07-26,0.9559221487191845,1.4537764003837104
2018-07-27,0.9555213504373068,1.4543859386021616
2018-08-14,0.9557131856812732,1.4631992054827947
2018-08-15,0.9557131856812732,1.4632796457963047
2018-08-16,0.9557131856812732,1.4629853454108206
2018-08-17,0.9557131856812732,1.4639173202626128
2018-08-20,0.9557131856812732,1.4654831756216737
2018-08-21,0.9557131856812732,1.4658285890742
2018-08-22,0.955849173643821,1.4660371611084244
2018-08-23,0.9557450510804875,1.4658774627466264
2018-08-24,0.9563858738669437,1.4668603270358203
2018-08-27,0.9563858738669437,1.4658292313109877
2018-09-12,0.9564171765734626,1.4704471969782502
2018-09-13,0.955636973830791,1.471646722628915
2018-09-14,0.955636973830791,1.4720364852937486
2018-09-17,0.955636973830791,1.4727864874806023
2018-09-18,0.955636973830791,1.473578631692594
2018-09-19,0.955636973830791,1.4741151199691906
2018-09-20,0.955636973830791,1.475155504148763
2018-09-21,0.955636973830791,1.476477706096269
2018-09-24,0.955636973830791,1.4755728752127606
2018-09-25,0.955636973830791,1.4758665788614687
2018-10-11,0.955636973830791,1.4807535925298474
2018-10-12,0.955636973830791,1.4813168944834418
2018-10-15,0.9544256332013368,1.4831945733390348
2018-10-16,0.953803188602234,1.4841618634237497
2018-10-17,0.9533771524249115,1.4848247954147273
2018-10-18,0.952771472124404,1.4857681042888704
2018-10-19,0.952771472124404,1.485895958994136
2018-10-22,0.9531713910951061,1.4852722648556391
2018-10-23,0.9531414253995448,1.485318958678943
2018-10-24,0.9525702486754275,1.4862090465446887
2018-11-09,0.9525702486754275,1.4912702083776916
2018-11-12,0.9525702486754275,1.4916187923816808
2018-11-13,0.9525702486754275,1.4913869951439502
2018-11-14,0.9525702486754275,1.4920403583063278
2018-11-15,0.9525702486754275,1.4925540565056032
2018-11-16,0.9526792908570528,1.4927249114643228
2018-11-19,0.9527239186707215,1.4927948374612945
2018-11-20,0.9532094087669291,1.493555537486826
2018-11-21,0.9544488580719306,1.4954975938239679
2018-11-22,0.9558903947270357,1.4977562948333374
2018-12-10,0.9558903947270357,1.5028818986160302
2018-12-11,0.9553391756119735,1.5037485431965887
2018-12-12,0.955095825347841,1.5041315878937156
2018-12-13,0.955095825347841,1.5044344366195326
2018-12-14,0.955095825347841,1.5045322404740331
2018-12-17,0.9554271522398,1.505054169245847
2018-12-18,0.9563223465992183,1.506464340601946
2018-12-19,0.9571037807536568,1.5076953091057943
2018-12-20,0.9573093769739378,1.5080191783278378
2018-12-21,0.9573780118265413,1.508127296639971
2019-01-08,0.9573780118265413,1.5125290365693356
2019-01-09,0.9573780118265413,1.5130492131474524
2019-01-10,0.9571190003967986,1.513458557246781
2019-01-11,0.9563232534614234,1.5147168438425411
2019-01-14,0.955688256295478,1.5157226134916302
2019-01-15,0.9551253848926932,1.5166153281483907
2019-01-16,0.9549139495253768,1.5169510601099285
2019-01-17,0.9552153221191391,1.5164723075733015
2019-01-18,0.9554416040323965,1.5161130689312765
2019-01-21,0.9547116808348942,1.5172713250658
2019-02-06,0.9547116808348942,1.5260282388891013
2019-02-07,0.9547472906830403,1.5260851583077535
2019-02-08,0.9547472906830403,1.5265918985740352
2019-02-11,0.9547472906830403,1.5276196375436206
2019-02-12,0.9547472906830403,1.528759503040223
2019-02-13,0.9548650558000212,1.5285709352972527
2019-02-14,0.9548442546930059,1.5286042342093997
2019-02-15,0.9550057142781687,1.528345754562776
2019-02-18,0.9533330089191556,1.53102267271715
2019-02-19,0.9530568485890417,1.531466177476509
2019-03-07,0.9530568485890417,1.535533444379972
2019-03-08,0.9527587590497747,1.5350531724448382
2019-03-11,0.9528845286454065,1.535255808227441
2019-03-12,0.9528845286454065,1.5343270484349882
2019-03-13,0.953697219846218,1.535635637307979
2019-03-14,0.953697219846218,1.5359762622527582
2019-03-15,0.9528799188594875,1.5346599588300258
2019-03-18,0.9526212120820181,1.534243298845276
2019-03-19,0.9525075072343826,1.5340601715977213
2019-03-20,0.9528003919899503,1.5345318768966003
2019-04-05,0.9523853095476036,1.5397941040804237
2019-04-08,0.9530561094425559,1.5408786375280847
2019-04-09,0.9529629923263891,1.540728087971067
2019-04-10,0.9534553400998275,1.541524104237905
2019-04-11,0.9534553400998275,1.5428141939744373
2019-04-12,0.9534553400998275,1.5429451930511349
2019-04-15,0.9537090293406685,1.5425346561563043
2019-04-16,0.9538147376794196,1.5423636828605172
2019-04-17,0.9533434858624015,1.5431257194063341
2019-04-18,0.9537815564136891,1.5424166382151043
2019-05-06,0.9534107730591403,1.5449773835689784
2019-05-07,0.9534197505679403,1.5449919313887102
2019-05-08,0.9534197505679403,1.5456308391524274
2019-05-09,0.9534197505679403,1.545866868470619
2019-05-10,0.9534197505679403,1.5458779366288853
2019-05-13,0.9534197505679403,1.5476011183879126
2019-05-14,0.9534197505679403,1.5490728406658636
2019-05-15,0.9534197505679403,1.5484978668148826
2019-05-16,0.9534197505679403,1.5488001109742284
2019-05-17,0.9534197505679403,1.550033311378459
2019-06-04,0.9534197505679403,1.5532415193994098
2019-06-05,0.9534197505679403,1.5537871038060336
2019-06-06,0.9534152031359943,1.5537796928612646
2019-06-07,0.9536223699761969,1.5541173124296146
2019-06-10,0.9539628155405131,1.5546721361859583
2019-06-11,0.9537586105331467,1.5543393435132773
2019-06-12,0.9538637827220451,1.5545107425121885
2019-06-13,0.9538637827220451,1.5548909667090238
2019-06-14,0.9540106448602452,1.555130366313218
2019-06-17,0.9549415027405459,1.5566477554159253
2019-07-03,0.9553248206292866,1.5599571380889652
2019-07-04,0.9555598066186566,1.5603408484914931
2019-07-05,0.9557958935624851,1.5607263566508984
2019-07-08,0.9553480105827484,1.5599950051396831
2019-07-09,0.955172671860457,1.5597086932115143
2019-07-10,0.9551848682876668,1.5597286088499174
2019-07-11,0.9550785179178312,1.5595549485251974
2019-07-12,0.9559395597644346,1.5609609502806185
2019-07-15,0.9551197662213015,1.5596223031924719
2019-07-16,0.9549507418530273,1.5593463020208218
2019-08-01,0.9545767340280762,1.5606675243251802
2019-08-02,0.9550263723291786,1.561402652124977
2019-08-05,0.954743419129074,1.560940043039122
2019-08-06,0.9539127158588484,1.559581900136643
2019-08-07,0.9541528081397265,1.5599744345576596
2019-08-08,0.9537103302304217,1.5592510135076103
2019-08-09,0.9544098207766112,1.5603946326008642
2019-08-12,0.9545456354409311,1.5606166802669925
2019-08-13,0.9546564738759468,1.5607978935103177
2019-08-14,0.9541838606142837,1.5600252032249275
2019-08-30,0.9541204110595046,1.5603010026038875
2019-09-02,0.9547412961397627,1.5613163541276567
2019-09-03,0.9552190766581571,1.5620976825776451
2019-09-04,0.9550092042704288,1.5617544721262226
2019-09-05,0.9557223805483908,1.5629207501437965
2019-09-06,0.9554910420375139,1.5625424355136115
2019-09-09,0.9554420048262873,1.5624622435284543
2019-09-10,0.9558609957181555,1.5631474315834273
2019-09-11,0.9558609957181555,1.5621624480683134
2019-09-12,0.9558609957181555,1.5617334583252687
2019-09-30,0.9558609957181555,1.5605184107394974
2019-10-01,0.9555498895431105,1.561026316089781
2019-10-02,0.9556387131507438,1.5608812101245952
2019-10-03,0.9548138396658675,1.5622285074928948
2019-10-04,0.9548026219220634,1.5622468615200698
2019-10-07,0.9544465712852804,1.5628294311287885
2019-10-08,0.9545070138607035,1.5627304612769328
2019-10-09,0.9553864566055292,1.5612906269474505
2019-10-10,0.9555092318743674,1.5610899878499078
2019-10-11,0.9541883859481398,1.5632479569015323
2019-10-29,0.9540691563926977,1.5630143906736507
2019-10-30,0.9541010386337794,1.562962159238137
2019-10-31,0.9545515430251771,1.5622241647408945
2019-11-01,0.9548175656672733,1.561788790660901
2019-11-04,0.9552190216489663,1.5611321317611313
2019-11-05,0.9550252821919372,1.561448763742597
2019-11-06,0.9554501925240407,1.5607540431680362
2019-11-07,0.9550902489537737,1.5613420208428563
2019-11-08,0.9548295390721481,1.5617682185701152
2019-11-11,0.9543924767077279,1.5624831002137516
2019-11-27,0.9550059836081879,1.557017466444327
2019-11-28,0.9546526444900765,1.5575935415558135
2019-11-29,0.9545293475386328,1.5577947105740637
2019-12-02,0.9541412294454612,1.5584281204468766
2019-12-03,0.9531560874910633,1.5600371830017543
2019-12-04,0.9534430687226436,1.5595674788284668
2019-12-05,0.9536145276680872,1.5592870197176503
2019-12-06,0.9538186035283961,1.5589533284505976
2019-12-09,0.9530670900690938,1.5601816274210947
2019-12-10,0.9529383810240177,1.5603923255865262
2019-12-26,0.9529383810240177,1.5603749068413393
2019-12-27,0.9520450457314638,1.561837685549443
2019-12-30,0.952337973699258,1.5613571348220339
2019-12-31,0.9525268612868654,1.5610474538151486
2020-01-01,0.9528147499948837,1.5605756477665222
2020-01-02,0.9532046199926157,1.5599370959134378
2020-01-03,0.9532046199926157,1.5587453679997698
2020-01-06,0.9532046199926157,1.5589107249463807
2020-01-07,0.9532046199926157,1.5588240419678436
2020-01-08,0.9532046199926157,1.5583185267622381
2020-01-24,0.9526380829874668,1.5587251101498518
2020-01-27,0.9526380829874668,1.5579670087057027
2020-01-28,0.9526380829874668,1.5580372082432572
2020-01-29,0.9526380829874668,1.5574034731678492
2020-01-30,0.9526380829874668,1.556816996234441
2020-01-31,0.9526380829874668,1.5577231973678527
2020-02-03,0.953193974178435,1.5586321727897339
2020-02-04,0.953193974178435,1.5599027899383495
2020-02-05,0.953193974178435,1.559710649651722
2020-02-06,0.953193974178435,1.559166555351752
2020-02-24,0.952834341532508,1.554667914359726
2020-02-25,0.9530873484180947,1.5542551021110604
2020-02-26,0.9534034973132118,1.553739539676958
2020-02-27,0.9531771075297494,1.5541084818498532
2020-02-28,0.9528597645677732,1.5546258939708186
2020-03-02,0.9529328119384868,1.5545067144879392
2020-03-03,0.9524416204462252,1.5553079886840357
2020-03-04,0.9525561483549054,1.5551209681176579
2020-03-05,0.9517332077775019,1.5564644817253808
2020-03-06,0.9517323712518064,1.5564658497794979
2020-03-24,0.9517323712518064,1.5573310636011573
2020-03-25,0.9510605836140238,1.556231809453601
2020-03-26,0.9502039122740737,1.5548300278926288
2020-03-27,0.9504694928547203,1.5552646005735875
2020-03-30,0.9504694928547203,1.554602451476961
2020-03-31,0.9504694928547203,1.5558656909848696
2020-04-01,0.9504694928547203,1.5565029456378483
2020-04-02,0.950667930414084,1.5568279099297029
2020-04-03,0.9508437237786921,1.5571157917522054
2020-04-06,0.9511693396130878,1.557649025074467
2020-04-22,0.9511693396130878,1.5547442204402573
2020-04-23,0.9514501157402306,1.555203166121886
2020-04-24,0.9513224996494362,1.5549945698485046
2020-04-27,0.9512231241587409,1.5548321345560943
2020-04-28,0.9513322369352688,1.5550104860352874
2020-04-29,0.9515235720057671,1.5553232348620587
2020-04-30,0.9515235720057671,1.5553562844422306
2020-05-01,0.9515235720057671,1.555143582512861
2020-05-04,0.9515235720057671,1.5548163875098313
2020-05-05,0.9504049246142563,1.552988486081704
2020-05-21,0.950599380554188,1.552016734448326
2020-05-22,0.9505213192667128,1.5518892859911184
2020-05-25,0.9506802879171408,1.552148829612505
2020-05-26,0.9504529238655081,1.5517776187531624
2020-05-27,0.9499464242517743,1.5509506711529568
2020-05-28,0.9501904342734605,1.5513490594170112
2020-05-29,0.9489146025294246,1.5492660449972777
2020-06-01,0.9495869716812599,1.5503638031030813
2020-06-02,0.9497337976799025,1.5506035217601801
2020-06-03,0.9493928535373998,1.5500468718974716
2020-06-19,0.9493928535373998,1.5440980463501255
2020-06-22,0.9486722569419107,1.5429260638655773
2020-06-23,0.9487041001102471,1.5429778537793466
2020-06-24,0.9477677696175537,1.5414550004324745
2020-06-25,0.9480004074909507,1.5418333640197723
2020-06-26,0.9471554642770619,1.5404591434734711
2020-06-29,0.9474568199315799,1.5409492700587557
2020-06-30,0.9470244566576272,1.5402460719209812
2020-07-01,0.9461340970698884,1.5387979859206977
2020-07-02,0.9458709529272811,1.5383700067601274
2020-07-20,0.9447511137745224,1.5310248680418985
2020-07-21,0.9445983554340996,1.5307773141469327
2020-07-22,0.9436256815509637,1.5292010387852386
2020-07-23,0.9429433684436673,1.5280953101760517
2020-07-24,0.9429433684436673,1.528109172347787
2020-07-27,0.9424933078101654,1.527379815946138
2020-07-28,0.9419305528466944,1.526467830083314
2020-07-29,0.9419305528466944,1.525468552108596
2020-07-30,0.9419305528466944,1.523873226444826
2020-07-31,0.9425619993492538,1.522851660240954
2020-08-18,0.9421976329922493,1.516897329140176
2020-08-19,0.9421976329922493,1.51538261453188
2020-08-20,0.9423174428631407,1.515189918446642
2020-08-21,0.9431873726721112,1.5137911235009565
2020-08-24,0.9439114065732653,1.5126290679810914
2020-08-25,0.9439114065732653,1.5113719856715546
2020-08-26,0.9439114065732653,1.5121921368705744
2020-08-27,0.9440434854865134,1.5119805400060071
2020-08-28,0.9440434854865134,1.5118375932955783
2020-08-31,0.944077429527968,1.5117832336408286
2020-09-16,0.944077429527968,1.5078508541322149
2020-09-17,0.9439395126088219,1.5076305775554963
2020-09-18,0.942609856035373,1.5055068917885566
2020-09-21,0.9423429985000835,1.505080675304683
2020-09-22,0.9423429985000835,1.5042123034824424
2020-09-23,0.9418858044411191,1.5034825087795922
2020-09-24,0.9413884614487075,1.5026886264570969
2020-09-25,0.9413880322458038,1.5026879413431953
2020-09-28,0.9410514698231507,1.5021507045431655
2020-09-29,0.9400385599048827,1.5005338499967813
2020-10-15,0.9391746624181693,1.499350935352272
2020-10-16,0.9386056390691141,1.4984425146667668
2020-10-19,0.9382079525360042,1.4978076256527681
2020-10-20,0.9369382659545262,1.4957806270126626
2020-10-21,0.9364207674986567,1.494954463547122
2020-10-22,0.9355530515872651,1.4935691933567878
2020-10-23,0.9355530515872651,1.4939993222808488
2020-10-26,0.9355530515872651,1.4930741528204896
2020-10-27,0.9355530515872651,1.493820716087717
2020-10-28,0.9362360991271377,1.4927300771726888
2020-11-13,0.9364054478978406,1.485892237439554
2020-11-16,0.9364054478978406,1.4866068782295252
2020-11-17,0.9365497946440605,1.4863777180230546
2020-11-18,0.9370914055246158,1.485518139227245
2020-11-19,0.9370657730782931,1.4855587728983477
2020-11-20,0.9370462880663737,1.4855896630783418
2020-11-23,0.9380911323284614,1.4839331709124242
2020-11-24,0.9379416198482046,1.4841696794149273
2020-11-25,0.9382593099322756,1.4836669764958423
2020-11-26,0.9392211113748806,1.482146082406934
2020-12-14,0.9392211113748806,1.4759918082071017
2020-12-15,0.9392211113748806,1.4765710244357613
2020-12-16,0.9392211113748806,1.4761372299423878
2020-12-17,0.9388614942973009,1.475572033791759
2020-12-18,0.9388183243276925,1.47550418523237
2020-12-21,0.9388183243276925,1.4754511594498678
2020-12-22,0.9388183243276925,1.4759644715099203
2020-12-23,0.9392041967609034,1.4753578216531846
2020-12-24,0.9392041967609034,1.4746155882488226
2020-12-25,0.9392041967609034,1.4739895319985088
2021-01-12,0.938685462961981,1.4671078919069043
2021-01-13,0.9381767866575339,1.4663128619952601
2021-01-14,0.938265243741987,1.4664511150009973
2021-01-15,0.9374491854205756,1.465175665821438
2021-01-18,0.9376294231047672,1.4654573662837656
2021-01-19,0.9370584693358284,1.4645650005090993
2021-01-20,0.9367428328409642,1.4640716799977451
2021-01-21,0.9367428328409642,1.463722028757796
2021-01-22,0.9367428328409642,1.4630152785394188
2021-01-25,0.9367428328409642,1.462587158160081
2021-02-10,0.9370588628797977,1.4546522222254898
2021-02-11,0.9360379188263652,1.4562370944196754
2021-02-12,0.9365579953091091,1.4554279875973188
2021-02-15,0.9364014431067056,1.4556712725386032
2021-02-16,0.9374122128364557,1.4540999929665988
2021-02-17,0.9378327327779933,1.4534476886380878
2021-02-18,0.9372252862493929,1.4543891057182428
2021-02-19,0.9371792651123927,1.4544605214613602
2021-02-22,0.9369169854810319,1.454867567779603
2021-02-23,0.9369169854810319,1.454191956920228
2021-03-11,0.9369261783153925,1.4471044294727142
2021-03-12,0.9371091939381868,1.4468217575562519
2021-03-15,0.9370917174967701,1.446848739786124
2021-03-16,0.9370652459079243,1.4468896113296952
2021-03-17,0.9374397502188169,1.4463113523459212
2021-03-18,0.9383034453088048,1.4449788165607431
2021-03-19,0.9383034453088048,1.4450275685532088
2021-03-22,0.9387150719437,1.444393645872494
2021-03-23,0.9388056458531109,1.4442542804961993
2021-03-24,0.9388056458531109,1.4436157819912308
2021-04-09,0.9389714855218357,1.4391557536019959
2021-04-12,0.9389238724680299,1.439082777370675
2021-04-13,0.9384269667030517,1.4383211729964283
2021-04-14,0.9375372827215145,1.4369575598935178
2021-04-15,0.9374001611646386,1.4367473945364613
2021-04-16,0.9377452489960525,1.4372763085085414
2021-04-19,0.937232172349061,1.4364899191240477
2021-04-20,0.93715535700707,1.4363721847273212
2021-04-21,0.9375549235442657,1.436984597872788
2021-04-22,0.9369545464592108,1.4360644036500558
2021-05-10,0.9367969285914028,1.429315689714551
2021-05-11,0.9362470934220284,1.4301545994188403
2021-05-12,0.9369106008736788,1.429141065448595
2021-05-13,0.9369106008736788,1.4287749917888442
2021-05-14,0.9369106008736788,1.4285896694124751
2021-05-17,0.9369106008736788,1.4280477041407402
2021-05-18,0.9369106008736788,1.427248814884167
2021-05-19,0.9364318880115574,1.4265195645538842
2021-05-20,0.9366274385948019,1.4268174577978343
2021-05-21,0.9361162118074852,1.4260386771696139
2021-06-08,0.9361162118074852,1.4204160919824205
2021-06-09,0.9361162118074852,1.4200259832565159
2021-06-10,0.9361162118074852,1.4193015205780726
2021-06-11,0.9361162118074852,1.419573674974279
2021-06-14,0.9361162118074852,1.4182134894501757
2021-06-15,0.9363954639908315,1.41779042315949
2021-06-16,0.9368348405587438,1.4171251658893491
2021-06-17,0.9368348405587438,1.4171798772428508
2021-06-18,0.937807382967451,1.4157086813909083
2021-06-21,0.937807382967451,1.4150852613732554
2021-07-07,0.937807382967451,1.4099520278126725
2021-07-08,0.937807382967451,1.4093021427704124
2021-07-09,0.938058650783536,1.4096797387224695
2021-07-12,0.937293126219594,1.4085293368084935
2021-07-13,0.9364139375125965,1.4072081246372365
2021-07-14,0.9370438831812827,1.408154783617356
2021-07-15,0.9364171764068807,1.407212991927405
2021-07-16,0.9364496030533778,1.4072617214887426
2021-07-19,0.9359931484181868,1.4065757783972983
2021-07-20,0.9351101816068857,1.4052488886310603
2021-08-05,0.9351101816068857,1.4037512650296005
2021-08-06,0.936326675527166,1.4019251113708309
2021-08-09,0.936326675527166,1.401038552952003
2021-08-10,0.936326675527166,1.4002221793034748
2021-08-11,0.9373142391369387,1.3987453352638684
2021-08-12,0.9387403412843146,1.396617176271972
2021-08-13,0.9387403412843146,1.3958393043610633
2021-08-16,0.9387403412843146,1.3955689024364146
2021-08-17,0.9392162092343503,1.3948614581267056
2021-08-18,0.9392822018727253,1.3947634502485575
2021-09-03,0.9392822018727253,1.3902783241578387
2021-09-06,0.9389434488466804,1.3907797293674917
2021-09-07,0.9389434488466804,1.3906507274413815
2021-09-08,0.9389434488466804,1.390568874418055
2021-09-09,0.9389434488466804,1.3906836533473208
2021-09-10,0.9389434488466804,1.3905958362387516
2021-09-13,0.9389434488466804,1.3899865837499106
2021-09-14,0.939283373557726,1.389483368366259
2021-09-15,0.9401218609660489,1.3882429926274273
2021-09-16,0.9401218609660489,1.3869969861665852
2021-10-04,0.9400121617439802,1.3830560100177813
2021-10-05,0.9402547731546741,1.3826990516896713
2021-10-06,0.9401319748725282,1.3828796336692795
2021-10-07,0.9401319748725282,1.382358364297725
2021-10-08,0.9401319748725282,1.3834230295546115
2021-10-11,0.9401319748725282,1.3833148401252082
2021-10-12,0.9401319748725282,1.382288830104268
2021-10-13,0.9401319748725282,1.3812940014035509
2021-10-14,0.9401319748725282,1.3807708395495055
2021-10-15,0.9401319748725282,1.3807153181951084
2021-11-02,0.9401319748725282,1.3752611978802478
2021-11-03,0.9406640566441418,1.376039547552589
2021-11-04,0.9406640566441418,1.376070229874762
2021-11-05,0.9406640566441418,1.3754733751800394
2021-11-08,0.9404428838801114,1.3751499682781918
2021-11-09,0.9391498045288234,1.3732591803745515
2021-11-10,0.9385311948794423,1.372354626728281
2021-11-11,0.9385311948794423,1.3712174465936338
2021-11-12,0.9382934965999611,1.3708701634882579
2021-11-15,0.9378773451460957,1.3702621558513473
2021-12-01,0.9381887984343837,1.367329758176058
2021-12-02,0.9386708261077871,1.366627244158401
2021-12-03,0.9388615657845191,1.3663495429328876
2021-12-06,0.9388615657845191,1.3656043629231924
2021-12-07,0.9388615657845191,1.364721932500194
2021-12-08,0.9394786539196933,1.3656189270551413
2021-12-09,0.939244847125782,1.3652790673023867
2021-12-10,0.9392210377110622,1.3652444581207435
2021-12-13,0.9391394441898971,1.3651258544075422
2021-12-14,0.9391365617207871,1.3651216644726705
2021-12-30,0.9391365617207871,1.3577475435199085
2021-12-31,0.9391365617207871,1.3572659896532397
2022-01-03,0.9391365617207871,1.3558874318322103
2022-01-04,0.9391365617207871,1.3552494605469438
2022-01-05,0.9391365617207871,1.3546469508993013
2022-01-06,0.9391365617207871,1.3540951116175421
2022-01-07,0.9391365617207871,1.3543103884222176
2022-01-10,0.9389246984546716,1.354004864567732
2022-01-11,0.9386732383961947,1.3536422389567724
2022-01-12,0.9388512751682746,1.3538989822886551
2022-01-28,0.9380757462929955,1.349505867549696
2022-01-31,0.9373943170230775,1.3485255705942438
2022-02-01,0.9373943170230775,1.3476996628267754
2022-02-02,0.9378597980365686,1.3483688887795489
2022-02-03,0.9379808732276513,1.3485429595961045
2022-02-04,0.9369978363143973,1.3471296391902947
2022-02-07,0.9365138523284162,1.3464338113589593
2022-02-08,0.9360036819542981,1.3457003351380166
2022-02-09,0.9354481912325155,1.344901701473555
2022-02-10,0.9342199581347247,1.3431358604590475
2022-02-28,0.9354589982517189,1.3362945124385561
2022-03-01,0.9358648955698422,1.3357146918800546
2022-03-02,0.9358648955698422,1.3357109629783697
2022-03-03,0.9357317928424185,1.3355209924248594
2022-03-04,0.9356231816144509,1.3353659773061328
2022-03-07,0.9361516170858285,1.3361201855852198
2022-03-08,0.9361656377263837,1.3361401965113548
2022-03-09,0.9356905271850654,1.335462096112815
2022-03-10,0.9360550476919886,1.3359823571458258
2022-03-11,0.9360550476919886,1.3347331424052966
2022-03-29,0.9361239529855745,1.3298423515647804
2022-03-30,0.9361239529855745,1.3292363558012492
2022-03-31,0.9361239529855745,1.328813868316012
2022-04-01,0.9361239529855745,1.3291527003273766
2022-04-04,0.9363379810271746,1.3288488132742453
2022-04-05,0.9353884262070026,1.3301964193967057
2022-04-06,0.9353884262070026,1.3287316455882796
2022-04-07,0.9353884262070026,1.3289549524696502
2022-04-08,0.9353884262070026,1.329135565269954
2022-04-11,0.9352400426667238,1.3289247204111128
2022-04-27,0.9352400426667238,1.3190275874443116
2022-04-28,0.9352400426667238,1.3187736555313119
2022-04-29,0.9349761165889052,1.3191458153432916
2022-05-02,0.9349761165889052,1.3185937908675258
2022-05-03,0.9346730350680106,1.3190212257554204
2022-05-04,0.9350815474672179,1.3184447284078753
2022-05-05,0.9354542750688017,1.3179191905627845
2022-05-06,0.9344459091855563,1.3193398316182121
2022-05-09,0.9348235001677293,1.3188067126672447
2022-05-10,0.9353876228578933,1.3180108738908096
2022-05-26,0.9355035370160505,1.3195341730965442
2022-05-27,0.9355035370160505,1.3195671571696617
2022-05-30,0.9355035370160505,1.3200593429754088
2022-05-31,0.9355035370160505,1.321326201169823
2022-06-01,0.9355035370160505,1.3210691469869589
2022-06-02,0.9355035370160505,1.3214420342770143
2022-06-03,0.9354130377413187,1.3215698686902155
2022-06-06,0.9362632371511965,1.320368690304691
2022-06-07,0.9364721923645842,1.3200740104427833
2022-06-08,0.9364849312635629,1.3200560533805228
2022-06-24,0.9360735885475329,1.3219381542410547
2022-06-27,0.9357400383622578,1.322409199169214
2022-06-28,0.9349908444347778,1.3234679771428437
2022-06-29,0.9351848871948135,1.3231933120157655
2022-06-30,0.9359367937982875,1.3221294391895464
2022-07-01,0.9353104156134047,1.3230142778279965
2022-07-04,0.9350690653049638,1.3233556724053424
2022-07-05,0.9348392452685957,1.3236809250097163
2022-07-06,0.9341881817732522,1.3246027950896453
2022-07-07,0.933318753437712,1.3258355736944876
2022-07-25,0.9334963971563962,1.3272554460609243
2022-07-26,0.9336055181517152,1.3274105954924142
2022-07-27,0.9336055181517152,1.3272632881524287
2022-07-28,0.9336055181517152,1.3272984749945012
2022-07-29,0.9343652154265708,1.3283785297015143
2022-08-01,0.9345401187164812,1.3286271881182181
2022-08-02,0.9353179366122446,1.3297330047471878
2022-08-03,0.9355188712861944,1.3300186717458524
2022-08-04,0.9360680793825197,1.330799475901927
2022-08-05,0.9352497689183853,1.3296360913567415
2022-08-23,0.9350903139285656,1.3322541506801777
2022-08-24,0.935627433964079,1.3314888979702872
2022-08-25,0.9351447819263194,1.3321757587938705
2022-08-26,0.9350588113346123,1.3322982296031556
2022-08-29,0.9351844811084631,1.3321191717565404
2022-08-30,0.935252999828641,1.3320215705852028
2022-08-31,0.935252999828641,1.33166046820006
2022-09-01,0.9351176294215681,1.331467720975837
2022-09-02,0.9349185259527022,1.331184227398571
2022-09-05,0.9349130479639415,1.331192027235705
2022-09-21,0.9347368112431083,1.3342354399140959
2022-09-22,0.9350777771458088,1.3347221317675817
2022-09-23,0.9352966794348154,1.3350345910484809
2022-09-26,0.9356260714725639,1.3355047624647591
2022-09-27,0.9353902416721698,1.335168140996888
2022-09-28,0.9353902416721698,1.3348672904828063
2022-09-29,0.9353902416721698,1.3340756123875859
2022-09-30,0.9353902416721698,1.3346838087994755
2022-10-03,0.9352372079546342,1.3349021685983014
2022-10-04,0.9345938381714638,1.3358204765007886
2022-10-20,0.9348139695004584,1.3368703099272585
2022-10-21,0.9348139695004584,1.3374099531241332
2022-10-24,0.9348139695004584,1.3380649612248792
2022-10-25,0.9344590480940301,1.3385729851883894
2022-10-26,0.9344590480940301,1.3394844727601962
2022-10-27,0.9344590480940301,1.3393679111361598
2022-10-28,0.9344590480940301,1.3394904776306822
2022-10-31,0.9341226947582638,1.3399726197762338
2022-11-01,0.9341226947582638,1.3404684547731511
2022-11-02,0.9341226947582638,1.3403318167388842
2022-11-18,0.9339347085219333,1.3437901616668464
2022-11-21,0.9338606720899199,1.3438966888448565
2022-11-22,0.9332220343476895,1.3448157372348415
2022-11-23,0.9338721940210742,1.3438788273374083
2022-11-24,0.9333307661239774,1.344657963382037
2022-11-25,0.9334867462902221,1.3444332413646307
2022-11-28,0.9334867462902221,1.3445187375452157
2022-11-29,0.9334867462902221,1.344796257203982
2022-11-30,0.9334867462902221,1.3456171676520805
2022-12-01,0.9334867462902221,1.3458041722269938
2022-12-19,0.9336935821172287,1.3466928296757081
2022-12-20,0.9344435178917343,1.347774483389075
2022-12-21,0.9344844520305539,1.3478335238626233
2022-12-22,0.9344844520305539,1.3482576359130785
2022-12-23,0.9344844520305539,1.3491870600163363
2022-12-26,0.9343807813693766,1.3490373827111015
2022-12-27,0.9343807813693766,1.3486603045507268
2022-12-28,0.9343807813693766,1.348442539384422
2022-12-29,0.9343807813693766,1.348809867053174
2022-12-30,0.9344514675416271,1.3487078292025496
2023-01-17,0.9344731617598568,1.3512274009400724
2023-01-18,0.9345458030704042,1.3511223632212073
2023-01-19,0.934785499177964,1.3507758218636436
2023-01-20,0.9347914766674771,1.3507671843223932
2023-01-23,0.9339395929136213,1.3519981504236973
2023-01-24,0.9336950844673719,1.352352107970417
2023-01-25,0.9334116366223196,1.3527626502310897
2023-01-26,0.9341385960181948,1.3517090919933406
2023-01-27,0.9332186475406613,1.3530402678237237
2023-01-30,0.9332186475406613,1.3525943769292765
2023-02-15,0.9333892990801163,1.3540024021123418
2023-02-16,0.9330555163877948,1.3544865972575317
2023-02-17,0.9326238087838505,1.3551132932613672
2023-02-20,0.9324476756071063,1.3553692168255551
2023-02-21,0.9324476756071063,1.3564398724588274
2023-02-22,0.9324476756071063,1.356774895255332
2023-02-23,0.9324476756071063,1.3573671769368416
2023-02-24,0.9324476756071063,1.3578674686300227
2023-02-27,0.9325088951695624,1.3579566189968235
2023-02-28,0.9330175801738426,1.358697386374084
2023-03-16,0.933188662726144,1.35887619592073
2023-03-17,0.9340921786740407,1.3575605280785543
2023-03-20,0.9330179104151386,1.359121813161707
2023-03-21,0.9330179104151386,1.35888461764566
2023-03-22,0.932565053955315,1.3595441759139273
2023-03-23,0.9326122360475013,1.3596129605401228
2023-03-24,0.9340080163770329,1.3616478051976848
2023-03-27,0.9348671058498129,1.362900232665724
2023-03-28,0.935177634275398,1.3633529379334899
2023-03-29,0.9352689469843458,1.3634860585786506
2023-04-14,0.9349305651805325,1.362878734862598
2023-04-17,0.9342304099948636,1.3638993738802854
2023-04-18,0.9339238593236319,1.364346912586029
2023-04-19,0.9344512454400885,1.3635764668879724
2023-04-20,0.9341151649025791,1.364066884675057
2023-04-21,0.9340163781557461,1.3642111406887294
2023-04-24,0.9337523490876398,1.3645967778195125
2023-04-25,0.9337680572830772,1.364573821676055
2023-04-26,0.9337680572830772,1.3644790083343517
2023-04-27,0.9337680572830772,1.3645016742809855
2023-05-15,0.9332213263306056,1.3700719570204054
2023-05-16,0.9329464786386911,1.3704754637818983
2023-05-17,0.9323937145305764,1.3712874606807302
2023-05-18,0.9318761119730665,1.372048707657912
2023-05-19,0.9309335426164944,1.3734365005747455
2023-05-22,0.9309804224275111,1.3733673372664719
2023-05-23,0.9311428454216384,1.3731277334793444
2023-05-24,0.931259297763864,1.3729560047896758
2023-05-25,0.9310931009878431,1.3732010287718925
2023-05-26,0.9305963253281672,1.3739336868124388
2023-06-13,0.9305963253281672,1.3763976605311767
2023-06-14,0.9305963253281672,1.377264123746246
2023-06-15,0.93103763021829,1.3779172462401326
2023-06-16,0.93103763021829,1.37884603574347
2023-06-19,0.93103763021829,1.379246467227292
2023-06-20,0.93103763021829,1.3796567769017896
2023-06-21,0.93103763021829,1.3793426977080738
2023-06-22,0.93103763021829,1.379931273977767
2023-06-23,0.93103763021829,1.3798693289429742
2023-06-26,0.9319500987094976,1.3812216773806514
2023-07-12,0.9315963051327862,1.3828104566691952
2023-07-13,0.9315121134879921,1.3829354261287605
2023-07-14,0.9306013677586872,1.38428753150132
2023-07-17,0.9302360817345383,1.3848309015265317
2023-07-18,0.9294495328368113,1.386001827101793
2023-07-19,0.9296134029313032,1.3857574628384857
2023-07-20,0.9296134029313032,1.3857528175751082
2023-07-21,0.9296134029313032,1.3854033886994006
2023-07-24,0.9296134029313032,1.3856428782360741
2023-07-25,0.9296134029313032,1.3862016390110417
2023-08-10,0.9295032909333774,1.388691890025578
2023-08-11,0.9285905820918503,1.3873282892954393
2023-08-14,0.9285905820918503,1.3891448401668554
2023-08-15,0.9285905820918503,1.389243789194712
2023-08-16,0.9285905820918503,1.3894131625951893
2023-08-17,0.9285905820918503,1.389914162330105
2023-08-18,0.9285905820918503,1.3906493480031308
2023-08-21,0.9285905820918503,1.3914367923683864
2023-08-22,0.9285905820918503,1.3905290003680746
2023-08-23,0.9285905820918503,1.3904901856173266
2023-09-08,0.9285905820918503,1.3955664308743836
2023-09-11,0.9285905820918503,1.3949305870499211
2023-09-12,0.9285905820918503,1.3961183547497749
2023-09-13,0.9285905820918503,1.39632199638114
2023-09-14,0.9289858809754474,1.396916407456329
2023-09-15,0.9294419556315285,1.3976022070827299
2023-09-18,0.9294419556315285,1.3971056455119761
2023-09-19,0.9294419556315285,1.397164620419268
2023-09-20,0.9294419556315285,1.3979749789970362
2023-09-21,0.9297236206398519,1.3983986317401786
2023-10-09,0.9305541777632779,1.401749123685353
2023-10-10,0.9305541777632779,1.401932975954656
2023-10-11,0.9305541777632779,1.4024846537520543
2023-10-12,0.9305541777632779,1.4022936203347856
2023-10-13,0.9305541777632779,1.4033886116186995
2023-10-16,0.9308392552226747,1.40295868021921
2023-10-17,0.9309338024479809,1.4028161788692834
2023-10-18,0.9309338024479809,1.403099277337444
2023-10-19,0.9310259680503357,1.4029603657524103
2023-10-20,0.9313492934407186,1.4024731476473145
2023-11-07,0.9313492934407186,1.4039682255653596
2023-11-08,0.9313492934407186,1.4044731745229928
2023-11-09,0.9317578509594454,1.4050892785769098
2023-11-10,0.9317578509594454,1.4055091125026624
2023-11-13,0.9317578509594454,1.4063494046269573
2023-11-14,0.9317578509594454,1.407226149075206
2023-11-15,0.9317578509594454,1.407092072032358
2023-11-16,0.9317578509594454,1.407186756831468
2023-11-17,0.9317578509594454,1.4083686077330386
2023-11-20,0.9317578509594454,1.4075985231232468
2023-12-06,0.9317578509594454,1.4108454040185843
2023-12-07,0.9314082829139305,1.4113747115740813
2023-12-08,0.9316597203757695,1.4109937052187678
2023-12-11,0.9316597203757695,1.4107135442357028
2023-12-12,0.9316597203757695,1.411636592211725
2023-12-13,0.9316597203757695,1.4130744619335194
2023-12-14,0.9313762788570409,1.413504365644936
2023-12-15,0.9314456963152747,1.4133990141532855
2023-12-18,0.9309649749896715,1.4141284727254575
2023-12-19,0.9306255177721492,1.4146441055682246
2024-01-04,0.9301590234137892,1.4179064303863533
2024-01-05,0.930165348199604,1.417916071699561
2024-01-08,0.9305307837043287,1.4184731305884153
2024-01-09,0.9305307837043287,1.419044415605847
2024-01-10,0.9292766310730203,1.4209569781120448
2024-01-11,0.9292766310730203,1.4208038795381457
2024-01-12,0.9292766310730203,1.4210194073388607
2024-01-15,0.9292766310730203,1.4210148959627442
2024-01-16,0.9292766310730203,1.4220332462209766
2024-01-17,0.9296987056038382,1.4226791292606837
2024-02-02,0.9295009521904741,1.4255618654327225
2024-02-05,0.9295009521904741,1.4258425597874405
2024-02-06,0.9289060956185863,1.4267550621524654
2024-02-07,0.9289060956185863,1.4273928937335547
2024-02-08,0.9289060956185863,1.4270147938731088
2024-02-09,0.9289060956185863,1.4279139358671347
2024-02-12,0.9289060956185863,1.4294529487541385
2024-02-13,0.9291978747190965,1.4299019548459022
2024-02-14,0.9292900284186613,1.4300437661422245
2024-02-15,0.9291704415038572,1.429859739071237
2024-03-04,0.9295388246087485,1.4331997750114176
2024-03-05,0.9292701966819172,1.433613956188259
2024-03-06,0.928767968094171,1.43438875980852
2024-03-07,0.9282888032046206,1.4351287818110836
2024-03-08,0.9284767162974036,1.4348382693250978
2024-03-11,0.9282458410428751,1.4351950565711566
2024-03-12,0.9277119270288322,1.4360205606776202
2024-03-13,0.9274630566331132,1.4364057912592092
2024-03-14,0.9279260290816909,1.4356887639861828
2024-03-15,0.9275949295860539,1.4362010417009459
2024-04-02,0.9282041656625956,1.4374297956027657
2024-04-03,0.9289379319842143,1.4385661162666055
2024-04-04,0.9299760405066086,1.4401737454675514
2024-04-05,0.9294952030442531,1.4394291139297923
2024-04-08,0.9296511812463046,1.439670663928583
2024-04-09,0.9302900676815481,1.4406600522894615
2024-04-10,0.9304069010439426,1.4408409820487096
2024-04-11,0.931130368235358,1.4419613533372173
2024-04-12,0.931284221813078,1.4421996131134132
2024-04-15,0.9313125823627327,1.4422435326524559
2024-05-01,0.9312346634060581,1.446653700902571
2024-05-02,0.9315417496000192,1.446176648880726
2024-05-03,0.9318270644991237,1.4457337103384225
2024-05-06,0.9316540435255531,1.4460021531253047
2024-05-07,0.9313760586057228,1.4464336081223652
2024-05-08,0.9313760586057228,1.4468973946666712
2024-05-09,0.9313760586057228,1.4471955986442522
2024-05-10,0.9313760586057228,1.4479433932262935
2024-05-13,0.9313760586057228,1.4490510506905068
2024-05-14,0.9313760586057228,1.4499726200910066
2024-05-30,0.9319584233786588,1.4515986577539122
2024-05-31,0.9323801683096063,1.4522555587060582
2024-06-03,0.9337070822910477,1.4543223317574054
2024-06-04,0.9332716967650492,1.4536441845039543
2024-06-05,0.9333571867780975,1.4537773419335984
2024-06-06,0.9337931012854038,1.454456313117106
2024-06-07,0.9341623637138188,1.455031468437343
2024-06-10,0.9346937100181745,1.4558590821622226
2024-06-11,0.9344777878653531,1.4555227664003256
2024-06-12,0.9342571583869338,1.455179118607999
2024-06-28,0.9342571583869338,1.4593901108793235
2024-07-01,0.9344360665843477,1.459669580885753
2024-07-02,0.9344360665843477,1.4597486441621714
2024-07-03,0.9344360665843477,1.4599194858683524
2024-07-04,0.9345924940765361,1.4596750908239635
2024-07-05,0.9345924940765361,1.4591870018174777
2024-07-08,0.9345924940765361,1.4587512275034669
2024-07-09,0.9345924940765361,1.4592363370578598
2024-07-10,0.9345924940765361,1.4601385906498385
2024-07-11,0.9358600489249476,1.4621189251396416
2024-07-29,0.9361450220993108,1.4631458923873855
2024-07-30,0.9356386859023511,1.463937269480955
2024-07-31,0.9353802087409455,1.4643416930641102
2024-08-01,0.9349878118822748,1.4649559920144293
2024-08-02,0.9349878118822748,1.4649569669421574
2024-08-05,0.9347844465485304,1.4652756036759382
2024-08-06,0.9344248342749896,1.465839296293148
2024-08-07,0.933951398146591,1.466581979124164
2024-08-08,0.9341899328475908,1.4662074085688053
2024-08-09,0.9341899328475908,1.4652998203091656
2024-08-27,0.9335764905906517,1.4694210240102643
2024-08-28,0.9334989306187449,1.4692989469715962
2024-08-29,0.9334989306187449,1.4694625832236725
2024-08-30,0.9334989306187449,1.4696481845810616
2024-09-02,0.9334989306187449,1.4697991907411534
2024-09-03,0.9333280412065292,1.4695301244235153
2024-09-04,0.9338324820127578,1.4703243692420713
2024-09-05,0.9344974574634148,1.4713713767395418
2024-09-06,0.9344974574634148,1.4712010382914522
2024-09-09,0.9344974574634148,1.4712348720202613
2024-09-25,0.9349310010773177,1.4764334456364199
2024-09-26,0.9361314891807379,1.4745376471390594
2024-09-27,0.9355023785757199,1.475528584076909
2024-09-30,0.935003850022618,1.4763148922113685
2024-10-01,0.9358969643124039,1.474904718417511
2024-10-02,0.9349733472154438,1.4763602709689807
2024-10-03,0.9347643000964625,1.476690364722074
2024-10-04,0.9347643000964625,1.4768347885958986
2024-10-07,0.9347643000964625,1.4761231532586196
2024-10-08,0.9347081634647512,1.4760345056906643
2024-10-24,0.9345596514189862,1.4829504779510523
2024-10-25,0.9339634667088988,1.4838964982499478
2024-10-28,0.9343081375049677,1.4833488796272003
2024-10-29,0.9343081375049677,1.4840495625092744
2024-10-30,0.9343081375049677,1.4827062075942625
2024-10-31,0.9343081375049677,1.4820609121190336
2024-11-01,0.9339699007151728,1.4825974455228146
2024-11-04,0.9339699007151728,1.4832870136279126
2024-11-05,0.9339699007151728,1.4830375132709641
2024-11-06,0.9343507019839583,1.482432844355748
2024-11-22,0.9343507019839583,1.4853096563830503
2024-11-25,0.9338797368454198,1.4845609770417647
2024-11-26,0.9338797368454198,1.4847006241241756
2024-11-27,0.9336217736412236,1.4842905090792073
2024-11-28,0.9337931107807945,1.4845629042795956
2024-11-29,0.9339439950402448,1.484802783083405
2024-12-02,0.9339439950402448,1.4852662491041124
2024-12-03,0.9339439950402448,1.4855548746395257
2024-12-04,0.9330240534054275,1.4870181570068242
2024-12-05,0.9328082171040949,1.487362148673332
2024-12-23,0.9326756607884504,1.4913856246712196
2024-12-24,0.9326060879277754,1.4912743748888566
2024-12-25,0.9328439291007404,1.491654692421765
2024-12-26,0.9329885407065909,1.4918859321540678
2024-12-27,0.9329885407065909,1.4917752036151113
2024-12-30,0.9329885407065909,1.491595658505918
2024-12-31,0.9329885407065909,1.4926316718246724
2025-01-01,0.9331220095840997,1.4924181430779833
2025-01-02,0.9331220095840997,1.4922366274052974
2025-01-03,0.932789131313276,1.4927689620229452
2025-01-21,0.9337503927800809,1.4990247280949636
2025-01-22,0.933904234955859,1.4992717033332053
2025-01-23,0.9344920414896921,1.5002153565154313
2025-01-24,0.9343602078306137,1.5000037133220447
2025-01-27,0.9343602078306137,1.4998127658142784
2025-01-28,0.9343602078306137,1.499535696096972
2025-01-29,0.9343602078306137,1.4987706202464175
2025-01-30,0.9343602078306137,1.499315030659717
2025-01-31,0.934511627833728,1.499072055536516
2025-02-03,0.934511627833728,1.5001797047339163
2025-02-19,0.9346925163402398,1.5039961448171077
2025-02-20,0.9355407777582201,1.5053610663074763
2025-02-21,0.9354055023182607,1.505143397141809
2025-02-24,0.9356670962118088,1.5055643229548714
2025-02-25,0.9358578933604337,1.5058713310574907
2025-02-26,0.9354986865495543,1.5052933381354225
2025-02-27,0.9363822007202132,1.5067149841669594
2025-02-28,0.9367652292073373,1.507331308100145
2025-03-03,0.9367338891737103,1.5072808794415973
2025-03-04,0.9357549322918638,1.5057056583389354
2025-03-20,0.9359311574038716,1.5113436654099819
2025-03-21,0.9359311574038716,1.5090065736288834
2025-03-24,0.9363876985480108,1.5097426572416452
2025-03-25,0.936544329131014,1.5099951935286504
2025-03-26,0.9365904030298647,1.5100694787105127
2025-03-27,0.9365904030298647,1.5102602990705907
2025-03-28,0.9365904030298647,1.5107947046362682
2025-03-31,0.9365904030298647,1.511444112684091
2025-04-01,0.9373981600870922,1.5101405763199816
2025-04-02,0.9375605638835145,1.509878945165614
2025-04-18,0.9375605638835145,1.5139422872524242
2025-04-21,0.9375605638835145,1.5140314973236881
2025-04-22,0.9375605638835145,1.5149910830376374
2025-04-23,0.9375605638835145,1.5156676300321303
2025-04-24,0.9378995216925874,1.5162155918374247
2025-04-25,0.9382021705727852,1.5167048563485952
2025-04-28,0.9382021705727852,1.518218172934893
2025-04-29,0.9374732694274719,1.5170386500135036
2025-04-30,0.9377757594155942,1.5175281455737386
2025-05-01,0.9383908231523184,1.5185234544441473
2025-05-19,0.9383908231523184,1.5195384676502675
2025-05-20,0.9390373976797642,1.5205854673037342
2025-05-21,0.9388394316237548,1.5202649004034903
2025-05-22,0.9388394316237548,1.5195952930801384
2025-05-23,0.9388394316237548,1.520698183884588
2025-05-26,0.9388394316237548,1.5217923886735323
2025-05-27,0.9382296397842355,1.5227808181629614
2025-05-28,0.9387565300936884,1.521925656033682
2025-05-29,0.9386175894615773,1.522150908594806
2025-05-30,0.9386175894615773,1.519533511345028
2025-06-17,0.9386175894615773,1.525301881466954
2025-06-18,0.9386175894615773,1.5252253563112412
2025-06-19,0.9386175894615773,1.524312888306915
2025-06-20,0.939060573274942,1.5235934835742477
2025-06-23,0.939060573274942,1.5232098752436332
2025-06-24,0.9397921865761845,1.5243965937972892
2025-06-25,0.9397921865761845,1.5247621099210147
2025-06-26,0.9397921865761845,1.525477513740401
2025-06-27,0.9397556458933292,1.5254182006381762
2025-06-30,0.9397467663508571,1.5254037873002415
2025-07-16,0.9394902402156567,1.5272510134973631
2025-07-17,0.9404686892528068,1.5288415965813342
2025-07-18,0.9396961192922609,1.527585693960174
2025-07-21,0.9393491880651977,1.5270217167675801
2025-07-22,0.9398819549521049,1.527887791510198
2025-07-23,0.9406840485511131,1.529191688250758
2025-07-24,0.9406840485511131,1.5278492498579184
2025-07-25,0.9406840485511131,1.528122392891116
2025-07-28,0.9406840485511131,1.5288870413419937
2025-07-29,0.9399091852980505,1.530146421033022
2025-08-14,0.9402143895697392,1.5291028216145561
2025-08-15,0.9412825122222755,1.5308399460193114
2025-08-18,0.941250751136743,1.5307882918795277
2025-08-19,0.9409803838054096,1.5303485842407163
2025-08-20,0.9415976832230922,1.5313525193983046
2025-08-21,0.9415919167344912,1.531343141160651
2025-08-22,0.9414582476307414,1.5311257505250961
2025-08-25,0.942367649899294,1.5326047425403777
2025-08-26,0.942367649899294,1.5310861730165333
2025-08-27,0.9429329161131189,1.5320045739019554
2025-09-12,0.9429329161131189,1.5330426287893621
2025-09-15,0.9429329161131189,1.5320120262251675
2025-09-16,0.9429329161131189,1.532144854470736
2025-09-17,0.9429329161131189,1.533739235503186
2025-09-18,0.9420625996615393,1.5351548595272086
2025-09-19,0.9423291997493276,1.5347204166138972
2025-09-22,0.9427521378454872,1.5340316002943855
2025-09-23,0.9428859248467074,1.5338139041690289
2025-09-24,0.9431543314475387,1.5333772810681032
2025-09-25,0.9425414853780681,1.5343736442383555
2025-10-13,0.9425414853780681,1.5332035900884458
2025-10-14,0.9415822918356089,1.5347638810737259
2025-10-15,0.9415151371361449,1.5348733421458756
2025-10-16,0.9415151371361449,1.5346135213801417
2025-10-17,0.9411329938386496,1.535236392163956
2025-10-20,0.9415494112153007,1.5345571054795561
2025-10-21,0.9409308626629113,1.5355652289671253
2025-10-22,0.9403385206979776,1.536531909688423
2025-10-23,0.9402564897030271,1.536665949971311
2025-10-24,0.9398399854856128,1.5373466449262823
2025-11-11,0.940548584254371,1.5372656579411914
2025-11-12,0.9403521280947054,1.5369445630901641
2025-11-13,0.9406570150236889,1.5374428810009324
2025-11-14,0.940825625646021,1.5377184641272212
2025-11-17,0.940825625646021,1.5376549831706872
2025-11-18,0.9409171414514158,1.5378045536440759
2025-11-19,0.9414952493297573,1.5387493944686779
2025-11-20,0.9414952493297573,1.5391240378282742
2025-11-21,0.9414952493297573,1.5394320075228851
2025-11-24,0.9414870193717115,1.5394454642671918
2025-12-10,0.941615513652604,1.541497799097657
2025-12-11,0.9411668807501813,1.5422322460366256
2025-12-12,0.9402687639722654,1.543703934728544
2025-12-15,0.9398404821818523,1.5444070744162226
2025-12-16,0.9397942706355171,1.5444830122380475
2025-12-17,0.9392421164754265,1.5453904371362859
2025-12-18,0.9394114867368014,1.5451117622582402
2025-12-19,0.9393249707865057,1.54525406072309
2025-12-22,0.9382807539559752,1.54697186909382
2025-12-23,0.9380857461646134,1.54729338433989
2026-01-08,0.9376203865752067,1.5516062692880066
2026-01-09,0.9376203865752067,1.5518628997985382
2026-01-12,0.9376203865752067,1.553047355950408
2026-01-13,0.9376203865752067,1.5524883494272117
2026-01-14,0.9378992426097889,1.5529500722641454
2026-01-15,0.938044202733954,1.5531900936065992
2026-01-16,0.937725146708873,1.5526618086323762
2026-01-19,0.937769065230263,1.5527345278199691
2026-01-20,0.9378247346649258,1.5528267038754073
2026-01-21,0.9378247346649258,1.552602251797359
2026-02-06,0.9378247346649258,1.5535127866094307
2026-02-09,0.936814616234069,1.555186054375061
2026-02-10,0.9361073316359065,1.5563602025197159
2026-02-11,0.9359498371725152,1.5566220508213537
2026-02-12,0.9352300991603234,1.557819080850203
2026-02-13,0.9349078603608361,1.5583558361908216
2026-02-16,0.9346849336507498,1.5587274226908772
2026-02-17,0.9343057982869825,1.5593596878180231
2026-02-18,0.9336753623553213,1.5604118876217565
2026-02-19,0.9336753623553213,1.5601094394042117
2026-03-09,0.9334053669454342,1.5596836527610263
2026-03-10,0.9327339387768742,1.5608055828201315
2026-03-11,0.9322587218096672,1.561600794900052
2026-03-12,0.9329638789389899,1.5604196057001887
2026-03-13,0.9331496858430144,1.5601088361811761
2026-03-16,0.9328894023382316,1.5605439974440307
2026-03-17,0.9330623802883082,1.5602546387043927
2026-03-18,0.9328255592093947,1.5606506477973792
2026-03-19,0.9331430510735046,1.5601194725111729
2026-03-20,0.9327102085938022,1.5608431407422518
