date,strategy,buy_and_hold
2006-05-22,0.9995534502328254,1.0009922752698481
2006-05-23,0.9998345366187885,1.0007107842690746
2006-05-24,0.9998555096789916,1.0006897928282354
2006-05-25,1.0004285441475718,1.0001162802175672
2006-05-26,1.000205869065108,1.0003388857964197
2006-05-29,0.9998354136546888,1.0007093904734643
2006-05-30,0.9995121943298142,1.001032892331037
2006-05-31,0.999460503704638,1.0010846616004065
2006-06-01,0.999313809985598,1.001231593701815
2006-06-02,0.999202061786593,1.001343556356854
2006-06-05,0.9992292642464637,1.0013162955965431
2006-06-06,0.9993115304394012,1.0012338575790505
2006-06-07,0.9994294407695173,1.0011157204305492
2006-06-08,0.9994778317332745,1.0010672478195095
2006-06-09,0.9988944134766616,1.0016515938549413
2006-06-12,0.9984384213199313,1.0021088446558388
2006-06-13,0.9982292789461648,1.0023187558712614
2006-06-14,0.9976244287529463,1.002926083973073
2006-06-15,0.9976206117674976,1.0029299212430498
2006-06-16,0.9968664042602075,1.003688142621964
2006-06-19,0.9968265862468098,1.0037282331172792
2006-06-20,0.9968265862468098,1.0038153640938567
2006-06-21,0.9968265862468098,1.0043510090825503
2006-06-22,0.9972887933280655,1.0048167050770884
2006-06-23,0.9979126053801476,1.0054452258976911
2006-06-26,0.997840005412776,1.0053720779183986
2006-06-27,0.9978544592870311,1.005386640895945
2006-06-28,0.9973097411571519,1.0048378110282852
2006-06-29,0.9979445062399181,1.0054773675571766
2006-06-30,0.9980620706851218,1.0055958194231296
2006-07-03,0.9985201577052543,1.00605736425677
2006-07-04,0.998300747657959,1.005836298019729
2006-07-05,0.9988404446781297,1.0063800688764517
2006-07-06,0.9990497883065471,1.0065909927094903
2006-07-07,0.9992349727684551,1.0067775750135237
2006-07-10,0.9991012201692837,1.0066428127993146
2006-07-11,0.9997331827723649,1.0072795456943477
2006-07-12,1.0003086037598445,1.0078593101763509
2006-07-13,1.0003290139418026,1.0078798744220563
2006-07-14,1.0012512816464372,1.0088091037509825
2006-07-17,1.001642330938842,1.009203104830856
2006-07-19,1.0013418432289438,1.0097346097604136
2006-07-20,1.0024801181421608,1.0108824251474056
2006-07-21,1.0030273409510195,1.0114342345150968
2006-07-24,1.0030698990615587,1.011477149327284
2006-07-25,1.0028796177398593,1.0112852731589106
2006-07-26,1.0030410213338574,1.011448029560335
2006-07-27,1.0030410213338574,1.0118172816567619
2006-07-28,1.001994721193155,1.010761826753477
2006-07-31,1.001994721193155,1.011503214167103
2006-08-01,1.001994721193155,1.0125921799335118
2006-08-02,1.001994721193155,1.012526249096612
2006-08-03,1.002454651160657,1.0129910131866735
2006-08-04,1.002454651160657,1.0137481596764202
2006-08-07,1.0029245079963998,1.013273009501802
2006-08-08,1.002868662126351,1.0133294316077148
2006-08-09,1.003064950758762,1.0135277676967998
2006-08-10,1.0034761956963683,1.0139433022673912
2006-08-11,1.0032521090935755,1.013716878251551
2006-08-14,1.0032521090935755,1.0135890936121514
2006-08-15,1.0035574316359703,1.0138975620381832
2006-08-16,1.0030481513268572,1.0133830343713788
2006-08-17,1.003650825524712,1.0139919182086616
2006-08-18,1.004713101863838,1.0150651396870727
2006-08-21,1.0049499559724164,1.0153044342163902
2006-08-22,1.004859508283285,1.0152130546016203
2006-08-23,1.0049443048238318,1.015298724841329
2006-08-24,1.0052171908312542,1.015574422523313
2006-08-25,1.0050263603633116,1.0153816258381305
2006-08-28,1.0055371957041634,1.0158977245589065
2006-08-29,1.0050907633573924,1.0154466924069465
2006-08-30,1.0053414336748145,1.0156999455000906
2006-08-31,1.0048191725603348,1.015172303280497
2006-09-01,1.0047577197069868,1.0151102172491193
2006-09-04,1.0046056903320493,1.0149566214430914
2006-09-05,1.004178259705535,1.0145247867951663
2006-09-06,1.004178259705535,1.014871699177199
2006-09-07,1.004223913294525,1.014917838928766
2006-09-08,1.0041802181607618,1.0148736784879087
2006-09-11,1.0043724531989877,1.0150679606265631
2006-09-12,1.0043724531989877,1.0148991129836071
2006-09-13,1.0041631204286132,1.0151106397357545
2006-09-15,1.0041631204286132,1.0152061512225756
2006-09-18,1.0034097489715887,1.0144444947528575
2006-09-19,1.003738137289287,1.0147764944383018
2006-09-20,1.0046000023849015,1.015647837678052
2006-09-21,1.005008411789575,1.0160607384622042
2006-09-22,1.0043264967041006,1.0167501527369383
2006-09-25,1.0045183951828867,1.0165558804477415
2006-09-26,1.0038700637959468,1.0172119810099942
2006-09-27,1.0036626261162707,1.0174221756364599
2006-09-28,1.0028974857497162,1.0181978055704144
2006-09-29,1.0025950613748116,1.0185048437664954
2006-10-02,1.0014270759102524,1.019691363527994
2006-10-03,1.002090931571916,1.0203673267619742
2006-10-04,1.002090931571916,1.0202804980653866
2006-10-05,1.002090931571916,1.020101275118812
2006-10-06,1.002090931571916,1.0201999943221611
2006-10-09,1.002090931571916,1.020608252573446
2006-10-10,1.002090931571916,1.0207651552114467
2006-10-11,1.0022218147980746,1.0206318329425237
2006-10-12,1.0022218147980746,1.0210741034915602
2006-10-13,1.002748523946854,1.0205374866828358
2006-10-16,1.0031755771601474,1.0201028574586923
2006-10-17,1.0030716663753705,1.020208521602522
2006-10-18,1.002836198869903,1.0204480119237933
2006-10-19,1.0029143603260964,1.0203684777958155
2006-10-20,1.0016764959739208,1.021627885193608
2006-10-23,1.00152633050645,1.0217810416563764
2006-10-24,1.0011838292996014,1.022130469553819
2006-10-25,1.0011838292996014,1.0226856771688149
2006-10-26,1.001312581165028,1.0228171941638233
2006-10-27,1.001312581165028,1.0221322178890289
2006-10-30,1.0009858671900778,1.0217987107643678
2006-10-31,1.0008467685129314,1.0216567198995257
2006-11-01,1.0012328879050374,1.0212625721797757
2006-11-02,1.0017504926928484,1.0207346126976633
2006-11-03,1.0017504926928484,1.0206683889690185
2006-11-06,1.0010780874416687,1.0213534924847762
2006-11-07,1.0006620982921208,1.021777906899652
2006-11-08,1.00086565269966,1.0215700571201605
2006-11-09,1.0010155447429916,1.0217230499048116
2006-11-10,1.0010155447429916,1.0216448832084621
2006-11-14,1.0012066158724564,1.0215227190953284
2006-11-15,1.0010367485208729,1.0216960333304965
2006-11-16,1.0012575131322938,1.0214707126036382
2006-11-17,1.0010063904392676,1.0217269049146391
2006-11-20,1.0018706663903267,1.0208447387257897
2006-11-21,1.001050529625519,1.0216804077691863
2006-11-22,1.0012855456513723,1.02144054847935
2006-11-23,1.0008440009628534,1.0218909810765024
2006-11-24,1.000249243555416,1.022498245775101
2006-11-27,0.9996502153576404,1.0231105984315432
2006-11-28,0.9993821337538933,1.0233849715330785
2006-11-29,0.9995545551090146,1.0232084090174574
2006-11-30,0.9995040940966625,1.0232600641591423
2006-12-01,0.9992570602151474,1.0235129694818332
2006-12-04,0.9990066615274964,1.023769446333042
2006-12-05,0.9996696646233579,1.0230900091095412
2006-12-06,1.0002258343283628,1.0225208094141855
2006-12-07,0.9996241083416536,1.0231359478377882
2006-12-08,0.9993642738724406,1.0234018937905927
2006-12-11,0.9989971654380104,1.0237778322515168
2006-12-12,0.9989348548460836,1.0238416884914905
2006-12-13,0.9979439879223478,1.024857261087988
2006-12-14,0.9975955964696251,1.0252150482126614
2006-12-15,0.996858788097214,1.0259722558764865
2006-12-18,0.9967444237364456,1.0260899602721445
2006-12-19,0.9971023787132992,1.0257214666049292
2006-12-20,0.9968269896813805,1.026004759923386
2006-12-21,0.99738253151894,1.0254329570171918
2006-12-22,0.9966805347692762,1.0261546967510207
2006-12-25,0.9959148182888186,1.0269430572490845
2006-12-26,0.9959460759651227,1.0269108257237805
2006-12-27,0.9962031884908863,1.0266457193666116
2006-12-28,0.9968438190711005,1.0259855120409669
2006-12-29,0.9968438190711005,1.0265594911534894
2007-01-01,0.9972212074306054,1.026170852938667
2007-01-02,0.9971712775265649,1.0262222323235364
2007-01-03,0.9970497213361176,1.026347329854848
2007-01-04,0.9972490611557115,1.026142132574115
2007-01-05,0.9970447978979494,1.026352313905029
2007-01-08,0.9960781302616148,1.0273473961394692
2007-01-09,0.9965707300714134,1.0268393324479168
2007-01-11,0.996215933694249,1.0268853984829562
2007-01-12,0.9964340865593135,1.0266605295723161
2007-01-15,0.996545079642714,1.0265461695566163
2007-01-16,0.9965599704655081,1.0265308304441032
2007-01-17,0.9955455512256748,1.027575757649235
2007-01-18,0.9946116918950932,1.0285396625232799
2007-01-19,0.9946116918950932,1.0291814548314557
2007-01-22,0.9946116918950932,1.028649167276629
2007-01-23,0.9949994523106745,1.0290501975800537
2007-01-24,0.9952969858314115,1.0293579132552633
2007-01-25,0.9955541672008459,1.029623895852958
2007-01-26,0.9971281070923259,1.0312516989161107
2007-01-29,0.9965933583653687,1.0306986500859299
2007-01-30,0.9965933583653687,1.032010781863491
2007-01-31,0.9971942427696086,1.032633020792362
2007-02-01,0.9975723221836198,1.0330245365779982
2007-02-02,0.998260139212868,1.0337367975861367
2007-02-05,0.9974099419812861,1.0328563856284028
2007-02-06,0.9976229456682316,1.0330769591448319
2007-02-07,0.9974804424669689,1.0329293915949191
2007-02-08,0.9975249924668397,1.0329755248345327
2007-02-09,0.9977558626351402,1.0332145997800928
2007-02-12,0.9975953559866335,1.0330483889675992
2007-02-13,0.998240503231546,1.0337164637716811
2007-02-14,0.9980630573770247,1.0335327117593627
2007-02-15,0.9981553105063283,1.0336282434256163
2007-02-16,0.998766836936386,1.0342615025818374
2007-02-19,0.999237630217695,1.034749027145654
2007-02-20,0.9989283505659817,1.0344287561620078
2007-02-21,0.9986160666441367,1.0341053741410045
2007-02-22,0.9991109936596404,1.034617890115497
2007-02-23,0.9997314727663981,1.035260420113033
2007-02-26,0.9997314727663981,1.035470840304737
2007-02-27,0.9997314727663981,1.0348630249671318
2007-02-28,0.9997314727663981,1.0348457331311278
2007-03-01,0.9997314727663981,1.0346262211636812
2007-03-02,0.9999151673294102,1.0344361149033954
2007-03-05,0.9997753454399364,1.0345807639864892
2007-03-06,0.9995615259766891,1.0348020271979201
2007-03-07,0.9992791185553588,1.035094391164013
2007-03-08,0.9990445089407962,1.035337409447531
2007-03-12,0.9990445089407962,1.0357945693435942
2007-03-13,0.9986014887129435,1.0362538861628272
2007-03-14,0.9986785661555593,1.0361739025053334
2007-03-15,0.99847832017588,1.0363816667102108
2007-03-16,0.9979820134316683,1.0368968138099246
2007-03-19,0.9979820134316683,1.0380235401447078
2007-03-20,0.9976379041727392,1.0376656243643203
2007-03-21,0.9976379041727392,1.0377604244392595
2007-03-22,0.997066600480781,1.0371661443308449
2007-03-23,0.9984551734594312,1.0386105622681163
2007-03-26,0.9975858926930283,1.0377063211869324
2007-03-27,0.9977060787361693,1.0378313408144144
2007-03-28,0.997520466926123,1.0376382641580755
2007-03-29,0.9984291868383447,1.038583530529631
2007-03-30,0.9987084181649649,1.038873991847127
2007-04-02,0.9992817414669805,1.0394703727893024
2007-04-03,0.9996657457101586,1.0398698207300034
2007-04-04,0.998865857048088,1.0390377625313498
2007-04-05,0.9992876671828438,1.0394765368227497
2007-04-06,0.9990420336297017,1.0392210244977877
2007-04-09,0.9988199531955075,1.0389900125397566
2007-04-10,0.9989252263055581,1.0390995194729948
2007-04-11,0.9990073532534167,1.0391849493628489
2007-04-12,0.9990342724537389,1.0392129511865917
2007-04-13,0.998486054683768,1.0386426854586452
2007-04-16,0.9988658248606717,1.0390377290494355
2007-04-17,0.9993645933886346,1.0395565568095986
2007-04-18,0.9995828582373729,1.0397835997287974
2007-04-19,0.9995852132088983,1.0397860494114324
2007-04-20,0.9994170600708391,1.0396111335715337
2007-04-23,0.9998852832752213,1.0400981875510182
2007-04-24,1.0002919765477467,1.0405212370175103
2007-04-25,0.9996395774430522,1.0398426000401464
2007-04-26,1.0006849532418851,1.0409300182588788
2007-04-27,1.0013846751069342,1.0416578812005588
2007-04-30,1.0021730059133376,1.042477916715278
2007-05-01,1.0025205002668234,1.0428393864291445
2007-05-02,1.0025566511189972,1.0428769911788627
2007-05-03,1.002805663088703,1.043136017791917
2007-05-04,1.002805663088703,1.043480362645187
2007-05-07,1.0025544211000965,1.043218930055571
2007-05-09,1.0025544211000965,1.044074879682845
2007-05-10,1.0025544211000965,1.0440440415226506
2007-05-11,1.0025544211000965,1.0439840071034672
2007-05-14,1.0036530373622357,1.0451280226137258
2007-05-15,1.0035188050575028,1.044988243289603
2007-05-16,1.0035019649495087,1.0450057792986749
2007-05-17,1.0030162374839036,1.0455115959551942
2007-05-18,1.003536605797148,1.0449691809021442
2007-05-21,1.0033381450758398,1.045175835384092
2007-05-22,1.0031883951435443,1.045331829663143
2007-05-23,1.0031883951435443,1.0459587819533538
2007-05-24,1.0031883951435443,1.0462210277905777
2007-05-25,1.0031883951435443,1.0470340661236837
2007-05-28,1.0022843036237017,1.0479776721549647
2007-05-29,1.0022843036237017,1.0475684170041184
2007-05-30,1.001592018124143,1.0482919805900848
2007-05-31,1.0009671768238775,1.0489459555742668
2007-06-01,0.9999335003082863,1.0500291787063598
2007-06-04,0.9999335003082863,1.0506034962237787
2007-06-05,1.000438553797281,1.0511341424729086
2007-06-06,1.0008660786014254,1.0506849535480274
2007-06-07,1.0013233186819794,1.050204953992574
2007-06-08,1.0009483778568726,1.050598198316994
2007-06-11,1.0016518063099804,1.0498598778582886
2007-06-12,1.0013800729369298,1.0501446893706763
2007-06-13,1.0013757458759134,1.0501492271483592
2007-06-14,0.999906203801426,1.051690345435017
2007-06-15,1.0006653489893969,1.0508918848774795
2007-06-18,0.999941667542087,1.0516518901689411
2007-06-19,0.999011407264255,1.052630257219027
2007-06-20,0.9995951079378586,1.0520152282156277
2007-06-21,1.0006472745720876,1.0509078845391335
2007-06-22,1.0008996558010748,1.050642826680893
2007-06-25,1.0010390307842296,1.0504965249758
2007-06-26,1.0009479339977,1.0505921225047103
2007-06-27,1.0011183160938066,1.0504132899381946
2007-06-28,1.001184917331012,1.0503434092621924
2007-06-29,1.0007268288156468,1.0508239900666405
2007-07-02,1.0006486710935318,1.0509060604249467
2007-07-03,1.0006486710935318,1.051286254791094
2007-07-04,1.0013879846478524,1.0520629811288091
2007-07-06,1.0013879846478524,1.0534331939078232
2007-07-09,1.0013879846478524,1.0537374604517937
2007-07-10,1.0013879846478524,1.0541423183726233
2007-07-11,1.0013879846478524,1.054669330937347
2007-07-12,1.0013879846478524,1.0550148408974378
2007-07-13,1.0017494728538205,1.054633994084861
2007-07-16,1.0019701118665174,1.054401707061491
2007-07-17,1.0019701118665174,1.055421076604252
2007-07-18,1.0015709555748011,1.0558415262345824
2007-07-19,1.0018143036946836,1.0555849921878702
2007-07-20,1.0013378514504403,1.0560870172005525
2007-07-23,1.0014267989748402,1.0561808280213407
2007-07-24,1.001274650514976,1.0560203606896434
2007-07-25,1.001274650514976,1.0564729340830776
2007-07-26,1.001274650514976,1.056561161455097
2007-07-27,1.001274650514976,1.0573668668613392
2007-07-30,1.001274650514976,1.0576445905704297
2007-07-31,1.001274650514976,1.056947736544403
2007-08-01,1.0006968318865992,1.0575576831670226
2007-08-02,1.0010845195293225,1.0571479666253423
2007-08-03,1.0009507040176298,1.0572892761684722
2007-08-06,1.0012686745737631,1.056953408619963
2007-08-07,1.0013662724196748,1.0568503829501004
2007-08-08,1.0016631315243727,1.056537075355144
2007-08-09,1.0016927688348174,1.0565058144288775
2007-08-10,1.0016927688348174,1.0569367440472437
2007-08-13,1.001682771124521,1.0569261949570463
2007-08-14,1.001529151672079,1.0567641032968704
2007-08-15,1.0014712363619767,1.0567029939216261
2007-08-16,1.0015460427061722,1.056781925881932
2007-08-17,1.0021427660502733,1.0574115588872146
2007-08-20,1.0023960965563798,1.0576788607272822
2007-08-21,1.002987453274125,1.0583028311334488
2007-08-22,1.002987453274125,1.0580652413439944
2007-08-23,1.002987453274125,1.058853766919881
2007-08-24,1.002987453274125,1.0593572358321626
2007-08-27,1.002716381598808,1.059643542245806
2007-08-28,1.002820342241832,1.059533679451052
2007-08-29,1.0023353120473006,1.0600461399636776
2007-08-30,1.0028772772186412,1.0594729704055774
2007-08-31,1.0022048844239566,1.0601833085572596
2007-09-04,1.0022048844239566,1.0605976112823834
2007-09-05,1.0022048844239566,1.0599443252167677
2007-09-06,1.0022048844239566,1.0605509793018602
2007-09-07,1.0019052985852703,1.0608680063484668
2007-09-10,1.0021553937312475,1.0606031929581345
2007-09-11,1.0020029849086196,1.060764490582161
2007-09-12,1.002055142202978,1.0607092745732134
2007-09-13,1.0015668613501627,1.061226136377883
2007-09-14,1.0013699837756735,1.0614347411508414
2007-09-17,1.0013699837756735,1.0619875760792286
2007-09-18,1.0013699837756735,1.061603634579531
2007-09-19,1.0020365065789423,1.0608970196001082
2007-09-20,1.0020365065789423,1.0618103868752002
2007-09-21,1.0020365065789423,1.0627225475923563
2007-09-24,1.0020365065789423,1.0630802789818503
2007-09-25,1.0020365065789423,1.0622819515735469
2007-09-26,1.0016917131169114,1.0626474750543093
2007-09-27,1.0022281331112286,1.0620784123925489
2007-09-28,1.002387286911086,1.0619097543699947
2007-10-01,1.0021775667796642,1.0621319278314427
2007-10-02,1.0018558739468633,1.062472865645258
2007-10-03,1.0023192757633117,1.0619814258397224
2007-10-04,1.0013451294698352,1.063013557311937
2007-10-05,1.000809535259407,1.063582136406344
2007-10-08,1.0003882173298642,1.0640298801655934
2007-10-09,0.9994674972930004,1.0650091736173946
2007-10-10,0.9986670485350553,1.0658621130801895
2007-10-11,0.9978228001513787,1.0667631665068646
2007-10-12,0.9977771827766856,1.0668119356220502
2007-10-15,0.9970104014362978,1.0676317694487383
2007-10-16,0.9971720540940092,1.0674586664272052
2007-10-17,0.9961611574297464,1.0685408170958879
2007-10-18,0.9967057440161724,1.067956661618936
2007-10-19,0.9969358778550171,1.0677100763376395
2007-10-22,0.9960598359738909,1.0686483099437813
2007-10-23,0.9964307112737593,1.0682504068780316
2007-10-24,0.9966020707893741,1.0680666962896215
2007-10-25,0.9966020707893741,1.068317269210408
2007-10-26,0.9969338676973232,1.0679615962923776
2007-10-29,0.9972376611333202,1.0676361587349197
2007-10-30,0.9965319211268568,1.0683917193990746
2007-11-01,0.9965319211268568,1.0678900265799072
2007-11-02,0.9965385194230171,1.0678829558032341
2007-11-05,0.9965675743034648,1.0678518208184764
2007-11-06,0.9962765305646395,1.0681636828481633
2007-11-07,0.9962841194587027,1.0681555463712087
2007-11-08,0.995550403386255,1.0689421923459257
2007-11-09,0.9952888193672198,1.0692230602897674
2007-11-12,0.9952888193672198,1.0695403177385057
2007-11-13,0.9956831281652906,1.0699640431425987
2007-11-14,0.995143175564594,1.0693838084761629
2007-11-15,0.9945278848722452,1.0687226152729532
2007-11-16,0.9944025333759586,1.0685879121831983
2007-11-19,0.9949608501673263,1.069187881063405
2007-11-20,0.9949216016245336,1.0691457044628923
2007-11-21,0.9943907412814694,1.0685752403634798
2007-11-22,0.9945093306252063,1.068447803902914
2007-11-23,0.9935220016048231,1.0673870702415265
2007-11-26,0.9937034307242635,1.067581988014805
2007-11-27,0.993434759510639,1.0672933419867294
2007-11-28,0.9935786944997286,1.067447978065308
2007-11-29,0.9936962185918579,1.0673217164463624
2007-11-30,0.9935505213285787,1.0674782087930323
2007-12-03,0.9940337462487148,1.0669590282771777
2007-12-04,0.994625852088196,1.0663234837863451
2007-12-05,0.994354136437117,1.0666147860675492
2007-12-06,0.9949145323008505,1.0672159064253837
2007-12-07,0.9954359440694733,1.067775209677277
2007-12-10,0.9944465086264536,1.0667138710307003
2007-12-11,0.9944465086264536,1.0667749723027515
2007-12-12,0.9953726507786849,1.0677684749800949
2007-12-13,0.9951657188105122,1.0675464923568958
2007-12-14,0.993693411126346,1.0659671002273314
2007-12-17,0.9935350918402971,1.0661369344522242
2007-12-18,0.9935350918402971,1.0654706698157033
2007-12-19,0.99404147478763,1.0649276228891182
2007-12-20,0.9942275605122812,1.064728267194781
2007-12-21,0.9946467208152915,1.064279384221882
2007-12-24,0.9946467208152915,1.0641413698702185
2007-12-25,0.9947979366565259,1.0639795887784302
2007-12-26,0.9950324794377415,1.063728735089743
2007-12-27,0.9951147245622431,1.0638166583526127
2007-12-31,0.9952951778467176,1.063536045939709
2008-01-01,0.9950911281217013,1.063754086017215
2008-01-02,0.9950911281217013,1.0634348425006386
2008-01-03,0.9950911281217013,1.0633520251289015
2008-01-04,0.9950354033063364,1.0634115725347557
2008-01-07,0.9950354033063364,1.0630807296472178
2008-01-08,0.9950354033063364,1.0621853553318041
2008-01-09,0.9948503609281654,1.0619878253710047
2008-01-10,0.9946395924194366,1.0617628331520415
2008-01-11,0.995275100580769,1.0610844377302122
2008-01-14,0.9960437994566106,1.0602649111350224
2008-01-15,0.9965934098137571,1.0596798639947294
2008-01-16,0.9967989589791892,1.059461303135783
2008-01-17,0.9961138922916607,1.0601894355630552
2008-01-18,0.9955740399125282,1.060764014226749
2008-01-21,0.9956264765558192,1.060708144043317
2008-01-22,0.995540717775312,1.0606167794210926
2008-01-23,0.9954685919501487,1.0605399389071568
2008-01-24,0.9948287154595493,1.0598582352554937
2008-01-25,0.9946055074812107,1.0596204367175739
2008-01-28,0.9947960426381737,1.0594174467434458
2008-01-29,0.9947960426381737,1.0587566058263254
2008-01-30,0.9947151647618699,1.0588426837580134
2008-01-31,0.9940578643243866,1.059542359186634
2008-02-01,0.9940173523600819,1.0595855399146128
2008-02-04,0.9938535181532011,1.0597601810877695
2008-02-05,0.9937470110070611,1.0598737511767402
2008-02-06,0.9941930730087765,1.0593980069462883
2008-02-07,0.9950040872515863,1.0585338016970627
2008-02-08,0.9959156001427156,1.0575640898955683
2008-02-11,0.9960263815769138,1.0574464509444177
2008-02-12,0.9960263815769138,1.0565266673956724
2008-02-13,0.9960263815769138,1.0559560271067583
2008-02-14,0.9963995193353637,1.0555604381221044
2008-02-15,0.9967201925697513,1.055220725011835
2008-02-18,0.9968600951391647,1.0550726111361175
2008-02-19,0.9970872886747322,1.0548321504355906
2008-02-20,0.9975563840419935,1.0543358880916334
2008-02-21,0.9979114755350423,1.0539605852910432
2008-02-22,0.9981081958767394,1.053752815873057
2008-02-25,0.9985524892977646,1.0532837530546035
2008-02-27,0.9986996685458546,1.0522589679110383
2008-02-28,0.9991933926845213,1.0527791699987619
2008-02-29,1.0003070390316822,1.0539525401247254
2008-03-03,0.999379613312184,1.0529753774589619
2008-03-04,0.999992416360686,1.0536210445435303
2008-03-05,0.999992416360686,1.0533008716706331
2008-03-06,0.999992416360686,1.0541087062733856
2008-03-07,0.9998206147985279,1.0542898051691965
2008-03-10,1.0006596032717665,1.053405109473891
2008-03-11,1.0006596032717665,1.0526533663772497
2008-03-12,1.000791189523876,1.0525149429705298
2008-03-13,1.0002437400612423,1.0530906861884706
2008-03-14,1.0001353673195288,1.053204784703027
2008-03-17,1.000448486847997,1.0528750503527153
2008-03-18,1.0002696955942578,1.053063210815506
2008-03-19,0.9999670890581307,1.052744632924012
2008-03-20,0.9998616940172186,1.052633675208632
2008-03-21,0.9992362787469858,1.051975250970184
2008-03-24,0.9987169962957372,1.0514285611645842
2008-03-25,0.9987169962957372,1.0518002885454323
2008-03-26,0.9987169962957372,1.051138179992253
2008-03-27,0.9982535952625278,1.0506504557215528
2008-03-28,0.9982535952625278,1.0506665423688448
2008-03-31,0.9981734599179959,1.05058219954678
2008-04-01,0.998132339917967,1.0505389205558926
2008-04-02,0.9980313649907627,1.050432643976339
2008-04-03,0.9977974911151076,1.0501864906366956
2008-04-04,0.9977974911151076,1.049096180493983
2008-04-07,0.997016994281161,1.0499168041723066
2008-04-08,0.9970771733565438,1.049980176234033
2008-04-09,0.9959411643818893,1.0487838928015323
2008-04-10,0.9959411643818893,1.0484846415210527
2008-04-11,0.9959411643818893,1.0485560315382965
2008-04-14,0.9959411643818893,1.0477100188220216
2008-04-15,0.995512566450698,1.047259142442357
2008-04-16,0.995512566450698,1.0463191120754913
2008-04-17,0.995512566450698,1.0461043933827143
2008-04-18,0.9956496033005653,1.0462483944285401
2008-04-21,0.9944651716143051,1.0450037700687733
2008-04-22,0.994671076804098,1.0452201393351408
2008-04-23,0.993988008180911,1.044502357248024
2008-04-25,0.9934374855884398,1.0439045549842316
2008-04-28,0.9926180462107441,1.043043487718984
2008-04-29,0.9926181506679962,1.0430435974827112
2008-04-30,0.9931199300401033,1.043570867471753
2008-05-01,0.9931199300401033,1.0435357626392472
2008-05-02,0.9933274955614017,1.043753865244999
2008-05-05,0.9927980258225412,1.0431975169218777
2008-05-06,0.9929821596142928,1.0433909982839882
2008-05-07,0.9927641652262638,1.0436200591789335
2008-05-08,0.9929927887381703,1.0433797240707747
2008-05-09,0.9925737153970239,1.0438200622404068
2008-05-12,0.9922699381641257,1.0441395234201984
2008-05-13,0.992990415421711,1.043381384176595
2008-05-14,0.9934630878235496,1.0438780431344594
2008-05-15,0.9934630878235496,1.043962414747094
2008-05-16,0.9934630878235496,1.0435963986481571
2008-05-19,0.9923678628224369,1.0424459051060422
2008-05-20,0.991993107631858,1.0420522385752407
2008-05-21,0.9916250822869728,1.041665641499576
2008-05-22,0.9921430692793648,1.0422097677649929
2008-05-23,0.9917908031853473,1.04257981032781
2008-05-26,0.9917908031853473,1.041559270820836
2008-05-27,0.9917908031853473,1.0417752969232947
2008-05-28,0.9917908031853473,1.0419743791541665
2008-05-29,0.9917908031853473,1.0411620106613892
2008-05-30,0.9917908031853473,1.040387152456543
2008-06-02,0.9917908031853473,1.0398608312795206
2008-06-03,0.9907700096333841,1.038790561996825
2008-06-04,0.9907510214061189,1.0387706534498562
2008-06-05,0.9904497945516053,1.0384548267590539
2008-06-06,0.9902429744493965,1.0382379825185977
2008-06-09,0.9900716788520811,1.0380583845815663
2008-06-10,0.9895977087193517,1.0375614421067634
2008-06-11,0.9895977087193517,1.0374160586116943
2008-06-12,0.9894354949682296,1.037586110693322
2008-06-13,0.989603102679962,1.037410346396788
2008-06-16,0.9896231812900803,1.037389297798798
2008-06-17,0.9896231812900803,1.0378761733558335
2008-06-18,0.9892138953456171,1.0383054156552047
2008-06-19,0.9892138953456171,1.0392957199976904
2008-06-20,0.9892138953456171,1.0382766973391861
2008-06-24,0.9892018031543842,1.0385454107741148
2008-06-25,0.9893449118988957,1.0383951634440145
2008-06-26,0.9898011612858123,1.0379162938900293
2008-06-27,0.9898011612858123,1.0373385816552307
2008-06-30,0.9902659809894913,1.0368514379429388
2008-07-01,0.9898830921325262,1.0372523391851685
2008-07-02,0.9900631981465161,1.0370636144905079
2008-07-03,0.9900631981465161,1.0363705635011404
2008-07-04,0.9900631981465161,1.03627782104221
2008-07-07,0.9900631981465161,1.0354466183429833
2008-07-08,0.9900631981465161,1.0351606287818196
2008-07-09,0.9900631981465161,1.0346892195021151
2008-07-10,0.9902246375466303,1.0345205033967053
2008-07-11,0.9907114705832306,1.0340118927855397
2008-07-14,0.9907114705832306,1.0340370210005652
2008-07-15,0.9907114705832306,1.0341966370906472
2008-07-16,0.9907114705832306,1.0338800902987877
2008-07-17,0.9908649278256758,1.0340402341876869
2008-07-18,0.9912903418975839,1.0344841849767292
2008-07-21,0.9908625559647579,1.0340377589768381
2008-07-22,0.9900720916224401,1.0332128514534273
2008-07-23,0.9898297820277582,1.0329599836174643
2008-07-24,0.9898297820277582,1.0329219802548335
2008-07-25,0.9898297820277582,1.0319538573386464
2008-07-28,0.9895252883955324,1.031636405404975
2008-07-29,0.9885725831405495,1.0306431559790257
2008-07-30,0.9884668960220364,1.0305329711456321
2008-07-31,0.9892134459095239,1.031311291873172
2008-08-01,0.98858874864269,1.0306600094346323
2008-08-04,0.988510088823357,1.030578002098167
2008-08-05,0.9881031654516526,1.0301537613340517
2008-08-06,0.9876415610659517,1.0296725125021438
2008-08-07,0.9877894396466402,1.029826684335049
2008-08-08,0.9882745836291393,1.030332474535743
2008-08-11,0.9881086348451468,1.0301594634879132
2008-08-12,0.988278747249152,1.030336815346467
2008-08-13,0.9883688350825363,1.0304307370376993
2008-08-14,0.9876872041080759,1.0297200979701064
2008-08-15,0.9869483581443176,1.028949809021316
2008-08-18,0.9865582253845863,1.0285430734253693
2008-08-19,0.9868488125322916,1.0288460270578144
2008-08-21,0.9868488125322916,1.027861527661113
2008-08-22,0.9869797339983646,1.0279978901275946
2008-08-25,0.9868961612239875,1.0279108441298173
2008-08-26,0.9866050482258674,1.0276076326883383
2008-08-27,0.9866948163278458,1.0277011314870024
2008-08-28,0.9862436435265104,1.0272312082739117
2008-08-29,0.9861410695482834,1.027124371396145
2008-09-01,0.9859096682276536,1.0268833532058155
2008-09-02,0.9862493469425351,1.0272371487197365
2008-09-03,0.9864860911970285,1.0274837318923546
2008-09-04,0.9872919772787234,1.0266443537743162
2008-09-05,0.9872919772787234,1.0268135679114796
2008-09-08,0.9872919772787234,1.0257908391838007
2008-09-09,0.9872919772787234,1.0259767590803117
2008-09-10,0.9874621258563507,1.025799943619178
2008-09-11,0.9874621258563507,1.0251311907671845
2008-09-12,0.9866710155943992,1.0259524797904565
2008-09-15,0.9859549181783382,1.0266970865622858
2008-09-16,0.9854812963375239,1.0271902796638475
2008-09-17,0.9858853362981091,1.026769139332061
2008-09-18,0.9858853362981091,1.0265577026475103
2008-09-19,0.9872123257617702,1.0251759686820083
2008-09-22,0.9870102162218732,1.0253858504247064
2008-09-23,0.9865482924877494,1.0249059667789637
2008-09-24,0.9865482924877494,1.0239239521894665
2008-09-25,0.9865482924877494,1.0231458685357122
2008-09-26,0.9865482924877494,1.0221174340021493
2008-09-29,0.9868413982047626,1.0218137606131767
2008-09-30,0.9868413982047626,1.0213117399031595
2008-10-01,0.9868413982047626,1.02155652449454
2008-10-02,0.9868413982047626,1.0208265382538233
2008-10-03,0.9873607780406435,1.021363804648267
2008-10-06,0.9873607780406435,1.0218094607955135
2008-10-07,0.9873607780406435,1.0214779521115185
2008-10-08,0.9873514913247639,1.0214683445033073
2008-10-09,0.987101894011425,1.0212101226272188
2008-10-10,0.9867877323123244,1.0208851054134847
2008-10-13,0.9861970004749377,1.0202739614821872
2008-10-14,0.9857313968220359,1.0197922694032233
2008-10-15,0.9850902724590512,1.0191289916876045
2008-10-16,0.9855904870405396,1.0196464906380176
2008-10-20,0.985219657128197,1.020468720599049
2008-10-21,0.9850411374651257,1.0206536273158997
2008-10-22,0.9853273639145995,1.0203570528351211
2008-10-23,0.9852759893879052,1.02041025379408
2008-10-24,0.9864501787269121,1.019194193670497
2008-10-27,0.9870203140264325,1.0186051334225403
2008-10-28,0.9867209484262303,1.0189140787733126
2008-10-29,0.9877823633570175,1.017818033718098
2008-10-30,0.9880834727730621,1.0175077684155966
2008-10-31,0.9883521789604727,1.017231060383689
2008-11-03,0.9883521789604727,1.0172852520111964
2008-11-04,0.9885011285973785,1.0174385620075137
2008-11-05,0.9885011285973785,1.0172463135537442
2008-11-06,0.9879167710029823,1.0166449630934364
2008-11-07,0.9870039675468153,1.0157056157078623
2008-11-10,0.9870039675468153,1.0147564522068846
2008-11-11,0.9872701697785599,1.0150301394879258
2008-11-12,0.9877250420710818,1.015497801836755
2008-11-13,0.987934874496617,1.0152820693628286
2008-11-14,0.9888189729050847,1.01619064065112
2008-11-17,0.9891357093335899,1.0158651365871614
2008-11-18,0.9891357093335899,1.0157099792119997
2008-11-19,0.9893808485827368,1.015961704409367
2008-11-20,0.9889362301251864,1.0164182680537834
2008-11-21,0.9894942442177839,1.0158447470316285
2008-11-24,0.9897359912177428,1.0155965622428296
2008-11-25,0.9894840974725446,1.015855037658439
2008-11-26,0.9883870612075274,1.0169813112581443
2008-11-27,0.9883870612075274,1.016491252714031
2008-11-28,0.9883870612075274,1.0150593150563707
2008-12-01,0.9875981583310661,1.0142491231337363
2008-12-02,0.9877870430492892,1.0144431050262854
2008-12-03,0.9879278689617719,1.014587731215637
2008-12-04,0.9879278689617719,1.0141492661218208
2008-12-05,0.9879278689617719,1.0144355494169195
2008-12-08,0.9872329331430377,1.013721967361756
2008-12-09,0.9865546511545286,1.013025485985645
2008-12-10,0.9859693952663443,1.012424526748506
2008-12-11,0.9859693952663443,1.012381559556254
2008-12-12,0.9858645595169977,1.0124892036473692
2008-12-15,0.9853642010834843,1.0130030749565624
2008-12-17,0.9853131770430693,1.0128421185121639
2008-12-18,0.9853131770430693,1.0123797486261084
2008-12-19,0.9860076168618822,1.0116662325323567
2008-12-22,0.9853655125889275,1.0123250461151365
2008-12-23,0.9853655125889275,1.0111429376829404
2008-12-24,0.9854380365432063,1.0110685164826396
2008-12-25,0.9856407352405363,1.0108605457492168
2008-12-26,0.9854866456755252,1.0110185780384802
2008-12-29,0.9850615893659456,1.0114546466829242
2008-12-30,0.9850615893659456,1.0105663912819884
2008-12-31,0.9856134066973666,1.0100002865274422
2009-01-01,0.9859859896879312,1.009618484773663
2009-01-02,0.9860506502572585,1.0095522743947005
2009-01-05,0.9857308115622886,1.0092248126341286
2009-01-06,0.9858793618402284,1.0093769034733941
2009-01-07,0.9857973680883614,1.009292955474717
2009-01-08,0.9857973680883614,1.0087484178498671
2009-01-09,0.9858205521191866,1.0087721416446056
2009-01-12,0.9865341310374665,1.0080419493879336
2009-01-13,0.9864124866887125,1.0081662457529474
2009-01-14,0.9864389447512297,1.008193287305967
2009-01-15,0.986393249397255,1.0081465842136128
2009-01-16,0.9866812192450375,1.0084409047785352
2009-01-19,0.9856011810900489,1.0073370480992265
2009-01-20,0.985481075322335,1.0072142935897657
2009-01-21,0.9858323486923865,1.0075733137354925
2009-01-22,0.9858369453150398,1.0075780117293502
2009-01-23,0.9849045466016153,1.0066250504447525
2009-01-26,0.985159239509687,1.006885360199967
2009-01-27,0.9848118329742026,1.0065302921656956
2009-01-28,0.9846239745964601,1.0063382908701142
2009-01-29,0.9838852369785899,1.005583261568625
2009-01-30,0.9838051817033265,1.0055014408015484
2009-02-02,0.9835047749177622,1.0051944090219551
2009-02-03,0.9838319741455317,1.0055288241084681
2009-02-04,0.9833905084219257,1.005077622560229
2009-02-05,0.9835477299516624,1.0052383113608323
2009-02-06,0.9843721695130693,1.0060809326259623
2009-02-09,0.9843721695130693,1.0058963145311337
2009-02-10,0.9849005025132752,1.0053564290749903
2009-02-11,0.9849005025132752,1.0059854612665886
2009-02-13,0.985304528382148,1.0054498350094179
2009-02-16,0.9871915178677497,1.0035242645768145
2009-02-17,0.9873582428652257,1.003354781171163
2009-02-18,0.9873582428652257,1.003223660509787
2009-02-19,0.9876104057745715,1.0034798753120504
2009-02-20,0.9873036615657603,1.0031682021678523
2009-02-23,0.987378094387169,1.0032438310169507
2009-02-24,0.9874132049083966,1.0032795057134278
2009-02-25,0.9873718735740212,1.0032375102443412
2009-02-26,0.9873787070857014,1.0032444535606617
2009-02-27,0.9868680428905596,1.002725583731151
2009-03-02,0.9868680428905596,1.0017904488543399
2009-03-03,0.986648988982895,1.001568082638245
2009-03-04,0.9867075525874026,1.0015086334949996
2009-03-05,0.9866863024424528,1.0014870645878047
2009-03-06,0.9863672782820385,1.0018108742618166
2009-03-09,0.9863672782820385,1.0009687675382495
2009-03-10,0.9863672782820385,1.0005812349179528
2009-03-11,0.9863672782820385,1.0005820685630713
2009-03-12,0.9879204387202395,0.9990065251338813
2009-03-13,0.9880973068874088,0.9988276722160092
2009-03-16,0.9878020113889985,0.9991261745125313
2009-03-17,0.9877634932074058,0.9991651342665915
2009-03-18,0.9883768556127617,0.9985446918891236
2009-03-19,0.988275951187357,0.9986466343595526
2009-03-20,0.9876286525178191,0.9993007255948831
2009-03-23,0.9876286525178191,0.9986955576735325
2009-03-24,0.9876759727595956,0.9987434081638253
2009-03-25,0.986920099076559,0.9979790645135206
2009-03-26,0.986438325440711,0.9974918923474447
2009-03-27,0.986438325440711,0.9975618094118618
2009-03-30,0.9873193966688428,0.9966708028624525
2009-03-31,0.9870581643039152,0.99693450949251
2009-04-01,0.9876940357633394,0.9962922756055653
2009-04-02,0.987874023777298,0.9961107207297478
2009-04-03,0.9871852209059309,0.9968052667023353
2009-04-06,0.9870610907364071,0.9969306065110334
2009-04-07,0.9876185824473003,0.9963675405015618
2009-04-08,0.9873891928961889,0.9965989621322597
2009-04-09,0.9875596035664311,0.9964269619743468
2009-04-10,0.9876176920680527,0.9963683518924972
2009-04-14,0.9886258713949779,0.9949243876790473
2009-04-15,0.9882375829442263,0.9953151499080005
2009-04-16,0.9880976699126535,0.9954560649697197
2009-04-17,0.9890121448853967,0.9945347798725079
2009-04-20,0.9890869545912585,0.9944595524299165
2009-04-21,0.9890724132953261,0.9944741727123674
2009-04-22,0.9887643356208216,0.9947839329345369
2009-04-23,0.9886898614323225,0.9948588605218983
2009-04-24,0.9887825110358923,0.9947656328246894
2009-04-27,0.9887825110358923,0.9940710506754519
2009-04-28,0.9893908586765054,0.9934594492651005
2009-04-29,0.9904880786624851,0.9923577172716878
2009-04-30,0.9907766647558807,0.9920685864451309
2009-05-01,0.9907956951795508,0.9920495312067694
2009-05-04,0.9907148732964345,0.9919686070448591
2009-05-05,0.9911324158352678,0.9923866779770641
2009-05-06,0.9910729842984994,0.9923271712306413
2009-05-07,0.9911798086550592,0.9924341307717073
2009-05-08,0.9909973084429909,0.9922513996085539
2009-05-11,0.9905464030533935,0.9917999236054333
2009-05-12,0.9909641349721523,0.9922181841572212
2009-05-13,0.9903224133557015,0.9915756504523792
2009-05-14,0.9895900811532018,0.9908423914952479
2009-05-15,0.9897844316961779,0.9910369879857124
2009-05-18,0.9905659945893259,0.9918195399341396
2009-05-19,0.9906385615910005,0.9918921987681885
2009-05-20,0.9906385615910005,0.991299432402489
2009-05-21,0.9906385615910005,0.9914180744056162
2009-05-22,0.9906385615910005,0.9918449746675623
2009-05-25,0.9908585295979555,0.9920652105545397
2009-05-26,0.9904596841104368,0.9916658793475767
2009-05-27,0.990081558783979,0.9912872935349677
2009-05-28,0.990081558783979,0.9913361313152977
2009-05-29,0.990081558783979,0.9917071315168717
2009-06-01,0.9901202075666985,0.9916684192783624
2009-06-02,0.9901315873046826,0.9916570217463331
2009-06-03,0.9901315873046826,0.9902527720700838
2009-06-04,0.9901315873046826,0.9906219694043097
2009-06-05,0.9904182640542907,0.9903351506724154
2009-06-08,0.991371673288393,0.9893818214459912
2009-06-09,0.9915964644153843,0.9891574815130881
2009-06-11,0.9915964644153843,0.9894088312543685
2009-06-12,0.9915440607750851,0.9894611192831811
2009-06-15,0.9915440607750851,0.9896227335653227
2009-06-16,0.9917758519941513,0.989391391490973
2009-06-17,0.9913233055216666,0.9898428499361708
2009-06-18,0.9919801406867725,0.9891869956975532
2009-06-19,0.9919161904449719,0.989250765872949
2009-06-22,0.9918896377166969,0.9892772472501411
2009-06-23,0.9919490352629982,0.9892180061421953
2009-06-24,0.9918000822236873,0.9893665490847436
2009-06-25,0.9920116415002296,0.9891555089012319
2009-06-26,0.9918935286943166,0.9892732816447695
2009-06-29,0.9918935286943166,0.9889850043935006
2009-06-30,0.9916828604618183,0.9891950548846224
2009-07-01,0.9916828604618183,0.9889737613525841
2009-07-02,0.9925365841739306,0.9881223698600153
2009-07-03,0.9929709041996916,0.9885547582877827
2009-07-06,0.9931848239584559,0.9887677266582796
2009-07-07,0.9931848239584559,0.9885570101611558
2009-07-08,0.993237861680602,0.9886098007503451
2009-07-09,0.9927262355286607,0.9881005585560599
2009-07-10,0.9924392059978385,0.9878148664593095
2009-07-13,0.9919047934269954,0.9872829440210269
2009-07-14,0.9915470080806668,0.9869268258004156
2009-07-15,0.9914547810620759,0.9868350285200352
2009-07-16,0.9914547810620759,0.9866872553338187
2009-07-17,0.9914547810620759,0.9863239546423509
2009-07-20,0.9926153766013622,0.9851693652410843
2009-07-21,0.9928658454043946,0.9854179551758292
2009-07-22,0.9931522421861116,0.9857022035788887
2009-07-23,0.9923846033710945,0.984940323134608
2009-07-24,0.9923274596794747,0.9848836081010435
2009-07-27,0.993301166146657,0.9858500104002801
2009-07-28,0.993301166146657,0.9853898773848134
2009-07-29,0.993301166146657,0.9853899734128899
2009-07-30,0.9931618268752977,0.9852517439155536
2009-07-31,0.9928005793214332,0.9848933735344142
2009-08-03,0.9923840291369211,0.9844801409829679
2009-08-04,0.9915691448836904,0.983671746912778
2009-08-05,0.9916325309074626,0.9837346280956543
2009-08-06,0.9913886380693708,0.983492677753267
2009-08-10,0.9913415908947325,0.9834268196664946
2009-08-11,0.9908493454247022,0.9829385042346258
2009-08-12,0.9911398902502669,0.9832267293796213
2009-08-13,0.9906356790780506,0.9827265437785254
2009-08-14,0.990847908827968,0.982937079107535
2009-08-17,0.9903252614837927,0.9824186045270168
2009-08-18,0.9900575885720941,0.9821530686888351
2009-08-19,0.9891731335813251,0.9812756750974645
2009-08-20,0.9893770447114866,0.9814779582217389
2009-08-21,0.9893365608706235,0.9814377975997761
2009-08-24,0.9887854371758665,0.9808910740209857
2009-08-25,0.9887854371758665,0.9808621216185185
2009-08-26,0.9888985154144909,0.9807499494961592
2009-08-27,0.98814434866522,0.9814979018792701
2009-08-28,0.9881732625119608,0.9814691825125605
2009-08-31,0.9877990040961331,0.981840901840907
2009-09-01,0.9884063878384001,0.9812371816520853
2009-09-02,0.9884063878384001,0.9802490502065231
2009-09-03,0.9881092313827959,0.9799543461890736
2009-09-04,0.9881092313827959,0.9797289494751433
2009-09-07,0.987820562657078,0.979442728986141
2009-09-08,0.9875466030095897,0.9791710928257779
2009-09-09,0.9879594043326253,0.9795803931275204
2009-09-10,0.9875695053475267,0.9791938009260313
2009-09-11,0.9875695053475267,0.9785405850305045
2009-09-14,0.9872467619487589,0.9782207923348665
2009-09-15,0.9869904565916733,0.9779668302666666
2009-09-16,0.9864818194020191,0.9774628433265703
2009-09-17,0.9875282274936558,0.9784996845621758
2009-09-18,0.9870788863506587,0.9780544515506605
2009-09-21,0.9868038419494387,0.977781921761292
2009-09-22,0.987544716061639,0.9785160223823225
2009-09-23,0.986958120367945,0.9779347896790286
2009-09-24,0.9863296637518323,0.9773120787696017
2009-09-25,0.9860067971435932,0.9776319935482601
2009-09-28,0.9868670178293675,0.9767790792819879
2009-09-29,0.9876583836960062,0.9759958029046998
2009-09-30,0.9883642631410754,0.9752982587061013
2009-10-01,0.9890016282729205,0.9746693194309467
2009-10-02,0.9897028988161283,0.9739782114857768
2009-10-05,0.9897672434224554,0.9739148892052579
2009-10-07,0.9894089763785208,0.9747909376083342
2009-10-08,0.9887753874881056,0.9754151655295389
2009-10-09,0.9898775284864716,0.9743279165365305
2009-10-12,0.9900767542642592,0.9741318203211844
2009-10-13,0.9903614335344592,0.97385172573812
2009-10-14,0.9906584431394241,0.9735596673980413
2009-10-15,0.991014194428472,0.9732100563801971
2009-10-16,0.9916946841978937,0.9725417919995369
2009-10-19,0.9914795114418579,0.9727528090606136
2009-10-20,0.9915425143088974,0.9726909961686835
2009-10-21,0.9912073306198314,0.9730198072400317
2009-10-22,0.9904773253150514,0.9737364177805298
2009-10-23,0.9902567949253026,0.9739532207968505
2009-10-26,0.9903733171383414,0.9738386170039101
2009-10-27,0.99033361910845,0.9738776522584531
2009-10-28,0.9906409328431783,0.9735754450297888
2009-10-29,0.9902466325581251,0.9739629528166861
2009-10-30,0.9903772831488514,0.9738344506527329
2009-11-02,0.9900474501265869,0.9741587742872804
2009-11-03,0.9903703147592721,0.9738410911148253
2009-11-04,0.9909841187037998,0.9732375315228612
2009-11-05,0.9907878501957752,0.9734302852458123
2009-11-06,0.9911067075756211,0.9731170139131502
2009-11-09,0.9911099234969644,0.973113856364371
2009-11-10,0.9917117587452374,0.9725229489327547
2009-11-11,0.992832411014732,0.9714239803662874
2009-11-12,0.9923515286847646,0.97189449343766
2009-11-13,0.9925113494265352,0.9717379673535315
2009-11-16,0.9925883846671457,0.9716625444697845
2009-11-17,0.9932989841020725,0.9709669259579162
2009-11-18,0.9937129749257971,0.9705622427719669
2009-11-19,0.9937835763630406,0.9704932861506859
2009-11-20,0.9941596593929639,0.9701260169944461
2009-11-23,0.9940038829485787,0.9702780275695133
2009-11-24,0.9950031813026501,0.969302581444428
2009-11-25,0.9951135593300087,0.9691950544446516
2009-11-26,0.9957823874243253,0.9685436464970784
2009-11-27,0.9958229039950722,0.9685042382210631
2009-11-30,0.9955459749430983,0.9687735702071496
2009-12-01,0.9949671653331339,0.9693368143630484
2009-12-02,0.9945456688560665,0.9697474530922258
2009-12-04,0.9945456688560665,0.9697588514533342
2009-12-07,0.9945456688560665,0.9690996481229466
2009-12-08,0.9945456688560665,0.9689719784361005
2009-12-09,0.993605255111037,0.9680557464362992
2009-12-10,0.9933244822896277,0.9677821933911535
2009-12-11,0.9930563603427885,0.9675209659167131
2009-12-14,0.9917959127563327,0.9662929294073712
2009-12-15,0.9915821943761751,0.9660847065694117
2009-12-16,0.9918529067025765,0.9663484578145425
2009-12-17,0.9922593412733738,0.9667444413500429
2009-12-18,0.9928500473595961,0.967319958053765
2009-12-21,0.9924379380457257,0.96691844569521
2009-12-22,0.9923716868590042,0.966853898087713
2009-12-23,0.9923248324024211,0.9668082484439454
2009-12-24,0.9921936789731355,0.9666804674864358
2009-12-25,0.99194916649838,0.9664422423914649
2009-12-28,0.9916442616380496,0.9661451778372661
2009-12-29,0.9916442616380496,0.9658763433190634
2009-12-30,0.9916442616380496,0.9655294491287468
2009-12-31,0.9908465436296333,0.9647527389121677
2010-01-01,0.9908465436296333,0.964992394984487
2010-01-04,0.9900400843114122,0.9642069786009398
2010-01-05,0.9897184824262987,0.9638937682704982
2010-01-06,0.9891821034833214,0.9633713850577488
2010-01-07,0.988982272521228,0.9631767682828887
2010-01-08,0.9885890000907428,0.9627937575058767
2010-01-11,0.9879696116504392,0.9621905307617586
2010-01-12,0.9879274296344851,0.9621494494007119
2010-01-13,0.9879435017009857,0.962165102098947
2010-01-14,0.9874820496021499,0.9617156906649676
2010-01-15,0.9882138578122138,0.9624284038109528
2010-01-18,0.987827063993449,0.9620517025993124
2010-01-19,0.9878919602852003,0.9621149055527922
2010-01-20,0.9878919602852003,0.9620450574723495
2010-01-21,0.9877754080258719,0.9619315546506525
2010-01-22,0.9877754080258719,0.9624091308776315
2010-01-25,0.9876898673844043,0.9623257869375611
2010-01-26,0.9876898673844043,0.96234993268699
2010-01-27,0.9876898673844043,0.9621823082182793
2010-01-28,0.9876898673844043,0.9620900617777899
2010-01-29,0.9876898673844043,0.9610975364346158
2010-02-02,0.9871509859447374,0.9607798722750212
2010-02-03,0.9869144317557756,0.9605496374814659
2010-02-04,0.9869832376354867,0.9606166052556583
2010-02-05,0.9858581061356757,0.9595215309315959
2010-02-08,0.9860645754733406,0.9597224845716114
2010-02-09,0.9850375119471708,0.9587228583973567
2010-02-10,0.9850375119471708,0.9584849066423553
2010-02-11,0.9846927190819199,0.9581494079905246
2010-02-12,0.9846927190819199,0.9573977392534255
2010-02-15,0.9843619813112958,0.9570761692979002
2010-02-16,0.9843619813112958,0.9567444524320486
2010-02-17,0.9843619813112958,0.9566518569813852
2010-02-18,0.9838719443568036,0.9561756147337113
2010-02-19,0.9834928908012924,0.955807231664617
2010-02-22,0.9832512570541021,0.9555723999895344
2010-02-23,0.9838427856424816,0.9561472768471077
2010-02-24,0.9836945719791712,0.956003235448793
2010-02-25,0.9838580460426682,0.9561621076618425
2010-02-26,0.9829213683621949,0.955251797776424
2010-03-01,0.9822664395571439,0.9546153054398264
2010-03-02,0.9825845915175297,0.9549245013143969
2010-03-03,0.982642187829088,0.9549804762702094
2010-03-04,0.9831291846458952,0.9554537639611075
2010-03-05,0.9827666562095265,0.9551014408234355
2010-03-08,0.9827666562095265,0.9547620746164568
2010-03-09,0.9820846630870723,0.9540995153361288
2010-03-10,0.9815581175684527,0.9535879740780276
2010-03-11,0.981009033954638,0.9530545369625627
2010-03-12,0.9811582404608432,0.9531994917313379
2010-03-15,0.9810407693951606,0.953085368080856
2010-03-16,0.9815928968414711,0.9536217622928098
2010-03-17,0.9818049499947733,0.9538277728521797
2010-03-18,0.9811954036937954,0.953235595973549
2010-03-19,0.9800650701774746,0.9521374720534586
2010-03-22,0.9801780824672084,0.9522472639837419
2010-03-23,0.9802055812894233,0.9522739792089497
2010-03-24,0.9801652788773271,0.9522348252405669
2010-03-25,0.9796484875104802,0.9517327601832748
2010-03-26,0.9798873241316817,0.9519647909980281
2010-03-29,0.9791489871770803,0.9512474934400705
2010-03-30,0.9791708123208933,0.9512686966620705
2010-04-01,0.9791708123208933,0.950108243366108
2010-04-02,0.9791708123208933,0.9498294052288595
2010-04-05,0.9794132780406003,0.949594205131553
2010-04-06,0.979615889434376,0.9493977624145337
2010-04-07,0.979615889434376,0.9493216718921607
2010-04-08,0.979615889434376,0.9493667734882291
2010-04-09,0.9791265635653987,0.9488925572914262
2010-04-12,0.9783576412358125,0.9481473781666533
2010-04-13,0.9780604960933238,0.9478594084346136
2010-04-14,0.9779768176381002,0.947778313848559
2010-04-15,0.9772984716524037,0.9471209142017227
2010-04-16,0.9772434724110811,0.9470676132570955
2010-04-19,0.9769380496334688,0.946771621491283
2010-04-20,0.9770627075793821,0.9466508128016958
2010-04-21,0.9769084501649716,0.9468002688249372
2010-04-22,0.9773812660904722,0.9463420250199082
2010-04-23,0.9769153726926334,0.9467931227817035
2010-04-26,0.9768573764420881,0.946849330773407
2010-04-27,0.9768573764420881,0.9470052727103571
2010-04-28,0.9768125731073677,0.9469618385353807
2010-04-29,0.9757691496017801,0.9459503013496143
2010-04-30,0.9745521070068249,0.9447704507569583
2010-05-03,0.9742692874847871,0.9444962740090991
2010-05-04,0.9739014377205338,0.9441396654859777
2010-05-05,0.9746255866605179,0.9448416849219063
2010-05-06,0.9746255866605179,0.9448287998117849
2010-05-07,0.9748350333240564,0.9450318431572955
2010-05-10,0.9748299611112597,0.9450269260149644
2010-05-11,0.9744698526307626,0.9446778269680207
2010-05-12,0.9746563874386397,0.9448586589316608
2010-05-13,0.9737113886165363,0.9457747667325762
2010-05-14,0.9742290233366188,0.9452719834003054
2010-05-17,0.974337755286498,0.9451664832935961
2010-05-18,0.9747770473197117,0.9447403434833312
2010-05-19,0.9747770473197117,0.9436892264193232
2010-05-20,0.9749007314613488,0.9435694868416804
2010-05-21,0.9749007314613488,0.9442761278560065
2010-05-24,0.9753704064643769,0.9438212067764569
2010-05-25,0.976339180244172,0.9428837688227526
2010-05-26,0.9773368885334921,0.9419202481825335
2010-05-27,0.9769973901363759,0.9422474438693238
2010-05-31,0.9770053172989857,0.9416288639745797
2010-06-01,0.977237463789684,0.9414051232922708
2010-06-02,0.9783690826601973,0.940314997461253
2010-06-03,0.9782416142286873,0.9404375079534344
2010-06-04,0.9778292053882152,0.9400410366353569
2010-06-07,0.9777797399056954,0.9399934827443406
2010-06-08,0.9769670904460709,0.9392122380891011
2010-06-09,0.9769670904460709,0.9388818644053383
2010-06-10,0.9766429622088312,0.9385703716983044
2010-06-11,0.9769641931486969,0.9388790800536575
2010-06-14,0.9769641931486969,0.938738403702489
2010-06-15,0.9771365995190994,0.9385727430958108
2010-06-16,0.9767344238778374,0.9381864397938863
2010-06-17,0.9767344238778374,0.9381666558489371
2010-06-18,0.9767344238778374,0.9379788829356911
2010-06-21,0.9767344238778374,0.9378722490030258
2010-06-22,0.9761840682593045,0.9373437908581232
2010-06-23,0.9761840682593045,0.9372284703335259
2010-06-24,0.9761840682593045,0.938096637882687
2010-06-25,0.9754811258168404,0.9374211218982105
2010-06-28,0.9756167346558864,0.9375514397348895
2010-06-29,0.9756167346558864,0.9378568886702475
2010-06-30,0.9754423361030428,0.9380245373773152
2010-07-01,0.9763999139081763,0.9371036920906
2010-07-02,0.976431970449163,0.9370729256981757
2010-07-05,0.976431970449163,0.9356946415600091
2010-07-06,0.9770567091909841,0.9350959672941226
2010-07-07,0.9770567091909841,0.9349539540133844
2010-07-08,0.9772456626559479,0.9351347652063589
2010-07-09,0.9768635148055421,0.9347690846471921
2010-07-12,0.9763532251514421,0.9342807840958474
2010-07-13,0.9769550691596667,0.9337048743969572
2010-07-14,0.9768002956620255,0.9338527960094621
2010-07-15,0.9766388385578103,0.9340071542430507
2010-07-16,0.9766388385578103,0.9341694816454837
2010-07-19,0.9766388385578103,0.9338085838606364
2010-07-20,0.9766388385578103,0.933543504922582
2010-07-21,0.9770687412274927,0.9331325722121612
2010-07-22,0.9770687412274927,0.9329183593126941
2010-07-23,0.9759432264057131,0.9339930159838281
2010-07-26,0.9766563964175663,0.9333105010667124
2010-07-28,0.9766563964175663,0.9334943455962939
2010-07-29,0.9765543792647695,0.9335918542345816
2010-07-30,0.9773318539271758,0.9328485837858403
2010-08-02,0.9775442340059082,0.9326458701887405
2010-08-03,0.9775442340059082,0.9329055615802818
2010-08-04,0.9775172504420451,0.9329313129641308
2010-08-05,0.9772933150227368,0.9331450343738145
2010-08-06,0.9764730557993125,0.9339282391798556
2010-08-09,0.9765146446739599,0.9338884623276033
2010-08-10,0.9772367744933831,0.9331978544495336
2010-08-11,0.9776625800654567,0.9327912376943692
2010-08-12,0.9780397986367511,0.9324313321552052
2010-08-13,0.9780397986367511,0.9320923529741652
2010-08-16,0.9785565513208427,0.9315998768746322
2010-08-17,0.978573226130914,0.9315840022161996
2010-08-18,0.9789495713691491,0.9312257283600507
2010-08-19,0.9793208667039517,0.9308725336923165
2010-08-20,0.9793208667039517,0.9303526955719981
2010-08-23,0.9789781281936885,0.9300270947319251
2010-08-24,0.9789781281936885,0.9297096940497506
2010-08-25,0.9791626339617199,0.9298849143087193
2010-08-26,0.9798190106700022,0.9292615706700168
2010-08-27,0.9798190106700022,0.9293581764737218
2010-08-30,0.9802802071177601,0.9297956212313933
2010-08-31,0.9803517177258027,0.9298634490317985
2010-09-01,0.9805848176327436,0.9300845442566225
2010-09-02,0.9809236823404985,0.9304059573782714
2010-09-03,0.9812483328961792,0.9300980263776143
2010-09-06,0.981013197732103,0.9303209044653596
2010-09-07,0.9812635744075077,0.9300834656055583
2010-09-08,0.9807835873338396,0.9305384178248869
2010-09-09,0.9810917715540021,0.9302460217649078
2010-09-10,0.9810917715540021,0.930182815382379
2010-09-13,0.9809198698098427,0.9300198336379719
2010-09-14,0.9806996946080407,0.9298110833507637
2010-09-15,0.9802746374888276,0.9294080824905876
2010-09-16,0.9807684025131119,0.9298762259953472
2010-09-17,0.9806271331224944,0.929742287088405
2010-09-20,0.9806271331224944,0.9300715874259
2010-09-21,0.9806271331224944,0.9302501149620814
2010-09-22,0.9800517621272231,0.9297043020670286
2010-09-24,0.9799670553626036,0.9293186229257105
2010-09-27,0.9799670553626036,0.9298018182345161
2010-09-28,0.9796927425399297,0.9295415476877752
2010-09-29,0.9791121083637376,0.9300924587717735
2010-09-30,0.9793611636257709,0.9298558725636612
2010-10-01,0.9797455319846592,0.9294909334696739
2010-10-04,0.9802663628049402,0.9289968178962739
2010-10-05,0.9809158265815537,0.9296123136479453
2010-10-06,0.9818878533102313,0.9305335017781466
2010-10-07,0.9818878533102313,0.9302540582306503
2010-10-08,0.981448137041789,0.9298374649895694
2010-10-11,0.980916179536062,0.9293334811314938
2010-10-12,0.9809325167220765,0.9293489592062442
2010-10-13,0.9805418816811783,0.9297190522172306
2010-10-14,0.9809192081851712,0.9293612830630286
2010-10-15,0.9802491324517596,0.9299961390615209
2010-10-18,0.980294073606353,0.929953501839132
2010-10-19,0.9801747303613916,0.9300667165076288
2010-10-20,0.980809306085298,0.9294645812539568
2010-10-21,0.9817041953766007,0.9286165388309815
2010-10-22,0.9815252893525221,0.92878577014693
2010-10-25,0.9812853582924637,0.9290128091818035
2010-10-26,0.9810549680201104,0.9292309266868884
2010-10-27,0.9810549680201104,0.9302503927754665
2010-10-28,0.9805761936136997,0.9307043735350903
2010-10-29,0.9802604690735959,0.9310040404168897
2010-11-01,0.9799090252737372,0.9313378247609192
2010-11-02,0.9799453615756636,0.9313032895423191
2010-11-03,0.9790791167585275,0.9321265361021586
2010-11-04,0.979380277698395,0.931839817594039
2010-11-05,0.9791638960890461,0.9320456957436993
2010-11-08,0.9792621709614013,0.9319521499418736
2010-11-09,0.9792621709614013,0.9321753079611922
2010-11-10,0.9792821445387092,0.9321562947937991
2010-11-11,0.9792821445387092,0.931973942172933
2010-11-12,0.9787898356840726,0.9324424680483215
2010-11-15,0.9784802999978206,0.9327373466920461
2010-11-16,0.9782674897736301,0.9329402082559027
2010-11-17,0.9777962568905953,0.9333896069210237
2010-11-18,0.9772667092240012,0.9338951051624877
2010-11-19,0.9768626049185858,0.9342812751089726
2010-11-23,0.9767120431975829,0.9342115005971873
2010-11-24,0.9765269409151285,0.9343885483588689
2010-11-25,0.9770042516892696,0.9339318341580831
2010-11-26,0.9764882764084861,0.9344250620427408
2010-11-29,0.9764882764084861,0.9345881028753188
2010-11-30,0.9766377985616109,0.9344449965740934
2010-12-01,0.9767203868274464,0.9343659762946209
2010-12-02,0.9765319349811726,0.9345462561328458
2010-12-03,0.975273096547527,0.9357509712098416
2010-12-06,0.9752598500664309,0.9357636808883868
2010-12-07,0.9757769149369987,0.9352675561617229
2010-12-08,0.9756843211053223,0.9353563059623605
2010-12-09,0.9756222758900932,0.9354157866592048
2010-12-10,0.9761012568732705,0.934956545020052
2010-12-13,0.9757810278361837,0.9352632757326923
2010-12-14,0.9752439805942547,0.9357780229437788
2010-12-15,0.9749045411132863,0.9361037260629266
2010-12-16,0.9743569861650407,0.9366294885408524
2010-12-17,0.9744350944455572,0.9365544046446318
2010-12-20,0.9748849406713604,0.9361220459718066
2010-12-21,0.974255182009315,0.9367267644802046
2010-12-22,0.974255182009315,0.9370764760193829
2010-12-23,0.9744593830068735,0.9372728844703979
2010-12-24,0.9744593830068735,0.9371863840737528
2010-12-27,0.9744593830068735,0.9381973965774167
2010-12-28,0.9744593830068735,0.9394716665495966
2010-12-29,0.9746279952890116,0.9396342248506026
2010-12-30,0.9746279952890116,0.9402123192799715
2010-12-31,0.9749417098791812,0.940514956105346
2011-01-03,0.9752177610875435,0.9407812595032671
2011-01-04,0.9753211734920593,0.9408810202500977
2011-01-05,0.9750184704785543,0.9405890061649737
2011-01-06,0.9751467325692511,0.9407127391157535
2011-01-07,0.9749626242271348,0.9405351319341655
2011-01-10,0.9749430153503582,0.9405162154782443
2011-01-11,0.9756834238510463,0.9412304789685313
2011-01-12,0.975240730736363,0.940803418056986
2011-01-13,0.9755302563862687,0.9410827200923314
2011-01-14,0.9754248992918888,0.9409810833257515
2011-01-17,0.9757712209456977,0.9413151758071069
2011-01-18,0.9759457690790668,0.9414835603662354
2011-01-20,0.9759457690790668,0.9415866205398309
2011-01-21,0.9759457690790668,0.9421170827630273
2011-01-24,0.9762255852124585,0.9423871997794162
2011-01-25,0.9757310542664492,0.9419098104951429
2011-01-26,0.9767922709419504,0.9429342427844966
2011-01-27,0.9767922709419504,0.9428274493849659
2011-01-28,0.9766056359461205,0.9430075947467987
2011-01-31,0.9764896179533832,0.9428955681065135
2011-02-01,0.9764896179533832,0.9435422654480627
2011-02-02,0.9764896179533832,0.9434881528552242
2011-02-03,0.9759468047242734,0.9440126211562303
2011-02-04,0.9759468047242734,0.9442008062669559
2011-02-07,0.9759468047242734,0.944431959704959
2011-02-08,0.9768039138341101,0.9452613914243576
2011-02-09,0.9767177679678135,0.9451780273424906
2011-02-10,0.9768496425291372,0.9453056434684753
2011-02-11,0.9769586451368175,0.9454111262118853
2011-02-14,0.9776544185034098,0.9460844319709086
2011-02-15,0.9776544185034098,0.9471938789048053
2011-02-16,0.9776544185034098,0.9471641776718877
2011-02-17,0.9764457447250329,0.9459931989664239
2011-02-18,0.9764457447250329,0.9456099458177313
2011-02-21,0.9764145991665857,0.9456401078108524
2011-02-22,0.9764145991665857,0.9459905298650145
2011-02-23,0.9764145991665857,0.9460327831486587
2011-02-24,0.976449720498719,0.9459987546410817
2011-02-25,0.976449720498719,0.9466797809993373
2011-02-28,0.9762699099039834,0.9465054524590426
2011-03-01,0.9762699099039834,0.9462399793086794
2011-03-02,0.9765001383205121,0.9464631259302052
2011-03-03,0.9762137853604198,0.9461855811484968
2011-03-04,0.9763933115437948,0.946359585130714
2011-03-07,0.9762759351053546,0.94624581917567
2011-03-08,0.9761422212607918,0.9461162183509094
2011-03-09,0.9761405396334673,0.9461145884502143
2011-03-10,0.9768718094607824,0.9468233645163904
2011-03-11,0.9772161689212305,0.9471571315263366
2011-03-14,0.9768945374981982,0.9468453934424444
2011-03-15,0.9775511861688607,0.9474818436886698
2011-03-16,0.9782839610141293,0.9481920784786502
2011-03-17,0.9783058851181693,0.9482133282002105
2011-03-21,0.9785575763638444,0.9485514616877002
2011-03-22,0.978535720638461,0.9485302761379079
2011-03-23,0.9786473084935717,0.9486384423057743
2011-03-24,0.9782322843720251,0.9482361443249121
2011-03-25,0.9782322843720251,0.9491200411034296
2011-03-28,0.9782322843720251,0.9497098933256344
2011-03-29,0.9782322843720251,0.9501430600990839
2011-03-30,0.9789675590644886,0.9508572219167539
2011-03-31,0.9786444641434956,0.9511710394034993
2011-04-01,0.9792366818754689,0.9505954469628194
2011-04-04,0.9788936032238323,0.9509284910677148
2011-04-05,0.9785939522928322,0.9512195815465213
2011-04-06,0.9780516702828133,0.951746694212037
2011-04-07,0.9772936901443785,0.9524842882604425
2011-04-08,0.9770073558954812,0.9527633536795851
2011-04-11,0.9770073558954812,0.9527588082658967
2011-04-12,0.9776790358052203,0.9521037989187534
2011-04-13,0.9774767128187176,0.9523008293111451
2011-04-14,0.9765858007696266,0.9531687950356135
2011-04-15,0.97634799621469,0.9534008974078825
2011-04-18,0.9765190622565895,0.9532338519297382
2011-04-19,0.9768996314555104,0.952862357447516
2011-04-20,0.9776495562521852,0.9521308850560246
2011-04-21,0.9770081704336605,0.9527555293809249
2011-04-22,0.9776024805000044,0.9533350866651025
2011-04-25,0.9776024805000044,0.9543115682685115
2011-04-26,0.977778113329197,0.9544830167294241
2011-04-27,0.977646029490497,0.9543540797251028
2011-04-28,0.9774440407715093,0.9541569032908828
2011-04-29,0.9778373228215366,0.954540815583885
2011-05-02,0.9784642947338231,0.9551528501897797
2011-05-03,0.9784399299478881,0.9551290658832339
2011-05-04,0.9789356895034524,0.9556130142041432
2011-05-05,0.9782397312736633,0.9549336368468152
2011-05-06,0.9790929348561995,0.9557665132614557
2011-05-09,0.9790583626174751,0.9557327646898085
2011-05-10,0.9783388963039585,0.9550304393176212
2011-05-11,0.9783388963039585,0.9550467557806072
2011-05-12,0.9785493645870793,0.9552522132675256
2011-05-13,0.9785493645870793,0.9553908343213124
2011-05-16,0.9788405239354068,0.9556751030386462
2011-05-18,0.9799109888265761,0.9562849063824614
2011-05-19,0.979432386678694,0.9558178435416519
2011-05-20,0.9797634367007301,0.9561409118028924
2011-05-23,0.9799710076209056,0.9563434780974143
2011-05-24,0.9803372723270101,0.9567009120012914
2011-05-25,0.9804172310302343,0.9567789428652159
2011-05-26,0.9813654394451785,0.9577042895606356
2011-05-27,0.9815195422116304,0.957854676842001
2011-05-30,0.9805186235833766,0.9568778907995643
2011-05-31,0.9815067810779442,0.9578422233848283
2011-06-01,0.9816404039224064,0.9579726245240787
2011-06-02,0.9819753678847666,0.9582995123588306
2011-06-03,0.9819567104690068,0.9582813047815234
2011-06-06,0.9827222998582481,0.959028435475807
2011-06-07,0.983181127338642,0.9594762004250088
2011-06-08,0.9831297874180513,0.9594260983323539
2011-06-09,0.9827057017183267,0.9590122375242973
2011-06-10,0.9827057017183267,0.9592802008178002
2011-06-13,0.9829383450762276,0.9590531031560121
2011-06-14,0.9818726965011096,0.9600928566440718
2011-06-15,0.9815687330753925,0.960390077571746
2011-06-16,0.9816111033671797,0.9603486214755551
2011-06-17,0.9820739306734608,0.9598958193790389
2011-06-20,0.982154198716817,0.9598173640236518
2011-06-21,0.9820414824301601,0.9599275168380295
2011-06-22,0.981845093887515,0.9601194830323804
2011-06-23,0.9810348911295614,0.9609117581661674
2011-06-24,0.9810348911295614,0.9610227769273698
2011-06-27,0.9810348911295614,0.9606972753204975
2011-06-28,0.9807776910539906,0.9609491434385914
2011-06-29,0.9807776910539906,0.9616291123191404
2011-06-30,0.9807776910539906,0.9616038031225317
2011-07-01,0.9810821002452518,0.9619022612121602
2011-07-04,0.9815170487891817,0.9623287066521621
2011-07-05,0.9815170487891817,0.9613161474174166
2011-07-06,0.9813948198817946,0.9614358606944272
2011-07-07,0.9813948198817946,0.9620818789603028
2011-07-08,0.9817624690556578,0.9624422931390032
2011-07-11,0.9817624690556578,0.9622159329892496
2011-07-12,0.9815603977944248,0.9624139810846761
2011-07-13,0.9815603977944248,0.9628172341558222
2011-07-15,0.9818958645455003,0.962029206932754
2011-07-18,0.9811164246702249,0.9627928764339082
2011-07-19,0.980249151450786,0.9636439522660943
2011-07-20,0.9806235383031784,0.9632759074424065
2011-07-21,0.9801272835681486,0.9637633832285126
2011-07-22,0.9801272835681486,0.9639124271240642
2011-07-25,0.9791585986530708,0.9648650864809305
2011-07-26,0.9795856882636921,0.9644442314175585
2011-07-27,0.9793140600314626,0.9647116610919633
2011-07-28,0.978974382067164,0.9643770480127185
2011-07-29,0.9789487389304106,0.9643517872367707
2011-08-01,0.9792654260617778,0.9646637522958018
2011-08-02,0.9795642857105485,0.9649581556950441
2011-08-03,0.9793315649152708,0.9647289049631841
2011-08-04,0.9797070406098253,0.9650987819983219
2011-08-05,0.9797602277044276,0.9650463879681772
2011-08-08,0.9802105909471047,0.9646027881890379
2011-08-09,0.979334635470131,0.9654647959078096
2011-08-10,0.9799957786010008,0.9648130162251636
2011-08-11,0.9796667085567344,0.9651369880920742
2011-08-12,0.9792661489395486,0.9655316068936578
2011-08-15,0.9792661489395486,0.9665010862994248
2011-08-16,0.9791893373652227,0.9665768966091209
2011-08-17,0.9790903414679826,0.9664791758277765
2011-08-18,0.9793984729972697,0.966783338471262
2011-08-19,0.9787543908841388,0.9661475524528534
2011-08-22,0.9798331072111314,0.9672123743824627
2011-08-23,0.9803856635006263,0.9677578134749051
2011-08-24,0.9803856635006263,0.9682967940035176
2011-08-25,0.9805462603600618,0.968138177420363
2011-08-26,0.980762192073592,0.9679249781619133
2011-08-29,0.9802355381029014,0.9684447387493417
2011-08-30,0.978747851053486,0.9699145311001681
2011-08-31,0.9788458239799089,0.9698174423914779
2011-09-01,0.9789252898797787,0.9697387094451025
2011-09-02,0.9790590398524184,0.9696062146294135
2011-09-05,0.9795267575093065,0.9691430127913723
2011-09-06,0.9790013039366319,0.9696628961479014
2011-09-07,0.9794136417665803,0.9692544914882023
2011-09-08,0.9795710031397387,0.9690987623751735
2011-09-09,0.9795710031397387,0.970069277184804
2011-09-13,0.9801007748421415,0.9708986223129971
2011-09-14,0.9801952279493031,0.9709921886012506
2011-09-15,0.979965677561538,0.9707647934588801
2011-09-16,0.9792395065654121,0.9714841464456337
2011-09-19,0.9791522519580539,0.9715707100158172
2011-09-20,0.9791195747991115,0.9716031341566508
2011-09-21,0.9791195747991115,0.9721090491398432
2011-09-22,0.9795258058443704,0.9725123715585772
2011-09-23,0.9791212233191661,0.9721106858564446
2011-09-26,0.9794464391556724,0.9724335731377618
2011-09-27,0.979074093852358,0.972063893838039
2011-09-28,0.9789593981142939,0.9719500193249155
2011-09-29,0.9798531732873008,0.9728373950407517
2011-09-30,0.9800817914111343,0.9730643762519297
2011-10-03,0.9795137000957155,0.9725003524874475
2011-10-04,0.9798150267861512,0.9727995216696999
2011-10-05,0.980105001329073,0.9730874199861566
2011-10-06,0.9799772332371478,0.9729605667176197
2011-10-07,0.9799772332371478,0.9727965298547021
2011-10-10,0.9801039538372157,0.9729223219198911
2011-10-11,0.9801039538372157,0.9731134252361664
2011-10-12,0.9801039538372157,0.972622949374818
2011-10-13,0.9796506482459382,0.9721731038054472
2011-10-14,0.9796506482459382,0.9718364919863286
2011-10-17,0.9796506482459382,0.9719532141197981
2011-10-18,0.9796506482459382,0.9723161450233154
2011-10-19,0.9799925263794169,0.9726554635644781
2011-10-20,0.9798535331124163,0.9725175109200367
2011-10-21,0.9799861115254028,0.972385925102522
2011-10-24,0.9797799847719497,0.9721813969449413
2011-10-25,0.9797896266176738,0.9721909640142741
2011-10-26,0.9809550314278395,0.9733473306414377
2011-10-27,0.9809550314278395,0.9733759663009457
2011-10-28,0.9816311686529944,0.9740468795475287
2011-10-31,0.9816049730097295,0.9740208862973195
2011-11-01,0.9817662576851124,0.9741809248533396
2011-11-02,0.9813547895178335,0.9737726357757617
2011-11-03,0.9804595124904694,0.9728842758472243
2011-11-04,0.980672453142496,0.9730955712749356
2011-11-07,0.9811005635007526,0.9735203739624196
2011-11-08,0.9810169055268472,0.973437362347636
2011-11-10,0.9810169055268472,0.9740430645860974
2011-11-11,0.9813496184382616,0.9737127168601449
2011-11-14,0.9813496184382616,0.9739118990715507
2011-11-15,0.9807668984637803,0.9744902025694184
2011-11-16,0.9807668984637803,0.9746542422594128
2011-11-17,0.9807668984637803,0.9748046285526296
2011-11-18,0.9805906049073346,0.9746294067184951
2011-11-21,0.9805906049073346,0.9750187123242932
2011-11-22,0.9813042932103794,0.9757283453217471
2011-11-23,0.9813042932103794,0.9763867987610717
2011-11-24,0.9813185246491742,0.9763726386386073
2011-11-25,0.9814826142169929,0.976209376089007
2011-11-28,0.9815971830163428,0.9760954228365372
2011-11-29,0.98205448716938,0.9756406818304025
2011-11-30,0.9816848260100367,0.9760079287298973
2011-12-01,0.9816848260100367,0.9758698000223346
2011-12-02,0.9816848260100367,0.9767347074479705
2011-12-05,0.9814774206147631,0.9769410670072795
2011-12-06,0.9814774206147631,0.9768236282040645
2011-12-07,0.9814807148164514,0.9768203496222269
2011-12-08,0.9810565815093171,0.9772424690170424
2011-12-09,0.9810700209741327,0.9772290818016399
2011-12-12,0.9810700209741327,0.9775790713029419
2011-12-13,0.9806173406450932,0.9780301408557756
2011-12-14,0.9806173406450932,0.9779704554142453
2011-12-15,0.9805584116946161,0.9780292253035247
2011-12-16,0.980538089842563,0.9780089558682894
2011-12-19,0.980538089842563,0.9781873076726364
2011-12-20,0.980538089842563,0.9784057757558945
2011-12-21,0.9811642041072519,0.9790305284495437
2011-12-22,0.9810489706143812,0.9789155455476523
2011-12-23,0.9811756677460353,0.9790419671590778
2011-12-26,0.9814693981135326,0.9793350587697469
2011-12-27,0.9817538230219353,0.9796188651573139
2011-12-28,0.9828407660968209,0.9807034445259306
2011-12-29,0.9823431563664308,0.9802069169159076
2011-12-30,0.982645772329266,0.9805088747989731
2012-01-02,0.982645772329266,0.9810074472686937
2012-01-03,0.982645772329266,0.9806700098649602
2012-01-04,0.982645772329266,0.9806731350652733
2012-01-05,0.9832012474413727,0.9801187750558172
2012-01-09,0.9832012474413727,0.9799387350266139
2012-01-10,0.9832012474413727,0.9807041928356021
2012-01-11,0.9832012474413727,0.9803845233944328
2012-01-12,0.9832012474413727,0.9806794345924916
2012-01-13,0.9828704869626179,0.9810093467037049
2012-01-16,0.9828704869626179,0.9812083459490463
2012-01-17,0.9828704869626179,0.9819396142809819
2012-01-18,0.9829382418849947,0.9818719235290194
2012-01-19,0.9825446699162402,0.9822650685401109
2012-01-20,0.9818935020289962,0.9829160511254109
2012-01-23,0.981169885853039,0.9836404208790883
2012-01-24,0.9816694465180072,0.9831396023462032
2012-01-25,0.9819222337860163,0.9833927681903987
2012-01-26,0.9813920954285769,0.9828618358936156
2012-01-27,0.9813920954285769,0.9831393469940782
2012-01-30,0.9821372432889645,0.9838858215013501
2012-01-31,0.9821372432889645,0.9841945994762807
2012-02-01,0.9825391476887088,0.9837918531773935
2012-02-02,0.9823999424996495,0.9839312358485459
2012-02-03,0.9821800388889926,0.9841514822289056
2012-02-06,0.9819801218578212,0.9839511639219151
2012-02-07,0.9819801218578212,0.9842893692176059
2012-02-08,0.9829213465097985,0.9833459311597825
2012-02-09,0.9829213465097985,0.9827615450167694
2012-02-10,0.9832080402214814,0.983048192118331
2012-02-13,0.9822625262915091,0.9839935523284374
2012-02-14,0.982000712199348,0.9842558278115182
2012-02-15,0.982000712199348,0.9843187954146214
2012-02-16,0.9815347183128097,0.9847858893131998
2012-02-17,0.9815347183128097,0.985662149497525
2012-02-20,0.9815468459112257,0.9856743280934522
2012-02-21,0.9815468459112257,0.9856690515288448
2012-02-22,0.9817786037161623,0.9859017826478208
2012-02-23,0.9813953781087121,0.9862866176891543
2012-02-24,0.9808514713723429,0.9868332352373087
2012-02-27,0.980113199639965,0.987576009350832
2012-02-28,0.9803688441525856,0.9873184183014726
2012-02-29,0.9807402255686574,0.9869444042612575
2012-03-01,0.9799388062758829,0.9877508933455736
2012-03-02,0.9792982515021412,0.9883965546317153
2012-03-05,0.9783402390223767,0.9893634676562622
2012-03-07,0.978226713542751,0.9896945381861924
2012-03-08,0.9775194317659966,0.99041011147991
2012-03-09,0.9770006272323515,0.9909357575584493
2012-03-12,0.9770006272323515,0.99114785246707
2012-03-13,0.9770745148058544,0.9910728949821309
2012-03-14,0.9770745148058544,0.9914465504678691
2012-03-15,0.9773758810118419,0.9917523495454486
2012-03-16,0.9773630118436185,0.9917392910813814
2012-03-19,0.9773630118436185,0.9920442781036319
2012-03-20,0.9775782929009397,0.9922627929630153
2012-03-21,0.97665767899011,0.9913283502313854
2012-03-22,0.9765894782921875,0.9912591250700924
2012-03-23,0.9773012472576971,0.9919815857331307
2012-03-26,0.9771636106912218,0.9918418816860417
2012-03-27,0.976986342470175,0.9916619506652766
2012-03-28,0.976986342470175,0.9925153470819028
2012-03-29,0.9766793984653284,0.9922035242628295
2012-03-30,0.97595507166249,0.9914676844287719
2012-04-02,0.9766314687957633,0.99215483276065
2012-04-03,0.9772870651614942,0.992820849700901
2012-04-04,0.9769387557135704,0.9924670039432173
2012-04-05,0.9768826658489838,0.9924100225413308
2012-04-06,0.9769193750468047,0.9924473152245881
2012-04-09,0.9768147853583647,0.9923410631037439
2012-04-10,0.9765578844411527,0.9926020474102061
2012-04-11,0.9758295791987696,0.9933423181982943
2012-04-12,0.9758295791987696,0.9931788360666621
2012-04-13,0.9763212117500589,0.9926784627889195
2012-04-16,0.9756975653701803,0.9933125577181816
2012-04-17,0.9753427682563134,0.9936737602476894
2012-04-18,0.9753427682563134,0.9946830314977879
2012-04-19,0.9756418269388235,0.9943780427219479
2012-04-20,0.9758372549995316,0.9941788616627374
2012-04-23,0.9758372549995316,0.9944591705407365
2012-04-24,0.9763108816160415,0.993976505701095
2012-04-25,0.9760470765606203,0.9942450841140896
2012-04-26,0.9761866832723878,0.9943872937371881
2012-04-27,0.9767362767675679,0.994947134183378
2012-04-30,0.9770144619894322,0.9952305060574954
2012-05-01,0.9771171847787485,0.9953351440721536
2012-05-02,0.9773238978674669,0.9955457112437746
2012-05-04,0.9776684081413474,0.9960245174998144
2012-05-07,0.9779167207903025,0.9962774923165365
2012-05-08,0.9781969824262321,0.9965630159750448
2012-05-09,0.978917616553423,0.997297180291752
2012-05-10,0.978527064106538,0.9968992950688812
2012-05-11,0.978158574210003,0.9965238866294311
2012-05-14,0.9787160816728373,0.9970918615144209
2012-05-15,0.9786833765287677,0.9970585423183924
2012-05-16,0.9791500244709473,0.9975339517594476
2012-05-17,0.9791065863057073,0.9974896980255497
2012-05-18,0.9791065863057073,0.9974342552149359
2012-05-21,0.9786298428125878,0.9979199227588368
2012-05-22,0.9783016013915206,0.9982546342495638
2012-05-23,0.9781218071611004,0.998438095488381
2012-05-24,0.9777593977894129,0.9988080323614837
2012-05-25,0.9771454215810371,0.9994352258919075
2012-05-28,0.9770968059544074,0.9994849504965664
2012-05-29,0.9768306085433508,0.9997572472685862
2012-05-30,0.9770683400584155,0.9995139360915903
2012-05-31,0.9774919370998845,0.9990806080132185
2012-06-01,0.9782011671080473,0.9998055019186135
2012-06-04,0.9782011671080473,0.999921829189901
2012-06-05,0.9778676847601371,1.0002627164128337
2012-06-06,0.9777407960347996,1.000392511131553
2012-06-07,0.9776314509477007,1.000504389460356
2012-06-08,0.9775660773442506,1.0005712925628933
2012-06-11,0.9774136492602612,1.0007273077607963
2012-06-12,0.9774136492602612,1.0017351019767493
2012-06-13,0.977446412001128,1.0017015239848845
2012-06-14,0.9775730895105168,1.001571703001707
2012-06-15,0.9770976936534169,1.002058769435209
2012-06-18,0.9768745186839805,1.0022876456639576
2012-06-19,0.9765114683145322,1.0019151506371224
2012-06-20,0.9768016318482523,1.0022128626968676
2012-06-21,0.9763463097061078,1.0017456954720705
2012-06-22,0.9757156362181654,1.0010986151835355
2012-06-25,0.9765548307502734,1.0019596411349276
2012-06-26,0.9765548307502734,1.0029192892085048
2012-06-27,0.9765548307502734,1.0029933716276276
2012-06-28,0.9766732422240587,1.002871754367038
2012-06-29,0.9760823894725937,1.003478456291302
2012-07-03,0.9767260924116521,1.0039670272907932
2012-07-04,0.9767260924116521,1.0039564992520433
2012-07-05,0.9767260924116521,1.004538295331002
2012-07-06,0.9772618800542321,1.0039872511751038
2012-07-09,0.9772618800542321,1.0031557780131701
2012-07-10,0.9772618800542321,1.0034368968027052
2012-07-11,0.9772618800542321,1.004020447455616
2012-07-12,0.9768437846438813,1.003590904106441
2012-07-13,0.9764892182357898,1.0039551789553536
2012-07-16,0.9760690331110493,1.0043871827340183
2012-07-17,0.9760690331110493,1.0047235391500238
2012-07-18,0.9751403096516364,1.0056795271891676
2012-07-19,0.9754816203796776,1.0060315270072488
2012-07-20,0.9754816203796776,1.0065988952156617
2012-07-23,0.9757245680921628,1.0068495928135188
2012-07-24,0.9757245680921628,1.006658862790625
2012-07-25,0.976523270007,1.0074828866879333
2012-07-26,0.976162774067102,1.0071109616132086
2012-07-27,0.9760450773606272,1.0069895334596408
2012-07-30,0.9763609887414894,1.0073154604699888
2012-07-31,0.9760804103218119,1.0070259866142384
2012-08-01,0.9760804103218119,1.007072099756057
2012-08-02,0.9761685569805223,1.0069811543383074
2012-08-03,0.976782850854492,1.0063474703808704
2012-08-06,0.9764496507866802,1.0066907555287203
2012-08-07,0.9761801791668496,1.0069685728113036
2012-08-08,0.9761801791668496,1.0075363327813034
2012-08-09,0.9761801791668496,1.0079294316588134
2012-08-10,0.9761801791668496,1.0068021631175044
2012-08-13,0.9763906204940557,1.006585120415796
2012-08-14,0.9754480346647629,1.0075568553449996
2012-08-15,0.9751442379555427,1.0078706521297882
2012-08-16,0.9751442379555427,1.0081191347713654
2012-08-17,0.9755054848602053,1.0077456721565108
2012-08-20,0.9755054848602053,1.0077200896964393
2012-08-21,0.9755054848602053,1.0078944689080138
2012-08-22,0.9758237994588129,1.0082233522698079
2012-08-23,0.9758237994588129,1.0079204953950311
2012-08-24,0.9758237994588129,1.0084135607546802
2012-08-27,0.9768843053515993,1.0095094845517214
2012-08-28,0.9768843053515993,1.0098267469376003
2012-08-30,0.9765516438645166,1.0104883328205092
2012-08-31,0.9779613243763956,1.0090296637176432
2012-09-03,0.9783993436020318,1.0085777292894311
2012-09-04,0.9777632292158316,1.0092334644014767
2012-09-05,0.9777632292158316,1.008826810177602
2012-09-06,0.9777632292158316,1.0088667167365921
2012-09-07,0.9773682089533711,1.0092743029326416
2012-09-10,0.9774266594412265,1.0092139443340642
2012-09-11,0.9774266594412265,1.0086818974521643
2012-09-12,0.9764351149512811,1.009705148626936
2012-09-13,0.9763300380087915,1.009813805851783
2012-09-14,0.97538862718024,1.0107875028749622
2012-09-17,0.97523028067459,1.010951596103625
2012-09-18,0.9747578609452768,1.0114413199040895
2012-09-19,0.9747578609452768,1.0119950322489641
2012-09-20,0.9747578609452768,1.01231826455581
2012-09-21,0.9749870120481205,1.012080283559661
2012-09-24,0.9749870120481205,1.0119814478859936
2012-09-25,0.974037423248011,1.0129670674244657
2012-09-26,0.9740544743291444,1.0129493348576877
2012-09-27,0.9733131207462036,1.0137202913478278
2012-09-28,0.9723887633466126,1.0146830235174142
2012-10-01,0.9723117870098464,1.014763347956644
2012-10-02,0.9717347557049304,1.0153655727025284
2012-10-03,0.9726698286862082,1.0143885150151504
2012-10-04,0.9725300490722555,1.0145342899028307
2012-10-05,0.9718279397850192,1.0152667237724473
2012-10-08,0.9723806749817188,1.0158441651376244
2012-10-09,0.9720097040745664,1.0154566125657125
2012-10-10,0.9713611950605866,1.0147791164833238
2012-10-11,0.9717753713442296,1.0152118056264776
2012-10-12,0.9726526402928637,1.0161282867594899
2012-10-15,0.9718818474593116,1.0153230410130043
2012-10-16,0.9718818474593116,1.014975366918896
2012-10-17,0.9718818474593116,1.0157247733338541
2012-10-18,0.9720079283980461,1.01559300471069
2012-10-19,0.9720079283980461,1.0165617952572554
2012-10-22,0.9722035774883199,1.0167664123026914
2012-10-23,0.9723693257456852,1.0169397579526036
2012-10-24,0.9720724330442772,1.016629256598937
2012-10-25,0.9723532346934485,1.0169229293358077
2012-10-29,0.9726210879904151,1.0169025962566827
2012-10-30,0.9724435527590377,1.0167169781984853
2012-10-31,0.9732541581139148,1.0175644888067708
2012-11-01,0.9734601690076699,1.0177798789677526
2012-11-02,0.9736936832064361,1.018024024604651
2012-11-05,0.9733425221294116,1.0176568758605617
2012-11-06,0.9732742176627743,1.0175854616270879
2012-11-07,0.9736024724314135,1.0179286611840217
2012-11-08,0.9737136269043487,1.0180448762995575
2012-11-09,0.9744049559071584,1.0187676801401335
2012-11-12,0.9745985689052223,1.0189701079538334
2012-11-13,0.9747158688445732,1.0190927483266767
2012-11-14,0.9736665551008992,1.0179956614102963
2012-11-15,0.9743391172551187,1.018698843984903
2012-11-16,0.9738183486926432,1.0181543658630843
2012-11-19,0.9734463465328325,1.0177654271830623
2012-11-20,0.973523839974253,1.0178464487471086
2012-11-21,0.973109383436193,1.0174131228252334
2012-11-22,0.9731279243678657,1.0174325078887363
2012-11-23,0.973364047526402,1.0176793812661664
2012-11-26,0.9738643165786603,1.0182024265757428
2012-11-27,0.973724186173327,1.0180559163111007
2012-11-28,0.9734984921221108,1.0178199468575537
2012-11-29,0.9741421298969588,1.0184928881831876
2012-11-30,0.9750388264072255,1.019430409506346
2012-12-03,0.9754127214447357,1.0198213272430334
2012-12-04,0.976269332551797,1.0207169381541157
2012-12-05,0.9762640895153926,1.020711456412667
2012-12-06,0.9759803503300121,1.02041479914517
2012-12-07,0.9763306852849298,1.0207810841554523
2012-12-10,0.9763177803497223,1.0207675916841508
2012-12-11,0.9762543252684557,1.0207012476189414
2012-12-12,0.9762787168840602,1.0207267497364068
2012-12-13,0.9762787168840602,1.0216623173972914
2012-12-14,0.9762787168840602,1.0221291632858847
2012-12-17,0.9762787168840602,1.0221837432307925
2012-12-18,0.9762787168840602,1.0216212411666918
2012-12-19,0.9757295311053523,1.022195933462213
2012-12-20,0.9750221406785216,1.0229370113886518
2012-12-21,0.975303630426503,1.0226416885754321
2012-12-24,0.9751363686083223,1.0228170687368938
2012-12-26,0.9745934940521729,1.024160556423581
2012-12-27,0.9744296208955349,1.0243327640407152
2012-12-28,0.9736401414620298,1.0251626748243512
2012-12-31,0.9726093179462183,1.0262480468706952
2013-01-01,0.972903876863709,1.0259372432333194
2013-01-02,0.9732231652558345,1.0256005503075294
2013-01-03,0.9735429749801767,1.0252635289120378
2013-01-04,0.97287652316272,1.0259653867239433
2013-01-07,0.9729070053128065,1.025933241194519
2013-01-08,0.9730853247114,1.0257452028747538
2013-01-09,0.9730358715858951,1.0257973322255576
2013-01-10,0.9733598965203841,1.0254557375083644
2013-01-11,0.9728696586953789,1.025972213677346
2013-01-14,0.9724639781794574,1.0264000376240028
2013-01-15,0.9728752124412947,1.0259659949537414
2013-01-16,0.9731976655328491,1.0256259452714471
2013-01-17,0.9732780364762504,1.0255412445701224
2013-01-18,0.9732780364762504,1.025435716095991
2013-01-21,0.9732780364762504,1.0256912503980602
2013-01-22,0.9729575470686196,1.0253535019141404
2013-01-23,0.9729575470686196,1.025607873078008
2013-01-24,0.9729575470686196,1.026096354964772
2013-01-25,0.9729575470686196,1.025863410578405
2013-01-28,0.9729575470686196,1.0256553474173224
2013-01-29,0.9729575470686196,1.026623016087886
2013-01-30,0.9729575470686196,1.0271179716007157
2013-01-31,0.9729575470686196,1.0272991750432945
2013-02-01,0.9733732389366666,1.0277380841348611
2013-02-04,0.9734136110228223,1.0277807110828996
2013-02-05,0.9735532249627808,1.0279281227410713
2013-02-06,0.9728487321396517,1.027184282582572
2013-02-07,0.9725503743913204,1.026869260956344
2013-02-08,0.972556107130153,1.0268753138801237
2013-02-11,0.9726725122274124,1.0269982204352408
2013-02-12,0.9726725122274124,1.0279577794982113
2013-02-13,0.9726725122274124,1.0280197908319577
2013-02-14,0.9732081137216918,1.0274537123942546
2013-02-15,0.973859571623688,1.0281414818758663
2013-02-18,0.973166549393453,1.0288731324377423
2013-02-19,0.9727750983803213,1.0292869911244469
2013-02-20,0.9718645732245481,1.0302504118570388
2013-02-22,0.9718645732245481,1.0312479607996408
2013-02-25,0.9718645732245481,1.0320351200270614
2013-02-26,0.9713760990909843,1.0325538368060772
2013-02-27,0.9716893187319134,1.0322208904402905
2013-02-28,0.9716893187319134,1.032357601452075
2013-03-01,0.9716893187319134,1.031759991222109
2013-03-04,0.9716893187319134,1.0317801214848317
2013-03-05,0.9716893187319134,1.0316335979435542
2013-03-06,0.9716893187319134,1.0323420086804564
2013-03-07,0.9719509301502058,1.0320640675197919
2013-03-08,0.9709597123396876,1.0331165900840364
2013-03-11,0.9709556359072825,1.0331209274730058
2013-03-12,0.970781499673265,1.0333062127537558
2013-03-13,0.9709226726551212,1.033155947303421
2013-03-14,0.9698233453907521,1.0343257381973858
2013-03-15,0.9698233453907521,1.0350663341791182
2013-03-18,0.9698233453907521,1.0348569337823115
2013-03-19,0.968987866980172,1.0357484369929975
2013-03-20,0.9690030920050524,1.0357321630062322
2013-03-21,0.9679916181382326,1.0368132906358023
2013-03-22,0.9684031879077006,1.0363724593320882
2013-03-25,0.9677922710971841,1.0370262545335789
2013-03-26,0.9676574291292461,1.0371707428345718
2013-03-27,0.9679192592064533,1.036890103749397
2013-03-28,0.967526477558655,1.0373108737667953
2013-03-29,0.9681679511489686,1.0366231328667783
2013-04-01,0.9680391573575206,1.0367610331385506
2013-04-02,0.9674259807555965,1.03741773963898
2013-04-03,0.9670438267162991,1.0378275419262126
2013-04-04,0.9670438267162991,1.0389004396411443
2013-04-05,0.9668271052027834,1.0386676145411324
2013-04-08,0.9668271052027834,1.0391087422184446
2013-04-09,0.9668271052027834,1.0390052966543288
2013-04-10,0.9668271052027834,1.0390302944512977
2013-04-11,0.9668271052027834,1.0387887429350233
2013-04-12,0.9668271052027834,1.0389352167491137
2013-04-15,0.9663644176406717,1.0394324125766228
2013-04-16,0.9667075453021858,1.03906334061317
2013-04-17,0.9667642938062443,1.0390023446165129
2013-04-18,0.9667217204385672,1.0390480991288775
2013-04-19,0.9667808016529319,1.0389845976866505
2013-04-23,0.9669791203568301,1.0395160938381507
2013-04-24,0.966988740627994,1.0395057519119484
2013-04-25,0.9662285354801856,1.0403229668293283
2013-04-26,0.9664108794388984,1.0401266399758504
2013-04-29,0.9661757325706719,1.0403797233456187
2013-04-30,0.966126632717674,1.04043259415344
2013-05-01,0.9659168901757605,1.0406584682465425
2013-05-02,0.9661831779583107,1.0403715754106062
2013-05-03,0.9662456813898479,1.0403042726516465
2013-05-06,0.9655753069974146,1.0410260283688069
2013-05-07,0.9659167858052713,1.040657866171059
2013-05-08,0.966009720571259,1.0405577402630233
2013-05-09,0.9656846794881219,1.0409078651196986
2013-05-10,0.9662546591618554,1.0402934861842659
2013-05-13,0.9659942949118911,1.0400131716411951
2013-05-14,0.9660126719969289,1.0400329568620772
2013-05-15,0.9660126719969289,1.0403722834524238
2013-05-16,0.9658048382644728,1.0401484515493011
2013-05-17,0.9663430083105488,1.0407280476725738
2013-05-20,0.9666288162580214,1.0410358559193604
2013-05-21,0.9670474728973218,1.041486738994125
2013-05-22,0.9663220957749639,1.0407055253775461
2013-05-23,0.9668928384999845,1.0413202014882292
2013-05-24,0.9663951834508906,1.0407842390367976
2013-05-27,0.9661598958284855,1.0405308399582083
2013-05-28,0.9674075801215717,1.0418745657649748
2013-05-29,0.9675265238709401,1.0420026653062335
2013-05-30,0.9684109886899473,1.0429552125243582
2013-05-31,0.9681644285670813,1.0426896732354127
2013-06-03,0.9679081980615918,1.0424137191782725
2013-06-04,0.9682881348178837,1.0428229018755282
2013-06-05,0.9686112519648171,1.043170891227762
2013-06-06,0.9679739020966672,1.04248448083491
2013-06-07,0.9684958611351511,1.0430466180950906
2013-06-10,0.9691416696728952,1.0437421382705112
2013-06-11,0.9689650441794068,1.0435519168859444
2013-06-12,0.9686891915513631,1.0432548302774003
2013-06-13,0.9689983976564477,1.0435878377740198
2013-06-14,0.9689983976564477,1.0432866196236679
2013-06-17,0.9689983976564477,1.043042178611573
2013-06-18,0.9690855708051846,1.043136012895711
2013-06-20,0.9695607049474015,1.0432620478211683
2013-06-21,0.96996431293566,1.0428277594943012
2013-06-24,0.9697179133176037,1.0430926685824098
2013-06-25,0.969077519865481,1.0437815180980716
2013-06-26,0.9685040302296914,1.04316381944096
2013-06-27,0.9691682200527753,1.0438792101580412
2013-06-28,0.9687871454265643,1.0442896609668788
2013-07-01,0.9687871454265643,1.044674789611288
2013-07-02,0.9686151543986927,1.0444893260740136
2013-07-03,0.9686151543986927,1.0446248375223353
2013-07-04,0.9687049242175676,1.044721651806141
2013-07-05,0.9690036376663794,1.0450438060554461
2013-07-08,0.9692182594583988,1.04527526976278
2013-07-09,0.9693289613573989,1.0453946587200262
2013-07-10,0.9702217160717457,1.0463574701567322
2013-07-11,0.9708062980450417,1.046987925757287
2013-07-12,0.9712607077116383,1.0474779941007166
2013-07-15,0.9720034290482286,1.0482789986607182
2013-07-16,0.971707099581554,1.0479594154706635
2013-07-17,0.9719356956120517,1.0482059500103438
2013-07-18,0.9714005126563273,1.0476287698933184
2013-07-19,0.9714005126563273,1.0471991173898154
2013-07-22,0.9714005126563273,1.0482676066062984
2013-07-23,0.9714005126563273,1.0485772392097579
2013-07-24,0.9714005126563273,1.0487648419341675
2013-07-25,0.9714005126563273,1.0492635323710362
2013-07-26,0.9714005126563273,1.0493815081208135
2013-07-29,0.9714005126563273,1.0498007525912982
2013-07-30,0.971092208794888,1.05013393918277
2013-07-31,0.971092208794888,1.0501562067650796
2013-08-01,0.971092208794888,1.0498715383081343
2013-08-02,0.9707648223351388,1.0502254838171243
2013-08-05,0.9707648223351388,1.0498238008381378
2013-08-06,0.9707648223351388,1.0500084855217098
2013-08-07,0.9709530333760809,1.0502120602552716
2013-08-08,0.9709530333760809,1.0501462892081892
2013-08-09,0.9712132973925264,1.0504277809814158
2013-08-12,0.9713673290836603,1.0505943758663427
2013-08-13,0.9713673290836603,1.051152585924778
2013-08-14,0.9717554589674512,1.0515725956562214
2013-08-15,0.9717554589674512,1.052245476879972
2013-08-19,0.971507453069999,1.0532411583452945
2013-08-20,0.9709128920917437,1.0538857402179973
2013-08-21,0.9709447523468692,1.0538511572303473
2013-08-22,0.971104488164516,1.0536777819936292
2013-08-23,0.9707520104283216,1.0540602310130724
2013-08-26,0.9706977011715994,1.054119200994151
2013-08-27,0.9705931947415961,1.0542326886786904
2013-08-28,0.9709045424342301,1.0538945110395954
2013-08-29,0.9707363479790692,1.0540770822454495
2013-08-30,0.9706731262355297,1.0541457317722784
2013-09-02,0.9700307549110033,1.054843343534323
2013-09-03,0.9695966027339075,1.0553154548893209
2013-09-04,0.9693518876496826,1.055581804430665
2013-09-05,0.9692358892702231,1.0557081215919157
2013-09-06,0.969059488187566,1.0559002606343102
2013-09-09,0.9687286117599472,1.0562607880430188
2013-09-10,0.9681683614293422,1.056871661355237
2013-09-11,0.968324674578446,1.0567010268414825
2013-09-12,0.968500430335718,1.05650923033556
2013-09-13,0.968535864077793,1.056470576686687
2013-09-16,0.9687426966275,1.0562449655233104
2013-09-17,0.9684627457466503,1.0565502031364773
2013-09-18,0.9686499446768083,1.0567544289247732
2013-09-19,0.9690248023631458,1.0571633821513031
2013-09-20,0.9686835923623929,1.0567911370678542
2013-09-23,0.969542172570779,1.057727810262113
2013-09-24,0.9695626749929668,1.0577501775017641
2013-09-25,0.9696886406345979,1.0578876004690783
2013-09-26,0.9699019991047397,1.0581203651633933
2013-09-27,0.9687168965147804,1.0568274704313467
2013-09-30,0.968584126054899,1.0566826237070155
2013-10-01,0.9691602320174687,1.0573111299396551
2013-10-02,0.9694168366202287,1.0575910742600356
2013-10-03,0.9702297001200435,1.0584778725386719
2013-10-04,0.9705299870425397,1.0588054723460532
2013-10-07,0.9709963470380604,1.0593142505620106
2013-10-08,0.9708762908679339,1.0591832745678467
2013-10-09,0.9709816326515066,1.0592981978143228
2013-10-10,0.9709957084044639,1.059313553840883
2013-10-11,0.971446393459034,1.05980523138661
2013-10-14,0.97080569843149,1.0591062613286772
2013-10-16,0.970086378481352,1.058588579000189
2013-10-17,0.9699839024141411,1.0584767539124682
2013-10-18,0.9703073374867814,1.058829696373614
2013-10-21,0.9700230009751333,1.0585194194843592
2013-10-22,0.970095198194181,1.058598203346513
2013-10-23,0.9711394069849464,1.0597376766187037
2013-10-24,0.9712239813116211,1.0598299667675817
2013-10-25,0.971012704796286,1.0595994152300012
2013-10-28,0.9709174438483598,1.059495463505973
2013-10-29,0.9715812665971528,1.060219847639119
2013-10-30,0.9716871247129774,1.0603353633240025
2013-10-31,0.9711197799786598,1.0597162590159463
2013-11-01,0.9711805504628643,1.059782573667864
2013-11-04,0.9713062697001956,1.0599197624293513
2013-11-05,0.970903572585505,1.0594803267503603
2013-11-06,0.9715263212478427,1.060159889556479
2013-11-07,0.9716154227216783,1.0602571198698478
2013-11-08,0.9720504049081142,1.0607317860282888
2013-11-11,0.9720504049081142,1.0601049688131998
2013-11-12,0.9720504049081142,1.0602501051533473
2013-11-13,0.9720504049081142,1.0605446313382243
2013-11-14,0.9720504049081142,1.060734277911107
2013-11-15,0.9720504049081142,1.0596841914011197
2013-11-18,0.9723597055923313,1.0593470061648402
2013-11-19,0.9723597055923313,1.0588166827808614
2013-11-20,0.9723597055923313,1.059094109242578
2013-11-21,0.9723597055923313,1.0592311296963928
2013-11-22,0.9710252864027398,1.0606847670052513
2013-11-25,0.9712822795662479,1.0604040444148362
2013-11-26,0.9704834458443,1.0612761765718717
2013-11-27,0.9700056542165649,1.0617986675778255
2013-11-28,0.9696142188291551,1.0622271450521452
2013-11-29,0.9695661508690484,1.0622798042345716
2013-12-02,0.969016846338433,1.062881635382167
2013-12-03,0.9684672002426905,1.0634845234984383
2013-12-04,0.9684672002426905,1.0634897535235175
2013-12-05,0.968396213954615,1.063567704733419
2013-12-06,0.9685042892874083,1.0634490080347117
2013-12-09,0.9681482236574548,1.0638399796030957
2013-12-10,0.9682058785380295,1.0637766261149872
2013-12-11,0.968566320909751,1.0633806047949372
2013-12-13,0.968566320909751,1.0643975289678957
2013-12-16,0.968566320909751,1.0647276554083493
2013-12-17,0.968566320909751,1.064046711063106
2013-12-18,0.968566320909751,1.06426112299292
2013-12-19,0.968566320909751,1.0644943045214774
2013-12-20,0.968566320909751,1.0641433449463094
2013-12-23,0.9675434908311148,1.0652671067349389
2013-12-24,0.9673465472769099,1.0654839419389022
2013-12-25,0.9673465472769099,1.0655012694868662
2013-12-26,0.9667476884821382,1.0661608932875288
2013-12-27,0.9663068120201855,1.0666471062344074
2013-12-30,0.9663068120201855,1.0671582074067716
2013-12-31,0.9663068120201855,1.0669803013592272
2014-01-01,0.9663068120201855,1.0663629469038052
2014-01-02,0.9663068120201855,1.0663473439508357
2014-01-03,0.9663068120201855,1.0662385047031369
2014-01-06,0.9663068120201855,1.0676494843570081
2014-01-07,0.9663068120201855,1.0680656420970163
2014-01-08,0.9665443333288808,1.0683281760519958
2014-01-09,0.9665443333288808,1.0689090039280473
2014-01-10,0.9665443333288808,1.069205474685583
2014-01-13,0.9665443333288808,1.0695842831062594
2014-01-14,0.9665443333288808,1.0693882701581197
2014-01-15,0.9665443333288808,1.069284584618532
2014-01-16,0.9665443333288808,1.0705427367885143
2014-01-17,0.9665443333288808,1.0711839185020775
2014-01-20,0.9665594527510807,1.0712006747763207
2014-01-21,0.9666951538409024,1.0713510670761128
2014-01-22,0.9679001671438054,1.072686536983846
2014-01-23,0.9679001671438054,1.0727999857430075
2014-01-24,0.9675562697086175,1.0724188171306956
2014-01-27,0.9668315221694785,1.0716155223529398
2014-01-28,0.9667204331670475,1.071492393662327
2014-01-29,0.9665085195988989,1.0712575131647244
2014-01-30,0.9664104503149943,1.0711488152535698
2014-01-31,0.9671394437126221,1.0719568160506867
2014-02-03,0.9669964198122735,1.071798291397563
2014-02-04,0.9669964198122735,1.0719042056413544
2014-02-05,0.9669964198122735,1.0714588522241997
2014-02-06,0.9657469135520423,1.0700743646335487
2014-02-07,0.9666121566620328,1.0710330779964226
2014-02-11,0.9669023347871416,1.071080293222912
2014-02-12,0.9669030120765272,1.0710810434861884
2014-02-13,0.9669030120765272,1.0716477545683891
2014-02-14,0.9669030120765272,1.0720265748198472
2014-02-17,0.9669030120765272,1.0727191983377369
2014-02-18,0.9669030120765272,1.072459564168781
2014-02-19,0.9669030120765272,1.0733431894372012
2014-02-20,0.9667911642040427,1.0732190289467642
2014-02-21,0.9673350375582295,1.073822773845003
2014-02-24,0.9680641255740833,1.0746321225041164
2014-02-25,0.9683417012845621,1.0749402547517923
2014-02-26,0.967989189890581,1.074548937629803
2014-02-27,0.9682024650060278,1.0747856908406028
2014-02-28,0.9682869405573985,1.074879465765911
2014-03-03,0.96881475813258,1.0754653874069757
2014-03-04,0.9684591703967255,1.0750706552882836
2014-03-05,0.9684591703967255,1.074943849403847
2014-03-06,0.9680221808006287,1.0744588116315419
2014-03-07,0.9688173505357838,1.0753414124082858
2014-03-10,0.9690058585224212,1.0755506473528178
2014-03-11,0.9690058585224212,1.0758367290260586
2014-03-12,0.9690058585224212,1.0755822052863955
2014-03-13,0.9690058585224212,1.076206260505445
2014-03-14,0.9690398810330949,1.07616847410956
2014-03-17,0.9685361631441198,1.0767278786527272
2014-03-18,0.9681103591375754,1.0772012477040183
2014-03-19,0.9679226355661058,1.07741012478451
2014-03-20,0.9680013401213606,1.0773225174886556
2014-03-21,0.9680013401213606,1.077597526561184
2014-03-24,0.9680234288154628,1.0775729370062495
2014-03-25,0.9686775829184247,1.076844753434447
2014-03-26,0.9686764829108659,1.076845976274109
2014-03-27,0.9686764829108659,1.0768750199022068
2014-03-28,0.9686764829108659,1.0772607504559628
2014-03-31,0.9692806446107393,1.0779326359592079
2014-04-01,0.9692806446107393,1.077839523665256
2014-04-02,0.9692806446107393,1.0778065553068825
2014-04-03,0.9692806446107393,1.0775664410086094
2014-04-04,0.9692806446107393,1.0780703045949334
2014-04-07,0.9688084097386389,1.078595541940006
2014-04-08,0.9678585664584123,1.0796530231894415
2014-04-10,0.9678769686657072,1.0802066724195802
2014-04-11,0.9668761678585225,1.0813236239998767
2014-04-14,0.9668761678585225,1.0815327171834241
2014-04-15,0.9671988794962637,1.0818936974268467
2014-04-16,0.9672647976620432,1.081967432466883
2014-04-17,0.9677709369626023,1.0825335920550538
2014-04-18,0.9677219479631881,1.0824787937185036
2014-04-21,0.9691708624899892,1.084099527083572
2014-04-22,0.9693485705846863,1.0842983086079412
2014-04-23,0.9693485705846863,1.0856818563376618
2014-04-24,0.9687009352715666,1.0849564971321972
2014-04-25,0.9682771505642559,1.0844818532510565
2014-04-28,0.9682334529850207,1.0844329114458264
2014-04-29,0.9676353739405336,1.083763055846964
2014-04-30,0.9682921914502692,1.084498699221168
2014-05-01,0.9676305487898154,1.0837576516211282
2014-05-02,0.9676305487898154,1.0835157383981264
2014-05-05,0.9671954549696418,1.0840029398433757
2014-05-06,0.9675365491986766,1.08362065191477
2014-05-07,0.9668765578979851,1.0843598283356561
2014-05-08,0.9662181036403921,1.0850982900760906
2014-05-09,0.9657816396331584,1.0855884551290373
2014-05-12,0.9655373647589496,1.0858630327068632
2014-05-13,0.9650670511215794,1.0863919570253184
2014-05-14,0.9652781171961533,1.0861543564507765
2014-05-15,0.9649648901335335,1.0865068071409578
2014-05-16,0.9650413450997438,1.0864207223081555
2014-05-19,0.9644852635291821,1.0870467457885167
2014-05-20,0.9635227454800681,1.0881315753371026
2014-05-21,0.9633122241033466,1.0883693226641573
2014-05-22,0.9622775680936039,1.0895382976157233
2014-05-23,0.9620146300725281,1.0898360090592405
2014-05-26,0.9614980638473372,1.0904212106306912
2014-05-27,0.9625010761519408,1.08928370871302
2014-05-28,0.9626455595608764,1.089120193650614
2014-05-29,0.9624129569961912,1.0893833560864428
2014-05-30,0.9628163570815819,1.088926735738936
2014-06-02,0.9624826068915558,1.0893042007687979
2014-06-03,0.9624950461119431,1.0892901224935905
2014-06-04,0.9623280612180598,1.0894791052797852
2014-06-05,0.9625164366627164,1.0892658400543678
2014-06-09,0.9623551375345416,1.0891555076203234
2014-06-10,0.9624642588367964,1.0890320084434457
2014-06-11,0.9614218542058486,1.0902114932902116
2014-06-12,0.9605925611919405,1.0911518762980585
2014-06-13,0.9601353731258131,1.0916712032596967
2014-06-16,0.9603932938330878,1.091377948145119
2014-06-17,0.959577009758999,1.0923055623252709
2014-06-18,0.959577009758999,1.0912326130795693
2014-06-19,0.9600720423772888,1.090669661141244
2014-06-20,0.9595718579704662,1.0912378851217557
2014-06-23,0.9592811268609884,1.091568508407975
2014-06-24,0.9589990582323679,1.091889475039748
2014-06-25,0.9582082860415616,1.0927898261140097
2014-06-26,0.9582082860415616,1.0933519737358455
2014-06-27,0.9582082860415616,1.0934989637612298
2014-06-30,0.9582082860415616,1.0941955238437806
2014-07-01,0.9581754784425472,1.0942329874396526
2014-07-02,0.9581754784425472,1.0947336199494369
2014-07-03,0.9581754784425472,1.095735338353445
2014-07-04,0.9575345484741601,1.0964682830296257
2014-07-07,0.9577300874147704,1.0966921937457643
2014-07-08,0.9566544193867231,1.0954604513739592
2014-07-09,0.956855070303533,1.0956902157898682
2014-07-10,0.9576237849782246,1.0965704673284074
2014-07-11,0.9577346848097497,1.0966974582010127
2014-07-14,0.9585545021052436,1.0976362271089553
2014-07-15,0.9581923006054948,1.0972214718845372
2014-07-16,0.9586500981735374,1.09774569371466
2014-07-17,0.9587677283974875,1.0978803915278015
2014-07-18,0.9586853974214918,1.0977861147165533
2014-07-21,0.9593734896764587,1.09857404590355
2014-07-22,0.9604081756618961,1.099758859932177
2014-07-23,0.9599906324768039,1.1002369866587565
2014-07-24,0.9599906324768039,1.0992836905178327
2014-07-25,0.9594580617556253,1.0998935363726081
2014-07-28,0.9580940023449789,1.1014572525878359
2014-07-29,0.9580940023449789,1.1013991291408483
2014-07-30,0.9580940023449789,1.1007791243626799
2014-07-31,0.9583473272848744,1.1004880727489188
2014-08-01,0.9583473272848744,1.1004188116457392
2014-08-04,0.9579837143903914,1.1008363288212497
2014-08-06,0.9569875211227434,1.1014084352848685
2014-08-07,0.9567487022367964,1.1016832948098694
2014-08-08,0.9571958839065761,1.1011683711165425
2014-08-11,0.957390863454316,1.1009440645617445
2014-08-12,0.9571525318945856,1.1012181320571626
2014-08-13,0.9570231599555228,1.10136697638482
2014-08-14,0.9558743207775722,1.102689090190123
2014-08-15,0.955671610181989,1.1029229355371073
2014-08-18,0.9552437248232372,1.102429120955906
2014-08-19,0.9552437248232372,1.103007277198059
2014-08-20,0.9553713116343134,1.103154599998968
2014-08-21,0.9554844298688703,1.1030239838717353
2014-08-22,0.9554844298688703,1.1031808244252246
2014-08-25,0.9553811742408691,1.1030616078003754
2014-08-26,0.9553811742408691,1.1033750554500554
2014-08-27,0.9553811742408691,1.1035582425844734
2014-08-28,0.9553811742408691,1.1033517627426834
2014-08-29,0.9552150591183853,1.1035436059756802
2014-09-01,0.9550106103204368,1.103779802172099
2014-09-02,0.9550097472938052,1.1037807996388855
2014-09-03,0.9550097472938052,1.1032558105471217
2014-09-04,0.9559005739388708,1.1042849201191904
2014-09-05,0.9553661174623286,1.1036675000196567
2014-09-08,0.9558074187733224,1.1041773044870307
2014-09-09,0.9558074187733224,1.1044641219754172
2014-09-10,0.9563994435838022,1.1037800195614251
2014-09-11,0.9554961595209902,1.1048224991521538
2014-09-12,0.95496317204015,1.105438782697337
2014-09-15,0.9548604205422729,1.1055577249707766
2014-09-16,0.9548604205422729,1.1058590871624756
2014-09-17,0.9540717775978232,1.104945730667763
2014-09-18,0.9536544014208594,1.1054291094193909
2014-09-19,0.9539200228025185,1.105737004613848
2014-09-22,0.9539200228025185,1.1057130248450893
2014-09-23,0.9539200228025185,1.1062888008802387
2014-09-24,0.9535426322045408,1.106726471735363
2014-09-25,0.9535173748618823,1.1067557865963689
2014-09-26,0.9533357197212695,1.106966635274472
2014-09-29,0.9533264929247388,1.106977348977629
2014-09-30,0.9535119788218843,1.1071927302643325
2014-10-01,0.9535119788218843,1.1080786649699232
2014-10-03,0.9528794410781287,1.107219897457895
2014-10-06,0.9525991618630237,1.1075455742543816
2014-10-07,0.952572328576643,1.107576772148274
2014-10-08,0.952693638403501,1.1077178217488455
2014-10-09,0.9529967915047505,1.1080703045192093
2014-10-10,0.9521744531741124,1.1071141536773905
2014-10-13,0.9526286107851084,1.1076422127084409
2014-10-14,0.9520885589451218,1.1070142825704545
2014-10-15,0.9527006547357199,1.1077259797924484
2014-10-16,0.9527006547357199,1.1074026152426217
2014-10-17,0.9526620307834813,1.1074475110506672
2014-10-20,0.952405881802516,1.1077452782989272
2014-10-21,0.952069321468501,1.1081367323291795
2014-10-22,0.9514734110658186,1.1088303269987052
2014-10-23,0.9515819862902881,1.108703795347634
2014-10-24,0.9515819862902881,1.1091720284215063
2014-10-27,0.9505877352756217,1.1103309358310474
2014-10-28,0.9498229235832053,1.1112242716596745
2014-10-29,0.9498229235832053,1.1114938854552459
2014-10-30,0.9498229235832053,1.1115096556278683
2014-10-31,0.9496944532942792,1.111359316061348
2014-11-03,0.9501018570422386,1.110882560670051
2014-11-04,0.9491256545891464,1.1120239606923594
2014-11-05,0.9487590483765853,1.1124534874789713
2014-11-06,0.9479409150942285,1.1134127776430418
2014-11-07,0.9479409150942285,1.1131944919981858
2014-11-10,0.9475355125117854,1.1136705680010586
2014-11-11,0.9475355125117854,1.1133234051062275
2014-11-12,0.9471298849376218,1.1138000043113334
2014-11-13,0.9473800164429441,1.113505856194864
2014-11-14,0.9471753932836429,1.113746360619953
2014-11-17,0.9467630638044684,1.1132615185726793
2014-11-18,0.9470111769666264,1.1135532650996
2014-11-19,0.9471040267501399,1.113662443514924
2014-11-20,0.947773844896682,1.1144500563776298
2014-11-21,0.9480458442643275,1.1147698897558556
2014-11-24,0.9474811819516011,1.1141059255099115
2014-11-25,0.9472883403722037,1.1138791706672992
2014-11-26,0.9475873426427517,1.1142307556989643
2014-11-27,0.9475873426427517,1.1144042823619635
2014-11-28,0.9484774998146738,1.1154511462442929
2014-12-02,0.9488465581501557,1.1163265506602276
2014-12-03,0.9501273184365684,1.1178333767117874
2014-12-04,0.9506198487784009,1.1184128431100904
2014-12-05,0.9509241043869489,1.1187708025831917
2014-12-08,0.9512221941321735,1.1191215078623704
2014-12-09,0.9512221941321735,1.1199144159172627
2014-12-10,0.9511101002018352,1.1197824429573202
2014-12-11,0.9513034713268508,1.1200101070213666
2014-12-12,0.9514126484452705,1.1201386458943667
2014-12-15,0.9509475125725377,1.1206862701744216
2014-12-16,0.9510225402604563,1.1205978504681584
2014-12-17,0.9510225402604563,1.1204381251537927
2014-12-18,0.9507899076084038,1.1207121990915605
2014-12-19,0.9502663386503181,1.1213293387074703
2014-12-22,0.9502663386503181,1.1213689632591917
2014-12-23,0.9502663386503181,1.1220105519600976
2014-12-24,0.9502663386503181,1.1226230005042088
2014-12-25,0.950481186748495,1.1223691838563723
2014-12-26,0.9495454623283902,1.12347412761365
2014-12-29,0.9499641512882814,1.122978747210481
2014-12-30,0.9497434709744824,1.123239619478122
2014-12-31,0.949258044144895,1.1238137225533351
2015-01-01,0.9491480272178808,1.1239439701009373
2015-01-02,0.9486370817800698,1.1245490117039438
2015-01-05,0.9481426360118038,1.1251351457595529
2015-01-06,0.9481426360118038,1.1242409764360757
2015-01-07,0.9483859879761777,1.1245295261116774
2015-01-08,0.9483243641647385,1.124456456922177
2015-01-09,0.9480010136242525,1.1240730505510679
2015-01-12,0.9480010136242525,1.1250201245799936
2015-01-13,0.9481236718092972,1.125165686583237
2015-01-14,0.9481236718092972,1.1257867763246243
2015-01-15,0.9481236718092972,1.1253455943272204
2015-01-16,0.9481236718092972,1.1267829515529806
2015-01-19,0.9478222217876491,1.1271412051808962
2015-01-20,0.9479848242424606,1.127334570479439
2015-01-21,0.9479095130440413,1.1272450111158805
2015-01-22,0.9480194220728861,1.1273757138915539
2015-01-23,0.9486981012009706,1.1281827926799342
2015-01-26,0.9490698803735472,1.128624908949216
2015-01-27,0.948994513973184,1.1285352839400289
2015-01-29,0.9487242376692337,1.1290982601874024
2015-01-30,0.9486203852143191,1.1289746630223838
2015-02-02,0.949843004006652,1.1304297294120513
2015-02-03,0.9501941153667279,1.1308475950151982
2015-02-04,0.9503685727995113,1.1310552207677733
2015-02-05,0.9510116630525561,1.1318205770821017
2015-02-06,0.9513650003932138,1.1322410918752897
2015-02-09,0.9512031853517536,1.132048512119729
2015-02-10,0.9505042369715486,1.131216677779764
2015-02-11,0.9504722467429371,1.1311786054822153
2015-02-12,0.9507026957789004,1.1314528681132694
2015-02-13,0.9507026957789004,1.131401581941637
2015-02-16,0.9508672644722912,1.1315974300031466
2015-02-17,0.9508672644722912,1.1322343082099142
2015-02-18,0.9508672644722912,1.1328227833629774
2015-02-19,0.9503971088705119,1.1333829067338421
2015-02-20,0.9503971088705119,1.133301942968198
2015-02-23,0.9503971088705119,1.1328959654441846
2015-02-24,0.9503971088705119,1.1326590029627934
2015-02-25,0.9503017819742186,1.1325453948022641
2015-02-26,0.9504642132731824,1.1327389762761735
2015-02-27,0.9504642132731824,1.132404121669631
2015-03-02,0.9497822063646525,1.1332166798106331
2015-03-03,0.9497822063646525,1.1325018931757473
2015-03-04,0.9495092562608778,1.1328273535888778
2015-03-05,0.9490587535742736,1.133364833095144
2015-03-06,0.9485167739758893,1.1340120644859828
2015-03-09,0.9487005500819277,1.1337923484755443
2015-03-10,0.9487005500819277,1.1332601763825547
2015-03-11,0.9485634023118463,1.1330963479689427
2015-03-12,0.9482675454303187,1.1327429352701568
2015-03-13,0.9485736688345588,1.1331086117347209
2015-03-16,0.9481528595540385,1.1336112849959779
2015-03-17,0.9477326952664986,1.1341136332967905
2015-03-18,0.9473503332596683,1.134571190545756
2015-03-19,0.947747699043835,1.1340952950348813
2015-03-20,0.9472746522479212,1.1346613530122505
2015-03-23,0.9472746522479212,1.134161671393794
2015-03-24,0.9477561624725773,1.1335851644220374
2015-03-25,0.9477561624725773,1.1325569082994764
2015-03-26,0.9472337774765399,1.1331811519176986
2015-03-30,0.9474396849366093,1.1327170858773965
2015-03-31,0.9474396849366093,1.1332845889884613
2015-04-01,0.9464191232195069,1.1345053388520066
2015-04-02,0.9454513501383923,1.135665441918803
2015-04-03,0.9459622639112799,1.1350517380877345
2015-04-06,0.9453065078910591,1.1358385739255992
2015-04-07,0.9453646423363318,1.1357687221422217
2015-04-08,0.9451918014204893,1.1359763746154887
2015-04-09,0.9449235081503156,1.1362988222032986
2015-04-10,0.9446194109835391,1.1366645081550852
2015-04-13,0.9449956443849137,1.1362117849216302
2015-04-14,0.9456237878928836,1.135456539052913
2015-04-15,0.9449292987514331,1.1362904459903838
2015-04-16,0.9446474271068074,1.1366294005102688
2015-04-17,0.9440780457838687,1.1373144979690484
2015-04-20,0.9443953340293352,1.1369322663058763
2015-04-21,0.9447208927400034,1.136540334887541
2015-04-22,0.9450676110439381,1.1361232176836198
2015-04-23,0.9454581646050476,1.1356537095094528
2015-04-24,0.9446765092434609,1.1365926086000484
2015-04-27,0.9453496113575125,1.1357827621815355
2015-04-28,0.9457005445953289,1.1353611362376521
2015-04-29,0.945893448287354,1.135129545639324
2015-04-30,0.9464400762413273,1.1344735589188841
2015-05-01,0.9455345909553042,1.1355589410162514
2015-05-04,0.9449521268119806,1.136258463140666
2015-05-05,0.9442446521162104,1.1371091666712656
2015-05-06,0.9439760911773386,1.137432581905566
2015-05-07,0.9431729100798133,1.138400365261558
2015-05-08,0.943223454067319,1.138339359169013
2015-05-11,0.9432259319228479,1.1383363687424468
2015-05-12,0.9432259319228479,1.1383787377611267
2015-05-13,0.9435076389449972,1.1387187297751706
2015-05-14,0.9435076389449972,1.1397514458841858
2015-05-15,0.944106922178345,1.1404753763575692
2015-05-18,0.9437786477815702,1.1400788228979817
2015-05-19,0.9436680869212348,1.1399452660562308
2015-05-20,0.9436680869212348,1.1401445670722452
2015-05-21,0.9436680869212348,1.1405311031087053
2015-05-22,0.9424348565590086,1.1420216034285855
2015-05-25,0.9420802355370199,1.1424513252977655
2015-05-27,0.9413965923856781,1.1424945835318279
2015-05-28,0.9416187008484073,1.142225029002231
2015-05-29,0.941730633369855,1.142089249915174
2015-06-01,0.9413037228795645,1.1426069880712455
2015-06-02,0.9413939189529251,1.142497503044029
2015-06-03,0.9416505145497426,1.1421860926739875
2015-06-04,0.9416505145497426,1.1427324092392561
2015-06-05,0.9416505145497426,1.1416690082900516
2015-06-08,0.9426642763503703,1.1428981059347532
2015-06-09,0.9426260764745452,1.142944419947942
2015-06-10,0.9428906141591424,1.143265174781722
2015-06-11,0.943187524597726,1.1436251819335213
2015-06-12,0.9433590361917416,1.143833141615763
2015-06-15,0.9439398805651537,1.1445374217667348
2015-06-16,0.9437308908121254,1.144284019407081
2015-06-17,0.9448852330322108,1.1456836719650616
2015-06-18,0.9448882033921526,1.145687273558955
2015-06-19,0.9448957439935628,1.145696416620578
2015-06-22,0.9447242694551437,1.145488501868652
2015-06-23,0.9448840118203494,1.1456821912323327
2015-06-24,0.9448840118203494,1.1456144244279047
2015-06-25,0.9451393678327605,1.1459240280697518
2015-06-26,0.9457458080931768,1.146659300019743
2015-06-29,0.9463641870312384,1.1474090468906217
2015-06-30,0.9456920657098479,1.146594140646979
2015-07-01,0.9454579434655898,1.1463102816582078
2015-07-02,0.9461244797768888,1.14711841641663
2015-07-03,0.9461244797768888,1.1469603142771725
2015-07-06,0.9456989433215516,1.1474761802514521
2015-07-07,0.9458670254344205,1.1472722356217098
2015-07-08,0.9459196550555945,1.1472083994782345
2015-07-09,0.9463125314395818,1.1467319202283763
2015-07-10,0.9463125314395818,1.1477277112703204
2015-07-13,0.945842701993476,1.1482975402189513
2015-07-14,0.9453540620255284,1.1488907721295685
2015-07-15,0.9452228349502224,1.1490502526691133
2015-07-16,0.9451213449760899,1.1491736278946243
2015-07-17,0.9451213449760899,1.1500603348541918
2015-07-20,0.9452792619337087,1.1498681753710487
2015-07-21,0.9452792619337087,1.1499259059443636
2015-07-22,0.9444350609888064,1.1509528707530277
2015-07-24,0.9446304715179348,1.1506778906368007
2015-07-27,0.9442300490368217,1.1511656552281655
2015-07-28,0.9441783866994528,1.1512286397820977
2015-07-29,0.9442104616227531,1.1511895311021678
2015-07-30,0.9442104616227531,1.1518331538241067
2015-07-31,0.9442104616227531,1.152350162578662
2015-08-03,0.9456342552477441,1.154087814174279
2015-08-04,0.9452433684103255,1.154564867256147
2015-08-05,0.946210906510117,1.155746663960661
2015-08-06,0.9459315336071298,1.1554054247100807
2015-08-07,0.9459148011926941,1.1553849869492907
2015-08-10,0.9458244902309074,1.1552746768777349
2015-08-11,0.9455824903237651,1.1555702669871222
2015-08-12,0.9455747460831179,1.1555797310099059
2015-08-13,0.9459273666239459,1.1551487961193467
2015-08-14,0.9444167167468558,1.156993573475886
2015-08-17,0.9444167167468558,1.156465285757799
2015-08-18,0.9442956260168286,1.1563170066949444
2015-08-19,0.9449917881108255,1.1571694770935426
2015-08-20,0.9453937081200191,1.1576616396421735
2015-08-21,0.9446853650543805,1.1567942532953497
2015-08-24,0.9451728097518938,1.157391143271358
2015-08-25,0.9458175840433896,1.1581806878357876
2015-08-26,0.9451116575123544,1.1573162606047136
2015-08-27,0.9447135711940838,1.156828792520285
2015-08-28,0.9450668378421552,1.1572613776364375
2015-08-31,0.9451819217249797,1.15740230114306
2015-09-01,0.9454724457659297,1.15775805614197
2015-09-02,0.9454573276369193,1.1577395435605256
2015-09-03,0.9453245748275693,1.1575769839479333
2015-09-04,0.9453245748275693,1.1576885297158457
2015-09-07,0.9451103687607577,1.1579508564480039
2015-09-08,0.945528820478301,1.1574381686808102
2015-09-09,0.9451580039573961,1.1578920915920712
2015-09-10,0.9441855790679221,1.1590833877398845
2015-09-11,0.9439725497271376,1.1593449028228073
2015-09-14,0.9439725497271376,1.1586544872757445
2015-09-15,0.9450391125182867,1.1599636119576893
2015-09-16,0.9450391125182867,1.1604568337849623
2015-09-17,0.9450391125182867,1.1604149930228034
2015-09-18,0.9450676098556591,1.1603800010980143
2015-09-22,0.9450195664930389,1.1609090793647237
2015-09-23,0.9443001861588133,1.1600253567507908
2015-09-24,0.9443001861588133,1.1604166864704513
2015-09-25,0.9443001861588133,1.1612499312084683
2015-09-28,0.9443001861588133,1.1620420096168735
2015-09-29,0.9443001861588133,1.1620669397415424
2015-09-30,0.9443001861588133,1.1615573042316458
2015-10-01,0.9442552981812725,1.1615020887832652
2015-10-02,0.9443289400825254,1.161592673630702
2015-10-05,0.9448886170184767,1.1622811166094211
2015-10-06,0.9440951571502556,1.163257129448406
2015-10-07,0.9442705035510378,1.1630410781856828
2015-10-08,0.9448257656523648,1.1623571717938446
2015-10-09,0.9448257656523648,1.1630788695669805
2015-10-12,0.9451893464009504,1.1626313022996235
2015-10-13,0.9453452788702533,1.162439497376571
2015-10-14,0.9458154984280595,1.1618612940484854
2015-10-15,0.9449791942730126,1.162888629114802
2015-10-16,0.9443623634160265,1.163647699361029
2015-10-19,0.9445473826188115,1.163419717838259
2015-10-20,0.9443211613975363,1.163141076200721
2015-10-21,0.9436955505417329,1.1623704975947888
2015-10-22,0.9435502339977001,1.1621915080218284
2015-10-23,0.9430578099880783,1.1627980374695543
2015-10-26,0.9430578099880783,1.163625024440111
2015-10-27,0.9430578099880783,1.163258824122475
2015-10-28,0.943901642028779,1.1642996882742016
2015-10-29,0.943901642028779,1.1633678164560979
2015-10-30,0.9432377340981999,1.1641860893408293
2015-11-02,0.9433302296195482,1.1640719272421483
2015-11-03,0.9433341712169176,1.1640670633008663
2015-11-04,0.9430490753389028,1.1644188694069166
2015-11-05,0.942303500598391,1.1653394591398458
2015-11-06,0.942303500598391,1.1657566141059088
2015-11-09,0.9421809125731967,1.165908272038931
2015-11-10,0.9419216970294566,1.1662290401023194
2015-11-11,0.9419216970294566,1.1669257400067916
2015-11-12,0.941982329091602,1.1670008557135538
2015-11-13,0.9417404515771973,1.1673005123605742
2015-11-16,0.940863911232515,1.1683869964249878
2015-11-17,0.9410580184173445,1.168145949544605
2015-11-19,0.9406017028480939,1.1695723045783406
2015-11-20,0.9406017028480939,1.1703244703042037
2015-11-23,0.9413506188548489,1.171256293759609
2015-11-24,0.9420843636084865,1.1721692406929807
2015-11-25,0.9420843636084865,1.1729686729177344
2015-11-26,0.9420843636084865,1.1721414075941092
2015-11-27,0.9425140513583845,1.1726760251118677
2015-11-30,0.9425891394552393,1.1725826004983821
2015-12-01,0.9422435791378957,1.173012478160429
2015-12-02,0.9422054451016395,1.1730599517663645
2015-12-03,0.9421121784942937,1.1731760700954221
2015-12-04,0.9414867529252627,1.173954888507881
2015-12-07,0.9414867529252627,1.1733364404685016
2015-12-08,0.9423518504803213,1.1722583047615927
2015-12-09,0.9423518504803213,1.173161512026348
2015-12-10,0.9423518504803213,1.1739024602555028
2015-12-11,0.942391486477757,1.1739518354383294
2015-12-14,0.9429731039906923,1.1746763654841021
2015-12-15,0.9428202525665956,1.1744859560709842
2015-12-16,0.9428202525665956,1.1751630109166111
2015-12-17,0.9436569992932012,1.1741200615315766
2015-12-18,0.9438918274479758,1.1738278828610005
2015-12-21,0.9441185253845401,1.1735459603448943
2015-12-22,0.9446294099827084,1.1729109271999418
2015-12-23,0.9449832118032438,1.1724716247422968
2015-12-24,0.9449832118032438,1.1731709389300322
2015-12-25,0.9454070275660877,1.1736970946650955
2015-12-28,0.9457155851631915,1.174080160524242
2015-12-29,0.9457155851631915,1.173990748040742
2015-12-30,0.9458047643172162,1.1741014531019525
2015-12-31,0.9448984395491757,1.1752265449467867
2016-01-01,0.9448984395491757,1.1757211662394353
2016-01-04,0.9451144585981555,1.1759899550928887
2016-01-05,0.9451755551796567,1.1760659765371513
2016-01-06,0.944585446903287,1.175331714777515
2016-01-07,0.9456088172823146,1.1766050772524275
2016-01-08,0.9453209707453344,1.1762469146690309
2016-01-11,0.9447619644757623,1.1755513526110493
2016-01-12,0.9439557434858664,1.1745481854527466
2016-01-13,0.9444901445852614,1.17521313171313
2016-01-14,0.9447329265044098,1.1755152211538313
2016-01-18,0.944919197965995,1.1754134141659103
2016-01-19,0.9452576221822702,1.1758343902285668
2016-01-20,0.9455250439279557,1.176167044182254
2016-01-21,0.9466550718433665,1.1775727198982464
2016-01-22,0.9466859461320237,1.1776111253546269
2016-01-25,0.9468846611850412,1.17785831298656
2016-01-26,0.9475057274132488,1.1786308759499247
2016-01-27,0.9472802005353539,1.1783503362825083
2016-01-28,0.9479659930227836,1.1792034141867294
2016-01-29,0.9483049388262536,1.1796250390673872
2016-02-01,0.947798541708449,1.1789951164597783
2016-02-02,0.9485232029407777,1.1798965443649776
2016-02-03,0.9490787978931516,1.1805876656389118
2016-02-04,0.9494220197575456,1.18101460964038
2016-02-05,0.9493779929192301,1.180959843331842
2016-02-08,0.949717835499666,1.1813825837403436
2016-02-09,0.9508834661684579,1.1828325467922218
2016-02-10,0.9509219226428757,1.1828803839575472
2016-02-11,0.9515594468067369,1.1836734194421372
2016-02-12,0.951739209720313,1.183897031937726
2016-02-15,0.9515388376354965,1.1836477830740932
2016-02-16,0.9512557536488557,1.1832956463877506
2016-02-17,0.9521933742664526,1.184461980878249
2016-02-18,0.9521933742664526,1.1840459705046922
2016-02-19,0.952361275426123,1.1838371865570996
2016-02-22,0.9527755985598888,1.1833221602265893
2016-02-23,0.9525490320040493,1.1836035499123625
2016-02-24,0.952477143819313,1.183692875614024
2016-02-25,0.9523809840802573,1.183812378322073
2016-02-26,0.952632584202316,1.183499638626658
2016-02-29,0.9524117953320278,1.183773934879518
2016-03-01,0.9518308839017756,1.1844959626966622
2016-03-02,0.9524158444064168,1.1837680147304812
2016-03-03,0.9525007370693603,1.1838735287448354
2016-03-04,0.9525007370693603,1.1839779103415258
2016-03-07,0.9525007370693603,1.1850708869532403
2016-03-08,0.9532187590071561,1.1859642268337884
2016-03-09,0.9532187590071561,1.185881673018166
2016-03-10,0.9531826596937685,1.1858367625359179
2016-03-11,0.9531826596937685,1.1862523439774826
2016-03-14,0.9531826596937685,1.186228818137547
2016-03-16,0.9531039743938814,1.1858653714971354
2016-03-17,0.9531039743938814,1.1867037497195487
2016-03-18,0.9531039743938814,1.1868497554939121
2016-03-21,0.9540606422697575,1.1880410431866264
2016-03-22,0.9540606422697575,1.1883584483367382
2016-03-23,0.9540606422697575,1.1886305858211128
2016-03-24,0.9541008438844574,1.1886806715983838
2016-03-25,0.9548369290183794,1.1895977341677675
2016-03-28,0.9553166618895987,1.1901954164727397
2016-03-29,0.9555916423494527,1.1905380049525538
2016-03-30,0.9567828683483329,1.1920221115115728
2016-03-31,0.955958273705568,1.1909947780593062
2016-04-01,0.955958273705568,1.1905935287033338
2016-04-04,0.9561666471883973,1.1903340109743346
2016-04-05,0.9561666471883973,1.190608960170119
2016-04-06,0.9561666471883973,1.1917867377338425
2016-04-07,0.9567769518854456,1.1910260407925115
2016-04-08,0.9574228288548731,1.1902220328278335
2016-04-11,0.9571091828339827,1.190611942482504
2016-04-12,0.9571091828339827,1.1905351856832036
2016-04-13,0.9568867634311932,1.1908118501743075
2016-04-14,0.9559376667562159,1.1919929675339742
2016-04-15,0.9554206354190417,1.1926376724549528
2016-04-18,0.9555257669117183,1.1925064383428985
2016-04-19,0.955383891226787,1.1926835007242425
2016-04-20,0.9553853304108342,1.1926817040736148
2016-04-21,0.955489420433908,1.1925517604140827
2016-04-22,0.9551560564380428,1.1929678339065
2016-04-25,0.9548782400241214,1.1933148201851356
2016-04-26,0.9548782400241214,1.1941434901156365
2016-04-27,0.9548782400241214,1.195035845276489
2016-04-28,0.9554222706329978,1.1957167028468936
2016-04-29,0.9549304858945057,1.1951012312966747
2016-05-02,0.9549304858945057,1.1963113846823215
2016-05-03,0.9551701459187686,1.1960111450107287
2016-05-04,0.9557734235033005,1.1952557542379765
2016-05-05,0.9557734235033005,1.1960456155051549
2016-05-06,0.9546020581503338,1.197511450775438
2016-05-09,0.9543329407558809,1.1978490481634898
2016-05-10,0.9542523813034358,1.1979501638845458
2016-05-11,0.9538836181856765,1.1984131020401214
2016-05-13,0.9551668733555058,1.1972882564596126
2016-05-16,0.9554230208044673,1.1969671792309957
2016-05-17,0.9547819966760792,1.1977702631279377
2016-05-18,0.9543305493749832,1.1983366019932542
2016-05-19,0.9543085544211509,1.1983642206818246
2016-05-20,0.9542925799817534,1.1983842804376874
2016-05-23,0.954528263173794,1.1980883135210105
2016-05-24,0.954692437028413,1.1982943784267794
2016-05-25,0.9543403895864857,1.1978525015937398
2016-05-26,0.9536237907929396,1.196953053486068
2016-05-27,0.9536237907929396,1.1969425672397713
2016-05-30,0.9536237907929396,1.1973107204129219
2016-05-31,0.9540887505483577,1.197894494963324
2016-06-01,0.9537984603203236,1.1982589653188376
2016-06-02,0.9538698483578002,1.198169280380686
2016-06-03,0.9536446556541489,1.1984521480907255
2016-06-06,0.9532297224975521,1.1989735975948874
2016-06-07,0.9535998511690096,1.199439145924232
2016-06-08,0.9535998511690096,1.1995460559395152
2016-06-09,0.9535998511690096,1.2005591004729184
2016-06-10,0.9535998511690096,1.2004947985005578
2016-06-13,0.9535998511690096,1.2006547265087373
2016-06-14,0.9536661450283674,1.2005712574986709
2016-06-15,0.9534201504396007,1.2008809403308789
2016-06-16,0.9536085736631473,1.2006436117430905
2016-06-17,0.9530718076099891,1.2013194285829594
2016-06-20,0.9538369312861746,1.2003550123342244
2016-06-21,0.9529212374087882,1.2015073662633202
2016-06-22,0.9530499733475025,1.2013450473091445
2016-06-23,0.9529673938169232,1.2014491410217985
2016-06-24,0.952718650905867,1.2017627424721342
2016-06-27,0.9523659500411137,1.2022076406150386
2016-06-28,0.9526990544164178,1.2017871503349153
2016-06-29,0.9518232879013125,1.202891890535578
2016-06-30,0.9519470379967654,1.2027354980747451
2016-07-01,0.9508875338378472,1.2040741263927344
2016-07-04,0.9506056556691177,1.2044310584143292
2016-07-05,0.9511682188921631,1.2037182827074766
2016-07-06,0.9504133026087246,1.2046736410912404
2016-07-07,0.9504133026087246,1.2058239163924638
2016-07-08,0.9504133026087246,1.2060228115931377
2016-07-12,0.9504133026087246,1.2060094549407019
2016-07-13,0.9510441311105442,1.206809933149027
2016-07-14,0.9505100392658448,1.2061322071399883
2016-07-15,0.9500071017058725,1.2054940137867318
2016-07-18,0.9500071017058725,1.2058905860305045
2016-07-19,0.9492734019557564,1.2068219070912096
2016-07-20,0.9502231331003348,1.2056145032507959
2016-07-21,0.9506768367023907,1.2050388577799989
2016-07-22,0.9503137259471347,1.2054991220389653
2016-07-25,0.9496027419591657,1.2064010247999992
2016-07-26,0.94911742446146,1.2070175852844158
2016-07-27,0.9484376901520164,1.2078820212790295
2016-07-28,0.9485758212704968,1.207706104509458
2016-07-29,0.9484413810153328,1.2078772709183128
2016-08-01,0.9483332464200104,1.2080149845635675
2016-08-02,0.9473773017950524,1.209232695147607
2016-08-03,0.9478157087427042,1.2086731123774943
2016-08-04,0.9475140911649365,1.209057741006357
2016-08-05,0.9476529605584005,1.2088805392985174
2016-08-08,0.947910919380857,1.2085514722102615
2016-08-09,0.9487717724974846,1.2096490281938306
2016-08-10,0.9487717724974846,1.2099733390157454
2016-08-11,0.9487717724974846,1.2108708350781547
2016-08-12,0.9495434773873243,1.2118557241436614
2016-08-15,0.9491879576075513,1.21140199170231
2016-08-16,0.948308155804454,1.210279143853227
2016-08-17,0.9495664259939323,1.2118850123236569
2016-08-18,0.9502384312499282,1.2127426596410542
2016-08-19,0.9502384312499282,1.212971350169707
2016-08-22,0.9502384312499282,1.2134355328288413
2016-08-23,0.9502384312499282,1.2136704029040144
2016-08-24,0.9514012286670439,1.2151555594324346
2016-08-25,0.9515806226680974,1.215384686336143
2016-08-26,0.9509826548662431,1.2161484270975491
2016-08-29,0.9509826548662431,1.2175914373808372
2016-08-30,0.9509826548662431,1.2167402794148412
2016-08-31,0.9511980175898062,1.216464732327728
2016-09-01,0.9513517268222115,1.2162681572121408
2016-09-02,0.9511395845259132,1.2165393733276013
2016-09-05,0.9513522185294062,1.2162674073180206
2016-09-06,0.9513522185294062,1.2162553241738898
2016-09-08,0.9513522185294062,1.2166972749999367
2016-09-09,0.9509762088673164,1.216216391135551
2016-09-12,0.9512131323668725,1.2165193958173912
2016-09-13,0.9513991390563724,1.2167572822992203
2016-09-14,0.9522214994794486,1.2178090102148509
2016-09-15,0.9522214994794486,1.2181708391244914
2016-09-16,0.9518159137065106,1.2186897023948824
2016-09-19,0.9515440435065212,1.2190378006020501
2016-09-20,0.9511153096013101,1.2195870582432689
2016-09-21,0.9505845833046979,1.2202675928916797
2016-09-22,0.9505845833046979,1.2194160527301665
2016-09-23,0.9505845833046979,1.2194145148531568
2016-09-26,0.9511479541845039,1.2186918199555679
2016-09-27,0.9503545093767807,1.2197084490641146
2016-09-28,0.9502782833281112,1.219806279457598
2016-09-29,0.9496780901747464,1.2205767057529329
2016-09-30,0.9502529407614572,1.2213155342493325
2016-10-03,0.9507675397344331,1.2219769241726308
2016-10-04,0.9509301383067402,1.2217679438541418
2016-10-05,0.9509301383067402,1.2224534971755807
2016-10-06,0.951055683399231,1.2222921046282356
2016-10-07,0.9507194465014636,1.2218599746146102
2016-10-10,0.9501256644005014,1.2210968487676759
2016-10-11,0.9508404672091137,1.222015509835144
2016-10-12,0.9501946221235861,1.2211854728955276
2016-10-13,0.9503496222320522,1.2209862675155465
2016-10-14,0.9493967991659302,1.2222104316041003
2016-10-17,0.9493728600174074,1.2221796134287346
2016-10-18,0.9493728600174074,1.222148892160934
2016-10-19,0.9493728600174074,1.2233117022463837
2016-10-20,0.9501194012594102,1.2242736558433456
2016-10-21,0.9504653197923155,1.2247193881863991
2016-10-24,0.9494288457187312,1.223383842462807
2016-10-25,0.9496505704620629,1.2236695452510562
2016-10-26,0.9492122121011188,1.2231046998301427
2016-10-27,0.9496082084589067,1.2236149598122112
2016-10-28,0.9498289788665583,1.2238994328939306
2016-10-31,0.9494387109432034,1.22339655426978
2016-11-01,0.9487653263577602,1.2242642420647207
2016-11-02,0.9489348433341324,1.2244829827446653
2016-11-03,0.9495075872315072,1.2252220378660286
2016-11-07,0.9499890904204671,1.2259358953153308
2016-11-08,0.949891139159505,1.2260622988372405
2016-11-09,0.9500440142283207,1.2258649769015153
2016-11-10,0.9502379841520961,1.2256146927751304
2016-11-11,0.9493637605668229,1.2267422642769552
2016-11-14,0.9494543874557232,1.2268593699002281
2016-11-15,0.9494543874557232,1.2262886358078147
2016-11-16,0.9494543874557232,1.225933223282176
2016-11-17,0.9502614872726627,1.226975348626125
2016-11-18,0.9501217251465685,1.2267948881047992
2016-11-21,0.9501217251465685,1.2282976871487055
2016-11-22,0.9504104918575822,1.2286709987717073
2016-11-23,0.9496181389691236,1.2276466613688874
2016-11-24,0.9502926509162544,1.2285186564435049
2016-11-25,0.950619929224896,1.2289417550622597
2016-11-28,0.950619929224896,1.2287377640481283
2016-11-29,0.9496225259656944,1.230026972293073
2016-11-30,0.9499869417377353,1.23049899271854
2016-12-01,0.9497965729913486,1.2302524119073914
2016-12-02,0.9497965729913486,1.2312807867638809
2016-12-05,0.950043528468076,1.2316009306160776
2016-12-06,0.949663995284718,1.2311089179789543
2016-12-07,0.9494378038718501,1.2308156918832671
2016-12-08,0.9494378038718501,1.2314184139018303
2016-12-09,0.9495861742047349,1.2316108498457605
2016-12-12,0.9494423185775128,1.2314242694635784
2016-12-13,0.9494423185775128,1.2316970839289008
2016-12-14,0.9494423185775128,1.231833020231337
2016-12-15,0.9495768535720721,1.2320075696962514
2016-12-16,0.9497459222475312,1.2322269241246797
2016-12-19,0.9500321449657889,1.2325982774850592
2016-12-20,0.9501199972962379,1.2327122595558324
2016-12-21,0.9495296051550903,1.2334782508331543
2016-12-22,0.9495296051550903,1.2341026443610819
2016-12-23,0.9498405191262831,1.2345067389274174
2016-12-26,0.9496569629103256,1.2342681711036527
2016-12-27,0.9494636892209273,1.2340169734897217
2016-12-28,0.9494636892209273,1.2347225495361558
2016-12-29,0.9494636892209273,1.2348962479851993
2016-12-30,0.9494636892209273,1.2354263501765261
2017-01-02,0.9494983682654415,1.2354714739720734
2017-01-04,0.9495898863825284,1.2360252473270528
2017-01-05,0.9494273820064852,1.2358137249483176
2017-01-06,0.9496068089530315,1.2360472744407485
2017-01-09,0.9508422596269794,1.237655387844993
2017-01-10,0.9509839998789564,1.2378398827859338
2017-01-11,0.9501584254012444,1.2367652810945782
2017-01-12,0.9503579430939628,1.2370249815284442
2017-01-13,0.9508807992790939,1.2377055526411012
2017-01-16,0.9509669931453396,1.2378177461220683
2017-01-17,0.9507556216949339,1.237542616349719
2017-01-18,0.9502461748162927,1.2368794993418375
2017-01-19,0.9509125703705796,1.2377469072003424
2017-01-20,0.9509125703705796,1.237236219911841
2017-01-23,0.9509125703705796,1.236719516004233
2017-01-24,0.950980838323858,1.2368083026211816
2017-01-25,0.9508492544531737,1.2369794354318493
2017-01-26,0.9510404233461373,1.2367307398702942
2017-01-27,0.9512354487251646,1.2364771293240153
2017-01-30,0.9506827848667433,1.2371955174182119
2017-01-31,0.9507331744586262,1.237129941625535
2017-02-01,0.9504083719573316,1.2375525869168336
2017-02-02,0.9499740751752964,1.2381180965671645
2017-02-03,0.9496901817986574,1.237748093283604
2017-02-06,0.9496376914477364,1.23767968167631
2017-02-07,0.9495407362707202,1.2375533182708693
2017-02-08,0.9495407362707202,1.238038789224055
2017-02-09,0.9495407362707202,1.2391664136115939
2017-02-10,0.9493694391990114,1.239389959131974
2017-02-13,0.9493522614957669,1.2394123844092615
2017-02-14,0.9493522614957669,1.2386694449104056
2017-02-15,0.9493522614957669,1.238057556051817
2017-02-16,0.9487465954260366,1.238847409812625
2017-02-17,0.9492870352767678,1.2381417182059666
2017-02-20,0.9491356141926764,1.238339214594585
2017-02-21,0.949499088316453,1.237864989147523
2017-02-22,0.949499088316453,1.2380920196966732
2017-02-23,0.949499088316453,1.238481254390182
2017-02-24,0.949499088316453,1.2384623865390183
2017-02-27,0.949499088316453,1.238277959439552
2017-02-28,0.9498409447066798,1.237832131488246
2017-03-01,0.9499857406453809,1.237643433510514
2017-03-03,0.9494975219332625,1.2391409547893981
2017-03-06,0.9495531019921771,1.2392134894992628
2017-03-07,0.9491420839645962,1.239749888235823
2017-03-08,0.9487059958380786,1.240319497586462
2017-03-09,0.9487059958380786,1.2401150326218555
2017-03-10,0.9487059958380786,1.2397516285210193
2017-03-13,0.9480909327640643,1.2405553816869077
2017-03-14,0.9474525843187283,1.241390646081795
2017-03-15,0.9474525843187283,1.2422931992106505
2017-03-16,0.9472504149466815,1.2425582822766943
2017-03-17,0.947090658881857,1.242767842724871
2017-03-20,0.9474980166065772,1.2422333098625518
2017-03-21,0.9473811114185403,1.2423865803877983
2017-03-22,0.9474089435770467,1.2423500815598028
2017-03-23,0.9466565119542544,1.243336755259984
2017-03-24,0.9461152565147649,1.244047639063564
2017-03-27,0.946166868524623,1.2439797743942553
2017-03-28,0.9451467948515275,1.245320923677681
2017-03-29,0.9453581014751518,1.2450425070749433
2017-03-30,0.9453167161822675,1.2449880023864786
2017-03-31,0.9441084010169996,1.2433966437887636
2017-04-03,0.9433661598110565,1.242419107498061
2017-04-04,0.9437265409691145,1.2428937317275788
2017-04-05,0.9439189357745567,1.2431471168845285
2017-04-06,0.9437955286827625,1.24298458897609
2017-04-07,0.94351741226118,1.2426183079168327
2017-04-10,0.9442759343383094,1.2436172862162804
2017-04-11,0.9442759343383094,1.2453566476917557
2017-04-12,0.9448963202666014,1.2461748425772097
2017-04-13,0.9448963202666014,1.2456898710214879
2017-04-14,0.9451565029596973,1.2460328789668604
2017-04-17,0.9452162235671341,1.2461116107326422
2017-04-18,0.945844443998625,1.246939815702322
2017-04-19,0.9469988798889996,1.248461748918209
2017-04-20,0.9467588861552334,1.248145356784121
2017-04-21,0.9469608335908798,1.2484115911525566
2017-04-24,0.9469608335908798,1.2498690431621555
2017-04-25,0.9469608335908798,1.2493514930173737
2017-04-26,0.9471839482893863,1.249057131654363
2017-04-27,0.9467532038969292,1.2496251568582215
2017-04-28,0.9468019705438918,1.2495607894722869
2017-05-02,0.9468019705438918,1.2502541495584163
2017-05-03,0.9461140028309808,1.2511626124837045
2017-05-04,0.9456453543699301,1.251782363836195
2017-05-05,0.9459769812413494,1.2513433782618477
2017-05-08,0.9459769812413494,1.250994691118173
2017-05-09,0.9459769812413494,1.2509447144836177
2017-05-10,0.9459769812413494,1.251649795912795
2017-05-11,0.9462133018678172,1.2519624786416075
2017-05-12,0.9472258520459969,1.2533022133804033
2017-05-15,0.947314452754608,1.2534194435678707
2017-05-16,0.9467612807907381,1.2526875255726
2017-05-17,0.9467612807907381,1.25330653516933
2017-05-18,0.9467607773612052,1.2533072016008122
2017-05-19,0.9467389593422353,1.2533360839552081
2017-05-22,0.9467389593422353,1.2529714113855366
2017-05-23,0.9460849520209069,1.253836964100332
2017-05-24,0.945260346612159,1.2549298054356441
2017-05-25,0.9442191460974227,1.2563121056284539
2017-05-26,0.9441959485676172,1.2563429706428269
2017-05-29,0.9450792027929665,1.2551677164606927
2017-05-30,0.9452439349374195,1.2549489343004572
2017-05-31,0.9450949457708395,1.2551467391092594
2017-06-01,0.9451150226709527,1.2551200756974816
2017-06-02,0.9451150226709527,1.255796450915309
2017-06-05,0.9456974597903507,1.256570348747717
2017-06-06,0.9454363544847368,1.2562234120170126
2017-06-07,0.9454363544847368,1.2560815068855589
2017-06-08,0.945690497503321,1.2564191545169763
2017-06-09,0.9462689525730985,1.257187674483725
2017-06-12,0.9457796714253831,1.2565376286097771
2017-06-13,0.9457796714253831,1.2562445287660564
2017-06-14,0.9463068785509335,1.2569447986989057
2017-06-15,0.9466126198365924,1.2565386937371148
2017-06-16,0.9466126198365924,1.2570060224386164
2017-06-19,0.9462025934783541,1.2575504960605222
2017-06-20,0.9452082337331215,1.2588720498160273
2017-06-21,0.9443449128285442,1.2600218605328701
2017-06-22,0.9443449128285442,1.2596335836806756
2017-06-23,0.9443449128285442,1.260076237862994
2017-06-26,0.9443449128285442,1.2603419962569782
2017-06-27,0.9451030471407944,1.261353817784846
2017-06-29,0.9446756982604936,1.262283486375985
2017-06-30,0.9446388805118447,1.262332682556442
2017-07-03,0.9441937663958548,1.2629274940846071
2017-07-04,0.9438192922994045,1.26342838028939
2017-07-05,0.9438192922994045,1.2631733267387704
2017-07-06,0.9438192922994045,1.2633454663606805
2017-07-07,0.9441003870676868,1.2629692081044397
2017-07-10,0.9438849911782976,1.2632573537079974
2017-07-11,0.9438849911782976,1.2632933343060395
2017-07-12,0.9441701736846111,1.2629116467459516
2017-07-13,0.9441701736846111,1.2625646081267605
2017-07-14,0.9445664801338592,1.2630945576112274
2017-07-17,0.94457602591023,1.2631073224281415
2017-07-18,0.9447008404181972,1.2632742270653905
2017-07-19,0.944921884198589,1.2635698115497849
2017-07-20,0.9454096063412394,1.26422200406028
2017-07-21,0.9454141749404367,1.2642281132891202
2017-07-24,0.945361746616695,1.2641580050100572
2017-07-25,0.9461465322120438,1.265207437141331
2017-07-26,0.9461465322120438,1.265840713230942
2017-07-27,0.9456978498960031,1.2664410011605751
2017-07-28,0.9450264792350479,1.2673400740855092
2017-07-31,0.944588443486855,1.2679275076334202
2017-08-01,0.9445337189109446,1.2680009648047617
2017-08-02,0.9442340003961226,1.2684033256293201
2017-08-03,0.9445080195043137,1.2680352317585533
2017-08-04,0.9445551748797827,1.26797192400867
2017-08-07,0.9437374613634174,1.2690696235483137
2017-08-08,0.943693464346183,1.2690104595536809
2017-08-09,0.943693464346183,1.2687316482805424
2017-08-10,0.9434605494637291,1.2690447864910834
2017-08-11,0.9435724319560495,1.2688942938248458
2017-08-14,0.9431283313166663,1.269491510051298
2017-08-15,0.9431283313166663,1.2695514635638507
2017-08-16,0.9431283313166663,1.269899285106781
2017-08-17,0.9431283313166663,1.2708932638045616
2017-08-18,0.9431283313166663,1.2708691846935904
2017-08-21,0.9431283313166663,1.2704777175060986
2017-08-22,0.9434743664011884,1.2709438575315466
2017-08-23,0.9438578287526563,1.2714604154132956
2017-08-24,0.9439013973884449,1.271519106239468
2017-08-28,0.9440849395870784,1.2717638243669755
2017-08-29,0.9439531062765629,1.2715862335294037
2017-08-30,0.9442397704397374,1.2719723948769486
2017-08-31,0.943578227456852,1.2710812394325397
2017-09-01,0.9439344104345931,1.2715610486180824
2017-09-04,0.9440078779136122,1.2716600156476008
2017-09-05,0.9435990056505198,1.2711092294511646
2017-09-06,0.9437035678664231,1.2712500837726408
2017-09-07,0.9438913446901704,1.2715030353466812
2017-09-08,0.9443140426109793,1.2720724458962818
2017-09-11,0.9436814663874409,1.2712203111745874
2017-09-12,0.9445730071640815,1.2724212934804544
2017-09-13,0.9445730071640815,1.2730742957712249
2017-09-14,0.9444348381905696,1.2732605168121789
2017-09-15,0.9444348381905696,1.2728318457201289
2017-09-18,0.9444348381905696,1.2730403040053053
2017-09-19,0.9444348381905696,1.2736472181469531
2017-09-20,0.9444352713797571,1.27364663395609
2017-09-21,0.9437802921526752,1.274529925922373
2017-09-22,0.9434608759559622,1.2749612821447058
2017-09-25,0.944160852226483,1.2740153577655633
2017-09-26,0.9435857848894054,1.2747913321320694
2017-09-27,0.944091882680017,1.2741075902963885
2017-09-28,0.9443103049127707,1.273812816631085
2017-09-29,0.9446072136496941,1.2734123061712337
2017-10-02,0.9442796831815552,1.2738538455992068
2017-10-03,0.9444444666618745,1.2740761421007991
2017-10-04,0.9449536609730192,1.2747630563095464
2017-10-05,0.9449536609730192,1.2748719243037274
2017-10-06,0.9449222983158309,1.2748296117832596
2017-10-09,0.944758211407339,1.2746082360677915
2017-10-10,0.9453298079585002,1.2753793981101227
2017-10-11,0.945870928095536,1.2761094432952718
2017-10-12,0.9462592574182709,1.2766333527433062
2017-10-13,0.9469129393059887,1.2775152591483454
2017-10-16,0.9468606216591832,1.2774446754765605
2017-10-17,0.9468606216591832,1.2780945367475194
2017-10-18,0.9468606216591832,1.278171704433592
2017-10-19,0.9470128651182013,1.277966190256478
2017-10-20,0.9470128651182013,1.2785174752429833
2017-10-23,0.9468351854439147,1.2787573522044673
2017-10-25,0.9468351854439147,1.2795945276359073
2017-10-26,0.9468351854439147,1.2803223487461743
2017-10-27,0.9464588157964805,1.2798134170140125
2017-10-30,0.9464588157964805,1.2789408463925884
2017-10-31,0.9463771832025182,1.2788305370404296
2017-11-01,0.9463771832025182,1.2783864747670242
2017-11-02,0.947243371455855,1.279556540325791
2017-11-03,0.947243371455855,1.2795744740632362
2017-11-06,0.947243371455855,1.2802064780472169
2017-11-07,0.947243371455855,1.2811587704677505
2017-11-08,0.947243371455855,1.2818086373898117
2017-11-09,0.947243371455855,1.2813798444549849
2017-11-10,0.947243371455855,1.2811324673670745
2017-11-13,0.9475342028393755,1.2815258124557658
2017-11-14,0.9482760588299799,1.282529161567846
2017-11-15,0.9483680582981007,1.2826535894700533
2017-11-16,0.9482985423305745,1.2825595701655303
2017-11-17,0.948175837157326,1.2823936132572007
2017-11-20,0.9488755291662186,1.2833399362157578
2017-11-21,0.9494192066726229,1.2840752518972613
2017-11-22,0.9496225993475482,1.2843503374426697
2017-11-23,0.9489350340441924,1.283420415671657
2017-11-24,0.9500651473992294,1.2849488770518807
2017-11-27,0.9500387455105166,1.2849131688929756
2017-11-28,0.9498578169425992,1.2846684657157161
2017-11-29,0.9494719806190609,1.2841466278691078
2017-11-30,0.9490203994609859,1.283535871118842
2017-12-01,0.9488585147696901,1.2833169244993792
2017-12-04,0.9496787098691262,1.284426226082401
2017-12-05,0.9502594220498196,1.2852116306059909
2017-12-06,0.9505684588055778,1.2856295981878627
2017-12-07,0.9505684588055778,1.2853729346296874
2017-12-08,0.9505684588055778,1.2848739711852526
2017-12-11,0.9507207763360314,1.2850798572825894
2017-12-12,0.9509119767697781,1.2853383010152053
2017-12-13,0.9510800879468329,1.28556553522823
2017-12-14,0.9517085209261735,1.2864149818623039
2017-12-15,0.9517085209261735,1.2869838160115736
2017-12-18,0.9511392451413339,1.2862139913164843
2017-12-19,0.9518793237493453,1.2872147905844789
2017-12-20,0.9513673914299586,1.2865225107577702
2017-12-22,0.9513673914299586,1.2867644140797958
2017-12-25,0.9506237827001913,1.2877701761650673
2017-12-26,0.9504410450706653,1.2880177231690966
2017-12-27,0.9498117453110725,1.2888705369735354
2017-12-28,0.9492174897602619,1.2896769267393537
2017-12-29,0.9493204255469959,1.2895370705836056
2018-01-01,0.9495076257009682,1.2892827817979966
2018-01-02,0.9489033755272117,1.2901032589841042
2018-01-03,0.9482194752079559,1.2910330712847529
2018-01-04,0.948391319330396,1.2907990996663916
2018-01-05,0.948673399980159,1.2911830228859804
2018-01-08,0.9493511530406237,1.2902605734472175
2018-01-09,0.9495409136236174,1.2900026703543028
2018-01-10,0.9491321228201346,1.2905580347630847
2018-01-11,0.9500647234954291,1.2892899549396448
2018-01-12,0.9498824727956972,1.289537279138338
2018-01-15,0.9501933486277918,1.289959316586286
2018-01-16,0.9511035054048002,1.2911949232296618
2018-01-17,0.9511035054048002,1.2917974245752426
2018-01-18,0.9511035054048002,1.291828295968492
2018-01-19,0.9508046071465678,1.2914223199360138
2018-01-22,0.9507606874613587,1.2913626663948579
2018-01-23,0.951059236991109,1.2917681687698233
2018-01-24,0.9512413483600362,1.2920155199971721
2018-01-25,0.9514320656372788,1.2922745601267396
2018-01-26,0.951123105804176,1.2918549180452503
2018-01-29,0.9510312501989521,1.2917301559459653
2018-01-30,0.9508990964764135,1.2919096526224287
2018-01-31,0.9508990964764135,1.2921198868148904
2018-02-01,0.9509412099152836,1.2920626613825938
2018-02-02,0.9510612975498687,1.29189949593438
2018-02-05,0.9501524710144851,1.293134024713943
2018-02-06,0.9501524710144851,1.2937568955448613
2018-02-07,0.9505355465054139,1.294278502942645
2018-02-08,0.9502932076748682,1.293948526920226
2018-02-09,0.9498088106421214,1.2932889569875934
2018-02-12,0.9494735225489697,1.2937454955913883
2018-02-13,0.9486725808799447,1.2948368526981673
2018-02-14,0.9486725808799447,1.2953535367909763
2018-02-15,0.9481704293804121,1.2946678800807117
2018-02-16,0.9484879357272308,1.2942343448678317
2018-02-20,0.9484879357272308,1.2943597028824558
2018-02-21,0.9488861809990172,1.2949031706612724
2018-02-22,0.9488861809990172,1.2944169955375662
2018-02-23,0.9494798910014898,1.295226901228059
2018-02-26,0.9486590643122921,1.294107175766603
2018-02-27,0.948360288051219,1.2936996020470772
2018-02-28,0.948360288051219,1.2947195165321084
2018-03-01,0.948360288051219,1.2951559841916815
2018-03-02,0.948360288051219,1.2955911865530017
2018-03-05,0.9481070757396469,1.295937109556456
2018-03-06,0.9483706975016022,1.2955767734373123
2018-03-07,0.9482273801372648,1.2957725604317385
2018-03-08,0.9479752753379062,1.2961170669163695
2018-03-09,0.9478248555290689,1.2959114057704428
2018-03-12,0.9479227613040014,1.296045267221412
2018-03-13,0.9480257667707137,1.2961861012145177
2018-03-14,0.9484011239420448,1.2966993074643096
2018-03-15,0.9482912884748402,1.2965491351683647
2018-03-16,0.948680580876762,1.2970813943308959
2018-03-19,0.949998746643009,1.298883653515397
2018-03-20,0.949998746643009,1.298131544226784
2018-03-21,0.9498912809198953,1.297984697038206
2018-03-22,0.9501189735081407,1.2982958289552033
2018-03-23,0.9509672756253864,1.299454996523921
2018-03-26,0.9509672756253864,1.299738807643062
2018-03-27,0.9509672756253864,1.3001266443285606
2018-03-28,0.9505637841553617,1.300678282670262
2018-03-29,0.950830486941707,1.300313347115269
2018-03-30,0.9508220478479374,1.3003248880433491
2018-04-02,0.9507809856318515,1.300268732192046
2018-04-03,0.9506537012777708,1.3000946606990214
2018-04-04,0.9506537012777708,1.3012878160220982
2018-04-05,0.9502801274336831,1.3007764551647822
2018-04-06,0.9499516081898541,1.3003267666096872
2018-04-09,0.9488497902371011,1.298818559914163
2018-04-10,0.9502138638403337,1.3006857512559293
2018-04-11,0.9503061152029061,1.3008120281262194
2018-04-12,0.9515194637580516,1.3024729017853414
2018-04-13,0.9515194637580516,1.302500361581328
2018-04-16,0.9522519131237532,1.3035029848591517
2018-04-17,0.9527434529009459,1.3028301339486759
2018-04-19,0.9518832167408894,1.3044960552613032
2018-04-20,0.9518836215790913,1.3044955004560201
2018-04-23,0.950870962934899,1.3058832842301074
2018-04-24,0.9507160213185949,1.3060960740561198
2018-04-25,0.9497606678527557,1.3074085410631844
2018-04-26,0.9496279681673053,1.307591210979961
2018-04-27,0.9484868137756196,1.3091625246974994
2018-04-30,0.9484684274944534,1.309187902625713
2018-05-01,0.9488959118460444,1.3085978383437176
2018-05-02,0.9488959118460444,1.3090510028829847
2018-05-03,0.9487489571824255,1.3092537344443573
2018-05-04,0.9484125440782608,1.3097179774979166
2018-05-07,0.9485837082479709,1.3094816069526591
2018-05-08,0.9487936362791406,1.3091918097600548
2018-05-09,0.9478721323243746,1.3104633459341086
2018-05-10,0.9479435020967384,1.3103646749557132
2018-05-11,0.9467996189136264,1.3119458916760243
2018-05-14,0.946083712367237,1.3129378974115538
2018-05-15,0.9459181921480966,1.313167599884661
2018-05-16,0.9459181921480966,1.3131443897819628
2018-05-17,0.9459260766994565,1.3131553352891645
2018-05-18,0.9459260766994565,1.3141850778894024
2018-05-21,0.9464616747072592,1.3149291898522077
2018-05-22,0.9464212585528055,1.3148730392624344
2018-05-23,0.9464212585528055,1.3146166064745106
2018-05-24,0.9464212585528055,1.315104771743315
2018-05-25,0.9465633490028842,1.3153022142956976
2018-05-28,0.9462520774750433,1.31486968526291
2018-05-29,0.9462520774750433,1.3154547296394092
2018-05-30,0.9462520774750433,1.3157698107015063
2018-05-31,0.9462520774750433,1.3144991078677766
2018-06-01,0.9462520774750433,1.315632566941749
2018-06-04,0.9462520774750433,1.3168780209329771
2018-06-05,0.9462520774750433,1.3163249510089716
2018-06-06,0.9460031874682019,1.316671180236744
2018-06-07,0.945913198464512,1.316796429209756
2018-06-08,0.9454913307494213,1.3173837070928982
2018-06-11,0.9453537705678777,1.3175753741510894
2018-06-12,0.9458618275747702,1.316867275847801
2018-06-13,0.9461770683022827,1.316428384895684
2018-06-14,0.9463441548488277,1.3161959152238067
2018-06-18,0.9470605873097617,1.3183073859965673
2018-06-19,0.9470605873097617,1.3204946161088762
2018-06-20,0.9476342747250973,1.3212945133418843
2018-06-21,0.947266707593427,1.3207820113700643
2018-06-22,0.9468483327295417,1.3201986677459303
2018-06-25,0.9469683590708883,1.320366021492526
2018-06-26,0.9469683590708883,1.3208036548579645
2018-06-27,0.9473763143580404,1.3213726589108747
2018-06-28,0.9471796514692237,1.3210983592895242
2018-06-29,0.9471796514692237,1.320815819687518
2018-07-02,0.9479271859597193,1.3218582358535294
2018-07-03,0.9481728852384986,1.3222008567003711
2018-07-04,0.9478387013325179,1.3217348464888767
2018-07-05,0.9482840978721566,1.3223559396412436
2018-07-06,0.9483205178531523,1.322406726297162
2018-07-09,0.9471746034282105,1.320808780333982
2018-07-10,0.947416013029353,1.3211454193440355
2018-07-11,0.947416013029353,1.3212693903387958
2018-07-12,0.947416013029353,1.322190317028572
2018-07-13,0.9473022396007216,1.3223490964070106
2018-07-16,0.9474452897393038,1.3221494112235628
2018-07-17,0.9473972090828395,1.3222165072472845
2018-07-18,0.9464885894246557,1.3234846046190543
2018-07-19,0.9459065265582433,1.3242985090350448
2018-07-20,0.9461563709579784,1.3239487191173624
2018-07-23,0.9461563709579784,1.3244550318236792
2018-07-24,0.9461563709579784,1.3244961552804846
2018-07-25,0.9461563709579784,1.3253464557421468
2018-07-26,0.9463542017067923,1.3256235709102366
2018-07-27,0.94675098834742,1.3261793773117825
2018-07-30,0.9475821810976118,1.3273436862984567
2018-07-31,0.9478132793263493,1.3276674015190977
2018-08-01,0.9478132793263493,1.3285950091352703
2018-08-02,0.9478132793263493,1.3295024792544266
2018-08-03,0.9475650844978277,1.3298506233953191
2018-08-06,0.94758211249353,1.3298267256271656
2018-08-07,0.9465907996137303,1.331217923649622
2018-08-08,0.9465890219317118,1.3312204236550798
2018-08-09,0.9464977419943826,1.3313487937439221
2018-08-10,0.9456836553685638,1.332493892352402
2018-08-13,0.944651711040321,1.333947929869943
2018-08-15,0.9445997782074511,1.3342890892910235
2018-08-16,0.9447897597189504,1.3340207319784254
2018-08-17,0.9447897597189504,1.3348705516829584
2018-08-20,0.9437791807142726,1.3362983742642436
2018-08-21,0.9435567325615707,1.3366133389412442
2018-08-22,0.9434224743348016,1.3368035250006187
2018-08-23,0.9434224743348016,1.3366579043174247
2018-08-24,0.9440550348886074,1.337554127470048
2018-08-27,0.9440550348886074,1.3366139245637811
2018-08-28,0.9450835764860468,1.338070156425616
2018-08-29,0.9450835764860468,1.3382790920243437
2018-08-30,0.944413306735091,1.3392282228906907
2018-08-31,0.944945973003957,1.3384728738337048
2018-09-03,0.9450460134343652,1.3383311711266577
2018-09-04,0.9448816611874771,1.3385639193018029
2018-09-05,0.9448816611874771,1.3394898601674377
2018-09-06,0.945643106764102,1.3405693060608805
2018-09-07,0.9454375837232326,1.3402779510260825
2018-09-10,0.945749682775163,1.3407203911036085
2018-09-11,0.9458542974591213,1.3408686957158609
2018-09-12,0.945823339453266,1.3408248088074388
2018-09-13,0.9465949002131512,1.3419185942589105
2018-09-14,0.9468456039623268,1.3422739986907253
2018-09-17,0.947328021538711,1.3429578869261272
2018-09-18,0.9478375457742323,1.3436802022964272
2018-09-19,0.9481826266002497,1.344169398231088
2018-09-20,0.9488518241348904,1.345118070799221
2018-09-21,0.9480013553360164,1.3463237184260877
2018-09-24,0.948582319681346,1.34549864990348
2018-09-25,0.9483935102412494,1.3457664630826505
2018-09-26,0.9479504868849917,1.3463951113903159
2018-09-27,0.9475996722919171,1.3468933811413786
2018-09-28,0.9475996722919171,1.3474065217643159
2018-10-01,0.947893783676667,1.3469883202710857
2018-10-02,0.947893783676667,1.347639497056146
2018-10-03,0.9479189484467349,1.347675274311638
2018-10-04,0.9479344360457678,1.347697293340068
2018-10-05,0.9485894082653518,1.3486284804074231
2018-10-08,0.9479285429711689,1.3476889150383793
2018-10-09,0.9493309066589293,1.3496826834620235
2018-10-10,0.9490798626675845,1.3493257692127048
2018-10-12,0.9490798626675845,1.3507363242356314
2018-10-15,0.950282891673084,1.352448482548916
2018-10-16,0.9509026345141869,1.3533305043893225
2018-10-17,0.9513273750982565,1.3539349978127393
2018-10-18,0.9519317531756678,1.3547951524265318
2018-10-19,0.9520136696964115,1.354911736524958
2018-10-22,0.9516140688078267,1.3543430220714754
2018-10-23,0.951643985544464,1.3543855997558918
2018-10-24,0.952214264917183,1.3551972248824946
2018-10-25,0.9531181345603963,1.3564836177430812
2018-10-26,0.9537408089852798,1.3573698118316364
2018-10-29,0.953576710755653,1.3571362662173856
2018-10-30,0.9540217745961297,1.3577696838248838
2018-10-31,0.9534488663287567,1.3569543172391674
2018-11-01,0.9534488663287567,1.3573666610997885
2018-11-02,0.9527385187537718,1.3583779393655964
2018-11-05,0.9526547613636311,1.3584973574312948
2018-11-06,0.9529313673895631,1.3581029138505583
2018-11-07,0.9525779123324376,1.358606652482137
2018-11-08,0.9519409795054017,1.3595150728483791
2018-11-09,0.9517329034386989,1.3598122368060948
2018-11-12,0.9515104361324084,1.360130092545126
2018-11-13,0.9516583006483917,1.3599187286229117
2018-11-14,0.9512413877486288,1.3605144967260283
2018-11-15,0.950913882540581,1.360982911566931
2018-11-16,0.950913882540581,1.3611387053743047
2018-11-19,0.9508693374266353,1.3612024672772909
2018-11-20,0.9508693374266353,1.3618961103189378
2018-11-21,0.9508693374266353,1.363666971130732
2018-11-22,0.9508693374266353,1.3657265638554927
2018-11-23,0.9508693374266353,1.3657741461367958
2018-11-26,0.9508693374266353,1.3661304069285343
2018-11-27,0.9510459284399136,1.3663841182885859
2018-11-28,0.9510459284399136,1.3668901197270338
2018-11-29,0.9512411197247033,1.3671706582695555
2018-11-30,0.950784129789729,1.366513849793486
2018-12-03,0.9511755613697847,1.3670764345681297
2018-12-04,0.9519038684224503,1.368123193388757
2018-12-05,0.9519991905452886,1.3682601950455675
2018-12-06,0.9528090344194203,1.3694241426078981
2018-12-07,0.9529678448998358,1.3696523928638504
2018-12-11,0.9535173787115009,1.3711905854691178
2018-12-12,0.9535173787115009,1.3715398641333536
2018-12-13,0.953325393166146,1.3718160162357382
2018-12-14,0.953263417120015,1.3719051985163266
2018-12-17,0.9529327258984325,1.3723811183909855
2018-12-18,0.9520398687097609,1.3736669807754445
2018-12-19,0.9512619338717405,1.374789437339823
2018-12-20,0.9510575925432095,1.3750847569464146
2018-12-21,0.9509894059159272,1.3751833444478854
2018-12-24,0.9509894059159272,1.3758400467298881
2018-12-25,0.9509894059159272,1.3756633725993455
2018-12-26,0.9509894059159272,1.376603039258278
2018-12-27,0.9509894059159272,1.3775495874109451
2018-12-28,0.9509503543545835,1.3774930195229307
2018-12-31,0.9513860823948811,1.3781241905732087
2019-01-01,0.9519462635438832,1.3789356373736492
2019-01-02,0.9521232788438507,1.3791920517478984
2019-01-03,0.9521014805087131,1.3791604759097364
2019-01-04,0.9521014805087131,1.3796918128598346
2019-01-07,0.9521014805087131,1.3801283123175332
2019-01-08,0.952743915896921,1.3791970636153186
2019-01-09,0.9530715757685735,1.3796713857550955
2019-01-10,0.9533294221243883,1.3800446454850923
2019-01-11,0.9525368258372557,1.3811920120057346
2019-01-14,0.9525368258372557,1.382109121372338
2019-01-15,0.9519758105314472,1.3829231417339192
2019-01-16,0.9517650723829698,1.3832292783596098
2019-01-17,0.9517650723829698,1.382792728662546
2019-01-18,0.9519905369631156,1.3824651575097027
2019-01-21,0.9512632502573668,1.383521311422141
2019-01-22,0.9509381722622539,1.383994106238919
2019-01-23,0.9509381722622539,1.3839198274714521
2019-01-24,0.9513812408342216,1.3845646342523357
2019-01-25,0.9514393479713655,1.3846491987608986
2019-01-28,0.9510935986159141,1.3841460226319962
2019-01-29,0.952341058107921,1.3859614760182544
2019-01-30,0.952341058107921,1.387838030094099
2019-01-31,0.952341058107921,1.38860366409554
2019-02-01,0.9526472993850497,1.3881571352434048
2019-02-04,0.9519609381414039,1.3891572716615066
2019-02-05,0.9519609381414039,1.3918563236091157
2019-02-07,0.9519609381414039,1.3915581904721257
2019-02-08,0.9516448372104321,1.392020260733505
2019-02-11,0.9516448372104321,1.392957402788133
2019-02-12,0.9523549270052323,1.3939967872282468
2019-02-13,0.9522374569788908,1.3938248420482806
2019-02-14,0.9522582008453945,1.3938552056054385
2019-02-15,0.9520971785495376,1.3936195113734546
2019-02-18,0.9537647895690851,1.3960604547000206
2019-02-19,0.953488504161285,1.3964648637705364
2019-02-20,0.953488504161285,1.3979020436586918
2019-02-21,0.953488504161285,1.3979301459514668
2019-02-22,0.953488504161285,1.3977982637610697
2019-02-25,0.9531123224566743,1.3972467876485957
2019-02-26,0.9536114142480405,1.3979784479008006
2019-02-27,0.9535023999978698,1.3978186348260244
2019-02-28,0.9535821527330877,1.3977017186447267
2019-03-01,0.9543043023120894,1.396643236473268
2019-03-04,0.9536863608492641,1.397547606035996
2019-03-05,0.9537191721928855,1.3974995237558967
2019-03-06,0.9530493033988903,1.3984810929094609
2019-03-07,0.9518958825543478,1.4001735942706264
2019-03-08,0.9521936089758942,1.3997356591125842
2019-03-11,0.9520679139832987,1.39992043221088
2019-03-12,0.9526438716793735,1.39907354415281
2019-03-13,0.9518313857288234,1.4002667787205256
2019-03-14,0.9516202565355915,1.4005773770047736
2019-03-15,0.9524357776029432,1.3993771079378228
2019-03-18,0.9526943637961176,1.3989971772299825
2019-03-19,0.9528080773751401,1.3988301929566302
2019-03-20,0.9525151001978207,1.3992603166417803
2019-03-21,0.9518862011626313,1.4001841796471353
2019-03-22,0.9521400782891033,1.3998107371750979
2019-03-25,0.9515339504501263,1.4007018500233517
2019-03-26,0.9514043958582248,1.4008925603563562
2019-03-27,0.9499956934965482,1.4029667999403017
2019-03-28,0.9503353826464387,1.4034684575823928
2019-03-29,0.9503353826464387,1.4023903463155816
2019-04-01,0.9509595558365388,1.4033114258336226
2019-04-02,0.9507017268512254,1.4029309529115297
2019-04-03,0.9501622090561813,1.4037271082070724
2019-04-04,0.9495235686333571,1.4046706069753572
2019-04-08,0.950192352899251,1.4050475996722385
2019-04-09,0.9500995155827183,1.4049103213113294
2019-04-10,0.9505903839425695,1.4056361674083426
2019-04-11,0.9513859257667933,1.4068125335695247
2019-04-12,0.9514667071585806,1.4069319848577642
2019-04-15,0.951213547040353,1.4065576374791906
2019-04-16,0.951213547040353,1.4064017357663605
2019-04-17,0.951213547040353,1.4070965975117866
2019-04-18,0.9507764552165522,1.4064500230175692
2019-04-19,0.9507764552165522,1.4065721938744045
2019-04-22,0.9507764552165522,1.4071427866702955
2019-04-23,0.9502765422162637,1.4078826545629628
2019-04-24,0.949931885237039,1.408393281271366
2019-04-25,0.949931885237039,1.408120831750913
2019-04-26,0.9503962798826033,1.4088092219236565
2019-04-29,0.9503962798826033,1.4083241164989375
2019-04-30,0.9503962798826033,1.408688509698127
2019-05-01,0.9503962798826033,1.4094716651672292
2019-05-02,0.9501581979721595,1.4091185811812514
2019-05-03,0.9503027207886149,1.409332913685572
2019-05-06,0.9499332898342403,1.4087850343709654
2019-05-07,0.9499332898342403,1.4087982997759732
2019-05-08,0.9495404594630532,1.4093808867480808
2019-05-09,0.949395457576726,1.409596109685761
2019-05-10,0.9493886600578736,1.409606202167301
2019-05-13,0.9483303816631338,1.4111774825623649
2019-05-14,0.9474285478941032,1.4125194700516175
2019-05-15,0.9477802076911195,1.4119951811105422
2019-05-16,0.9475952148420771,1.4122707819400049
2019-05-17,0.9468407115374157,1.4133952736590014
2019-05-20,0.9460659748016683,1.414551760940645
2019-05-21,0.9453592868023151,1.4156083962922446
2019-05-22,0.9443485192602084,1.4171219489058184
2019-05-23,0.9442194563496454,1.4173156251594663
2019-05-24,0.9441102677965808,1.4174795220600294
2019-05-27,0.9439088344911121,1.4177819523960844
2019-05-28,0.9439088344911121,1.4179757084766704
2019-05-29,0.9439663188665849,1.4178893532641128
2019-05-30,0.9447415226926282,1.416724954461329
2019-05-31,0.9455219842509696,1.4178953268215366
2019-06-03,0.9455219842509696,1.4170675578190268
2019-06-05,0.9455219842509696,1.4168181629843364
2019-06-06,0.9455219842509696,1.4168114053267862
2019-06-07,0.945727435979844,1.417119263163581
2019-06-10,0.9460650630330344,1.417625178274678
2019-06-11,0.9458625486163103,1.4173217218345984
2019-06-12,0.9459668500963037,1.4174780117241075
2019-06-13,0.9461982280314792,1.417824718519886
2019-06-14,0.946343909938526,1.4180430146472016
2019-06-17,0.9472672871469322,1.4194266433539684
2019-06-18,0.9472672871469322,1.4197276642835026
2019-06-19,0.9472672871469322,1.419040810807848
2019-06-20,0.947992084810596,1.4201265840402533
2019-06-21,0.9484625332712684,1.420831332925952
2019-06-24,0.9483947927830833,1.4207298552136074
2019-06-25,0.9487403131124839,1.421247457219964
2019-06-26,0.948834915036583,1.4213891743391964
2019-06-27,0.9487117211056044,1.4212046253548978
2019-06-28,0.9480881970558789,1.4221386870343056
2019-07-01,0.948276880650081,1.4218556603710093
2019-07-02,0.9482649483087741,1.4218735518406578
2019-07-03,0.9486455861980158,1.4224442983904555
2019-07-04,0.9488789292629299,1.4227941840770442
2019-07-05,0.9491133655848862,1.4231457090452242
2019-07-08,0.9486686140169531,1.422478827397103
2019-07-09,0.9486686140169531,1.4222177543459011
2019-07-10,0.9486686140169531,1.422235914387356
2019-07-11,0.9485629891674587,1.422077562511703
2019-07-12,0.9494181570018196,1.4233596228527814
2019-07-15,0.9486039560757327,1.4221389797520203
2019-07-16,0.9484360847887082,1.4218873085468462
2019-07-17,0.9488692918724733,1.4225367689208843
2019-07-18,0.9482593569916786,1.421622359737228
2019-07-19,0.9488579304056242,1.4225197359064532
2019-07-22,0.9484930191698583,1.4219726640866401
2019-07-23,0.9488055515612098,1.4224412099885724
2019-07-24,0.9490138730897069,1.4227535238515916
2019-07-25,0.9490138730897069,1.4229914719418744
2019-07-26,0.9490138730897069,1.4233894810903165
2019-07-29,0.949370165335511,1.4228550920268348
2019-07-30,0.9490341658514224,1.4233586664957933
2019-07-31,0.9488401590654665,1.4236496373059977
2019-08-02,0.9483932228874395,1.4237623879382797
2019-08-05,0.9486742108320122,1.4233405586197099
2019-08-06,0.9494996334047447,1.4221021382933685
2019-08-07,0.9492606518617931,1.4224600701464072
2019-08-08,0.9488204426363548,1.421800419875991
2019-08-09,0.9495163467370215,1.422843227026912
2019-08-12,0.9493812284250646,1.4230457008186228
2019-08-13,0.9492709896625737,1.4232109398104305
2019-08-14,0.9492709896625737,1.422506363470454
2019-08-15,0.9488859545253555,1.4230833482712295
2019-08-16,0.9488859545253555,1.4241890142087401
2019-08-19,0.9491915742991068,1.4237303075304235
2019-08-20,0.9487269349776917,1.4244272385840493
2019-08-21,0.9485717776440198,1.424660193214302
2019-08-22,0.9485717776440198,1.424257081297826
2019-08-23,0.9483041721743165,1.4238552782986205
2019-08-26,0.9473382694091832,1.4224049991679224
2019-08-27,0.9469350545635763,1.4217995820422238
2019-08-28,0.947632814843258,1.422847251857842
2019-08-29,0.9476362867797661,1.422852464884704
2019-08-30,0.9475732726134503,1.4227578506713017
2019-09-02,0.9481898972035936,1.4236836972542513
2019-09-03,0.9486643992100051,1.4243961502901197
2019-09-04,0.9484559669587235,1.424083194415978
2019-09-05,0.9491642494478364,1.4251466630690133
2019-09-06,0.9493940005225354,1.4248016975083801
2019-09-09,0.949442724824588,1.4247285745812956
2019-09-10,0.9490263648026895,1.4253533621593157
2019-09-11,0.9496243732220183,1.4244552065940936
2019-09-12,0.9498851521930921,1.4240640330168441
2019-09-13,0.9504322188216945,1.4232438729083743
2019-09-16,0.9500914482628112,1.4237541666467322
2019-09-17,0.9503575577334396,1.4233553898044777
2019-09-18,0.9505644625201468,1.4230455074439499
2019-09-19,0.9507060566917441,1.4228335334456397
2019-09-20,0.9501645819483643,1.423643908447431
2019-09-23,0.9502238750903972,1.4235550687642102
2019-09-24,0.9502238750903972,1.4231504119128904
2019-09-25,0.9502238750903972,1.4237742383609038
2019-09-26,0.9495760323379944,1.4228035388809606
2019-09-27,0.949723211533832,1.4230240658040885
2019-10-01,0.9500323200307949,1.423419226556166
2019-10-02,0.9500323200307949,1.4232869119253333
2019-10-03,0.9500323200307949,1.4245154427695346
2019-10-04,0.9500211584632422,1.4245321788584115
2019-10-07,0.9496668908579152,1.4250633939784325
2019-10-08,0.9496668908579152,1.4249731484851127
2019-10-09,0.9505418741163285,1.4236602379681558
2019-10-10,0.9504197214174603,1.4234772855437812
2019-10-11,0.9517335318709481,1.4254450260019238
2019-10-14,0.9506037861620951,1.4237529658323447
2019-10-15,0.9506037861620951,1.423940278561455
2019-10-16,0.9506037861620951,1.4244373144189102
2019-10-17,0.9506037861620951,1.4240034602233218
2019-10-18,0.9505669443191028,1.4240586492649243
2019-10-21,0.9499701158920059,1.424952766916305
2019-10-22,0.9501949683823532,1.4246154887504887
2019-10-23,0.9502098201165985,1.4245932217301984
2019-10-24,0.9505518866682818,1.4240803816388923
2019-10-25,0.9503955650621145,1.4243145766741043
2019-10-28,0.9503955650621145,1.4250539829831692
2019-10-29,0.9502768094344154,1.4252320490290091
2019-10-30,0.9503085649461932,1.4251844218821927
2019-10-31,0.9503085649461932,1.424511482838411
2019-11-01,0.950573405118629,1.424114487714229
2019-11-04,0.9509730766299679,1.4235157143985027
2019-11-05,0.9507801983441088,1.423804434739419
2019-11-06,0.9512032199513574,1.4231709549494107
2019-11-07,0.9508448763289292,1.4237071014054303
2019-11-08,0.9505853253017633,1.4240957290877712
2019-11-11,0.9501502056779368,1.424747592714781
2019-11-12,0.9505252362605621,1.424185235398436
2019-11-13,0.9505252362605621,1.4234331018672606
2019-11-14,0.9505252362605621,1.4230377701521715
2019-11-15,0.9497119136538553,1.4218201393681478
2019-11-18,0.9501297562461024,1.4224456943435055
2019-11-19,0.949907766557337,1.422113352076676
2019-11-20,0.949907766557337,1.4221358809121771
2019-11-21,0.9494476976125507,1.421447097666994
2019-11-22,0.9494476976125507,1.4212552076264384
2019-11-25,0.949462747415826,1.4212326791487426
2019-11-26,0.949462747415826,1.4206770097735606
2019-11-28,0.9491114592190923,1.4202890568583724
2019-11-29,0.9489888779324042,1.4204724924900547
2019-12-02,0.9486030126316736,1.421050066219568
2019-12-03,0.9486030126316736,1.4225172872098468
2019-12-04,0.9486030126316736,1.422088988247709
2019-12-05,0.9486030126316736,1.4218332520781876
2019-12-06,0.9486030126316736,1.4215289762563383
2019-12-09,0.9486030126316736,1.4226489986112107
2019-12-10,0.9486030126316736,1.4228411233797582
2019-12-11,0.9493249467299772,1.423923976280032
2019-12-12,0.9487910425302988,1.423123155661573
2019-12-13,0.9489324972604548,1.4233353283033237
2019-12-16,0.9485516656814666,1.422764106385988
2019-12-17,0.9479975752772898,1.4219330078098347
2019-12-18,0.9479975752772898,1.4221598699448472
2019-12-19,0.9479975752772898,1.4222181729940195
2019-12-20,0.9479975752772898,1.4220165184505786
2019-12-23,0.9479975752772898,1.4222232342416745
2019-12-24,0.947824994396849,1.4219643216195859
2019-12-25,0.9479261138432079,1.4221160249886617
2019-12-26,0.9483988485128028,1.4228252401261927
2019-12-27,0.9492879282053255,1.4241590724362894
2019-12-30,0.9489958485554103,1.423720883061979
2019-12-31,0.9488076238479708,1.4234385009555686
2020-01-01,0.948520859230521,1.4230082854019304
2020-01-02,0.9481327461946565,1.422426022966336
2020-01-03,0.9474084116926673,1.4213393478682583
2020-01-06,0.9475089159606299,1.4214901283225174
2020-01-07,0.9474562298807206,1.4214110865940128
2020-01-08,0.9471489767732784,1.420950133402155
2020-01-09,0.9477327657415584,1.421825956564824
2020-01-10,0.9471959741087779,1.4210206406526353
2020-01-13,0.9471522963138892,1.4209551135074916
2020-01-14,0.9468414871931541,1.4204888254446826
2020-01-15,0.9471606228550274,1.4209676053118765
2020-01-16,0.9475747055631244,1.421588828470787
2020-01-17,0.9479483755131715,1.4221494228211886
2020-01-20,0.9476826779387154,1.421750812873729
2020-01-21,0.94758389936014,1.4216026213665363
2020-01-22,0.946723762505412,1.4203122102396262
2020-01-23,0.9468333486916712,1.420476615744782
2020-01-27,0.9463728468852028,1.4206296022522333
2020-01-28,0.9464154889538952,1.420693613582741
2020-01-29,0.9460305323635865,1.4201157433177871
2020-01-30,0.945674282300523,1.4195809653103053
2020-01-31,0.945674282300523,1.4204072832929877
2020-02-03,0.945674282300523,1.421236131005955
2020-02-04,0.9449033563687523,1.4223947411205249
2020-02-05,0.9450197443917108,1.4222195383226202
2020-02-06,0.9453494080100218,1.421723406848311
2020-02-07,0.9462224234575715,1.4204104674358515
2020-02-10,0.9467970513427371,1.419547871662664
2020-02-11,0.9467970513427371,1.419085693111206
2020-02-12,0.9464763640940683,1.419566348058223
2020-02-13,0.9461417909571932,1.4200681553764931
2020-02-14,0.9466020612746299,1.4193773337397113
2020-02-17,0.9467366843566045,1.419175473888597
2020-02-18,0.9466754347211859,1.4192672882038202
2020-02-19,0.9468833332850457,1.4189556041565443
2020-02-20,0.9469541329941462,1.4188495069844123
2020-02-21,0.9474167274666924,1.418156387944707
2020-02-24,0.9474167274666924,1.417621328609513
2020-02-25,0.9476682958087649,1.4172449064533634
2020-02-26,0.9479826471482877,1.4167747917130624
2020-02-27,0.9479826471482877,1.417111211014245
2020-02-28,0.947667033587312,1.4175830123884077
2020-03-02,0.9477396828770496,1.4174743387769555
2020-03-03,0.9477396828770496,1.4182049793079392
2020-03-04,0.9477396828770496,1.4180344449183522
2020-03-05,0.9485584623717828,1.4192595255468217
2020-03-06,0.9485592961070366,1.4192607730046722
2020-03-09,0.9488487893727535,1.419693920871935
2020-03-10,0.948377799727361,1.4189892130788215
2020-03-11,0.9488678298192841,1.4197224097170418
2020-03-12,0.94947351850634,1.4206286579586846
2020-03-13,0.9490030987348866,1.419924802826792
2020-03-16,0.94911506006602,1.4200923224810962
2020-03-17,0.9488057009562699,1.419629450786051
2020-03-18,0.9485780865298469,1.4192888877573422
2020-03-19,0.9483164441179561,1.4188974111113646
2020-03-20,0.9484552716415977,1.419105128709333
2020-03-23,0.9489525523200807,1.41984917387661
2020-03-25,0.9489525523200807,1.4190473637262777
2020-03-26,0.9480977797971192,1.4177691515624253
2020-03-27,0.9483627717168699,1.418165415932242
2020-03-30,0.9487665342356947,1.4175616363897257
2020-03-31,0.9479955851299029,1.4187135192149984
2020-04-01,0.9479955851299029,1.4192945988008536
2020-04-02,0.9479955851299029,1.4195909169450145
2020-04-03,0.9479955851299029,1.4198534215017298
2020-04-06,0.948320225621012,1.4203396494117428
2020-04-07,0.948320225621012,1.4195903285819655
2020-04-08,0.9486144124289917,1.4191499449055227
2020-04-09,0.9486144124289917,1.4183016664524013
2020-04-10,0.9486144124289917,1.417555385954494
2020-04-13,0.948605174820315,1.4175415817978616
2020-04-14,0.9482660549073736,1.4170348203015402
2020-04-15,0.9476788514808772,1.4161573369226512
2020-04-16,0.9483385977909303,1.4171432242578275
2020-04-17,0.9477275435728734,1.4162300996135384
2020-04-20,0.9482360712607046,1.4169900144465277
2020-04-21,0.9487447591367798,1.4177501686557112
2020-04-22,0.9487051025978054,1.417690908180986
2020-04-23,0.9489851513056584,1.41810939703056
2020-04-24,0.9488578658355868,1.417919188868751
2020-04-27,0.9488578658355868,1.4177710725199713
2020-04-28,0.9488578658355868,1.4179337020169576
2020-04-29,0.9486670284187476,1.4182188815097827
2020-04-30,0.9486468698778673,1.4182490177139975
2020-05-01,0.9487766015808421,1.4180550658166657
2020-05-04,0.9489762197810645,1.4177567136022635
2020-05-05,0.9489762197810645,1.4160899447526754
2020-05-06,0.9489762197810645,1.4151398772522161
2020-05-07,0.9489731674121614,1.4151444290300845
2020-05-08,0.9481452747178744,1.416379013710018
2020-05-11,0.9485427355700833,1.4157852700877578
2020-05-12,0.9483228255905496,1.4161135054936007
2020-05-13,0.9481344050372436,1.4163948705341218
2020-05-14,0.9484714163116099,1.4158914176082618
2020-05-15,0.9488200785706229,1.415370929703523
2020-05-18,0.9488913831602612,1.4152645634433565
2020-05-19,0.9486892318315342,1.4155660706728221
2020-05-20,0.9491259986219864,1.4149143585751025
2020-05-22,0.9492039389183344,1.4150876409947923
2020-05-25,0.9490451905913981,1.4153243054103783
2020-05-26,0.9492721635942655,1.4149858174112664
2020-05-27,0.9487662932117186,1.4142317666298319
2020-05-28,0.949010000096519,1.4145950362998203
2020-05-29,0.9477357533351776,1.4126956430969757
2020-06-01,0.9484072871938993,1.4136966319834559
2020-06-02,0.9485539307886567,1.4139152190386268
2020-06-03,0.9482134102055835,1.4134076387955057
2020-06-04,0.9474775084424278,1.4123107030611528
2020-06-05,0.9473908911836054,1.4121815913085098
2020-06-08,0.9471352946077934,1.4118005988559517
2020-06-09,0.9471352946077934,1.4114219104392964
2020-06-10,0.9470491704489911,1.4112935681365189
2020-06-11,0.9462566890279135,1.4101126115744596
2020-06-12,0.9456221073262141,1.409166957323328
2020-06-15,0.9456221073262141,1.4085801991667986
2020-06-16,0.9456545366275878,1.4085318931136366
2020-06-17,0.9456545366275878,1.4078339217868727
2020-06-18,0.9452917985394039,1.4083739445599783
2020-06-19,0.9452917985394039,1.40798321220369
2020-06-22,0.9452917985394039,1.4069145419420175
2020-06-23,0.9452917985394039,1.4069617664879723
2020-06-24,0.9443588358428555,1.405573155219334
2020-06-25,0.9441270347220148,1.4059181654214281
2020-06-26,0.9449685256377715,1.4046650847225495
2020-06-29,0.9446678657996742,1.4051120058267934
2020-06-30,0.9450989563598589,1.404470795784996
2020-07-01,0.9459875056589201,1.4031503609958673
2020-07-02,0.9462506090306986,1.4027601089165513
2020-07-03,0.9467019879225768,1.4020909666222259
2020-07-06,0.9468765707991045,1.4018324047123227
2020-07-07,0.9476759885041546,1.4006488822993708
2020-07-08,0.9476759885041546,1.3997282969514135
2020-07-09,0.9476759885041546,1.3995875713785753
2020-07-10,0.9473319347719469,1.3990794511630948
2020-07-13,0.9465617382939298,1.3979419765080139
2020-07-14,0.9467223877674699,1.3981792337660248
2020-07-15,0.9465661276072715,1.3979484589223354
2020-07-16,0.9464658179430656,1.3978003152941179
2020-07-17,0.9464095716637717,1.3977172472472421
2020-07-21,0.946256545164602,1.3958367248995387
2020-07-22,0.946256545164602,1.3943994008563396
2020-07-23,0.9455723297429004,1.3933911440797258
2020-07-24,0.9455723297429004,1.3934037842777587
2020-07-27,0.9455723297429004,1.392738721866947
2020-07-28,0.9455723297429004,1.3919071290884582
2020-07-29,0.944953325801911,1.3909959391442355
2020-07-30,0.9439650994044329,1.3895412441150596
2020-07-31,0.943332288993139,1.388609730686488
2020-08-03,0.9426488708925637,1.3876037214194892
2020-08-04,0.9423195739476933,1.387118987728861
2020-08-05,0.9425509656968787,1.3874596024181582
2020-08-06,0.9426358657796321,1.3875845775540918
2020-08-07,0.9420204609171822,1.3866786855473399
2020-08-10,0.9420204609171822,1.386123995812668
2020-08-11,0.9415825493204251,1.3867683552480445
2020-08-12,0.9415825493204251,1.3860716059732483
2020-08-13,0.9410157228534992,1.385237200034133
2020-08-14,0.9411049729108845,1.3851058180639997
2020-08-17,0.9411049729108845,1.3837151868869126
2020-08-18,0.9411049729108845,1.3831802838650151
2020-08-19,0.9411049729108845,1.3817990938914888
2020-08-20,0.9411049729108845,1.3816233842895538
2020-08-21,0.9419737833903106,1.3803478954658381
2020-08-24,0.9426968856846519,1.3792882770902524
2020-08-25,0.9434803213618672,1.378142008695982
2020-08-26,0.9429683385249796,1.378889862190401
2020-08-27,0.9431002854773233,1.3786969179445547
2020-08-28,0.9431894487170914,1.3785665722265485
2020-08-31,0.9432233620507875,1.3785170044665933
2020-09-01,0.9436143045153446,1.3779456436873307
2020-09-02,0.9434785350123581,1.3781439058313982
2020-09-03,0.9440167794754121,1.3773576894003103
2020-09-04,0.9436334188459045,1.3779170276688093
2020-09-07,0.9444345246792606,1.3767472329723727
2020-09-08,0.9444345246792606,1.3765040756253135
2020-09-09,0.9448292432023905,1.375928777241344
2020-09-10,0.9444176313719992,1.375329358281185
2020-09-11,0.9444176313719992,1.3742694436952463
2020-09-14,0.9444176313719992,1.375522641073754
2020-09-15,0.9446918915190068,1.3751231874536378
2020-09-17,0.9446918915190068,1.3747304119843191
2020-09-18,0.9433611751259928,1.3727939326817806
2020-09-21,0.9430941048885345,1.3724052878962523
2020-09-22,0.9430941048885345,1.371613464507475
2020-09-23,0.9426365464172712,1.3709480024324485
2020-09-24,0.9421388070113462,1.370224102169003
2020-09-25,0.942138377466341,1.3702234774490416
2020-09-28,0.9418015467823582,1.3697335989745445
2020-09-29,0.9418015467823582,1.3682592728698875
2020-09-30,0.9411985151511456,1.3673831821222566
2020-10-01,0.9418660348731339,1.3683529618519188
2020-10-02,0.9419567045823317,1.3684846877667913
2020-10-05,0.9419567045823317,1.3675824539730892
2020-10-06,0.9419567045823317,1.3665398996507891
2020-10-07,0.9416615596085304,1.3661117192674246
2020-10-08,0.9422254712905065,1.3669298118714166
2020-10-09,0.9417716306972718,1.3662714044565967
2020-10-12,0.9420164844360714,1.3666266250331058
2020-10-13,0.9423116829226378,1.367054883049899
2020-10-14,0.9432652260157169,1.368438231856049
2020-10-15,0.9423983632158105,1.3671806341365016
2020-10-16,0.9418273867039437,1.3663522922589677
2020-10-19,0.9418273867039437,1.3657733697770464
2020-10-20,0.9405528019045566,1.363925054468848
2020-10-21,0.9400333070345787,1.3631717186992918
2020-10-22,0.9391622436343823,1.3619085624010456
2020-10-23,0.9394327104109935,1.3623007747385927
2020-10-26,0.9388509601780632,1.3614571605188168
2020-10-27,0.9393204021270423,1.362137912981129
2020-10-28,0.9393204021270423,1.3611434157168099
2020-10-29,0.9398027003504711,1.3604445305975839
2020-10-30,0.9403784513802398,1.3596110818969762
2020-11-02,0.9408714610405806,1.358898282282419
2020-11-03,0.9416958146729733,1.3577076704066873
2020-11-04,0.9413179179329023,1.3571628306669097
2020-11-05,0.9422914712440957,1.3557591918511036
2020-11-06,0.9422018603061574,1.3558881231388291
2020-11-09,0.9420208855119213,1.3561485573243577
2020-11-10,0.942415186312501,1.3555809154916956
2020-11-11,0.9420603290883242,1.3560913462315702
2020-11-12,0.9427118627451869,1.3551534666430038
2020-11-16,0.9422584648921446,1.355559987036658
2020-11-17,0.9424037138799742,1.3553510276869725
2020-11-18,0.9429487101078652,1.3545672222045892
2020-11-19,0.9429229174455331,1.3546042739493915
2020-11-20,0.94290331064224,1.3546324411081783
2020-11-23,0.9439546857198373,1.3531219715066707
2020-11-24,0.9438042387094688,1.3533376313877612
2020-11-25,0.9441239145204119,1.3528792425746476
2020-11-26,0.945091727718076,1.3514924178520955
2020-11-27,0.945091727718076,1.3523020570259294
2020-11-30,0.944432996253836,1.3513594988720554
2020-12-01,0.9445519612709196,1.3511892755671655
2020-12-02,0.9450211968753784,1.3505180302122715
2020-12-03,0.9448912625862227,1.3507037176876717
2020-12-04,0.9448912625862227,1.3499671675708573
2020-12-07,0.9456918778743487,1.3488233276438513
2020-12-08,0.9462819441235277,1.347981726758437
2020-12-09,0.9458696670494703,1.347394436716984
2020-12-10,0.9458696670494703,1.3469389912718046
2020-12-11,0.9458696670494703,1.3470761070367983
2020-12-14,0.9467090728322274,1.345880653251302
2020-12-15,0.9463375604323925,1.3464088105973437
2020-12-16,0.9466155802606258,1.3460132558165707
2020-12-17,0.9469780285962114,1.3454978826551522
2020-12-18,0.9470215717737328,1.3454360150601394
2020-12-21,0.9470556052657368,1.3453876635893545
2020-12-22,0.9467261229507108,1.3458557263298547
2020-12-23,0.9471152456416306,1.3453025536760919
2020-12-24,0.9466387642329998,1.3446257493919669
2020-12-25,0.9466387642329998,1.3440548810507882
2020-12-28,0.9457584994060565,1.3428050650893333
2020-12-29,0.9450644955254853,1.3418197057966514
2020-12-30,0.9446839009711335,1.3412793307477886
2020-12-31,0.9446839009711335,1.3410186555197887
2021-01-01,0.9439158702539774,1.3399284035120433
2021-01-04,0.9439158702539774,1.3389627244724422
2021-01-05,0.9438278835707486,1.3390875352662914
2021-01-06,0.9438997303693045,1.338985600205811
2021-01-07,0.9440956974465664,1.3392635927574832
2021-01-08,0.9440956974465664,1.3396929301643903
2021-01-11,0.9432685217569308,1.3385191493428
2021-01-13,0.9432685217569308,1.3370549223915884
2021-01-14,0.9431795845923392,1.3371809881628487
2021-01-15,0.9439999171728386,1.3360179719689722
2021-01-18,0.9439999171728386,1.3362748400627855
2021-01-19,0.9434250841979912,1.3354611378287562
2021-01-20,0.9431073031880673,1.335011304348386
2021-01-21,0.9433325371315073,1.3346924754520355
2021-01-22,0.943788020114971,1.334048026451502
2021-01-25,0.943788020114971,1.3336576456020897
2021-01-26,0.9441919015320567,1.3330869247110284
2021-01-27,0.9445800663566836,1.3325388820392967
2021-01-28,0.9445387036160197,1.332597233323815
2021-01-29,0.9458287168498074,1.3307772252503338
2021-02-01,0.9458287168498074,1.3295792376914273
2021-02-02,0.9454013335336794,1.328978452397498
2021-02-03,0.9454013335336794,1.3287763700397166
2021-02-04,0.9460729169154434,1.3278324490862061
2021-02-05,0.9464032017189928,1.327368887692838
2021-02-08,0.9464032017189928,1.3267584382639275
2021-02-09,0.9464032017189928,1.3268698352344577
2021-02-10,0.9460839125500708,1.326422187586827
2021-02-11,0.9471146895725491,1.3278673506373058
2021-02-12,0.946588458672496,1.327129567939212
2021-02-15,0.9467466875368239,1.3273514069046326
2021-02-16,0.9457247509512409,1.3259186382638781
2021-02-17,0.9453005020332783,1.325323835656646
2021-02-18,0.9459127855337096,1.3261822652412654
2021-02-19,0.945959233258213,1.3262473855667745
2021-02-22,0.9462239700574756,1.3266185500689445
2021-02-23,0.9457845629226067,1.3260024954406577
2021-02-24,0.9463961855322004,1.3251449924337542
2021-02-25,0.9459000218164755,1.324450263446707
2021-02-26,0.9460103165637774,1.3246046982746504
2021-03-01,0.9460103165637774,1.3239810854875769
2021-03-02,0.9462768423817278,1.3243540995399417
2021-03-03,0.9455433184839157,1.3233275021028397
2021-03-04,0.9447184699223629,1.3221730919714
2021-03-05,0.9444727865849374,1.3218292478440419
2021-03-08,0.945100213263388,1.320951137911989
2021-03-09,0.9450551952556815,1.3208882169776035
2021-03-10,0.9450551952556815,1.3195526926084244
2021-03-12,0.9450551952556815,1.3192819915195486
2021-03-15,0.9450375706268097,1.3193065952205751
2021-03-16,0.9450375706268097,1.3193438638689883
2021-03-17,0.9454152611298998,1.318816579385089
2021-03-18,0.9462863043290461,1.3176015088656836
2021-03-19,0.9462543776722327,1.317645963288196
2021-03-22,0.9466694923211061,1.317067921955658
2021-03-23,0.9467608337295933,1.3169408418711717
2021-03-24,0.9471793925561535,1.3163586280809672
2021-03-25,0.9475834797602248,1.3157970410344617
2021-03-26,0.947264120031131,1.3162404980971298
2021-03-29,0.9477931798296134,1.3155053600105582
2021-03-30,0.9479576362804488,1.3152770999352945
2021-03-31,0.9479576362804488,1.314354796827934
2021-04-01,0.9478000779341709,1.314573253392115
2021-04-02,0.948109633995853,1.31414390744819
2021-04-05,0.948109633995853,1.313165133599085
2021-04-06,0.948109633995853,1.3125991011744642
2021-04-07,0.9481732859770813,1.3126872234024771
2021-04-08,0.9481732859770813,1.3120599837703084
2021-04-09,0.9481732859770813,1.3122917586792224
2021-04-12,0.9481252063214383,1.3122252154251637
2021-04-13,0.9476234309435221,1.3115307477546587
2021-04-14,0.9467250281727643,1.3102873394352341
2021-04-15,0.9465865628421701,1.310095700507109
2021-04-16,0.9469350324901921,1.310577989824908
2021-04-19,0.946416927757687,1.3098609219844042
2021-04-20,0.9463393596351699,1.3097535660723352
2021-04-21,0.946742841873322,1.3103119939712555
2021-04-22,0.9461365811696273,1.3094729164135601
2021-04-23,0.9460359141721625,1.3093335911730184
2021-04-26,0.9450902675674835,1.3080247963943674
2021-04-27,0.9449971499764807,1.3078959196910598
2021-04-28,0.9461544759881656,1.3094976832185716
2021-04-29,0.9468062654304538,1.3085955929296351
2021-04-30,0.9474655352906963,1.3076844058524428
2021-05-03,0.9475484912295451,1.3075699107245835
2021-05-04,0.947716739689282,1.3073377361968268
2021-05-05,0.947716739689282,1.304951142540336
2021-05-06,0.947716739689282,1.3041581074963242
2021-05-07,0.9469477530045117,1.3030999007795907
2021-05-11,0.947503546007532,1.3040840713433715
2021-05-12,0.9481750307765189,1.3031598820935524
2021-05-13,0.9481750307765189,1.3028260784412666
2021-05-14,0.9482980158867896,1.3026570925433893
2021-05-17,0.9486577725075114,1.3021629024199035
2021-05-18,0.9491884778196822,1.3014344365920218
2021-05-19,0.9487034915974257,1.3007694709022075
2021-05-20,0.948505378394017,1.3010411043567685
2021-05-21,0.9490230883578382,1.3003309745479033
2021-05-24,0.9485832890387597,1.300933578092747
2021-05-25,0.949272860960984,1.3018792907976804
2021-05-26,0.9484011529362156,1.3006837877218638
2021-05-27,0.9474692939541579,1.299405790677414
2021-05-28,0.94736873856765,1.2992678840958012
2021-05-31,0.9471438297185035,1.2989594330854937
2021-06-01,0.9471438297185035,1.2985993861514717
2021-06-02,0.9476955899081807,1.2978428849516166
2021-06-03,0.9475475394322521,1.2980456359814239
2021-06-04,0.9477977726650703,1.2977028414066716
2021-06-07,0.9477977726650703,1.2963699275345382
2021-06-08,0.9486501801185927,1.2952040296809848
2021-06-09,0.9486501801185927,1.2948483096939631
2021-06-10,0.9491341583404688,1.294187709616444
2021-06-11,0.9489521596389687,1.2944358731458856
2021-06-14,0.9498614121937056,1.293195590258444
2021-06-15,0.949578059689085,1.2928098179712872
2021-06-16,0.949132497568298,1.292203204245968
2021-06-17,0.9491691409960236,1.2922530927018399
2021-06-18,0.9481837941635933,1.2909115852332598
2021-06-21,0.9481837941635933,1.2903431207364087
2021-06-22,0.9487096275744562,1.2896275363438714
2021-06-23,0.9488015636585092,1.2895025631148322
2021-06-24,0.9488015636585092,1.2888622648265116
2021-06-25,0.9489608430019786,1.2886458980505417
2021-06-28,0.9488094500662623,1.2888514828089048
2021-06-29,0.9488094500662623,1.2878247737475734
2021-06-30,0.9489377962801573,1.28765056865944
2021-07-01,0.9491723310147382,1.2873323193647683
2021-07-02,0.9491723310147382,1.2867394762361415
2021-07-05,0.9491723310147382,1.286013492823491
2021-07-06,0.9494690771529326,1.2856114377643708
2021-07-08,0.9499067131427807,1.2850697937438433
2021-07-09,0.9496522035391768,1.2854141039790317
2021-07-12,0.9504271892912975,1.2843651119244182
2021-07-13,0.95131869785812,1.283160366823363
2021-07-14,0.95131869785812,1.284023576225668
2021-07-15,0.95131869785812,1.2831648050537348
2021-07-16,0.95131869785812,1.2832092390224608
2021-07-19,0.950854995564088,1.2825837629657015
2021-07-20,0.9499580088662026,1.2813738407591915
2021-07-21,0.9498452177423145,1.281221699723197
2021-07-22,0.950149249627864,1.281631800486877
2021-07-23,0.9497933995987027,1.28115180356665
2021-07-26,0.9503113246840158,1.2804531877861638
2021-07-27,0.9503113246840158,1.2799843446364039
2021-07-28,0.9494802825434904,1.2788650052136528
2021-07-29,0.9491907069213931,1.2784749727545572
2021-07-30,0.9498171550532384,1.27931874234949
2021-08-02,0.9495086616452231,1.2789032293250457
2021-08-03,0.9495884911300855,1.2790107525000414
2021-08-04,0.949335772898166,1.2786703636484524
2021-08-05,0.949335772898166,1.280008235191566
2021-08-06,0.949335772898166,1.2783430600425334
2021-08-09,0.9487354258361647,1.2775346532361793
2021-08-10,0.9492882461703703,1.2767902442948362
2021-08-11,0.9482870117170478,1.2754435865358138
2021-08-12,0.9468442147475026,1.2735030283306057
2021-08-13,0.9463168522524884,1.272793727134096
2021-08-16,0.9465001727087738,1.2725471615929034
2021-08-17,0.9460203711309711,1.2719020796863536
2021-08-18,0.94595390040822,1.2718127113671447
2021-08-19,0.9459358512779036,1.2717884447370735
2021-08-20,0.9458634485374892,1.2716911009600067
2021-08-23,0.9458634485374892,1.271693660402777
2021-08-24,0.946389565956823,1.2724010142896716
2021-08-25,0.946389565956823,1.2720716500354317
2021-08-26,0.9459118922847086,1.2727137060746387
2021-08-27,0.9459118922847086,1.2723664340764291
2021-08-30,0.9461905308198756,1.271991631388908
2021-08-31,0.9466798292449421,1.271333853191321
2021-09-01,0.9466798292449421,1.271174444876419
2021-09-02,0.9484838886536762,1.26875200579345
2021-09-06,0.9481418170304774,1.2681801621673678
2021-09-07,0.9482297620285528,1.26806253197754
2021-09-08,0.9482297620285528,1.2679878944355885
2021-09-09,0.9481514942068103,1.2680925554096134
2021-09-10,0.9482113668618937,1.2680124795265424
2021-09-13,0.9486268003905676,1.267456933667062
2021-09-14,0.9482833700259286,1.2669980775639935
2021-09-15,0.9491298916270479,1.2658670430281826
2021-09-16,0.9491298916270479,1.2647308741279564
2021-09-17,0.949788207570064,1.2638536575263002
2021-09-20,0.949570753072684,1.2641430174695685
2021-09-21,0.9492523716879129,1.2637191632142133
2021-09-22,0.9492523716879129,1.2632931288986682
2021-09-23,0.9490989929944543,1.2630890079974781
2021-09-24,0.9492017315959098,1.2629522804283275
2021-09-27,0.9492017315959098,1.2612844267448111
2021-09-28,0.9489143635162626,1.2609025765315869
2021-09-29,0.9495368955552125,1.2600753656872101
2021-09-30,0.9493186337614159,1.2603650082602593
2021-10-01,0.9488477625147653,1.2609901615244725
2021-10-04,0.9487370451006393,1.2611373016405565
2021-10-05,0.9484921818507187,1.2608118097881296
2021-10-06,0.9483683077541595,1.260976473163176
2021-10-07,0.948725790314282,1.2605011545615372
2021-10-08,0.9479951003475215,1.2614719677892698
2021-10-11,0.9480692375035417,1.2613733154396358
2021-10-12,0.9487724241606992,1.260437749923928
2021-10-13,0.9494552525374089,1.2595306170427363
2021-10-14,0.949814856481063,1.259053572784114
2021-10-15,0.9498530489209291,1.2590029457302847
2021-10-18,0.9498424471053954,1.2590169981323929
2021-10-19,0.9498424471053954,1.258336538341551
2021-10-20,0.9502282827514814,1.2578253892633597
2021-10-21,0.9495936121509123,1.256985270304889
2021-10-22,0.9495347617609428,1.2570631710746465
2021-10-25,0.9494627974779096,1.2571584426260176
2021-10-26,0.9500322001471226,1.2564045116929086
2021-10-27,0.9501199169735837,1.2562885073969488
2021-10-28,0.9501199169735837,1.255856420497267
2021-10-29,0.949418800360736,1.2549296934767804
2021-11-01,0.9490039971154234,1.2543814118235252
2021-11-03,0.9484668940899444,1.2547393521169492
2021-11-04,0.9484457455939824,1.2547673297409305
2021-11-05,0.9488571230685166,1.2542230887892107
2021-11-08,0.9490802222196923,1.253928190748514
2021-11-09,0.950385177639212,1.2522040789717677
2021-11-10,0.950385177639212,1.25137926324747
2021-11-11,0.9511726994088956,1.2503423274501486
2021-11-12,0.951413599354867,1.2500256579333344
2021-11-15,0.9518355698300259,1.2494712471899978
2021-11-16,0.9522816249504968,1.248885712182318
2021-11-17,0.952846582638554,1.2481447889447843
2021-11-18,0.9524425808228115,1.2486739956085129
2021-11-19,0.9520615890141583,1.249173484578855
2021-11-22,0.9522940973299611,1.2488684168958433
2021-11-23,0.9518849363057974,1.2494050035258932
2021-11-24,0.9522844824742643,1.2488805756638877
2021-11-25,0.9527799533003415,1.2482307867595381
2021-11-26,0.9518533960466034,1.2494446633590668
2021-11-29,0.952629035506681,1.2484265248640949
2021-11-30,0.9535561591996604,1.2472115232559087
2021-12-01,0.9538728191583289,1.2467973452910401
2021-12-02,0.9543629050520305,1.246156759063024
2021-12-03,0.9545568333887078,1.2459035376665877
2021-12-06,0.9550774298012716,1.245224046525335
2021-12-07,0.9556945846692978,1.2444194038250502
2021-12-08,0.9550664326492958,1.2452373268046104
2021-12-09,0.9553041187528154,1.2449274262594259
2021-12-10,0.955328335262511,1.2448958679352269
2021-12-13,0.9554113280827452,1.2447877193383894
2021-12-14,0.9554113280827452,1.2447838987533082
2021-12-15,0.9554113280827452,1.2432415294014825
2021-12-16,0.9554113280827452,1.2423062737458035
2021-12-17,0.9554113280827452,1.2422882631307306
2021-12-20,0.9554113280827452,1.243035781616786
2021-12-21,0.9554713003307244,1.2431138083765187
2021-12-22,0.9546273503165649,1.2420157890892642
2021-12-23,0.9543020583329287,1.2415925686780678
2021-12-24,0.9531984239646806,1.2401566876399945
2021-12-27,0.9524656022641051,1.2392032515977525
2021-12-28,0.9520497985314728,1.2386622710770074
2021-12-29,0.9514367220849321,1.2378646293309694
2021-12-31,0.9510992749397709,1.2376207148528855
2022-01-03,0.9501332554903492,1.236363679217325
2022-01-04,0.9501332554903492,1.235781946171521
2022-01-05,0.9501332554903492,1.2352325487604714
2022-01-06,0.9505203089974915,1.2347293550375158
2022-01-07,0.9505203089974915,1.2349256548305738
2022-01-10,0.9505203089974915,1.2346470634166022
2022-01-11,0.9505203089974915,1.23431640386182
2022-01-12,0.9505203089974915,1.2345505148381213
2022-01-13,0.9505203089974915,1.233957466384099
2022-01-14,0.9503491058319299,1.2337352118752647
2022-01-17,0.9492993023988809,1.232372365892718
2022-01-18,0.9492834423765597,1.2323517765452046
2022-01-19,0.9484664988734223,1.2312912273641212
2022-01-20,0.9475473426910597,1.230097986543001
2022-01-21,0.9471756510140648,1.2296154595357618
2022-01-24,0.9471756510140648,1.229931089565366
2022-01-25,0.9471756510140648,1.2310442625203515
2022-01-26,0.9466663180324669,1.2317062426335832
2022-01-27,0.9467771954221876,1.2315619802145192
2022-01-28,0.9467771954221876,1.2305446605360844
2022-01-31,0.9467771954221876,1.2296507784024249
2022-02-01,0.9467771954221876,1.2288976757907268
2022-02-02,0.9467771954221876,1.2295079083526443
2022-02-03,0.9468994218254182,1.2296666345345888
2022-02-04,0.94590703795986,1.2283779006944362
2022-02-07,0.9454184521372928,1.2277434112541963
2022-02-08,0.944903430940088,1.2270745921930757
2022-02-09,0.9443426584784117,1.226346359426432
2022-02-10,0.9431027470437968,1.2247361802608512
2022-02-11,0.9431027470437968,1.2244124856885281
2022-02-14,0.9434030515889865,1.2240226059688564
2022-02-15,0.9437983945409414,1.2235096664468905
2022-02-16,0.9448626780731719,1.222129963750789
2022-02-17,0.944615994342046,1.2224490361264633
2022-02-18,0.945122199763663,1.2217939441806949
2022-02-21,0.945122199763663,1.2213420419016257
2022-02-22,0.9447587877099782,1.2208724196455725
2022-02-23,0.9448008255286037,1.2209267433671505
2022-02-24,0.9447666302254578,1.2208825542015822
2022-02-25,0.94417353961626,1.2201161279173922
2022-03-01,0.9437638610431859,1.2179692001465672
2022-03-02,0.9437638610431859,1.2179657999538238
2022-03-03,0.9437638610431859,1.217792575623421
2022-03-04,0.9437638610431859,1.217651225347562
2022-03-07,0.9432308277552345,1.218338948901108
2022-03-08,0.943216701090114,1.2183571958305213
2022-03-09,0.9436953900948971,1.217738871120125
2022-03-10,0.9433277511031747,1.218213270269955
2022-03-11,0.9442098128501171,1.2170741759052806
2022-03-14,0.9445135775701259,1.216682627129529
2022-03-15,0.9444545219198711,1.216758700131977
2022-03-16,0.9445347395351209,1.2166553542545486
2022-03-17,0.9457472788683432,1.2150934821388282
2022-03-18,0.9461824771088215,1.2145343406458955
2022-03-21,0.946503241756714,1.214122602223809
2022-03-22,0.9468562295559267,1.2136698087769129
2022-03-23,0.9469901799888936,1.213498112598243
2022-03-24,0.9470935628623866,1.213365635066258
2022-03-25,0.9463997795830001,1.2142544731097211
2022-03-28,0.9477475426526543,1.212525259545512
2022-03-29,0.947677776646015,1.2126145164852564
2022-03-30,0.9481096238624648,1.2120619402652844
2022-03-31,0.9484109731664969,1.2116766957609044
2022-04-01,0.9481691394489985,1.2119856591618272
2022-04-04,0.9481691394489985,1.2117085602624236
2022-04-05,0.9481691394489985,1.2129373726435884
2022-04-06,0.9492132358705275,1.2116017211046108
2022-04-07,0.9492132358705275,1.211805343109627
2022-04-08,0.9492132358705275,1.211970034588473
2022-04-11,0.9492132358705275,1.2117777760577861
2022-04-12,0.9481410847800565,1.2104090542417472
2022-04-13,0.9480870257232715,1.2103400417573746
2022-04-14,0.9482142378304841,1.2105024423629922
2022-04-15,0.947323813288374,1.2093657149864552
2022-04-18,0.9467900698163001,1.208684331232907
2022-04-19,0.9461492780381873,1.207866288240612
2022-04-20,0.9456703516730297,1.2072548847079443
2022-04-21,0.9444064593011168,1.2056413835158666
2022-04-22,0.9433231179161953,1.2042583760265877
2022-04-25,0.943523861772399,1.2045146482048879
2022-04-26,0.9426394390242631,1.2033855827954194
2022-04-28,0.9424579672807614,1.2025215445830202
2022-04-29,0.9427239302672306,1.202860897883002
2022-05-02,0.9427239302672306,1.2023575352912024
2022-05-03,0.9427239302672306,1.2027472910763926
2022-05-04,0.9427239302672306,1.202221612937532
2022-05-05,0.9423481563783801,1.2017424021354624
2022-05-06,0.9433639534690089,1.2030378112976832
2022-05-09,0.9429827588827461,1.2025516876769429
2022-05-10,0.9424137124578073,1.2018260034242558
2022-05-11,0.9424585970080674,1.2018832430621575
2022-05-12,0.9422797064393298,1.2016551104125217
2022-05-13,0.9422726559538913,1.201646119184333
2022-05-16,0.9421678301367897,1.2015124386243439
2022-05-17,0.9421678301367897,1.2018194704591825
2022-05-18,0.9421678301367897,1.202518745606463
2022-05-19,0.9418255497408436,1.2029556089541733
2022-05-20,0.9420731016100358,1.2026394209832334
2022-05-23,0.94241983842949,1.2021967808451495
2022-05-24,0.9422462392023763,1.2024182324991608
2022-05-25,0.9417386817708386,1.2030659361294114
2022-05-26,0.9416219805831877,1.2032150212485493
2022-05-27,0.9415984430887523,1.2032450977202664
2022-05-30,0.9412472359630792,1.2036938965212332
2022-05-31,0.9403439229565883,1.2048490790397228
2022-06-01,0.9405268598714189,1.2046146846144756
2022-06-02,0.9402613851134914,1.20495470126412
2022-06-03,0.9401704255713367,1.2050712668592611
2022-06-06,0.9410249489837272,1.2039759743642813
2022-06-07,0.9410249489837272,1.2037072710267431
2022-06-08,0.9410249489837272,1.2036908969096571
2022-06-09,0.9405093343156822,1.2043504338145068
2022-06-10,0.9404218835349293,1.2044624171642666
2022-06-13,0.9408032830354299,1.203973932823014
2022-06-14,0.9398454643232802,1.205199681906369
2022-06-15,0.9396360998347656,1.204931205838187
2022-06-16,0.9394686912707839,1.2047165314521118
2022-06-17,0.9394686912707839,1.2048169354381777
2022-06-20,0.9394686912707839,1.2046663321369402
2022-06-21,0.9396325198663931,1.204876407039069
2022-06-22,0.9396325198663931,1.2041555092741683
2022-06-23,0.9401961845994543,1.204877855488618
2022-06-27,0.9398611654135646,1.2058366089479415
2022-06-28,0.9398611654135646,1.2068020538663167
2022-06-29,0.9398611654135646,1.2065516009311434
2022-06-30,0.9406168318345042,1.205581510279985
2022-07-01,0.9399873215217365,1.2063883489074878
2022-07-04,0.93974476437045,1.2066996489799
2022-07-05,0.9395137951469585,1.206996230021348
2022-07-06,0.9388594760878394,1.2078368357066158
2022-07-07,0.9388594760878394,1.2089609428085482
2022-07-08,0.9389540644557752,1.209082743403196
2022-07-11,0.9394045957568415,1.2096628885264806
2022-07-12,0.9386728199266905,1.2087205873407587
2022-07-13,0.9387327885046792,1.2087978083418038
2022-07-14,0.9387327885046792,1.208941441074541
2022-07-15,0.9383478253974038,1.2084456686253742
2022-07-18,0.9391757816038253,1.20951194710376
2022-07-19,0.9399160229227135,1.2104652624856858
2022-07-20,0.9401983205820709,1.2108288178480793
2022-07-21,0.9394535249456833,1.2098696372154367
2022-07-22,0.9395744270173858,1.2100253402297372
2022-07-25,0.9397532614130102,1.2102556510430031
2022-07-26,0.9396434090219865,1.21039712379173
2022-07-27,0.9395391335464192,1.2102628018409805
2022-07-28,0.939564041502066,1.2102948869038723
2022-07-29,0.939564041502066,1.2112797329758758
2022-08-01,0.9393881650468778,1.2115064717358397
2022-08-02,0.9393881650468778,1.2125148087731448
2022-08-03,0.9391863559643537,1.2127752937464604
2022-08-04,0.9386349948251126,1.2134872687058036
2022-08-05,0.9386349948251126,1.2124264384607097
2022-08-08,0.9386349948251126,1.2124044518679034
2022-08-09,0.9382016599656349,1.2129641764846892
2022-08-10,0.9382016599656349,1.2133354865941528
2022-08-11,0.9381875819078173,1.2133536931353064
2022-08-12,0.9381875819078173,1.2125106817474756
2022-08-15,0.9381875819078173,1.2131299758884084
2022-08-16,0.9389001686294286,1.2140513911033155
2022-08-17,0.9385809480176571,1.2136386206717629
2022-08-18,0.9389971910030384,1.2141768465580962
2022-08-19,0.9392580846191076,1.2145141968623157
2022-08-22,0.9393295669976731,1.214606627648928
2022-08-24,0.938790011916341,1.2141159170618248
2022-08-25,0.938790011916341,1.2147422299510946
2022-08-26,0.9388763176246901,1.2148539047530063
2022-08-29,0.9388763176246901,1.2146906311560715
2022-08-30,0.9388763176246901,1.2146016336917849
2022-08-31,0.9388763176246901,1.2142723630879073
2022-09-01,0.9390122124780947,1.214096606854975
2022-09-02,0.9392121451741849,1.213838103712314
2022-09-05,0.9392066420277263,1.2138452159807147
2022-09-06,0.9391392210595011,1.2139323518846519
2022-09-07,0.9384376382489479,1.2148392185686947
2022-09-08,0.9384376382489479,1.2151424870753076
2022-09-09,0.938407771056514,1.2151038133339562
2022-09-12,0.938407771056514,1.2150965328434704
2022-09-13,0.9376597819439687,1.2160650659324868
2022-09-14,0.9375589475028945,1.2161958396348405
2022-09-15,0.9372998522987347,1.2165319363786322
2022-09-16,0.9375752467970538,1.2161744987865035
2022-09-19,0.9374792425032756,1.2162990306299646
2022-09-20,0.9370547832180098,1.2168497302015435
2022-09-21,0.937231423668793,1.2166203467239416
2022-09-22,0.9368895478010977,1.2170641358737588
2022-09-23,0.9366702213754542,1.2173490513446663
2022-09-26,0.9366702213754542,1.2177777763615412
2022-09-27,0.9364341283912191,1.2174708286409932
2022-09-28,0.9362231237392358,1.2171964986046258
2022-09-29,0.9356678720340006,1.2164746082621216
2022-09-30,0.9360944369432211,1.217029191139606
2022-10-03,0.9362475858700197,1.2172283021557062
2022-10-04,0.9368916507138814,1.218065659675452
2022-10-05,0.9370161819313969,1.2182275644159817
2022-10-06,0.9373730036990445,1.2186914732804326
2022-10-07,0.9375193282569859,1.2188817118411668
2022-10-10,0.9363306831395833,1.217336338053338
2022-10-11,0.9363476300521116,1.2173583709662927
2022-10-12,0.9370315879542958,1.218247593997237
2022-10-13,0.9370794709924106,1.218309847390534
2022-10-14,0.9383050513907247,1.2199032412426623
2022-10-17,0.9384585811247576,1.2201028473514604
2022-10-18,0.9383512032671537,1.2199632439289545
2022-10-19,0.9378488603652587,1.2193101410459115
2022-10-21,0.9382274339287783,1.2195150212669321
2022-10-24,0.9386869389355489,1.2201122893043392
2022-10-25,0.939043330794713,1.220575530102882
2022-10-26,0.939043330794713,1.221406668515543
2022-10-27,0.9389616154647454,1.2213003819942831
2022-10-28,0.9390475404990408,1.221412144046618
2022-10-31,0.9390475404990408,1.2218517845528911
2022-11-01,0.9393950197142701,1.222303910862702
2022-11-02,0.9393950197142701,1.2221793177004667
2022-11-03,0.9387422700915583,1.2213300720990181
2022-11-04,0.9382925175536572,1.2219152127888988
2022-11-07,0.9382925175536572,1.2229192640419568
2022-11-08,0.9382518934951323,1.2229722112229524
2022-11-09,0.9382848969153419,1.2230152298047123
2022-11-10,0.9382584486142503,1.2230497040620982
2022-11-11,0.9382584486142503,1.2233376165533656
2022-11-14,0.9382584486142503,1.2239058408152819
2022-11-15,0.9382994554604318,1.2239593319601034
2022-11-16,0.9381257499156456,1.2237327427605498
2022-11-17,0.9391633719961269,1.2250862629198787
2022-11-18,0.9391633719961269,1.2253328037191107
2022-11-21,0.9391633719961269,1.2254299403476014
2022-11-22,0.9385211079053447,1.2262679730796293
2022-11-23,0.9391749593517553,1.2254136533620106
2022-11-24,0.938630457088487,1.2261241072567313
2022-11-25,0.9384735912269371,1.2259191948622958
2022-11-28,0.9384735912269371,1.2259971544110795
2022-11-29,0.9386672998481156,1.226250210246182
2022-11-30,0.9386672998481156,1.2269987560605993
2022-12-01,0.9386672998481156,1.2271692758683963
2022-12-02,0.9386672998481156,1.2266912967087145
2022-12-05,0.9386672998481156,1.2270266934011855
2022-12-06,0.9380347434574782,1.22785357165349
2022-12-07,0.9384821003604847,1.2272679976382506
2022-12-08,0.9379684668599592,1.2279396843517933
2022-12-09,0.9373911859828062,1.2286954305448892
2022-12-12,0.9373575617595501,1.2287395038518372
2022-12-13,0.9377554975213261,1.2282178679143494
2022-12-14,0.9381362392254297,1.2277191944698576
2022-12-15,0.9379433250504234,1.2279716571992965
2022-12-16,0.9381450393531368,1.2277075693381556
2022-12-20,0.9373915282011263,1.228965900794893
2022-12-21,0.9373504649220634,1.2290197367516142
2022-12-22,0.9370555163096161,1.2294064626130616
2022-12-23,0.9364095552115661,1.2302539564218244
2022-12-26,0.9365134394415398,1.23011747342224
2022-12-27,0.9367752103675618,1.2297736353345283
2022-12-28,0.9369264693679104,1.2295750665330945
2022-12-29,0.9366712423146742,1.2299100136513836
2022-12-30,0.9367421017609476,1.2298169706085353
2023-01-02,0.9367918233426479,1.2297516928283807
2023-01-03,0.9364756354084088,1.2301667611900953
2023-01-04,0.9359209968157963,1.2308953417695652
2023-01-05,0.9362549227772329,1.2304561723184826
2023-01-06,0.935822130613818,1.2310249616255928
2023-01-09,0.9358253478189958,1.2310207295608115
2023-01-10,0.9352416404832309,1.231788560686564
2023-01-11,0.9352416404832309,1.2305808499477797
2023-01-12,0.9352416404832309,1.2314036643009385
2023-01-13,0.9352416404832309,1.2318939193979264
2023-01-16,0.9352416404832309,1.2321430432925695
2023-01-17,0.9352633530461096,1.2321144378689601
2023-01-18,0.9352633530461096,1.232018659401291
2023-01-19,0.9350234728984143,1.2317026662459747
2023-01-20,0.9350174938871775,1.2316947901184812
2023-01-23,0.9358695836125278,1.232817244492104
2023-01-24,0.9361145973366674,1.233140000087056
2023-01-25,0.9363987796888626,1.2335143523584637
2023-01-26,0.9356694938470403,1.2325536670474913
2023-01-27,0.9365909499671581,1.233767497494399
2023-01-30,0.936282298860208,1.2333609126306075
2023-01-31,0.936572780643121,1.233743563116804
2023-02-01,0.936572780643121,1.2334208475671877
2023-02-02,0.936572780643121,1.2337589587575732
2023-02-03,0.9371482043364451,1.234516971537138
2023-02-06,0.9368518705424906,1.234126607349079
2023-02-07,0.9367036133962844,1.233931306368619
2023-02-08,0.9362515962852402,1.2333358586129417
2023-02-09,0.9365966961559973,1.233790462959782
2023-02-10,0.9372387693376525,1.2346362739382957
2023-02-13,0.9378165972055996,1.2353974537669579
2023-02-14,0.9378165972055996,1.2348706306789896
2023-02-16,0.9378165972055996,1.2350863305613347
2023-02-17,0.9382505076739567,1.2356577822606882
2023-02-20,0.9384277034960471,1.235891145733193
2023-02-21,0.9384277034960471,1.2368674212755795
2023-02-22,0.9381959242038528,1.237172911250325
2023-02-23,0.9377863674958711,1.2377129823076212
2023-02-24,0.9374407228260955,1.238169172448441
2023-02-27,0.9373791754466756,1.2382504640607928
2023-02-28,0.9368678336971819,1.2389259315505654
2023-03-01,0.9376753679399805,1.2378580380035429
2023-03-02,0.9382130217209478,1.2371482624488161
2023-03-03,0.937785024139947,1.2377126294437404
2023-03-06,0.937785024139947,1.2376428186310082
2023-03-07,0.9381604691515173,1.2371473246634148
2023-03-08,0.9381604691515173,1.2369932510787214
2023-03-09,0.9381604691515173,1.2375919613556632
2023-03-10,0.9381604691515173,1.2375595149909862
2023-03-13,0.9385992046194553,1.238138265930473
2023-03-14,0.9395111454026659,1.2393412381622824
2023-03-15,0.9394921841057996,1.2393162256680184
2023-03-16,0.9393199143392492,1.2390889787355905
2023-03-17,0.938410462095902,1.2378892892217037
2023-03-20,0.9394896966685353,1.2393129444045718
2023-03-21,0.9393257358364272,1.2390966580713343
2023-03-22,0.9397816539089568,1.2396980751713595
2023-03-23,0.9398292011169953,1.2397607963173192
2023-03-24,0.9412357826107124,1.2416162660033678
2023-03-27,0.9421015200969721,1.2427582898882306
2023-03-28,0.9424144515285591,1.2431710884268967
2023-03-29,0.9425064708555475,1.2432924742637788
2023-03-30,0.9425911886872804,1.243404228448908
2023-03-31,0.9426649554928124,1.243501536761375
2023-04-03,0.9417581024039928,1.2423052758809923
2023-04-04,0.9416241951002448,1.2421286341834048
2023-04-05,0.9415515631148078,1.2420328228508815
2023-04-06,0.9417515066709815,1.242296575224319
2023-04-07,0.9417515066709815,1.243364670101
2023-04-10,0.9411526220781141,1.2425739817517225
2023-04-11,0.941866904309772,1.2435170259465376
2023-04-12,0.9415184753653032,1.2430570062528876
2023-04-13,0.9415184753653032,1.2422892249201496
2023-04-17,0.9422235641360429,1.2436693551279339
2023-04-18,0.9422235641360429,1.2440774425456906
2023-04-19,0.9416914911823832,1.2433749129289073
2023-04-20,0.9420301757141541,1.2438220995650235
2023-04-21,0.942129799507851,1.2439536391689952
2023-04-24,0.942396122089357,1.2443052817395097
2023-04-25,0.9423802684826915,1.244284349218624
2023-04-26,0.942314790000699,1.2441978938321108
2023-04-27,0.9423304431962498,1.24421856173751
2023-04-28,0.9423304431962498,1.2449619283649915
2023-05-01,0.9423304431962498,1.2449126041959646
2023-05-02,0.9421571100610076,1.2451415945743887
2023-05-03,0.9418391511832772,1.2455618045582637
2023-05-04,0.9419671571538126,1.2453925194447133
2023-05-05,0.9413783432073741,1.2461710014529976
2023-05-08,0.9413783432073741,1.2470167888968449
2023-05-09,0.9413783432073741,1.2474693903678482
2023-05-10,0.942125086538825,1.2484589387839211
2023-05-11,0.9423473837838339,1.2487535164218206
2023-05-12,0.942206456099934,1.2485667658202277
2023-05-15,0.9427581278230676,1.2492978147052018
2023-05-16,0.9427581278230676,1.2496657516684897
2023-05-17,0.9433167052630665,1.2504061696779671
2023-05-18,0.9438403715336311,1.2511003114565584
2023-05-19,0.9447950424392084,1.2523657680987292
2023-05-22,0.9447474645928731,1.2523027016521522
2023-05-23,0.9445826397392063,1.2520842193409716
2023-05-24,0.9447007729143299,1.2519276288234986
2023-05-25,0.9445321773114298,1.2521510535304747
2023-05-26,0.9440282313634131,1.2528191265351738
2023-05-29,0.9442626703951502,1.2525080026797544
2023-05-30,0.9441018395631989,1.2527213351670086
2023-05-31,0.9440140156052387,1.2528378680888452
2023-06-01,0.9439379900535607,1.2529387645676158
2023-06-02,0.9437295396297163,1.2532154518280896
2023-06-05,0.9431754370969159,1.2539512663033627
2023-06-06,0.9435806838676871,1.2534124909267075
2023-06-07,0.9429071680437746,1.254307160731804
2023-06-08,0.9420647521161095,1.2554277888977527
2023-06-09,0.942036038359799,1.2554660538339102
2023-06-12,0.9421251405086732,1.2553473060167568
2023-06-14,0.9415320584353373,1.255855979864007
2023-06-15,0.94108556763123,1.256451528513964
2023-06-16,0.9404512259105329,1.2572984436638543
2023-06-19,0.9401781089198817,1.257663576440359
2023-06-20,0.9398984169409591,1.2580377166284533
2023-06-21,0.9401123850393367,1.2577513240427627
2023-06-22,0.939711231764231,1.2582880163265124
2023-06-23,0.9397534153468807,1.258231531850495
2023-06-26,0.9388324049030734,1.2594646685038313
2023-06-27,0.9388324049030734,1.2600121450675672
2023-06-28,0.9388324049030734,1.2605452482807757
2023-06-29,0.9388324049030734,1.2597261872699346
2023-06-30,0.9388996306433093,1.2598163908302202
2023-07-03,0.9396596986703153,1.260836250810261
2023-07-04,0.9404309876423843,1.2618711670647422
2023-07-05,0.9401569638685436,1.261503481712129
2023-07-06,0.9397944427581946,1.2610170505517215
2023-07-07,0.9394822112157131,1.260598097979887
2023-07-10,0.9393817735168087,1.2604633305828115
2023-07-11,0.9393817735168087,1.260434898900597
2023-07-12,0.9393817735168087,1.2609133942317432
2023-07-13,0.9394666687618481,1.2610273474237197
2023-07-14,0.9403851917139495,1.2622602624385362
2023-07-17,0.9407543181517034,1.2627557334841224
2023-07-18,0.9415497606060472,1.2638234400048352
2023-07-19,0.9415497606060472,1.2636006168614393
2023-07-20,0.9415497606060472,1.2635963810858244
2023-07-21,0.9415497606060472,1.2632777549519345
2023-07-24,0.9417125228150629,1.2634961330840302
2023-07-25,0.9417125228150629,1.264005638158952
2023-07-26,0.9417958926076778,1.2641175405552398
2023-07-27,0.9417958926076778,1.2649114589201562
2023-07-28,0.9414435975042306,1.2644382968297612
2023-07-31,0.9414946709810618,1.264506892824496
2023-08-01,0.9416056730755955,1.2646559780163533
2023-08-02,0.9411208827716372,1.2640048636767565
2023-08-03,0.9419844416980845,1.2651646962796483
2023-08-04,0.9426139187860598,1.2660101371951986
2023-08-07,0.9435454051352772,1.2672612020662615
2023-08-08,0.9434446001113915,1.2671258124018654
2023-08-09,0.9429238318346009,1.2664263766048685
2023-08-11,0.9438497187320403,1.2650329723299947
2023-08-14,0.9426138533335778,1.2666893911934947
2023-08-15,0.9426138533335778,1.266779617698486
2023-08-16,0.9426138533335778,1.2669340605494628
2023-08-17,0.9426138533335778,1.26739089631695
2023-08-18,0.9426138533335778,1.2680612741390835
2023-08-21,0.9426138533335778,1.2687793039620245
2023-08-22,0.9419988794302482,1.2679515353500292
2023-08-23,0.9419725847958319,1.2679161421847
2023-08-24,0.9419725847958319,1.2684378579552873
2023-08-25,0.9419725847958319,1.2674711861978971
2023-08-28,0.9408070717090867,1.269039442300495
2023-08-29,0.9403088757597908,1.2697114507586182
2023-08-30,0.939182944114564,1.2712318110780516
2023-08-31,0.9389040299208247,1.2716093356038798
2023-09-01,0.9386850771428545,1.2719058753860626
2023-09-04,0.9386850771428545,1.2721284254696348
2023-09-05,0.9385467782751353,1.2723158513967319
2023-09-06,0.9378374356304391,1.273277452791366
2023-09-07,0.9378374356304391,1.272784689710316
2023-09-08,0.9378374356304391,1.272544907903211
2023-09-11,0.9378374356304391,1.2719651147789708
2023-09-12,0.9370388776060493,1.2730481787627281
2023-09-13,0.9369021985594348,1.2732338690425296
2023-09-14,0.9365033614397476,1.2737758817838787
2023-09-15,0.9360435961653398,1.2744012270222789
2023-09-18,0.9363761681060897,1.2739484381873345
2023-09-19,0.9363366416050825,1.2740022143575749
2023-09-20,0.9357935642768177,1.27474113846674
2023-09-21,0.9355099744297336,1.2751274455095853
2023-09-22,0.9348646074818006,1.2760070995274229
2023-09-25,0.9351781265849967,1.2755791738167757
2023-09-26,0.9349423543793812,1.275900766149507
2023-09-27,0.9353183734559208,1.2753876189746074
2023-09-28,0.9351350858098143,1.2756375475563495
2023-09-29,0.934694059614723,1.2762391607162569
2023-10-02,0.9342504210182072,1.276844908601626
2023-10-03,0.9345471810427076,1.2764393251329593
2023-10-04,0.9345471810427076,1.2770647360011627
2023-10-05,0.9345471810427076,1.277039567606565
2023-10-06,0.9345487828715286,1.2770417564728165
2023-10-10,0.9346713575260099,1.2783502313500934
2023-10-11,0.9346713575260099,1.2788532778238058
2023-10-12,0.9346713575260099,1.2786790843228684
2023-10-13,0.9354012025277797,1.2796775502874516
2023-10-16,0.9354012025277797,1.2792855180623532
2023-10-17,0.9354962131192979,1.2791555784455735
2023-10-18,0.9353074232059128,1.2794137213086596
2023-10-19,0.9354000218115494,1.2792870550129731
2023-10-20,0.9357248662171783,1.2788427860015084
2023-10-23,0.9357248662171783,1.278758713804904
2023-10-24,0.9357248662171783,1.2791364274149526
2023-10-25,0.9351709959095782,1.279893568442292
2023-10-26,0.9344183326634935,1.2809236782853906
2023-10-27,0.93443193391656,1.280905033352497
2023-10-30,0.9346555729085412,1.2805984724355537
2023-10-31,0.9344507482160702,1.2808791086355598
2023-11-01,0.9349942301482738,1.280134141975509
2023-11-02,0.9348555578550204,1.2803240031868572
2023-11-03,0.934715256201985,1.2805161522012785
2023-11-06,0.9343871485331858,1.280066660051909
2023-11-07,0.9344889113091143,1.2802060702919844
2023-11-08,0.9341528145277963,1.2806665071515788
2023-11-09,0.9341528145277963,1.2812283005991751
2023-11-10,0.9344319349006834,1.2816111254597924
2023-11-13,0.9344319349006834,1.2823773444231223
2023-11-14,0.9338493926046545,1.283176802376874
2023-11-15,0.9339383674756147,1.283054544450366
2023-11-16,0.9338755217184229,1.283140882625531
2023-11-17,0.9330911897014114,1.2842185513867037
2023-11-20,0.9336013964475542,1.2835163510276486
2023-11-21,0.9337905653104194,1.283256281441724
2023-11-22,0.9330909487635998,1.2842177254331915
2023-11-23,0.932679917429061,1.284783429908433
2023-11-24,0.9323878162414674,1.2851858045695188
2023-11-27,0.9330521307358466,1.2842701259826967
2023-11-28,0.9326781414297615,1.284784891747031
2023-11-29,0.9326781414297615,1.2846055115218193
2023-11-30,0.9326781414297615,1.2840591651822604
2023-12-01,0.9326781414297615,1.2848211057172938
2023-12-04,0.9330519773250493,1.2853360874961144
2023-12-05,0.9330519773250493,1.286235704144139
2023-12-07,0.9334020308885814,1.2869596621292074
2023-12-08,0.9331500552063513,1.2866122421235333
2023-12-11,0.9329647728511951,1.2863567778013019
2023-12-12,0.9335752236750346,1.2871984575491455
2023-12-13,0.9345261479812942,1.288509576641879
2023-12-14,0.9348104615615448,1.2889015836196545
2023-12-15,0.934740788146358,1.2888055190387977
2023-12-18,0.935223210076644,1.2894706746136293
2023-12-19,0.9355642199719502,1.289940853555953
2023-12-20,0.9359038045063711,1.2904090672336825
2023-12-21,0.9356339781547147,1.2900370350129784
2023-12-22,0.9359791515549714,1.2905129545287601
2023-12-25,0.9363869448159994,1.291075213298362
2023-12-26,0.9370208096162977,1.2919491758592223
2023-12-27,0.9375627391772141,1.2926963795951631
2023-12-28,0.9371589708144262,1.2921396702903234
2023-12-29,0.9373613813676785,1.2924187506957698
2024-01-01,0.937959439917275,1.2932433441758049
2024-01-02,0.9383971676599119,1.2938468761257325
2024-01-03,0.9381920211261257,1.2935640233944639
2024-01-04,0.9377217339090275,1.292915598966413
2024-01-05,0.9377281101188706,1.292924390381681
2024-01-08,0.9380965168176142,1.2934323435946067
2024-01-09,0.9384743318592995,1.2939532688790008
2024-01-10,0.9384743318592995,1.295697235790546
2024-01-11,0.9385754461675169,1.2955576331128718
2024-01-12,0.9384330696547337,1.2957541617762474
2024-01-15,0.9384360489416566,1.2957500480855066
2024-01-16,0.9377635319993716,1.2966786290594439
2024-01-17,0.9373376027447753,1.2972675764252566
2024-01-18,0.9367984475255345,1.298013762839344
2024-01-19,0.9371188548002498,1.297569811364624
2024-01-22,0.9365299480383988,1.2983852336901616
2024-01-23,0.9369835117754273,1.2977564225561147
2024-01-24,0.9369099225812028,1.297858346280743
2024-01-25,0.9362280635424414,1.298802894335059
2024-01-26,0.9358280035533862,1.2993578863203734
2024-01-29,0.9356374094976112,1.2996225181635293
2024-01-30,0.9346437314614413,1.3010027604865722
2024-01-31,0.9351164624721824,1.3003447296998252
2024-02-01,0.9352401378888,1.3001727503981595
2024-02-05,0.9352401378888,1.3001521452420972
2024-02-06,0.9352401378888,1.3009842089922512
2024-02-07,0.9348220383062774,1.3015658146490356
2024-02-08,0.9350696618469138,1.3012210449258288
2024-02-09,0.9344804875763202,1.302040926044109
2024-02-12,0.9344804875763202,1.303444272362297
2024-02-13,0.9341869575011108,1.3038536978135336
2024-02-14,0.9340943090065748,1.3039830082060924
2024-02-15,0.9340943090065748,1.3038152034302533
2024-02-16,0.9343164941492264,1.303505075893695
2024-02-19,0.9341158388724896,1.3037850186897058
2024-02-20,0.9339939540938792,1.3039551384347583
2024-02-21,0.9340918977143902,1.3038183986981868
2024-02-22,0.933564443781143,1.3045546261981962
2024-02-23,0.9336393482059796,1.3044499554230888
2024-02-26,0.9338888835347782,1.3041013129315815
2024-02-27,0.9332819084824578,1.3049489051629521
2024-02-28,0.9326677182105425,1.3058076884690606
2024-02-29,0.9320263849204958,1.306705605191879
2024-03-01,0.9315459773182716,1.3073791390282166
2024-03-04,0.9319153022388084,1.3068608095969385
2024-03-05,0.9316459875324236,1.3072384800079477
2024-03-06,0.9311424749369819,1.3079449833887795
2024-03-07,0.9311424749369819,1.3086197712098855
2024-03-08,0.9311424749369819,1.3083548678870878
2024-03-11,0.9311424749369819,1.3086802037386334
2024-03-12,0.9316780550542934,1.3094329382727217
2024-03-13,0.9319279894137519,1.3097842101320358
2024-03-14,0.9314627881530967,1.3091303900164677
2024-03-15,0.9317951496234039,1.3095975095909516
2024-03-18,0.9312316194133589,1.3088054924185584
2024-03-19,0.9311375216207985,1.30867324206842
2024-03-20,0.9315478528983908,1.3092499448119996
2024-03-21,0.9310666941787749,1.3085736971826987
2024-03-22,0.9318141138390038,1.3096241629702172
2024-03-25,0.9325518502296014,1.310661019343908
2024-03-26,0.9332826753430177,1.3116881622184586
2024-03-27,0.9332025209526009,1.3115755087128946
2024-03-28,0.9324608504026478,1.310533123049535
2024-03-29,0.9322385918304743,1.3102207483041617
2024-04-01,0.9319802385060991,1.3098576439562446
2024-04-03,0.9319802385060991,1.3117540988644951
2024-04-04,0.9309387301394101,1.3132200128533966
2024-04-05,0.9309387301394101,1.3125410218353584
2024-04-08,0.9307825096996795,1.3127612787963778
2024-04-09,0.9301428457788401,1.3136634509128178
2024-04-10,0.9300260309057645,1.3138284314101454
2024-04-11,0.9300260309057645,1.3148500400893237
2024-04-12,0.9301797020103799,1.315067296866392
2024-04-15,0.9301797020103799,1.3151073448243606
2024-04-16,0.9300790952893231,1.3152495846921137
2024-04-17,0.9302507835403176,1.315492373614003
2024-04-18,0.9310673658739604,1.3166471244095324
2024-04-19,0.9313404755284156,1.3170333360354218
2024-04-22,0.9308396548303344,1.316325112166621
2024-04-23,0.9311929592743793,1.3168247293773008
2024-04-24,0.9311810115804824,1.3168078338256046
2024-04-25,0.9319991834628627,1.3179648324442788
2024-04-26,0.9321149545885542,1.3181285474721256
2024-04-29,0.9327902491049335,1.3190834994076235
2024-04-30,0.9327442088733009,1.3190183926916026
2024-05-01,0.9328222476080674,1.3191287493419255
2024-05-02,0.9325146378885016,1.3186937502564118
2024-05-03,0.9325146378885016,1.3182898574899677
2024-05-06,0.9325146378885016,1.318534636594676
2024-05-07,0.9322363961863854,1.3189280581096625
2024-05-08,0.9322363961863854,1.3193509610917449
2024-05-09,0.9324285290925702,1.3196228778882455
2024-05-10,0.9324285290925702,1.3203047531229044
2024-05-13,0.9324285290925702,1.321314768722737
2024-05-14,0.933021536219652,1.3221551002339718
2024-05-15,0.9335656061165003,1.322926084354999
2024-05-16,0.934526701937978,1.324288022630646
2024-05-17,0.934526701937978,1.3244126447111064
2024-05-20,0.934526701937978,1.3236964336227603
2024-05-21,0.934526701937978,1.3244679609828978
2024-05-22,0.9347485779189565,1.324782417089404
2024-05-23,0.9340842416052502,1.323840879345221
2024-05-24,0.9336845703934255,1.3232744410466777
2024-05-27,0.9333945971465765,1.3228634733619693
2024-05-28,0.9333945971465765,1.3234830321346598
2024-05-29,0.9329204176847848,1.3228106814763354
2024-05-31,0.9329204176847848,1.3242367939787971
2024-06-03,0.9315927348490995,1.3261213775171357
2024-06-04,0.9320271344596107,1.3255030100821672
2024-06-05,0.9319417584515708,1.3256244294609187
2024-06-06,0.9319417584515708,1.3262435481951265
2024-06-07,0.9323102887784638,1.3267680026086384
2024-06-10,0.9328405816330012,1.3275226607947388
2024-06-11,0.9326250875685108,1.3272159918316702
2024-06-12,0.9324048955111898,1.3269026371689592
2024-06-13,0.9330542856798796,1.327826782389061
2024-06-14,0.9333888114472892,1.32830284501498
2024-06-17,0.9338476413346178,1.3289558044647205
2024-06-18,0.9338476413346178,1.32898177576795
2024-06-19,0.9338830149775839,1.3289314346579408
2024-06-20,0.9334186369685233,1.329592252473349
2024-06-21,0.9331363998217269,1.3299942803618852
2024-06-24,0.9331730202883914,1.3299420854081598
2024-06-25,0.9333471512872861,1.3296939169133906
2024-06-26,0.933090950401578,1.3300589137516667
2024-06-27,0.9333800718996683,1.3296467903401956
2024-06-28,0.9333800718996683,1.330742423404528
2024-07-01,0.9333800718996683,1.3309972576608742
2024-07-02,0.9333800718996683,1.3310693513767897
2024-07-03,0.9332708337478562,1.3312251330998581
2024-07-04,0.9334270661764582,1.3310022818887846
2024-07-05,0.9337391873411072,1.330557218747349
2024-07-08,0.9340180409447384,1.3301598586704502
2024-07-09,0.9337074320711382,1.3306022050034951
2024-07-10,0.9331301157975165,1.3314249234271465
2024-07-11,0.9318645443212052,1.3332306881082052
2024-07-12,0.9318645443212052,1.3332327648830098
2024-07-15,0.9318645443212052,1.3334320552055683
2024-07-16,0.9318645443212052,1.3334076422015644
2024-07-17,0.9319758146981969,1.333248425100822
2024-07-18,0.9322948419490487,1.333704813102586
2024-07-19,0.9322948419490487,1.3348800351401333
2024-07-22,0.9322948419490487,1.3357061271962232
2024-07-23,0.9322972362184616,1.3357095574847768
2024-07-24,0.9322972362184616,1.334581051512141
2024-07-25,0.9321763857172133,1.3347540486881122
2024-07-26,0.9323024721384263,1.3345735095071403
2024-07-30,0.9317982142755792,1.3348887423442213
2024-07-31,0.9315407980730881,1.3352575153098034
2024-08-01,0.9311500118671456,1.3358176627767133
2024-08-02,0.9311493921871208,1.335818551762926
2024-08-05,0.9309468617321764,1.3361091001338765
2024-08-06,0.9305887257803757,1.3366231023008701
2024-08-07,0.9301172332565211,1.3373003163939354
2024-08-08,0.9303547886973822,1.3369587648616492
2024-08-09,0.9309306820386563,1.336131182030244
2024-08-12,0.9305295532321726,1.336706907717123
2024-08-13,0.9301151711515592,1.3373021681123098
2024-08-14,0.9298702358116817,1.3376543315553167
2024-08-15,0.929740259322426,1.3378413077667892
2024-08-16,0.9291802908837983,1.3386470692692414
2024-08-19,0.927854008805197,1.3405578110649539
2024-08-20,0.9279121834148901,1.3404737607437938
2024-08-21,0.9280346829092796,1.3402967964136896
2024-08-22,0.9273330738550293,1.3413100822154642
2024-08-23,0.9269602730603164,1.341849307525878
2024-08-26,0.9277061987758459,1.3407695202535017
2024-08-27,0.9283153834441272,1.3398890947087387
2024-08-28,0.92839250633206,1.3397777789659033
2024-08-29,0.928289110987971,1.3399269904077389
2024-08-30,0.9281718628722206,1.3400962306939912
2024-09-02,0.928076493333859,1.340233925407647
2024-09-03,0.9282463900967098,1.3399885777374654
2024-09-04,0.9282463900967098,1.3407128085423357
2024-09-05,0.9289073877311516,1.3416675205717785
2024-09-06,0.9287998495220043,1.341512197743756
2024-09-09,0.9287998495220043,1.3415430489725897
2024-09-10,0.9286658462506319,1.3413494968770097
2024-09-11,0.9291880977920504,1.3421038283140418
2024-09-12,0.9292349990871943,1.3421715717643885
2024-09-13,0.9299136197235615,1.3431517601204441
2024-09-16,0.9299136197235615,1.3439144507069831
2024-09-17,0.9299136197235615,1.3449997182015252
2024-09-18,0.9298839490726197,1.3450426329586695
2024-09-19,0.9290154979782189,1.3462988152465494
2024-09-20,0.9289180708541642,1.3464400034419812
2024-09-23,0.9292839480444154,1.3459096749870207
2024-09-24,0.9292839480444154,1.3469082339201104
2024-09-26,0.9280907109787485,1.3445546789218303
2024-09-27,0.9287144179210354,1.3454582631055825
2024-09-30,0.9292093291747254,1.3461752568583787
2024-10-01,0.928321749802653,1.344889392251054
2024-10-02,0.9274056085261102,1.3462166354023513
2024-10-03,0.9271982534489127,1.3465176308371343
2024-10-04,0.9271075712268535,1.346649323504104
2024-10-07,0.9275543121312786,1.3460004200160982
2024-10-08,0.9276100157720862,1.3459195868800296
2024-10-09,0.9270301545084655,1.3467609389774737
2024-10-10,0.9261281882160312,1.3480712879073518
2024-10-11,0.9255875371825301,1.3488582590246483
2024-10-14,0.9255875371825301,1.3496676836883958
2024-10-15,0.9255875371825301,1.3498376588234255
2024-10-16,0.9255875371825301,1.3508536819991694
2024-10-17,0.9255875371825301,1.3517213604433111
2024-10-18,0.9255875371825301,1.3506943605831072
2024-10-21,0.9255875371825301,1.35127922663312
2024-10-22,0.9247886839143498,1.3524454845861016
2024-10-23,0.9250857193096346,1.3520110889386387
2024-10-24,0.924938736135578,1.3522259045790317
2024-10-25,0.924938736135578,1.3530885316009345
2024-10-28,0.924938736135578,1.3525891864788153
2024-10-29,0.9245018269577853,1.3532281029889235
2024-10-30,0.9245018269577853,1.3520031670641364
2024-10-31,0.9245018269577853,1.351414755468007
2024-11-01,0.9245018269577853,1.351903992551815
2024-11-04,0.9240718336545457,1.3525327740711908
2024-11-05,0.923916397619426,1.3523052675894278
2024-11-06,0.923916397619426,1.351753901253865
2024-11-07,0.9241671253916969,1.3521207334101002
2024-11-08,0.9241671253916969,1.3526186186590148
2024-11-11,0.9238074706921644,1.352092225077692
2024-11-12,0.9236448880456332,1.3523301823786247
2024-11-13,0.9236448880456332,1.3527081637391474
2024-11-14,0.922617101435435,1.3542133908628948
2024-11-15,0.9228684060139787,1.3538445270894839
2024-11-18,0.9228684060139787,1.3539926861432419
2024-11-19,0.9228684060139787,1.3544293768665365
2024-11-20,0.9234771200287929,1.3535360099050044
2024-11-21,0.9235570642053633,1.3536531837032755
2024-11-25,0.9235570642053633,1.3536944354721006
2024-11-26,0.9235570642053633,1.353821772429836
2024-11-27,0.9235570642053633,1.3534478097143516
2024-11-28,0.9237265542816223,1.3536961928206823
2024-11-29,0.9238758119656513,1.3539149259053629
2024-12-02,0.9241641903624848,1.3543375366185397
2024-12-03,0.9241641903624848,1.3546007193286247
2024-12-04,0.9232538819064782,1.355935010899513
2024-12-05,0.9230403057373169,1.356248679123319
2024-12-06,0.9233708612440421,1.3557629847645933
2024-12-09,0.922936547341093,1.3564006773084036
2024-12-10,0.9234006576413715,1.3570827605214448
2024-12-11,0.9236997726130105,1.3575223571018307
2024-12-12,0.9243382710514693,1.35846073116111
2024-12-13,0.9252615386161029,1.3598176183204862
2024-12-16,0.9255340107484686,1.3602180590506245
2024-12-17,0.9255208293795041,1.3601986869520302
2024-12-18,0.9255295966276351,1.3602115718045558
2024-12-19,0.9256953466057676,1.3604551675135461
2024-12-20,0.9254609990945948,1.3601107569212947
2024-12-23,0.925329486852246,1.3599174789596515
2024-12-24,0.9252604619787838,1.3598160360323073
2024-12-25,0.9254964298074563,1.3601628279364273
2024-12-26,0.925639902387111,1.3603736834982527
2024-12-27,0.9255712009188672,1.3602727158658336
2024-12-30,0.9255712009188672,1.3601089979593348
2024-12-31,0.9249283295843075,1.3610536849653663
2025-01-01,0.9250606454065706,1.3608589791360495
2025-01-02,0.9251731561034588,1.360693464374537
2025-01-03,0.9248431134753211,1.361178872802256
2025-01-06,0.9249326534823848,1.3610470883253973
2025-01-07,0.9255630510134297,1.3619747242142222
2025-01-08,0.9266100443739912,1.3635153847796408
2025-01-09,0.9266100443739912,1.3633054508465243
2025-01-10,0.9266100443739912,1.3636086756161248
2025-01-13,0.9266460332720358,1.3636616372410255
2025-01-14,0.9265723473002878,1.3635532002227169
2025-01-15,0.9270467633490304,1.3642513556591322
2025-01-16,0.9271840020258705,1.36445331747846
2025-01-17,0.9282099418989628,1.3659631009306288
2025-01-20,0.9278789615770743,1.3654760269547683
2025-01-22,0.9278789615770743,1.3671083865528837
2025-01-23,0.9284629757573367,1.367968855123424
2025-01-24,0.9283319926499602,1.3677758686327217
2025-01-27,0.9282138178222569,1.3676017534682199
2025-01-28,0.928042343124904,1.3673491079114823
2025-01-29,0.9275688480378147,1.366651474781132
2025-01-30,0.9279057762729311,1.3671478945028501
2025-01-31,0.9277554022583322,1.366926338044529
2025-02-03,0.9284409113523747,1.367936346106282
2025-02-04,0.9293568594539033,1.3692858759297823
2025-02-05,0.9291474023978664,1.3689772683313903
2025-02-06,0.9296355633124268,1.369696509641861
2025-02-07,0.9292580671513955,1.3691403183830784
2025-02-10,0.9293730713765284,1.3693097620790546
2025-02-11,0.9292171550148751,1.3690800396966714
2025-02-12,0.9292171550148751,1.3702969532817648
2025-02-13,0.9299113884095234,1.3692731819271156
2025-02-14,0.929530132379255,1.3698345726834835
2025-02-17,0.929530132379255,1.3699440001307248
2025-02-18,0.9287111937316918,1.3711509541041615
2025-02-19,0.9285314279847376,1.3714163605912537
2025-02-20,0.9276887579387363,1.3726609619615862
2025-02-21,0.9275546178693144,1.3724624806981724
2025-02-24,0.9275546178693144,1.3728463011944008
2025-02-25,0.9277437607567792,1.3731262460175422
2025-02-26,0.9273876683628602,1.372599204141563
2025-02-27,0.9273876683628602,1.3738955296895625
2025-02-28,0.9270083191021443,1.3744575236337009
2025-03-03,0.9270083191021443,1.3744115403460355
2025-03-04,0.9270083191021443,1.3729751776271657
2025-03-05,0.9270083191021443,1.3732934600020241
2025-03-06,0.9271542358586037,1.3735096247582848
2025-03-07,0.9271542358586037,1.3740430642864636
2025-03-10,0.9271542358586037,1.3734797691045961
2025-03-11,0.9271542358586037,1.3748578965846978
2025-03-12,0.9269433042208197,1.3751706827605363
2025-03-13,0.9260969936304546,1.3764262304375954
2025-03-14,0.9260969936304546,1.3783095865075141
2025-03-17,0.9260969936304546,1.378299797560296
2025-03-18,0.9260581910665059,1.3782420481383637
2025-03-19,0.9260581910665059,1.37785670142735
2025-03-21,0.9246261653554156,1.3759851116945905
2025-03-24,0.9250771919978061,1.3766563083015655
2025-03-25,0.9252319306601468,1.3768865830910557
2025-03-26,0.9252774480383004,1.376954319909469
2025-03-27,0.9253943709867448,1.3771283191345645
2025-03-28,0.9257218217597052,1.377615615952769
2025-03-31,0.9261197389613284,1.3782077775913164
2025-04-01,0.9253210122686744,1.3770191501453448
2025-04-02,0.9251607008325098,1.3767805822163137
2025-04-03,0.9251250116000481,1.3767274711814381
2025-04-04,0.9264015706153742,1.3786271861852992
2025-04-07,0.9267633122797725,1.3791655130931262
2025-04-08,0.9257599384143748,1.377672339363049
2025-04-09,0.9257599384143748,1.3782646516034986
2025-04-10,0.9261610221816506,1.3776675210129103
2025-04-11,0.9265891365708578,1.377030699471987
2025-04-14,0.9261723368434507,1.3776501175047684
2025-04-15,0.9253541447721516,1.3788671506187224
2025-04-16,0.9243707642249338,1.3803324827197097
2025-04-17,0.9246329230917243,1.3799410094997977
2025-04-18,0.9242679291597484,1.3804857338789251
2025-04-21,0.9242134660480952,1.3805670799326915
2025-04-22,0.9236277041004561,1.3814420765555449
2025-04-23,0.9232152412455683,1.3820589847970677
2025-04-24,0.9228814697245276,1.3825586428496162
2025-04-25,0.9225836669888321,1.383004777873026
2025-04-28,0.9216631443441939,1.3843846930625392
2025-04-29,0.9223791961106224,1.383309147066188
2025-04-30,0.9220815764544948,1.3837554927712992
2025-05-01,0.9214768061410332,1.3846630634944184
2025-05-02,0.9215848739172775,1.3845006747537336
2025-05-05,0.9213182833732431,1.3849011748037503
2025-05-06,0.9212724832713517,1.3849700203005346
2025-05-07,0.9220529603879681,1.3837967111789966
2025-05-08,0.9213756428847494,1.3848132143232235
2025-05-09,0.9215654181445986,1.3845279850688794
2025-05-12,0.921103612105772,1.385221786476615
2025-05-13,0.9213552494893376,1.384843356100894
2025-05-14,0.921166374881761,1.3845594680505642
2025-05-15,0.9215334199745437,1.3851111553160476
2025-05-16,0.9222515031009764,1.3861904704307326
2025-05-20,0.9228869572370266,1.3865433064598882
2025-05-21,0.9228869572370266,1.3862509980698876
2025-05-22,0.9232934468330357,1.3856404177558483
2025-05-23,0.9226233395637135,1.386646086884975
2025-05-26,0.9219594741844812,1.3876438356854401
2025-05-27,0.921360646158316,1.3885451334565582
2025-05-28,0.9218780631907643,1.3877653553041385
2025-05-29,0.9220145057258872,1.3879707514739725
2025-05-30,0.9204290661890344,1.3855840821843721
2025-06-02,0.9213040184504508,1.3869012069587008
2025-06-03,0.9215175707024039,1.3872226815968778
2025-06-04,0.9215175707024039,1.3875723332299383
2025-06-05,0.9215175707024039,1.3878832700885417
2025-06-06,0.9216830823754352,1.3881325446431543
2025-06-09,0.9215095302714079,1.3878711605205656
2025-06-10,0.9215095302714079,1.3882459338043782
2025-06-11,0.9215095302714079,1.3889247976852777
2025-06-12,0.9210092000545862,1.389678909305773
2025-06-13,0.9199921823480763,1.3912134521279769
2025-06-16,0.9200683103218031,1.3910983313006873
2025-06-17,0.9202365502169144,1.3908439607993648
2025-06-18,0.9202365502169144,1.3907741814645556
2025-06-19,0.9207870829005012,1.3899421490461472
2025-06-20,0.9207870829005012,1.3892861610479954
2025-06-23,0.921018917441362,1.3889363684355096
2025-06-24,0.9203013602252751,1.3900184757570673
2025-06-25,0.9200806925937561,1.390351771021064
2025-06-26,0.9196489995202318,1.3910041107931552
2025-06-27,0.9196847570024813,1.3909500262404328
2025-06-30,0.9196847570024813,1.390936883462426
2025-07-01,0.9196847570024813,1.3913750175810284
2025-07-02,0.9196344265266873,1.3914511616794378
2025-07-03,0.9192166300242952,1.3920833079017085
2025-07-04,0.9191847032366958,1.3921316585805805
2025-07-07,0.9193347244896726,1.3919044470800046
2025-07-08,0.9190199874214283,1.392380969845087
2025-07-09,0.9195957667540409,1.3915086230011309
2025-07-10,0.9192026342867394,1.3921035009225056
2025-07-11,0.9185725359320009,1.393057765078023
2025-07-14,0.918523622854873,1.3931319440233336
2025-07-15,0.918523622854873,1.3930015263262212
2025-07-17,0.9175670098791218,1.394071644085935
2025-07-18,0.9183207667204939,1.3929264513885309
2025-07-21,0.9186598062715735,1.3924121897319508
2025-07-22,0.9181387736978167,1.3932019185325293
2025-07-23,0.9173552356912574,1.3943908745871625
2025-07-24,0.9181605584625792,1.3931667743915799
2025-07-25,0.9179964132369135,1.393415839408003
2025-07-28,0.9175370622460778,1.3941130828146753
2025-07-29,0.9167812657021132,1.3952614460724033
2025-07-30,0.9167792220723158,1.395264556299426
2025-07-31,0.9169890967719502,1.3949451438142675
2025-08-01,0.9174261148327394,1.3942803417748504
2025-08-04,0.9169228391043263,1.3950452071337864
2025-08-05,0.9169228391043263,1.395478854687747
2025-08-06,0.9166127298664631,1.3950068947085363
2025-08-07,0.9166127298664631,1.3944386390589432
2025-08-08,0.9166127298664631,1.3947889328121659
2025-08-11,0.9160066439921418,1.3938666655969154
2025-08-12,0.9160066439921418,1.3945488234919448
2025-08-13,0.9160066439921418,1.3938572328801087
2025-08-14,0.9160066439921418,1.394309841694081
2025-08-15,0.9170472656388383,1.3958938356672526
2025-08-18,0.9170472656388383,1.3958467349265786
2025-08-19,0.917310680697597,1.3954457882540616
2025-08-20,0.9167089090148137,1.3963612248426687
2025-08-21,0.916714523080745,1.3963526733124032
2025-08-22,0.9168446605707944,1.3961544460262052
2025-08-25,0.9159590338142901,1.3975030624132423
2025-08-26,0.9168666047197116,1.3961183573414424
2025-08-27,0.9163166349554822,1.3969557996475215
2025-08-28,0.9165404143671915,1.396614640341771
2025-08-29,0.9162880821821325,1.3969991414705358
2025-09-01,0.9169577657734184,1.3959781226225603
2025-09-02,0.9172307501798819,1.395562530679873
2025-09-03,0.9171217619123692,1.3957283558469804
2025-09-04,0.9166361876008648,1.3964673306086568
2025-09-05,0.9169217305694628,1.3960323145875506
2025-09-08,0.9159748678090466,1.397473932739843
2025-09-09,0.9161322079767041,1.3972338838142648
2025-09-10,0.9155617146135403,1.3981039685581078
2025-09-11,0.9159070892021948,1.3975765660080341
2025-09-15,0.916522816499642,1.396962595035936
2025-09-16,0.916522816499642,1.3970837142487404
2025-09-17,0.916522816499642,1.398537547917433
2025-09-18,0.916522816499642,1.399828382307987
2025-09-19,0.9167821889271501,1.3994322362665816
2025-09-22,0.9171936609622744,1.398804140261631
2025-09-23,0.9173238209317005,1.39860563441507
2025-09-24,0.9170626909666119,1.3982075003732475
2025-09-25,0.9176585831200779,1.3991160324579097
2025-09-26,0.9176585831200779,1.3998843419934774
2025-09-29,0.9176099817716519,1.3999584831478378
2025-09-30,0.9176099817716519,1.400851975008008
2025-10-01,0.9183411182875222,1.3997357992333286
2025-10-02,0.9187353038076715,1.3991349815490228
2025-10-03,0.9190423162380918,1.3986674346621326
2025-10-06,0.919636382780185,1.3995715296224704
2025-10-07,0.919636382780185,1.3983504218268006
2025-10-08,0.919636382780185,1.397417268056818
2025-10-09,0.919636382780185,1.3981728424404392
2025-10-10,0.9195119923427053,1.3979837249426976
2025-10-13,0.9195119923427053,1.3980491205449408
2025-10-14,0.9185762351596513,1.3994718692613324
2025-10-15,0.9185762351596513,1.3995716811562706
2025-10-16,0.9184207401267709,1.3993347640270768
2025-10-17,0.9184207401267709,1.3999027277059737
2025-10-20,0.918827108151024,1.3992833212828069
2025-10-21,0.9182234869593231,1.400202576993078
2025-10-22,0.9188015340041128,1.401084043186475
2025-10-23,0.9188816862071092,1.4012062675934753
2025-10-24,0.9192887220550945,1.4018269581457992
2025-10-27,0.9197381228445977,1.4025122511626973
2025-10-28,0.9195945611072714,1.402293333309455
2025-10-29,0.9195945611072714,1.4020696592007784
2025-10-30,0.9197283862997754,1.4018656211931804
2025-10-31,0.9199359380801384,1.4015492672458167
2025-11-03,0.9199359380801384,1.4011894159510778
2025-11-04,0.9203937962389694,1.4018867971268798
2025-11-05,0.9198561568849457,1.4010678981782976
2025-11-06,0.9202857119731503,1.4017221698707552
2025-11-07,0.9202857119731503,1.400360788876332
2025-11-10,0.9205066920938323,1.4006970452064025
2025-11-12,0.9203144221646625,1.4014603204983231
2025-11-13,0.9200160319877383,1.4019147108489622
2025-11-14,0.9198511212144901,1.402166000860175
2025-11-17,0.9198890950246548,1.4021081158564956
2025-11-18,0.9197996157533527,1.4022445014416407
2025-11-19,0.919234482671026,1.4031060529618882
2025-11-20,0.9190106742353688,1.403447670880596
2025-11-21,0.9188267855884942,1.403728492529781
2025-11-24,0.9188348173931178,1.4037407630394934
2025-11-25,0.9199331064278,1.4054186631999999
2025-11-26,0.9199207576592716,1.405399797491574
2025-11-27,0.9201819091917216,1.405798769150561
2025-11-28,0.9199177177261754,1.40539515326399
2025-12-01,0.9197091738012819,1.4050765523547561
2025-12-02,0.9192417102822076,1.405790715101462
2025-12-03,0.9192417102822076,1.4062945724887927
2025-12-04,0.9199048434705065,1.4073090614889228
2025-12-05,0.9203616602085394,1.4066102040587911
2025-12-08,0.9196741340898777,1.4055594418466328
2025-12-09,0.9198341811111451,1.4058040454443022
2025-12-10,0.9197086420126656,1.4056121811103515
2025-12-11,0.9197086420126656,1.4062818853190748
2025-12-12,0.9205862820774405,1.4076238421829599
2025-12-15,0.9205862820774405,1.4082649989271354
2025-12-16,0.9205410172517214,1.408334242702525
2025-12-17,0.9210818596127478,1.4091616765731108
2025-12-18,0.9209157641272773,1.408907567353247
2025-12-19,0.9210005766972753,1.40903732196961
2025-12-22,0.9210005766972753,1.4106037026495724
2025-12-23,0.9208091603354375,1.410896875787123
2025-12-24,0.9208091603354375,1.4108091667103129
2025-12-25,0.92097017895164,1.4110558698813225
2025-12-26,0.92097017895164,1.4106685609209937
2025-12-29,0.92097017895164,1.4117692538804871
2025-12-30,0.9208308969404128,1.4115557463581339
2025-12-31,0.9216064654467685,1.4127446271672794
2026-01-01,0.922378593694773,1.4139282343518533
2026-01-02,0.9226761047055775,1.414384293524391
2026-01-05,0.9226761047055775,1.4151955408276025
2026-01-06,0.9227972716029198,1.4153813859491355
2026-01-07,0.9228953256186467,1.415531780659814
2026-01-09,0.9230479694325244,1.415063580789367
2026-01-12,0.9237524838880266,1.416143625143653
2026-01-13,0.9234199868380598,1.4156338959836212
2026-01-14,0.9236946195566637,1.4160549171775993
2026-01-15,0.923837384238261,1.4162737802359036
2026-01-16,0.9235231603639732,1.4157920644687452
2026-01-19,0.9235664137328469,1.4158583733379118
2026-01-20,0.9235115874200238,1.41594242391937
2026-01-21,0.9235115874200238,1.4157377576686851
2026-01-22,0.9235115874200238,1.4160944507952218
2026-01-23,0.9229264308518598,1.415197183256502
2026-01-26,0.9230940908997279,1.415454269866611
2026-01-27,0.9234277150391011,1.4159658425407964
2026-01-28,0.9234620351598322,1.4160184683369206
2026-01-29,0.9234423914533906,1.4159883470649584
2026-01-30,0.9233700346019464,1.415877396496278
2026-02-02,0.9227090152957315,1.414863802531513
2026-02-03,0.9233131046001962,1.4157901011546057
2026-02-04,0.9237562622027029,1.4164696302804833
2026-02-05,0.9239435848237095,1.4167568670923754
2026-02-06,0.9238204322133499,1.4165680273089802
2026-02-09,0.9248154667980519,1.4180937937129323
2026-02-10,0.9255136921720734,1.4191644387281384
2026-02-11,0.9256694043189436,1.4194032046625435
2026-02-12,0.9249575718781966,1.4204947144854512
2026-02-13,0.9246388725358569,1.4209841539419923
2026-02-16,0.9244183944431892,1.421322984468458
2026-02-17,0.9240434234859902,1.421899514363556
2026-02-18,0.9246669347364277,1.422858960988751
2026-02-19,0.9244877103480131,1.4225831740891621
2026-02-20,0.9242585318833895,1.4222305188575264
2026-02-23,0.9247561749426723,1.4229962820309183
2026-02-24,0.9244075000441675,1.422459748079966
2026-02-25,0.9244075000441675,1.421729500819125
2026-02-26,0.9244075000441675,1.4206503586331687
2026-02-27,0.9242818790205641,1.420843415864125
2026-03-02,0.924843348743949,1.419980301939914
2026-03-03,0.9243155140476098,1.4207907255348937
2026-03-04,0.9239785880018987,1.4213086237997854
2026-03-05,0.9233452681272467,1.4222828271105061
2026-03-06,0.9231352676303602,1.4226063031824765
