date,strategy,buy_and_hold
2004-12-15,0.999688979958001,1.0005107784143648
2004-12-16,0.999688979958001,1.0003954766561673
2004-12-17,0.999688979958001,1.0005647611179005
2004-12-20,0.999688979958001,1.0006185111856007
2004-12-21,0.999688979958001,1.0007164829921593
2004-12-22,0.999688979958001,1.0011065302277766
2004-12-23,0.9990876265308467,1.0005043240866984
2004-12-24,0.9990542100715356,1.000470860243139
2004-12-27,0.9995675280064938,1.0009849060584597
2004-12-28,0.9995849597761223,1.0010023625461857
2004-12-29,0.9991632981962938,1.0005801030539083
2004-12-30,0.9991632981962938,1.0013813172393529
2004-12-31,0.9991632981962938,1.0010638185167609
2005-01-03,0.9991632981962938,1.0020389326531371
2005-01-04,0.9991632981962938,1.0017364896068381
2005-01-05,0.9991632981962938,1.0024045344058843
2005-01-06,0.9999244081732696,1.0031681133858963
2005-01-07,1.0007038499240168,1.003950083607045
2005-01-10,1.0006698479818088,1.0039159713642218
2005-01-11,1.0005340513248193,1.0037797341896086
2005-01-12,1.000916529207928,1.0041634528120102
2005-01-13,1.0011246128644842,1.0039546941423871
2005-01-14,1.0000830397221465,1.004999211710036
2005-01-17,1.0002800910737384,1.0048011917005464
2005-01-18,1.0001013798093699,1.0049807107102822
2005-01-19,1.0000071058905509,1.0050754445761172
2005-01-20,1.0000253799618959,1.0050570778862475
2005-01-21,0.9997187995016975,1.0053652009275607
2005-01-24,0.9992645193535593,1.0058220468452705
2005-01-25,0.9994210734133628,1.0056644654223101
2005-01-26,0.9992165271819706,1.0058702894557623
2005-01-27,0.9992101836862246,1.0058639037188088
2005-01-28,0.999864889217563,1.0065229689207955
2005-01-31,0.9995469096134267,1.0062028718970246
2005-02-01,0.9990001885241827,1.005652510203308
2005-02-02,1.0001722718717858,1.0068323984297816
2005-02-03,0.9999217310855648,1.0070846075619377
2005-02-04,1.000255367215066,1.0067485814509916
2005-02-07,1.0000008195178756,1.0070047815589416
2005-02-08,1.0001577656326908,1.0068467362003966
2005-02-09,0.9998498682371452,1.0071566927876892
2005-02-11,0.9998498682371452,1.0073063189484592
2005-02-14,0.9998498682371452,1.007098682964205
2005-02-15,0.9998498682371452,1.0069888771316722
2005-02-16,0.9998498682371452,1.0070700342675127
2005-02-17,0.999783693861554,1.0071366865048248
2005-02-18,0.9995048382149749,1.0074175930185367
2005-02-21,0.9994256736176195,1.0074973843362682
2005-02-22,0.9991278337448853,1.007797629667814
2005-02-23,0.9987587113223425,1.0081699550999876
2005-02-24,0.9988185679136046,1.0081095344836357
2005-02-25,0.9998815799924312,1.0070366343130124
2005-02-28,1.0002632294341172,1.0066522538254292
2005-03-01,0.9996673204619201,1.0072519690726611
2005-03-02,0.9998436372680134,1.0070743145205086
2005-03-03,1.0000359869508284,1.0072680552393058
2005-03-04,1.0008929999877225,1.0081312660299686
2005-03-07,1.0018743040594722,1.0091196667043918
2005-03-08,1.0030829797593468,1.0103370833149077
2005-03-09,1.0033577105665337,1.0106138009225543
2005-03-10,1.0033577105665337,1.0106929065995844
2005-03-11,1.0033577105665337,1.0100162698235986
2005-03-14,1.0033577105665337,1.00978294915503
2005-03-15,1.0033577105665337,1.0102287678741024
2005-03-16,1.0033577105665337,1.0100031344876752
2005-03-17,1.0046534795025408,1.011307485541299
2005-03-18,1.0045817422075052,1.011235273116874
2005-03-21,1.0044537750745148,1.0111064584338647
2005-03-22,1.005156003405102,1.0118133377527254
2005-03-23,1.0047879154706496,1.01144281190372
2005-03-24,1.0049676188168275,1.0116237054584374
2005-03-25,1.0052188097771253,1.0118765601029813
2005-03-28,1.0055190892627193,1.0121788283952147
2005-03-29,1.0046271159649314,1.0112809473930977
2005-03-30,1.0048685244684978,1.011523954789888
2005-03-31,1.005329557206697,1.0119880410332873
2005-04-01,1.0061074803357817,1.0127711164913136
2005-04-04,1.0068256558628255,1.0134940486278663
2005-04-05,1.0067417970907258,1.01340963444359
2005-04-06,1.007372429553408,1.0140444437018545
2005-04-07,1.007372429553408,1.0144980161112982
2005-04-08,1.007372429553408,1.0151088368374102
2005-04-12,1.007372429553408,1.0157096894202235
2005-04-13,1.007372429553408,1.0155777479536545
2005-04-14,1.0069732131384743,1.015980216093272
2005-04-15,1.006553201614263,1.0164039844652228
2005-04-18,1.0059050742204065,1.017058454854369
2005-04-19,1.005579900230399,1.017387234342923
2005-04-20,1.0056667742403307,1.0172993402743555
2005-04-21,1.005704744257249,1.0172609310575547
2005-04-22,1.0049728019394046,1.0180012838578993
2005-04-25,1.005316227766493,1.0176534058534286
2005-04-26,1.0056243284837332,1.01734152414339
2005-04-27,1.0052103647629402,1.0177603112299023
2005-04-28,1.0052103647629402,1.0170745014206544
2005-04-29,1.0052103647629402,1.018038229886533
2005-05-02,1.0052103647629402,1.0187004563372015
2005-05-03,1.0052103647629402,1.0197813975887093
2005-05-04,1.0052103647629402,1.0189251473210157
2005-05-05,1.0052805113915002,1.0189962510087065
2005-05-06,1.0055061243327468,1.0192249421438713
2005-05-09,1.0052739344397794,1.0189895843230694
2005-05-10,1.0059057801324611,1.0196300507249967
2005-05-11,1.0054075241699945,1.0191249967106764
2005-05-12,1.0050514481758128,1.0194859308967408
2005-05-13,1.0047840790312759,1.0197571399793266
2005-05-16,1.0047015987528178,1.0198408493598994
2005-05-17,1.0043966398941853,1.0201504034621263
2005-05-18,1.0038700329763626,1.0206852701057854
2005-05-19,1.0032781727010678,1.0212870442848223
2005-05-20,1.003093594977496,1.0214749351837542
2005-05-23,1.0035213811636092,1.0210393099650106
2005-05-24,1.0037227540170643,1.0208344218548049
2005-05-25,1.0040473747116372,1.020504266961195
2005-05-26,1.0050280974786667,1.0215010643172433
2005-05-27,1.0058973952005474,1.0223846103099747
2005-05-30,1.0060372350226219,1.0225267421841395
2005-05-31,1.0057404115056243,1.0222250535653954
2005-06-01,1.0057664122113075,1.022251480437037
2005-06-02,1.0067411534086117,1.023242198182121
2005-06-03,1.0063068755809632,1.0228008023004882
2005-06-06,1.0067669013097245,1.0232683681055854
2005-06-07,1.0077370619751504,1.024254430241338
2005-06-09,1.0086129645185111,1.0261315212627773
2005-06-10,1.0085472899570884,1.0260647060026213
2005-06-13,1.008574590116607,1.0260924803374782
2005-06-14,1.0094681407355808,1.0270015510000892
2005-06-15,1.0099876523542164,1.0275300859944798
2005-06-16,1.010249279128462,1.0277962569533152
2005-06-17,1.0096535740849935,1.0271902051336559
2005-06-20,1.0097132251159417,1.0272508922408865
2005-06-21,1.0103919463393272,1.0279414021450481
2005-06-22,1.0101495967632002,1.0276948432091857
2005-06-23,1.0101495967632002,1.0278284958968271
2005-06-24,1.0101495967632002,1.029326743225239
2005-06-27,1.0101495967632002,1.0297449268899055
2005-06-28,1.0101495967632002,1.0301548025369718
2005-06-29,1.0101495967632002,1.029781505113891
2005-06-30,1.0094132769013267,1.029030875129941
2005-07-01,1.0090673247929627,1.0286781995618965
2005-07-04,1.0093443693881357,1.0289606284230426
2005-07-05,1.0102068929399812,1.029839914822069
2005-07-06,1.0091343840412847,1.0287465620835372
2005-07-07,1.0091343840412847,1.0292837444556864
2005-07-08,1.0091343840412847,1.029566141816947
2005-07-11,1.0091343840412847,1.0295906921465907
2005-07-12,1.0091343840412847,1.0297309260168308
2005-07-13,1.0091343840412847,1.0301434048705596
2005-07-14,1.0091343840412847,1.0308346804871156
2005-07-15,1.0091343840412847,1.031439120179152
2005-07-18,1.0091343840412847,1.031572089096204
2005-07-19,1.0091343840412847,1.0318867783731844
2005-07-20,1.0091343840412847,1.032717191850804
2005-07-21,1.0092239062821406,1.0328088061676353
2005-07-22,1.009244919206762,1.032830310150505
2005-07-25,1.0086163249741096,1.0321870260834625
2005-07-26,1.009561950496703,1.0331547502534828
2005-07-27,1.0088541926778538,1.0324304525992245
2005-07-28,1.0093488882525719,1.031924196313815
2005-07-29,1.008415320934499,1.0328786439935216
2005-08-01,1.0082928936805484,1.0330040412315675
2005-08-02,1.0078713460271262,1.033435920135293
2005-08-03,1.006992745169182,1.034336806632007
2005-08-04,1.0071390678108563,1.0344871025449156
2005-08-08,1.006406158056214,1.0346426664369517
2005-08-09,1.0060991271954514,1.0343270212812508
2005-08-10,1.0055376502908868,1.033749791147044
2005-08-11,1.0053697373652917,1.0335771671267353
2005-08-12,1.0064907716944542,1.0347296540607702
2005-08-15,1.006675986237736,1.0349200651263126
2005-08-16,1.0066776986144406,1.0349218255467805
2005-08-17,1.0072729095752067,1.0355337362059214
2005-08-18,1.0072729095752067,1.0349788178898887
2005-08-19,1.0072729095752067,1.0349378999759518
2005-08-22,1.0072729095752067,1.0353924188398418
2005-08-23,1.0072729095752067,1.0348729167465875
2005-08-24,1.0072729095752067,1.0346081214732092
2005-08-25,1.0067515656907804,1.0351436135049916
2005-08-26,1.006921815325884,1.0349685625505307
2005-08-29,1.0062123315406108,1.0356978082598012
2005-08-30,1.006528763147035,1.03537210412066
2005-08-31,1.0068091897380191,1.0350836415548703
2005-09-01,1.0067089556775266,1.035186690511316
2005-09-02,1.0066586898937069,1.0352383782112267
2005-09-05,1.0057663370478596,1.0361560655288862
2005-09-06,1.0060762324883288,1.035836806444053
2005-09-07,1.0056070076811312,1.0363199113123491
2005-09-08,1.0063560422784597,1.0370918226669281
2005-09-09,1.006164370679108,1.036894297099461
2005-09-12,1.0064377200529968,1.0371759950159853
2005-09-13,1.0072480475136483,1.0380110712194544
2005-09-14,1.008317040826864,1.039112713359061
2005-09-15,1.008317040826864,1.038784998239628
2005-09-16,1.008317040826864,1.0393239315166718
2005-09-19,1.008317040826864,1.0388479406280162
2005-09-20,1.008317040826864,1.03962198722331
2005-09-21,1.008317040826864,1.0389788879152306
2005-09-22,1.0082508816757214,1.0389107169347787
2005-09-23,1.0083672132741326,1.0390305860531737
2005-09-26,1.0091051017369377,1.0397909129180871
2005-09-27,1.008977360621294,1.0396592873311947
2005-09-28,1.0091806000274623,1.0398687070312014
2005-09-29,1.0091806000274623,1.0397644157192392
2005-09-30,1.0091806000274623,1.039667777351319
2005-10-03,1.0091806000274623,1.0399982636152583
2005-10-05,1.0091806000274623,1.040259158245678
2005-10-06,1.0091806000274623,1.0402245002208932
2005-10-07,1.0091806000274623,1.0412101875906574
2005-10-10,1.0091806000274623,1.0419956576189695
2005-10-11,1.0091806000274623,1.0415952457464996
2005-10-12,1.0091806000274623,1.0416035391656182
2005-10-13,1.009243805719245,1.0415383028023206
2005-10-14,1.0092583842080103,1.041523257820761
2005-10-17,1.009540035530475,1.041232602417216
2005-10-18,1.0091620871321139,1.0416224157783058
2005-10-19,1.0088554626078807,1.0419389030718151
2005-10-20,1.0093032206628263,1.0424013444758649
2005-10-21,1.009929180231518,1.0430478311635456
2005-10-24,1.0095184327319973,1.0426236140036524
2005-10-25,1.0102183309818304,1.0433464640468173
2005-10-26,1.00997202849709,1.0430920845541285
2005-10-27,1.00997202849709,1.04304883298759
2005-10-28,1.00997202849709,1.042751806785218
2005-10-31,1.00997202849709,1.0423130727754593
2005-11-01,1.00997202849709,1.0419175182178504
2005-11-02,1.00997202849709,1.041826557884184
2005-11-03,1.0111864704273659,1.0430793033268995
2005-11-04,1.0118967019563054,1.0438119355664248
2005-11-07,1.012151164562129,1.0440744239257609
2005-11-08,1.012016909126659,1.043935934072313
2005-11-09,1.0121284668282455,1.0440510103050897
2005-11-10,1.0112535200786132,1.0449535528852616
2005-11-11,1.011137759570456,1.0450731711134118
2005-11-14,1.010470887548722,1.0457624244341228
2005-11-15,1.0102457234605056,1.0459954525655517
2005-11-16,1.0095418041006876,1.0467242816338107
2005-11-17,1.0091063277954606,1.0471757969855333
2005-11-18,1.0084227738256857,1.0478851386608008
2005-11-21,1.0080045358167042,1.048319743476767
2005-11-22,1.007933055290594,1.0483940828712168
2005-11-23,1.007333676640011,1.0490175221238263
2005-11-24,1.007333676640011,1.0481232821686859
2005-11-25,1.007333676640011,1.0481040101880879
2005-11-28,1.007333676640011,1.0477470261481614
2005-11-29,1.007333676640011,1.048404930971188
2005-11-30,1.007333676640011,1.0484674603384476
2005-12-02,1.007333676640011,1.049286770090896
2005-12-05,1.007333676640011,1.0480108188564938
2005-12-06,1.007333676640011,1.0482773337037388
2005-12-07,1.007333676640011,1.0477328916828121
2005-12-08,1.008197381243088,1.0486312352429719
2005-12-09,1.0085658990789432,1.0490145325224645
2005-12-12,1.0079570441636423,1.0483812594215876
2005-12-13,1.0086984977918068,1.0491524491195996
2005-12-14,1.0085010809995543,1.0489471149076994
2005-12-15,1.0085010809995543,1.0491619893345705
2005-12-16,1.0085010809995543,1.050213247201254
2005-12-19,1.0085010809995543,1.0500829517021162
2005-12-20,1.0085010809995543,1.0502056141934375
2005-12-21,1.0085010809995543,1.050002368987086
2005-12-22,1.0085010809995543,1.0514912288195823
2005-12-23,1.0085010809995543,1.0522706899552328
2005-12-26,1.0085010809995543,1.0525611306893037
2005-12-27,1.0085010809995543,1.0525924983090917
2005-12-28,1.0085010809995543,1.0524348182547212
2005-12-29,1.0085010809995543,1.0525587542171035
2005-12-30,1.0085010809995543,1.0534617493755365
2006-01-02,1.0085010809995543,1.0534821502845004
2006-01-03,1.0085010809995543,1.0532871675594135
2006-01-04,1.0085010809995543,1.0535185239250895
2006-01-05,1.0085010809995543,1.0529359469329964
2006-01-06,1.0085010809995543,1.0529852847207193
2006-01-09,1.0085010809995543,1.053147686610913
2006-01-10,1.0085010809995543,1.0535141106551704
2006-01-11,1.0085010809995543,1.0547102686279675
2006-01-12,1.008596976567657,1.054609979156494
2006-01-13,1.0086031892271894,1.0546034830704536
2006-01-16,1.0085357991117214,1.0546739467089352
2006-01-17,1.0078462923422793,1.0553949967960519
2006-01-18,1.0072439064483538,1.0560258023696993
2006-01-19,1.0072439064483538,1.0558526024993409
2006-01-20,1.0072439064483538,1.0560935355200187
2006-01-23,1.0072439064483538,1.0559921970070996
2006-01-24,1.0072439064483538,1.0562570916349228
2006-01-25,1.0072439064483538,1.0564008153931186
2006-01-26,1.0072388542000996,1.0563955165780639
2006-01-27,1.0078259043597475,1.0570112167707961
2006-01-31,1.0080203128217595,1.0574079996291534
2006-02-01,1.0086718286714615,1.0580914363244236
2006-02-02,1.0091199868462586,1.0585615518896576
2006-02-03,1.0093083515005672,1.0587591454200456
2006-02-06,1.0100373702134808,1.0595238822106727
2006-02-07,1.0097998753809236,1.0592747513820353
2006-02-08,1.0103920502868327,1.059895939739773
2006-02-09,1.0105457626871828,1.060057183238247
2006-02-10,1.0107935000868506,1.0603170584658432
2006-02-13,1.010380746221699,1.059884081834978
2006-02-14,1.01071108520429,1.0602306056880573
2006-02-15,1.0106903844170179,1.060208890671225
2006-02-16,1.0100653219000353,1.0608645779597832
2006-02-17,1.0097989801534872,1.0611443148425554
2006-02-20,1.0100353481070332,1.060895928267558
2006-02-21,1.0099470741344212,1.0609886472979284
2006-02-22,1.0100897765461643,1.0608387328690647
2006-02-23,1.010752356025877,1.0615346016839011
2006-02-24,1.0101475769875243,1.060899437321674
2006-02-27,1.0095091542304138,1.0602289389121131
2006-02-28,1.0097293561396008,1.0604602042112394
2006-03-01,1.0104367678341084,1.0612031577021501
2006-03-02,1.00990892708808,1.0606487971678933
2006-03-03,1.00963954394215,1.0603658796670727
2006-03-06,1.0102097741145555,1.0609647593583482
2006-03-07,1.0106494038847653,1.061426477018689
2006-03-08,1.0107042734923453,1.0614841033864928
2006-03-09,1.0100984291656854,1.0621203865592692
2006-03-10,1.0094784022601107,1.0627723460095677
2006-03-13,1.0090394479280453,1.0632344742970434
2006-03-14,1.0086224302519593,1.0636738897931535
2006-03-15,1.0086434440761523,1.0636517290167833
2006-03-16,1.0086720677210432,1.0636215443270818
2006-03-17,1.0094350134489376,1.0628170355681803
2006-03-20,1.0088873068378363,1.0633937065861419
2006-03-21,1.009193720659305,1.063070738374378
2006-03-22,1.0088819631954349,1.0633991393845363
2006-03-23,1.00902698468232,1.0632462813397188
2006-03-24,1.0091074963542805,1.0631614434343744
2006-03-27,1.0086235923370697,1.0636712682996938
2006-03-28,1.0088884163210303,1.0633919910102911
2006-03-30,1.0088884163210303,1.063924577823137
2006-03-31,1.0088884163210303,1.0641424250393376
2006-04-03,1.0088884163210303,1.0632263305082412
2006-04-04,1.0088884163210303,1.0637390879338107
2006-04-05,1.0088884163210303,1.0645996094221146
2006-04-06,1.0088884163210303,1.0651797757075703
2006-04-07,1.0088884163210303,1.065473852266301
2006-04-10,1.0088884163210303,1.0657558921021395
2006-04-11,1.0088884163210303,1.0654591523899193
2006-04-12,1.0088884163210303,1.064973677939367
2006-04-13,1.0088884163210303,1.0657449338422067
2006-04-14,1.0088884163210303,1.0663950845962538
2006-04-17,1.0088884163210303,1.0661393400275214
2006-04-18,1.0088884163210303,1.0670200069646099
2006-04-19,1.0088884163210303,1.066720150494899
2006-04-20,1.0088884163210303,1.0666005570464978
2006-04-21,1.0088884163210303,1.0675086232793904
2006-04-24,1.0088884163210303,1.0670716299796679
2006-04-25,1.0088884163210303,1.066304649219129
2006-04-26,1.0088884163210303,1.0670476094414045
2006-04-27,1.0088884163210303,1.0673951814919007
2006-04-28,1.0088884163210303,1.0680390540965976
2006-05-01,1.0088884163210303,1.0682178468907202
2006-05-02,1.0088884163210303,1.0679553011876852
2006-05-03,1.0088884163210303,1.0671838671307003
2006-05-04,1.009416784692755,1.0677427656105372
2006-05-05,1.0099241909962666,1.0682794907948372
2006-05-08,1.0107812315378908,1.069186052734396
2006-05-09,1.0117053101310713,1.0701635263089257
2006-05-10,1.0120269218427616,1.0705037213440194
2006-05-11,1.0125009284393927,1.0700023257638394
2006-05-12,1.0116203434902096,1.0709329204104148
2006-05-15,1.0116434633079712,1.0709084450485717
2006-05-16,1.011407229706799,1.0711585178930816
2006-05-17,1.0117520521400656,1.070793324254253
2006-05-18,1.0108137422543346,1.0698002588489524
2006-05-19,1.0113651228730487,1.0703838155458658
2006-05-22,1.011816747733196,1.0708617951894852
2006-05-23,1.0115322127612931,1.070560656043994
2006-05-24,1.0115109943244232,1.0705381993951506
2006-05-25,1.0115109943244232,1.0699246554558046
2006-05-29,1.0115109943244232,1.0705591649610895
2006-05-30,1.0115109943244232,1.070905247332059
2006-05-31,1.0115109943244232,1.0709606301098311
2006-06-01,1.0113625319198987,1.071117818109951
2006-06-02,1.0112494363733806,1.071237595787293
2006-06-05,1.011276966813183,1.071208432218856
2006-06-06,1.011360224889224,1.0711202400064035
2006-06-07,1.011479556863639,1.070993856854357
2006-06-08,1.011430582450258,1.0709420008425197
2006-06-09,1.0120209778030744,1.071567134382482
2006-06-12,1.012482962195117,1.072056301407641
2006-06-13,1.0126950464715132,1.0722808644802353
2006-06-14,1.0133086618076375,1.0729305842407595
2006-06-15,1.0133086618076375,1.072934689353174
2006-06-16,1.0133086618076375,1.073745834780601
2006-06-19,1.0133086618076375,1.0737887236028667
2006-06-20,1.0133086618076375,1.073881936344163
2006-06-21,1.0133086618076375,1.0744549694917185
2006-06-22,1.0133086618076375,1.0749531711872204
2006-06-23,1.0133086618076375,1.0756255629237932
2006-06-26,1.0133086618076375,1.0755473091966117
2006-06-27,1.0133086618076375,1.0755628886737605
2006-06-28,1.0133086618076375,1.0749757503392738
2006-06-29,1.0126637137739065,1.0756599480794304
2006-06-30,1.0125444153089684,1.075786667916288
2006-07-03,1.0120796812332187,1.0762804286987868
2006-07-04,1.01230207078541,1.0760439319811776
2006-07-05,1.0117548044306592,1.076625658184454
2006-07-06,1.0115427541247703,1.076851304555636
2006-07-07,1.0113552539593011,1.0770509103527877
2006-07-10,1.0114906289187342,1.0769067417011438
2006-07-11,1.0108508296291931,1.077587918717068
2006-07-12,1.010269009607008,1.0782081509099866
2006-07-13,1.010248396194072,1.0782301505453653
2006-07-14,1.009316983172473,1.0792242403219807
2006-07-17,1.0089227837349124,1.079645742779216
2006-07-18,1.0080885043495826,1.0805385030589725
2006-07-19,1.0083909258793944,1.0802143468904362
2006-07-20,1.0072446379244813,1.081442280088551
2006-07-21,1.0066948143120245,1.0820326058929424
2006-07-24,1.006652100591832,1.0820785161701287
2006-07-26,1.006490089853886,1.0820473638359092
2006-07-27,1.006490089853886,1.0824423898242472
2006-07-28,1.006490089853886,1.0813132638955099
2006-07-31,1.006490089853886,1.0821064003425143
2006-08-01,1.006490089853886,1.0832713762012962
2006-08-02,1.006490089853886,1.0832008433749147
2006-08-03,1.0069520832601648,1.0836980481187664
2006-08-04,1.0077047160330708,1.0845080436294838
2006-08-07,1.0072323984587146,1.0839997278496853
2006-08-08,1.007288484205134,1.0840600882331957
2006-08-09,1.0074856379167563,1.0842722682326378
2006-08-10,1.0074856379167563,1.0847168072238171
2006-08-11,1.0074856379167563,1.0844745787530619
2006-08-14,1.0074856379167563,1.0843378747127552
2006-08-15,1.0074856379167563,1.0846678743147709
2006-08-16,1.0074856379167563,1.0841174324836385
2006-08-17,1.0074856379167563,1.0847688165703726
2006-08-18,1.0074856379167563,1.085916949185779
2006-08-21,1.0074856379167563,1.086172946535184
2006-08-22,1.0074856379167563,1.0860751885996496
2006-08-23,1.0074856379167563,1.0861668386442656
2006-08-24,1.0072120618270697,1.086461780095816
2006-08-25,1.0074032710013945,1.0862555261521027
2006-08-28,1.0068912275231208,1.0868076486971805
2006-08-29,1.007338261024782,1.0863251343842646
2006-08-30,1.0070870301799189,1.0865960646088644
2006-08-31,1.0076101981078907,1.0860315928257633
2006-09-01,1.007671821655119,1.0859651731733246
2006-09-04,1.0078242919613267,1.085800856340278
2006-09-05,1.008253092009619,1.0853388795221477
2006-09-06,1.0079083242066107,1.0857100064782441
2006-09-07,1.0079083242066107,1.0857593667964138
2006-09-08,1.0079083242066107,1.0857121239453538
2006-09-11,1.0079083242066107,1.0859199670275759
2006-09-12,1.0079083242066107,1.0857393337754355
2006-09-13,1.0079083242066107,1.0859656251496363
2006-09-14,1.0079083242066107,1.0854640847765478
2006-09-15,1.0079083242066107,1.0860678033629605
2006-09-18,1.0079083242066107,1.0852529830745021
2006-09-19,1.0079083242066107,1.0856081564239282
2006-09-20,1.0079083242066107,1.086540319647359
2006-09-22,1.008592206931361,1.0877195765826888
2006-09-25,1.0083994933956129,1.0875117440374191
2006-09-26,1.0090503297021236,1.0882136405887481
2006-09-27,1.0092588378214697,1.0884385068545497
2006-09-28,1.0084894311931614,1.0892682759586654
2006-09-29,1.0081853205635505,1.0895967455003093
2006-10-02,1.0070108226577006,1.09086608464829
2006-10-03,1.0063432654764948,1.0915892302909744
2006-10-04,1.0064289007881801,1.0914963409288896
2006-10-05,1.0066056905567378,1.0913046081742526
2006-10-06,1.0065082773740646,1.0914102180035488
2006-10-09,1.0061054982018325,1.0918469727864506
2006-10-10,1.0059508251366511,1.092014827269198
2006-10-11,1.0060822125040074,1.0918721990713938
2006-10-12,1.0060822125040074,1.0923453402192342
2006-10-13,1.0060822125040074,1.0917712674183582
2006-10-16,1.0060822125040074,1.091306300961866
2006-10-17,1.0060822125040074,1.091419340490286
2006-10-18,1.0060822125040074,1.091675547297974
2006-10-19,1.0060037980522074,1.091590461667276
2006-10-20,1.0072454755961975,1.0929377760274308
2006-10-23,1.0073964759324425,1.0931016228509447
2006-10-24,1.0077409846071244,1.0934754409060776
2006-10-25,1.0082883760461465,1.0940694021563153
2006-10-26,1.0084180415536235,1.0942100990716184
2006-10-27,1.0077427083293873,1.0934773112755378
2006-10-30,1.0074138962959038,1.0931205252672476
2006-10-31,1.007273904369038,1.0929686234032852
2006-11-01,1.0068853054347404,1.0925469640706718
2006-11-02,1.0068853054347404,1.0919821528800462
2006-11-03,1.0068853054347404,1.091911306718
2006-11-06,1.0068853054347404,1.092644230636496
2006-11-07,1.0068853054347404,1.0930982692873894
2006-11-08,1.0068853054347404,1.0928759115394877
2006-11-09,1.0067345118737614,1.0930395832601096
2006-11-10,1.006811531875318,1.0929559605081216
2006-11-13,1.0067397311201323,1.0930339046524473
2006-11-14,1.0069318948667518,1.092825269308269
2006-11-15,1.0067610561492542,1.093010680921914
2006-11-16,1.0065390291220915,1.092769632749997
2006-11-17,1.0067914764578805,1.0930437073506207
2006-11-21,1.0067914764578805,1.0929939646923796
2006-11-22,1.0067914764578805,1.0927373631620254
2006-11-23,1.0072354491396063,1.0932192360710529
2006-11-24,1.0078340047025445,1.0938688880028036
2006-11-27,1.0084375752539683,1.094523983033172
2006-11-28,1.0087080134115354,1.0948175074482158
2006-11-29,1.0085339830814746,1.0946286208233011
2006-11-30,1.0084830687561708,1.0946838815072466
2006-12-01,1.0082338156631734,1.0949544396869257
2006-12-04,1.007981167536541,1.0952288186887376
2006-12-05,1.0086501266740358,1.0945019565711647
2006-12-06,1.0092112926904286,1.0938930265897364
2006-12-07,1.0092112926904286,1.0945511018345344
2006-12-08,1.0092112926904286,1.0948356108836845
2006-12-11,1.0092112926904286,1.0952377899464925
2006-12-12,1.0092112926904286,1.0953061033685456
2006-12-13,1.0092112926904286,1.0963925631951585
2006-12-14,1.0095636176631926,1.096775323953747
2006-12-15,1.010309265427285,1.0975853849085095
2006-12-18,1.010425172890507,1.0977113051014522
2006-12-19,1.0100623048264765,1.097317090480881
2006-12-20,1.0103412732516273,1.097620157746296
2006-12-21,1.0103412732516273,1.097008442849239
2006-12-22,1.0103412732516273,1.0977805602033106
2006-12-25,1.0103412732516273,1.0986239484682057
2006-12-26,1.0103412732516273,1.0985894671740923
2006-12-27,1.0103412732516273,1.0983058563245707
2006-12-28,1.0109909956411711,1.097599566356702
2006-12-29,1.0104254050868835,1.0982136093598525
2007-01-01,1.0108079352071817,1.0977978440970368
2007-01-02,1.0107573250287858,1.0978528097762694
2007-01-03,1.0106341126853637,1.097986639147648
2007-01-04,1.0104320569429197,1.0977671190436047
2007-01-05,1.0106390204305156,1.097991971085822
2007-01-08,1.0116188681115093,1.099056510317802
2007-01-09,1.0111185827956481,1.0985129836490677
2007-01-10,1.0108040798715827,1.098171297172961
2007-01-11,1.0108040798715827,1.098562265105277
2007-01-12,1.0108040798715827,1.0983217002864671
2007-01-15,1.0108040798715827,1.0981993579120695
2007-01-16,1.0108040798715827,1.0981829481255325
2007-01-18,1.0108040798715827,1.1003319972038197
2007-01-19,1.0108040798715827,1.1010185867812334
2007-01-22,1.0108040798715827,1.1004491454172975
2007-01-23,1.0108040798715827,1.1008781677397077
2007-01-24,1.0108040798715827,1.1012073620486988
2007-01-25,1.0110652682215848,1.101491910300562
2007-01-26,1.012663730676941,1.103233334438878
2007-01-29,1.0121206503676372,1.1026416826571945
2007-01-30,1.0134091314071365,1.1040454015724732
2007-01-31,1.0140201546866572,1.1047110729396452
2007-02-01,1.0144046135307183,1.1051299166284623
2007-02-02,1.015104036271525,1.105891893639337
2007-02-05,1.0142394934459582,1.1049500286990594
2007-02-06,1.0144560911982532,1.1051859983040304
2007-02-07,1.0143111835042553,1.1050281305009362
2007-02-08,1.0142658818009131,1.1050774838526163
2007-02-09,1.0140311370711055,1.1053332462912608
2007-02-12,1.0141942618848878,1.1051554339210317
2007-02-13,1.0135383800887923,1.105870140519369
2007-02-14,1.0137185452727964,1.1056735625690266
2007-02-15,1.0136248450728509,1.105775762370313
2007-02-16,1.0130038411304776,1.106453223179557
2007-02-19,1.0125263368875381,1.1069747770841234
2007-02-20,1.0128397296014962,1.1066321511029167
2007-02-21,1.0131563624839057,1.1062861969331403
2007-02-22,1.0136584958577537,1.1068344866553166
2007-02-23,1.0142880094173667,1.1075218654129988
2007-02-26,1.0144941668954641,1.1077469729885507
2007-02-27,1.0138986647426766,1.1070967319830483
2007-02-28,1.013881723206442,1.1070782331724152
2007-03-01,1.013666658134718,1.1068433992128204
2007-03-02,1.0134804030663538,1.1066400234863578
2007-03-05,1.0136221218336368,1.1067947691128939
2007-03-06,1.0138389026724666,1.1070314765537563
2007-03-07,1.014125343899652,1.1073442476003605
2007-03-08,1.014125343899652,1.1076042286229733
2007-03-09,1.014125343899652,1.1079486928431324
2007-03-12,1.014125343899652,1.1080932983981169
2007-03-13,1.014125343899652,1.1085846756502262
2007-03-14,1.014125343899652,1.1084991091127356
2007-03-15,1.014125343899652,1.108721375312893
2007-03-19,1.014125343899652,1.110477851938115
2007-03-20,1.014125343899652,1.1100949535436104
2007-03-21,1.014125343899652,1.1101963706883193
2007-03-22,1.013544598570455,1.1095606096745085
2007-03-23,1.01495611976829,1.1111058483576877
2007-03-26,1.0140724728534258,1.1101384910149754
2007-03-27,1.0141946451484263,1.110272237044817
2007-03-28,1.0140059658290983,1.110065683587888
2007-03-29,1.0140059658290983,1.1110769297968592
2007-03-30,1.0140059658290983,1.1113876653895023
2007-04-02,1.0140059658290983,1.1120256738758143
2007-04-03,1.0140059658290983,1.112453003386173
2007-04-04,1.0140059658290983,1.1115628673098759
2007-04-05,1.0140059658290983,1.1120322681603918
2007-04-06,1.0140059658290983,1.1117589210090084
2007-04-09,1.0140059658290983,1.1115117843565097
2007-04-10,1.0140059658290983,1.1116289349020336
2007-04-11,1.0140059658290983,1.111720327820313
2007-04-12,1.014033289181257,1.1117502841786013
2007-04-13,1.0134768407351933,1.1111402137552315
2007-04-16,1.0138623125976076,1.1115628314909156
2007-04-17,1.0143685693946924,1.1121178735630362
2007-04-18,1.0145901111661626,1.112360764136765
2007-04-19,1.0145877208382352,1.1123633848078818
2007-04-20,1.0147583977418557,1.1121762597970815
2007-04-23,1.0142829871773906,1.1126973102704076
2007-04-24,1.0138704377837533,1.1131498886991669
2007-04-25,1.0145316928786599,1.1124238826851185
2007-04-26,1.0134707436097272,1.1135872029769953
2007-04-27,1.0127620813713334,1.1143658709404112
2007-04-30,1.0119647938072744,1.1152431451463232
2007-05-01,1.0116139042406034,1.1156298455397837
2007-05-02,1.0115774254806185,1.1156700751107662
2007-05-03,1.0118286780028052,1.1159471818484603
2007-05-04,1.012162688133525,1.116315562061622
2007-05-07,1.0119091018446555,1.1160358814095794
2007-05-08,1.0120744929115215,1.116218291435095
2007-05-09,1.012739362103174,1.116951576542399
2007-05-10,1.012709449479768,1.1169185858706407
2007-05-11,1.0126512168562547,1.1168543610334585
2007-05-14,1.0137608973596757,1.1180782291224605
2007-05-16,1.0137779093408221,1.1179474531923765
2007-05-17,1.0142686106964645,1.118488575982451
2007-05-18,1.0137424046128531,1.1179083002182946
2007-05-21,1.0139428836463813,1.1181293792365747
2007-05-22,1.0140942163540259,1.1182962619566825
2007-05-23,1.0147024334515933,1.1189669756790357
2007-05-24,1.0147024334515933,1.11924752634358
2007-05-25,1.0147024334515933,1.1201173149627908
2007-05-28,1.0147024334515933,1.1211267849393067
2007-05-29,1.0147024334515933,1.120688963672996
2007-05-30,1.0147024334515933,1.1214630321845565
2007-05-31,1.0153354536598491,1.1221626547919152
2007-06-01,1.0163839679749993,1.1233214871790196
2007-06-04,1.0169398831143777,1.1239358922078158
2007-06-05,1.0174535263075566,1.124503577702492
2007-06-06,1.0170187303694058,1.124023035274382
2007-06-07,1.017483349698746,1.1235095316257104
2007-06-08,1.0171023578257408,1.123930224505766
2007-06-11,1.0178171386816222,1.1231403690879296
2007-06-12,1.0175410198921382,1.1234450605176052
2007-06-13,1.0175366229980929,1.1234499150333448
2007-06-14,1.0160433644625375,1.125098603775328
2007-06-15,1.0168147612475251,1.1242444104641938
2007-06-18,1.0160794005409626,1.1250574643217262
2007-06-19,1.0151341270953924,1.1261041216451573
2007-06-20,1.0157272479241186,1.1254461634581212
2007-06-21,1.0157272479241186,1.1242615269063732
2007-06-22,1.0157272479241186,1.1239779679410173
2007-06-25,1.0157272479241186,1.1238214543390388
2007-06-26,1.0157272479241186,1.1239237246002123
2007-06-27,1.0157272479241186,1.1237324094742631
2007-06-28,1.0157272479241186,1.1236576511089875
2007-06-29,1.0157272479241186,1.124171776577984
2007-07-02,1.0157272479241186,1.1242595754685438
2007-07-03,1.0157272479241186,1.124666307499861
2007-07-04,1.0157272479241186,1.1254972495370035
2007-07-05,1.0157272479241186,1.1260002094230488
2007-07-06,1.0157272479241186,1.1269631035226708
2007-07-09,1.0157272479241186,1.1272886079501696
2007-07-10,1.0157272479241186,1.1277217250586702
2007-07-11,1.0157272479241186,1.1282855232368283
2007-07-13,1.0157272479241186,1.1282477198628917
2007-07-16,1.0157272479241186,1.1279992191451633
2007-07-17,1.0157272479241186,1.1290897409458718
2007-07-18,1.0157272479241186,1.1295395380692321
2007-07-19,1.0157272479241186,1.1292650978796557
2007-07-20,1.0157272479241186,1.129802164368172
2007-07-23,1.0157272479241186,1.129902523208534
2007-07-24,1.0157272479241186,1.1297308552155476
2007-07-25,1.0157272479241186,1.1302150183489919
2007-07-26,1.0156424232751555,1.1303094040144157
2007-07-27,1.014867921409012,1.1311713478665697
2007-07-30,1.0146013603012223,1.1314684567624431
2007-07-31,1.015269854282132,1.1307229621450199
2007-08-01,1.0146839592588914,1.1313754831997824
2007-08-02,1.0150770657620196,1.130937168337438
2007-08-03,1.0149413798590685,1.1310883413232562
2007-08-06,1.015263794812873,1.130729030132922
2007-08-07,1.0153627568216947,1.1306188132446349
2007-08-08,1.015663765241127,1.130283636698451
2007-08-09,1.015663765241127,1.130250193751439
2007-08-10,1.015663765241127,1.130711202368713
2007-08-13,1.015663765241127,1.1306999169492893
2007-08-14,1.015663765241127,1.130526511249276
2007-08-15,1.015663765241127,1.1304611364238215
2007-08-16,1.015663765241127,1.1305455778553881
2007-08-17,1.015663765241127,1.1312191594074192
2007-08-20,1.015663765241127,1.1315051189851144
2007-08-21,1.015663765241127,1.1321726426871455
2007-08-22,1.015663765241127,1.1319184690688873
2007-08-23,1.015663765241127,1.1327620339340798
2007-08-24,1.015663765241127,1.133300645106761
2007-08-27,1.0153892676115663,1.133606935782187
2007-08-28,1.015494542166882,1.1334894045359212
2007-08-29,1.0150033818916209,1.134037634924978
2007-08-30,1.014454567063722,1.1334244579833581
2007-08-31,1.015134722010816,1.134184377921898
2007-09-03,1.0154310551358299,1.1345154634357357
2007-09-04,1.0155314204669248,1.1346275990844774
2007-09-05,1.014905893387542,1.1339287134823792
2007-09-06,1.0154867699407346,1.134577712179643
2007-09-07,1.0157903260901564,1.1349168677961647
2007-09-11,1.015944808527316,1.134806126602576
2007-09-12,1.015891925518754,1.1347470565019113
2007-09-13,1.0163869487513775,1.1352999953943361
2007-09-14,1.0165867395041812,1.135523160834444
2007-09-17,1.0171162159152547,1.1361145837839335
2007-09-18,1.016748496806198,1.135703843068174
2007-09-19,1.0160717378966135,1.134947906180281
2007-09-20,1.0160717378966135,1.1359250267275987
2007-09-21,1.0160717378966135,1.136900856498924
2007-09-24,1.0160717378966135,1.1372835576320033
2007-09-25,1.0160717378966135,1.136429506763954
2007-09-26,1.0160717378966135,1.136820543878289
2007-09-27,1.016615858596357,1.1362117604954363
2007-09-28,1.016777297166624,1.1360313300992508
2007-10-01,1.0165645663477352,1.1362690113258174
2007-10-02,1.0162382553765923,1.1366337466872884
2007-10-03,1.016708309668564,1.1361080042561178
2007-10-04,1.0157201787851626,1.137212178772259
2007-10-05,1.0151768957240463,1.1378204448346319
2007-10-08,1.014749529464276,1.1382994412241747
2007-10-09,1.0138155918108822,1.1393470896124007
2007-10-10,1.013003652019495,1.1402595644704814
2007-10-11,1.0138600202126085,1.1412235116595753
2007-10-12,1.0139063707594405,1.1412756848716246
2007-10-15,1.0146855472122782,1.1421527433116285
2007-10-16,1.0145210287526794,1.1419675576543848
2007-10-17,1.0155495131747805,1.143125242719855
2007-10-18,1.0161046990888283,1.142500313039404
2007-10-19,1.0163393120390127,1.1422365160416448
2007-10-22,1.015446219692194,1.1432402385963563
2007-10-23,1.0158243133645086,1.1428145617936205
2007-10-24,1.0159990080626131,1.142618028158586
2007-10-25,1.0159990080626131,1.1428860911341039
2007-10-26,1.0159990080626131,1.1425055921543297
2007-10-29,1.0159990080626131,1.142157438971122
2007-10-30,1.0159990080626131,1.142965737965211
2007-10-31,1.0159990080626131,1.1430032624842303
2007-11-01,1.0159990080626131,1.1424290268574027
2007-11-02,1.0159990080626131,1.1424214625386877
2007-11-05,1.0159990080626131,1.1423881543239345
2007-11-06,1.0159990080626131,1.1427217844040187
2007-11-08,1.0167472432168696,1.1435546340662415
2007-11-09,1.0170143967726502,1.1438551066652658
2007-11-12,1.0173161629848029,1.1441945087660477
2007-11-13,1.0177191984712655,1.1446478103130273
2007-11-14,1.0171672958503926,1.1440270751166812
2007-11-15,1.0177962039161523,1.1433197304567382
2007-11-16,1.017924488179486,1.1431756250564507
2007-11-19,1.0173529647621375,1.143817471919797
2007-11-20,1.0173930966139246,1.1437723513816511
2007-11-21,1.0179359470731144,1.1431620687404356
2007-11-22,1.0178145497682942,1.1430257371819355
2007-11-23,1.0168040837913457,1.1418909640364132
2007-11-26,1.0169897645002457,1.1420994871207208
2007-11-27,1.0167147972757964,1.1417906935251698
2007-11-28,1.0168621052211366,1.1419561232420603
2007-11-29,1.0168621052211366,1.1418210485294298
2007-11-30,1.0168621052211366,1.1419884640824052
2007-12-03,1.0168621052211366,1.1414330446321546
2007-12-04,1.0168621052211366,1.1407531389713519
2007-12-05,1.0168621052211366,1.1410647742271873
2007-12-06,1.016289024367071,1.1417078529415978
2007-12-07,1.0157564107199453,1.1423061957052483
2007-12-10,1.0167660441375734,1.141170775346414
2007-12-11,1.0167078038724353,1.1412361415030705
2007-12-12,1.0157609294598844,1.1422989909244594
2007-12-13,1.015972100028175,1.1420615138567012
2007-12-14,1.017475189917121,1.1403718797476692
2007-12-17,1.017313081621105,1.1405535684454209
2007-12-18,1.0179488345986552,1.139840798364809
2007-12-19,1.018467660692803,1.139259846622181
2007-12-20,1.0186583190279739,1.139046575848776
2007-12-21,1.0190877791904418,1.1385663607281757
2007-12-24,1.0192199331541645,1.138418712939041
2007-12-25,1.0193748848534658,1.138245639485169
2007-12-26,1.0196152221237647,1.1379772761440783
2007-12-27,1.0196152221237647,1.138071336473455
2007-12-28,1.0196152221237647,1.137564852168216
2007-12-31,1.0196152221237647,1.1377711372414943
2008-01-01,1.0196152221237647,1.1380043965728495
2008-01-02,1.0196152221237647,1.1376628697761801
2008-01-03,1.0195358173031732,1.1375742717304587
2008-01-07,1.0192186248045616,1.137284039753929
2008-01-08,1.0183601931229487,1.1363261680795327
2008-01-09,1.0181708131357199,1.136114850476339
2008-01-10,1.017955103967443,1.1358741537422532
2008-01-11,1.0173046987539651,1.1351484061443784
2008-01-14,1.0165189853588805,1.1342716763807108
2008-01-15,1.0159580769300602,1.1336457927985863
2008-01-16,1.0157485337675523,1.1334119763351111
2008-01-17,1.0157485337675523,1.1341909325942834
2008-01-18,1.0157485337675523,1.134805616997432
2008-01-21,1.0157485337675523,1.1347458470607348
2008-01-22,1.0157485337675523,1.1346481051642294
2008-01-23,1.0157485337675523,1.134565901162531
2008-01-24,1.016401445986355,1.1338366144195235
2008-01-25,1.0166294942004983,1.133582217482103
2008-01-28,1.0168242484611512,1.133365058755237
2008-01-29,1.01745852069347,1.1326580909710435
2008-01-30,1.0173758003358753,1.1327501771646447
2008-01-31,1.0167035259176946,1.1334986901192932
2008-02-01,1.0166620910491335,1.133544884873262
2008-02-04,1.0164945245303425,1.133731716045511
2008-02-05,1.0163855910417579,1.1338532133560892
2008-02-06,1.0168418147951208,1.1333442620552059
2008-02-07,1.0160123248128705,1.1324197350558858
2008-02-08,1.015081566493906,1.131382337119638
2008-02-11,1.0149686531187683,1.1312564869392465
2008-02-12,1.0140858174264293,1.1302725022607136
2008-02-13,1.0135380998517596,1.1296620311319236
2008-02-14,1.0139177979618474,1.129238829933743
2008-02-15,1.0142441091386054,1.1288754047604426
2008-02-18,1.0143864714163426,1.1287169524978609
2008-02-19,1.0146176593734058,1.1284597075781941
2008-02-20,1.0150950021787546,1.1279288059941717
2008-02-21,1.0147336676159406,1.1275273069609535
2008-02-22,1.0145336310809183,1.1273050351838108
2008-02-25,1.0140820261150836,1.126803231659213
2008-02-26,1.0132447267958267,1.1258728615762137
2008-02-27,1.0130953820206452,1.1257069162473625
2008-02-28,1.0125945411165886,1.126263428575463
2008-02-29,1.0114659585817904,1.1275187002399443
2008-03-03,1.0124037301936883,1.126473331367173
2008-03-05,1.012711378007394,1.1268215451590728
2008-03-06,1.013488082286066,1.1276857668262044
2008-03-07,1.0136622024422957,1.1278795064718201
2008-03-10,1.0128115989530106,1.1269330587879798
2008-03-11,1.0120888246652615,1.126128843828605
2008-03-12,1.0119557354760866,1.1259807584322652
2008-03-13,1.0125092921314556,1.1265966886758487
2008-03-14,1.0126189938007628,1.1267187512962555
2008-03-17,1.0123019659341184,1.1263660014029409
2008-03-18,1.0124828755361934,1.1265672955147394
2008-03-19,1.012176574208458,1.1262264808039557
2008-03-20,1.0120698923060072,1.126107778211321
2008-03-21,1.0114368407860035,1.1254033957905967
2008-03-24,1.0109112179547097,1.1248185468950558
2008-03-25,1.011268620628748,1.1252162209433085
2008-03-26,1.0106320267709863,1.1245078970417313
2008-03-27,1.0106320267709863,1.1239861294906892
2008-03-28,1.0106320267709863,1.1240033389901263
2008-03-31,1.0106320267709863,1.1239131090172492
2008-04-01,1.0106320267709863,1.1238668091415953
2008-04-02,1.0106320267709863,1.1237531144292792
2008-04-03,1.0106320267709863,1.123489779522812
2008-04-04,1.0106320267709863,1.1223233654499125
2008-04-07,1.0106320267709863,1.1232012688734008
2008-04-08,1.0106320267709863,1.1232690643214396
2008-04-09,1.0106320267709863,1.1219892799956936
2008-04-10,1.0103436614269143,1.1216691408983757
2008-04-11,1.0104124544721866,1.1217455139573023
2008-04-14,1.0095972173656758,1.120840449334442
2008-04-15,1.0091627426254255,1.1203581016667679
2008-04-16,1.0082569079712014,1.119352456936969
2008-04-17,1.0082569079712014,1.1191227508238566
2008-04-18,1.0082569079712014,1.1192768031799554
2008-04-21,1.0082569079712014,1.1179453037177072
2008-04-22,1.0082569079712014,1.1181767756148742
2008-04-23,1.0082569079712014,1.1174088921522798
2008-04-24,1.0082569079712014,1.1173882312315175
2008-04-25,1.0082569079712014,1.116769363135734
2008-04-28,1.0082569079712014,1.115848193152486
2008-04-29,1.0082569079712014,1.11584831057775
2008-04-30,1.0082569079712014,1.11641238414851
2008-05-02,1.0080461787688408,1.1166081552136973
2008-05-05,1.0085834939538296,1.116012973633612
2008-05-06,1.0083964324385875,1.11621996004488
2008-05-07,1.0081750540774037,1.116465009449585
2008-05-08,1.008407226560611,1.1162078988886663
2008-05-09,1.0079816478550416,1.1166789727765198
2008-05-12,1.0076731550236804,1.1170207324293533
2008-05-13,1.0084048164026564,1.1162096748703028
2008-05-14,1.0079248066067992,1.1167410007519856
2008-05-15,1.0079248066067992,1.1168312615250215
2008-05-16,1.0079248066067992,1.1164396974076358
2008-05-19,1.0079248066067992,1.1152088991184772
2008-05-20,1.0079248066067992,1.1147877545619256
2008-05-21,1.0079248066067992,1.1143741729103092
2008-05-22,1.007398305262231,1.1149562793298986
2008-05-23,1.0070406227090765,1.1153521509593856
2008-05-26,1.0080263743325222,1.1142603775306592
2008-05-27,1.007817303168813,1.1144914823109877
2008-05-28,1.0076247102770266,1.1147044605331067
2008-05-29,1.0084102982756848,1.1138353885092527
2008-05-30,1.0091607818560202,1.113006445001137
2008-06-02,1.0096713059328095,1.1124433864697207
2008-06-03,1.0107105028636425,1.111298412114055
2008-06-04,1.0107298732528762,1.1112771139453543
2008-06-05,1.0110371744556048,1.1109392424697826
2008-06-06,1.0112482934975875,1.1107072624452126
2008-06-09,1.0114232226664261,1.1105151285256876
2008-06-10,1.011907414275309,1.1099834993375104
2008-06-11,1.0120492031184594,1.109827968036853
2008-06-12,1.0122150970934671,1.1100098897977961
2008-06-13,1.0120436305784009,1.1098218571078677
2008-06-16,1.012023096659877,1.1097993393122896
2008-06-17,1.0124980671554902,1.1103201989092335
2008-06-18,1.0129168136395235,1.1107794024322097
2008-06-19,1.0119507241787544,1.1118388302741402
2008-06-20,1.012942935247641,1.1107486795702994
2008-06-23,1.0126931636807341,1.1110225680870973
2008-06-24,1.012680784477962,1.1110361492725425
2008-06-25,1.012680784477962,1.11087541463991
2008-06-26,1.012680784477962,1.1103631198671018
2008-06-27,1.012680784477962,1.109745083168774
2008-07-01,1.012680784477962,1.1096528209519778
2008-07-02,1.012680784477962,1.1094509232247787
2008-07-03,1.0120040280960105,1.1087094970969578
2008-07-04,1.011913466143251,1.1086102811903875
2008-07-07,1.011101806193223,1.1077210603275989
2008-07-08,1.0108225406504876,1.1074151086210378
2008-07-09,1.0103622148686253,1.1069107948515862
2008-07-10,1.0103622148686253,1.1067303023183468
2008-07-11,1.0103622148686253,1.1061861905548684
2008-07-14,1.0103622148686253,1.106213072725807
2008-07-15,1.0103622148686253,1.1063838300602933
2008-07-16,1.0103622148686253,1.106045188220424
2008-07-17,1.010205713804523,1.1062165101942214
2008-07-18,1.0097719960352227,1.106691448863255
2008-07-21,1.010207757624949,1.1062138622130147
2008-07-22,1.0110136546748762,1.1053313759309433
2008-07-23,1.0112610894939718,1.1050608578545755
2008-07-24,1.011223884449722,1.1050202018473958
2008-07-25,1.010276098426532,1.1039845037010612
2008-07-28,1.0099653150531216,1.1036448935402472
2008-07-29,1.0089929303406886,1.1025823150472653
2008-07-30,1.0088850601071555,1.1024644392839797
2008-07-31,1.009647031025091,1.1032970869997694
2008-08-01,1.00900942976385,1.1026003448784358
2008-08-04,1.008929145116104,1.1025126134086576
2008-08-05,1.0085138161739076,1.1020587605293928
2008-08-06,1.008042676705011,1.101543920404447
2008-08-07,1.008042676705011,1.1017088534711963
2008-08-08,1.008042676705011,1.102249947958822
2008-08-11,1.008042676705011,1.1020648606950698
2008-08-12,1.008042676705011,1.1022545917592579
2008-08-13,1.008042676705011,1.1023550692088497
2008-08-14,1.0087378757922654,1.1015948273503906
2008-08-15,1.0094924688505933,1.1007707720335862
2008-08-18,1.0098915131162336,1.1003356461877594
2008-08-19,1.0095940532332408,1.1006597460621683
2008-08-20,1.0098261949811853,1.1004066650574567
2008-08-21,1.0098261949811853,1.0996065283527405
2008-08-22,1.0098261949811853,1.09975240895468
2008-08-25,1.0098261949811853,1.099659287123726
2008-08-26,1.0098261949811853,1.0993349114451458
2008-08-28,1.0102879447600555,1.0989322125091552
2008-08-29,1.0103930194587154,1.0988179183896658
2008-09-01,1.010630111581007,1.0985600770672639
2008-09-02,1.0102819158501146,1.0989385675996362
2008-09-03,1.0100394026968866,1.0992023623415308
2008-09-04,1.0100394026968866,1.0983043954135812
2008-09-05,1.0100394026968866,1.0984854207413195
2008-09-08,1.0100394026968866,1.0973913052837163
2008-09-09,1.0100394026968866,1.0975902024371291
2008-09-10,1.0100394026968866,1.0974010452110396
2008-09-11,1.0100394026968866,1.096685613236871
2008-09-12,1.0100394026968866,1.097564228446557
2008-09-15,1.0100394026968866,1.0983608089638008
2008-09-16,1.0100394026968866,1.098888427071514
2008-09-17,1.0100394026968866,1.0984378910355572
2008-09-18,1.0102473943226484,1.0982116960156947
2008-09-19,1.011607174814963,1.0967335166617402
2008-09-22,1.011400070977903,1.0969580482044061
2008-09-23,1.011873409237022,1.0964446685559732
2008-09-24,1.0128429366695901,1.0953941090939356
2008-09-25,1.012073273521113,1.094561714999743
2008-09-26,1.0110559688170684,1.0934614954695283
2008-09-29,1.010755581814286,1.0931366255994
2008-09-30,1.0102589940265743,1.0925995637138761
2008-10-01,1.0105011295326878,1.0928614343330971
2008-10-02,1.0097790432818536,1.0920804948638223
2008-10-03,1.0103104953213908,1.0926552625916688
2008-10-06,1.0107513285297134,1.0931320256533508
2008-10-07,1.0104234074684753,1.0927773775774021
2008-10-08,1.010413903834837,1.0927670993556509
2008-10-09,1.010413903834837,1.092490853525771
2008-10-10,1.010413903834837,1.0921431500263876
2008-10-13,1.010413903834837,1.0914893480904915
2008-10-14,1.010413903834837,1.0909740337797305
2008-10-15,1.010413903834837,1.0902644591078727
2008-10-16,1.0099008302798875,1.0908180796189788
2008-10-17,1.0094665991912946,1.0912871030200573
2008-10-20,1.0090867858556212,1.0916977014441234
2008-10-21,1.0089039415206371,1.091895514697673
2008-10-22,1.0091971018588792,1.091578239241368
2008-10-23,1.009249720943001,1.0916351536410331
2008-10-27,1.0086664082685755,1.0897040354003065
2008-10-28,1.0089723391804566,1.0900345452165328
2008-10-29,1.0078869884465276,1.088861995932754
2008-10-30,1.0081942264311163,1.0885300740318262
2008-10-31,1.0084684016746241,1.0882340517076656
2008-11-03,1.008414676866068,1.0882920259248006
2008-11-04,1.0082627037099734,1.088456036998545
2008-11-05,1.0084532183543164,1.088250369552939
2008-11-06,1.0084532183543164,1.087607044674843
2008-11-07,1.0084532183543164,1.0866021305986067
2008-11-10,1.0084532183543164,1.0855867152395706
2008-11-11,1.0084532183543164,1.085879505963672
2008-11-12,1.0084532183543164,1.0863798112655036
2008-11-13,1.0086674542760892,1.086149020609055
2008-11-14,1.0086674542760892,1.0871210104084519
2008-11-17,1.0086674542760892,1.0867727860765726
2008-11-18,1.0086674542760892,1.0866067986764623
2008-11-19,1.0086674542760892,1.0868760943577647
2008-11-20,1.008214168599149,1.0873645262627425
2008-11-21,1.0087830604015695,1.0867509733247858
2008-11-24,1.0090295199235795,1.0864854651734863
2008-11-25,1.0087727158596227,1.0867619822400114
2008-11-26,1.0076542943960696,1.087966870028511
2008-11-27,1.007168730314395,1.0874426052711674
2008-11-28,1.00574992535301,1.0859107179943468
2008-12-01,1.0049471639245648,1.0850439744657951
2008-12-02,1.0051393667555297,1.0852514963446562
2008-12-03,1.005282666538101,1.0854062174794608
2008-12-04,1.00571711034728,1.0849371474085998
2008-12-05,1.0054332073579415,1.0852434133518005
2008-12-08,1.006140456916426,1.0844800230844767
2008-12-09,1.0068317293881255,1.0837349271280297
2008-12-10,1.0074290142900266,1.0830920207805805
2008-12-11,1.0074290142900266,1.0830460544671874
2008-12-12,1.0074290142900266,1.083161212143726
2008-12-15,1.0074290142900266,1.083710951803316
2008-12-16,1.0074290142900266,1.0835948711695713
2008-12-17,1.0074290142900266,1.083538760557435
2008-12-18,1.0078889130541406,1.0830441171336487
2008-12-19,1.0085992640475834,1.0822807974318602
2008-12-22,1.0079424477247996,1.0829855963732513
2008-12-24,1.0080166333656206,1.081641360647155
2008-12-25,1.0078092903862619,1.0814188735027064
2008-12-26,1.0079668456593116,1.081587936486667
2008-12-29,1.0084015980422836,1.0820544428353691
2008-12-30,1.0075160238163794,1.081104186977524
2008-12-31,1.006951627833805,1.0804985679645747
2009-01-01,1.006951627833805,1.0800901163495524
2009-01-02,1.006951627833805,1.080019284469
2009-01-05,1.006951627833805,1.079668965792777
2009-01-06,1.006951627833805,1.0798316726119919
2009-01-07,1.006951627833805,1.0797418650212771
2009-01-08,1.0064083534110668,1.0791593185292596
2009-01-09,1.006432022172055,1.0791846982510118
2009-01-12,1.005703523793562,1.0784035383858144
2009-01-13,1.0058275318195824,1.0785365106692801
2009-01-14,1.0058545106424153,1.0785654397297002
2009-01-15,1.0058545106424153,1.0785154767494107
2009-01-16,1.0058545106424153,1.0788303409659494
2009-01-19,1.0058545106424153,1.077649434804693
2009-01-20,1.0058545106424153,1.077518111998697
2009-01-21,1.0058545106424153,1.0779021918435274
2009-01-22,1.0058498206627897,1.0779072177585725
2009-01-23,1.006801147434566,1.0768877395296368
2009-01-26,1.006540792141279,1.0771662189731463
2009-01-27,1.0068957386670767,1.0767863670981739
2009-01-28,1.0070878096736269,1.0765809640624615
2009-01-29,1.0063322180277812,1.0757732335202899
2009-01-30,1.006250336320756,1.0756857016424919
2009-02-02,1.0059430758644898,1.0753572389652082
2009-02-03,1.0062777400227094,1.0757149963113228
2009-02-04,1.0058262024204339,1.0752323007782234
2009-02-05,1.0058262024204339,1.075404205698703
2009-02-06,1.0058262024204339,1.076305642146251
2009-02-09,1.0058262024204339,1.0761081376606152
2009-02-10,1.0058262024204339,1.0755305680598843
2009-02-11,1.0058262024204339,1.0762035068612803
2009-02-12,1.0059491843223956,1.076071919959037
2009-02-13,1.0063618447811937,1.0756304937527128
2009-02-16,1.0082891618340555,1.073570518005482
2009-02-17,1.0084594499746231,1.0733892046142453
2009-02-18,1.008591237725609,1.0732489316967648
2009-02-20,1.008277977031492,1.0731896023482077
2009-02-23,1.008353991106509,1.0732705101105495
2009-02-24,1.0083898475169468,1.073308674910075
2009-02-25,1.0083476381381768,1.0732637481463756
2009-02-26,1.008340659455122,1.0732711761079725
2009-02-27,1.0088621650006582,1.072716089030053
2009-03-02,1.009803022810306,1.0717156814967819
2009-03-03,1.0100271675677654,1.071477794061244
2009-03-04,1.0100871188090315,1.071414195352412
2009-03-05,1.01010887246606,1.0713911209299116
2009-03-06,1.009782275112709,1.0717375326029872
2009-03-09,1.010631082472519,1.0708366466121366
2009-03-10,1.0110223559310376,1.070422064114631
2009-03-11,1.0110215135867857,1.0704229559483944
2009-03-12,1.01261349524681,1.0687374391800193
2009-03-13,1.012794784231161,1.0685461022821838
2009-03-16,1.0124921078262035,1.06886544011627
2009-03-17,1.0124526268832403,1.0689071192712485
2009-03-18,1.0130813202727051,1.0682433698552325
2009-03-19,1.013184746802707,1.068352427936485
2009-03-20,1.0138483601769006,1.0690521749093527
2009-03-23,1.0132343823332162,1.0684047661104448
2009-03-24,1.01328292942207,1.0684559565773462
2009-03-25,1.0125074585986982,1.0676382615424007
2009-03-26,1.0125074585986982,1.0671170846330287
2009-03-27,1.0125074585986982,1.06719188192664
2009-03-30,1.0125074585986982,1.0662386828894457
2009-03-31,1.0125074585986982,1.0665207963105414
2009-04-01,1.0125074585986982,1.0658337343320465
2009-04-02,1.0125074585986982,1.0656395068789015
2009-04-03,1.0125074585986982,1.0663825323401581
2009-04-06,1.0125074585986982,1.0665166208999475
2009-04-07,1.0125074585986982,1.0659142527372658
2009-04-08,1.0125074585986982,1.0661618276576896
2009-04-09,1.0123327128389852,1.0659778218442324
2009-04-10,1.0122731671769118,1.0659151207634985
2009-04-13,1.011839058239069,1.0654580077075477
2009-04-14,1.0108061532709978,1.0643703674741813
2009-04-15,1.0112031531539871,1.0647884050078638
2009-04-16,1.0110599886952218,1.0649391559773667
2009-04-17,1.01199571507507,1.0639535649418959
2009-04-21,1.011980836980574,1.0638887273862894
2009-04-22,1.011665623757852,1.0642201089521475
2009-04-23,1.0117418228819985,1.0643002665045016
2009-04-24,1.0116470130913235,1.0642005314898957
2009-04-27,1.010940643738145,1.0634574673268495
2009-04-28,1.0103186633242986,1.0628031759797434
2009-04-29,1.0091982347091701,1.0616245428080082
2009-04-30,1.0094922721461574,1.0613152305749163
2009-05-01,1.0095116620513844,1.0612948452759847
2009-05-04,1.0095940106465104,1.0612082725866259
2009-05-05,1.009168511385564,1.061655524978116
2009-05-06,1.0092290244255286,1.0615918646453897
2009-05-07,1.0093378057593594,1.0617062899901084
2009-05-08,1.009151962220184,1.0615108041444672
2009-05-11,1.0086927964335455,1.0610278149994647
2009-05-12,1.0091181810253158,1.0614752702460337
2009-05-13,1.0084647033388245,1.0607878875222745
2009-05-14,1.0092104515591813,1.0600034469001323
2009-05-15,1.0090122476735794,1.0602116262760022
2009-05-18,1.0082155019315173,1.0610488005529923
2009-05-19,1.0081416419601306,1.0611265309924653
2009-05-20,1.0087441191829145,1.0604923893810032
2009-05-21,1.0087441191829145,1.0606193126266592
2009-05-22,1.0087441191829145,1.0610760106373918
2009-05-25,1.0087441191829145,1.061311619046288
2009-05-26,1.0087441191829145,1.0608844144177125
2009-05-27,1.0087441191829145,1.060479403217387
2009-05-28,1.0087441191829145,1.0605316498874258
2009-05-29,1.0087441191829145,1.0609285459991027
2009-06-01,1.0087441191829145,1.0608871316363246
2009-06-02,1.0087441191829145,1.0608749385536094
2009-06-03,1.0087441191829145,1.0593726718864693
2009-06-04,1.0083680276937286,1.0597676392901905
2009-06-05,1.0086599845126953,1.0594608005365673
2009-06-08,1.0096309538275858,1.0584409286833705
2009-06-09,1.009859885202237,1.0582009297650807
2009-06-10,1.0094955949311133,1.0585826582694566
2009-06-11,1.0094955949311133,1.0584698237833643
2009-06-12,1.0094955949311133,1.0585257615301227
2009-06-15,1.0094955949311133,1.0586986565309915
2009-06-16,1.0094955949311133,1.0584511667199694
2009-06-18,1.0101644707681656,1.0582325040472613
2009-06-19,1.0100993482324268,1.0583007253974066
2009-06-22,1.0100723087569319,1.0583290551815814
2009-06-23,1.0100723087569319,1.0582656790289664
2009-06-24,1.0100723087569319,1.0584245903073548
2009-06-25,1.0100723087569319,1.0581988194644065
2009-06-26,1.0100723087569319,1.0583248127759284
2009-06-29,1.0100723087569319,1.0580164136979007
2009-06-30,1.0100723087569319,1.0582411257676743
2009-07-01,1.0100723087569319,1.058004385889818
2009-07-02,1.0092027538666395,1.0570935670506862
2009-07-03,1.0096443667734547,1.0575561363026351
2009-07-06,1.0098618785640463,1.0577839699205194
2009-07-07,1.009646666687796,1.0575585453573526
2009-07-08,1.0097005834997343,1.0576150207433321
2009-07-09,1.0091804772451511,1.057070233312069
2009-07-10,1.008888690256421,1.0567645998330142
2009-07-13,1.0083454199025332,1.056195549070852
2009-07-14,1.0079817043345982,1.0558145737062612
2009-07-15,1.0078879486713495,1.0557163689519486
2009-07-16,1.0080388744180242,1.0555582811590833
2009-07-17,1.0084100368285274,1.055169621985311
2009-07-20,1.009590480165803,1.0539344419449719
2009-07-21,1.0093357279978628,1.0542003835215092
2009-07-22,1.009044580401731,1.0545044725366797
2009-07-23,1.0082646578952943,1.0536894126401763
2009-07-24,1.0082065997951521,1.0536287388825885
2009-07-27,1.0091958874309024,1.054662596312464
2009-07-28,1.0087248580227963,1.0541703458934129
2009-07-29,1.00872495632491,1.054170448624274
2009-07-30,1.0088664592297758,1.054022570672243
2009-07-31,1.0092334191055088,1.0536391859457364
2009-08-03,1.0096568640306027,1.0531971096552342
2009-08-04,1.0104859316652164,1.0523322894696931
2009-08-05,1.0104213363864942,1.0523995597754108
2009-08-06,1.0104213363864942,1.0521407212364962
2009-08-07,1.0104213363864942,1.0521201954795651
2009-08-10,1.0104213363864942,1.0520702662382198
2009-08-11,1.0104213363864942,1.0515478662628066
2009-08-12,1.0104213363864942,1.0518562095975295
2009-08-13,1.0099073163864283,1.0513211109120046
2009-08-17,1.009374615684262,1.0509916774210308
2009-08-18,1.009101793963073,1.0507076071126105
2009-08-19,1.0082003260806323,1.0497689712214497
2009-08-20,1.0082003260806323,1.0499853737601592
2009-08-21,1.0082003260806323,1.0499424099163879
2009-08-24,1.0082003260806323,1.0493575248902791
2009-08-25,1.0082003260806323,1.0493265516026253
2009-08-26,1.0082003260806323,1.0492065498370897
2009-08-27,1.0074314391314843,1.0500067094901484
2009-08-28,1.0074609173329963,1.0499759855042086
2009-08-31,1.0070793539561742,1.0503736509378927
2009-09-01,1.0076985929149394,1.049727790923619
2009-09-02,1.0087133716921066,1.0486706876473797
2009-09-03,1.0084101101046252,1.0483554132132284
2009-09-04,1.0081781683555064,1.0481142837503221
2009-09-07,1.0078836366398696,1.0478080849970997
2009-09-08,1.0076041127503685,1.0475174885624303
2009-09-09,1.0080252982514597,1.0479553581311816
2009-09-10,1.0080252982514597,1.0475417816939594
2009-09-11,1.0080252982514597,1.0468429711598406
2009-09-14,1.0080252982514597,1.046500856851269
2009-09-15,1.0080252982514597,1.0462291681649711
2009-09-16,1.0080252982514597,1.0456900028059997
2009-09-17,1.0069560379691929,1.0467992158282358
2009-09-18,1.0074142190767823,1.0463229054372685
2009-09-21,1.007694929812771,1.046031352998058
2009-09-22,1.0069383710573665,1.0468166940324577
2009-09-23,1.0075364864668979,1.0461948911360224
2009-09-24,1.0081780465876649,1.0455287148439294
2009-09-25,1.0078480280975337,1.0458709597569478
2009-09-28,1.0087273037013105,1.0449585118541138
2009-09-29,1.0095361992692782,1.0441205625829406
2009-09-30,1.0102577147890988,1.0433743296187215
2009-10-01,1.0102577147890988,1.0427014902193608
2009-10-02,1.0102577147890988,1.0419621427607253
2009-10-05,1.0102577147890988,1.0418944005686352
2009-10-06,1.0102577147890988,1.0424542591610324
2009-10-07,1.0102577147890988,1.0428315973770106
2009-10-08,1.0109046546085547,1.043499396568696
2009-10-09,1.0097778471663574,1.0423362573145425
2009-10-12,1.0095746161895898,1.042126473532606
2009-10-14,1.009271844547052,1.0415143841873262
2009-10-15,1.0089094090757915,1.04114037022994
2009-10-16,1.008216631378954,1.0404254608225303
2009-10-19,1.0084353889811797,1.0406512069290916
2009-10-20,1.0083713086648476,1.0405850794813047
2009-10-21,1.0087121812046622,1.0409368416505456
2009-10-22,1.007969283911101,1.0417034717922642
2009-10-23,1.0077448589259403,1.0419354077152434
2009-10-26,1.007863438936441,1.0418128045478907
2009-10-27,1.00782303983417,1.041854564473305
2009-10-28,1.008135780769488,1.0415312631018538
2009-10-29,1.0085370444489412,1.0419458190325825
2009-10-30,1.0084039806683693,1.0418083473843227
2009-11-02,1.00873981726142,1.0421553088925124
2009-11-03,1.0084108568560037,1.041815451352388
2009-11-04,1.007785871885818,1.0411697631446741
2009-11-05,1.007785871885818,1.0413759711273813
2009-11-06,1.007785871885818,1.0410408333746095
2009-11-09,1.007785871885818,1.041037455428108
2009-11-10,1.007785871885818,1.0404053025048092
2009-11-11,1.007785871885818,1.0392296256479356
2009-11-12,1.007785871885818,1.0397329806534819
2009-11-13,1.007785871885818,1.0395655290081647
2009-11-16,1.007785871885818,1.039484841587609
2009-11-17,1.007785871885818,1.0387406687235523
2009-11-18,1.007785871885818,1.0383077385464718
2009-11-19,1.007857473175913,1.038233968735176
2009-11-20,1.0082388822686552,1.0378410640967635
2009-11-23,1.0080808997286408,1.0380036850493182
2009-11-24,1.0090943500794396,1.0369601525322087
2009-11-25,1.0092062912730695,1.0368451201200146
2009-11-26,1.0092062912730695,1.0361482437290845
2009-11-27,1.0092062912730695,1.0361060847452026
2009-11-30,1.0092062912730695,1.0363942161736341
2009-12-01,1.0092062912730695,1.0369967749174098
2009-12-02,1.0092062912730695,1.0374360763361772
2009-12-03,1.0087702092831738,1.0378843565267293
2009-12-04,1.0091940626590765,1.0374482703058416
2009-12-07,1.0098800724708097,1.0367430544123588
2009-12-08,1.0100131145917661,1.0366064733483238
2009-12-09,1.0109681539080748,1.0356262881177707
2009-12-11,1.0109681539080748,1.03505417977949
2009-12-14,1.0109681539080748,1.0337404260039202
2009-12-15,1.0109681539080748,1.033517669157973
2009-12-16,1.0109681539080748,1.0337998303082856
2009-12-17,1.0109681539080748,1.0342234535970638
2009-12-18,1.0109681539080748,1.0348391415156777
2009-12-21,1.0109681539080748,1.0344096034905645
2009-12-22,1.0109681539080748,1.034340550443356
2009-12-23,1.0109681539080748,1.0342917144426371
2009-12-24,1.0108345364312628,1.0341550143412173
2009-12-25,1.010585430173776,1.033900161072953
2009-12-28,1.0102747969076311,1.0335823613359763
2009-12-29,1.0099936831117862,1.0332947620988153
2009-12-30,1.0096309441925122,1.0329236546042215
2009-12-31,1.0104431314023756,1.0320927298134746
2010-01-01,1.0101921252923056,1.0323491139416763
2010-01-04,1.0110143301613375,1.0315088752912533
2010-01-05,1.0113427452625128,1.0311738027986728
2010-01-06,1.0118908434968326,1.030614957102455
2010-01-07,1.0118908434968326,1.0304067560263332
2010-01-08,1.0118908434968326,1.029997010997944
2010-01-11,1.0118908434968326,1.0293516788709418
2010-01-12,1.0118908434968326,1.02930773002026
2010-01-13,1.0118908434968326,1.0293244752808837
2010-01-14,1.0118908434968326,1.0288436948124828
2010-01-15,1.0118908434968326,1.029606155520543
2010-01-18,1.0118908434968326,1.0292031604668213
2010-01-19,1.0118908434968326,1.029270775002814
2010-01-20,1.0118908434968326,1.0291960515082763
2010-01-21,1.011771459830658,1.0290746261602448
2010-01-22,1.012273780389761,1.029585537331487
2010-01-25,1.0121861182068277,1.0294963759628262
2010-01-26,1.012211515003544,1.0295222070918153
2010-01-27,1.0120352055222812,1.0293428823917992
2010-01-28,1.0120352055222812,1.0292441971258857
2010-01-29,1.0120352055222812,1.028182393256844
2010-02-01,1.0120352055222812,1.0284036508479
2010-02-02,1.0120352055222812,1.0278425560566826
2010-02-03,1.0120352055222812,1.0275962508149412
2010-02-04,1.0119646482678994,1.0276678929571068
2010-02-05,1.0131182578319171,1.0264963821617659
2010-02-09,1.0141734998882663,1.0256419620779011
2010-02-10,1.0144252143040233,1.0253874012288071
2010-02-11,1.0140701348557988,1.0250284846842352
2010-02-12,1.0132745962777439,1.024224349274718
2010-02-15,1.0129342584500047,1.023880333653059
2010-02-16,1.012583181505133,1.0235254628641066
2010-02-17,1.0124851818817358,1.0234264042270187
2010-02-18,1.0129892191814462,1.0229169201471824
2010-02-19,1.013379490666905,1.0225228238445099
2010-02-22,1.0136284672339406,1.0222716008577206
2010-02-23,1.0130186635728087,1.0228866042687588
2010-02-24,1.013171272515336,1.0227325087435568
2010-02-25,1.0133396451277854,1.022902470278201
2010-02-26,1.0123748996219193,1.0219286205271476
2010-03-01,1.0117003456803586,1.0212477008607002
2010-03-02,1.0120280311588998,1.0215784786873505
2010-03-03,1.012087353361071,1.0216383607095678
2010-03-04,1.012588943182394,1.0221446840038004
2010-03-05,1.0122155514735636,1.0217677686199205
2010-03-08,1.0118558915069193,1.02140471456385
2010-03-09,1.0111537118444713,1.0206959084742524
2010-03-10,1.0106115809308964,1.020148661503924
2010-03-11,1.0111769170522003,1.0195779903397197
2010-03-12,1.011023122163747,1.0197330629888768
2010-03-15,1.0111441688600826,1.0196109734780505
2010-03-16,1.0105750992910896,1.020184808144844
2010-03-17,1.0103567851232274,1.0204051982945834
2010-03-18,1.0103567851232274,1.0197716873165399
2010-03-19,1.0103567851232274,1.0185969140625788
2010-03-22,1.0103567851232274,1.0187143694980154
2010-03-23,1.0103567851232274,1.018742949452858
2010-03-24,1.0103567851232274,1.018701062527347
2010-03-25,1.0098240753086287,1.018163953199097
2010-03-26,1.0100702686863856,1.018412179824781
2010-03-29,1.0093091891339216,1.0176448147116062
2010-03-30,1.009331686545953,1.0176674979239901
2010-03-31,1.0089665836576192,1.0172993797445966
2010-04-01,1.009832765144017,1.0164260446875875
2010-04-02,1.0101291312571745,1.0161277435761822
2010-04-05,1.0103792629846784,1.0158761264512024
2010-04-06,1.0105882803171011,1.015665971981686
2010-04-08,1.0106362926460724,1.015632820020304
2010-04-09,1.0101314718408436,1.0151255034102138
2010-04-12,1.009338200905891,1.0143283105896428
2010-04-13,1.0090316463997613,1.0140202404957661
2010-04-14,1.0089453181922734,1.0139334854866138
2010-04-15,1.008245491781218,1.013230199174261
2010-04-16,1.0081887509402945,1.0131731778099018
2010-04-19,1.0078736566804065,1.0128565257422184
2010-04-20,1.0077450513304265,1.0127272845748267
2010-04-21,1.0079041528341448,1.0128871726671769
2010-04-22,1.0083919704333861,1.0123969433259408
2010-04-23,1.007911295002254,1.0128795278282756
2010-04-26,1.007851458625812,1.0129396591523494
2010-04-27,1.0076854699056343,1.013106485876864
2010-04-28,1.0077316871636395,1.0130600199852313
2010-04-29,1.0077316871636395,1.0119778772420631
2010-04-30,1.0077316871636395,1.0107156727726365
2010-05-03,1.0077316871636395,1.0104223584168064
2010-05-04,1.0077316871636395,1.0100408585264635
2010-05-05,1.0077316871636395,1.0107918791007369
2010-05-06,1.0077316871636395,1.0107780946065936
2010-05-07,1.0077316871636395,1.0109953104301783
2010-05-10,1.0077316871636395,1.0109900500700397
2010-05-11,1.0077316871636395,1.0106165838192553
2010-05-12,1.0077316871636395,1.0108100379007656
2010-05-13,1.006754619481491,1.0117900902633186
2010-05-14,1.0072898203138314,1.0112522125243104
2010-05-17,1.0074022421198263,1.0111393484828441
2010-05-18,1.0078564416792746,1.010683464003517
2010-05-19,1.0089777816445116,1.0095589786963606
2010-05-20,1.009105805330745,1.009430881265204
2010-05-21,1.0083500840407018,1.0101868460052432
2010-05-24,1.008835873838054,1.0097001713165852
2010-05-25,1.0098378867515212,1.0086972999510575
2010-05-26,1.0108698269326266,1.0076665253207449
2010-05-27,1.0108698269326266,1.0080165593511674
2010-05-28,1.0108698269326266,1.0073629759625882
2010-05-31,1.0108698269326266,1.0073548024196515
2010-06-01,1.0108698269326266,1.0071154445798023
2010-06-02,1.0108698269326266,1.0059492276836015
2010-06-03,1.0107381240879807,1.0060802894398488
2010-06-07,1.0107381240879807,1.005605271156225
2010-06-08,1.0107381240879807,1.0047694954218254
2010-06-09,1.0107381240879807,1.004416061569419
2010-06-10,1.010402791639554,1.0040828265908046
2010-06-11,1.010735126639099,1.0044130828692703
2010-06-14,1.0105836837827884,1.0042625872723763
2010-06-15,1.0104053445292818,1.004085363512471
2010-06-16,1.0099894759418493,1.0036720961400778
2010-06-17,1.0100107740286086,1.00365093127065
2010-06-18,1.010212926454584,1.0034500517594547
2010-06-21,1.0103277722993433,1.0033359747506871
2010-06-22,1.0108970565924444,1.0027706300904795
2010-06-23,1.0110214263061155,1.0026472601634147
2010-06-24,1.0110214263061155,1.0035760260322315
2010-06-25,1.0110214263061155,1.0028533588571817
2010-06-28,1.0110214263061155,1.0029927729125936
2010-06-29,1.0110214263061155,1.0033195422627048
2010-06-30,1.0110214263061155,1.0034988928929214
2010-07-01,1.0110214263061155,1.0025137723668336
2010-07-02,1.0110214263061155,1.0024808584722542
2010-07-05,1.0110214263061155,1.0010063697444762
2010-07-06,1.0110214263061155,1.0003659078598646
2010-07-07,1.0110214263061155,1.0002139820153708
2010-07-08,1.01121694822399,1.0004074138764176
2010-07-09,1.0108215160437055,1.000016208719565
2010-07-12,1.010293487558701,0.9994938246633404
2010-07-13,1.009670722081646,0.998877716318394
2010-07-14,1.0098306785362012,0.9990359628977411
2010-07-15,1.009663761779697,0.9992010953759896
2010-07-16,1.0094882855051996,0.9993747532731307
2010-07-19,1.009878281210718,0.998988664729483
2010-07-20,1.0101649539474806,0.998705083212937
2010-07-21,1.010609614341248,0.9982654672929594
2010-07-22,1.010609614341248,0.9980363022776607
2010-07-23,1.010609614341248,0.9991859702626137
2010-07-26,1.010609614341248,0.998455815627615
2010-07-27,1.010609614341248,0.9984319398697662
2010-07-28,1.010609614341248,0.9986524925529491
2010-07-29,1.0107151780951151,0.9987568073194293
2010-07-30,1.009910506631279,0.9979616564009711
2010-08-02,1.009691047015746,0.9977447933423215
2010-08-04,1.009718917941584,0.9980501600973205
2010-08-05,1.0099502303088803,0.9982787993167216
2010-08-06,1.0107978990475035,0.9991166720209561
2010-08-09,1.0107548482465953,0.9990741187341203
2010-08-10,1.0100073978934168,0.9983353062473983
2010-08-11,1.0095673133723633,0.997900307537471
2010-08-12,1.0095673133723633,0.9975152804985122
2010-08-13,1.0095673133723633,0.9971526404828911
2010-08-16,1.0095673133723633,0.9966257894241338
2010-08-17,1.0095673133723633,0.9966088067104335
2010-08-18,1.0095673133723633,0.9962255252463865
2010-08-19,1.0095673133723633,0.9958476774994204
2010-08-20,1.0095673133723633,0.9952915545437442
2010-08-23,1.0095673133723633,0.9949432266807527
2010-08-24,1.0095673133723633,0.9946036713488036
2010-08-25,1.0095673133723633,0.994791122027204
2010-08-26,1.0102440717033665,0.9941242688411682
2010-08-27,1.0101390469788267,0.9942276177549781
2010-08-30,1.0096635790249138,0.9946955962699672
2010-08-31,1.0095899249248614,0.9947681584683978
2010-09-01,1.0093498729993196,0.9950046861971447
2010-09-02,1.0093498729993196,0.995348534037882
2010-09-03,1.0093498729993196,0.9950191093736716
2010-09-06,1.0093498729993196,0.9952575444096333
2010-09-07,1.0093498729993196,0.9950035322559571
2010-09-08,1.0093498729993196,0.9954902402579587
2010-09-09,1.0093498729993196,0.9951774348773066
2010-09-10,1.0093498729993196,0.9951098166729163
2010-09-13,1.0093498729993196,0.994935458760562
2010-09-14,1.0093498729993196,0.9947121376492718
2010-09-15,1.0093498729993196,0.994281007224739
2010-09-16,1.0098582832401777,0.9947818272673093
2010-09-17,1.0097128237576762,0.9946385393899926
2010-09-20,1.0100704484223322,0.9949908249762838
2010-09-21,1.0102643317652538,0.9951818137807024
2010-09-22,1.0096715715055984,0.9945979030042917
2010-09-23,1.0096715715055984,0.9942712391260184
2010-09-24,1.0096715715055984,0.9941853033590772
2010-09-27,1.0096715715055984,0.9947022258255119
2010-09-28,1.0096715715055984,0.9944237883272377
2010-09-29,1.0096715715055984,0.9950131531475018
2010-10-01,1.0096715715055984,0.9943696412236116
2010-10-04,1.0096715715055984,0.993841036255287
2010-10-05,1.0096715715055984,0.9944994937697456
2010-10-06,1.0096715715055984,0.9954849810698836
2010-10-07,1.0099747805842705,0.9951860322904383
2010-10-08,1.0104270749478703,0.9947403607332952
2010-10-11,1.0109747394104351,0.9942011986714703
2010-10-12,1.0109579015982773,0.9942177571198447
2010-10-13,1.0105553096008615,0.9946136827187962
2010-10-14,1.0105553096008615,0.9942309411850228
2010-10-15,1.0105553096008615,0.9949101102965416
2010-10-18,1.0105553096008615,0.9948644969849934
2010-10-19,1.0105553096008615,0.9949856140666568
2010-10-20,1.0105553096008615,0.9943414496164164
2010-10-21,1.0114773391118173,0.9934342136128025
2010-10-22,1.0112930072223965,0.9936152573184095
2010-10-25,1.0110457995285298,0.993858143736686
2010-10-26,1.0108084219755615,0.9940914859000854
2010-10-27,1.009699456616512,0.995182110985534
2010-10-28,1.009699456616512,0.995667779719692
2010-10-29,1.009699456616512,0.9959883634274095
2010-11-01,1.009699456616512,0.996345446005052
2010-11-02,1.009699456616512,0.9963085002192543
2010-11-03,1.009699456616512,0.997189209602067
2010-11-04,1.0093888769788366,0.9968824780678639
2010-11-05,1.009611888606325,0.9971027265656619
2010-11-08,1.0095105577873706,0.9970026512426544
2010-11-09,1.0097522873403,0.9972413857494856
2010-11-10,1.009731691869576,0.997221045458087
2010-11-11,1.0095341635994646,0.9970259645770826
2010-11-12,1.01004168087686,0.9975271936798508
2010-11-15,1.0103610997484453,0.9978426549292363
2010-11-16,1.01058084374549,0.9980596762827606
2010-11-17,1.0110676420184737,0.9985404430910333
2010-11-18,1.0105200754811436,0.9990812252405993
2010-11-19,1.0101022207549402,0.9994943499493084
2010-11-22,1.0103333070228835,0.999265690498399
2010-11-23,1.0101775865349396,0.9994197051585395
2010-11-24,1.0099861420060694,0.9996091108998151
2010-11-25,1.0099861420060694,0.9991205179295944
2010-11-26,1.0099861420060694,0.9996481732482727
2010-11-30,1.0101407934301851,0.9996694992150738
2010-12-01,1.0102262148387176,0.9995849632996398
2010-12-02,1.010031298260843,0.9997778267172379
2010-12-03,1.008729276102745,1.0010666312184473
2010-12-06,1.0087155752087757,1.0010802280358448
2010-12-07,1.0092503776906985,1.0005494736748384
2010-12-08,1.0091546074811755,1.0006444182345333
2010-12-09,1.0091546074811755,1.0007080506994137
2010-12-10,1.0091546074811755,1.0002167538749738
2010-12-13,1.0091546074811755,1.0005448944707533
2010-12-14,1.0091546074811755,1.0010955711704153
2010-12-15,1.0091546074811755,1.0014440084515874
2010-12-16,1.0091546074811755,1.0020064692865656
2010-12-17,1.0091546074811755,1.0019261445149534
2010-12-20,1.0091546074811755,1.0014636070948495
2010-12-21,1.0091546074811755,1.0021105351116646
2010-12-22,1.0091546074811755,1.0024846566068
2010-12-23,1.0089430916675122,1.002694774418536
2010-12-24,1.0090362064679803,1.0026022362718143
2010-12-27,1.0079476842287278,1.0036838177099336
2010-12-28,1.0065786786524744,1.005047032056015
2010-12-29,1.0065786786524744,1.0052209369685092
2010-12-30,1.0065786786524744,1.0058393825386873
2010-12-31,1.0065786786524744,1.0061631434928102
2011-01-03,1.0065786786524744,1.0064480349368385
2011-01-04,1.0065786786524744,1.0065547590096209
2011-01-05,1.0065786786524744,1.0062423622657677
2011-01-06,1.0067110924371194,1.00637473180854
2011-01-07,1.0065210247231762,1.0061847275997038
2011-01-10,1.0065007811299795,1.0061644907702627
2011-01-11,1.007265155788359,1.006928610037058
2011-01-12,1.0068081332150247,1.0064717401633425
2011-01-13,1.006509235958263,1.006770537553052
2011-01-14,1.006617938776933,1.0066618065138562
2011-01-17,1.0062605421290065,1.0070192187368896
2011-01-18,1.0060805399978292,1.0071993565818314
2011-01-19,1.0059233091775974,1.0073567622513344
2011-01-20,1.0058762244048634,1.0073096103822208
2011-01-21,1.0064429055010247,1.007877099005906
2011-01-24,1.0067314655534572,1.0081660702599584
2011-01-25,1.0062214811076704,1.007655359080071
2011-01-27,1.0061075200192164,1.0086370494019334
2011-01-28,1.006299756258578,1.0088297689566526
2011-01-31,1.0061802106881697,1.0087099228278775
2011-02-01,1.0068703126351735,1.009401759811264
2011-02-02,1.0068125681490343,1.0093438701454382
2011-02-03,1.007372237367403,1.0099049464696126
2011-02-04,1.0075730529622184,1.0101062669497782
2011-02-07,1.0078197208041495,1.0103535549575877
2011-02-08,1.0087048217744,1.0112408812256979
2011-02-09,1.008615862517093,1.0111516983093378
2011-02-10,1.0084796811361703,1.0112882220739496
2011-02-11,1.0083671490634227,1.0114010675401537
2011-02-14,1.007649007093384,1.0121213702154415
2011-02-15,1.0064673650923261,1.0133082568325034
2011-02-16,1.0064989249686096,1.01327648244584
2011-02-17,1.005254590738078,1.0120237691236282
2011-02-18,1.0048473288385644,1.0116137648059522
2011-02-21,1.0048793803185159,1.0116460321140006
2011-02-22,1.0052517544318047,1.0120209137182496
2011-02-23,1.0052966546566726,1.0120661162920295
2011-02-24,1.0052966546566726,1.0120297125858153
2011-02-25,1.0052966546566726,1.01275827476016
2011-02-28,1.0052966546566726,1.012571778042628
2011-03-01,1.0052966546566726,1.012287774797652
2011-03-02,1.0052966546566726,1.0125264971111216
2011-03-03,1.0050018572864163,1.012229579631808
2011-03-04,1.005186677610027,1.0124157291370246
2011-03-07,1.0050658397972412,1.0122940222888703
2011-03-08,1.0049281827961356,1.0121553752929946
2011-03-09,1.0049264515784355,1.0121536316248092
2011-03-10,1.0049264515784355,1.0129118804438704
2011-03-11,1.0049264515784355,1.0132689444775063
2011-03-14,1.0049264515784355,1.0129354469946652
2011-03-15,1.005601942732509,1.0136163216328216
2011-03-16,1.0063557444959494,1.0143761309949861
2011-03-17,1.00633319128142,1.0143988639526118
2011-03-18,1.0062332598247858,1.0144995963511463
2011-03-21,1.0059743836323214,1.0147605992450537
2011-03-22,1.0059968517020625,1.014737934938402
2011-03-23,1.0058821323018792,1.0148536511327844
2011-03-24,1.0054555584537574,1.0144232726487235
2011-03-28,1.0060804216636763,1.0159998897111746
2011-03-29,1.0065392992779305,1.0164632916375358
2011-03-30,1.0072958505444878,1.0172273021349392
2011-03-31,1.0069634062563857,1.0175630241634908
2011-04-01,1.0075727609367446,1.0169472552214598
2011-04-04,1.0072197546506791,1.017303545891085
2011-04-05,1.0069114327490865,1.0176149545606608
2011-04-06,1.0063534587759355,1.018178859826672
2011-04-07,1.0055735450380685,1.0189679381305816
2011-04-08,1.0052789251621466,1.019266482388216
2011-04-11,1.0052837211154855,1.0192616197034756
2011-04-12,1.0059748406602735,1.0185608905343533
2011-04-13,1.0057666620795174,1.018771673699135
2011-04-14,1.0057666620795174,1.0197002236558432
2011-04-15,1.0057666620795174,1.019948526833776
2011-04-18,1.0057666620795174,1.0197698215380178
2011-04-19,1.0057666620795174,1.0193723966447754
2011-04-20,1.0057666620795174,1.018589867291017
2011-04-21,1.005106830067446,1.0192581119514839
2011-04-22,1.0044954277015938,1.019878122484115
2011-04-25,1.0034665436087087,1.020922762756203
2011-04-26,1.0032862641274578,1.0211061783640665
2011-04-27,1.0034217937525072,1.0209682415234682
2011-04-28,1.0034217937525072,1.0207573021231007
2011-04-29,1.0034217937525072,1.0211680115935298
2011-05-02,1.0034217937525072,1.0218227663733404
2011-05-03,1.0034217937525072,1.021797321916041
2011-05-04,1.0034217937525072,1.0223150499550193
2011-05-05,1.0041351599754367,1.0215882518822936
2011-05-06,1.003259370852942,1.0224792632862651
2011-05-09,1.003294796420053,1.0224431590555811
2011-05-10,1.003294796420053,1.021691811190619
2011-05-11,1.003294796420053,1.021709266546945
2011-05-12,1.0030789594191278,1.0219290650196327
2011-05-13,1.0029333980056552,1.0220773618588557
2011-05-16,1.002634983387909,1.0223814726062421
2011-05-17,1.0030912032868957,1.021916267641438
2011-05-18,1.0019942177315342,1.0230338403813026
2011-05-19,1.0024836056353743,1.0225341764333058
2011-05-20,1.0021447642571943,1.0228797949428068
2011-05-23,1.0019324516692023,1.0230965004171204
2011-05-25,1.0018507316103866,1.023562360738434
2011-05-26,1.0018507316103866,1.024552296872719
2011-05-27,1.0018507316103866,1.0247131812252512
2011-05-30,1.0018507316103866,1.0236682152642125
2011-05-31,1.0018507316103866,1.0246998585135443
2011-06-01,1.0018507316103866,1.0248393616860687
2011-06-02,1.0018507316103866,1.0251890663763008
2011-06-03,1.0018507316103866,1.0251695879053846
2011-06-06,1.0018507316103866,1.025968868515523
2011-06-07,1.0018507316103866,1.0264478875740826
2011-06-08,1.0018507316103866,1.0263942883423915
2011-06-09,1.0018507316103866,1.0259515399428052
2011-06-10,1.0018507316103866,1.0262382071435565
2011-06-13,1.0018507316103866,1.0259952580061917
2011-06-14,1.0018507316103866,1.027107586556857
2011-06-15,1.0018507316103866,1.027425553582218
2011-06-16,1.0018074858280026,1.0273812038397823
2011-06-17,1.0013351359753089,1.026896796039722
2011-06-20,1.0012532936520395,1.0268128644802208
2011-06-21,1.0013682018338819,1.026930705989555
2011-06-22,1.0015684553316493,1.0271360714739617
2011-06-23,1.0023949334898037,1.0279836476171664
2011-06-24,1.0025107450019493,1.0281024155166378
2011-06-27,1.0021711912824753,1.02775419381335
2011-06-28,1.002433932708355,1.0280236423912827
2011-06-29,1.0031432562804734,1.0287510732757033
2011-06-30,1.0031432562804734,1.02872399749062
2011-07-01,1.0031432562804734,1.02904328803216
2011-07-04,1.0031432562804734,1.029499499474259
2011-07-05,1.0031432562804734,1.0284162633428282
2011-07-06,1.0031432562804734,1.0285443326375618
2011-07-07,1.003817299025643,1.0292354431456168
2011-07-08,1.0041933480868566,1.0296210143272833
2011-07-11,1.003957168361303,1.0293788541804838
2011-07-12,1.0041638078465442,1.0295907260842356
2011-07-13,1.004584554165079,1.0300221263241294
2011-07-14,1.00506359429236,1.0295309561897181
2011-07-15,1.00540709370346,1.0291790945969108
2011-07-18,1.0046089903525717,1.0299960684269207
2011-07-19,1.0037209505120062,1.0309065495724934
2011-07-20,1.0041043019556533,1.0305128151248442
2011-07-22,1.0039490194254097,1.0311937640450441
2011-07-25,1.0029567908782315,1.0322129192716145
2011-07-26,1.003394260789516,1.0317626884158813
2011-07-27,1.0031160307045395,1.0320487847507833
2011-07-28,1.0034639644524264,1.031690815591993
2011-07-29,1.0034902490663438,1.0316637916073454
2011-08-01,1.0031656228262824,1.0319975319082488
2011-08-02,1.002859469134221,1.0323124847409642
2011-08-03,1.0030977243019656,1.032067232248679
2011-08-04,1.0034823119413632,1.0324629267966117
2011-08-05,1.003427834116417,1.0324068756496008
2011-08-08,1.0029665916609807,1.0319323124910522
2011-08-09,1.0038628828123934,1.032854488571724
2011-08-10,1.0031851808040417,1.0321572144985167
2011-08-11,1.0028483240552037,1.0325037996855975
2011-08-12,1.0024382860930372,1.0329259629816783
2011-08-15,1.0014317491065927,1.0339631123009165
2011-08-16,1.001353198909272,1.034044214189853
2011-08-17,1.0014544355696375,1.0339396724726757
2011-08-18,1.0014544355696375,1.0342650657474086
2011-08-19,1.0014544355696375,1.0335849017003427
2011-08-22,1.0014544355696375,1.0347240484762668
2011-08-23,1.0014544355696375,1.035307559358548
2011-08-24,1.0014544355696375,1.0358841608675722
2011-08-25,1.0012903874371446,1.0357144728058556
2011-08-26,1.0010698875404633,1.0354863921839796
2011-08-29,1.0016074464262696,1.03604243219495
2011-08-30,1.0031275692627974,1.0376148164323182
2011-08-31,1.0030271559199426,1.0375109509066303
2011-09-01,1.00310858493929,1.037426722380218
2011-09-02,1.0032456390609654,1.0372849793920977
2011-09-05,1.003724911178871,1.0367894459458618
2011-09-06,1.0031864768415564,1.037345617295248
2011-09-07,1.0036090010335377,1.036908705884587
2011-09-08,1.0034477522171212,1.0367421068391585
2011-09-09,1.0044526662073427,1.037780363833718
2011-09-12,1.0047680081115131,1.038106168769134
2011-09-13,1.0053114068610383,1.0386675974665343
2011-09-14,1.0054082895372694,1.0387676947059274
2011-09-15,1.0056437445325037,1.0385244273237586
2011-09-16,1.0048985456582615,1.0392939913351913
2011-09-20,1.004865009270604,1.0394212844192372
2011-09-21,1.0043417747868895,1.039962512399212
2011-09-22,1.0043417747868895,1.0403939868271732
2011-09-23,1.0043417747868895,1.0399642633590558
2011-09-26,1.0043417747868895,1.040309688256188
2011-09-27,1.0043417747868895,1.0399142052456534
2011-09-28,1.0043417747868895,1.0397923822620376
2011-09-29,1.0043417747868895,1.0407416970325354
2011-09-30,1.0043417747868895,1.0409845215910074
2011-10-03,1.0043417747868895,1.0403811288217675
2011-10-04,1.0043417747868895,1.0407011800903807
2011-10-05,1.0043417747868895,1.0410091737838483
2011-10-06,1.0042108471495126,1.0408734661243315
2011-10-07,1.0040415416270598,1.0406979794459217
2011-10-10,1.0041713739765603,1.040832551829822
2011-10-11,1.0043686152931095,1.04103699420704
2011-10-12,1.0038623859585614,1.0405122830036104
2011-10-13,1.0038623859585614,1.0400310380970554
2011-10-14,1.0038623859585614,1.0396709306858307
2011-10-17,1.0038623859585614,1.0397958000544298
2011-10-18,1.0038623859585614,1.040184063628957
2011-10-19,1.0038623859585614,1.040547066692125
2011-10-20,1.004004764710325,1.0403994849173928
2011-10-21,1.0041406108892057,1.0402587143757547
2011-10-24,1.0043518182131654,1.040039910099833
2011-10-25,1.0043419345602695,1.0400501449530817
2011-10-26,1.0031473261568022,1.0412872262701456
2011-10-27,1.0031768385254745,1.0413178607060996
2011-10-28,1.0038682924476314,1.0420356038709593
2011-10-31,1.0038415033882437,1.0420077962851573
2011-11-01,1.0040064416836494,1.0421790055738134
2011-11-02,1.00358565243034,1.0417422178129352
2011-11-03,1.0026700944800346,1.0407918501314348
2011-11-04,1.0028878589271804,1.0410178940346941
2011-11-07,1.003325667370969,1.0414723480597243
2011-11-08,1.0032401142731295,1.0413835422127413
2011-11-09,1.0033682451762007,1.0415165446832455
2011-11-10,1.0028721296650354,1.0420315226242327
2011-11-11,1.0032122547986162,1.0416781165414988
2011-11-14,1.003007038175725,1.0418912017228188
2011-11-15,1.002411458145215,1.0425098709545308
2011-11-17,1.0025661272954967,1.042846243952759
2011-11-18,1.0023859153119665,1.042658791589246
2011-11-21,1.0027863079671788,1.0430752708271003
2011-11-22,1.0027863079671788,1.0438344363914642
2011-11-23,1.0027863079671788,1.0445388500512938
2011-11-24,1.0027863079671788,1.0445237015486162
2011-11-25,1.0027863079671788,1.0443490432307936
2011-11-28,1.0027863079671788,1.0442271360118047
2011-11-29,1.0027863079671788,1.0437406539657326
2011-11-30,1.0027863079671788,1.0441335347938736
2011-12-01,1.0029282264625146,1.0439857646667685
2011-12-02,1.002039337319283,1.0449110428545942
2011-12-05,1.0018276315260082,1.045131806364559
2011-12-06,1.0019480619614227,1.0450061703024807
2011-12-07,1.0019514248701642,1.045002662874782
2011-12-08,1.0015184454289965,1.0454542463126206
2011-12-09,1.0015321652002749,1.045439924666118
2011-12-12,1.001173471676347,1.0458143435252052
2011-12-13,1.0007115153155421,1.0462968978495857
2011-12-14,1.000772584914669,1.0462330463487872
2011-12-15,1.0008327250688869,1.0462959183915508
2011-12-16,1.0008119830362592,1.0462742341444895
2011-12-19,1.0009944932493975,1.0464650349509461
2011-12-20,1.0012180550831862,1.0466987521629658
2011-12-21,1.0018573743639418,1.0473671127563484
2011-12-22,1.001739710547709,1.0472441040181417
2011-12-23,1.0018690797757415,1.0473793498907689
2011-12-26,1.002169005041584,1.0476928993717292
2011-12-27,1.0024594285922426,1.0479965155186113
2011-12-28,1.003569295758747,1.0491567988078996
2011-12-29,1.0030611912275587,1.0486256134421712
2011-12-30,1.0033701894897227,1.048948648063636
2012-01-02,1.0038803865580772,1.0494820210207982
2012-01-03,1.0035350815430721,1.049121030398939
2012-01-04,1.003538279609822,1.0491243737390428
2012-01-05,1.003538279609822,1.048531319257431
2012-01-06,1.003538279609822,1.0485534700387458
2012-01-09,1.003538279609822,1.0483387123875862
2012-01-10,1.003538279609822,1.0491575993497797
2012-01-11,1.003538279609822,1.0488156168988707
2012-01-12,1.0032364034895087,1.0491311129748915
2012-01-16,1.003032895451727,1.0496969424810416
2012-01-17,1.0022853618668754,1.0504792535318344
2012-01-18,1.002354455168377,1.0504068379478633
2012-01-19,1.002354455168377,1.050827424582494
2012-01-20,1.002354455168377,1.051523845920754
2012-01-23,1.002354455168377,1.0522987768707406
2012-01-24,1.002354455168377,1.0517630010746237
2012-01-25,1.002354455168377,1.0520338379602756
2012-01-26,1.0028956248518317,1.051465846451746
2012-01-27,1.0026124572098114,1.0517627278988542
2012-01-30,1.001851197229455,1.0525613065199577
2012-01-31,1.0015367810877625,1.0528916372774653
2012-02-01,1.0019466240517427,1.0524607791826652
2012-02-02,1.0020885788731426,1.0526098908003432
2012-02-03,1.0023128896524485,1.0528455104350625
2012-02-06,1.0021088746966662,1.0526312098583919
2012-02-07,1.0024533211902609,1.052993021971266
2012-02-08,1.0014924730454169,1.0519837316927985
2012-02-09,1.0020876433766648,1.0513585552457352
2012-02-10,1.0017953593328484,1.0516652103891841
2012-02-13,1.0008319706821438,1.0526765569866614
2012-02-14,1.0005652070555202,1.0529571393663508
2012-02-15,1.0005011960625887,1.0530245021244498
2012-02-16,1.0009759690796012,1.0535241992980555
2012-02-17,1.0018666351590904,1.0544616226700656
2012-02-20,1.001879013973605,1.054474651335141
2012-02-21,1.001873650661205,1.0544690064649582
2012-02-22,1.0021102079269821,1.0547179822762809
2012-02-23,1.0021102079269821,1.0551296789031135
2012-02-24,1.0021102079269821,1.0557144504976206
2012-02-27,1.0021102079269821,1.056509070436534
2012-02-28,1.0021102079269821,1.0562334994652522
2012-02-29,1.0021102079269821,1.055833379148217
2012-03-01,1.0029290898624645,1.0566961613793773
2012-03-02,1.0035846726520443,1.0573868899904204
2012-03-05,1.004566443669634,1.0584212937943651
2012-03-06,1.004786007352596,1.0586526282957864
2012-03-07,1.0049026015688574,1.0587754731329817
2012-03-08,1.0041760324743285,1.0595409936278262
2012-03-09,1.0036430803290353,1.0601033299387104
2012-03-12,1.0034282656089222,1.0603302291268533
2012-03-14,1.0030499518866036,1.0606497763254257
2012-03-15,1.0027405738874486,1.060976920257776
2012-03-16,1.0027537770341401,1.0609629503095368
2012-03-19,1.0024454027554779,1.061289225504886
2012-03-20,1.0022245968690295,1.0615229927580168
2012-03-21,1.0031684209211322,1.0605233256818396
2012-03-22,1.003238472882953,1.0604492685863696
2012-03-23,1.002507281296441,1.0612221571906961
2012-03-26,1.0026484677120435,1.0610727017649582
2012-03-27,1.0028303591663117,1.0608802115123688
2012-03-28,1.0019673515310763,1.0617931752197762
2012-03-29,1.0019673515310763,1.0614595870872165
2012-03-30,1.0019673515310763,1.0606723854422704
2012-04-02,1.0019673515310763,1.0614074969055811
2012-04-03,1.0019673515310763,1.0621200020006594
2012-04-04,1.0019673515310763,1.0617414577174966
2012-04-05,1.001909824677178,1.061680498999009
2012-04-06,1.0019474743430372,1.0617203947212106
2012-04-09,1.0018402051283493,1.0616067261748283
2012-04-10,1.002103687695828,1.0618859272534371
2012-04-11,1.0028510446941057,1.0626778691341523
2012-04-12,1.0028510446941057,1.062502975907415
2012-04-13,1.0028510446941057,1.0619676764453647
2012-04-16,1.0028510446941057,1.062646031364824
2012-04-17,1.0028510446941057,1.0630324459243883
2012-04-18,1.0028510446941057,1.0641121645689926
2012-04-19,1.0025435514497396,1.063785887497653
2012-04-20,1.0023427347805223,1.0635728035489518
2012-04-23,1.002625345463762,1.063872678059193
2012-04-24,1.002138717137608,1.0633563230888072
2012-04-25,1.0024095010290839,1.0636436483445502
2012-04-26,1.0025528784313054,1.0637957842361518
2012-04-27,1.0031173161049611,1.0643947016903998
2012-04-30,1.003403014936646,1.0646978529946811
2012-05-01,1.0035085122046115,1.0648097947698478
2012-05-02,1.0037208084852873,1.065035059584553
2012-05-03,1.0038496858305646,1.0651718096548377
2012-05-04,1.0042035465424073,1.065547286641203
2012-05-07,1.0044585987059584,1.0658179191656145
2012-05-08,1.004746466991787,1.0661233724493944
2012-05-09,1.0054866600268266,1.0669087816254452
2012-05-11,1.0058653022626027,1.0660815118653282
2012-05-14,1.0052920031806307,1.0666891315443099
2012-05-15,1.005325596395672,1.0666534866597739
2012-05-16,1.0048462451243318,1.067162079802874
2012-05-17,1.0048908232544913,1.067114737146895
2012-05-18,1.004946677436957,1.0670554244137491
2012-05-21,1.004457351968105,1.067574991677929
2012-05-22,1.004120447763688,1.0679330661173485
2012-05-23,1.0039359084938984,1.0681293329981238
2012-05-24,1.0035639345954044,1.068525091560727
2012-05-25,1.0029337546341393,1.0691960633619226
2012-05-28,1.0028838559682163,1.0692492587568578
2012-05-29,1.0026106332082785,1.0695405619140483
2012-05-30,1.00285463881454,1.0692802675539175
2012-05-31,1.0032894152171814,1.0688166930635088
2012-06-01,1.0025614675655055,1.0695921847511385
2012-06-04,1.0024448196378875,1.0697166316960731
2012-06-05,1.002103072292511,1.0700813129354048
2012-06-06,1.001973038768056,1.0702201673590879
2012-06-07,1.0018609836818417,1.070339854824201
2012-06-08,1.0017939898646975,1.0704114277806132
2012-06-11,1.0016377840163502,1.070578332879714
2012-06-12,1.0006290728945657,1.071656471392807
2012-06-13,1.0006626138125219,1.0716205496484184
2012-06-14,1.0007923001524581,1.071481667127011
2012-06-15,1.000305612744207,1.0720027309236482
2012-06-18,1.000077136946954,1.0722475827724076
2012-06-19,1.0004488104496416,1.0718490874962794
2012-06-20,1.0001515341025988,1.0721675799348571
2012-06-21,1.0001515341025988,1.0716678043168433
2012-06-22,1.0001515341025988,1.0709755576566724
2012-06-25,1.0001515341025988,1.0718966834423473
2012-06-26,1.0001515341025988,1.0729233151998643
2012-06-27,1.0001515341025988,1.073002568591018
2012-06-28,1.000030261427033,1.0728724624141588
2012-06-29,1.000635244348616,1.0735215122897805
2012-07-02,1.0004626499159954,1.0733363460792498
2012-07-03,1.0011224310524187,1.0740441856715024
2012-07-04,1.001111932843353,1.0740329227729226
2012-07-05,1.0016920804867628,1.0746553283687899
2012-07-06,1.0011425976352606,1.0740658211881728
2012-07-10,1.0014231522623362,1.073477051938122
2012-07-11,1.0020055318182453,1.0741013345776573
2012-07-12,1.0020055318182453,1.0736418089915232
2012-07-13,1.0020055318182453,1.074031510319182
2012-07-16,1.0020055318182453,1.0744936680734212
2012-07-17,1.0020055318182453,1.0748535022543293
2012-07-18,1.0020055318182453,1.075876218506062
2012-07-19,1.0023562456941677,1.07625278800256
2012-07-20,1.0029215411665697,1.0768597586587827
2012-07-23,1.0031713229042654,1.0771279550138628
2012-07-24,1.0029812896651902,1.0769239119860008
2012-07-25,1.0038023031999501,1.0778054529646388
2012-07-26,1.0034317368592613,1.077407567423426
2012-07-27,1.0033107523126896,1.0772776635533077
2012-07-30,1.0036354886312766,1.077626340353344
2012-07-31,1.003347072294922,1.077316661147532
2012-08-01,1.0033930169740592,1.0773659929985857
2012-08-02,1.0033930169740592,1.077268699567136
2012-08-03,1.0033930169740592,1.0765907843054414
2012-08-06,1.0033930169740592,1.0769580308454705
2012-08-07,1.0033930169740592,1.0772552398462907
2012-08-08,1.0033930169740592,1.0778626296091605
2012-08-09,1.0033930169740592,1.0782831668900739
2012-08-10,1.0033930169740592,1.0770772147127892
2012-08-13,1.0033930169740592,1.0768450223743202
2012-08-14,1.0033930169740592,1.0778845846531147
2012-08-15,1.0033930169740592,1.0782202845347073
2012-08-16,1.0031456382584762,1.078486111328986
2012-08-17,1.0035172584174656,1.0780865809269442
2012-08-20,1.0035427335357456,1.0780592128045379
2012-08-21,1.003369077187674,1.078245763730218
2012-08-22,1.0030416704944085,1.0785976032357965
2012-08-23,1.0030416704944085,1.0782736068727663
2012-08-24,1.0030416704944085,1.0788010883221484
2012-08-27,1.0030416704944085,1.079973507883902
2012-08-28,1.0030416704944085,1.0803129152664381
2012-08-29,1.0030416704944085,1.0806526819562634
2012-08-30,1.003383239431369,1.0810206800152249
2012-08-31,1.0019348267360866,1.079460195431404
2012-09-03,1.0014860700153392,1.0789767158631198
2012-09-04,1.002137194426738,1.0796782214557226
2012-09-06,1.002137194426738,1.079285874708897
2012-09-07,1.002137194426738,1.0797219105269338
2012-09-10,1.002137194426738,1.0796573388825519
2012-09-11,1.002137194426738,1.0790881549905755
2012-09-12,1.002137194426738,1.0801828293622138
2012-09-13,1.0020293516108325,1.0802990708894809
2012-09-14,1.0010631606247837,1.0813407322169184
2012-09-17,1.000900646064943,1.0815162791954172
2012-09-18,1.0004157911320586,1.0820401858439184
2012-09-19,0.999868114699767,1.0826325474537932
2012-09-20,0.9995487557434907,1.0829783414593253
2012-09-21,0.999783734817681,1.0827237493280437
2012-09-24,0.9998813696600523,1.0826180148987707
2012-09-25,0.998907534995247,1.0836724309361547
2012-09-26,0.9989250214418839,1.0836534606316255
2012-09-27,0.9989250214418839,1.0844782300843387
2012-09-28,0.9989250214418839,1.0855081612085644
2012-10-01,0.9989250214418839,1.0855940923144443
2012-10-02,0.9989250214418839,1.0862383525034767
2012-10-03,0.9989250214418839,1.0851930959366094
2012-10-04,0.9987814687688731,1.0853490459491835
2012-10-05,0.9980604075062304,1.086132603892489
2012-10-08,0.997492752376061,1.0867503508144256
2012-10-09,0.9978733037390691,1.0863357469726767
2012-10-10,0.9985390685247209,1.085610961488368
2012-10-11,0.9989648331142237,1.086073852445715
2012-10-12,0.9998666473139973,1.0870543041990415
2012-10-15,0.9990742883419133,1.0861928520910142
2012-10-16,0.9987321782605743,1.085820910255142
2012-10-17,0.9994695915275441,1.0866226254318472
2012-10-18,0.9995992513876041,1.086481659324678
2012-10-19,0.9986457175402792,1.087518071702164
2012-10-22,0.9984447067044268,1.0877369710703364
2012-10-23,0.998274484670643,1.087922416291483
2012-10-24,0.9985792869722514,1.0875902418629575
2012-10-25,0.9988677456313783,1.0879044130328788
2012-10-26,0.9985726976108823,1.087583065141771
2012-10-29,0.9988477735604165,1.0878826606995677
2012-10-30,0.9986654510992038,1.087684086452861
2012-10-31,0.999497914392415,1.088590753520982
2012-11-01,0.9992863484238201,1.088821177970954
2012-11-05,0.9996467394548194,1.0886895892150419
2012-11-06,0.9997168898241002,1.088613190249586
2012-11-07,0.9993797167741844,1.0889803452244307
2012-11-08,0.9994938141895316,1.089104672185113
2012-11-09,1.000203446922181,1.0898779279208584
2012-11-12,1.000203446922181,1.0900944852483527
2012-11-13,1.000203446922181,1.090225685950966
2012-11-14,1.000203446922181,1.0890520220838424
2012-11-15,0.9995125543559367,1.0898042869841746
2012-11-16,1.000046777715022,1.0892218041485155
2012-11-19,1.0004287992303498,1.0888057174479517
2012-11-20,1.0003491577885542,1.0888923943381408
2012-11-21,1.0007750346204962,1.0884288221547527
2012-11-22,1.0007750346204962,1.0884495603007058
2012-11-23,1.0007750346204962,1.0887136655037835
2012-11-26,1.0007750346204962,1.089273219511358
2012-11-27,1.0007750346204962,1.0891164827923197
2012-11-28,1.0007750346204962,1.0888640426098346
2012-11-29,1.0001133627004888,1.089583955414188
2012-11-30,0.9991927597056267,1.0905869159683792
2012-12-03,0.9988096024361397,1.091005119864276
2012-12-04,0.9979324441005185,1.09196324464878
2012-12-05,0.997937803478263,1.091957380280359
2012-12-06,0.9976477650937109,1.0916400162588014
2012-12-07,0.998005877718304,1.0920318680576138
2012-12-10,0.9979926862849271,1.0920174338083228
2012-12-11,0.9979278224585313,1.0919464589101886
2012-12-12,0.9979527555842717,1.0919737410820543
2012-12-13,0.9970380618864172,1.0929746116078394
2012-12-14,0.9965824679861268,1.093474043460299
2012-12-17,0.9965292521909489,1.0935324330994893
2012-12-18,0.9970776367304275,1.0929306682457114
2012-12-19,0.996516750941472,1.0935454742122184
2012-12-20,0.9972392118154335,1.0943382795697496
2012-12-21,0.9969513079795106,1.0940223431477232
2012-12-24,0.9971222823132545,1.0942099648898518
2012-12-25,0.9978764851037976,1.0950376028070843
2012-12-26,0.9984320194591778,1.09564722836483
2012-12-27,0.9984320194591778,1.0958314561182159
2012-12-28,0.9984320194591778,1.0967192948893711
2012-12-31,0.9984320194591778,1.0978804261854973
2013-01-02,0.9984320194591778,1.0971877341946188
2013-01-03,0.9984320194591778,1.0968271886184844
2013-01-04,0.9984320194591778,1.097578036287336
2013-01-07,0.9984320194591778,1.0975436469916369
2013-01-08,0.9984320194591778,1.0973424835484784
2013-01-09,0.9984320194591778,1.0973982515414618
2013-01-10,0.9987645014150277,1.097032813424587
2013-01-11,0.9982614684273152,1.0975853397638529
2013-01-14,0.9978451996867738,1.098043025932728
2013-01-15,0.9982671671254951,1.097578686971731
2013-01-16,0.9985980362134527,1.097214901733591
2013-01-17,0.9985155675957283,1.0971242889013892
2013-01-18,0.998412820071138,1.0970113945124476
2013-01-21,0.9986616203802642,1.097284765174946
2013-01-22,0.9983327724466377,1.096923441759423
2013-01-23,0.9985804402692768,1.0971955680963723
2013-01-24,0.9985804402692768,1.0977181461452754
2013-01-25,0.9985804402692768,1.0974689421804427
2013-01-28,0.9985804402692768,1.0972463561568597
2013-01-29,0.9985804402692768,1.0982815683511087
2013-01-30,0.9985804402692768,1.0988110718868527
2013-01-31,0.9987566091403041,1.0990049233766277
2013-02-01,0.9991833235450884,1.0994744684363968
2013-02-04,0.9992247661424497,1.0995200707564423
2013-02-05,0.9993680821028241,1.0996777717865116
2013-02-06,0.9986449088612864,1.098882011392407
2013-02-07,0.9983386398221779,1.098545001175125
2013-02-08,0.9983445245710189,1.0985514765945514
2013-02-11,0.9984640162801646,1.09868296205903
2013-02-12,0.9993969148741519,1.0997094985929767
2013-02-13,0.999457203279833,1.0997758383338703
2013-02-14,1.0000075537470414,1.0991702474746867
2013-02-15,0.999338156509432,1.0999060234441431
2013-02-18,0.9986270030965961,1.1006887434046249
2013-02-19,0.9982253107528277,1.1011314895347883
2013-02-20,0.9972909639977727,1.1021621572838955
2013-02-21,0.9967838649227772,1.1027225809021075
2013-02-22,0.9963257944011182,1.1032293354009055
2013-02-25,0.995565291522672,1.1040714385461554
2013-02-26,0.9950649050423117,1.1046263618906156
2013-02-27,0.9953857631245212,1.1042701757823141
2013-03-01,0.9953857631245212,1.1037771056794001
2013-03-04,0.9953857631245212,1.1037986410396714
2013-03-05,0.9953857631245212,1.1036418901172855
2013-03-06,0.9953857631245212,1.1043997481069947
2013-03-07,0.9953857631245212,1.104102406581371
2013-03-08,0.9953857631245212,1.1052283954930442
2013-03-11,0.9953857631245212,1.1052330356328863
2013-03-12,0.9953857631245212,1.1054312538741935
2013-03-13,0.9953857631245212,1.1052704998565293
2013-03-14,0.9942587375242483,1.1065219424576918
2013-03-15,0.993546830241446,1.1073142322306515
2013-03-18,0.993747830982779,1.1070902156319444
2013-03-19,0.9928917422298191,1.108043945997501
2013-03-20,0.99290734283948,1.108026536082247
2013-03-21,0.9918709170140707,1.10918312670021
2013-03-22,0.9922926397614666,1.1087115252573878
2013-03-25,0.9916666522986498,1.1094109555331766
2013-03-26,0.9915284839262336,1.1095655291549793
2013-03-27,0.9917967730662582,1.1092653013890161
2013-03-28,0.9921992442094871,1.1097154412625447
2013-03-29,0.9915414124847209,1.1089796958696856
2013-04-01,0.9916733156093184,1.109127221616123
2013-04-02,0.9923014625900085,1.1098297664002703
2013-04-03,0.9926934429788682,1.1102681729932287
2013-04-04,0.9926934429788682,1.111415959246381
2013-04-05,0.9926934429788682,1.1111668828941217
2013-04-08,0.9926934429788682,1.1116388013974958
2013-04-09,0.9926934429788682,1.111528135306228
2013-04-10,0.9926934429788682,1.111554877955896
2013-04-11,0.9924626637536351,1.1112964660812603
2013-04-12,0.9926026053853585,1.1114531638054888
2013-04-15,0.9930776281450225,1.1119850640304567
2013-04-16,0.992725015405949,1.1115902307484211
2013-04-17,0.9926667396018144,1.1115249772154085
2013-04-18,0.9926667396018144,1.1115739254045798
2013-04-19,0.9926667396018144,1.111505991545248
2013-04-22,0.9926667396018144,1.1123027563334147
2013-04-23,0.9926667396018144,1.1120745862657
2013-04-24,0.9926667396018144,1.1120635224703717
2013-04-25,0.9926667396018144,1.1129377792005202
2013-04-26,0.9926667396018144,1.1127277486818505
2013-04-30,0.9926667396018144,1.113055058540232
2013-05-01,0.9926667396018144,1.1132966987035002
2013-05-02,0.9926667396018144,1.1129897806733537
2013-05-03,0.9926667396018144,1.1129177801643975
2013-05-06,0.9926667396018144,1.1136899146174413
2013-05-07,0.9926667396018144,1.1132960546029922
2013-05-08,0.9926667396018144,1.113188939880658
2013-05-09,0.9930007501871776,1.1135635035429587
2013-05-10,0.9924146476470516,1.1129062407988015
2013-05-13,0.9921472344005144,1.1126063602280651
2013-05-14,0.9921661090193321,1.112627526462486
2013-05-15,0.9924898183216284,1.1129905381366731
2013-05-16,0.9924898183216284,1.1127510827087739
2013-05-17,0.9924898183216284,1.1133711347914788
2013-05-20,0.9924898183216284,1.113700428133567
2013-05-21,0.9924898183216284,1.1141827829636608
2013-05-22,0.9924898183216284,1.1133470404344283
2013-05-23,0.9924898183216284,1.1140046210967454
2013-05-24,0.9924898183216284,1.1134312483274704
2013-05-27,0.9927314591882357,1.1131601619276035
2013-05-28,0.9914494607796601,1.1145976801435042
2013-05-29,0.9913275610565262,1.114734721065901
2013-05-30,0.9913275610565262,1.1157537563264168
2013-05-31,0.9913275610565262,1.1154696823263683
2013-06-03,0.9913275610565262,1.1151744666046095
2013-06-04,0.9913275610565262,1.11561221036005
2013-06-05,0.9913275610565262,1.1159844894591464
2013-06-06,0.9919798583419965,1.115250167443197
2013-06-07,0.9914449546096399,1.1158515420296466
2013-06-10,0.9907838432491435,1.1165956096933463
2013-06-11,0.9909644130159077,1.116392110806898
2013-06-12,0.9912465285981675,1.1160742874761769
2013-06-13,0.9915629350172332,1.1164305389822589
2013-06-14,0.9912767331831064,1.1161082957270425
2013-06-17,0.9910444780354146,1.1158467926690299
2013-06-18,0.9911336344962485,1.1159471766104896
2013-06-19,0.9917396275604414,1.116629482432323
2013-06-20,0.9922258687876758,1.1160820088063679
2013-06-21,0.9926389118129922,1.1156174070418705
2013-06-24,0.9923867521763162,1.1159008068529006
2013-06-25,0.9917313884160524,1.1166377382430634
2013-06-27,0.9917313884160524,1.1167422492341064
2013-06-28,0.9917313884160524,1.1171813496156455
2013-07-01,0.9917313884160524,1.1175933603391246
2013-07-02,0.9917313884160524,1.1173949513989414
2013-07-03,0.9917313884160524,1.117539921581433
2013-07-04,0.9918233006132819,1.1176434935273087
2013-07-05,0.9921291429305154,1.1179881342266045
2013-07-08,0.9923488867233077,1.1182357541606245
2013-07-09,0.9924622305497977,1.1183634764979902
2013-07-10,0.9933762910704838,1.119393492422201
2013-07-11,0.9939748242334093,1.1200679539868674
2013-07-12,0.9944400784961751,1.1205922292275223
2013-07-15,0.9952005250563987,1.121449144113151
2013-07-16,0.9948971236156106,1.121107253933707
2013-07-17,0.9951311751454491,1.121370996648072
2013-07-18,0.9945832199195508,1.120753529209476
2013-07-19,0.994175322405984,1.1202938868500132
2013-07-22,0.9951897098263364,1.121436956890384
2013-07-23,0.9954836645177221,1.1217682019297128
2013-07-24,0.9956617681810341,1.1219688993728472
2013-07-25,0.9956617681810341,1.1225023985312947
2013-07-26,0.9956617681810341,1.1226286090189446
2013-07-29,0.9956617681810341,1.12307711686199
2013-07-30,0.9956617681810341,1.1234335599637915
2013-07-31,0.9956617681810341,1.1234573818291103
2013-08-01,0.9956617681810341,1.123152843440184
2013-08-02,0.9956617681810341,1.12353149443732
2013-08-05,0.9956617681810341,1.123101773882425
2013-08-06,0.9956617681810341,1.123299349604716
2013-08-07,0.9956617681810341,1.1235171339073753
2013-08-08,0.9957241229372891,1.1234467720241819
2013-08-09,0.9954572190288619,1.1237479119960434
2013-08-12,0.9952993423200994,1.123926135247061
2013-08-13,0.9947705120533481,1.124523308512067
2013-08-14,0.9943730309443157,1.1249726350314844
2013-08-15,0.9937367506297751,1.1256924835388273
2013-08-16,0.9930502237722906,1.1264701725220798
2013-08-19,0.9927967831461648,1.1267576638281602
2013-08-20,0.9921891931325928,1.127447237682427
2013-08-21,0.9922217515640273,1.127410240793287
2013-08-22,0.9923849877856454,1.1272247639201682
2013-08-26,0.9923294682600714,1.1276969940811874
2013-08-27,0.9922226329291649,1.1278184032354839
2013-08-28,0.9925409189309784,1.127456620709643
2013-08-29,0.9927128615595153,1.1276519354329242
2013-08-30,0.9927775145809793,1.1277253767144957
2013-09-02,0.9934345141308429,1.128471681958107
2013-09-03,0.9938791410201747,1.1289767468078893
2013-09-04,0.9941299847391175,1.1292616876161636
2013-09-05,0.9940110212660267,1.1293968217479669
2013-09-06,0.9938301111054915,1.1296023721452555
2013-09-09,0.9934907769770597,1.129988064460414
2013-09-10,0.9929162058025351,1.130641576887949
2013-09-11,0.9930765145516209,1.130459032040966
2013-09-12,0.9928962662119616,1.1302538480892839
2013-09-13,0.9928599399191669,1.130212496405714
2013-09-16,0.9926479129199695,1.1299711375247345
2013-09-17,0.9929347720194632,1.130297680802311
2013-09-18,0.9931267012680121,1.1305161616034938
2013-09-19,0.9931267012680121,1.1309536598710928
2013-09-20,0.9931267012680121,1.1305554319844637
2013-09-23,0.9931267012680121,1.1315574852101389
2013-09-24,0.9931267012680121,1.1315814136889073
2013-09-25,0.9931267012680121,1.1317284288149116
2013-09-26,0.9929081857726664,1.1319774405451408
2013-09-27,0.9941213991319924,1.130594301426133
2013-09-30,0.9942576514837534,1.13043934436295
2013-10-01,0.9936662751170114,1.131111720493316
2013-10-02,0.9934031820480028,1.1314112049997225
2013-10-03,0.9925702058124115,1.1323599020277544
2013-10-04,0.992263004484285,1.1327103683864899
2013-10-07,0.9917862013184842,1.1332546594536177
2013-10-08,0.9919088279929076,1.133114541301158
2013-10-09,0.9918012041420988,1.133237486219986
2013-10-10,0.9917868265799876,1.1332539141011753
2013-10-11,0.9913264913836626,1.133779910866864
2013-10-14,0.9919802978705451,1.1330321525179599
2013-10-15,0.9917299748077403,1.133318069566195
2013-10-16,0.9924647986320974,1.1324783358289416
2013-10-17,0.9925696386666192,1.1323587053211521
2013-10-18,0.9922386725213216,1.1327362832574446
2013-10-21,0.9925294357382606,1.1324043489610052
2013-10-23,0.9914610787730672,1.1337076407586715
2013-10-24,0.9914610787730672,1.1338063727838303
2013-10-25,0.9914610787730672,1.1335597286892487
2013-10-28,0.9914610787730672,1.1334485211079754
2013-10-29,0.9914610787730672,1.1342234674411211
2013-10-30,0.9914610787730672,1.1343470461507106
2013-10-31,0.9908821885027151,1.1336847282016975
2013-11-01,0.9909441956738452,1.1337556716334847
2013-11-04,0.9910724733133207,1.1339024362060348
2013-11-05,0.9906615812621701,1.1334323278029028
2013-11-06,0.9912970029373808,1.1341593242687926
2013-11-07,0.9912970029373808,1.1342633412832024
2013-11-08,0.9912970029373808,1.1347711392623692
2013-11-11,0.9912970029373808,1.134100570043416
2013-11-12,0.9912970029373808,1.134255836937674
2013-11-13,0.9912970029373808,1.1345709211264932
2013-11-14,0.9912970029373808,1.134773805079253
2013-11-15,0.9912970029373808,1.1336504222590547
2013-11-18,0.9912970029373808,1.1332897014060028
2013-11-19,0.9912970029373808,1.1327223613125488
2013-11-20,0.9912970029373808,1.1330191522131048
2013-11-21,0.9914252521307455,1.1331657367300634
2013-11-22,0.9927858359495525,1.1347208382993526
2013-11-25,0.9925230836028943,1.1344205211994616
2013-11-26,0.9933393868812244,1.1353535284068088
2013-11-27,0.9938284310216304,1.1359124894202244
2013-11-28,0.9938284310216304,1.1363708747331627
2013-11-29,0.9938284310216304,1.136427209540153
2013-12-02,0.9938284310216304,1.137071048657634
2013-12-03,0.9938284310216304,1.137716018520478
2013-12-04,0.9938284310216304,1.1377216136026616
2013-12-05,0.993901276226181,1.137805005827192
2013-12-06,0.9937903544674588,1.1376780240681903
2013-12-09,0.9941557163894649,1.1380962855532502
2013-12-10,0.9940965127182702,1.1380285099752727
2013-12-11,0.9937264318163598,1.1376048462645736
2013-12-12,0.9942940674599292,1.1382546680247303
2013-12-13,0.9946767448324757,1.1386927520080343
2013-12-16,0.9949852471394022,1.1390459213594843
2013-12-17,0.9943489064055078,1.138317446922681
2013-12-18,0.9945492738007679,1.1385468248606962
2013-12-20,0.9948771727750829,1.1384208258759454
2013-12-23,0.9938265577837345,1.1396230265283058
2013-12-24,0.9936242643091694,1.1398549968856335
2013-12-25,0.9936081053869927,1.1398735339009307
2013-12-26,0.9929929887525845,1.1405791996136225
2013-12-27,0.9925401433609266,1.1410993503500488
2013-12-30,0.9920645517356128,1.141646126516542
2013-12-31,0.9922299389125873,1.1414558025808283
2014-01-01,0.9928040428326037,1.1407953566246163
2014-01-02,0.9927895161887127,1.1407786645814908
2014-01-03,0.9926881847935737,1.1406622283261296
2014-01-06,0.994001833499003,1.1421716947250717
2014-01-07,0.9943892842144799,1.1426169003830544
2014-01-08,0.994633708284766,1.142897759276048
2014-01-09,0.9951744700068496,1.1435191290881945
2014-01-10,0.9954504898812438,1.1438362935813473
2014-01-13,0.9958031676750461,1.144241542927841
2014-01-14,0.9956206759184394,1.1440318482251832
2014-01-15,0.9955241427228845,1.1439209254080933
2014-01-16,0.9943527792912464,1.1452668969252118
2014-01-17,0.9943527792912464,1.1459528332883508
2014-01-20,0.9943527792912464,1.1459707591548738
2014-01-21,0.9943527792912464,1.1461316488761202
2014-01-22,0.9943527792912464,1.1475603349290981
2014-01-23,0.9944579433676936,1.147681702441015
2014-01-24,0.9941046098858577,1.1472739281608988
2014-01-27,0.9933599763258081,1.1464145631997236
2014-01-28,0.9932458392023334,1.1462828400946343
2014-01-29,0.9930281110333482,1.1460315648775004
2014-01-30,0.9931288711961107,1.1459152798240109
2014-01-31,0.9923797232643397,1.1467796792859166
2014-02-03,0.9925264797838581,1.1466100895709708
2014-02-04,0.9924283991166347,1.1467233966563946
2014-02-05,0.9928407320252116,1.1462469574554432
2014-02-06,0.994123633062548,1.1447658322725915
2014-02-07,0.9932329663548258,1.145791464076356
2014-02-10,0.9934872742347175,1.1454980950401905
2014-02-11,0.9931890281671815,1.1458419749378759
2014-02-12,0.9931883324646659,1.1458427775697233
2014-02-13,0.9926628345687382,1.146449045232154
2014-02-14,0.9923119349536349,1.1468543072352213
2014-02-18,0.9925521078572017,1.1473175193527896
2014-02-19,0.9917343202668547,1.1482628218936708
2014-02-20,0.9916195999977002,1.1481299949688626
2014-02-21,0.992177440716458,1.148775881417277
2014-02-24,0.9929252526466997,1.1496417228222957
2014-02-25,0.9932099568570663,1.149971362780619
2014-02-26,0.9928483925188342,1.1495527316222227
2014-02-27,0.9930671448125034,1.1498060102684198
2014-02-28,0.9931537898042673,1.149906330707788
2014-03-03,0.9936951624110434,1.1505331498310643
2014-03-04,0.9933304427265369,1.1501108653083114
2014-03-05,0.9932132781990632,1.1499752083403176
2014-03-06,0.9932132781990632,1.1494563148059542
2014-03-07,0.9932132781990632,1.1504005213453752
2014-03-10,0.9932132781990632,1.1506243609431956
2014-03-11,0.9932132781990632,1.1509304111912808
2014-03-12,0.9932132781990632,1.150658121628706
2014-03-13,0.9937895427810199,1.1513257360635811
2014-03-14,0.9937546500969053,1.1512853121674824
2014-03-17,0.9942712150023376,1.1518837632925638
2014-03-18,0.9947083330811975,1.1523901736261661
2014-03-19,0.9949012141913872,1.1526136303809438
2014-03-20,0.9949012141913872,1.1525199080731616
2014-03-21,0.9949012141913872,1.1528141128501381
2014-03-24,0.9949012141913872,1.1527878069379043
2014-03-25,0.9949012141913872,1.1520087959643004
2014-03-26,0.9949012141913872,1.1520101041584874
2014-03-27,0.9948743806966296,1.1520411750393444
2014-03-28,0.9945180223089881,1.1524538296855986
2014-03-31,0.9938977432896118,1.153172612970887
2014-04-01,0.9939835966126713,1.1530730014147152
2014-04-02,0.9940140000323929,1.1530377318563934
2014-04-03,0.9937925530826447,1.1527808575179475
2014-04-04,0.9942572445028689,1.1533198909130213
2014-04-07,0.9947416480090188,1.153881789960737
2014-04-08,0.995716916865508,1.1550130836751111
2014-04-09,0.9962464653702449,1.1556273500806042
2014-04-10,0.9962654073258237,1.1556053777648252
2014-04-11,0.9952352524031414,1.1568002928545482
2014-04-14,0.9950428059396729,1.1570239807964309
2014-04-15,0.9947106931994875,1.1574101575542837
2014-04-17,0.9952311940754953,1.1580947169931757
2014-04-18,0.9951808150255348,1.1580360937185499
2014-04-21,0.9966708421378878,1.159769954692025
2014-04-22,0.9968535926551096,1.1599826112182496
2014-04-23,0.9981255622911708,1.1614627309376344
2014-04-24,0.998792423914206,1.16068674147187
2014-04-25,0.998792423914206,1.1601789673249645
2014-04-28,0.998792423914206,1.160126609369061
2014-04-29,0.998792423914206,1.1594099976760066
2014-04-30,0.998792423914206,1.1601969891481507
2014-05-01,0.998792423914206,1.1594042162338087
2014-05-02,0.998792423914206,1.1591454174052223
2014-05-05,0.998792423914206,1.1596666256374615
2014-05-06,0.998792423914206,1.1592576539124841
2014-05-07,0.998792423914206,1.1600484250388832
2014-05-08,0.9994726132502758,1.16083843159995
2014-05-09,0.9999240991210703,1.1613628103004712
2014-05-12,1.0001770096378038,1.1616565534643035
2014-05-13,1.0006641962600782,1.1622223968370984
2014-05-14,1.00044534487185,1.1619682116809507
2014-05-15,1.000120706251018,1.1623452635205382
2014-05-16,1.000199946641611,1.1622531699441234
2014-05-19,0.9996236057832337,1.1629228900254593
2014-05-20,0.99862602106186,1.1640834409573435
2014-05-21,0.998407829923384,1.1643377831093673
2014-05-22,0.9994801807516588,1.1655883528151405
2014-05-23,0.9997532842194575,1.1659068445944776
2014-05-26,1.000290114704159,1.1665328933870944
2014-05-27,0.9992466354388893,1.1653159935411288
2014-05-28,0.9990966360634778,1.1651410650850411
2014-05-29,0.9990966360634778,1.16542259632701
2014-05-30,0.9990966360634778,1.1649341037610517
2014-06-02,0.9990966360634778,1.1653379159477044
2014-06-03,0.9990966360634778,1.1653228550052435
2014-06-04,0.9990966360634778,1.1655250288388326
2014-06-05,0.9989010631807383,1.1652968776454775
2014-06-06,0.9986325323658789,1.1649836152698114
2014-06-09,0.998799883852775,1.1651788439789774
2014-06-10,0.9986866300862942,1.1650467245275862
2014-06-11,0.9997682656467936,1.1663085377219649
2014-06-12,1.0006306350994962,1.1673145597071766
2014-06-16,1.0003618361693147,1.1675564114276802
2014-06-17,1.0012120914141551,1.168548773317719
2014-06-18,1.0002286214078473,1.1674009319369354
2014-06-19,1.0007446256350312,1.1667986858075956
2014-06-20,1.0002232513684555,1.167406571969031
2014-06-23,0.9999202036986219,1.1677602728462098
2014-06-24,0.9996261854878079,1.1681036430319625
2014-06-25,0.9988019129487478,1.1690668388442624
2014-06-26,0.9988019129487478,1.1696682245156138
2014-06-27,0.9988019129487478,1.1698254744828183
2014-06-30,0.9988019129487478,1.1705706546394348
2014-07-01,0.9988019129487478,1.1706107332039961
2014-07-02,0.9988019129487478,1.1711463099925516
2014-07-03,0.9997158505861116,1.1722179486004534
2014-07-04,1.0003845671864924,1.1730020530047536
2014-07-07,1.0005888565656926,1.1732415927468378
2014-07-08,0.9994650520028294,1.1719238744386455
2014-07-09,0.9996746821210202,1.1721696764702592
2014-07-10,0.9988715671855259,1.1731113697940405
2014-07-11,0.9987558905594296,1.1732472246624253
2014-07-14,0.9979009592657804,1.1742515198831414
2014-07-15,0.9982780283038508,1.1738078146367
2014-07-16,0.9978010788926532,1.1743686272862595
2014-07-17,0.9979235130994524,1.1745127270416247
2014-07-18,0.997837819751242,1.174411869684548
2014-07-21,0.9985540134862573,1.1752547986723523
2014-07-22,0.9996309557351043,1.1765223130268654
2014-07-23,1.0000655512578742,1.1770338131227227
2014-07-24,0.9991990482751122,1.1760139766644029
2014-07-25,0.9997533705150783,1.1766663899176995
2014-07-28,1.0011747176773307,1.1783392539295166
2014-07-29,1.001121886098537,1.178277073450884
2014-07-30,1.0005583298576726,1.177613792178712
2014-07-31,1.0005583298576726,1.177302425086972
2014-08-01,1.0005583298576726,1.1772283295408623
2014-08-04,1.0005583298576726,1.1776749895232972
2014-08-05,1.0005583298576726,1.1770630185310744
2014-08-06,1.0005583298576726,1.1782870291661658
2014-08-07,1.0003086377557513,1.1785810739571587
2014-08-08,1.0007761792176637,1.1780302084567502
2014-08-11,1.0009800360144736,1.1777902452463658
2014-08-13,1.000844740203297,1.178242676424162
2014-08-14,1.000844740203297,1.179657074115303
2014-08-15,1.000844740203297,1.1799072419280374
2014-08-18,1.000844740203297,1.179378958961245
2014-08-19,1.000844740203297,1.1799974706587553
2014-08-20,1.000844740203297,1.180155076629302
2014-08-21,1.000726237806691,1.1800153434625784
2014-08-22,1.000868532497762,1.1801831315272993
2014-08-25,1.0007603723795653,1.1800555935511765
2014-08-26,1.0010447499559374,1.1803909199279399
2014-08-27,1.0012109477671556,1.180586893571758
2014-08-28,1.0012109477671556,1.180366001383564
2014-08-29,1.0012109477671556,1.1805712353238824
2014-09-01,1.0012109477671556,1.1808239180759503
2014-09-02,1.0012109477671556,1.1808249851661767
2014-09-03,1.0012109477671556,1.180263351699915
2014-09-04,1.0002770249541897,1.181364293386498
2014-09-05,1.0008362928831964,1.1807037772041984
2014-09-08,1.0003739880556892,1.1812491661553572
2014-09-09,1.0001141341775706,1.1815560035786756
2014-09-10,1.0007336024607363,1.1808241506391077
2014-09-11,1.0007336024607363,1.1819393955751138
2014-09-12,1.0007336024607363,1.1825986958712753
2014-09-15,1.0007336024607363,1.1827259403461892
2014-09-16,1.0007336024607363,1.1830483376968761
2014-09-17,1.0007336024607363,1.1820712286824113
2014-09-18,1.0002958132136779,1.1825883473960248
2014-09-19,1.0000172007985537,1.1829177337547532
2014-09-22,1.000038887855358,1.182892080191928
2014-09-23,0.9995181393311872,1.18350804554337
2014-09-24,0.9991227091700888,1.1839762659374726
2014-09-25,0.9991227091700888,1.1840076269833646
2014-09-26,0.9991227091700888,1.1842331929537773
2014-09-29,0.9991227091700888,1.1842446544761878
2014-09-30,0.9991227091700888,1.1844750694324546
2014-10-01,0.9991227091700888,1.185422842609819
2014-10-02,0.9990111039762171,1.1852904270967342
2014-10-03,0.9983483831675318,1.1845041329031603
2014-10-06,0.9986420365817759,1.1848525420243425
2014-10-07,0.9986701668267229,1.1848859175393043
2014-10-08,0.9987973472007392,1.1850368124385062
2014-10-10,0.9987973472007392,1.184391008179405
2014-10-13,0.9987973472007392,1.18495592586751
2014-10-14,0.9987973472007392,1.1842841660433532
2014-10-15,0.9987973472007392,1.1850455399156643
2014-10-16,0.9990889135812677,1.1846996044365574
2014-10-17,0.9990484089775515,1.1847476339836258
2014-10-20,0.9987797877628651,1.1850661854628912
2014-10-21,0.9984268398596658,1.1854849630857827
2014-10-22,0.997801913788871,1.1862269708427775
2014-10-23,0.9979157756850687,1.186091607249709
2014-10-24,0.9974943311359694,1.1865925231133394
2014-10-27,0.9964521090624703,1.1878323225600484
2014-10-28,0.9956503964002267,1.188788013460753
2014-10-29,0.9954088240288507,1.1890764463690444
2014-10-30,0.9954088240288507,1.189093317303798
2014-10-31,0.9954088240288507,1.1889324839966193
2014-11-03,0.9954088240288507,1.188422450955602
2014-11-04,0.9954088240288507,1.1896435209949179
2014-11-05,0.9954088240288507,1.190103028862418
2014-11-06,0.9954088240288507,1.1911292777282518
2014-11-07,0.9954088240288507,1.1908957556888817
2014-11-10,0.9954088240288507,1.1914050619199867
2014-11-11,0.9954088240288507,1.1910336669652337
2014-11-12,0.9954088240288507,1.1915435329182231
2014-11-13,0.9956717057217684,1.1912288531870843
2014-11-14,0.995456652114435,1.1914861448832985
2014-11-17,0.9958899996505065,1.1909674607356244
2014-11-18,0.9956290120534811,1.1912795712456425
2014-11-19,0.9955313955305958,1.1913963703426167
2014-11-20,0.9948273282102752,1.192238958787012
2014-11-21,0.9945418250750635,1.1925811166178262
2014-11-24,0.9951341806984204,1.1918708074956488
2014-11-25,0.9953367211295909,1.191628225106327
2014-11-26,0.9950225528590719,1.1920043508642097
2014-11-27,0.9950225528590719,1.1921899897332036
2014-11-28,0.9950225528590719,1.1933099249854993
2014-12-01,0.9950225528590719,1.1937819250842965
2014-12-02,0.9950225528590719,1.1942464328562636
2014-12-03,0.9950225528590719,1.1958584357562627
2014-12-04,0.9950225528590719,1.1964783490591613
2014-12-05,0.9950225528590719,1.1968612941961425
2014-12-09,0.9950225528590719,1.1980847320369548
2014-12-10,0.9950225528590719,1.197943547330247
2014-12-11,0.9950225528590719,1.1981871024048945
2014-12-12,0.9950225528590719,1.1983246133245022
2014-12-15,0.9950225528590719,1.1989104619210569
2014-12-16,0.9950225528590719,1.1988158704964094
2014-12-17,0.9950225528590719,1.1986449963137562
2014-12-18,0.994779157223822,1.198938200683324
2014-12-19,0.9942313648222566,1.1995984168041702
2014-12-22,0.9941962315471531,1.1996408071598585
2014-12-23,0.9936274044353433,1.2003271789181622
2014-12-24,0.9930850337275345,1.200982376529184
2014-12-25,0.9933095628117988,1.2007108434136284
2014-12-26,0.9923316749507816,1.2018929125311775
2014-12-29,0.9927692299003186,1.2013629544476387
2014-12-30,0.9925386058026752,1.2016420356670874
2014-12-31,0.9920313057965341,1.2022562112855564
2015-01-01,0.9920313057965341,1.2023955501456958
2015-01-02,0.9920313057965341,1.2030428238092066
2015-01-05,0.9920313057965341,1.2036698701736173
2015-01-06,0.9920313057965341,1.2027132875999067
2015-01-07,0.9920313057965341,1.2030219781175562
2015-01-08,0.9919668460186534,1.2029438086797148
2015-01-09,0.991628614683548,1.202533640444658
2015-01-12,0.9924640992695772,1.2035468204859519
2015-01-13,0.9925925103613261,1.2037025427547001
2015-01-14,0.9931404199118168,1.2043669847208047
2015-01-15,0.9927512203907584,1.2038950081057824
2015-01-16,0.9940192203253598,1.2054326932379593
2015-01-19,0.9943352625510685,1.2058159530618369
2015-01-20,0.9945058444923649,1.2060228153082704
2015-01-21,0.9944268375029401,1.205927004677953
2015-01-22,0.9945421401625962,1.2060668305412008
2015-01-23,0.9952541245131415,1.2069302436379217
2015-01-26,0.9956441482250543,1.2074032197372406
2015-01-27,0.995565083324728,1.2073073388792128
2015-01-28,0.9963454886255421,1.2082537250700849
2015-01-29,0.9963454886255421,1.2079096110143788
2015-01-30,0.9963454886255421,1.2077773867352488
2015-02-02,0.9963454886255421,1.2093340171355575
2015-02-03,0.9963454886255421,1.2097810498659682
2015-02-05,0.9956712869623778,1.210821946332997
2015-02-06,0.9953013568570254,1.2112718131675992
2015-02-09,0.9954706449118293,1.2110657912952514
2015-02-10,0.9962021212204851,1.2101758947030374
2015-02-11,0.9962356494598781,1.2101351649492649
2015-02-12,0.9962356494598781,1.2104285711829592
2015-02-13,0.9962356494598781,1.2103737052232715
2015-02-16,0.9962356494598781,1.2105832235301697
2015-02-17,0.9962356494598781,1.211264556000625
2015-02-18,0.9962356494598781,1.2118941068716982
2015-02-19,0.9967282374253977,1.2124933269988367
2015-02-20,0.9966570356532992,1.2124067119413935
2015-02-23,0.9963000078037172,1.211972397081117
2015-02-24,0.9960916164515892,1.211718894557187
2015-02-25,0.9959917062968403,1.2115973565176454
2015-02-26,0.9959917062968403,1.211804450028542
2015-02-27,0.9959917062968403,1.2114462224837863
2015-03-02,0.9959917062968403,1.2123154973933603
2015-03-03,0.9959917062968403,1.2115508184663377
2015-03-04,0.9959917062968403,1.2118989961005497
2015-03-05,0.9964642629744751,1.2124739918154794
2015-03-06,0.9970333144678807,1.213166400124934
2015-03-09,0.9968401382319396,1.2129313478800938
2015-03-10,0.9963722478784264,1.2123620300372615
2015-03-11,0.9962282085058808,1.2121867663579724
2015-03-12,0.9962282085058808,1.2118086853613308
2015-03-13,0.9962282085058808,1.2121998861377765
2015-03-16,0.9962282085058808,1.2127376461227857
2015-03-17,0.9962282085058808,1.2132750584650271
2015-03-18,0.9962282085058808,1.213764553328409
2015-03-19,0.9958103409130973,1.21325544018769
2015-03-20,0.9963073770880012,1.2138610091584032
2015-03-23,0.9958686237266202,1.2133264496336367
2015-03-24,0.9953624126466544,1.2127097023260232
2015-03-25,0.994459536067908,1.2116096736599444
2015-03-26,0.994459536067908,1.2122774896443034
2015-03-27,0.994459536067908,1.2120445030696614
2015-03-30,0.994459536067908,1.2117810316742652
2015-03-31,0.994459536067908,1.21238814664938
2015-04-01,0.994459536067908,1.2136941051693906
2015-04-02,0.9934426386430226,1.214935183730541
2015-04-06,0.9927539684752079,1.2151204003962266
2015-04-07,0.9928150208436913,1.2150456729402883
2015-04-08,0.9926335045802517,1.2152678196099402
2015-04-09,0.9923517449536577,1.2156127741228446
2015-04-10,0.9920323843371812,1.2160039850487234
2015-04-13,0.9924275018987019,1.2155196616163864
2015-04-14,0.9930871736084633,1.214711699390538
2015-04-15,0.9923578262005246,1.2156038132481
2015-04-16,0.9923578262005246,1.2159664268812111
2015-04-17,0.9923578262005246,1.2166993443199503
2015-04-20,0.9923578262005246,1.2162904327877484
2015-04-21,0.9923578262005246,1.2158711444549621
2015-04-22,0.9923578262005246,1.2154249123622372
2015-04-23,0.9919477297392889,1.2149226323959816
2015-04-24,0.9927678202418532,1.215927066886134
2015-04-27,0.9920604520454086,1.215060692977981
2015-04-28,0.9916921787818844,1.2146096374340771
2015-04-29,0.9914898937311539,1.2143618817520387
2015-04-30,0.9920628716844073,1.2136601069887107
2015-05-01,0.9911137378135261,1.2148212490374244
2015-05-04,0.9905031962006078,1.2155695979871937
2015-05-05,0.989761617947585,1.216479680844433
2015-05-06,0.9894801111275257,1.2168256705458032
2015-05-07,0.9894801111275257,1.2178610054305532
2015-05-08,0.9894801111275257,1.2177957410969573
2015-05-11,0.9894801111275257,1.2177925419378426
2015-05-12,0.9894801111275257,1.2178378683249935
2015-05-13,0.9894801111275257,1.2182015918696243
2015-05-14,0.9885827411066486,1.2193063918303662
2015-05-15,0.9879548277362971,1.2200808528381804
2015-05-18,0.9882983484408882,1.2196566198444663
2015-05-19,0.9884141246516855,1.21951374070059
2015-05-20,0.9882413164080339,1.219726952979111
2015-05-21,0.9882413164080339,1.2201404693309705
2015-05-22,0.9882413164080339,1.221735006958993
2015-05-25,0.9882413164080339,1.2221947235258748
2015-05-26,0.9882413164080339,1.221354695824352
2015-05-27,0.9882413164080339,1.222241001195872
2015-05-28,0.9880081556324711,1.2219526316903353
2015-05-29,0.987890708682903,1.2218073751878553
2015-06-01,0.9883385447114371,1.2223612516012365
2015-06-03,0.9880691534251413,1.2219109775963017
2015-06-04,0.9875965522005167,1.2224954271992396
2015-06-05,0.988515587227921,1.2213578005885204
2015-06-08,0.987451371442794,1.2226726895669726
2015-06-09,0.9874113566456719,1.2227222363102703
2015-06-10,0.987134250462689,1.2230653799144753
2015-06-11,0.987134250462689,1.2234505156586577
2015-06-12,0.987134250462689,1.22367299098055
2015-06-15,0.987134250462689,1.2244264300683618
2015-06-16,0.987134250462689,1.224155340158411
2015-06-17,0.987134250462689,1.2256526888272377
2015-06-18,0.9871311472878989,1.225656541813317
2015-06-19,0.9871232695702024,1.225666323063008
2015-06-22,0.987302407330202,1.225443895807579
2015-06-23,0.9871354654755049,1.2256511047389809
2015-06-24,0.9871938542822305,1.2255786077940625
2015-06-25,0.9874606445791905,1.225909821850251
2015-06-26,0.9880942399100278,1.226696415972676
2015-06-29,0.9887403085064218,1.2274984953692134
2015-06-30,0.9880380910601444,1.226626708458827
2015-07-01,0.9877934853331017,1.2263230360391628
2015-07-02,0.9877934853331017,1.2271875788129074
2015-07-03,0.9877934853331017,1.2270184411031912
2015-07-06,0.9877934853331017,1.227570314656007
2015-07-07,0.9877934853331017,1.2273521346383178
2015-07-08,0.9877934853331017,1.227283842715504
2015-07-09,0.9877934853331017,1.2267741050906695
2015-07-10,0.9877934853331017,1.2278394026051007
2015-07-13,0.9877934853331017,1.2284490057618456
2015-07-14,0.9877934853331017,1.2290836454133813
2015-07-15,0.9877934853331017,1.2292542577358676
2015-07-16,0.9878995461809439,1.2293862445840549
2015-07-17,0.9886618134151451,1.2303348439189234
2015-07-20,0.9884966214358101,1.2301292716541166
2015-07-21,0.9885462501479508,1.2301910318363922
2015-07-22,0.9894290915600722,1.2312896790545298
2015-07-23,0.9894290915600722,1.2312502599488224
2015-07-24,0.9894290915600722,1.230995505255012
2015-07-27,0.9894290915600722,1.2315173159411115
2015-07-28,0.9894290915600722,1.2315846968332116
2015-07-29,0.9894290915600722,1.2315428583572994
2015-07-31,0.9898732040607846,1.2327845022112813
2015-08-03,0.9913658534379891,1.2346434423380614
2015-08-04,0.9917756438628016,1.2351537938485286
2015-08-05,0.9927908117591882,1.2364180802689244
2015-08-06,0.9924976859357254,1.236053022430324
2015-08-07,0.9924801298209143,1.2360311581085408
2015-08-10,0.9923853730468737,1.2359131483654366
2015-08-11,0.9926392860831795,1.2362293707409724
2015-08-12,0.9926474157150054,1.2362394953549962
2015-08-13,0.9926474157150054,1.235778481097529
2015-08-14,0.9926474157150054,1.2377520243910733
2015-08-17,0.9926474157150054,1.2371868620535171
2015-08-18,0.9926474157150054,1.2370282330736933
2015-08-19,0.9926474157150054,1.2379402061267746
2015-08-20,0.9922252270108602,1.2384667217486958
2015-08-21,0.9929686589303539,1.2375387916103417
2015-08-24,0.9924563007151247,1.2381773446611797
2015-08-25,0.9917792707566538,1.2390219996405794
2015-08-26,0.9925195015495356,1.2380972351650201
2015-08-27,0.9925195015495356,1.2375757416821178
2015-08-28,0.9925195015495356,1.2380385213513523
2015-08-31,0.9925195015495356,1.2381892813552149
2015-09-01,0.9925195015495356,1.2385698681451354
2015-09-02,0.9925195015495356,1.2385500633807143
2015-09-03,0.9925195015495356,1.2383761570650846
2015-09-04,0.9925195015495356,1.238495488756471
2015-09-07,0.9925195015495356,1.2387761259624368
2015-09-08,0.9925195015495356,1.2382276524563844
2015-09-09,0.9925195015495356,1.2387132593043488
2015-09-10,0.9925195015495356,1.2399877082316453
2015-09-11,0.9925195015495356,1.240267477135049
2015-09-14,0.9925195015495356,1.2395288704040879
2015-09-15,0.9925195015495356,1.240929372327698
2015-09-16,0.9925195015495356,1.2414570211661846
2015-09-17,0.9924837158389488,1.2414122599079966
2015-09-18,0.9924537878254813,1.2413748255377997
2015-09-21,0.9929567775519116,1.2420039719943443
2015-09-22,0.9929062997003456,1.2419408336044768
2015-09-23,0.9921504663916408,1.2409954269233407
2015-09-24,0.9921504663916408,1.2414140715587287
2015-09-25,0.9921504663916408,1.242305476995144
2015-09-29,0.9921504663916408,1.2431795129353087
2015-09-30,0.9921504663916408,1.2426343047349029
2015-10-01,0.9921976289661117,1.2425752352339328
2015-10-02,0.9921202480713933,1.2426721429271685
2015-10-05,0.9915322465848698,1.243408639404005
2015-10-06,0.9906996182395368,1.244452778191791
2015-10-07,0.990883620467489,1.244221646495005
2015-10-08,0.9903009483208932,1.243490003259988
2015-10-09,0.9909158178347404,1.2442620757244995
2015-10-12,0.9905345010587473,1.2437832681460288
2015-10-13,0.9903710877794207,1.2435780751896988
2015-10-14,0.9898784721548776,1.2429595131196454
2015-10-15,0.9898784721548776,1.2440585564395155
2015-10-16,0.9898784721548776,1.2448706099854137
2015-10-19,0.9898784721548776,1.2446267152933415
2015-10-20,0.9898784721548776,1.2443286243973772
2015-10-21,0.9898784721548776,1.2435042592052874
2015-10-22,0.9900309002536468,1.243312776113803
2015-10-23,0.9895142187162084,1.2439616414739798
2015-10-26,0.9888104719436052,1.2448463523491458
2015-10-27,0.989121656991453,1.2444545911545484
2015-10-28,0.9882366078062593,1.2455681078934921
2015-10-29,0.9882366078062593,1.2445711911812707
2015-10-30,0.9882366078062593,1.2454465797251657
2015-11-02,0.9882366078062593,1.245324449082446
2015-11-03,0.9882366078062593,1.2453192456368036
2015-11-04,0.9882366078062593,1.245695607900121
2015-11-05,0.9882366078062593,1.2466804550347022
2015-11-06,0.9882366078062593,1.2471267275253763
2015-11-09,0.9882366078062593,1.24728897122138
2015-11-10,0.9882366078062593,1.2476321289786234
2015-11-11,0.9882366078062593,1.2483774587167678
2015-11-12,0.9882366078062593,1.2484578175193057
2015-11-13,0.9882366078062593,1.248778390277854
2015-11-16,0.9882366078062593,1.2499407112111989
2015-11-17,0.9882366078062593,1.2496828391961707
2015-11-18,0.9882366078062593,1.2506023417082395
2015-11-19,0.9877574155126707,1.251208754180472
2015-11-20,0.9871221770836252,1.2520134212686975
2015-11-23,0.9863362210335752,1.2530102862424917
2015-11-24,0.9855674118215663,1.2539869571081281
2015-11-26,0.9855674118215663,1.253957181251751
2015-11-27,0.9855674118215663,1.2545291152106341
2015-11-30,0.9855674118215663,1.2544291695349443
2015-12-01,0.9855674118215663,1.2548890527690753
2015-12-02,0.9855674118215663,1.2549398400449936
2015-12-03,0.9856649707237026,1.2550640634634767
2015-12-04,0.9863193090172317,1.2558972436027216
2015-12-07,0.9857997087763408,1.2552356277301089
2015-12-08,0.9848938936757139,1.2540822378717833
2015-12-09,0.9856527395001947,1.255048489237413
2015-12-10,0.9856527395001947,1.2558411558447562
2015-12-11,0.9856527395001947,1.2558939774281248
2015-12-14,0.9856527395001947,1.2566690798586362
2015-12-15,0.9856527395001947,1.2564653798191951
2015-12-16,0.9856527395001947,1.2571896932683018
2015-12-17,0.9865274997751268,1.2560739457462253
2015-12-18,0.9867729962135362,1.255761372928813
2015-12-21,0.9870099930765176,1.2554597721481073
2015-12-22,0.9875440872502291,1.2547804135252594
2015-12-23,0.9879139623485861,1.2543104476423577
2015-12-24,0.9873247265534052,1.2550585741414135
2015-12-25,0.9868819210337597,1.2556214556829792
2015-12-28,0.9865598270516964,1.2560312596382501
2015-12-29,0.9866349588588963,1.2559356061402578
2015-12-30,0.9865419210869251,1.2560540384433965
2015-12-31,0.9865419210869251,1.257257661990229
2016-01-01,0.9865419210869251,1.2577868079771366
2016-01-04,0.9865419210869251,1.2580743583621368
2016-01-05,0.9865419210869251,1.2581556861228869
2016-01-06,0.9865419210869251,1.2573701727023652
2016-01-07,0.9865419210869251,1.258732416207635
2016-01-08,0.9865419210869251,1.2583492537832073
2016-01-11,0.9865419210869251,1.2576051413135332
2016-01-12,0.9865419210869251,1.2565319528279122
2016-01-13,0.9865419210869251,1.257243312509391
2016-01-14,0.9867955124476132,1.257566487871249
2016-01-15,0.9865155400977638,1.2572096927295402
2016-01-18,0.9867100497696246,1.2574575747292185
2016-01-19,0.9870634414416352,1.2579079350300177
2016-01-20,0.9873426904235193,1.2582638083157796
2016-01-21,0.9885226959764345,1.2597676005606058
2016-01-25,0.988730192813947,1.260073128120409
2016-01-26,0.9893787057287063,1.2608996161785935
2016-01-27,0.9891432121753662,1.260599494769774
2016-01-28,0.9884271125635317,1.2615121177325281
2016-01-29,0.9880736998627544,1.261963172138993
2016-02-01,0.988601333594588,1.2612892807703182
2016-02-02,0.9878454756467662,1.2622536285766341
2016-02-03,0.9872668477773655,1.2629929902943848
2016-02-04,0.9869098157070035,1.2634497350976694
2016-02-05,0.9869555809388857,1.2633911460866192
2016-02-08,0.9866022869570327,1.2638433938850602
2016-02-09,0.9853913863709945,1.265394564733281
2016-02-10,0.9853515342965925,1.2654457409451285
2016-02-11,0.9860121410173481,1.2662941305118194
2016-02-12,0.9861984125276416,1.2665333512174821
2016-02-15,0.9859907856589125,1.26626670471865
2016-02-16,0.9856974521749226,1.2658899888004504
2016-02-17,0.9866690208096738,1.26713773374029
2016-02-18,0.9863224798868324,1.266692685734975
2016-02-19,0.9861485607096383,1.266469328613797
2016-02-22,0.9857195384755613,1.265918353312103
2016-02-23,0.9859539389799337,1.2662193840707805
2016-02-24,0.9860283482087769,1.2663149447295396
2016-02-25,0.9860283482087769,1.2664427887575438
2016-02-26,0.9860283482087769,1.2661082197504365
2016-02-29,0.9860283482087769,1.2664016619527474
2016-03-01,0.9860283482087769,1.2671740874984245
2016-03-02,0.9860283482087769,1.2663953285757754
2016-03-03,0.9860283482087769,1.2665082074956437
2016-03-04,0.9860283482087769,1.266619874954802
2016-03-07,0.9860283482087769,1.26778914161693
2016-03-08,0.9860283482087769,1.2687448368523804
2016-03-09,0.9860283482087769,1.2686565207590585
2016-03-10,0.9860656900529389,1.2686084755135245
2016-03-11,0.9857201192173094,1.269053064647283
2016-03-14,0.9857396680880567,1.2690278966976305
2016-03-15,0.9861230284339666,1.2685343637809823
2016-03-16,0.986041623904175,1.2686390813876403
2016-03-17,0.9867387315554682,1.2695359786269913
2016-03-18,0.9868601346879932,1.2696921756421986
2016-03-21,0.9878506849471496,1.2709666155242278
2016-03-23,0.988076905580087,1.271597308387204
2016-03-24,0.988035270609214,1.2716508901646932
2016-03-25,0.9872730051955027,1.2726319639388006
2016-03-28,0.9867769756651548,1.2732713646233693
2016-03-29,0.9864929395990353,1.273637865867753
2016-03-30,0.9852631925132685,1.2752255634487508
2016-03-31,0.986112332665268,1.274126521855592
2016-04-01,0.9864445565722805,1.2736972651907097
2016-04-04,0.9866595752540837,1.2734196330570504
2016-04-05,0.9864316717797411,1.273713773777871
2016-04-06,0.9854558710508416,1.2749737605204088
2016-04-07,0.9848268715468277,1.2741599667356673
2016-04-08,0.9841620593416925,1.273299838806938
2016-04-11,0.9844844649753591,1.2737169642564323
2016-04-12,0.9844209968764798,1.2736348498126724
2016-04-13,0.9846497631804144,1.2739308255568698
2016-04-14,0.9846497631804144,1.2751943852139722
2016-04-15,0.9846497631804144,1.2758840907053164
2016-04-18,0.9846497631804144,1.275743696418271
2016-04-19,0.9846497631804144,1.2759331177996651
2016-04-20,0.9846497631804144,1.2759311957423587
2016-04-21,0.9847570415876776,1.2757921819817555
2016-04-22,0.9844134663106316,1.2762372975116436
2016-04-25,0.9841271400949488,1.276608503522345
2016-04-26,0.9834437357200163,1.2774950148284951
2016-04-27,0.982708831497666,1.2784496566105605
2016-04-28,0.9832687182576098,1.2791780382156184
2016-04-29,0.9827626001103371,1.27851960659188
2016-05-02,0.9837577404856175,1.279814228997092
2016-05-03,0.983510845651453,1.2794930325187053
2016-05-04,0.9828896683147651,1.2786849152744828
2016-05-05,0.9828896683147651,1.2795299090625651
2016-05-06,0.9828896683147651,1.281098060014144
2016-05-09,0.9828896683147651,1.2814592217872685
2016-05-10,0.9828896683147651,1.2815673954118278
2016-05-11,0.9828896683147651,1.2820626467704939
2016-05-12,0.9828896683147651,1.2825847419314311
2016-05-13,0.9828896683147651,1.2808592866773003
2016-05-16,0.9828896683147651,1.2805157981750155
2016-05-17,0.9828896683147651,1.2813749375358414
2016-05-18,0.9828896683147651,1.2819808070005534
2016-05-20,0.9828732154480605,1.2820318134127493
2016-05-23,0.9831159572461707,1.2817151879286777
2016-05-24,0.9829468664581181,1.281935636218209
2016-05-25,0.983309332857207,1.281462916267844
2016-05-26,0.983309332857207,1.2805006864494355
2016-05-27,0.983309332857207,1.280489468260433
2016-05-30,0.983309332857207,1.2808833186203656
2016-05-31,0.983309332857207,1.2815078407854952
2016-06-01,0.983309332857207,1.2818977512661665
2016-06-02,0.9832357360477914,1.281801806296117
2016-06-03,0.9834678615459485,1.2821044182455372
2016-06-06,0.9838957708534491,1.2826622650600663
2016-06-07,0.9842778068159498,1.283160308783306
2016-06-08,0.9843655387827838,1.2832746811453295
2016-06-09,0.9843655387827838,1.2843584364493896
2016-06-10,0.9843655387827838,1.2842896461827138
2016-06-13,0.9843655387827838,1.2844607372072614
2016-06-14,0.9843655387827838,1.2843714420386865
2016-06-15,0.9843655387827838,1.2847027408127438
2016-06-16,0.9843655387827838,1.2844488466280954
2016-06-17,0.9843655387827838,1.2851718356583215
2016-06-20,0.9843655387827838,1.2841401029057866
2016-06-21,0.9843655387827838,1.285372891437419
2016-06-22,0.9843655387827838,1.2851992425782257
2016-06-23,0.9843655387827838,1.2853106020589675
2016-06-24,0.9843655387827838,1.2856460929717122
2016-06-27,0.9843655387827838,1.2861220451201527
2016-06-28,0.9843655387827838,1.2856722045096334
2016-06-29,0.9843655387827838,1.2868540558622632
2016-06-30,0.9844935198176389,1.286686747167182
2016-07-01,0.9833977918653047,1.2881188120882694
2016-07-04,0.9831062764559221,1.288500658057363
2016-07-05,0.9836880733684282,1.2877381304216708
2016-07-06,0.9829073469630873,1.288760173067915
2016-07-07,0.9819688238593707,1.2899907378829112
2016-07-08,0.9818068525436406,1.290203516020076
2016-07-11,0.9827789468334007,1.2889260758929246
2016-07-12,0.9818158207033911,1.2901892270698427
2016-07-13,0.9811641490553438,1.2910455788643118
2016-07-14,0.9806131422690341,1.2903205474044135
2016-07-15,0.9800942764384002,1.2896378079899042
2016-07-19,0.980851212807004,1.2910583885907583
2016-07-20,0.9798698886246545,1.2897667076497483
2016-07-21,0.9798698886246545,1.2891508819760846
2016-07-22,0.9798698886246545,1.2896432727994658
2016-07-25,0.9798698886246545,1.2906081286066766
2016-07-26,0.9798698886246545,1.2912677251725013
2016-07-27,0.9798698886246545,1.2921924990232974
2016-07-28,0.979727179699138,1.2920043032176738
2016-07-29,0.9798660349904879,1.292187417086173
2016-08-01,0.9799777524031661,1.2923347431795134
2016-08-02,0.9809655955147776,1.2936374502775219
2016-08-03,0.9805116452969856,1.293038808485208
2016-08-04,0.9801996230919309,1.293450284291926
2016-08-05,0.9803432829365725,1.2932607138590109
2016-08-08,0.9806101403299377,1.292908677802816
2016-08-09,0.9797195911462118,1.2940828434781395
2016-08-10,0.9794569251509972,1.2944297912793714
2016-08-11,0.980183435980019,1.2953899327992526
2016-08-12,0.9809806902538203,1.2964435673764692
2016-08-15,0.9806134000272366,1.2959581642932632
2016-08-16,0.9797044699986048,1.2947569413736661
2016-08-17,0.9810043986363082,1.2964748998790092
2016-08-18,0.9810043986363082,1.2973924112011619
2016-08-19,0.9810043986363082,1.297637064387911
2016-08-22,0.9810043986363082,1.298133647116806
2016-08-23,0.9810043986363082,1.298384911184022
2016-08-24,0.9810043986363082,1.299973732022557
2016-08-25,0.9810043986363082,1.3002188520434537
2016-08-26,0.9810043986363082,1.3010359021076994
2016-08-29,0.9810043986363082,1.3025796348822827
2016-08-30,0.9810043986363082,1.3016690658699388
2016-08-31,0.9810043986363082,1.30137428552482
2016-09-01,0.9808458728295759,1.3011639894152816
2016-09-02,0.98106459203711,1.3014541364858054
2016-09-05,0.9808452680858372,1.301163187178358
2016-09-06,0.9808355237691901,1.301150260627639
2016-09-07,0.9808923321937202,1.3012256211693323
2016-09-08,0.9808923321937202,1.3016230597357428
2016-09-09,0.9808923321937202,1.3011086100531468
2016-09-12,0.9808923321937202,1.301432764540212
2016-09-13,0.9808923321937202,1.3016872555600494
2016-09-15,0.981183769685195,1.3031994790176222
2016-09-16,0.9816016915424933,1.3037545590785937
2016-09-19,0.9818820695487301,1.3041269546307266
2016-09-20,0.9823244727532976,1.304714550597477
2016-09-21,0.9828726138926873,1.3054425867405026
2016-09-22,0.9828726138926873,1.3045316088552956
2016-09-23,0.9828726138926873,1.3045299636340724
2016-09-26,0.9828726138926873,1.3037568244455628
2016-09-27,0.9828726138926873,1.3048444145290394
2016-09-28,0.9828726138926873,1.3049490735093112
2016-09-29,0.9828726138926873,1.3057732757594847
2016-09-30,0.9828726138926873,1.306563674676178
2016-10-03,0.9828726138926873,1.3072712297873226
2016-10-04,0.9828726138926873,1.3070476625885088
2016-10-05,0.9828726138926873,1.307781067709239
2016-10-06,0.982742851643867,1.307608409920313
2016-10-07,0.9823954120422668,1.3071461171198802
2016-10-10,0.9817818463748297,1.3063297248912955
2016-10-11,0.9825204649044914,1.3073125087390671
2016-10-12,0.9818531016237179,1.3064245350062114
2016-10-13,0.9820132660086829,1.3062114250391434
2016-10-14,0.9810286968888539,1.307521036097952
2016-10-17,0.9810534336392838,1.3074880668059685
2016-10-18,0.9810780938487408,1.3074552011857234
2016-10-19,0.9801446498883047,1.30869917571613
2016-10-20,0.980915388588647,1.3097282739231602
2016-10-21,0.9812725192941931,1.3102051184991361
2016-10-24,0.9802024502404465,1.3087763513383326
2016-10-25,0.9804313616935508,1.3090819962551556
2016-10-26,0.9799787949304718,1.3084777244776526
2016-10-27,0.980387626621167,1.3090236007385498
2016-10-28,0.9806155528059426,1.3093279301150087
2016-10-31,0.9802126352240219,1.308789950432723
2016-11-01,0.9809078460590224,1.3097182030603507
2016-11-02,0.9810831059758259,1.3099522118963762
2016-11-03,0.9816752534406517,1.3107428532565144
2016-11-04,0.9817493587087682,1.310841799369531
2016-11-07,0.9822472119680096,1.3115065381405593
2016-11-08,0.9823484892920958,1.311641764661018
2016-11-09,0.9823484892920958,1.3114306696031026
2016-11-10,0.9825490548014145,1.31116291557991
2016-11-14,0.9824552600225035,1.312494471490523
2016-11-15,0.9829122974995955,1.311883900010725
2016-11-16,0.9831971727988807,1.3115036795987987
2016-11-17,0.9823613893545513,1.3126185455615083
2016-11-18,0.9825058726554196,1.3124254888490818
2016-11-21,0.9813023227381716,1.3140331836552506
2016-11-22,0.9810040794323431,1.3144325525261693
2016-11-23,0.9818219380551038,1.313336716107484
2016-11-24,0.9825193242991072,1.3142695766640249
2016-11-25,0.9828577013899478,1.3147222076758873
2016-11-28,0.9826945576620798,1.3145039780361667
2016-11-29,0.9837256140543131,1.315883173350319
2016-11-30,0.9841031168191696,1.3163881409236655
2016-12-01,0.9841031168191696,1.3161243487080718
2016-12-02,0.9841031168191696,1.317224504395738
2016-12-05,0.9841031168191696,1.317566994371687
2016-12-06,0.9841031168191696,1.3170406391251355
2016-12-07,0.9841031168191696,1.3167269457720683
2016-12-08,0.9836212082597037,1.317371737943541
2016-12-09,0.9834674960254668,1.3175776059661692
2016-12-12,0.983616484434667,1.3173780022250146
2016-12-13,0.9833985702584259,1.3176698592106342
2016-12-14,0.9832900374322899,1.3178152839021675
2016-12-15,0.9834293686136031,1.318002016964915
2016-12-16,0.9836044646051846,1.3182366823892273
2016-12-19,0.9839008911935542,1.3186339563102856
2016-12-20,0.9839918754688549,1.318755894359103
2016-12-21,0.9846033151521403,1.319575352025858
2016-12-22,0.9846033151521403,1.3202433283836583
2016-12-23,0.9846033151521403,1.3206756288553234
2016-12-26,0.9846033151521403,1.320420408935707
2016-12-27,0.9846033151521403,1.3201516776633013
2016-12-28,0.9846033151521403,1.320906503100414
2016-12-29,0.9844648030071816,1.3210923257461624
2016-12-30,0.9840422031732201,1.3216594292076604
2017-01-02,0.984006261152735,1.321707702655817
2017-01-03,0.9836600791915835,1.3221726909212763
2017-01-04,0.9835652683721973,1.3223001295343177
2017-01-05,0.9837335869932426,1.3220738428387946
2017-01-06,0.9835476767097661,1.322323694146251
2017-01-09,0.9822680685302599,1.3240440542823704
2017-01-11,0.9831208015391785,1.3230918178503734
2017-01-12,0.9831208015391785,1.3233696454417465
2017-01-13,0.9831208015391785,1.324097720594232
2017-01-16,0.9831208015391785,1.3242177452092116
2017-01-17,0.9831208015391785,1.3239234113075353
2017-01-18,0.9831208015391785,1.3232140085608566
2017-01-19,0.9831208015391785,1.3241419617124128
2017-01-20,0.9831208015391785,1.3235956283189831
2017-01-23,0.9831208015391785,1.323042858344876
2017-01-24,0.9831208015391785,1.3231378422906697
2017-01-25,0.9831208015391785,1.3233209202158196
2017-01-26,0.9833184586487566,1.3230548656396934
2017-01-27,0.9835201031324137,1.3227835530116374
2017-01-30,0.9829486820234121,1.323552084780763
2017-01-31,0.9830007818233847,1.3234819317807829
2017-02-01,0.982664955619684,1.3239340778228155
2017-02-02,0.982664955619684,1.3245390601931213
2017-02-03,0.982664955619684,1.3241432305845933
2017-02-06,0.982664955619684,1.3240700438294017
2017-02-07,0.982664955619684,1.3239348602255523
2017-02-08,0.982664955619684,1.324454217176934
2017-02-09,0.9835599816708718,1.3256605500386074
2017-02-10,0.983737415811688,1.3258996990941745
2017-02-13,0.9837552153623179,1.3259236896616213
2017-02-14,0.983165524137757,1.3251288927934362
2017-02-15,0.9826798513597289,1.3244742939341314
2017-02-16,0.9820529230134073,1.3253192796918964
2017-02-17,0.9826123353345501,1.3245643306284258
2017-02-20,0.9824555985209955,1.3247756123160916
2017-02-21,0.9828318326254607,1.324268285810072
2017-02-22,0.9826515764160684,1.3245111631503195
2017-02-23,0.9829605050571446,1.3249275665261881
2017-02-24,0.9829455299798526,1.3249073816941295
2017-02-27,0.9827991534770231,1.3247100815353818
2017-02-28,0.9824453077755794,1.3242331346776723
2017-03-01,0.9822955415527664,1.3240312655322504
2017-03-02,0.9822955415527664,1.3249523918052337
2017-03-03,0.9822955415527664,1.3256333141840326
2017-03-06,0.9822955415527664,1.3257109118354216
2017-03-07,0.9822955415527664,1.3262847513426401
2017-03-08,0.9822955415527664,1.3268941195733963
2017-03-10,0.9820076890401824,1.3262866131001936
2017-03-13,0.9826443421978269,1.3271464684451115
2017-03-14,0.9833059554107406,1.3280400345109693
2017-03-15,0.9840208680528485,1.329005586081844
2017-03-16,0.9840208680528485,1.3292891720145141
2017-03-17,0.9840208680528485,1.329513359836218
2017-03-20,0.9840208680528485,1.3289415164417457
2017-03-21,0.9840208680528485,1.3291054852893283
2017-03-22,0.9840208680528485,1.329066438833691
2017-03-23,0.9840208680528485,1.3301219826135446
2017-03-24,0.9840208680528485,1.3308824862906259
2017-03-27,0.9840208680528485,1.3308098846498329
2017-03-28,0.9840208680528485,1.3322446465003968
2017-03-29,0.9840208680528485,1.3319467963467202
2017-03-30,0.9840639459000315,1.3318884872168921
2017-03-31,0.9853217882390801,1.3301860513771353
2017-04-03,0.9860964306758562,1.3291402828003074
2017-04-04,0.9857197258619852,1.3296480359239016
2017-04-05,0.98551877002717,1.3299191074303949
2017-04-06,0.9856476158429579,1.3297452350318772
2017-04-07,0.9859380651823845,1.3293533874598724
2017-04-10,0.9851454398641821,1.3304220947032062
2017-04-11,0.9837675850813384,1.3322828640599016
2017-04-12,0.9831212532790543,1.333158169160149
2017-04-13,0.9835038527565722,1.3326393464643036
2017-04-14,0.9832330392550355,1.3330062964530505
2017-04-17,0.9831709127456454,1.3330905237164634
2017-04-18,0.9825174664339608,1.3339765376074069
2017-04-19,0.981318269850032,1.3356047021557136
2017-04-20,0.981566960994864,1.3352662257687684
2017-04-21,0.9813575888584237,1.3355510433650355
2017-04-24,0.9802119077383883,1.3371102259021643
2017-04-25,0.9806177973134141,1.3365565506233095
2017-04-26,0.9808488419738022,1.3362416427609656
2017-04-27,0.9808488419738022,1.3368493162710862
2017-04-28,0.9808488419738022,1.3367804560249517
2017-05-01,0.9808488419738022,1.336898772601601
2017-05-02,0.9808488419738022,1.3375222128245687
2017-05-03,0.9808488419738022,1.3384940866971968
2017-05-04,0.9808488419738022,1.339157096854513
2017-05-05,0.9808488419738022,1.3386874699734455
2017-05-09,0.9808488419738022,1.338260979360301
2017-05-10,0.9808488419738022,1.3390152756557445
2017-05-11,0.9808488419738022,1.3393497837199657
2017-05-12,0.9808488419738022,1.3407830322903183
2017-05-15,0.9808488419738022,1.340908445175216
2017-05-16,0.9808488419738022,1.340125439114419
2017-05-17,0.9808488419738022,1.3407876557412308
2017-05-18,0.9808493635290078,1.340788368689803
2017-05-19,0.9808719671164524,1.3408192670400119
2017-05-22,0.9805865711198428,1.3404291402305821
2017-05-23,0.9812639603731109,1.3413551087489177
2017-05-24,0.9821192277224168,1.3425242306923155
2017-05-25,0.9832010281481957,1.3440030157963905
2017-05-26,0.9832251833829732,1.344036035196756
2017-05-29,0.9823054190067223,1.3427787479684956
2017-05-30,0.9821341981421614,1.342544694756844
2017-05-31,0.9822890019449073,1.342756306392502
2017-06-01,0.9823098689681229,1.3427277818676804
2017-06-02,0.9817805092164449,1.3434513682507911
2017-06-05,0.9811754766035329,1.3442792843522238
2017-06-06,0.9814463773234483,1.3439081313479122
2017-06-07,0.9815572431741058,1.3437563212015509
2017-06-08,0.9812933904890361,1.3441175367250409
2017-06-09,0.9812933904890361,1.3449396995843992
2017-06-12,0.9812933904890361,1.3442442803401862
2017-06-13,0.9812933904890361,1.343930722051505
2017-06-14,0.9812933904890361,1.3446798710069314
2017-06-15,0.9816104355297274,1.3442454198136877
2017-06-16,0.9812453574525436,1.3447453681795216
2017-06-19,0.9808203298836908,1.345327846201173
2017-06-20,0.979789590526111,1.3467416447508953
2017-06-21,0.9788946841918236,1.347971712553401
2017-06-22,0.9788946841918236,1.3475563338764183
2017-06-23,0.9788946841918236,1.348029885435243
2017-06-26,0.9788946841918236,1.3483141938339187
2017-06-27,0.9788946841918236,1.3493966407663407
2017-06-28,0.9788946841918236,1.3497808677150713
2017-06-29,0.9784520556885219,1.3503912004657852
2017-06-30,0.9784139215416209,1.3504438305523725
2017-07-03,0.9779528926164476,1.35108016007917
2017-07-04,0.9775650294056668,1.3516160082707005
2017-07-06,0.9774318112075049,1.3515273069283047
2017-07-07,0.9777229166878917,1.3511247857483841
2017-07-10,0.9774998498402333,1.3514330439896565
2017-07-11,0.9774720083009932,1.3514715360427556
2017-07-12,0.9777673386852921,1.3510632065921742
2017-07-13,0.9774986555767138,1.350691944587533
2017-07-14,0.9779089513392083,1.3512588846831923
2017-07-17,0.9779188340741527,1.3512725404876311
2017-07-18,0.9780480544383782,1.351451095111763
2017-07-19,0.9782769008944289,1.35176731146968
2017-07-20,0.9782769008944289,1.352465027186227
2017-07-21,0.9782769008944289,1.3524715628408217
2017-07-24,0.9782769008944289,1.3523965609857327
2017-07-25,0.9782769008944289,1.3535192437514139
2017-07-26,0.9782769008944289,1.3541967226760023
2017-07-27,0.9778129816909242,1.354838910858508
2017-07-28,0.9771188118269655,1.3558007393063265
2017-07-31,0.9766659007401158,1.3564291758679383
2017-08-01,0.9766093177620022,1.3565077603688538
2017-08-02,0.9762994210495604,1.356938206083117
2017-08-03,0.9762994210495604,1.3565444191648899
2017-08-04,0.9762994210495604,1.3564766925176777
2017-08-07,0.9762994210495604,1.3576510117693268
2017-08-08,0.9762994210495604,1.357587718112554
2017-08-09,0.9762994210495604,1.3572894457403804
2017-08-10,0.976058458625336,1.3576244410790728
2017-08-11,0.9761742068175242,1.357463443985777
2017-08-14,0.9757147618669142,1.3581023460594244
2017-08-15,0.9756686823722818,1.3581664843426722
2017-08-16,0.975401376480216,1.3585385839193322
2017-08-17,0.975401376480216,1.359601942587508
2017-08-18,0.975401376480216,1.3595761827483583
2017-08-21,0.975401376480216,1.3591573910498487
2017-08-22,0.975401376480216,1.359656067769733
2017-08-23,0.975401376480216,1.3602086815253385
2017-08-24,0.97535635178897,1.3602714689863697
2017-08-25,0.9753582917649601,1.3602687634172872
2017-08-28,0.9751686327541554,1.3605332685025227
2017-08-29,0.9753048066340427,1.3603432817785193
2017-08-30,0.9750086214375804,1.3607563972880803
2017-08-31,0.9743255215174569,1.359803038962977
2017-09-04,0.9744013543709036,1.3604222139076647
2017-09-05,0.973979317970315,1.3598329826921467
2017-09-06,0.9740872466933436,1.359983668681722
2017-09-07,0.9742810692192565,1.3602542763411067
2017-09-08,0.9747173764113493,1.3608634318944608
2017-09-11,0.9740644336304893,1.359951817948618
2017-09-12,0.9749846786417444,1.3612366291303075
2017-09-13,0.9754850374709162,1.3619352111500027
2017-09-14,0.9753423467892204,1.3621344304678182
2017-09-15,0.9756707171921348,1.361675838022582
2017-09-18,0.9755109265290659,1.361898846750023
2017-09-19,0.9750458576897058,1.362548123655857
2017-09-20,0.97504630491942,1.3625474986883201
2017-09-21,0.9743700965073473,1.363492444662489
2017-09-22,0.9740403273937039,1.3639539096607969
2017-09-25,0.9747629912932696,1.3629419595151386
2017-09-26,0.9741692848751704,1.3637720970932872
2017-09-27,0.9746917863060442,1.3630406299004898
2017-09-28,0.9746917863060442,1.3627252809570463
2017-09-29,0.9746917863060442,1.3622968147634258
2017-10-02,0.9746917863060442,1.3627691737577634
2017-10-03,0.9746917863060442,1.3630069866127081
2017-10-04,0.9746917863060442,1.3637418476110332
2017-10-05,0.9747750274536399,1.3638583146193883
2017-10-06,0.9747426750364956,1.3638130486740394
2017-10-09,0.9745734097832499,1.3635762208763287
2017-10-10,0.9751630450922204,1.3644012102288292
2017-10-11,0.9757212421956547,1.3651822127568731
2017-10-12,0.9761218266283772,1.365742691219994
2017-10-13,0.9767961377680261,1.3666861549203855
2017-10-16,0.9767421690521965,1.3666106444900394
2017-10-17,0.9772390570345606,1.3673058662459272
2017-10-18,0.9772980599287935,1.3673884202564626
2017-10-19,0.977140922506736,1.367168561136589
2017-10-20,0.9775624384469737,1.3677583259578519
2017-10-23,0.9777458498683553,1.3680149463933393
2017-10-24,0.9777822898846442,1.3680659315107262
2017-10-25,0.9783859594265065,1.3689105568865958
2017-10-26,0.9778294628646034,1.3696891800987552
2017-10-27,0.9782181528244263,1.3691447247999522
2017-10-30,0.9788850972478484,1.3682112485232887
2017-11-01,0.9792250061951999,1.3676181816147617
2017-11-02,0.9792250061951999,1.3688699180524007
2017-11-03,0.9792250061951999,1.3688891035693618
2017-11-06,0.9792250061951999,1.369565221595018
2017-11-07,0.9792250061951999,1.3705839842730048
2017-11-08,0.9792250061951999,1.371279212074443
2017-11-09,0.9795525783085517,1.3708204892817728
2017-11-10,0.9797416860624512,1.370555845209093
2017-11-13,0.9794408767470877,1.3709766458867918
2017-11-14,0.9786740399620089,1.3720500290266109
2017-11-15,0.9785790913546897,1.3721831420286004
2017-11-16,0.9786508218096974,1.372082560152285
2017-11-17,0.9787774544188174,1.3719050194087963
2017-11-20,0.9780551804096057,1.3729173959548153
2017-11-21,0.9774947838293734,1.3737040368612234
2017-11-22,0.9772853765650047,1.3739983234489068
2017-11-23,0.9765777822882207,1.373003492897568
2017-11-24,0.9777408161676768,1.3746386412777718
2017-11-27,0.9777136451844142,1.3746004406801322
2017-11-28,0.9775274461156999,1.374338657157759
2017-11-29,0.9771303702699895,1.3737803948943803
2017-11-30,0.9771303702699895,1.3731270071648523
2017-12-01,0.9771303702699895,1.3728927780146767
2017-12-04,0.9771303702699895,1.374079509135335
2017-12-05,0.9771303702699895,1.3749197350979727
2017-12-06,0.9771303702699895,1.3753668769252498
2017-12-07,0.9771303702699895,1.3750922981842768
2017-12-08,0.9771303702699895,1.3745585069622643
2017-12-11,0.9771303702699895,1.3747787639624887
2017-12-12,0.9771303702699895,1.375055247134539
2017-12-13,0.9771303702699895,1.3752983423544523
2017-12-14,0.9777760161599361,1.376207080583463
2017-12-15,0.9782083746104913,1.376815619503594
2017-12-18,0.9776232476226072,1.3759920608455192
2017-12-19,0.978383933353909,1.3770627161614757
2017-12-20,0.9778577465319497,1.3763221150236669
2017-12-21,0.9779935027364746,1.3765131901234982
2017-12-22,0.9780416119796013,1.3765809032601861
2017-12-25,0.9788060698402503,1.37765686779935
2017-12-26,0.9789942249277026,1.3779216936483378
2017-12-27,0.9796424301305238,1.3788340340770764
2017-12-29,0.9795361949785681,1.379547091905661
2018-01-01,0.9793430364605517,1.379275053696994
2018-01-02,0.9799662733719052,1.3801528004030714
2018-01-03,0.9806725615615185,1.3811475138429863
2018-01-04,0.9806725615615185,1.3808972109451
2018-01-05,0.9806725615615185,1.3813079321047943
2018-01-08,0.9806725615615185,1.3803210954564307
2018-01-09,0.9806725615615185,1.3800451906608726
2018-01-10,0.9806725615615185,1.380639319649143
2018-01-11,0.9816361533219972,1.379282727525786
2018-01-12,0.9814478462820653,1.3795473150175677
2018-01-15,0.981126639791148,1.3799988107886263
2018-01-16,0.9801868531028924,1.3813206630955452
2018-01-17,0.979729475299363,1.3819652191910043
2018-01-18,0.9797060617104097,1.3819982454154935
2018-01-19,0.980013948742432,1.381563932150862
2018-01-22,0.9800592176691976,1.3815001147770922
2018-01-23,0.9797514680720368,1.3819339213227941
2018-01-24,0.9795638626378859,1.3821985377298387
2018-01-25,0.9797602583823408,1.3824756589275022
2018-01-26,0.9794420994965483,1.382026725720101
2018-01-29,0.9793475089579713,1.3818932551939915
2018-01-30,0.9794835974607841,1.3820852807849346
2018-01-31,0.9796429901417842,1.3823101893784489
2018-02-01,0.9796429901417842,1.3822489695961653
2018-02-02,0.9796429901417842,1.382074415157431
2018-02-05,0.9796429901417842,1.3833951143653638
2018-02-06,0.9796429901417842,1.3840614617415097
2018-02-07,0.9796429901417842,1.384619477470676
2018-02-08,0.9796429901417842,1.3842664690364783
2018-02-09,0.9796429901417842,1.3835608609518188
2018-02-12,0.9796429901417842,1.384049266068333
2018-02-13,0.9796429901417842,1.385216800183662
2018-02-14,0.9796429901417842,1.385769548959892
2018-02-15,0.9801615349025592,1.3850360332337694
2018-02-16,0.9804897538583459,1.3845722371508102
2018-02-19,0.9805356038888705,1.3845074912632707
2018-02-20,0.9803947716046698,1.3847063451873038
2018-02-21,0.9799831294871807,1.3852877471577578
2018-02-22,0.9796151919996502,1.384767636884571
2018-02-23,0.980228128882609,1.3856340742019033
2018-02-27,0.9799194100748058,1.3840001691427493
2018-02-28,0.9806919495413999,1.3850912739228394
2018-03-01,0.9806919495413999,1.38555820713803
2018-03-02,0.9806919495413999,1.386023786736822
2018-03-05,0.9806919495413999,1.386393855255459
2018-03-06,0.9806919495413999,1.3860083675819266
2018-03-07,0.9806919495413999,1.386217820559243
2018-03-08,0.9809526856816451,1.3865863736856765
2018-03-09,0.980797033188065,1.386366357338529
2018-03-12,0.9808983448312717,1.3865095623534258
2018-03-13,0.9810049335702821,1.386660226595705
2018-03-14,0.9813933483685223,1.3872092547745754
2018-03-15,0.9813933483685223,1.3870486004135014
2018-03-16,0.9813933483685223,1.387618011403352
2018-03-19,0.9813933483685223,1.3895460687454442
2018-03-20,0.9813933483685223,1.3887414620338032
2018-03-21,0.9813933483685223,1.3885843648734513
2018-03-22,0.9816285921233239,1.388917213878791
2018-03-23,0.9825050272185757,1.3901572916438547
2018-03-26,0.9827196139892469,1.390460912852576
2018-03-27,0.9830128534583022,1.3908758206391134
2018-03-28,0.9834299417340625,1.3914659634798567
2018-03-29,0.9837058658856112,1.391075555328662
2018-03-30,0.9836971350064925,1.3910879018165097
2018-04-02,0.9837396169666155,1.3910278262722497
2018-04-03,0.9838713136071893,1.3908416045439538
2018-04-04,0.98296837066731,1.3921180424174284
2018-04-05,0.9825820982819469,1.3915709884399068
2018-04-06,0.9822424119951262,1.3910899115072648
2018-04-09,0.9811031409899917,1.3894764315939956
2018-04-10,0.9825135822531327,1.3914739533747376
2018-04-11,0.9826089694287549,1.3916090444032605
2018-04-12,0.9826089694287549,1.3933858474737044
2018-04-13,0.9826089694287549,1.3934152239705588
2018-04-16,0.9826089694287549,1.3944878306127029
2018-04-17,0.9826089694287549,1.393768014534509
2018-04-18,0.9826089694287549,1.3942913059709
2018-04-19,0.9817217675654152,1.3955502175859797
2018-04-20,0.981722185094024,1.3955496240551444
2018-04-23,0.9806777827801344,1.3970342754958893
2018-04-24,0.9805179842305304,1.397261918106838
2018-04-26,0.9806549812998869,1.398861415974978
2018-04-27,0.9818334204109407,1.4005424077967334
2018-04-30,0.9818524531113051,1.4005695571109054
2018-05-01,0.9818524531113051,1.3999383061892892
2018-05-02,0.9818524531113051,1.4004231017306983
2018-05-03,0.9817003944975319,1.4006399840075316
2018-05-04,0.9813522972747919,1.4011366313463982
2018-05-07,0.9815294062261707,1.4008837620758976
2018-05-08,0.9817466253645478,1.4005737369642357
2018-05-09,0.980793116231203,1.4019340266923743
2018-05-10,0.9807192676823807,1.401828468454146
2018-05-11,0.9819027013734966,1.403520054510831
2018-05-14,0.9826451505230192,1.4045813025034801
2018-05-15,0.9828170672768177,1.4048270382686685
2018-05-16,0.9827996960859148,1.404802208094794
2018-05-17,0.9827996960859148,1.4048139176012315
2018-05-18,0.9827996960859148,1.405915536501514
2018-05-21,0.9827996960859148,1.4067115876719356
2018-05-22,0.9827996960859148,1.4066515177564616
2018-05-23,0.9827996960859148,1.4063771858935634
2018-05-24,0.9824347465824185,1.4068994252244915
2018-05-25,0.9822872492665525,1.407110649318138
2018-05-28,0.982610268378987,1.406647929646902
2018-05-29,0.9821730610889804,1.4072738102723192
2018-05-30,0.9819378084996833,1.407610884074109
2018-05-31,0.9809895034499255,1.4062514858536648
2018-06-01,0.9818353856932088,1.4074640606643951
2018-06-04,0.9827648479386465,1.4087964476665953
2018-06-05,0.9823521007660727,1.4082047733187328
2018-06-06,0.9826104860599076,1.4085751694362247
2018-06-07,0.982517014769507,1.4087091608199738
2018-06-08,0.9820788221227278,1.4093374308513755
2018-06-11,0.9819359388019953,1.4095424763198414
2018-06-12,0.9824636559905862,1.4087849525716931
2018-06-13,0.9827910955262984,1.4083154269175118
2018-06-14,0.9826175432646469,1.4080667308023629
2018-06-15,0.9834493571339483,1.409258699583718
2018-06-18,0.9841938801909412,1.4103255827816141
2018-06-19,0.985826775913115,1.4126654821219244
2018-06-20,0.9864239461708793,1.413521212388849
2018-06-21,0.9860413333526482,1.4129729376467355
2018-06-25,0.9861663279579802,1.4125279115680662
2018-06-26,0.9864931913291677,1.4129960918556934
2018-06-27,0.9869181739690703,1.4136048125387828
2018-06-28,0.9869181739690703,1.4133113667328598
2018-06-29,0.9869181739690703,1.4130091057934984
2018-07-02,0.9869181739690703,1.4141242828777258
2018-07-03,0.9869181739690703,1.4144908187483642
2018-07-04,0.9869181739690703,1.4139922809034813
2018-07-05,0.9869181739690703,1.4146567265186527
2018-07-06,0.9869181739690703,1.4147110580963
2018-07-09,0.9869181739690703,1.4130015750912637
2018-07-10,0.9869181739690703,1.4133617115913575
2018-07-11,0.9869181739690703,1.4134943357936418
2018-07-12,0.9862302905641575,1.4144795434047455
2018-07-13,0.9861118560010569,1.4146494056248988
2018-07-16,0.9862607666989962,1.4144357823639582
2018-07-17,0.986210716246879,1.4145075617075034
2018-07-18,0.9852648717422694,1.4158641726040684
2018-07-19,0.9852648717422694,1.4167348877589732
2018-07-20,0.9852648717422694,1.4163606824144939
2018-07-23,0.9852648717422694,1.41690233587877
2018-07-24,0.9852648717422694,1.4169463297635052
2018-07-25,0.9852648717422694,1.4178559814174907
2018-07-26,0.9852648717422694,1.418152439296044
2018-07-27,0.9852648717422694,1.4187470411282876
2018-07-30,0.9852648717422694,1.4199926191836119
2018-07-31,0.9852648717422694,1.420338929810447
2018-08-01,0.9852648717422694,1.4213312846783388
2018-08-02,0.9852648717422694,1.42230209644671
2018-08-03,0.9852648717422694,1.4226745411387534
2018-08-06,0.9852648717422694,1.4226489753001967
2018-08-07,0.9852648717422694,1.4241372793047307
2018-08-08,0.9852648717422694,1.4241399538112165
2018-08-09,0.9853598812064208,1.4242772841654885
2018-08-10,0.9862073933190417,1.4255023109532476
2018-08-13,0.9862073933190417,1.4270578406658891
2018-08-14,0.9862073933190417,1.4273443439333389
2018-08-15,0.9862073933190417,1.4274228131028697
2018-08-16,0.9864057431128455,1.4271357243803882
2018-08-17,0.9857773667937468,1.4280448617202726
2018-08-20,0.9847229460615993,1.4295723466873218
2018-08-22,0.9845828303144114,1.4301127570758538
2018-08-23,0.9845828303144114,1.4299569720312792
2018-08-24,0.9845828303144114,1.430915751791942
2018-08-27,0.9845828303144114,1.4299099224794471
2018-08-28,0.9845828303144114,1.4314677997021823
2018-08-29,0.9845828303144114,1.431691319059784
2018-08-30,0.9845828303144114,1.4327066995062834
2018-08-31,0.9845828303144114,1.4318986268895988
2018-09-03,0.9845828303144114,1.4317470332969202
2018-09-04,0.9845828303144114,1.431996027354937
2018-09-05,0.9845828303144114,1.432986599132672
2018-09-06,0.9837893910174506,1.4341413906288907
2018-09-07,0.9840032046494335,1.4338296989372468
2018-09-10,0.9836783746738172,1.4343030214467092
2018-09-11,0.9835695644842319,1.4344616777592851
2018-09-12,0.9836017569185403,1.4344147275332952
2018-09-13,0.9844041356369923,1.4355848594924048
2018-09-14,0.984664853085874,1.4359650712455563
2018-09-17,0.9851665395593482,1.436696695056813
2018-09-18,0.9856964153959299,1.4374694282269305
2018-09-19,0.9860552795649467,1.4379927701644584
2018-09-20,0.986751206429237,1.4390076603234099
2018-09-21,0.9876356449600734,1.4402974624667124
2018-09-24,0.9870303915048239,1.4394148039476586
2018-09-25,0.9872268537956673,1.4397013105560583
2018-09-26,0.9876880173838124,1.4403738386783238
2018-09-27,0.9876880173838124,1.4409068877869873
2018-09-28,0.9876880173838124,1.4414558457582314
2018-10-01,0.9876880173838124,1.4410084536925227
2018-10-02,0.9876880173838124,1.4417050827857367
2018-10-03,0.9876880173838124,1.441743357302923
2018-10-04,0.9877041547508393,1.4417669132652369
2018-10-05,0.9883866057283859,1.4427630974309302
2018-10-08,0.9876980144377077,1.4417579501559217
2018-10-09,0.9891592130060923,1.4438908841316211
2018-10-10,0.9888976366946431,1.443509057175313
2018-10-11,0.9895549659265109,1.4444685707432885
2018-10-12,0.9899314081977352,1.4450180693039607
2018-10-15,0.9911862195622599,1.446849736710703
2018-10-16,0.9918326381910243,1.44779332390388
2018-10-17,0.9922756610187609,1.448440011124724
2018-10-19,0.9921902727863605,1.4494849264518836
2018-10-22,0.9926067375150415,1.4488765155823367
2018-10-23,0.9925755320554712,1.4489220652001467
2018-10-24,0.9919807241647106,1.4497903419706746
2018-10-25,0.9910391070347643,1.4511665253859116
2018-10-26,0.990391658745162,1.4521145760512384
2018-10-29,0.9905620630272333,1.4518647288926598
2018-10-30,0.9900997369751928,1.452542359213121
2018-10-31,0.9906943107469256,1.4516700798286648
2018-11-01,0.9906943107469256,1.452111205397492
2018-11-02,0.9906943107469256,1.4531930711480217
2018-11-05,0.9906943107469256,1.4533208246256173
2018-11-06,0.9906943107469256,1.452898848780844
2018-11-07,0.9906943107469256,1.4534377484992993
2018-11-08,0.9913567297678826,1.454409576842249
2018-11-09,0.9915734213627089,1.4547274829211336
2018-11-12,0.9918052013791848,1.455067525073026
2018-11-13,0.9916510750653968,1.45484140789433
2018-11-14,0.9920855084381495,1.455478760765258
2018-11-15,0.9920855084381495,1.4559798710833043
2018-11-16,0.9920855084381495,1.4561465393387596
2018-11-19,0.9920855084381495,1.4562147518390791
2018-11-20,0.9920855084381495,1.4569568113445817
2018-11-21,0.9920855084381495,1.4588512786994248
2018-11-22,0.9935838890096357,1.4610546315294972
2018-11-23,0.9936185057399214,1.461105535066352
2018-11-26,0.9938776901127857,1.4614866629535714
2018-11-27,0.9940622684364981,1.4617580834322277
2018-11-28,0.9944303910829804,1.4622994039020571
2018-11-29,0.9946344865318593,1.462599524107464
2018-11-30,0.9941566497984611,1.4618968702297506
2018-12-03,0.9945659375600684,1.4624987235672888
2018-12-04,0.9953274682554354,1.4636185464245484
2018-12-05,0.9954271387477411,1.463765110832467
2018-12-06,0.9962739257812443,1.4650103022359349
2018-12-07,0.9964399808196236,1.465254484418835
2018-12-10,0.9969841199801202,1.4660546353164432
2018-12-11,0.9975590360033149,1.4669000432661095
2018-12-12,0.99781314078735,1.4672737016715194
2018-12-13,0.997612236530885,1.4675691292621322
2018-12-14,0.9975473813802354,1.4676645364889904
2018-12-18,0.9966127221684152,1.4695492916058301
2018-12-19,0.9957983657721439,1.4707500959289492
2018-12-20,0.9957983657721439,1.471066028920524
2018-12-21,0.9957983657721439,1.4711714978551165
2018-12-24,0.9957983657721439,1.4718740381263897
2018-12-25,0.9957983657721439,1.4716850320958033
2018-12-26,0.9957983657721439,1.472690287730761
2018-12-27,0.9951136577795925,1.4737029051894974
2018-12-28,0.9951545212653569,1.473642388848257
2018-12-31,0.9946985387554829,1.4743176158012226
2019-01-01,0.9941128550034691,1.475185701798376
2019-01-02,0.9939279987862969,1.4754600139623204
2019-01-03,0.9939279987862969,1.4754262341224813
2019-01-04,0.9939279987862969,1.4759946585292323
2019-01-07,0.9939279987862969,1.4764616257620657
2019-01-08,0.9939279987862969,1.4754653756593836
2019-01-09,0.9939279987862969,1.4759728056072947
2019-01-10,0.993659099032128,1.4763721189630632
2019-01-11,0.9928329727275256,1.477599571963841
2019-01-14,0.9921737331642742,1.478580695801626
2019-01-15,0.9915893729219947,1.479451534995154
2019-01-16,0.9913698655498664,1.4797790400365611
2019-01-17,0.9913698655498664,1.479312019057642
2019-01-18,0.9913698655498664,1.4789615833535388
2019-01-21,0.9913698655498664,1.4800914570824497
2019-01-22,0.9913698655498664,1.4805972530998213
2019-01-23,0.9913698655498664,1.4805177896551582
2019-01-24,0.9918317723734994,1.481207604116255
2019-01-25,0.9918923500918182,1.481298071249405
2019-01-28,0.9915319002728649,1.4807597732964584
2019-01-29,0.9928323988593583,1.4827019457990056
2019-01-30,0.9941766668761451,1.4847094838350883
2019-01-31,0.9947251281829361,1.4855285592880134
2019-02-01,0.9944052575955523,1.4850508626064156
2019-02-04,0.9951217045216411,1.4861208088053852
2019-02-05,0.9970551682334098,1.489008255277584
2019-02-06,0.996804420930533,1.4886337877296814
2019-02-07,0.996804420930533,1.4886893123704608
2019-02-08,0.996804420930533,1.4891836352556906
2019-02-11,0.996804420930533,1.49018619006831
2019-02-12,0.996804420930533,1.4912981238113872
2019-02-14,0.9967827062020411,1.4911466597546585
2019-02-15,0.9969512573782667,1.4908945140042729
2019-02-18,0.9952050838360991,1.4935058358068687
2019-02-19,0.9949167940549712,1.4939384727351874
2019-02-20,0.9938928696842978,1.4954759681515486
2019-02-21,0.9938928696842978,1.4955060319916336
2019-02-22,0.9938928696842978,1.4953649443902093
2019-02-25,0.9938928696842978,1.4947749751023356
2019-02-26,0.9938928696842978,1.495557705429534
2019-02-27,0.9938928696842978,1.4953867373607708
2019-02-28,0.9938097386141809,1.4952616603997548
2019-03-01,0.9930571246078355,1.4941292958987413
2019-03-04,0.9937001597180855,1.4950967906910428
2019-03-05,0.9936659717095998,1.4950453522553466
2019-03-06,0.9943638981490701,1.4960954351899076
2019-03-07,0.9943638981490701,1.4979060735841847
2019-03-08,0.9943638981490701,1.4974375704387521
2019-03-11,0.9943638981490701,1.4976352407471372
2019-03-12,0.9943638981490701,1.4967292396833978
2019-03-13,0.9943638981490701,1.4980057623328076
2019-03-14,0.994584461634098,1.4983380404576943
2019-03-15,0.9937321210327366,1.497053992299182
2019-03-18,0.9934623228875433,1.4966475423295897
2019-03-19,0.9933437432457898,1.4964689025107338
2019-03-20,0.9936491846593487,1.4969290489404443
2019-03-21,0.9936491846593487,1.497917397822714
2019-03-22,0.9936491846593487,1.4975178889694631
2019-03-25,0.9936491846593487,1.4984712017251887
2019-03-26,0.9936491846593487,1.4986752236888021
2019-03-27,0.9936491846593487,1.5008942457326218
2019-03-28,0.9936491846593487,1.5014309192079844
2019-03-29,0.9936491846593487,1.500277555495682
2019-04-01,0.9936491846593487,1.5012629266025028
2019-04-02,0.9936491846593487,1.5008558965719627
2019-04-03,0.9936491846593487,1.501707623713218
2019-04-04,0.9943170543445261,1.5027169789397528
2019-04-05,0.9938838853882012,1.5020623282500407
2019-04-08,0.9945839142517604,1.5031202858244603
2019-04-09,0.9944867397150637,1.5029734253984255
2019-04-10,0.9950005407083399,1.5037499357408948
2019-04-11,0.9950005407083399,1.5050084125646284
2019-04-15,0.9950005407083399,1.5047357246612092
2019-04-16,0.9950005407083399,1.5045689409684686
2019-04-17,0.9950005407083399,1.5053123042435899
2019-04-18,0.9950005407083399,1.504620598682311
2019-04-19,0.9950005407083399,1.504751297096577
2019-04-22,0.9950005407083399,1.5053617174173186
2019-04-23,0.9950005407083399,1.5061532282804082
2019-04-24,0.9950005407083399,1.506699496865233
2019-04-25,0.9948080607925585,1.5064080302977292
2019-04-26,0.9952943941223225,1.507144470282719
2019-04-29,0.994951677236127,1.5066255043737855
2019-04-30,0.9952091134473369,1.5070153323126012
2019-05-01,0.9957623964866539,1.5078531522361658
2019-05-02,0.9955129499992025,1.5074754228965714
2019-05-03,0.9956643714526602,1.507704715865173
2019-05-06,0.9952773061197552,1.5071185944325889
2019-05-07,0.9952866778523038,1.5071327857663
2019-05-08,0.9956982634228722,1.5077560374598626
2019-05-09,0.9958503139489662,1.5079862830143032
2019-05-10,0.9958574440771222,1.5079970799536673
2019-05-13,0.9969675209735992,1.5096780361270308
2019-05-14,0.9979156072043321,1.5111136946904054
2019-05-15,0.997545207979347,1.5105528102455315
2019-05-16,0.997545207979347,1.5108476480842294
2019-05-17,0.997545207979347,1.5120506296162854
2019-05-20,0.997545207979347,1.5132878400095433
2019-05-21,0.997545207979347,1.5144182287821935
2019-05-22,0.997545207979347,1.5160374277599762
2019-05-23,0.997681541213671,1.5162446226662616
2019-05-24,0.9977969120664658,1.5164199596129087
2019-05-27,0.9980097998371423,1.5167434996647042
2019-05-28,0.9981461892635107,1.5169507799698687
2019-05-29,0.9980854018143167,1.5168583971411216
2019-05-30,0.9980854018143167,1.5156127230004999
2019-05-31,0.9980854018143167,1.5168647876543997
2019-06-03,0.9980854018143167,1.5159792401612475
2019-06-04,0.9980854018143167,1.5151802223304605
2019-06-05,0.9980854018143167,1.5157124375025401
2019-06-06,0.9980901622836046,1.5157052081587437
2019-06-07,0.9978732880566387,1.5160345545522353
2019-06-10,0.9975170448042106,1.5165757826690425
2019-06-12,0.9974070473164741,1.5164183438551482
2019-06-13,0.9971630874112045,1.5167892508750167
2019-06-14,0.9970095586728205,1.5170227841285246
2019-06-17,0.9960367454139478,1.5185029904771745
2019-06-18,0.9958255137110917,1.5188250227455093
2019-06-19,0.9963072865415051,1.5180902267194627
2019-06-20,0.9963072865415051,1.519251787204541
2019-06-21,0.9963072865415051,1.520005727744885
2019-06-24,0.9963072865415051,1.5198971668619512
2019-06-25,0.9963072865415051,1.520450897622332
2019-06-26,0.9963072865415051,1.5206025066331703
2019-06-27,0.99617792893762,1.5204050760819972
2019-06-28,0.9968326493154545,1.5214043355084086
2019-07-01,0.9966342648532548,1.521101553510753
2019-07-02,0.9966468056843654,1.5211206938096142
2019-07-03,0.9970468642725393,1.5217312786163248
2019-07-04,0.9970468642725393,1.5221055864144049
2019-07-05,0.9970468642725393,1.5224816479163557
2019-07-08,0.9970468642725393,1.521768217756574
2019-07-09,0.9970468642725393,1.5214889217388197
2019-07-10,0.9970468642725393,1.5215083493558688
2019-07-11,0.9969358529842753,1.521338944478306
2019-07-12,0.9978346309084926,1.5227104929630517
2019-07-15,0.9978346309084926,1.5214046486578954
2019-07-16,0.9978346309084926,1.5211354107374553
2019-07-17,0.9978346309084926,1.5218302036137135
2019-07-18,0.9984760407969452,1.520851968432344
2019-07-19,0.997845768911858,1.521811981690466
2019-07-22,0.9982295198623103,1.5212267241160211
2019-07-23,0.997900599087297,1.5217279746431909
2019-07-24,0.9976814981579779,1.522062088094691
2019-07-25,0.9978483551737697,1.522316645023268
2019-07-26,0.9981274522603989,1.5227424353132957
2019-07-29,0.9977527210982434,1.5221707457548568
2019-07-30,0.9981058440546811,1.5227094698520982
2019-07-31,0.9983098823430974,1.5230207505001723
2019-08-01,0.9979188928487096,1.5224242572432063
2019-08-02,0.9983889467895019,1.5231413711557729
2019-08-05,0.9980931462172578,1.522690098041577
2019-08-06,0.9972247252112153,1.521365235655893
2019-08-07,0.9974757187820562,1.521748151244924
2019-08-09,0.9974757187820562,1.5221580525748677
2019-08-12,0.9974757187820562,1.5223746590896499
2019-08-13,0.9974757187820562,1.5225514318058575
2019-08-14,0.9979695301851983,1.5217976758549718
2019-08-15,0.9979695301851983,1.5224149343441935
2019-08-16,0.9979695301851983,1.5235977760503427
2019-08-19,0.9979695301851983,1.5231070515271439
2019-08-20,0.9979695301851983,1.5238526285487126
2019-08-21,0.9979695301851983,1.524101843472457
2019-08-22,0.9976871516841258,1.5236705942398658
2019-08-23,0.9974056900750671,1.5232407452873096
2019-08-26,0.996389774567921,1.5216892362978856
2019-08-27,0.9959656819685929,1.5210415609001016
2019-08-28,0.9966995710452035,1.5221623583400383
2019-08-29,0.9966995710452035,1.5221679352375246
2019-08-30,0.9966995710452035,1.522066716927536
2019-09-02,0.9966995710452035,1.5230571878416297
2019-09-03,0.9966995710452035,1.5238193702838196
2019-09-04,0.9966995710452035,1.5234845700086546
2019-09-05,0.9959552614750488,1.5246222690489493
2019-09-06,0.99619633860349,1.52425322480289
2019-09-09,0.9962474648706447,1.524174997876567
2019-09-10,0.9958105795215402,1.5248433957892584
2019-09-11,0.9964380680009928,1.5238825487330974
2019-09-12,0.9967117026100439,1.5234640711389011
2019-09-13,0.997285738017984,1.5225866636425625
2019-09-16,0.9969281684705922,1.5231325760159469
2019-09-17,0.9972073963571828,1.5227059644468801
2019-09-18,0.9974245009426804,1.5223744522173746
2019-09-19,0.9975730752914074,1.5221476823791131
2019-09-20,0.997004907432221,1.5230146217657943
2019-09-23,0.9970671235521512,1.5229195810496887
2019-09-24,0.9973505478127395,1.522486679045402
2019-09-25,0.9969133672839224,1.5231540487409634
2019-09-26,0.9962336926128278,1.5221155941860556
2019-09-27,0.9963881034959501,1.5223515139455008
2019-09-30,0.9963405102166851,1.5222787976008472
2019-10-01,0.9966647913481096,1.5227742570203604
2019-10-02,0.9965721458846573,1.522632706794046
2019-10-03,0.9974323516586533,1.5239469894091764
2019-10-04,0.9974440701111074,1.5239648936813892
2019-10-08,0.9973809046178763,1.5244366431021785
2019-10-09,0.9964619596675964,1.5230320910912925
2019-10-10,0.9963339058479727,1.5228363685403394
2019-10-11,0.9977111856656885,1.5249414577918081
2019-10-14,0.9965268626457097,1.5231312913844044
2019-10-15,0.9966579683717405,1.5233316785904925
2019-10-16,0.997005858487188,1.5238634076794553
2019-10-17,0.9973095258864848,1.5233992703487123
2019-10-18,0.9972708739039214,1.5234583115997042
2019-10-21,0.9966447216790637,1.5244148388945926
2019-10-22,0.9968806217815113,1.5240540186254983
2019-10-23,0.9968962032217016,1.524030197361428
2019-10-24,0.996537330013487,1.5234815608990007
2019-10-25,0.9967012140878003,1.5237321028082917
2019-10-28,0.9972186329066612,1.5245231198691238
2019-10-29,0.9973432392590661,1.5247136149710554
2019-10-30,0.9973099109228735,1.524662663437063
2019-10-31,0.9977808175420493,1.5239427530738356
2019-11-01,0.9980588876905445,1.5235180475872243
2019-11-04,0.9984785246190558,1.5228774797390683
2019-11-05,0.9982760111820003,1.5231863528345155
2019-11-06,0.9987201646503449,1.5225086559911891
2019-11-07,0.9987201646503449,1.5230822256086198
2019-11-08,0.9987201646503449,1.5234979796037837
2019-11-11,0.9987201646503449,1.5241953434806932
2019-11-12,0.9987201646503449,1.5235937334781016
2019-11-13,0.9987201646503449,1.522789100831761
2019-11-14,0.9989975403521373,1.5223661748606276
2019-11-15,0.9998523385759165,1.5210635531326966
2019-11-18,0.9994124358148702,1.5217327720072586
2019-11-19,0.9996459399800817,1.5213772321641779
2019-11-20,0.9996301037888891,1.5214013335182286
2019-11-21,1.0001142547593498,1.5206644730242407
2019-11-22,1.0002492664423177,1.5204591890091839
2019-11-25,1.0002651215070297,1.5204350880379134
2019-11-26,1.0006562022239585,1.5198406327965093
2019-11-27,1.0012994485822808,1.5188636419478003
2019-11-28,1.0016699156476188,1.5194256006674196
2019-11-29,1.0017992850550832,1.5196218401536754
2019-12-02,1.0022066234247822,1.5202397286790132
2019-12-03,1.0032413924518842,1.5218093620742021
2019-12-05,1.0032413924518842,1.5210775811132913
2019-12-06,1.0032413924518842,1.5207520667603154
2019-12-09,1.0032413924518842,1.5219502669654745
2019-12-10,1.0032413924518842,1.5221558020925978
2019-12-11,1.0032413924518842,1.523314238405606
2019-12-12,1.0038056194792748,1.5224575203006872
2019-12-13,1.0036559626563628,1.5226845026477525
2019-12-16,1.0040587562018708,1.5220734092927264
2019-12-17,1.004645270718865,1.5211842998208285
2019-12-18,1.0044849847069404,1.521426996991588
2019-12-19,1.0044849847069404,1.5214893696086842
2019-12-20,1.0044849847069404,1.5212736395259132
2019-12-23,1.0044849847069404,1.5214947841327358
2019-12-24,1.0044849847069404,1.521217799342606
2019-12-25,1.0044849847069404,1.5213800916461115
2019-12-26,1.0044849847069404,1.5221388101838218
2019-12-27,1.0044849847069404,1.5235657443344244
2019-12-30,1.0044849847069404,1.5230969692283622
2019-12-31,1.0044849847069404,1.52279487677783
2020-01-01,1.0044849847069404,1.522334632067187
2020-01-02,1.0044849847069404,1.52171172756287
2020-01-03,1.0044849847069404,1.5205492022616618
2020-01-06,1.0044849847069404,1.5207105072306577
2020-01-07,1.0044849847069404,1.5206259483690436
2020-01-08,1.0044849847069404,1.520132820525077
2020-01-09,1.0044849847069404,1.5210697763712062
2020-01-10,1.0044849847069404,1.5202082491998916
2020-01-13,1.0044849847069404,1.5201381482430554
2020-01-14,1.0044849847069404,1.5196393131527641
2020-01-15,1.0044849847069404,1.5201515119786198
2020-01-16,1.0049241286627526,1.5208160966748252
2020-01-17,1.005320413986489,1.521415820655994
2020-01-20,1.0050386357774144,1.520989387631022
2020-01-21,1.0049338788897275,1.520830852318268
2020-01-22,1.0040216845538155,1.519450370160678
2020-01-23,1.0040216845538155,1.51962625121265
2020-01-24,1.0040216845538155,1.520529440818796
2020-01-27,1.0040216845538155,1.519789916217922
2020-01-28,1.0040216845538155,1.5198583955558684
2020-01-29,1.0040216845538155,1.5192401897968397
2020-01-30,1.0040216845538155,1.518668084146009
2020-02-03,1.0040216845538155,1.520438780835653
2020-02-04,1.0040216845538155,1.521678262236125
2020-02-05,1.0040216845538155,1.5214908302375754
2020-02-06,1.0043719305919083,1.5209600686579365
2020-02-07,1.005299452419354,1.5195554857346343
2020-02-10,1.00590995697302,1.5186326805531962
2020-02-11,1.0062374626641573,1.518138241819212
2020-02-12,1.0058966425032245,1.518652446605948
2020-02-13,1.0058966425032245,1.5191892802049256
2020-02-14,1.0058966425032245,1.518450239039078
2020-02-17,1.0058966425032245,1.518234289318105
2020-02-18,1.0058966425032245,1.5183325122962967
2020-02-19,1.0058966425032245,1.5179990726218417
2020-02-20,1.0058966425032245,1.5178855698396316
2020-02-21,1.0058966425032245,1.517144070911542
2020-02-24,1.0058966425032245,1.516571664296252
2020-02-25,1.0058966425032245,1.5161689677761667
2020-02-26,1.0058966425032245,1.515666038905304
2020-02-27,1.0058966425032245,1.5160259403607907
2020-02-28,1.0058966425032245,1.5165306735929953
2020-03-02,1.0058966425032245,1.5164144145353335
2020-03-03,1.0058966425032245,1.5171960539645053
2020-03-04,1.0058966425032245,1.5170136162303824
2020-03-05,1.0067656654634136,1.51832420780383
2020-03-06,1.006766550359876,1.5183255423345614
2020-03-09,1.0070738080481136,1.5187889240350791
2020-03-10,1.006573916662838,1.5180350274555934
2020-03-11,1.0070940168898272,1.5188194014089487
2020-03-12,1.0070940168898272,1.5197889060124397
2020-03-13,1.0070940168898272,1.5190359216101486
2020-03-16,1.0070940168898272,1.5192151341796856
2020-03-17,1.0070940168898272,1.5187199539205125
2020-03-18,1.0070940168898272,1.5183556195042454
2020-03-19,1.0073717995113336,1.5179368176870451
2020-03-20,1.0072243266575411,1.5181590340271192
2020-03-23,1.0066962330177875,1.5189550137396672
2020-03-24,1.006554044829769,1.5191695545852586
2020-03-25,1.0072645287688489,1.5180972370332941
2020-03-26,1.0072645287688489,1.516729805329541
2020-03-27,1.0072645287688489,1.5171537290549435
2020-03-30,1.0072645287688489,1.5165078055440715
2020-04-01,1.0072645287688489,1.5183617291800715
2020-04-02,1.0070542336292099,1.5186787304073965
2020-04-03,1.006868013555503,1.5189595578501196
2020-04-06,1.0065232122383554,1.5194797245941112
2020-04-07,1.0070542181909787,1.5186781009764545
2020-04-08,1.0073666253904752,1.518206978405403
2020-04-09,1.0073666253904752,1.5172994898966778
2020-04-10,1.0073666253904752,1.5165011188268427
2020-04-13,1.0073666253904752,1.516486351136504
2020-04-14,1.0073666253904752,1.5159442175565647
2020-04-15,1.0073666253904752,1.5150054856106936
2020-04-16,1.0066653261972585,1.516060188137061
2020-04-17,1.00731396276565,1.5150833271562392
2020-04-20,1.0067734624458278,1.5158962842412742
2020-04-21,1.0062333717766134,1.516709497411024
2020-04-22,1.0062754312794893,1.5166461005398237
2020-04-23,1.0062754312794893,1.5170938000194234
2020-04-24,1.0062754312794893,1.516890315278685
2020-04-27,1.0062754312794893,1.5167318603704207
2020-04-28,1.0062754312794893,1.5169058414483931
2020-04-29,1.0062754312794893,1.5172109265436358
2020-04-30,1.0062540485985163,1.5172431662627055
2020-05-01,1.0063916583408716,1.5170356764727357
2020-05-04,1.0066033984820408,1.51671649919654
2020-05-05,1.007786799817674,1.5149333894498092
2020-05-06,1.00846293306009,1.513917006991894
2020-05-07,1.00846293306009,1.5139218764850357
2020-05-08,1.00846293306009,1.5152426354951996
2020-05-11,1.00846293306009,1.5146074484144154
2020-05-12,1.00846293306009,1.5149585947365496
2020-05-13,1.00846293306009,1.51525959912973
2020-05-14,1.00846293306009,1.5147210050593265
2020-05-15,1.00846293306009,1.5141641869641094
2020-05-18,1.00846293306009,1.5140503963114504
2020-05-19,1.00846293306009,1.5143729488235775
2020-05-20,1.00846293306009,1.5136757470527422
2020-05-21,1.0082565982627256,1.5139854500356729
2020-05-22,1.008339394243636,1.51386112463018
2020-05-25,1.008170755887581,1.5141143082832342
2020-05-26,1.0084118693204662,1.513752193734167
2020-05-27,1.0089492554544561,1.5129455100130031
2020-05-29,1.0075945275580271,1.5113021646599298
2020-06-01,1.0083084753422453,1.5123730228297911
2020-06-02,1.0084643809130323,1.5126068673179942
2020-06-03,1.0081023531275255,1.5120638578425167
2020-06-04,1.0088847342783542,1.5108903557099653
2020-06-05,1.0089769653122018,1.5107522319235676
2020-06-08,1.009249177194126,1.5103446460992014
2020-06-09,1.0095198889173196,1.5099395251330405
2020-06-10,1.0096116857827961,1.509802224504308
2020-06-11,1.0096116857827961,1.5085388368685275
2020-06-12,1.0096116857827961,1.5075271757058855
2020-06-15,1.0096116857827961,1.5068994616781486
2020-06-16,1.0096116857827961,1.5068477838499719
2020-06-17,1.0096116857827961,1.5061010939439308
2020-06-18,1.0096116857827961,1.5066788104463833
2020-06-19,1.0096116857827961,1.5062608048704853
2020-06-22,1.0096116857827961,1.505117541147924
2020-06-23,1.0096116857827961,1.5051680619794106
2020-06-24,1.0096116857827961,1.5036825252847807
2020-06-25,1.0093638677802574,1.5040516172882865
2020-06-26,1.0102635036281815,1.5027110712322675
2020-06-29,1.0099420689420564,1.5031891875452728
2020-06-30,1.0104029467891986,1.5025032208765814
2020-07-01,1.011352892637829,1.5010906193973783
2020-07-02,1.0110716094765617,1.5006731276219096
2020-07-03,1.01058930977885,1.4999572790222335
2020-07-06,1.0104029453358256,1.4996806694240907
2020-07-07,1.0095498943377907,1.4984145368403612
2020-07-08,1.0088863612764332,1.497429694396824
2020-07-09,1.0087849300833733,1.497279146142575
2020-07-10,1.0084186907522092,1.4967355590045277
2020-07-13,1.0075988297346758,1.4955186883240879
2020-07-14,1.00776983835988,1.4957725062001217
2020-07-15,1.007603502083882,1.495525623212607
2020-07-16,1.0074967241568056,1.495367139120793
2020-07-17,1.0074368509516032,1.4952782729027432
2020-07-20,1.0062441224656125,1.4935079773364361
2020-07-21,1.0060814212208435,1.493266489608399
2020-07-22,1.0050454368608241,1.4917288399749347
2020-07-23,1.0043187126009763,1.490650206614327
2020-07-24,1.0043278233144104,1.4906637291014544
2020-07-28,1.003728147472854,1.4890626069925332
2020-07-29,1.003071072747395,1.4880878157543433
2020-07-30,1.0020220671663052,1.4865315826355847
2020-07-31,1.00135033682707,1.4855350493285775
2020-08-03,1.0006248862587073,1.4844588203543376
2020-08-04,1.000275336465374,1.4839402521266307
2020-08-05,1.0005209595704976,1.4843046418094086
2020-08-06,1.0005209595704976,1.4844383402421801
2020-08-07,1.0005209595704976,1.483469216738868
2020-08-10,1.0005209595704976,1.482875809517135
2020-08-11,1.0005209595704976,1.4835651454078926
2020-08-12,1.0005209595704976,1.4828197628533628
2020-08-13,0.9999186525704284,1.4819271151637123
2020-08-14,0.9998238159009074,1.4817865626980555
2020-08-17,0.99882000366371,1.4802988651048443
2020-08-18,0.9984338896401346,1.4797266257135593
2020-08-19,0.9974368924347186,1.4782490283223613
2020-08-20,0.9974368924347186,1.478061054144729
2020-08-21,0.9974368924347186,1.4766965358709592
2020-08-24,0.9974368924347186,1.4755629558584764
2020-08-25,0.9974368924347186,1.4743366776335756
2020-08-26,0.9974368924347186,1.4751367314954862
2020-08-27,0.9972973238482294,1.4749303196913364
2020-08-28,0.9972030366745579,1.4747908758084736
2020-08-31,0.9971671812274985,1.474737848206043
2020-09-01,0.9967538804006859,1.4741266062964917
2020-09-02,0.9968972957540717,1.474338707189535
2020-09-03,0.9974660150516084,1.4734976126480461
2020-09-04,0.9970609489471105,1.4740959928724704
2020-09-07,0.9979074125488236,1.4728445462034223
2020-09-08,0.9980836602384756,1.4725844164105975
2020-09-09,0.9985008009698177,1.4719689620505114
2020-09-10,0.998935794642263,1.4713277034917742
2020-09-11,0.9997056368715315,1.4701938065933793
2020-09-14,0.9987940045208636,1.4715344774732957
2020-09-15,0.999084055639575,1.4711071418870971
2020-09-16,0.9992234910438333,1.4709018294132583
2020-09-17,0.9990775180323908,1.4706869505883504
2020-09-18,0.9976701926990488,1.4686153045292392
2020-09-21,0.9973877473087839,1.4681995322370807
2020-09-22,0.996812294158782,1.467352439370804
2020-09-24,0.996285948388507,1.4658660991814718
2020-09-25,0.9962854941564452,1.4658654308558954
2020-09-28,0.9959293049463831,1.4653413587370738
2020-09-29,0.994857326735602,1.4637641242886839
2020-09-30,0.9942203237081438,1.4628268821800932
2020-10-01,0.9949254477211903,1.4638643527859123
2020-10-02,0.9950212252497117,1.46400527320374
2020-10-05,0.9943652136897021,1.4630400632576952
2020-10-06,0.9936071754825978,1.4619247383738345
2020-10-07,0.993295846774654,1.461466670888877
2020-10-08,0.993295846774654,1.46234186656839
2020-10-09,0.993295846774654,1.4616375021455874
2020-10-12,0.993295846774654,1.4620175172102854
2020-10-13,0.993295846774654,1.4624756677475048
2020-10-14,0.993295846774654,1.4639555746584025
2020-10-15,0.9923830057251566,1.4626101962925029
2020-10-16,0.9917817447200852,1.4617240359375017
2020-10-19,0.9913615275093186,1.4611047045164889
2020-10-20,0.9900199076419216,1.4591273763213437
2020-10-21,0.9894730906400961,1.4583214575200725
2020-10-22,0.9885562148354986,1.4569701325852422
2020-10-23,0.988840906447345,1.4573897214454739
2020-10-26,0.98822855984574,1.456487222734789
2020-10-27,0.9887226914607119,1.4572154918951825
2020-10-28,0.988000824752167,1.4561515784643893
2020-10-29,0.9885081181543385,1.4554039109829358
2020-10-30,0.9891137075687441,1.4545122873472882
2020-11-02,0.9896322675296738,1.4537497341351273
2020-11-03,0.9904993434143742,1.452476017242281
2020-11-04,0.9908968247104428,1.4518931475476358
2020-11-05,0.9919216547560308,1.450391534379156
2020-11-06,0.9918273240393082,1.4505294651041385
2020-11-09,0.9916368173618672,1.45080807766323
2020-11-10,0.9920518858566145,1.4502008142837146
2020-11-11,0.9916783384185348,1.4507468732213569
2020-11-12,0.9916783384185348,1.4497435293947394
2020-11-13,0.9916783384185348,1.4494812960918722
2020-11-16,0.9916783384185348,1.450178425017098
2020-11-17,0.9916783384185348,1.4499548802507156
2020-11-18,0.9916783384185348,1.449116364942775
2020-11-19,0.9917054639920159,1.4491560029089552
2020-11-23,0.9905996725525436,1.44757023537204
2020-11-24,0.9907575538168268,1.447800948368654
2020-11-25,0.9904219744546304,1.4473105638977317
2020-11-26,0.9904219744546304,1.4458269384505673
2020-11-27,0.9904219744546304,1.446693090648309
2020-11-30,0.9904219744546304,1.4456847416913146
2020-12-01,0.9904219744546304,1.4455026367556814
2020-12-02,0.9904219744546304,1.4447845383012645
2020-12-03,0.9905581510564255,1.4449831868105127
2020-12-04,0.9900179913512897,1.4441952253048895
2020-12-07,0.9891791397598101,1.4429715450548966
2020-12-08,0.9885619395507143,1.442071200209833
2020-12-09,0.9881312418855063,1.4414429171714669
2020-12-10,0.9881312418855063,1.4409556815163227
2020-12-11,0.9881312418855063,1.441102367997205
2020-12-14,0.9881312418855063,1.439823471228039
2020-12-15,0.9881312418855063,1.4403884940935476
2020-12-16,0.9881312418855063,1.4399653294866877
2020-12-17,0.987752897675428,1.4394139831451984
2020-12-18,0.9877074796208669,1.4393477971760393
2020-12-21,0.9876719839831626,1.439296070760078
2020-12-22,0.9880155968079637,1.4397968044010225
2020-12-23,0.9876095033471618,1.439205020152839
2020-12-24,0.9881063568921739,1.4384809747544922
2020-12-25,0.9885258629421824,1.4378702596553308
2020-12-28,0.9894450779379645,1.4365332062162528
2020-12-29,0.990171139320582,1.4354790685898826
2020-12-30,0.9905698991356907,1.4349009752227337
2020-12-31,0.9905698991356907,1.4346221047963439
2021-01-01,0.9905698991356907,1.4334557529162473
2021-01-04,0.9905698991356907,1.432422669229717
2021-01-05,0.9905698991356907,1.432556191849284
2021-01-06,0.9905698991356907,1.4324471416951963
2021-01-07,0.9907755556071479,1.4327445381989332
2021-01-08,0.9910931756859522,1.433203843467976
2021-01-11,0.9902248228449124,1.4319481324412067
2021-01-12,0.9896779097392074,1.4311572502271335
2021-01-13,0.9891416004837829,1.430381702069787
2021-01-14,0.9890483381228565,1.4305165672645133
2021-01-15,0.9899085651556562,1.4292723722392586
2021-01-18,0.9897182414238532,1.4295471697925102
2021-01-20,0.9900516157082218,1.4281954389581806
2021-01-21,0.9898151704714375,1.4278543557223362
2021-01-22,0.9893372436013491,1.4271649240147504
2021-01-25,0.9890477350485425,1.4267472944809994
2021-01-26,0.9886244853438597,1.4261367371240115
2021-01-27,0.9882180539294907,1.4255504409319326
2021-01-28,0.9882180539294907,1.4256128651512145
2021-01-29,0.9882180539294907,1.4236658200430972
2021-02-01,0.9882180539294907,1.4223842126424813
2021-02-02,0.9882180539294907,1.4217414923795229
2021-02-03,0.9882180539294907,1.4215253046208596
2021-02-04,0.9889200529631683,1.420515497740461
2021-02-05,0.9892652961886947,1.4200195796418433
2021-02-08,0.9897202536919921,1.4193665206847805
2021-02-09,0.9896371550398531,1.4194856931926887
2021-02-10,0.9899710300988058,1.4190067996233802
2021-02-11,0.9888924371989494,1.4205528354288615
2021-02-12,0.9894418804321843,1.4197635553074666
2021-02-15,0.9892764883194611,1.4200008786900964
2021-02-16,0.9903443323900868,1.4184681024273467
2021-02-17,0.990788597501055,1.4178317824441655
2021-02-18,0.9901468507661697,1.4187501306359949
2021-02-19,0.990098230989753,1.4188197963770808
2021-02-22,0.9898211414203377,1.4192168682575779
2021-02-23,0.99028079419341,1.4185578128567715
2021-02-24,0.9909211917504429,1.4176404559180225
2021-02-25,0.9909211917504429,1.4168972346678494
2021-02-26,0.9909211917504429,1.4170624490867585
2021-03-01,0.9909211917504429,1.4163953079657259
2021-03-02,0.9909211917504429,1.4167943584955
2021-03-03,0.9909211917504429,1.4156961042915548
2021-03-04,0.9900567576164911,1.414461116034123
2021-03-05,0.9897992836110641,1.4140932714976713
2021-03-08,0.9891417458972517,1.4131538692650634
2021-03-09,0.9890946300569263,1.4130865564331707
2021-03-10,0.9880945757261459,1.4116578121173238
2021-03-11,0.9880945757261459,1.411643961224831
2021-03-12,0.9880945757261459,1.4113682160223735
2021-03-15,0.9880945757261459,1.4113945370681003
2021-03-16,0.9880945757261459,1.4114344070778195
2021-03-17,0.9880945757261459,1.4108703180004571
2021-03-19,0.988061238504341,1.4096179925969883
2021-03-22,0.988494693507314,1.4089996038298136
2021-03-23,0.9885900705088119,1.4088636535225356
2021-03-24,0.989027121858128,1.4082408010590695
2021-03-25,0.989027121858128,1.4076400150913517
2021-03-26,0.989027121858128,1.4081144255717826
2021-03-29,0.989027121858128,1.4073279746564784
2021-03-30,0.989027121858128,1.4070837819688764
2021-03-31,0.989027121858128,1.406097101865885
2021-04-01,0.989027121858128,1.406330806754793
2021-04-02,0.989027121858128,1.4058714923528464
2021-04-05,0.989027121858128,1.4048243998357193
2021-04-06,0.989027121858128,1.404218858201343
2021-04-07,0.989027121858128,1.4043131313836816
2021-04-08,0.9885545363121888,1.4036421102628274
2021-04-09,0.9887291641039395,1.4038900631203783
2021-04-12,0.9886790279543165,1.4038188751299616
2021-04-13,0.9881557903169432,1.403075933436293
2021-04-14,0.9872189604845728,1.4017457348943176
2021-04-15,0.9872189604845728,1.4015407195194038
2021-04-16,0.9872189604845728,1.4020566727564252
2021-04-19,0.9872189604845728,1.401289553395042
2021-04-20,0.9872189604845728,1.4011747040125218
2021-04-21,0.9872189604845728,1.4017721103233352
2021-04-22,0.9865867803029937,1.4008744649349183
2021-04-23,0.9864818094870585,1.4007254147565225
2021-04-26,0.9854957336312224,1.3993252657635413
2021-04-27,0.9853986349816982,1.3991873934329833
2021-04-28,0.9866054401791229,1.4009009604693303
2021-04-29,0.9859257847677364,1.3999359040447208
2021-04-30,0.9852392756284692,1.3989611158736808
2021-05-03,0.9851530123861072,1.39883862895626
2021-05-04,0.9849780867981575,1.3985902485863677
2021-05-05,0.9831799726699954,1.3960370700748865
2021-05-06,0.9831799726699954,1.3951886809795264
2021-05-07,0.9831799726699954,1.3940566111600492
2021-05-10,0.9831799726699954,1.3942911243832201
2021-05-11,0.9831799726699954,1.3951094770839332
2021-05-12,0.9831799726699954,1.3941207791852515
2021-05-13,0.9834318136530097,1.3937636759516314
2021-05-14,0.983559371821196,1.3935828947943403
2021-05-18,0.9841096020502502,1.392274897141084
2021-05-19,0.9846124311609459,1.391563516673995
2021-05-20,0.9844068192657848,1.3918541102139963
2021-05-21,0.9849441248313582,1.391094413160656
2021-05-24,0.9844876788705115,1.391739078588913
2021-05-25,0.9837720062785847,1.3927508022854476
2021-05-26,0.9846753945325661,1.3914718527854844
2021-05-27,0.9856428950548561,1.3901046512165236
2021-05-28,0.985747501824599,1.3899571187198174
2021-05-31,0.9859815219343607,1.3896271377491483
2021-06-01,0.9862548173236797,1.389241959445934
2021-06-02,0.9868293616832605,1.3884326542665093
2021-06-03,0.9869835256977535,1.388649557370679
2021-06-04,0.9867228780066395,1.388282835645877
2021-06-07,0.9857093820273743,1.3868568840404452
2021-06-08,0.9848228785469066,1.3856096062149224
2021-06-09,0.9845524028739259,1.3852290568807288
2021-06-10,0.9840501082122338,1.384522346746803
2021-06-11,0.9842388021290334,1.3847878321548366
2021-06-14,0.9832957391556085,1.3834609772008055
2021-06-15,0.9830024128799059,1.3830482779081485
2021-06-16,0.9825411673452682,1.3823993223877806
2021-06-17,0.9825791005909902,1.3824526930707859
2021-06-18,0.9815590703744963,1.381017548033651
2021-06-21,0.981126832032651,1.3804094045677733
2021-06-22,0.9805827294317075,1.3796438721994086
2021-06-23,0.9804877046384369,1.3795101758066333
2021-06-24,0.9800008466693585,1.3788251845320472
2021-06-25,0.9798363297698974,1.3785937152991083
2021-06-28,0.97999264844161,1.3788136499268207
2021-06-29,0.9792119787169646,1.3777152763072456
2021-06-30,0.9790795199286798,1.3775289116588676
2021-07-01,0.9790795199286798,1.3771884484810495
2021-07-02,0.9790795199286798,1.3765542247485878
2021-07-05,0.9790795199286798,1.3757775675058144
2021-07-06,0.9790795199286798,1.3753474488994961
2021-07-07,0.9790795199286798,1.3754019579662908
2021-07-08,0.979530804172848,1.3747679979861318
2021-07-09,0.9792683573522933,1.3751363411648605
2021-07-12,0.9800675120550596,1.3740141291933046
2021-07-13,0.9809868234898607,1.3727252925723488
2021-07-15,0.9803307271224281,1.3727300405923493
2021-07-16,0.9803646744257664,1.372777576063594
2021-07-19,0.9798868142201984,1.3721084416161693
2021-07-20,0.9789624404283067,1.3708140665264577
2021-07-21,0.9788462055285853,1.3706513060067693
2021-07-22,0.9785328908411278,1.3710900319099082
2021-07-23,0.9788993711155451,1.3705765310804028
2021-07-26,0.9794331677712307,1.3698291517376027
2021-07-27,0.9797917912146624,1.3693275832146299
2021-07-28,0.9806486138645567,1.368130113610431
2021-07-29,0.9809476953069413,1.367712856784731
2021-07-30,0.9803002881561106,1.368615521715799
2021-08-02,0.9806186822545564,1.3681710057746934
2021-08-03,0.9805362372096474,1.368286034095136
2021-08-04,0.9807971917036364,1.3679218860135967
2021-08-05,0.979770984567184,1.3693531413367264
2021-08-06,0.9810455781599356,1.3675717365312625
2021-08-09,0.9816659780725393,1.3667069027205698
2021-08-10,0.9822379867688501,1.3659105338424316
2021-08-11,0.9832739740126432,1.3644698790232483
2021-08-12,0.9817779451812777,1.3623938693530053
2021-08-13,0.9812311256953935,1.3616350587493775
2021-08-16,0.9810410416476925,1.3613712828695863
2021-08-17,0.9805437305501945,1.3606811740789806
2021-08-18,0.9804748340946343,1.3605855678279581
2021-08-19,0.9804935418964045,1.3605596073808266
2021-08-20,0.9805685897120633,1.3604554689829231
2021-08-23,0.980566616190989,1.3604582070754614
2021-08-24,0.980021195836293,1.3612149344467588
2021-08-25,0.9802748768273334,1.3608625804823173
2021-08-26,0.9797801001339511,1.3615494521992566
2021-08-27,0.9800474424211879,1.361177940525681
2021-08-30,0.9803361363111556,1.3607769765135533
2021-08-31,0.9808430922697162,1.3600732852275097
2021-09-01,0.9809660769162192,1.359902750170965
2021-09-02,0.9790966792317655,1.3573112242129588
2021-09-03,0.9783025614085182,1.3562103471926354
2021-09-06,0.9786553871646159,1.3566994657537548
2021-09-07,0.978564611877001,1.3565736249462286
2021-09-08,0.9785070140413821,1.356493777684529
2021-09-09,0.9785070140413821,1.3566057440216321
2021-09-13,0.9785070140413821,1.3559257557169206
2021-09-14,0.9785070140413821,1.3554348713390836
2021-09-15,0.9785070140413821,1.3542248902999061
2021-09-16,0.9785070140413821,1.353009416516348
2021-09-17,0.9785070140413821,1.3520709699688296
2021-09-20,0.9785070140413821,1.3523805273110385
2021-09-21,0.9785070140413821,1.3519270879189453
2021-09-22,0.9785070140413821,1.3514713162978966
2021-09-23,0.9786651196535776,1.351252947704967
2021-09-24,0.9787710587457362,1.351106676516098
2021-09-27,0.9800636229549673,1.3493224062137499
2021-09-28,0.9803603343829871,1.3489139027568011
2021-09-29,0.9810034964441108,1.3480289523813642
2021-09-30,0.9812289911919787,1.3483388120809858
2021-10-01,0.981715690285308,1.3490076012048613
2021-10-04,0.9818302429321387,1.3491650117391352
2021-10-05,0.9815768385295214,1.3488168004711556
2021-10-06,0.9817050335177384,1.3489929573924033
2021-10-07,0.9813349848501506,1.3484844614293343
2021-10-08,0.9820907897779617,1.3495230376716565
2021-10-11,0.9820139861973516,1.349417499362482
2021-10-12,0.9812856225874803,1.3484166311316077
2021-10-13,0.9805793945693624,1.3474461801404984
2021-10-14,0.9805793945693624,1.3469358380691419
2021-10-15,0.9805793945693624,1.3468816772338508
2021-10-18,0.9805793945693624,1.3468967104972636
2021-10-19,0.9805793945693624,1.3461687544368846
2021-10-20,0.9805793945693624,1.3456219270207253
2021-10-21,0.97992445204181,1.3447231675414892
2021-10-22,0.9799851821640491,1.3448065058051404
2021-10-25,0.9800594542537688,1.3449084273354581
2021-10-26,0.9794717024527273,1.3441018718280637
2021-10-27,0.9793812674660665,1.3439777704022184
2021-10-28,0.9790444198287809,1.3435155237250938
2021-10-29,0.9783219591212481,1.3425241109186947
2021-11-01,0.977894528019768,1.34193755906412
2021-11-02,0.9776202733815488,1.3415612070248883
2021-11-03,0.9781735722171688,1.3423204836826774
2021-11-04,0.9781735722171688,1.3423504141520546
2021-11-05,0.9781735722171688,1.3417681850410286
2021-11-08,0.9781735722171688,1.3414527030407573
2021-11-10,0.9781735722171688,1.3387258597403535
2021-11-11,0.97898412040413,1.3376165455559692
2021-11-12,0.9792320640445002,1.3372777724249119
2021-11-15,0.9796663725509541,1.3366846636681815
2021-11-16,0.9801254699157517,1.3360582581654006
2021-11-17,0.9807069464506143,1.3352656182940998
2021-11-18,0.9811227609104618,1.3358317637199413
2021-11-19,0.9815152252360982,1.3363661171497054
2021-11-22,0.981275523882123,1.3360397556634531
2021-11-23,0.9816971370155699,1.3366137961791755
2021-11-24,0.9812850774117993,1.3360527631166543
2021-11-25,0.9817956371624519,1.335357618778584
2021-11-26,0.9808408628033249,1.3366562242789704
2021-11-29,0.9816401233621533,1.3355670194535054
2021-11-30,0.9825954814106976,1.334267210418566
2021-12-01,0.98292178483974,1.3338241227245402
2021-12-02,0.98292178483974,1.3331388234119934
2021-12-03,0.98292178483974,1.3328679270965396
2021-12-06,0.98292178483974,1.3321410072977418
2021-12-07,0.98292178483974,1.331280200328696
2021-12-08,0.98292178483974,1.3321552145439481
2021-12-09,0.98292178483974,1.3318236828604924
2021-12-10,0.98292178483974,1.3317899217570954
2021-12-13,0.98292178483974,1.3316742243602044
2021-12-14,0.98292178483974,1.3316701370972956
2021-12-15,0.98292178483974,1.3300201099654718
2021-12-16,0.9821823604104387,1.3290195732229366
2021-12-17,0.9821681210004006,1.3290003054622697
2021-12-20,0.9827591181535187,1.3298000009321462
2021-12-21,0.9828208070531637,1.3298834739799053
2021-12-22,0.9819526997288079,1.3287088126621793
2021-12-23,0.9816180965546734,1.3282560513567312
2021-12-24,0.9804828716451258,1.326719945450524
2021-12-27,0.9797290735823936,1.3256999593257375
2021-12-28,0.9793013678418443,1.3251212182246122
2021-12-29,0.9786707426333573,1.3242679008782319
2021-12-30,0.9788250618966966,1.3244767147704073
2021-12-31,0.9784779008978804,1.3240069611064407
2022-01-03,0.9774840733259306,1.3226621840581356
2022-01-04,0.9770241481463421,1.3220398458951537
2022-01-05,0.9765897879105517,1.3214521004026019
2022-01-07,0.9767450481483417,1.3211237851969584
2022-01-10,0.9765247006456488,1.3208257480301786
2022-01-11,0.9762631706648817,1.3204720083528816
2022-01-12,0.9764483370641099,1.3207224603359282
2022-01-13,0.9764483370641099,1.3200880169463054
2022-01-14,0.9764483370641099,1.319850249015224
2022-01-17,0.9764483370641099,1.3183922760303242
2022-01-18,0.9764483370641099,1.318370249541025
2022-01-19,0.9764483370641099,1.31723567375258
2022-01-20,0.9773946103661574,1.3159591444132768
2022-01-21,0.9777780101451923,1.3154429368960305
2022-01-24,0.9775270242781108,1.3157805979834016
2022-01-25,0.9766422945111948,1.316971470698789
2022-01-26,0.976117116175703,1.3176796571952771
2022-01-27,0.9760027893893353,1.3175253252220203
2022-01-28,0.9751965718706035,1.3164369963666986
2022-01-31,0.9744881775958102,1.3154807210287291
2022-02-01,0.9738913499399372,1.3146750516597947
2022-02-02,0.9743749542507035,1.315327878612492
2022-02-03,0.9745007434507728,1.3154976839230224
2022-02-04,0.9734794324303153,1.3141189961272397
2022-02-07,0.9729766047420131,1.3134402191598342
2022-02-08,0.9724465711101395,1.3127247163551243
2022-02-09,0.9718694526029207,1.3119456527528666
2022-02-10,0.9718694526029207,1.310223082664735
2022-02-11,0.9718694526029207,1.3098767941274758
2022-02-14,0.9718694526029207,1.3094597007024509
2022-02-15,0.9718694526029207,1.3089109578690779
2022-02-16,0.9718694526029207,1.307434951567654
2022-02-17,0.9716157179721653,1.307776295277742
2022-02-18,0.9721363921372352,1.3070754777445892
2022-02-21,0.9724959541184232,1.3065920325694664
2022-02-22,0.972869891744663,1.3060896305583796
2022-02-23,0.972826603099363,1.3061477460897852
2022-02-24,0.972826603099363,1.306100472509022
2022-02-25,0.972826603099363,1.305280549471807
2022-02-28,0.972826603099363,1.3035493779734408
2022-03-01,0.972826603099363,1.3029837655868484
2022-03-02,0.972826603099363,1.3029801280597713
2022-03-03,0.9729649626796784,1.3027948126262672
2022-03-04,0.9730778955950441,1.302643596064565
2022-03-08,0.9730633219136474,1.3033988434699746
2022-03-09,0.9735571582850979,1.30273735953474
2022-03-10,0.9735571582850979,1.303244871868026
2022-03-11,0.9735571582850979,1.3020262684218438
2022-03-14,0.9735571582850979,1.3016073894401927
2022-03-15,0.9735571582850979,1.3016887723579031
2022-03-16,0.9735571582850979,1.3015782129114792
2022-03-17,0.9748069549290432,1.2999073217177926
2022-03-18,0.9752555253675421,1.29930915200392
2022-03-21,0.975586146048825,1.2988686741333937
2022-03-22,0.9759499799919577,1.298384275586699
2022-03-23,0.9760880462773062,1.2982005949703146
2022-03-24,0.9760880462773062,1.2980588704723055
2022-03-25,0.9760880462773062,1.2990097496412771
2022-03-28,0.9760880462773062,1.297159836522681
2022-03-29,0.9760880462773062,1.2972553236199238
2022-03-30,0.9760880462773062,1.2966641774367638
2022-03-31,0.9760880462773062,1.296252042766258
2022-04-01,0.9760880462773062,1.2965825718925401
2022-04-04,0.9760880462773062,1.2962861314182312
2022-04-05,0.9760880462773062,1.297600715221678
2022-04-06,0.9760880462773062,1.296171834859548
2022-04-07,0.9759240047432003,1.2963896697332216
2022-04-08,0.975791370926642,1.2965658567199212
2022-04-11,0.9759461637101905,1.2963601784940264
2022-04-12,0.9770485100577982,1.2948959195409357
2022-04-13,0.9771042172956079,1.2948220899672902
2022-04-14,0.9772353228619494,1.2949958261772172
2022-04-15,0.9763176459486771,1.2937797549355572
2022-04-18,0.9757675667013427,1.2930508104196359
2022-04-19,0.9751071628229911,1.292175667814729
2022-04-20,0.9746135784172637,1.29152158815722
2022-04-21,0.9759161535325195,1.2897954641642821
2022-04-22,0.9770356401126065,1.2883159223942617
2022-04-25,0.9768277220638281,1.288590082436943
2022-04-26,0.977743362561547,1.2873822079696362
2022-04-27,0.9782572574540764,1.2867055691227351
2022-04-28,0.9780689287647027,1.286457859666356
2022-04-29,0.978344941215441,1.2868208999145179
2022-05-02,0.9779355320758215,1.2862824024835158
2022-05-03,0.9782525393053535,1.2866993633234
2022-05-05,0.9782525393053535,1.2856243328742787
2022-05-06,0.9782525393053535,1.2870101619313379
2022-05-09,0.9782525393053535,1.2864901067560375
2022-05-10,0.9782525393053535,1.28571376955467
2022-05-11,0.9782525393053535,1.2857750045341136
2022-05-12,0.9782525393053535,1.2855309481664812
2022-05-13,0.9782525393053535,1.2855213293482377
2022-05-16,0.9782525393053535,1.2853783178505582
2022-05-17,0.9782525393053535,1.2857067805869435
2022-05-18,0.9782525393053535,1.286454865320511
2022-05-19,0.9782525393053535,1.2869222218429732
2022-05-20,0.9782525393053535,1.2865839638698169
2022-05-23,0.9782525393053535,1.2861104273355177
2022-05-24,0.9782525393053535,1.2863473363723015
2022-05-25,0.9782525393053535,1.2870402498836009
2022-05-26,0.9782525393053535,1.2871997411826452
2022-05-27,0.9782525393053535,1.2872319169998734
2022-05-30,0.9782525393053535,1.2877120420733186
2022-05-31,0.9782525393053535,1.2889478566306167
2022-06-01,0.9782525393053535,1.2886971014138144
2022-06-02,0.9785286625795996,1.2890608513136168
2022-06-03,0.9786233240434676,1.2891855532174716
2022-06-06,0.9777338506888911,1.2880138090228268
2022-06-07,0.9775156400646775,1.287726350122775
2022-06-08,0.9775023428487105,1.2877088330880777
2022-06-09,0.976966741166135,1.2884144058396063
2022-06-10,0.9768759004895278,1.2885342056561662
2022-06-13,0.9772720843587263,1.2880116249814504
2022-06-14,0.9762771372681504,1.2893229316681076
2022-06-15,0.9764946174510651,1.2890357159008716
2022-06-16,0.9766685928460846,1.28880605718708
2022-06-17,0.9765871949261367,1.2889134693973627
2022-06-20,0.9767092692854655,1.2887523539467152
2022-06-21,0.9765389465175092,1.2889770921313901
2022-06-22,0.9771232261496525,1.2882058755158958
2022-06-23,0.9777093807268844,1.2889786416830926
2022-06-24,0.9781388309174107,1.289544814141051
2022-06-27,0.9784873701693122,1.2900043163820496
2022-06-28,0.9792707894586373,1.2910371496056317
2022-06-29,0.9790675570869624,1.2907692149907537
2022-06-30,0.9798547461995122,1.2897314117610374
2022-07-04,0.9796019015382375,1.2909275968316356
2022-07-05,0.9793611362803639,1.2912448793065463
2022-07-06,0.978679065766297,1.2921441594862357
2022-07-07,0.978679065766297,1.2933467295548569
2022-07-08,0.978679065766297,1.2934770318625393
2022-07-11,0.978679065766297,1.2940976712655992
2022-07-12,0.978679065766297,1.2930895972132002
2022-07-13,0.978679065766297,1.293172208260107
2022-07-14,0.978679065766297,1.2933258665947682
2022-07-15,0.978679065766297,1.2927954891003195
2022-07-18,0.978679065766297,1.2939361940925018
2022-07-19,0.978679065766297,1.2949560511348506
2022-07-20,0.978679065766297,1.2953449827556451
2022-07-21,0.978679065766297,1.294318851066561
2022-07-22,0.978679065766297,1.2944854221915632
2022-07-25,0.978679065766297,1.2947318087592108
2022-07-26,0.978679065766297,1.2948831563424188
2022-07-27,0.978679065766297,1.2947394586847378
2022-07-28,0.9786531201788359,1.2947737832933248
2022-07-29,0.9778567665862601,1.2958273718760804
2022-08-01,0.9776737221377795,1.296069937060181
2022-08-02,0.9768600041367367,1.2971486562836967
2022-08-03,0.9766501449661356,1.2974273231755762
2022-08-04,0.9760767902393033,1.2981889941713756
2022-08-05,0.9769300763077465,1.2970541177005794
2022-08-08,0.9769477923217714,1.297030596437904
2022-08-09,0.9764967697873072,1.2976293899778257
2022-08-10,0.9761978465960788,1.2980266176290431
2022-08-11,0.976212494800524,1.298046094991482
2022-08-12,0.9755342438876075,1.297144241190568
2022-08-15,0.9760325014705001,1.2978067622228417
2022-08-16,0.9767738327498959,1.2987924924582566
2022-08-17,0.9764417353119884,1.2983509105437363
2022-08-18,0.9760087017800213,1.298926704736255
2022-08-19,0.9757375247818767,1.2992876021790316
2022-08-22,0.9756632661300012,1.299386484658475
2022-08-23,0.975496920859103,1.2996080229743014
2022-08-24,0.9760572506293621,1.298861522345372
2022-08-25,0.9755537424979359,1.2995315520364334
2022-08-26,0.9754640569924339,1.2996510217684256
2022-08-29,0.9755951571392437,1.2994763516321617
2022-08-31,0.9758596346416778,1.2990288883445715
2022-09-01,0.9758596346416778,1.2988408642810862
2022-09-02,0.9758596346416778,1.2985643175521544
2022-09-05,0.9758596346416778,1.2985719262587305
2022-09-06,0.9758596346416778,1.2986651442713175
2022-09-07,0.9758596346416778,1.299635310484648
2022-09-08,0.9761032450631542,1.2999597472115232
2022-09-09,0.9760721791060064,1.299918374033015
2022-09-12,0.9760663308121114,1.2999105853624087
2022-09-13,0.9768443369317191,1.3009467223117421
2022-09-14,0.9769493852174915,1.3010866240523709
2022-09-15,0.9769493852174915,1.3014461804358777
2022-09-16,0.9769493852174915,1.301063793607296
2022-09-19,0.9769493852174915,1.3011970178056655
2022-09-20,0.9769493852174915,1.3017861563498887
2022-09-21,0.9769493852174915,1.3015407618461743
2022-09-22,0.9773057490891361,1.3020155275935232
2022-09-23,0.9775345369726296,1.3023203302380502
2022-09-26,0.9778788043053197,1.3027789803720777
2022-09-27,0.9776323244665673,1.3024506076211824
2022-09-28,0.977412036715259,1.3021571292772665
2022-09-29,0.9768323568437174,1.301384850801995
2022-09-30,0.9772776883743544,1.301978143707881
2022-10-03,0.977437575051651,1.3021911527244445
2022-10-04,0.9781099753746652,1.3030869580158175
2022-10-05,0.9782399853133861,1.303260163749145
2022-10-06,0.9786125053695751,1.3037564535724169
2022-10-07,0.9787652674415348,1.3039599708339333
2022-10-10,0.9775243281657648,1.3023067295556956
2022-10-11,0.9775420206536668,1.3023303003716777
2022-10-12,0.978256069120587,1.3032815914003564
2022-10-13,0.978256069120587,1.30334819009662
2022-10-14,0.978256069120587,1.3050528032520752
2022-10-17,0.978256069120587,1.3052663419189352
2022-10-18,0.978256069120587,1.3051169941414023
2022-10-19,0.978256069120587,1.304418304508068
2022-10-20,0.9780256537253671,1.304111065873264
2022-10-21,0.978420445117234,1.3046374854215488
2022-10-24,0.9788996349991324,1.305276442922569
2022-10-25,0.9792712944378458,1.3057720180487593
2022-10-26,0.9799381192013693,1.3066611701377633
2022-10-28,0.9800277940241873,1.3066670278623245
2022-10-31,0.9803805495765425,1.3071373553897359
2022-11-01,0.9807433233971437,1.3076210402330042
2022-11-02,0.9806433532416714,1.307487750435794
2022-11-03,0.981324764751643,1.306579227271538
2022-11-04,0.9808546108899135,1.3072052109330352
2022-11-07,0.9800486398283994,1.3082793452234542
2022-11-08,0.9800062079081221,1.3083359881313887
2022-11-09,0.9799717357616635,1.3083820094212908
2022-11-10,0.9799441123952277,1.3084188899907658
2022-11-11,0.9797134282703183,1.3087268988484495
2022-11-14,0.9792583642453627,1.3093347853109318
2022-11-15,0.979215565486477,1.3093920101515082
2022-11-16,0.9793968457507639,1.3091496049671734
2022-11-17,0.9804801160829087,1.3105976011839806
2022-11-18,0.9806774314547048,1.310861350594816
2022-11-21,0.9807551733539173,1.310965267385119
2022-11-22,0.9814258807606118,1.3118617950187665
2022-11-23,0.9807421382999737,1.3109478435637183
2022-11-24,0.9813107398248222,1.3117078873241907
2022-11-25,0.981146741146228,1.3114886719915824
2022-11-28,0.9812091349463665,1.3115720731370508
2022-11-29,0.9814116645331284,1.311842792334947
2022-11-30,0.9820107523763502,1.3126435868409707
2022-12-01,0.9818742793082865,1.3128260089754908
2022-12-02,0.9822567167210917,1.312314666746739
2022-12-05,0.9819881522869675,1.3126734742151616
2022-12-06,0.9813264025047391,1.3135580687835136
2022-12-07,0.9817944055753343,1.3129316215504352
2022-12-08,0.9823317440042061,1.3136501921704486
2022-12-09,0.9829363286473682,1.3144586896434467
2022-12-12,0.9829715865749603,1.3145058392786282
2022-12-13,0.9825542863225638,1.3139477930176788
2022-12-14,0.9821553556904987,1.3134143120376804
2022-12-15,0.9819533896196353,1.313684396730984
2022-12-16,0.9821645687367461,1.3134018754687766
2022-12-19,0.9819469471993877,1.3136928903805407
2022-12-20,0.981158254679191,1.314748038786912
2022-12-21,0.9811152741593073,1.3148056325073476
2022-12-22,0.9814239938960476,1.3152193519340276
2022-12-23,0.9821005404930374,1.3161260010300149
2022-12-27,0.9818260272216796,1.3156121534064948
2022-12-28,0.9816674939665827,1.3153997244513216
2022-12-29,0.981400079062709,1.315758050965168
2022-12-30,0.9814743222582225,1.3156585134938448
2023-01-02,0.981526418193282,1.315588679307738
2023-01-03,0.9811951313450875,1.3160327195485402
2023-01-04,0.9806140071106165,1.3168121552410494
2023-01-05,0.9802641351916868,1.316342331648603
2023-01-06,0.9807172710048787,1.3169508225965798
2023-01-09,0.980713899457467,1.3169462951325812
2023-01-10,0.9813256053689753,1.3177677210696634
2023-01-11,0.9803634617757702,1.3164757118086976
2023-01-12,0.9810189710238588,1.3173559588166914
2023-01-13,0.9814095412038324,1.317880433846351
2023-01-16,0.9814095412038324,1.3181469466533255
2023-01-17,0.9814095412038324,1.3181163445637438
2023-01-18,0.9814095412038324,1.3180138807342392
2023-01-19,0.9814095412038324,1.3176758311748875
2023-01-20,0.9814095412038324,1.3176674052916564
2023-01-23,0.9814095412038324,1.3188682072711042
2023-01-24,0.9814095412038324,1.319213491290129
2023-01-25,0.9814095412038324,1.3196139734469816
2023-01-26,0.9821738823146433,1.318586232052631
2023-01-27,0.9812066282352595,1.3198847881789317
2023-01-30,0.9815299823227213,1.3194498235864036
2023-01-31,0.9812254624363635,1.3198591831755855
2023-02-01,0.9814821257526914,1.3195139419970714
2023-02-02,0.9814821257526914,1.3198756534360656
2023-02-03,0.9814821257526914,1.3206865757038548
2023-02-06,0.9814821257526914,1.320268963994424
2023-02-07,0.9814821257526914,1.3200600309549746
2023-02-08,0.9814821257526914,1.3194230207918198
2023-02-09,0.9814821257526914,1.3199093566397433
2023-02-10,0.9814821257526914,1.3208142054434946
2023-02-13,0.9814821257526914,1.321628515821228
2023-02-14,0.9814821257526914,1.321064920345352
2023-02-15,0.9814821257526914,1.3208233459158536
2023-02-16,0.9811311449275181,1.3212956761353185
2023-02-17,0.9806771936156267,1.3219070153112067
2023-02-20,0.9804919851876996,1.322156667614498
2023-02-21,0.9797174587676752,1.3232010874424511
2023-02-23,0.9797174587676752,1.3241056688534019
2023-02-24,0.9797174587676752,1.324593701184135
2023-02-27,0.9797174587676752,1.3246806669720714
2023-02-28,0.9797174587676752,1.3254032822674742
2023-03-01,0.9797174587676752,1.3242608494744463
2023-03-02,0.9791556984676865,1.3235015314022749
2023-03-03,0.9796023734345278,1.3241052913595306
2023-03-06,0.9795471208369403,1.3240306077339994
2023-03-07,0.9791549562462831,1.3235005281592098
2023-03-08,0.9790330128761835,1.323335700198423
2023-03-09,0.979506869241821,1.3239762006076707
2023-03-10,0.9794811891808028,1.3239414894783403
2023-03-13,0.9799392484915521,1.3245606373832124
2023-03-14,0.980891355164315,1.3258475773881901
2023-03-15,0.9808715587284028,1.325820819015352
2023-03-16,0.980691701442417,1.325577710188218
2023-03-17,0.9797421929157759,1.3242942820357233
2023-03-20,0.9808689617334431,1.3258173087188674
2023-03-21,0.9806977793439766,1.3255859255435842
2023-03-22,0.9811737780569199,1.3262293217128673
2023-03-23,0.9812234194534646,1.3262964208110501
2023-03-24,0.9826919529927127,1.3282814027614713
2023-03-27,0.9835958213717834,1.3295031402091093
2023-03-28,0.983922535682204,1.3299447521926269
2023-03-29,0.9840186079457345,1.3300746107923438
2023-03-30,0.9841070571239925,1.3301941654485225
2023-03-31,0.9841840729446121,1.3302982659063882
2023-04-03,0.9832372780507145,1.3290185057069037
2023-04-04,0.9830974728793946,1.3288295343731011
2023-04-05,0.9830216418613464,1.3287270353847669
2023-04-06,0.9830216418613464,1.3290091977421423
2023-04-07,0.9830216418613464,1.3301518459176909
2023-04-10,0.9830216418613464,1.3293059673169652
2023-04-11,0.9830216418613464,1.3303148362406843
2023-04-12,0.9830216418613464,1.329822707053342
2023-04-13,0.9824144728719099,1.3290013343848393
2023-04-14,0.9827699120025414,1.3294821691973813
2023-04-17,0.9835058933425835,1.3304777980383724
2023-04-18,0.9838286128650257,1.3309143700635218
2023-04-19,0.9832730455709493,1.3301628036976378
2023-04-20,0.9829194060041055,1.3306412040767088
2023-04-24,0.9826415529590622,1.331158112492045
2023-04-25,0.9826580836008045,1.331135718875783
2023-04-26,0.9827263606666388,1.3310432288809124
2023-04-27,0.9827426851561403,1.3310653394114584
2023-04-28,0.9833298312878669,1.3318605932219578
2023-05-01,0.9832908727255988,1.3318078262131654
2023-05-02,0.9834717401602182,1.3320528001792773
2023-05-03,0.9838036418859938,1.3325023409287977
2023-05-04,0.9836699324942811,1.3323212396705022
2023-05-05,0.9842848144151061,1.3331540599244742
2023-05-08,0.984952857353219,1.3340588835508334
2023-05-09,0.985310343407999,1.3345430767216682
2023-05-10,0.9860919355634363,1.3356016958733266
2023-05-11,0.9860919355634363,1.3359168351066024
2023-05-12,0.9860919355634363,1.3357170492646782
2023-05-15,0.9860919355634363,1.3364991255510548
2023-05-16,0.9860919355634363,1.3368927446096202
2023-05-17,0.9860919355634363,1.3376848439878155
2023-05-18,0.9855445233492255,1.3384274370422302
2023-05-19,0.9845476697382024,1.3397812228855868
2023-05-22,0.9845972494413513,1.339713754384714
2023-05-23,0.9847690266661041,1.339480021951659
2023-05-24,0.9848921857069219,1.3393125013755331
2023-05-25,0.9850679540524145,1.3395515211848896
2023-05-26,0.9855935274694884,1.3402662258582467
2023-05-29,0.9853487661534707,1.3399333854771849
2023-05-30,0.9855165949439029,1.3401616086272703
2023-05-31,0.9856082714605416,1.3402862755772154
2023-06-01,0.9856876467784264,1.340394214656321
2023-06-02,0.9859053168053923,1.3406902147591961
2023-06-05,0.9864841824763317,1.3414773892753082
2023-06-06,0.9860603275776123,1.340901007237901
2023-06-07,0.9867641648278977,1.3418581252269777
2023-06-08,0.9876457636506374,1.3430569735289832
2023-06-09,0.9876758666979226,1.3430979093675894
2023-06-12,0.987582447721864,1.3429708729220609
2023-06-13,0.987361062957083,1.342669821307084
2023-06-14,0.987982621730086,1.3435150523355188
2023-06-15,0.987514103264604,1.3441521704353998
2023-06-16,0.986848466241762,1.3450582004819756
2023-06-19,0.9865618750014054,1.3454488196207943
2023-06-21,0.9867864660471196,1.345542692028559
2023-06-22,0.9863653965782091,1.3461168455726367
2023-06-23,0.9864096744636094,1.3460564184655723
2023-06-26,0.9854429382994015,1.3473756283765077
2023-06-27,0.985014576212628,1.347961318946106
2023-06-28,0.9845978227410905,1.3485316329015897
2023-06-29,0.9852375821539843,1.347655401220179
2023-06-30,0.9851670335391061,1.3477519010123216
2023-07-03,0.9843695106314228,1.3488429474829589
2023-07-04,0.9835615230705372,1.3499501011598898
2023-07-05,0.983848114265317,1.349556751274489
2023-07-06,0.983848114265317,1.349036367093173
2023-07-07,0.983848114265317,1.3485881715233792
2023-07-10,0.983848114265317,1.3484439973271034
2023-07-11,0.983848114265317,1.3484135811061106
2023-07-12,0.983848114265317,1.3489254755352291
2023-07-13,0.983848114265317,1.3490473826895022
2023-07-14,0.983848114265317,1.3503663554914918
2023-07-17,0.983848114265317,1.350896410544312
2023-07-18,0.983848114265317,1.3520386432565452
2023-07-19,0.983848114265317,1.3518002670000626
2023-07-20,0.983848114265317,1.3517957355662131
2023-07-21,0.983848114265317,1.3514548692457018
2023-07-24,0.983848114265317,1.3516884902279447
2023-07-25,0.983848114265317,1.352233558888981
2023-07-26,0.983848114265317,1.3523532721014955
2023-07-27,0.9832302167509289,1.353202606173788
2023-07-28,0.9835980110826323,1.3526964172470057
2023-07-31,0.9835446507216257,1.3527698012599292
2023-08-01,0.9834286909401606,1.3529292926367686
2023-08-02,0.9839350140302128,1.3522327303477277
2023-08-03,0.9839350140302128,1.3534735195665228
2023-08-04,0.9839350140302128,1.35437797247682
2023-08-07,0.9839350140302128,1.3557163619997197
2023-08-08,0.9839350140302128,1.3555715221017033
2023-08-09,0.9839350140302128,1.3548232655050279
2023-08-10,0.9839350140302128,1.3546627877234783
2023-08-11,0.9839350140302128,1.353332601251087
2023-08-14,0.9839350140302128,1.3551046385800214
2023-08-15,0.9839350140302128,1.3552011629184162
2023-08-16,0.9839350140302128,1.3553663859203684
2023-08-18,0.9834145682752817,1.3565722793103228
2023-08-21,0.9828577174331838,1.3573404278007661
2023-08-22,0.9834989469724802,1.3564548807253864
2023-08-23,0.9835264000255828,1.3564170171079557
2023-08-24,0.9831217035187633,1.3569751487743753
2023-08-25,0.9838709368997355,1.3559410030780974
2023-08-28,0.9826535825190097,1.357618723862598
2023-08-29,0.9821332271251214,1.3583376386850472
2023-08-30,0.9809572147437053,1.3599641205483206
2023-08-31,0.9812485348665394,1.3603679963837734
2023-09-01,0.9814773623992175,1.3606852347195117
2023-09-04,0.9816490951298017,1.3609233188565242
2023-09-05,0.9817937239959249,1.3611238271618478
2023-09-06,0.9825357521748563,1.3621525485827368
2023-09-07,0.9829159971430067,1.3616253905110784
2023-09-08,0.9831011701545405,1.36136887187177
2023-09-11,0.9835490877842824,1.360748609037379
2023-09-12,0.9827116068024069,1.3619072711675526
2023-09-13,0.9825682658069319,1.36210592267695
2023-09-14,0.9825682658069319,1.3626857680479447
2023-09-15,0.9825682658069319,1.3633547625458553
2023-09-18,0.9825682658069319,1.362870368933028
2023-09-19,0.9825682658069319,1.3629278986938709
2023-09-20,0.9825682658069319,1.3637183998971254
2023-09-21,0.9825682658069319,1.3641316712715565
2023-09-22,0.9825682658069319,1.3650727253675365
2023-09-25,0.9825682658069319,1.364614930331518
2023-09-26,0.9825682658069319,1.364958969892318
2023-09-27,0.9825682658069319,1.3644100049117829
2023-09-28,0.9827608126762009,1.3646773785732245
2023-09-29,0.9832243000038355,1.3653209844874203
2023-10-02,0.9836909727552317,1.3659690137319855
2023-10-03,0.9833785081840543,1.365535120432221
2023-10-04,0.9838603294461121,1.366204185140912
2023-10-05,0.9838603294461121,1.3661772599858564
2023-10-06,0.9838603294461121,1.3661796016355388
2023-10-09,0.9838603294461121,1.3674000613235873
2023-10-10,0.9838603294461121,1.367579408397947
2023-10-11,0.9838603294461121,1.3681175676457373
2023-10-12,0.9838603294461121,1.3679312153933447
2023-10-13,0.9838603294461121,1.3689993745407079
2023-10-17,0.9838603294461121,1.368440968929155
2023-10-18,0.9838603294461121,1.3687171302309047
2023-10-19,0.9838603294461121,1.3685816225949918
2023-10-20,0.9838603294461121,1.3681063434915282
2023-10-23,0.9838603294461121,1.3680164030338389
2023-10-24,0.9838603294461121,1.3684204811516396
2023-10-25,0.9838603294461121,1.3692304708186724
2023-10-26,0.9830684790652792,1.3703324825954621
2023-10-27,0.9830827884625781,1.3703125362414263
2023-10-30,0.9833180711363244,1.3699845772931274
2023-10-31,0.9831025823216641,1.3702848019725362
2023-11-01,0.9836743604405371,1.3694878364467802
2023-11-02,0.9836743604405371,1.369690950019826
2023-11-03,0.9836743604405371,1.3698965110851913
2023-11-06,0.9836743604405371,1.3694156442674454
2023-11-07,0.9836743604405371,1.3695647853783643
2023-11-08,0.9836743604405371,1.370057360849942
2023-11-09,0.9841058715382178,1.3706583676256001
2023-11-10,0.9843999176445425,1.3710679137605821
2023-11-13,0.9849884470895636,1.3718876150058874
2023-11-14,0.9856025072582055,1.3727428753317497
2023-11-15,0.985508601477899,1.372612083770325
2023-11-16,0.9854422855019891,1.372704448372465
2023-11-17,0.9846146442184762,1.373857338692121
2023-11-20,0.9851530235745091,1.37310612456624
2023-11-21,0.9853526379687536,1.372827902055899
2023-11-22,0.984614389976554,1.3738564550868397
2023-11-23,0.984614389976554,1.3744616458808852
2023-11-24,0.984614389976554,1.3748921063974688
2023-11-27,0.984614389976554,1.3739125132082641
2023-11-28,0.984614389976554,1.3744632097561955
2023-11-29,0.984614389976554,1.3742713087448315
2023-11-30,0.9841956307053101,1.37368682728935
2023-12-01,0.9847796369300783,1.3745019514709562
2023-12-04,0.9851743561380021,1.3750528791112409
2023-12-05,0.9858638872735631,1.3760152892341626
2023-12-06,0.9860488445064314,1.3762734424980834
2023-12-07,0.9856789080824975,1.3767897796739845
2023-12-08,0.9859449961207755,1.376418109661985
2023-12-11,0.9861407612176284,1.376144813863935
2023-12-12,0.9854955166621804,1.377045243076046
2023-12-14,0.9854955166621804,1.3788672477871289
2023-12-15,0.9854955166621804,1.378764477873662
2023-12-18,0.9854955166621804,1.3794760614797918
2023-12-19,0.9854955166621804,1.379979059033995
2023-12-20,0.9854955166621804,1.380479954147627
2023-12-21,0.9854955166621804,1.3800819539816176
2023-12-22,0.9854955166621804,1.3805910928027922
2023-12-25,0.9854955166621804,1.3811925973800523
2023-12-26,0.9854955166621804,1.382127562753885
2023-12-27,0.9854955166621804,1.3829269215040074
2023-12-28,0.9859199276318895,1.3823313537455864
2023-12-29,0.985706985533239,1.3826299140355727
2024-01-01,0.9850780813541112,1.3835120643539593
2024-01-02,0.9846183642421323,1.3841577229902156
2024-01-03,0.9848336153655242,1.3838551270650883
2024-01-04,0.9848336153655242,1.3831614424441154
2024-01-05,0.9848336153655242,1.3831708475024447
2024-01-08,0.9848336153655242,1.3837142559811157
2024-01-09,0.9848336153655242,1.3842715419852016
2024-01-10,0.9848336153655242,1.386137238238597
2024-01-11,0.9848336153655242,1.385987891257885
2024-01-12,0.9848336153655242,1.3861981376728352
2024-01-15,0.9848336153655242,1.386193736845416
2024-01-16,0.9848336153655242,1.3871871330116963
2024-01-17,0.9848336153655242,1.3878171890560913
2024-01-18,0.985400090221812,1.3886154594750317
2024-01-19,0.985063060033252,1.38814052007246
2024-01-22,0.9856820960220508,1.3890128590873914
2024-01-23,0.9852047277799245,1.3883401567734208
2024-01-24,0.9852821041917315,1.388449194800411
2024-01-25,0.9845650411184511,1.3894596725534134
2024-01-26,0.9841443262361355,1.3900534031229619
2024-01-29,0.9839438919064369,1.3903365063372697
2024-01-30,0.9828989107798957,1.3918130899317354
2024-01-31,0.9833960486516949,1.3911091284257429
2024-02-01,0.9835261093670155,1.3909251449243043
2024-02-02,0.9837353122454185,1.3906292854232802
2024-02-05,0.9835416139181978,1.390903101523015
2024-02-06,0.9829121727203317,1.3917932435383085
2024-02-07,0.9824727613302278,1.3924154454204845
2024-02-08,0.982733006996002,1.3920466106813545
2024-02-12,0.9816738123735107,1.3944250199683683
2024-02-13,0.9813654583823809,1.3948630234220807
2024-02-14,0.981268130934616,1.3950013597135118
2024-02-15,0.981268130934616,1.394821842120883
2024-02-16,0.981268130934616,1.3944900676019967
2024-02-19,0.981268130934616,1.3947895504776318
2024-02-20,0.981268130934616,1.3949715446249242
2024-02-21,0.981268130934616,1.3948252604193452
2024-02-22,0.9818222238846757,1.395612876789427
2024-02-23,0.9817434475029683,1.3955008999671232
2024-02-26,0.9814810553121943,1.395127922139463
2024-02-27,0.9821189625893906,1.3960346765279819
2024-02-28,0.9827652923930689,1.3969534031311517
2024-02-29,0.9820895103476439,1.3979139946736476
2024-03-01,0.9815832979973617,1.398634541346105
2024-03-04,0.9819724609397821,1.3980800323863545
2024-03-05,0.9816886801880758,1.3984840642898118
2024-03-06,0.9811581217765203,1.3992398817895033
2024-03-07,0.9806519280454669,1.3999617699751907
2024-03-08,0.9808504409825037,1.3996783763318918
2024-03-11,0.9806065424643813,1.400026420710088
2024-03-12,0.9800425113078336,1.4008316963095002
2024-03-13,0.9797796025745249,1.401207487035521
2024-03-14,0.9792905146713182,1.4005080301066453
2024-03-15,0.9796399418727627,1.4010077547483417
2024-03-18,0.9790474761334473,1.4001604545723028
2024-03-19,0.9789485467109542,1.4000189731134918
2024-03-20,0.9793799472275715,1.4006359298578521
2024-03-21,0.9788740824993567,1.39991247996898
2024-03-22,0.9796598798420422,1.4010362685403792
2024-03-25,0.98043549670922,1.4021454977573429
2024-03-26,0.9812038474265591,1.4032443354704118
2024-03-27,0.9811195773566832,1.4031238187209993
2024-03-28,0.9803398243232634,1.4020086742685167
2024-03-29,0.9801061534624387,1.4016744956850586
2024-04-01,0.9798345344957851,1.4012860465596677
2024-04-02,0.9804780810789069,1.402206398736991
2024-04-03,0.9812531711093071,1.4033148745114097
2024-04-04,0.9812531711093071,1.404883109676187
2024-04-05,0.9812531711093071,1.4041567249093334
2024-04-08,0.9812531711093071,1.4043923558632452
2024-04-10,0.9812531711093071,1.405533996005685
2024-04-11,0.980490166799071,1.4066269132351124
2024-04-12,0.980490166799071,1.4068593345914566
2024-04-15,0.980490166799071,1.406902177907258
2024-04-16,0.980490166799071,1.4070543461545988
2024-04-17,0.980490166799071,1.4073140818060816
2024-04-18,0.9796294838921762,1.408549434506045
2024-04-19,0.9793421295291663,1.408962603803392
2024-04-22,0.9798687627227821,1.408204945725226
2024-04-23,0.9794968490568201,1.4087394363465364
2024-04-24,0.979509416514949,1.4087213614809584
2024-04-25,0.978648781414842,1.4099591189027039
2024-04-26,0.9785272155668335,1.410134261281872
2024-04-29,0.9778182965010604,1.4111558691096557
2024-04-30,0.9778665592063244,1.411086217928004
2024-05-01,0.9777847452767122,1.4112042775010851
2024-05-02,0.9777847452767122,1.4107389153668037
2024-05-03,0.9777847452767122,1.4103068307807147
2024-05-06,0.9777847452767122,1.4105686955302925
2024-05-07,0.9777847452767122,1.4109895779688617
2024-05-08,0.9777847452767122,1.4114419996885614
2024-05-09,0.9777847452767122,1.411732896347843
2024-05-10,0.9777847452767122,1.4124623666503837
2024-05-13,0.9777847452767122,1.413542881600526
2024-05-14,0.9777847452767122,1.414441868468764
2024-05-15,0.9777847452767122,1.4152666674810075
2024-05-16,0.9787913642297168,1.4167236694008307
2024-05-17,0.978883473358594,1.4168569901347658
2024-05-20,0.9783541162880331,1.4160907873270627
2024-05-21,0.9789243580364024,1.4169161674966468
2024-05-22,0.9791567749398388,1.4172525727207839
2024-05-23,0.9791567749398388,1.4162453153983408
2024-05-24,0.9791567749398388,1.4156393395599371
2024-05-27,0.9791567749398388,1.4151996862244574
2024-05-28,0.9791567749398388,1.4158624903598538
2024-05-29,0.9791567749398388,1.415143209451541
2024-05-30,0.9797690157287637,1.4160280610066454
2024-05-31,0.9802123966838766,1.4166688649758223
2024-06-03,0.9816073829546593,1.4186849929329592
2024-06-04,0.9811496616255,1.4180234632909663
2024-06-05,0.9812395373794369,1.418153357773784
2024-06-07,0.9808515125654489,1.419376752623227
2024-06-10,0.980293609735526,1.4201840861460597
2024-06-11,0.9805200658508744,1.4198560116099879
2024-06-12,0.9807515658752916,1.419520784710708
2024-06-13,0.9814346279525852,1.420509435506387
2024-06-14,0.9817864994107812,1.4210187274268236
2024-06-17,0.9822691203543588,1.4217172636151738
2024-06-18,0.982288316484954,1.4217450477220914
2024-06-19,0.9822511079354445,1.4216911927895728
2024-06-20,0.9822511079354445,1.4223981358595486
2024-06-21,0.9822511079354445,1.422828225398769
2024-06-24,0.9822511079354445,1.4227723872237632
2024-06-25,0.9822511079354445,1.4225068965038208
2024-06-26,0.9822511079354445,1.4228973702158876
2024-06-27,0.9819467539904136,1.422456480483618
2024-06-28,0.9827558811502743,1.4236285890194442
2024-07-01,0.982944076746761,1.4239012107728468
2024-07-02,0.9829973180969005,1.4239783366487946
2024-07-03,0.9831123632039239,1.424144991976457
2024-07-04,0.9829477871488947,1.4239065856931659
2024-07-05,0.9826191071488913,1.4234304570292537
2024-07-08,0.9823256559553031,1.4230053611161313
2024-07-09,0.9826523295869989,1.4234785833377237
2024-07-10,0.9832599087511963,1.4243587277203058
2024-07-11,0.9845934694982443,1.4262905352435227
2024-07-12,0.9845950032004973,1.4262927569777462
2024-07-15,0.9847421794932991,1.4265059578164054
2024-07-16,0.9847241504421173,1.4264798407784027
2024-07-17,0.9846065683019658,1.4263095102828154
2024-07-18,0.9846065683019658,1.426797754285238
2024-07-19,0.9846065683019658,1.428055007125211
2024-07-22,0.9846065683019658,1.428938760620649
2024-07-23,0.9846065683019658,1.4289424303442315
2024-07-24,0.9846065683019658,1.4277351543625931
2024-07-25,0.9846065683019658,1.4279202267862274
2024-07-26,0.9846065683019658,1.4277270859236912
2024-07-29,0.9846065683019658,1.427292337244904
2024-07-30,0.9846065683019658,1.4280643220943983
2024-07-31,0.9846065683019658,1.4284588355084344
2024-08-01,0.9850196158742982,1.4290580814135283
2024-08-02,0.9850202714045266,1.4290590324512087
2024-08-06,0.9853992094373443,1.4299197408249582
2024-08-07,0.9858984722667669,1.4306442246370157
2024-08-08,0.9858984722667669,1.4302788327193656
2024-08-09,0.9858984722667669,1.4293934843921092
2024-08-12,0.9858984722667669,1.4300093958809583
2024-08-13,0.9858984722667669,1.4306462056058118
2024-08-14,0.9858984722667669,1.4310229501482976
2024-08-15,0.9857606641971538,1.4312229773477296
2024-08-16,0.9851669555194277,1.4320849812116236
2024-08-19,0.9837607598754232,1.4341290932792703
2024-08-20,0.9838224397277427,1.4340391762239368
2024-08-21,0.9839523202849655,1.4338498597377844
2024-08-22,0.9846962039668752,1.434933873150811
2024-08-23,0.985092065537803,1.4355107365274693
2024-08-26,0.9842993611197132,1.4343555798239793
2024-08-27,0.9836530141613934,1.4334137003482947
2024-08-28,0.983571293915743,1.4332946147377954
2024-08-29,0.983571293915743,1.4334542411768942
2024-08-30,0.983571293915743,1.4336352944789346
2024-09-02,0.983571293915743,1.4337826003192455
2024-09-03,0.983571293915743,1.4335201273181772
2024-09-04,0.983571293915743,1.4342949096206938
2024-09-05,0.983571293915743,1.4353162607969179
2024-09-06,0.983571293915743,1.4351500963952943
2024-09-09,0.983571293915743,1.4351831010478864
2024-09-10,0.983571293915743,1.4349760389659343
2024-09-11,0.983571293915743,1.435783022932529
2024-09-12,0.9836209402334914,1.4358554948932454
2024-09-13,0.9843392789412038,1.4369041006502745
2024-09-16,0.9848982227063832,1.4377200272371757
2024-09-17,0.985693569483087,1.4388810466837572
2024-09-18,0.9857250198987121,1.4389269569020586
2024-09-19,0.9866456229192966,1.4402708210387938
2024-09-20,0.9867490937932609,1.4404218642068132
2024-09-23,0.9863604384346802,1.4398545186884213
2024-09-24,0.9870922401635404,1.4409227772935165
2024-09-25,0.9866342961278041,1.4402542865841692
2024-09-26,0.9853674189640745,1.438404943547141
2024-09-27,0.9860296177046082,1.439371598140811
2024-09-30,0.9865550721875548,1.4401386382431456
2024-10-01,0.9856127162468705,1.438763019953385
2024-10-03,0.9858330856289245,1.4405049100142413
2024-10-04,0.9859295024787749,1.440645794863454
2024-10-07,0.9854544173308304,1.4399515977440174
2024-10-08,0.9853952365387437,1.4398651224341277
2024-10-09,0.9860112201065252,1.4407652011257566
2024-10-10,0.9869705728095337,1.4421670127501225
2024-10-11,0.9875467421422612,1.443008914655113
2024-10-14,0.9881393505088895,1.443874837369909
2024-10-15,0.9882637953048646,1.4440566768133618
2024-10-16,0.9890076617344422,1.4451436186697693
2024-10-17,0.9883724037190011,1.4460718612939096
2024-10-18,0.9891233412643811,1.4449731765776257
2024-10-21,0.9886950395860274,1.4455988664293211
2024-10-22,0.9878417196871758,1.4468465294893056
2024-10-23,0.9881590072586934,1.446381812913207
2024-10-24,0.9880020026219039,1.4466116227409043
2024-10-25,0.9873717253714314,1.447534461352226
2024-10-28,0.9877361060037904,1.447000261811328
2024-10-29,0.9872695335129967,1.4476837748592246
2024-10-30,0.9881632054049541,1.4463733380898138
2024-10-31,0.9885932685165602,1.4457438552119648
2024-11-01,0.9882353795074279,1.4462672411708613
2024-11-04,0.9877757432116178,1.4469399118030488
2024-11-05,0.9879418947374196,1.4466965253099688
2024-11-06,0.9883447016444882,1.4461066734614632
2024-11-07,0.9880764896440113,1.4464991105971576
2024-11-08,0.987712654746108,1.4470317483653237
2024-11-11,0.9880970392240958,1.446468612375768
2024-11-12,0.9879231421332372,1.4467231791579007
2024-11-13,0.9876470139078812,1.447127543715228
2024-11-14,0.9876470139078812,1.4487378360818395
2024-11-15,0.9876470139078812,1.4483432255215645
2024-11-18,0.9876470139078812,1.4485017261156257
2024-11-19,0.9876470139078812,1.4489688979644433
2024-11-20,0.9876470139078812,1.448013173757749
2024-11-21,0.987561514629603,1.4481385263174698
2024-11-22,0.987033366697238,1.4489129908517013
2024-11-25,0.9875308868524664,1.4481826574704368
2024-11-26,0.9874379935262424,1.4483188825807833
2024-11-27,0.9877107509902983,1.4479188171709583
2024-11-28,0.9878920144736231,1.4481845374824045
2024-12-02,0.9882003748741107,1.4488706472433635
2024-12-03,0.9883924076914361,1.449152200174737
2024-12-04,0.9893659814091337,1.450579625642653
2024-12-05,0.9895948512794358,1.4509151879896736
2024-12-06,0.9892404615247478,1.4503955920389873
2024-12-09,0.9897057576520494,1.4510777956874217
2024-12-10,0.9902034436930828,1.4518074884852896
2024-12-11,0.9905241979318048,1.4522777690207755
2024-12-12,0.9912088881010422,1.4532816418322898
2024-12-13,0.9921989488232055,1.454733240066619
2024-12-16,0.9924911327647549,1.4551616316633746
2024-12-17,0.9924769977987102,1.4551409073872839
2024-12-18,0.9924863993073828,1.455154691605851
2024-12-19,0.9926641403537863,1.4554152903583835
2024-12-20,0.9924128391329522,1.4550468398176424
2024-12-23,0.992271812727801,1.4548400710042466
2024-12-24,0.9921977942972993,1.4547315473343152
2024-12-25,0.9924508330563891,1.4551025454031097
2024-12-26,0.9922969810515481,1.4553281187377303
2024-12-27,0.9923706298423536,1.4552201035384331
2024-12-30,0.992490068275613,1.4550449580796825
2024-12-31,0.9918007172952712,1.456055584483266
2025-01-01,0.9919425995614238,1.4558472881366635
2025-01-02,0.992063244790149,1.4556702204019543
2025-01-03,0.9917093400552036,1.4561895104635756
2025-01-06,0.9918053538115045,1.45604852739612
2025-01-07,0.9911293784916086,1.4570409125101023
2025-01-08,0.9900082167537865,1.4586891115817855
2025-01-09,0.9898557899303851,1.4584645242057963
2025-01-10,0.9900759524725747,1.4587889141428043
2025-01-13,0.9901144063429232,1.4588455725028322
2025-01-14,0.9900356734292179,1.4587295665525768
2025-01-15,0.9905425834548311,1.4594764534191709
2025-01-16,0.9905425834548311,1.4596925122257653
2025-01-17,0.9905425834548311,1.4613076789537012
2025-01-20,0.9905425834548311,1.4607866070882471
2025-01-21,0.9905425834548311,1.4622919825578793
2025-01-22,0.9905425834548311,1.4625329058088454
2025-01-23,0.9899191283072888,1.4634534353083406
2025-01-24,0.9900587813541658,1.463246978310633
2025-01-27,0.9901848138800609,1.4630607098625794
2025-01-29,0.9906900145836235,1.462044101477154
2025-01-30,0.9910498708238016,1.4625751714239457
2025-01-31,0.9908892638402541,1.462338150267484
2025-02-03,0.9916214219068071,1.4634186571533867
2025-02-04,0.9925997003817482,1.4648623845078919
2025-02-05,0.9923759897490131,1.4645322360192494
2025-02-06,0.9928973700698249,1.465301680559366
2025-02-07,0.9924941852517184,1.4647066670067508
2025-02-10,0.9926170155275682,1.4648879379165665
2025-02-11,0.9924504890396134,1.4646421808524293
2025-02-12,0.9933326335802003,1.4659440353207591
2025-02-13,0.9925904984587128,1.4648488044605532
2025-02-14,0.9929974524092087,1.465449380437031
2025-02-17,0.9930767767148592,1.4655664459484148
2025-02-18,0.9939517015011785,1.4668576456216162
2025-02-19,0.9941440955104924,1.4671415775502075
2025-02-20,0.9932418800060436,1.468473052418353
2025-02-21,0.9933854987936992,1.4682607171113764
2025-02-24,0.9931076903140829,1.468671328377593
2025-02-25,0.9929051801303257,1.468970813421853
2025-02-26,0.9932862831864527,1.4684069838865061
2025-02-27,0.992348192605104,1.4697937932933085
2025-02-28,0.9919422711484362,1.4703950145602191
2025-03-03,0.9919754571625671,1.4703458216271719
2025-03-04,0.9930121456091318,1.468809200418724
2025-03-05,0.9927819460621059,1.4691496989857347
2025-03-06,0.9929382159881203,1.4693809520979364
2025-03-07,0.9933238503396382,1.4699516258432623
2025-03-10,0.9929166327250863,1.4693490125118922
2025-03-11,0.9939129092832045,1.470823333646832
2025-03-12,0.9941390288107451,1.4711579523787084
2025-03-13,0.9932313677007865,1.4725011376086232
2025-03-14,0.9918723349507361,1.4745159524197269
2025-03-17,0.9918793793666129,1.474505480201459
2025-03-18,0.9919209381485892,1.4744436998549275
2025-03-19,0.9921982722145594,1.4740314558437382
2025-03-20,0.9921982722145594,1.4743090513438473
2025-03-21,0.9921982722145594,1.472029228663173
2025-03-24,0.9921982722145594,1.4727472749670534
2025-03-25,0.9921982722145594,1.4729936229964562
2025-03-26,0.9921982722145594,1.473066087862328
2025-03-28,0.9921982722145594,1.4737735425406262
2025-03-31,0.9921982722145594,1.4744070372148246
2025-04-01,0.9921982722145594,1.473135443265449
2025-04-02,0.9921982722145594,1.4728802232332185
2025-04-03,0.9921599969238415,1.472823405034361
2025-04-04,0.9935290559946026,1.4748557206372306
2025-04-07,0.9939170096269618,1.4754316229025692
2025-04-08,0.9928409308281791,1.4738342252596262
2025-04-09,0.9932677898274829,1.4744678810477785
2025-04-10,0.9936981212455178,1.4738290705874006
2025-04-11,0.9941574544003846,1.47314779873808
2025-04-14,0.9937102609900157,1.4738104523098854
2025-04-15,0.9928324050831101,1.4751124346502211
2025-04-16,0.9917773149002628,1.476680047311157
2025-04-17,0.9917773149002628,1.4762612491591627
2025-04-18,0.9917773149002628,1.4768439954409547
2025-04-21,0.9917773149002628,1.4769310194703302
2025-04-22,0.9917773149002628,1.4778670910839509
2025-04-23,0.9917773149002628,1.478527059680418
2025-04-24,0.9914187560202323,1.4790615939943705
2025-04-25,0.9910988371276678,1.4795388693578957
2025-04-28,0.9901099523735856,1.4810151029848266
2025-04-29,0.9908791813318075,1.4798644835995263
2025-04-30,0.9905594591151146,1.4803419843503904
2025-05-01,0.9912091423642854,1.481312903744907
2025-05-02,0.9910928966084569,1.4811391802280884
2025-05-05,0.9913795940163389,1.4815676352852654
2025-05-06,0.9914288769701652,1.481641286215546
2025-05-07,0.9905889652553593,1.4803860798136146
2025-05-08,0.9898613028829284,1.4814735351404293
2025-05-09,0.9900651840983913,1.4811683968103009
2025-05-12,0.9895690521126999,1.4819106257358863
2025-05-13,0.989839393650675,1.4815057808219836
2025-05-14,0.9900423072685691,1.4812020773122567
2025-05-15,0.9900423072685691,1.4817922724916746
2025-05-16,0.9900423072685691,1.4829469240807442
2025-05-19,0.9900423072685691,1.4823030446316328
2025-05-20,0.9900423072685691,1.483324388156066
2025-05-21,0.9900423072685691,1.4830116765647796
2025-05-22,0.9904783757321632,1.4823584775867724
2025-05-23,0.9897595070323352,1.4834343426814285
2025-05-27,0.9891166417561812,1.4854659431952744
2025-05-28,0.9896721091506879,1.4846317363259711
2025-05-29,0.989818585541552,1.4848514692016261
2025-05-30,0.988116554271888,1.4822982097778248
2025-06-02,0.9890558496999244,1.483707270202338
2025-06-03,0.9892851063836909,1.4840511838534731
2025-06-04,0.9895344572324035,1.4844252412610281
2025-06-05,0.9897561989955125,1.4847578815928477
2025-06-06,0.9899339668532257,1.4850245555758965
2025-06-09,0.9897475631684008,1.4847449267738921
2025-06-10,0.9900148292914717,1.4851458593299245
2025-06-11,0.9904989548291703,1.485872108085434
2025-06-12,0.9904989548291703,1.4866788568922409
2025-06-13,0.9904989548291703,1.4883205112006492
2025-06-16,0.9904989548291703,1.488197354909816
2025-06-17,0.9904989548291703,1.4879252292816576
2025-06-18,0.9904989548291703,1.4878505793312162
2025-06-19,0.9910915220854517,1.4869604708346322
2025-06-20,0.9915592711525651,1.4862586947044076
2025-06-23,0.9918089246203786,1.4858844864770269
2025-06-24,0.9910362155724279,1.4870421251697317
2025-06-25,0.990798587308588,1.4873986845294285
2025-06-26,0.990798587308588,1.488096557786469
2025-06-27,0.990798587308588,1.488038698117967
2025-06-30,0.990798587308588,1.4880246379706534
2025-07-01,0.990798587308588,1.488493353964145
2025-07-02,0.990798587308588,1.4885748129403331
2025-07-03,0.990798587308588,1.4892510831325487
2025-07-04,0.990798587308588,1.4893028087013216
2025-07-07,0.990798587308588,1.489059737779192
2025-07-08,0.990798587308588,1.4895695219566247
2025-07-09,0.990798587308588,1.4886362850771544
2025-07-10,0.990798587308588,1.4892726856314247
2025-07-11,0.990798587308588,1.4902935576720076
2025-07-14,0.990798587308588,1.4903729143269022
2025-07-15,0.990798587308588,1.4902333934407728
2025-07-16,0.990798587308588,1.4898265989439423
2025-07-17,0.9918304723482231,1.4913782056971137
2025-07-18,0.9910157100518844,1.4901530782529988
2025-07-21,0.9906498318820499,1.4896029209996735
2025-07-22,0.9912116947480135,1.4904477730749528
2025-07-24,0.9920818542216001,1.4904101758638684
2025-07-25,0.9919044936299921,1.4906766256829078
2025-07-28,0.9914081601962299,1.4914225368598466
2025-07-29,0.9905915143167704,1.4926510561702167
2025-07-30,0.9905893061539169,1.4926543834918904
2025-07-31,0.990362534398968,1.4923126759325884
2025-08-01,0.9898905480735198,1.4916014705387368
2025-08-04,0.9904335758755154,1.4924197236977113
2025-08-05,0.9907414505560938,1.4928836399631873
2025-08-06,0.9904063753861356,1.4923787370552615
2025-08-07,0.990002933639474,1.4917708170142345
2025-08-08,0.9902516300206644,1.4921455613621053
2025-08-11,0.9895968523752933,1.4911589196565025
2025-08-12,0.9900811607545706,1.4918886923491808
2025-08-13,0.9895901554744406,1.491148828533621
2025-08-14,0.9892688189587471,1.4916330295599658
2025-08-15,0.9881449684341223,1.49332758672248
2025-08-18,0.9881783107691318,1.493277198337915
2025-08-19,0.9884621576956192,1.4928482654838715
2025-08-20,0.9878137094124794,1.493827599783323
2025-08-21,0.9878197589351118,1.4938184513540314
2025-08-22,0.9879599905784558,1.4936063877519457
2025-08-25,0.9870056699179993,1.4950491379118858
2025-08-26,0.9879836368318398,1.4935677800676448
2025-08-27,0.9873910084985426,1.494463676063459
2025-08-28,0.9873910084985426,1.4940987037498585
2025-08-29,0.9873910084985426,1.494510043156939
2025-09-01,0.9873910084985426,1.493417756929085
2025-09-02,0.9873910084985426,1.4929731565612223
2025-09-03,0.9873910084985426,1.4931505563679175
2025-09-04,0.9868682298130412,1.4939411117592416
2025-09-05,0.9871756508899827,1.4934757315072589
2025-09-08,0.986156240147872,1.4950179749797428
2025-09-09,0.9863256356123268,1.4947611705770227
2025-09-10,0.9857114314350958,1.4956919874612065
2025-09-11,0.9853395944800002,1.49512777207662
2025-09-12,0.9855692821797167,1.4954762940082205
2025-09-15,0.9849067238070196,1.4944709457717436
2025-09-16,0.9849921170219111,1.4946005191369534
2025-09-17,0.9860171198105901,1.4961558307720437
2025-09-18,0.98692720249648,1.4975367657371894
2025-09-22,0.9864842478345817,1.4964410313308738
2025-09-23,0.986344254761142,1.49622866972484
2025-09-24,0.9860634770957919,1.4958027458238417
2025-09-25,0.9867042048176901,1.4967746936831858
2025-09-26,0.9872460428295198,1.497596631423212
2025-09-29,0.9872983296928394,1.4976759476493382
2025-09-30,0.9879284505369638,1.4986318054726278
2025-10-01,0.9871412854236765,1.497437720339955
2025-10-02,0.9875650024862221,1.4967949654257635
2025-10-03,0.9878950156362064,1.4962947836451443
2025-10-06,0.9872564428898587,1.4972619846677377
2025-10-07,0.988117811182384,1.4959556432318477
2025-10-08,0.9887772066002272,1.4949573550871744
2025-10-09,0.9887772066002272,1.495765668758352
2025-10-10,0.9887772066002272,1.4955633508103154
2025-10-13,0.9887772066002272,1.4956333110425228
2025-10-14,0.9887772066002272,1.4971553679875955
2025-10-15,0.9887772066002272,1.4972621467786367
2025-10-16,0.9887772066002272,1.4970086927724993
2025-10-17,0.9887772066002272,1.4976163004632
2025-10-20,0.9887772066002272,1.4969536593113633
2025-10-21,0.9887772066002272,1.4979370793081597
2025-10-22,0.9887772066002272,1.4988800720700224
2025-10-23,0.9886909500274541,1.499010827772269
2025-10-24,0.9882529908589555,1.4996748426858102
2025-10-27,0.9877698763991936,1.5004079693326753
2025-10-28,0.9879240571991542,1.50017377095661
2025-10-29,0.9880816369491859,1.49993448433725
2025-10-30,0.9880816369491859,1.4997162044239065
2025-10-31,0.9880816369491859,1.499377768889129
2025-11-03,0.9880816369491859,1.49899279988087
2025-11-04,0.9880816369491859,1.4997388584432596
2025-11-05,0.9880816369491859,1.4988628001360953
2025-11-06,0.9885430520210277,1.499562740162044
2025-11-07,0.9875829589639887,1.498106334421818
2025-11-10,0.9878200985811925,1.4984660615307668
2025-11-11,0.9885648722835452,1.4995958402405736
2025-11-12,0.9883583867689844,1.4992826136356368
2025-11-13,0.9883583867689844,1.499768720550369
2025-11-14,0.9883583867689844,1.5000375506694106
2025-11-17,0.9883583867689844,1.4999756252774907
2025-11-19,0.9883583867689844,1.5010432186511546
2025-11-20,0.9885990249832611,1.501408681589016
2025-11-21,0.9887968378510572,1.5017091046620046
2025-11-24,0.9888054812897755,1.5017222316564711
2025-11-25,0.9899874066989752,1.5035172496825036
2025-11-26,0.9899741175530081,1.5034970671427461
2025-11-27,0.9896930789355703,1.5039238871268037
2025-11-28,0.9899772276048207,1.5034920987468745
2025-12-01,0.9902016539123281,1.5031512594117067
2025-12-02,0.9896983609552534,1.5039152709029928
2025-12-03,0.9893436375778404,1.5044542976663824
2025-12-04,0.9900573417030686,1.5055395982613209
2025-12-05,0.9895656878450501,1.5047919604016677
2025-12-08,0.9888264651177902,1.503667854715112
2025-12-09,0.9889985464283612,1.503929531707214
2025-12-10,0.9888635677675701,1.5037242751930897
2025-12-11,0.9888635677675701,1.5044407249289342
2025-12-12,0.9888635677675701,1.5058763507292827
2025-12-15,0.9888635677675701,1.5065622603801645
2025-12-16,0.9888635677675701,1.5066363373889997
2025-12-17,0.9888635677675701,1.5075215263579327
2025-12-18,0.9888635677675701,1.5072496802487465
2025-12-19,0.9888635677675701,1.5073884917709184
2025-12-22,0.9888635677675701,1.5090642062277981
2025-12-23,0.9888635677675701,1.5093778429262374
2025-12-24,0.9888635677675701,1.5092840117331625
2025-12-25,0.9888635677675701,1.5095479348493674
2025-12-26,0.9888635677675701,1.509133591623353
2025-12-29,0.9888635677675701,1.5103111132363325
2025-12-30,0.9888635677675701,1.5100827028336528
2025-12-31,0.9888635677675701,1.5113545678310172
2026-01-01,0.9888635677675701,1.5126207911034497
2026-01-02,0.9888635677675701,1.513108683324281
2026-01-05,0.9888635677675701,1.513976555899247
2026-01-06,0.9888635677675701,1.514175373058369
2026-01-07,0.9888635677675701,1.5143362653587822
2026-01-08,0.9888635677675701,1.513585043089867
2026-01-09,0.9888635677675701,1.5138353850161852
2026-01-12,0.9888635677675701,1.5149908167459687
2026-01-13,0.9888635677675701,1.514445508358624
2026-01-14,0.9888635677675701,1.5148959169409226
2026-01-16,0.9888635677675701,1.514614717044951
2026-01-19,0.9888635677675701,1.5146856542903495
2026-01-20,0.9888635677675701,1.51477557162415
2026-01-21,0.9888635677675701,1.5145566196161897
2026-01-22,0.988614424989683,1.5149382100152882
2026-01-23,0.98924083209929,1.5139783129701092
2026-01-26,0.98924083209929,1.5142533442921504
2026-01-27,0.98924083209929,1.514800624871414
2026-01-28,0.98924083209929,1.5148569239617298
2026-01-29,0.9892197891589569,1.5148247002171877
2026-01-30,0.9891422782822719,1.5147060052700942
2026-02-02,0.9884341741441297,1.513621662184221
2026-02-03,0.9890812931197437,1.5146126166909768
2026-02-04,0.9895560171243736,1.515339577125736
2026-02-05,0.9897566828566076,1.5156468631414493
2026-02-06,0.9896247580063062,1.5154448422922921
2026-02-09,0.990690669546858,1.517077107586183
2026-02-10,0.9914386299650362,1.5182224839005858
2026-02-11,0.9916054335886537,1.5184779157590167
2026-02-12,0.9908428968636025,1.5196456132500993
2026-02-13,0.9905014963613598,1.5201692157073978
2026-02-16,0.9902653134718136,1.5205316966923168
2026-02-17,0.989863633091257,1.5211484685233267
2026-02-18,0.9891957087319203,1.5221748847713121
2026-02-19,0.9890039769966763,1.5218798478747446
2026-02-20,0.9887588050918281,1.5215025772166562
2026-02-23,0.9892911766520408,1.5223217908577678
2026-02-24,0.9889181691394041,1.5217478066981576
2026-02-25,0.9884104888446298,1.5209665879894863
2026-02-26,0.9884104888446298,1.5198121213996152
2026-02-27,0.9884104888446298,1.520018654075265
2026-03-02,0.9884104888446298,1.519095294575728
2026-03-03,0.9884104888446298,1.5199622859474144
2026-03-04,0.9884104888446298,1.520516333645253
2026-03-05,0.9884104888446298,1.5215585365992335
2026-03-06,0.9884104888446298,1.5219045913847589
2026-03-09,0.9884104888446298,1.5214644948902734
2026-03-10,0.9884104888446298,1.5225589326935145
2026-03-11,0.9884104888446298,1.5233346585552079
2026-03-12,0.9876628587215741,1.5221824137226365
2026-03-13,0.9874661580966715,1.5218792594333455
